Num_Acc,id_vehicule,num_veh,senc,catv,obs,obsm,choc,manv,motor,occutc
202400000001,155 781 758,A01,1.0,7.0,0,2,1,13,1.0,
202400000002,155 781 757,A01,1.0,10.0,0,1,3,15,1.0,
202400000003,155 781 756,A01,3.0,3.0,9,1,1,1,1.0,
202400000004,155 781 754,B01,3.0,34.0,0,2,0,0,1.0,
202400000005,155 781 750,A01,3.0,7.0,0,2,1,9,1.0,
202400000006,155 781 748,A01,3.0,7.0,0,2,1,1,1.0,
202400000007,155 781 746,A01,2.0,7.0,0,2,2,15,1.0,
202400000008,155 781 742,A01,1.0,7.0,0,2,1,2,1.0,
202400000009,155 781 741,A01,1.0,7.0,6,5,2,14,1.0,
202400000010,155 781 740,A01,1.0,33.0,12,0,8,18,1.0,
202400000011,155 781 738,B01,2.0,7.0,0,2,4,1,1.0,
202400000012,155 781 737,A01,1.0,33.0,0,0,7,1,1.0,
202400000013,155 781 736,A01,2.0,2.0,0,1,2,1,1.0,
202400000014,155 781 734,Z01,2.0,1.0,0,2,2,17,5.0,
202400000015,155 781 732,A01,3.0,80.0,0,2,1,1,3.0,
202400000016,155 781 730,B01,2.0,50.0,1,0,2,22,3.0,
202400000017,155 781 729,A01,1.0,7.0,0,1,4,26,1.0,
202400000018,155 781 727,A01,2.0,7.0,0,2,3,9,1.0,
202400000019,155 781 726,A01,2.0,7.0,0,1,1,16,2.0,
202400000020,155 781 724,A01,0.0,2.0,0,2,1,17,1.0,
202400000021,155 781 723,A01,0.0,50.0,0,1,1,26,3.0,
202400000022,155 781 722,A01,1.0,7.0,2,0,1,1,1.0,
202400000023,155 781 720,A01,0.0,7.0,0,2,0,0,0.0,
202400000024,155 781 719,A01,3.0,2.0,8,0,1,14,1.0,
202400000025,155 781 715,D01,1.0,7.0,0,2,1,2,0.0,
202400000026,155 781 714,A01,3.0,50.0,0,1,1,1,3.0,
202400000027,155 781 713,A01,1.0,1.0,0,1,7,12,5.0,
202400000028,155 781 712,A01,1.0,7.0,0,1,1,0,1.0,
202400000029,155 781 708,A01,2.0,10.0,0,1,8,15,1.0,
202400000030,155 781 704,A01,1.0,10.0,0,2,1,16,1.0,
202400000031,155 781 702,A01,3.0,7.0,0,2,8,10,1.0,
202400000032,155 781 700,A01,1.0,33.0,0,2,1,1,1.0,
202400000033,155 781 699,A01,3.0,7.0,0,1,1,15,1.0,
202400000034,155 781 698,A01,2.0,33.0,0,1,1,1,1.0,
202400000035,155 781 696,A01,1.0,10.0,0,2,2,16,1.0,
202400000036,155 781 694,B01,1.0,7.0,0,2,5,15,2.0,
202400000037,155 781 693,A01,1.0,7.0,0,0,0,1,1.0,
202400000038,155 781 690,A01,2.0,7.0,3,2,2,11,1.0,
202400000039,155 781 688,A01,1.0,33.0,0,2,1,17,1.0,
202400000040,155 781 685,A01,2.0,7.0,0,2,1,1,1.0,
202400000041,155 781 684,A01,1.0,7.0,15,0,1,1,1.0,
202400000042,155 781 682,A01,1.0,7.0,0,2,3,1,1.0,
202400000043,155 781 681,A01,2.0,10.0,0,1,3,1,0.0,
202400000044,155 781 677,A01,2.0,32.0,0,2,2,3,1.0,
202400000045,155 781 676,B01,3.0,32.0,0,2,1,1,1.0,
202400000046,155 781 675,A01,1.0,7.0,4,0,3,1,1.0,
202400000047,155 781 674,A01,2.0,7.0,0,1,7,1,1.0,
202400000048,155 781 669,B01,1.0,7.0,0,0,4,23,1.0,
202400000049,155 781 670,A01,1.0,7.0,6,0,2,1,1.0,
202400000050,155 781 668,A01,1.0,7.0,4,0,1,26,1.0,
202400000051,155 781 666,A01,1.0,7.0,0,0,0,15,1.0,
202400000052,155 781 664,A01,2.0,34.0,0,2,8,11,0.0,
202400000053,155 781 663,A01,1.0,10.0,13,0,1,1,1.0,
202400000054,155 781 660,A01,1.0,7.0,0,2,3,1,1.0,
202400000055,155 781 654,A01,1.0,43.0,0,2,5,17,1.0,
202400000056,155 781 651,A01,2.0,33.0,0,2,3,18,1.0,
202400000057,155 781 650,B01,1.0,7.0,0,2,3,16,1.0,
202400000058,155 781 647,A01,1.0,7.0,0,2,7,0,1.0,
202400000059,155 781 646,B01,2.0,7.0,0,2,3,13,1.0,
202400000060,155 781 643,A01,1.0,7.0,4,2,6,11,1.0,
202400000061,155 781 642,A01,2.0,7.0,0,2,4,11,1.0,
202400000062,155 781 640,A01,1.0,31.0,12,0,7,26,1.0,
202400000063,155 781 639,B01,2.0,7.0,0,2,5,1,1.0,
202400000064,155 781 637,A01,3.0,7.0,0,9,6,10,1.0,
202400000065,155 781 636,A01,2.0,7.0,0,0,1,0,1.0,
202400000066,155 781 635,A01,1.0,7.0,12,0,3,1,1.0,
202400000067,155 781 633,A01,2.0,7.0,4,0,3,1,1.0,
202400000068,155 781 632,A01,1.0,7.0,0,2,7,15,1.0,
202400000069,155 781 631,A01,1.0,7.0,2,0,3,17,1.0,
202400000070,155 781 628,A01,1.0,7.0,2,0,1,1,1.0,
202400000071,155 781 629,B01,1.0,7.0,0,2,7,19,1.0,
202400000072,155 781 624,B01,2.0,7.0,0,2,3,26,1.0,
202400000073,155 781 625,A01,1.0,10.0,0,2,2,19,1.0,
202400000074,155 781 622,A01,3.0,1.0,0,2,3,12,5.0,
202400000075,155 781 621,A01,0.0,33.0,0,2,1,1,1.0,
202400000076,155 781 618,B01,1.0,2.0,0,2,1,1,1.0,
202400000077,155 781 616,B01,2.0,10.0,0,2,1,1,1.0,
202400000078,155 781 614,A01,2.0,50.0,0,2,8,19,3.0,
202400000079,155 781 613,A01,1.0,7.0,0,1,2,9,1.0,
202400000080,155 781 610,B01,2.0,2.0,0,2,6,11,1.0,
202400000081,155 781 609,B01,2.0,1.0,1,0,1,1,5.0,
202400000082,155 781 608,A01,3.0,7.0,0,1,1,15,1.0,
202400000083,155 781 607,A01,2.0,7.0,4,0,9,0,0.0,
202400000084,155 781 606,A01,1.0,7.0,3,0,3,0,1.0,
202400000085,155 781 604,B01,1.0,15.0,0,2,2,1,1.0,
202400000086,155 781 603,A01,1.0,10.0,2,0,9,26,1.0,
202400000087,155 781 601,A01,3.0,10.0,0,2,6,4,0.0,
202400000088,155 781 600,A01,0.0,10.0,0,1,2,1,1.0,
202400000089,155 781 599,A01,2.0,7.0,0,0,0,1,1.0,
202400000090,155 781 597,B01,1.0,17.0,0,0,5,1,1.0,
202400000091,155 781 595,A01,1.0,37.0,0,1,6,1,1.0,1
202400000092,155 781 594,A01,1.0,10.0,0,0,0,1,1.0,
202400000093,155 781 590,B01,1.0,7.0,3,0,4,2,1.0,
202400000094,155 781 589,A01,3.0,7.0,0,1,1,1,1.0,
202400000095,155 781 587,B01,2.0,7.0,0,2,3,11,1.0,
202400000096,155 781 585,A01,1.0,7.0,0,2,4,23,0.0,
202400000097,155 781 583,A01,2.0,7.0,0,2,3,11,1.0,
202400000098,155 781 581,A01,2.0,7.0,0,2,2,2,1.0,
202400000099,155 781 579,B01,2.0,7.0,0,2,4,2,1.0,
202400000100,155 781 578,A01,1.0,33.0,0,2,1,2,1.0,
202400000101,155 781 575,B01,2.0,7.0,0,2,1,2,1.0,
202400000102,155 781 573,A01,2.0,7.0,0,2,2,1,1.0,
202400000103,155 781 571,A01,2.0,33.0,0,2,7,3,1.0,
202400000104,155 781 569,A01,2.0,1.0,0,2,3,21,5.0,
202400000105,155 781 567,B01,1.0,32.0,0,2,1,1,1.0,
202400000106,155 781 564,B01,3.0,7.0,0,2,3,2,1.0,
202400000107,155 781 562,A01,3.0,10.0,0,2,2,1,1.0,
202400000108,155 781 560,A01,3.0,2.0,0,2,3,1,1.0,
202400000109,155 781 557,A01,0.0,7.0,0,1,7,1,1.0,
202400000110,155 781 555,A01,3.0,7.0,0,2,3,15,1.0,
202400000111,155 781 553,B01,1.0,7.0,0,2,1,0,1.0,
202400000112,155 781 551,A01,1.0,7.0,0,2,8,13,1.0,
202400000113,155 781 549,A01,2.0,7.0,8,0,1,0,1.0,
202400000114,155 781 547,B01,1.0,7.0,0,2,1,1,1.0,
202400000115,155 781 546,A01,2.0,50.0,0,0,1,26,3.0,
202400000116,155 781 545,A01,1.0,10.0,0,1,8,1,1.0,
202400000117,155 781 543,B01,1.0,33.0,0,2,1,1,1.0,
202400000118,155 781 542,A01,1.0,33.0,13,0,1,1,1.0,
202400000119,155 781 540,B01,3.0,33.0,0,2,7,1,1.0,
202400000120,155 781 538,A01,1.0,33.0,0,2,1,17,1.0,
202400000121,155 781 536,A01,3.0,7.0,0,2,7,20,1.0,
202400000122,155 781 534,A01,1.0,7.0,0,2,1,17,1.0,
202400000123,155 781 533,A01,2.0,99.0,1,0,1,1,0.0,
202400000124,155 781 531,A01,3.0,7.0,0,9,6,10,1.0,
202400000125,155 781 529,A01,1.0,7.0,0,2,8,10,1.0,
202400000126,155 781 528,A01,1.0,3.0,2,0,3,1,1.0,
202400000127,155 781 526,A01,2.0,7.0,0,2,2,15,1.0,
202400000128,155 781 525,A01,2.0,7.0,15,0,1,14,1.0,
202400000129,155 781 524,A01,2.0,7.0,0,1,2,1,1.0,
202400000130,155 781 522,A01,1.0,7.0,0,9,7,17,1.0,
202400000131,155 781 520,A01,3.0,7.0,0,2,2,19,1.0,
202400000132,155 781 519,A01,1.0,7.0,0,1,2,1,1.0,
202400000133,155 781 518,A01,3.0,7.0,6,0,1,26,1.0,
202400000134,155 781 516,B01,1.0,2.0,0,2,3,9,1.0,
202400000135,155 781 514,A01,1.0,7.0,0,2,1,9,1.0,
202400000136,155 781 512,A01,1.0,7.0,0,2,3,15,1.0,
202400000137,155 781 510,B01,3.0,7.0,0,2,7,15,1.0,
202400000138,155 781 508,A01,1.0,32.0,12,0,0,18,1.0,
202400000139,155 781 506,B01,1.0,7.0,0,2,4,2,1.0,
202400000140,155 781 505,A01,2.0,7.0,5,0,3,1,1.0,
202400000141,155 781 503,A01,0.0,7.0,0,2,2,15,1.0,
202400000142,155 781 500,B01,1.0,7.0,1,0,4,24,1.0,
202400000143,155 781 497,A01,2.0,7.0,0,2,1,2,1.0,
202400000144,155 781 495,B01,3.0,1.0,0,2,8,19,5.0,
202400000145,155 781 492,A01,3.0,7.0,0,2,1,1,1.0,
202400000146,155 781 490,B01,1.0,1.0,0,2,8,1,5.0,
202400000147,155 781 489,A01,2.0,7.0,0,1,1,16,1.0,
202400000148,155 781 488,A01,3.0,50.0,0,1,7,26,3.0,
202400000149,155 781 486,B01,2.0,7.0,0,0,3,24,2.0,
202400000150,155 781 484,A01,1.0,33.0,0,2,1,2,1.0,
202400000151,155 781 482,B01,1.0,7.0,0,2,2,1,1.0,
202400000152,155 781 479,C01,1.0,7.0,0,2,4,23,1.0,
202400000153,155 781 477,B01,2.0,32.0,0,2,2,17,1.0,
202400000154,155 781 475,B01,2.0,7.0,0,2,1,1,1.0,
202400000155,155 781 473,A01,3.0,37.0,0,2,4,23,1.0,1
202400000156,155 781 472,A01,2.0,7.0,0,1,1,16,0.0,
202400000157,155 781 471,A01,1.0,7.0,0,1,1,1,1.0,
202400000158,155 781 469,A01,1.0,7.0,0,2,1,16,1.0,
202400000159,155 781 468,A01,1.0,7.0,2,0,1,0,1.0,
202400000160,155 781 467,A01,1.0,33.0,4,0,3,3,1.0,
202400000161,155 781 466,A01,1.0,2.0,13,0,1,1,1.0,
202400000162,155 781 465,A01,1.0,10.0,13,0,3,13,1.0,
202400000163,155 781 463,A01,0.0,7.0,0,2,1,15,1.0,
202400000164,155 781 461,A01,2.0,14.0,0,2,1,0,1.0,
202400000165,155 781 460,A01,1.0,7.0,2,0,1,26,1.0,
202400000166,155 781 459,A01,1.0,7.0,2,0,1,0,1.0,
202400000167,155 781 458,A01,0.0,7.0,13,0,1,0,1.0,
202400000168,155 781 456,A01,3.0,7.0,0,2,7,15,1.0,
202400000169,155 781 454,A01,2.0,2.0,0,2,8,15,1.0,
202400000170,155 781 452,B01,2.0,7.0,0,0,3,13,1.0,
202400000171,155 781 450,A01,1.0,33.0,3,2,2,12,1.0,
202400000172,155 781 448,A01,2.0,7.0,0,2,1,3,1.0,
202400000173,155 781 446,A01,2.0,7.0,0,0,1,0,1.0,
202400000174,155 781 445,A01,1.0,7.0,0,0,1,1,1.0,
202400000175,155 781 442,A01,2.0,33.0,0,2,1,2,1.0,
202400000176,155 781 441,A01,1.0,10.0,0,2,1,5,1.0,
202400000177,155 781 439,A01,2.0,10.0,0,2,1,1,1.0,
202400000178,155 781 437,A01,1.0,7.0,0,2,5,9,1.0,
202400000179,155 781 436,A01,1.0,7.0,4,0,8,1,1.0,
202400000180,155 781 435,A01,1.0,30.0,15,0,1,13,1.0,
202400000181,155 781 433,B01,3.0,50.0,0,2,8,25,3.0,
202400000182,155 781 431,B01,2.0,30.0,0,2,5,16,0.0,
202400000183,155 781 428,B01,1.0,7.0,0,2,1,15,1.0,
202400000184,155 781 425,C01,2.0,7.0,0,2,5,2,1.0,
202400000185,155 781 426,A01,1.0,33.0,0,0,0,0,1.0,
202400000186,155 781 423,A01,1.0,7.0,6,0,1,15,1.0,
202400000187,155 781 421,B01,1.0,7.0,0,2,6,2,1.0,
202400000188,155 781 418,B01,3.0,7.0,0,2,3,0,1.0,
202400000189,155 781 417,A01,1.0,3.0,0,2,4,26,6.0,
202400000190,155 781 416,A01,1.0,7.0,6,0,1,2,1.0,
202400000191,155 781 415,A01,1.0,33.0,14,0,3,11,1.0,
202400000192,155 781 413,B01,1.0,10.0,0,2,3,21,1.0,
202400000193,155 781 411,A01,3.0,7.0,14,0,1,2,1.0,
202400000194,155 781 409,A01,3.0,7.0,0,2,2,9,1.0,
202400000195,155 781 408,A01,2.0,2.0,0,0,0,0,0.0,
202400000196,155 781 405,A01,2.0,7.0,0,2,8,16,1.0,
202400000197,155 781 404,B01,1.0,1.0,0,2,4,1,5.0,
202400000198,155 781 403,A01,2.0,7.0,17,0,1,1,1.0,
202400000199,155 781 401,B01,2.0,7.0,0,2,1,2,1.0,
202400000200,155 781 400,A01,0.0,1.0,0,0,0,0,5.0,
202400000201,155 781 399,A01,1.0,1.0,0,0,8,1,5.0,
202400000202,155 781 398,A01,0.0,10.0,0,1,4,4,1.0,
202400000203,155 781 397,A01,1.0,7.0,13,0,0,1,1.0,
202400000204,155 781 394,B01,2.0,10.0,11,2,1,1,1.0,
202400000205,155 781 393,A01,1.0,7.0,0,2,3,13,1.0,
202400000206,155 781 392,A01,2.0,7.0,17,0,1,1,1.0,
202400000207,155 781 390,A01,2.0,7.0,0,2,3,13,1.0,
202400000208,155 781 388,A01,2.0,7.0,0,2,1,2,1.0,
202400000209,155 781 387,A01,1.0,7.0,13,0,1,1,1.0,
202400000210,155 781 386,A01,2.0,33.0,16,0,0,1,1.0,
202400000211,155 781 385,A01,1.0,32.0,0,0,0,0,1.0,
202400000212,155 781 384,A01,2.0,10.0,2,0,2,1,1.0,
202400000213,155 781 382,A01,1.0,7.0,0,2,1,1,1.0,
202400000214,155 781 380,B01,1.0,33.0,0,2,1,1,1.0,
202400000215,155 781 378,B01,2.0,33.0,0,2,1,1,1.0,
202400000216,155 781 377,A01,2.0,7.0,1,0,1,14,1.0,
202400000217,155 781 375,B01,0.0,10.0,0,2,2,1,1.0,
202400000218,155 781 373,A01,1.0,7.0,0,0,7,10,1.0,
202400000219,155 781 372,A01,1.0,7.0,13,0,1,0,1.0,
202400000220,155 781 370,A01,2.0,2.0,0,2,1,2,1.0,
202400000221,155 781 368,A01,3.0,7.0,0,2,1,1,1.0,
202400000222,155 781 366,A01,2.0,7.0,0,2,3,13,1.0,
202400000223,155 781 365,A01,1.0,7.0,6,0,2,1,1.0,
202400000224,155 781 363,A01,2.0,7.0,0,2,4,12,1.0,
202400000225,155 781 361,A01,1.0,7.0,0,2,1,2,1.0,
202400000226,155 781 359,A01,1.0,7.0,0,2,1,1,1.0,
202400000227,155 781 357,A01,1.0,7.0,0,2,1,2,1.0,
202400000228,155 781 355,A01,2.0,7.0,0,2,1,2,1.0,
202400000229,155 781 354,A01,1.0,7.0,4,0,1,1,1.0,
202400000230,155 781 353,A01,2.0,7.0,0,1,1,1,1.0,
202400000231,155 781 351,A01,1.0,7.0,0,2,0,1,1.0,
202400000232,155 781 350,A01,1.0,7.0,0,1,1,1,2.0,
202400000233,155 781 348,A01,1.0,7.0,0,2,0,0,1.0,
202400000234,155 781 346,B01,1.0,7.0,0,2,3,0,1.0,
202400000235,155 781 344,B01,1.0,1.0,0,2,1,1,5.0,
202400000236,155 781 343,A01,1.0,7.0,0,1,1,1,1.0,
202400000237,155 781 341,A01,2.0,31.0,0,2,2,2,1.0,
202400000238,155 781 339,A01,2.0,2.0,3,2,1,1,1.0,
202400000239,155 781 337,A01,2.0,7.0,1,2,2,1,1.0,
202400000240,155 781 335,B01,1.0,31.0,0,2,1,1,1.0,
202400000241,155 781 334,A01,1.0,7.0,4,0,0,0,1.0,
202400000242,155 781 331,A01,2.0,7.0,0,2,1,15,1.0,
202400000243,155 781 329,B01,2.0,7.0,0,2,8,0,1.0,
202400000244,155 781 328,A01,2.0,7.0,0,1,3,1,1.0,
202400000245,155 781 327,A01,1.0,50.0,0,0,0,3,3.0,
202400000246,155 781 326,A01,2.0,7.0,0,1,1,1,1.0,
202400000247,155 781 324,A01,1.0,7.0,14,0,6,1,1.0,
202400000248,155 781 322,Z01,1.0,7.0,0,2,4,4,1.0,
202400000249,155 781 320,B01,1.0,7.0,0,9,2,1,1.0,
202400000250,155 781 319,A01,1.0,7.0,1,0,1,5,1.0,
202400000251,155 781 315,A01,3.0,7.0,0,2,6,1,1.0,
202400000252,155 781 313,A01,2.0,30.0,0,2,2,2,1.0,
202400000253,155 781 312,A01,1.0,33.0,0,0,7,1,6.0,
202400000254,155 781 311,A01,2.0,7.0,6,0,1,26,1.0,
202400000255,155 781 308,Z01,0.0,10.0,0,1,2,1,0.0,
202400000256,155 781 307,A01,1.0,17.0,0,0,0,1,1.0,
202400000257,155 781 305,B01,1.0,1.0,0,2,1,1,5.0,
202400000258,155 781 303,A01,2.0,30.0,0,2,1,2,1.0,
202400000259,155 781 301,A01,1.0,7.0,0,2,2,16,1.0,
202400000260,155 781 300,A01,1.0,7.0,0,1,1,1,1.0,
202400000261,155 781 299,A01,1.0,7.0,0,1,3,1,1.0,
202400000262,155 781 298,A01,1.0,31.0,0,5,1,1,1.0,
202400000263,155 781 296,A01,3.0,7.0,17,2,7,6,1.0,
202400000264,155 781 294,A01,1.0,7.0,0,2,1,1,1.0,
202400000265,155 781 293,A01,3.0,7.0,0,1,0,0,0.0,
202400000266,155 781 292,A01,1.0,33.0,0,0,8,1,1.0,
202400000267,155 781 291,A01,1.0,7.0,7,0,1,15,1.0,
202400000268,155 781 290,A01,3.0,7.0,2,0,2,21,1.0,
202400000269,155 781 288,A01,2.0,7.0,0,2,1,2,3.0,
202400000270,155 781 286,A01,2.0,7.0,0,2,3,16,1.0,
202400000271,155 781 285,A01,1.0,43.0,0,2,1,0,0.0,
202400000272,155 781 283,B01,1.0,33.0,0,2,1,16,1.0,
202400000273,155 781 281,A01,1.0,33.0,0,2,2,17,1.0,
202400000274,155 781 279,B01,3.0,7.0,0,2,0,0,1.0,
202400000275,155 781 278,A01,0.0,7.0,0,1,7,1,1.0,
202400000276,155 781 276,A01,2.0,7.0,0,9,3,1,1.0,
202400000277,155 781 274,A01,1.0,7.0,0,2,6,9,1.0,
202400000278,155 781 271,A01,2.0,7.0,0,2,1,2,1.0,
202400000279,155 781 270,B01,3.0,7.0,0,1,1,1,1.0,
202400000280,155 781 269,A01,3.0,7.0,0,1,2,1,1.0,
202400000281,155 781 267,A01,3.0,7.0,0,2,3,1,1.0,
202400000282,155 781 266,A01,0.0,34.0,0,1,1,26,1.0,
202400000283,155 781 265,A01,1.0,7.0,1,0,2,26,2.0,
202400000284,155 781 263,A01,2.0,7.0,0,2,1,13,1.0,
202400000285,155 781 261,A01,1.0,7.0,0,2,1,15,1.0,
202400000286,155 781 260,A01,3.0,10.0,0,1,3,25,1.0,
202400000287,155 781 259,A01,2.0,7.0,0,1,3,1,1.0,
202400000288,155 781 258,A01,1.0,7.0,0,1,3,1,0.0,
202400000289,155 781 256,B01,2.0,7.0,0,2,1,1,1.0,
202400000290,155 781 254,B01,2.0,1.0,0,2,3,1,5.0,
202400000291,155 781 251,B01,2.0,30.0,1,0,1,1,1.0,
202400000292,155 781 249,B01,2.0,7.0,0,0,3,15,2.0,
202400000293,155 781 247,A01,1.0,32.0,0,2,1,3,1.0,
202400000294,155 781 245,B01,1.0,33.0,0,2,7,3,1.0,
202400000295,155 781 242,C01,2.0,15.0,0,2,1,1,1.0,
202400000296,155 781 240,B01,2.0,7.0,0,2,6,11,1.0,
202400000297,155 781 239,A01,1.0,80.0,0,0,0,0,3.0,
202400000298,155 781 236,C01,1.0,7.0,0,2,4,1,1.0,
202400000299,155 781 234,B01,3.0,1.0,0,2,7,19,5.0,
202400000300,155 781 232,B01,2.0,33.0,0,2,1,3,1.0,
202400000301,155 781 231,A01,1.0,2.0,16,0,2,2,1.0,
202400000302,155 781 227,A01,3.0,7.0,0,2,2,1,1.0,
202400000303,155 781 226,C01,2.0,10.0,0,2,5,2,1.0,
202400000304,155 781 223,A01,1.0,7.0,0,2,6,15,1.0,
202400000305,155 781 222,A01,2.0,33.0,0,2,1,3,1.0,
202400000306,155 781 218,A01,2.0,10.0,0,2,1,1,1.0,
202400000307,155 781 219,B01,1.0,7.0,0,0,2,9,2.0,
202400000308,155 781 215,A01,2.0,10.0,0,2,1,0,1.0,
202400000309,155 781 214,A01,3.0,30.0,0,2,1,1,1.0,
202400000310,155 781 210,A01,2.0,7.0,0,2,1,2,1.0,
202400000311,155 781 209,B01,2.0,0.0,0,2,1,0,0.0,
202400000312,155 781 208,A01,1.0,7.0,3,0,1,1,2.0,
202400000313,155 781 206,B01,3.0,1.0,0,2,4,1,5.0,
202400000314,155 781 204,A01,1.0,10.0,1,0,3,1,1.0,
202400000315,155 781 202,A01,1.0,10.0,0,2,2,2,1.0,
202400000316,155 781 200,A01,1.0,7.0,0,2,2,22,1.0,
202400000317,155 781 199,A01,3.0,7.0,11,0,1,2,1.0,
202400000318,155 781 197,B01,1.0,1.0,0,2,7,2,5.0,
202400000319,155 781 192,A01,1.0,7.0,1,2,6,16,1.0,
202400000320,155 781 191,A01,3.0,7.0,0,2,2,16,2.0,
202400000321,155 781 188,A01,1.0,10.0,0,2,3,1,1.0,
202400000322,155 781 187,B01,2.0,60.0,0,2,8,19,5.0,
202400000323,155 781 186,A01,0.0,1.0,0,2,0,0,5.0,
202400000324,155 781 185,A01,2.0,33.0,0,1,1,1,1.0,
202400000325,155 781 184,A01,1.0,7.0,0,1,3,19,1.0,
202400000326,155 781 182,A01,3.0,32.0,0,2,7,3,0.0,
202400000327,155 781 181,A01,1.0,50.0,0,0,0,0,3.0,
202400000328,155 781 179,A01,3.0,7.0,0,2,7,19,1.0,
202400000329,155 781 178,A01,3.0,7.0,0,1,2,1,1.0,
202400000330,155 781 177,A01,0.0,7.0,0,1,8,1,2.0,
202400000331,155 781 176,A01,3.0,7.0,0,1,0,0,0.0,
202400000332,155 781 173,B01,1.0,37.0,0,2,3,2,1.0,1
202400000333,155 781 172,B01,3.0,7.0,0,2,1,1,1.0,
202400000334,155 781 170,A01,1.0,7.0,0,2,1,26,1.0,
202400000335,155 781 168,A01,3.0,7.0,0,2,8,6,1.0,
202400000336,155 781 165,A01,1.0,7.0,0,2,1,2,1.0,
202400000337,155 781 163,B01,1.0,31.0,0,2,1,1,1.0,
202400000338,155 781 161,B01,0.0,7.0,0,2,2,1,1.0,
202400000339,155 781 157,A01,1.0,7.0,0,2,2,2,1.0,
202400000340,155 781 156,A01,3.0,33.0,0,2,1,1,0.0,
202400000341,155 781 154,A01,2.0,33.0,0,2,1,17,1.0,
202400000342,155 781 152,A01,0.0,7.0,0,2,1,1,0.0,
202400000343,155 781 150,A01,0.0,7.0,0,2,2,1,2.0,
202400000344,155 781 148,A01,3.0,7.0,0,2,2,1,1.0,
202400000345,155 781 146,A01,3.0,7.0,0,2,3,15,1.0,
202400000346,155 781 145,A01,1.0,37.0,0,1,1,19,1.0,1
202400000347,155 781 143,A01,3.0,7.0,0,2,2,20,1.0,
202400000348,155 781 141,B01,1.0,7.0,0,2,6,24,1.0,
202400000349,155 781 138,C01,1.0,7.0,0,2,1,2,1.0,
202400000350,155 781 137,A01,1.0,10.0,0,1,2,1,1.0,
202400000351,155 781 135,B01,0.0,7.0,0,2,1,1,0.0,
202400000352,155 781 134,A01,2.0,7.0,0,1,2,1,1.0,
202400000353,155 781 133,Z01,1.0,7.0,0,1,6,16,0.0,
202400000354,155 781 132,A01,3.0,7.0,15,0,1,15,1.0,
202400000355,155 781 130,B01,3.0,50.0,1,2,1,1,3.0,
202400000356,155 781 129,A01,2.0,7.0,2,0,9,13,1.0,
202400000357,155 781 127,A01,1.0,7.0,0,2,3,15,1.0,
202400000358,155 781 126,A01,2.0,32.0,0,0,0,1,1.0,
202400000359,155 781 123,B01,1.0,33.0,0,2,1,1,1.0,
202400000360,155 781 120,A01,1.0,7.0,0,2,2,2,1.0,
202400000361,155 781 118,A01,1.0,7.0,0,2,1,1,1.0,
202400000362,155 781 117,A01,1.0,33.0,5,0,1,1,1.0,
202400000363,155 781 116,A01,2.0,7.0,13,0,2,1,0.0,
202400000364,155 781 113,A01,1.0,7.0,2,0,2,0,1.0,
202400000365,155 781 111,A01,1.0,33.0,0,2,3,1,1.0,
202400000366,155 781 108,B01,2.0,15.0,0,2,8,1,1.0,
202400000367,155 781 107,A01,2.0,7.0,0,1,2,1,1.0,
202400000368,155 781 106,A01,1.0,33.0,2,0,1,1,1.0,
202400000369,155 781 105,A01,2.0,33.0,0,0,3,15,1.0,
202400000370,155 781 103,A01,1.0,7.0,0,2,2,10,1.0,
202400000371,155 781 101,A01,1.0,7.0,0,2,3,13,1.0,
202400000372,155 781 099,B01,2.0,7.0,0,2,1,17,1.0,
202400000373,155 781 095,A01,1.0,7.0,0,2,3,9,1.0,
202400000374,155 781 093,B01,1.0,1.0,0,2,1,11,5.0,
202400000375,155 781 092,A01,2.0,33.0,12,0,1,26,1.0,
202400000376,155 781 090,A01,1.0,7.0,0,2,1,13,1.0,
202400000377,155 781 088,B01,1.0,2.0,0,2,1,0,1.0,
202400000378,155 781 086,A01,2.0,7.0,0,2,2,15,1.0,
202400000379,155 781 084,B01,2.0,21.0,0,2,3,1,1.0,
202400000380,155 781 082,A01,2.0,7.0,0,2,7,15,1.0,
202400000381,155 781 081,A01,1.0,7.0,2,0,1,0,1.0,
202400000382,155 781 079,B01,1.0,7.0,0,2,1,1,2.0,
202400000383,155 781 078,A01,1.0,7.0,13,0,1,0,1.0,
202400000384,155 781 077,A01,2.0,7.0,0,0,2,1,1.0,
202400000385,155 781 075,B01,1.0,7.0,0,2,3,1,1.0,
202400000386,155 781 072,A01,2.0,7.0,13,0,9,1,2.0,
202400000387,155 781 070,A01,2.0,7.0,4,0,4,1,3.0,
202400000388,155 781 068,B01,1.0,7.0,0,2,7,19,1.0,
202400000389,155 781 066,A01,1.0,7.0,0,2,3,15,1.0,
202400000390,155 781 065,A01,1.0,31.0,3,0,2,3,1.0,
202400000391,155 781 063,B01,1.0,33.0,0,0,5,2,1.0,
202400000392,155 781 061,A01,2.0,7.0,0,2,8,15,1.0,
202400000393,155 781 060,A01,2.0,7.0,2,0,3,1,1.0,
202400000394,155 781 058,A01,2.0,36.0,7,0,1,0,1.0,
202400000395,155 781 056,A01,1.0,7.0,0,2,3,15,1.0,
202400000396,155 781 055,A01,2.0,7.0,0,2,2,23,1.0,
202400000397,155 781 054,A01,1.0,33.0,13,0,1,0,1.0,