Num_Acc,id_vehicule,num_veh,senc,catv,obs,obsm,choc,manv,motor,occutc
202400000398,155 781 053,A01,2.0,7.0,13,0,3,13,1.0,
202400000399,155 781 052,A01,1.0,33.0,0,0,7,26,1.0,
202400000400,155 781 049,A01,1.0,7.0,0,2,7,15,1.0,
202400000401,155 781 048,A01,3.0,7.0,0,2,2,13,1.0,
202400000402,155 781 045,A01,2.0,7.0,3,0,7,1,1.0,
202400000403,155 781 046,A01,2.0,7.0,0,2,3,0,1.0,
202400000404,155 781 042,B01,2.0,7.0,0,2,3,1,1.0,
202400000405,155 781 041,A01,2.0,33.0,0,2,2,9,1.0,
202400000406,155 781 039,A01,3.0,2.0,6,0,1,1,1.0,
202400000407,155 781 038,B01,3.0,7.0,0,0,4,26,1.0,
202400000408,155 781 036,A01,0.0,7.0,16,0,0,1,1.0,
202400000409,155 781 035,A01,0.0,43.0,0,2,3,13,1.0,
202400000410,155 781 034,A01,1.0,33.0,0,0,6,1,1.0,
202400000411,155 781 031,B01,1.0,37.0,0,2,1,1,1.0,4
202400000412,155 781 030,A01,2.0,7.0,3,0,1,1,1.0,
202400000413,155 781 029,A01,1.0,7.0,0,5,1,1,1.0,
202400000414,155 781 028,A01,2.0,7.0,12,0,1,1,1.0,
202400000415,155 781 025,A01,1.0,7.0,0,2,1,2,1.0,
202400000416,155 781 021,A01,2.0,7.0,0,2,1,2,1.0,
202400000417,155 781 019,C01,1.0,7.0,0,2,3,1,1.0,
202400000418,155 781 017,A01,1.0,10.0,0,2,1,2,1.0,
202400000419,155 781 014,A01,2.0,7.0,0,2,1,0,1.0,
202400000420,155 781 012,D01,2.0,10.0,0,2,4,2,1.0,
202400000421,155 781 006,A01,2.0,7.0,0,2,1,2,1.0,
202400000422,155 781 005,C01,2.0,7.0,0,2,4,1,1.0,
202400000423,155 781 002,ZB01,1.0,50.0,14,0,0,1,3.0,
202400000424,155 781 001,A01,2.0,43.0,0,2,1,3,1.0,
202400000425,155 781 000,A01,1.0,7.0,4,0,9,1,1.0,
202400000426,155 780 998,A01,2.0,7.0,0,2,2,12,1.0,
202400000427,155 780 993,C01,1.0,7.0,0,2,3,2,1.0,
202400000428,155 780 994,A01,2.0,43.0,0,5,1,1,1.0,
202400000429,155 780 992,A01,1.0,7.0,4,0,3,1,1.0,
202400000430,155 780 990,A01,2.0,10.0,0,2,1,2,1.0,
202400000431,155 780 987,A01,1.0,7.0,0,2,1,0,1.0,
202400000432,155 780 986,A01,1.0,33.0,4,0,8,11,1.0,
202400000433,155 780 983,B01,2.0,7.0,0,2,5,11,1.0,
202400000434,155 780 982,A01,1.0,33.0,0,2,1,2,1.0,
202400000435,155 780 980,A01,1.0,7.0,13,0,2,1,1.0,
202400000436,155 780 979,B01,2.0,10.0,0,2,7,1,1.0,
202400000437,155 780 974,A01,2.0,2.0,1,2,6,21,1.0,
202400000438,155 780 975,A01,2.0,7.0,0,2,5,14,1.0,
202400000439,155 780 970,A01,2.0,7.0,0,2,1,2,1.0,
202400000440,155 780 968,A01,2.0,10.0,0,2,1,1,1.0,
202400000441,155 780 965,A01,1.0,7.0,0,2,1,1,1.0,
202400000442,155 780 963,A01,2.0,33.0,0,2,1,3,1.0,
202400000443,155 780 961,A01,2.0,7.0,0,2,2,1,1.0,
202400000444,155 780 959,A01,2.0,7.0,0,2,6,1,1.0,
202400000445,155 780 955,C01,2.0,7.0,0,2,4,2,1.0,
202400000446,155 780 953,A01,3.0,7.0,0,2,3,9,0.0,
202400000447,155 780 951,A01,1.0,30.0,0,2,1,1,3.0,
202400000448,155 780 949,B01,3.0,7.0,0,0,8,1,1.0,
202400000449,155 780 946,A01,1.0,1.0,0,2,1,1,5.0,
202400000450,155 780 945,A01,1.0,7.0,0,2,2,2,1.0,
202400000451,155 780 943,A01,2.0,2.0,0,1,0,2,3.0,
202400000452,155 780 942,B01,2.0,7.0,3,0,4,2,6.0,
202400000453,155 780 939,B01,1.0,7.0,0,2,3,23,1.0,
202400000454,155 780 938,B01,2.0,7.0,0,2,1,1,1.0,
202400000455,155 780 936,A01,3.0,7.0,0,1,1,9,1.0,
202400000456,155 780 934,B01,3.0,1.0,0,2,4,1,5.0,
202400000457,155 780 933,A01,3.0,37.0,0,2,0,0,1.0,10
202400000458,155 780 931,A01,3.0,7.0,0,2,3,15,1.0,
202400000459,155 780 929,B01,2.0,7.0,0,2,3,23,1.0,
202400000460,155 780 928,Z01,3.0,7.0,0,1,7,16,0.0,
202400000461,155 780 927,A01,1.0,7.0,0,0,7,0,1.0,
202400000462,155 780 926,A01,2.0,7.0,0,0,0,0,1.0,
202400000463,155 780 925,A01,2.0,7.0,3,0,1,17,1.0,
202400000464,155 780 923,A01,1.0,34.0,0,2,7,17,1.0,
202400000465,155 780 920,A01,1.0,1.0,0,2,1,1,5.0,
202400000466,155 780 918,A01,3.0,99.0,0,2,8,2,3.0,
202400000467,155 780 917,A01,3.0,30.0,0,0,7,21,1.0,
202400000468,155 780 915,B01,1.0,33.0,0,2,1,1,1.0,
202400000469,155 780 913,A01,1.0,7.0,0,2,1,17,1.0,
202400000470,155 780 911,A01,3.0,1.0,0,0,0,16,5.0,
202400000471,155 780 910,A01,3.0,34.0,0,0,9,0,1.0,
202400000472,155 780 912,A01,1.0,7.0,0,1,1,26,2.0,
202400000473,155 780 909,A01,1.0,7.0,0,1,4,4,1.0,
202400000474,155 780 907,A01,1.0,7.0,0,1,1,26,1.0,
202400000475,155 780 906,A01,1.0,7.0,1,0,2,1,1.0,
202400000476,155 780 905,A01,2.0,7.0,0,1,2,1,1.0,
202400000477,155 780 903,A01,2.0,7.0,12,1,1,1,1.0,
202400000478,155 780 902,B01,3.0,7.0,0,2,5,15,1.0,
202400000479,155 780 900,A01,3.0,7.0,0,1,3,1,2.0,
202400000480,155 780 899,B01,3.0,7.0,0,2,3,1,1.0,
202400000481,155 780 898,A01,1.0,50.0,0,1,1,25,3.0,
202400000482,155 780 896,A01,3.0,7.0,0,2,3,1,1.0,
202400000483,155 780 894,A01,1.0,7.0,0,2,7,15,1.0,
202400000484,155 780 893,A01,1.0,7.0,0,1,4,20,1.0,
202400000485,155 780 892,A01,1.0,3.0,13,0,3,13,1.0,
202400000486,155 780 891,A01,1.0,7.0,0,0,3,1,1.0,
202400000487,155 780 886,B01,1.0,80.0,0,2,2,1,3.0,
202400000488,155 780 885,A01,3.0,7.0,0,2,1,1,1.0,
202400000489,155 780 884,A01,1.0,7.0,2,0,1,1,1.0,
202400000490,155 780 882,B01,2.0,7.0,0,2,8,1,1.0,
202400000491,155 780 880,B01,2.0,7.0,0,2,1,1,1.0,
202400000492,155 780 877,A01,1.0,7.0,0,2,2,16,2.0,
202400000493,155 780 872,C01,0.0,7.0,0,2,1,2,1.0,
202400000494,155 780 868,A01,1.0,30.0,0,2,1,2,1.0,
202400000495,155 780 867,B01,1.0,1.0,0,2,2,1,5.0,
202400000496,155 780 866,A01,1.0,7.0,9,0,2,14,1.0,
202400000497,155 780 864,B01,2.0,32.0,0,2,1,17,1.0,
202400000498,155 780 863,A01,1.0,7.0,1,0,1,14,1.0,
202400000499,155 780 861,B01,2.0,7.0,0,2,1,1,1.0,
202400000500,155 780 860,A01,3.0,7.0,0,1,3,15,1.0,
202400000501,155 780 857,Z01,2.0,14.0,0,9,7,0,0.0,
202400000502,155 780 856,A01,2.0,7.0,0,2,1,1,1.0,
202400000503,155 780 855,A01,1.0,7.0,0,1,2,14,1.0,
202400000504,155 780 854,A01,1.0,30.0,0,0,8,1,1.0,
202400000505,155 780 853,A01,1.0,7.0,0,1,3,15,1.0,
202400000506,155 780 849,C01,1.0,7.0,3,2,7,13,1.0,
202400000507,155 780 850,A01,1.0,50.0,12,0,1,19,3.0,
202400000508,155 780 846,A01,1.0,33.0,0,5,1,21,1.0,
202400000509,155 780 845,A01,1.0,7.0,0,2,8,15,1.0,
202400000510,155 780 843,A01,1.0,7.0,0,1,1,1,1.0,
202400000511,155 780 842,A01,3.0,7.0,0,9,1,1,1.0,
202400000512,155 780 841,A01,3.0,10.0,0,2,1,17,1.0,
202400000513,155 780 837,B01,3.0,1.0,0,2,4,9,5.0,
202400000514,155 780 833,Z01,2.0,10.0,0,2,0,0,0.0,
202400000515,155 780 832,B01,1.0,7.0,0,2,1,1,1.0,
202400000516,155 780 830,A01,2.0,7.0,1,1,1,5,1.0,
202400000517,155 780 829,B01,3.0,7.0,0,0,1,19,1.0,
202400000518,155 780 825,B01,1.0,7.0,7,2,3,0,1.0,
202400000519,155 780 826,A01,2.0,7.0,0,2,7,15,2.0,
202400000520,155 780 824,A01,3.0,43.0,3,0,1,14,1.0,
202400000521,155 780 820,B01,2.0,50.0,12,0,8,1,3.0,
202400000522,155 780 819,A01,1.0,50.0,12,0,1,1,3.0,
202400000523,155 780 817,A01,1.0,7.0,1,0,3,1,1.0,
202400000524,155 780 816,A01,2.0,7.0,0,9,3,1,1.0,
202400000525,155 780 812,A01,0.0,10.0,0,2,4,23,6.0,
202400000526,155 780 813,B01,2.0,33.0,0,2,8,1,1.0,
202400000527,155 780 810,A01,2.0,7.0,0,2,2,15,1.0,
202400000528,155 780 808,B01,2.0,7.0,0,2,1,1,2.0,
202400000529,155 780 806,A01,2.0,7.0,0,1,3,15,2.0,
202400000530,155 780 803,A01,2.0,7.0,0,2,3,24,2.0,
202400000531,155 780 801,A01,2.0,7.0,0,2,3,11,1.0,
202400000532,155 780 799,A01,1.0,7.0,9,0,4,1,1.0,
202400000533,155 780 797,A01,1.0,7.0,0,2,1,1,1.0,
202400000534,155 780 796,A01,1.0,50.0,0,0,0,2,3.0,
202400000535,155 780 794,A01,1.0,10.0,0,2,7,15,1.0,
202400000536,155 780 792,B01,2.0,7.0,0,2,1,5,0.0,
202400000537,155 780 791,A01,1.0,10.0,0,2,7,13,1.0,
202400000538,155 780 790,A01,1.0,15.0,0,1,6,4,0.0,
202400000539,155 780 788,B01,2.0,7.0,0,2,1,1,1.0,
202400000540,155 780 785,B01,0.0,1.0,0,2,1,1,5.0,
202400000541,155 780 784,A01,2.0,2.0,0,2,1,2,1.0,
202400000542,155 780 782,A01,1.0,33.0,0,2,2,14,1.0,
202400000543,155 780 779,B01,2.0,33.0,0,2,1,2,1.0,
202400000544,155 780 781,A01,1.0,3.0,0,1,1,1,1.0,
202400000545,155 780 778,A01,1.0,7.0,0,1,3,26,1.0,
202400000546,155 780 776,A01,2.0,7.0,2,0,1,1,1.0,
202400000547,155 780 774,A01,2.0,31.0,0,2,1,1,1.0,
202400000548,155 780 772,A01,2.0,33.0,9,0,1,17,1.0,
202400000549,155 780 771,A01,1.0,7.0,8,0,1,1,1.0,
202400000550,155 780 766,A01,3.0,7.0,0,2,2,19,1.0,
202400000551,155 780 765,C01,2.0,10.0,0,2,4,1,1.0,
202400000552,155 780 764,A01,1.0,3.0,0,2,1,9,1.0,
202400000553,155 780 761,A01,2.0,33.0,3,0,1,16,1.0,
202400000554,155 780 762,A01,2.0,7.0,0,2,1,13,1.0,
202400000555,155 780 759,B01,2.0,7.0,0,2,1,15,1.0,
202400000556,155 780 756,B01,1.0,7.0,3,0,9,1,1.0,
202400000557,155 780 755,A01,1.0,31.0,0,2,1,2,1.0,
202400000558,155 780 753,A01,2.0,7.0,0,2,3,15,1.0,
202400000559,155 780 751,A01,3.0,7.0,13,0,9,1,1.0,
202400000560,155 780 749,A01,2.0,7.0,0,0,1,1,1.0,
202400000561,155 780 747,A01,2.0,7.0,0,2,1,13,1.0,
202400000562,155 780 746,A01,1.0,33.0,0,0,9,1,1.0,
202400000563,155 780 744,Z01,1.0,30.0,0,1,1,1,0.0,
202400000564,155 780 743,A01,2.0,7.0,0,2,1,2,1.0,
202400000565,155 780 738,A01,2.0,7.0,0,2,1,14,0.0,
202400000566,155 780 739,A01,1.0,7.0,0,1,3,1,1.0,
202400000567,155 780 737,A01,2.0,7.0,0,2,8,19,1.0,
202400000568,155 780 736,A01,2.0,7.0,0,0,3,13,1.0,
202400000569,155 780 734,Z01,3.0,7.0,0,2,1,1,1.0,
202400000570,155 780 731,B01,2.0,33.0,0,2,1,1,1.0,
202400000571,155 780 732,A01,1.0,2.0,0,0,8,10,1.0,
202400000572,155 780 728,A01,1.0,43.0,0,2,1,2,1.0,
202400000573,155 780 726,A01,1.0,2.0,13,0,1,1,1.0,
202400000574,155 780 725,A01,1.0,2.0,0,2,1,1,1.0,
202400000575,155 780 724,B01,2.0,2.0,8,2,1,1,3.0,
202400000576,155 780 721,A01,1.0,7.0,2,0,1,13,1.0,
202400000577,155 780 720,A01,1.0,33.0,0,2,1,21,1.0,
202400000578,155 780 718,A01,2.0,10.0,0,9,1,1,1.0,
202400000579,155 780 716,A01,1.0,1.0,0,2,1,16,5.0,
202400000580,155 780 715,A01,1.0,2.0,0,0,8,14,1.0,
202400000581,155 780 713,A01,1.0,17.0,0,2,3,13,1.0,
202400000582,155 780 712,B01,2.0,80.0,0,2,8,11,3.0,
202400000583,155 780 711,A01,3.0,2.0,11,0,1,1,1.0,
202400000584,155 780 709,A01,1.0,7.0,0,1,1,1,1.0,
202400000585,155 780 707,B01,2.0,7.0,0,2,3,1,1.0,
202400000586,155 780 708,A01,1.0,1.0,1,2,2,14,5.0,
202400000587,155 780 705,A01,1.0,33.0,0,6,0,0,1.0,
202400000588,155 780 701,A01,1.0,7.0,0,2,1,1,1.0,
202400000589,155 780 700,A01,2.0,80.0,0,0,0,1,3.0,
202400000590,155 780 703,A01,3.0,7.0,0,2,1,9,1.0,
202400000591,155 780 699,A01,1.0,7.0,1,0,2,14,2.0,
202400000592,155 780 698,A01,3.0,7.0,0,1,2,1,1.0,
202400000593,155 780 697,A01,2.0,7.0,0,1,3,1,1.0,
202400000594,155 780 695,A01,1.0,7.0,0,2,7,18,1.0,
202400000595,155 780 693,A01,2.0,7.0,0,2,1,13,1.0,
202400000596,155 780 689,A01,1.0,7.0,0,2,1,1,1.0,
202400000597,155 780 688,B01,1.0,7.0,0,2,1,2,1.0,
202400000598,155 780 687,B01,1.0,7.0,0,2,2,1,1.0,
202400000599,155 780 685,B01,2.0,7.0,0,2,6,2,1.0,
202400000600,155 780 684,A01,1.0,7.0,0,0,9,14,1.0,
202400000601,155 780 682,A01,1.0,10.0,13,0,3,13,1.0,
202400000602,155 780 681,A01,1.0,34.0,0,2,1,1,0.0,
202400000603,155 780 678,B01,2.0,7.0,5,2,3,1,1.0,
202400000604,155 780 677,B01,1.0,50.0,0,2,1,5,3.0,
202400000605,155 780 676,A01,2.0,31.0,0,0,0,26,1.0,
202400000606,155 780 674,A01,2.0,7.0,0,2,3,13,1.0,
202400000607,155 780 672,A01,1.0,7.0,0,0,0,1,1.0,
202400000608,155 780 671,B01,0.0,7.0,0,2,1,1,1.0,
202400000609,155 780 670,A01,2.0,7.0,2,0,3,1,1.0,
202400000610,155 780 668,A01,2.0,7.0,13,0,3,1,1.0,
202400000611,155 780 666,A01,1.0,7.0,0,2,1,1,1.0,
202400000612,155 780 665,A01,0.0,7.0,8,0,1,14,1.0,
202400000613,155 780 663,B01,2.0,50.0,0,2,7,1,3.0,
202400000614,155 780 660,A01,3.0,7.0,12,1,2,1,1.0,
202400000615,155 780 659,A01,1.0,7.0,4,0,0,0,2.0,
202400000616,155 780 657,B01,1.0,10.0,0,0,4,23,1.0,
202400000617,155 780 655,A01,1.0,1.0,0,2,8,11,5.0,
202400000618,155 780 653,A01,1.0,7.0,0,2,3,20,1.0,
202400000619,155 780 652,A01,1.0,15.0,4,0,7,2,1.0,
202400000620,155 780 649,A01,2.0,7.0,0,2,1,2,1.0,
202400000621,155 780 648,A01,3.0,99.0,0,2,1,19,1.0,
202400000622,155 780 643,A01,1.0,30.0,0,2,1,1,1.0,
202400000623,155 780 642,C01,1.0,7.0,0,2,1,1,1.0,
202400000624,155 780 640,A01,1.0,7.0,3,0,3,0,1.0,
202400000625,155 780 639,B01,1.0,7.0,0,2,1,1,2.0,
202400000626,155 780 638,A01,2.0,7.0,0,1,2,1,1.0,
202400000627,155 780 636,A01,1.0,50.0,0,2,1,1,3.0,
202400000628,155 780 635,A01,1.0,10.0,6,0,1,13,1.0,
202400000629,155 780 634,A01,3.0,10.0,9,0,2,1,1.0,
202400000630,155 780 633,A01,1.0,7.0,1,0,2,1,1.0,
202400000631,155 780 630,A01,1.0,7.0,0,2,3,1,1.0,
202400000632,155 780 628,A01,2.0,7.0,0,2,7,15,1.0,
202400000633,155 780 626,A01,2.0,1.0,14,0,1,2,5.0,
202400000634,155 780 621,A01,2.0,7.0,0,2,1,1,1.0,
202400000635,155 780 620,B01,1.0,7.0,3,2,1,1,1.0,
202400000636,155 780 618,A01,2.0,7.0,2,0,1,14,1.0,
202400000637,155 780 617,B01,3.0,7.0,0,2,3,23,1.0,
202400000638,155 780 614,B01,1.0,1.0,0,2,1,1,5.0,
202400000639,155 780 613,B01,3.0,10.0,0,2,3,0,1.0,
202400000640,155 780 611,A01,1.0,7.0,0,2,3,15,1.0,
202400000641,155 780 610,A01,1.0,7.0,0,1,3,1,1.0,
202400000642,155 780 609,A01,2.0,15.0,6,0,1,13,0.0,
202400000643,155 780 607,A01,2.0,15.0,0,2,1,1,1.0,
202400000644,155 780 605,A01,1.0,7.0,0,2,8,15,1.0,
202400000645,155 780 604,A01,1.0,7.0,0,1,1,1,1.0,
202400000646,155 780 603,A01,2.0,7.0,13,0,0,13,1.0,
202400000647,155 780 602,A01,3.0,7.0,0,1,1,1,1.0,
202400000648,155 780 600,A01,1.0,7.0,0,2,2,9,1.0,
202400000649,155 780 598,A01,2.0,7.0,0,0,0,16,1.0,
202400000650,155 780 597,A01,1.0,7.0,0,1,1,16,1.0,
202400000651,155 780 594,B01,1.0,7.0,0,2,8,17,1.0,
202400000652,155 780 591,A01,1.0,7.0,13,0,9,19,1.0,
202400000653,155 780 590,A01,1.0,7.0,3,2,1,1,1.0,
202400000654,155 780 588,Z01,1.0,7.0,0,2,3,0,1.0,
202400000655,155 780 585,A01,3.0,37.0,0,2,3,15,1.0,1
202400000656,155 780 584,A01,1.0,33.0,0,2,1,12,1.0,
202400000657,155 780 583,Y01,0.0,0.0,0,1,0,26,0.0,
202400000658,155 780 581,A01,1.0,33.0,0,2,1,1,1.0,
202400000659,155 780 579,A01,3.0,0.0,0,2,3,2,0.0,
202400000660,155 780 578,A01,3.0,33.0,0,2,8,1,1.0,
202400000661,155 780 576,A01,3.0,7.0,0,2,1,1,1.0,
202400000662,155 780 574,B01,1.0,2.0,0,2,2,17,1.0,
202400000663,155 780 571,A01,2.0,30.0,0,2,3,15,1.0,
202400000664,155 780 570,A01,2.0,30.0,0,2,1,25,1.0,
202400000665,155 780 569,A01,2.0,7.0,15,0,1,1,1.0,
202400000666,155 780 568,Z01,1.0,7.0,0,1,0,1,0.0,
202400000667,155 780 566,A01,3.0,7.0,0,2,8,7,1.0,
202400000668,155 780 563,A01,3.0,30.0,0,2,1,1,1.0,
202400000669,155 780 562,B01,3.0,7.0,0,2,7,1,1.0,
202400000670,155 780 561,A01,2.0,7.0,0,1,1,1,1.0,
202400000671,155 780 559,B01,3.0,7.0,1,2,5,2,1.0,
202400000672,155 780 558,A01,1.0,10.0,0,1,2,12,1.0,
202400000673,155 780 556,A01,2.0,31.0,0,0,3,0,1.0,
202400000674,155 780 555,A01,1.0,7.0,0,2,3,15,1.0,
202400000675,155 780 553,A01,2.0,7.0,0,2,1,13,1.0,
202400000676,155 780 551,A01,3.0,30.0,0,4,3,19,1.0,
202400000677,155 780 550,A01,1.0,7.0,0,1,3,17,1.0,
202400000678,155 780 549,A01,1.0,7.0,0,1,1,1,1.0,
202400000679,155 780 546,A01,2.0,7.0,0,2,1,2,1.0,
202400000680,155 780 542,A01,2.0,7.0,0,2,1,2,1.0,
202400000681,155 780 543,A01,3.0,7.0,0,2,6,10,1.0,
202400000682,155 780 541,A01,1.0,7.0,0,1,3,21,1.0,
202400000683,155 780 540,A01,2.0,15.0,0,1,3,1,6.0,
202400000684,155 780 539,A01,1.0,7.0,0,1,3,15,1.0,
202400000685,155 780 535,A01,1.0,7.0,0,2,2,1,2.0,
202400000686,155 780 536,B01,3.0,33.0,0,2,0,0,1.0,
202400000687,155 780 532,A01,1.0,7.0,0,2,1,1,1.0,
202400000688,155 780 530,A01,1.0,50.0,0,0,0,1,3.0,
202400000689,155 780 529,A01,1.0,7.0,0,2,3,15,1.0,
202400000690,155 780 528,A01,1.0,50.0,0,0,0,26,3.0,
202400000691,155 780 527,A01,2.0,7.0,0,1,2,21,1.0,
202400000692,155 780 523,C01,1.0,7.0,0,2,2,1,1.0,
202400000693,155 780 522,A01,3.0,10.0,0,2,1,1,1.0,
202400000694,155 780 520,A01,1.0,7.0,0,9,7,16,1.0,
202400000695,155 780 518,B01,3.0,7.0,0,2,3,1,1.0,
202400000696,155 780 517,A01,1.0,14.0,0,1,5,26,1.0,
202400000697,155 780 516,A01,1.0,7.0,0,1,1,15,1.0,
202400000698,155 780 514,B01,1.0,7.0,0,2,8,15,1.0,
202400000699,155 780 510,A01,2.0,7.0,0,2,3,1,1.0,
202400000700,155 780 511,A01,2.0,10.0,0,2,1,1,1.0,
202400000701,155 780 506,A01,1.0,10.0,0,2,2,15,1.0,
202400000702,155 780 505,C01,1.0,7.0,0,2,4,1,2.0,
202400000703,155 780 504,A01,3.0,7.0,2,0,7,2,1.0,
202400000704,155 780 503,A01,1.0,7.0,8,0,3,2,1.0,
202400000705,155 780 502,A01,1.0,33.0,12,0,6,14,1.0,
202400000706,155 780 499,A01,2.0,50.0,0,2,1,19,3.0,
202400000707,155 780 498,A01,1.0,7.0,0,2,2,16,1.0,
202400000708,155 780 497,A01,3.0,7.0,0,1,1,1,0.0,
202400000709,155 780 494,A01,3.0,7.0,0,1,5,19,1.0,
202400000710,155 780 495,A01,1.0,7.0,0,2,5,1,1.0,
202400000711,155 780 491,A01,1.0,1.0,0,2,1,17,5.0,
202400000712,155 780 490,A01,3.0,7.0,0,2,2,1,1.0,
202400000713,155 780 488,A01,1.0,15.0,0,2,7,16,1.0,
202400000714,155 780 486,A01,2.0,1.0,0,2,8,1,5.0,
202400000715,155 780 484,A01,1.0,7.0,0,2,2,1,1.0,
202400000716,155 780 483,A01,2.0,30.0,0,1,8,1,1.0,
202400000717,155 780 482,Z01,1.0,7.0,0,1,1,1,1.0,
202400000718,155 780 481,A01,3.0,1.0,0,1,1,1,5.0,
202400000719,155 780 479,A01,3.0,43.0,0,0,0,9,1.0,
202400000720,155 780 478,B01,1.0,7.0,0,2,1,1,1.0,
202400000721,155 780 476,A01,0.0,7.0,0,1,2,23,1.0,
202400000722,155 780 475,B01,3.0,7.0,16,2,8,23,0.0,
202400000723,155 780 473,A01,3.0,50.0,9,0,2,1,3.0,
202400000724,155 780 472,A01,3.0,7.0,0,2,4,23,1.0,
202400000725,155 780 471,A01,2.0,10.0,8,0,1,14,0.0,
202400000726,155 780 470,A01,1.0,1.0,0,1,8,0,5.0,
202400000727,155 780 469,A01,1.0,1.0,12,0,1,1,5.0,
202400000728,155 780 467,A01,2.0,7.0,0,2,2,15,1.0,
202400000729,155 780 466,A01,2.0,10.0,0,1,2,20,1.0,
202400000730,155 780 464,A01,1.0,50.0,0,2,8,18,3.0,
202400000731,155 780 462,A01,1.0,10.0,0,2,1,2,1.0,
202400000732,155 780 461,A01,2.0,7.0,0,1,3,15,1.0,
202400000733,155 780 459,A01,1.0,50.0,0,2,1,19,3.0,
202400000734,155 780 457,A01,1.0,7.0,0,2,2,1,1.0,
202400000735,155 780 456,A01,2.0,7.0,9,0,1,26,1.0,
202400000736,155 780 454,A01,0.0,7.0,0,2,0,0,3.0,
202400000737,155 780 452,A01,2.0,7.0,0,2,1,9,1.0,
202400000738,155 780 450,A01,2.0,30.0,0,2,1,5,1.0,
202400000739,155 780 447,B01,1.0,7.0,0,2,4,23,1.0,
202400000740,155 780 446,B01,2.0,7.0,0,2,1,1,0.0,
202400000741,155 780 442,B01,2.0,7.0,0,2,4,2,1.0,
202400000742,155 780 443,A01,1.0,7.0,1,0,1,16,1.0,
202400000743,155 780 440,A01,3.0,7.0,0,1,0,14,1.0,
202400000744,155 780 439,A01,0.0,7.0,0,2,3,26,1.0,
202400000745,155 780 438,A01,3.0,30.0,1,0,1,1,1.0,
202400000746,155 780 435,A01,3.0,10.0,0,2,3,14,0.0,
202400000747,155 780 434,A01,1.0,50.0,0,2,1,5,3.0,
202400000748,155 780 433,A01,3.0,7.0,0,1,3,19,1.0,
202400000749,155 780 431,B01,2.0,7.0,0,2,6,1,1.0,
202400000750,155 780 429,B01,2.0,10.0,0,9,2,15,1.0,
202400000751,155 780 428,A01,2.0,33.0,3,0,1,1,1.0,
202400000752,155 780 425,A01,2.0,60.0,0,2,1,1,5.0,
202400000753,155 780 423,B01,2.0,7.0,0,2,1,1,1.0,
202400000754,155 780 422,A01,3.0,33.0,0,2,3,13,1.0,
202400000755,155 780 420,A01,2.0,7.0,0,2,1,15,1.0,
202400000756,155 780 418,A01,2.0,10.0,0,2,2,15,1.0,
202400000757,155 780 416,B01,3.0,2.0,0,0,4,23,1.0,
202400000758,155 780 414,A01,3.0,7.0,0,2,2,1,1.0,
202400000759,155 780 413,A01,0.0,33.0,1,0,8,13,1.0,
202400000760,155 780 410,A01,2.0,33.0,0,2,7,1,1.0,
202400000761,155 780 409,A01,1.0,7.0,0,2,1,1,1.0,
202400000762,155 780 405,A01,1.0,7.0,0,2,3,2,1.0,
202400000763,155 780 404,A01,1.0,7.0,4,0,2,0,1.0,
202400000764,155 780 403,A01,0.0,10.0,0,1,1,1,1.0,
202400000765,155 780 400,B01,2.0,7.0,0,0,4,1,1.0,
202400000766,155 780 398,A01,2.0,7.0,0,2,2,10,3.0,
202400000767,155 780 397,A01,2.0,50.0,0,1,3,25,3.0,
202400000768,155 780 395,B01,1.0,7.0,0,2,1,1,1.0,
202400000769,155 780 394,A01,2.0,7.0,11,0,1,1,1.0,
202400000770,155 780 392,A01,1.0,1.0,0,2,2,5,5.0,
202400000771,155 780 391,A01,0.0,80.0,6,0,1,1,3.0,
202400000772,155 780 390,A01,2.0,37.0,0,1,0,1,1.0,6
202400000773,155 780 387,A01,1.0,7.0,0,1,2,1,1.0,
202400000774,155 780 388,A01,3.0,7.0,0,2,1,9,1.0,
202400000775,155 780 386,A01,2.0,33.0,4,0,8,17,1.0,
202400000776,155 780 384,B01,2.0,14.0,0,0,3,23,1.0,
202400000777,155 780 382,B01,2.0,33.0,0,2,1,1,1.0,
202400000778,155 780 379,A01,1.0,7.0,0,2,2,9,1.0,
202400000779,155 780 378,A01,1.0,7.0,0,2,1,9,1.0,
202400000780,155 780 376,A01,2.0,7.0,13,0,9,1,1.0,
202400000781,155 780 375,A01,1.0,10.0,0,2,3,26,1.0,
202400000782,155 780 374,A01,1.0,7.0,0,1,3,16,1.0,
202400000783,155 780 373,A01,0.0,7.0,0,1,1,1,1.0,
202400000784,155 780 370,A01,1.0,7.0,0,1,1,1,1.0,
202400000785,155 780 371,A01,2.0,7.0,0,2,1,13,1.0,
202400000786,155 780 368,A01,0.0,34.0,0,2,1,1,1.0,
202400000787,155 780 367,A01,0.0,7.0,13,0,9,1,1.0,
202400000788,155 780 365,A01,3.0,7.0,0,2,2,1,1.0,
202400000789,155 780 362,A01,3.0,7.0,0,2,3,9,1.0,
202400000790,155 780 361,B01,3.0,33.0,0,2,7,1,0.0,
202400000791,155 780 358,A01,2.0,7.0,0,2,1,15,1.0,
202400000792,155 780 357,A01,1.0,31.0,0,2,1,13,0.0,
202400000793,155 780 355,A01,1.0,7.0,2,0,1,1,6.0,
202400000794,155 780 354,B01,3.0,7.0,0,2,7,1,1.0,