Num_Acc,id_vehicule,num_veh,senc,catv,obs,obsm,choc,manv,motor,occutc
202400000795,155 780 351,A01,2.0,7.0,0,2,1,15,1.0,
202400000796,155 780 350,A01,2.0,2.0,0,2,1,9,1.0,
202400000797,155 780 349,A01,2.0,30.0,0,0,8,1,1.0,
202400000798,155 780 347,B01,3.0,1.0,0,2,1,1,5.0,
202400000799,155 780 345,A01,1.0,7.0,9,2,7,1,1.0,
202400000800,155 780 344,A01,2.0,7.0,0,1,7,1,1.0,
202400000801,155 780 341,B01,2.0,7.0,0,2,8,1,1.0,
202400000802,155 780 340,B01,2.0,7.0,0,2,2,1,1.0,
202400000803,155 780 339,A01,3.0,1.0,0,0,0,0,5.0,
202400000804,155 780 336,A01,1.0,7.0,0,2,3,13,1.0,
202400000805,155 780 335,A01,3.0,10.0,0,2,3,1,1.0,
202400000806,155 780 333,A01,1.0,7.0,2,0,1,1,1.0,
202400000807,155 780 332,A01,3.0,7.0,0,2,8,9,1.0,
202400000808,155 780 331,A01,1.0,33.0,0,6,1,0,1.0,
202400000809,155 780 329,B01,2.0,7.0,0,2,2,1,1.0,
202400000810,155 780 326,A01,1.0,7.0,0,2,1,1,1.0,
202400000811,155 780 325,A01,2.0,7.0,0,2,2,12,2.0,
202400000812,155 780 322,B01,2.0,32.0,0,2,3,1,1.0,
202400000813,155 780 321,A01,2.0,2.0,13,0,1,0,1.0,
202400000814,155 780 319,B01,3.0,31.0,0,2,4,2,1.0,
202400000815,155 780 316,B01,2.0,1.0,0,2,8,16,5.0,
202400000816,155 780 315,A01,2.0,33.0,0,2,3,13,1.0,
202400000817,155 780 314,A01,0.0,50.0,0,1,1,1,3.0,
202400000818,155 780 313,A01,2.0,7.0,12,0,1,14,0.0,
202400000819,155 780 311,B01,3.0,1.0,0,0,8,6,5.0,
202400000820,155 780 309,A01,1.0,7.0,0,2,1,17,2.0,
202400000821,155 780 307,Z01,3.0,7.0,0,9,8,1,0.0,
202400000822,155 780 305,B01,1.0,50.0,0,2,1,2,3.0,
202400000823,155 780 302,A01,0.0,7.0,0,2,0,15,2.0,
202400000824,155 780 301,B01,3.0,34.0,0,2,1,1,1.0,
202400000825,155 780 296,A01,2.0,37.0,0,2,5,17,3.0,1
202400000826,155 780 297,A01,1.0,7.0,0,2,1,9,1.0,
202400000827,155 780 293,A01,1.0,33.0,0,2,1,1,1.0,
202400000828,155 780 292,B01,2.0,1.0,0,2,1,1,5.0,
202400000829,155 780 289,B01,3.0,7.0,0,2,0,0,0.0,
202400000830,155 780 287,A01,1.0,10.0,9,0,1,19,1.0,
202400000831,155 780 288,A01,1.0,7.0,0,2,1,1,1.0,
202400000832,155 780 286,A01,2.0,10.0,3,0,0,1,1.0,
202400000833,155 780 285,A01,2.0,31.0,0,1,2,26,1.0,
202400000834,155 780 283,A01,2.0,7.0,0,2,1,5,1.0,
202400000835,155 780 281,B01,3.0,7.0,0,2,1,1,1.0,
202400000836,155 780 279,A01,1.0,7.0,0,2,1,9,1.0,
202400000837,155 780 277,B01,3.0,33.0,0,2,1,2,1.0,
202400000838,155 780 276,A01,1.0,7.0,0,1,1,1,1.0,
202400000839,155 780 274,B01,2.0,34.0,0,2,7,15,1.0,
202400000840,155 780 271,B01,1.0,1.0,0,2,1,23,5.0,
202400000841,155 780 270,B01,2.0,2.0,0,2,2,15,1.0,
202400000842,155 780 269,A01,3.0,7.0,8,0,7,1,1.0,
202400000843,155 780 266,A01,3.0,7.0,0,2,3,18,1.0,
202400000844,155 780 265,A01,1.0,7.0,0,2,5,16,1.0,
202400000845,155 780 264,A01,3.0,7.0,0,1,7,2,1.0,
202400000846,155 780 263,A01,2.0,30.0,0,0,1,1,1.0,
202400000847,155 780 262,A01,1.0,50.0,0,1,8,1,3.0,
202400000848,155 780 261,A01,3.0,50.0,0,0,0,0,3.0,
202400000849,155 780 259,A01,3.0,7.0,0,0,0,19,1.0,
202400000850,155 780 257,B01,1.0,7.0,0,9,5,16,1.0,
202400000851,155 780 255,A01,1.0,15.0,0,2,2,17,1.0,
202400000852,155 780 254,A01,1.0,7.0,2,0,8,14,1.0,
202400000853,155 780 252,A01,1.0,7.0,0,2,2,1,1.0,
202400000854,155 780 250,A01,1.0,7.0,0,2,4,2,1.0,
202400000855,155 780 246,A01,2.0,7.0,0,2,1,12,1.0,
202400000856,155 780 245,A01,1.0,43.0,4,0,0,16,1.0,
202400000857,155 780 243,B01,1.0,7.0,0,2,7,1,1.0,
202400000858,155 780 242,A01,2.0,33.0,4,0,3,1,1.0,
202400000859,155 780 241,A01,2.0,30.0,3,0,1,1,1.0,
202400000860,155 780 239,A01,2.0,7.0,0,2,1,2,1.0,
202400000861,155 780 238,A01,2.0,10.0,13,0,9,1,1.0,
202400000862,155 780 235,C01,2.0,32.0,0,2,0,2,1.0,
202400000863,155 780 234,A01,2.0,7.0,4,0,2,1,1.0,
202400000864,155 780 232,B01,1.0,7.0,0,1,0,24,1.0,
202400000865,155 780 229,B01,1.0,17.0,0,2,6,1,1.0,
202400000866,155 780 227,A01,3.0,7.0,0,2,7,17,1.0,
202400000867,155 780 225,A01,1.0,10.0,0,2,7,1,1.0,
202400000868,155 780 224,A01,1.0,7.0,0,1,1,2,1.0,
202400000869,155 780 222,B01,1.0,7.0,8,2,2,21,1.0,
202400000870,155 780 221,A01,1.0,7.0,0,1,1,15,1.0,
202400000871,155 780 219,A01,2.0,2.0,0,2,4,15,1.0,
202400000872,155 780 217,A01,1.0,1.0,0,2,8,15,5.0,
202400000873,155 780 214,A01,1.0,33.0,1,0,1,26,1.0,
202400000874,155 780 212,A01,1.0,7.0,1,2,4,1,1.0,
202400000875,155 780 211,A01,2.0,50.0,12,0,1,1,3.0,
202400000876,155 780 208,C01,1.0,7.0,0,0,4,2,1.0,
202400000877,155 780 207,A01,0.0,7.0,0,0,0,0,1.0,
202400000878,155 780 205,A01,0.0,33.0,0,2,1,13,1.0,
202400000879,155 780 204,A01,1.0,7.0,0,1,1,9,1.0,
202400000880,155 780 202,B01,3.0,1.0,0,2,7,1,5.0,
202400000881,155 780 200,A01,1.0,7.0,0,2,2,15,1.0,
202400000882,155 780 198,B01,1.0,10.0,0,2,1,1,1.0,
202400000883,155 780 197,A01,3.0,7.0,0,1,7,1,1.0,
202400000884,155 780 195,B01,1.0,7.0,0,2,2,17,1.0,
202400000885,155 780 194,A01,1.0,33.0,15,0,1,13,1.0,
202400000886,155 780 193,Z01,3.0,7.0,0,1,4,4,1.0,
202400000887,155 780 192,A01,3.0,10.0,0,1,2,21,1.0,
202400000888,155 780 190,B01,3.0,33.0,0,2,5,15,1.0,
202400000889,155 780 188,A01,3.0,7.0,0,2,1,15,1.0,
202400000890,155 780 186,B01,2.0,7.0,0,2,3,15,1.0,
202400000891,155 780 185,A01,2.0,7.0,0,1,7,0,1.0,
202400000892,155 780 184,A01,1.0,7.0,0,2,0,26,0.0,
202400000893,155 780 183,A01,1.0,30.0,12,0,1,14,1.0,
202400000894,155 780 182,A01,3.0,10.0,0,0,7,4,3.0,
202400000895,155 780 181,A01,1.0,7.0,0,1,3,1,1.0,
202400000896,155 780 179,A01,2.0,7.0,0,2,8,19,0.0,
202400000897,155 780 177,A01,3.0,32.0,0,2,7,19,1.0,
202400000898,155 780 176,A01,2.0,7.0,4,0,7,14,1.0,
202400000899,155 780 174,B01,1.0,1.0,0,2,2,1,5.0,
202400000900,155 780 172,B01,1.0,31.0,0,2,8,1,1.0,
202400000901,155 780 171,A01,1.0,7.0,1,0,3,1,1.0,
202400000902,155 780 169,A01,1.0,7.0,0,9,4,20,1.0,
202400000903,155 780 167,B01,1.0,50.0,0,2,8,19,3.0,
202400000904,155 780 166,A01,1.0,7.0,1,0,2,1,1.0,
202400000905,155 780 164,A01,2.0,7.0,0,2,3,16,1.0,
202400000906,155 780 162,A01,2.0,7.0,0,2,3,10,3.0,
202400000907,155 780 160,B01,3.0,1.0,0,2,0,1,5.0,
202400000908,155 780 157,A01,2.0,30.0,0,2,1,1,3.0,
202400000909,155 780 156,A01,2.0,7.0,1,0,1,13,1.0,
202400000910,155 780 154,A01,1.0,7.0,0,2,1,15,1.0,
202400000911,155 780 153,A01,3.0,7.0,0,1,1,14,1.0,
202400000912,155 780 151,A01,1.0,7.0,0,2,7,1,1.0,
202400000913,155 780 150,A01,3.0,7.0,0,0,3,0,1.0,
202400000914,155 780 148,B01,3.0,37.0,0,2,3,1,1.0,8
202400000915,155 780 146,B01,1.0,30.0,0,2,1,1,1.0,
202400000916,155 780 144,A01,2.0,7.0,0,2,1,13,1.0,
202400000917,155 780 143,A01,2.0,30.0,0,1,2,7,1.0,
202400000918,155 780 142,A01,1.0,33.0,12,0,1,13,1.0,
202400000919,155 780 140,A01,2.0,7.0,0,2,1,25,1.0,
202400000920,155 780 138,B01,3.0,1.0,0,2,7,1,5.0,
202400000921,155 780 136,A01,3.0,7.0,0,9,1,15,1.0,
202400000922,155 780 132,A01,2.0,7.0,0,2,3,15,1.0,
202400000923,155 780 130,A01,0.0,10.0,0,2,1,2,1.0,
202400000924,155 780 129,A01,0.0,10.0,0,1,1,15,1.0,
202400000925,155 780 128,A01,1.0,60.0,1,0,1,1,5.0,
202400000926,155 780 127,A01,1.0,30.0,0,0,0,1,1.0,
202400000927,155 780 125,A01,3.0,33.0,0,2,3,1,1.0,
202400000928,155 780 123,B01,3.0,50.0,1,0,2,1,3.0,
202400000929,155 780 121,A01,3.0,7.0,0,2,0,0,0.0,
202400000930,155 780 120,A01,0.0,10.0,0,2,1,19,0.0,
202400000931,155 780 118,A01,3.0,7.0,0,2,1,1,1.0,
202400000932,155 780 116,B01,2.0,33.0,0,2,7,1,1.0,
202400000933,155 780 115,A01,0.0,7.0,0,2,1,5,1.0,
202400000934,155 780 114,A01,2.0,33.0,0,0,0,1,1.0,
202400000935,155 780 113,A01,1.0,33.0,0,0,0,1,1.0,
202400000936,155 780 112,A01,1.0,7.0,16,0,9,0,1.0,
202400000937,155 780 111,A01,1.0,7.0,0,1,3,15,1.0,
202400000938,155 780 110,A01,2.0,7.0,4,0,2,21,1.0,
202400000939,155 780 107,A01,2.0,30.0,0,0,8,1,1.0,
202400000940,155 780 106,A01,2.0,50.0,0,0,8,1,3.0,
202400000941,155 780 104,A01,3.0,7.0,0,2,1,12,0.0,
202400000942,155 780 103,A01,3.0,30.0,0,1,1,16,1.0,
202400000943,155 780 099,B01,2.0,7.0,0,2,1,1,1.0,
202400000944,155 780 098,A01,1.0,10.0,2,0,9,14,6.0,
202400000945,155 780 097,A01,1.0,7.0,15,0,1,0,1.0,
202400000946,155 780 095,B01,2.0,7.0,0,2,3,26,1.0,
202400000947,155 780 093,A01,1.0,7.0,0,2,1,2,1.0,
202400000948,155 780 091,B01,1.0,7.0,0,2,8,1,1.0,
202400000949,155 780 089,A01,1.0,7.0,8,2,3,15,1.0,
202400000950,155 780 087,B01,0.0,50.0,0,2,0,0,3.0,
202400000951,155 780 083,A01,3.0,33.0,0,2,1,1,1.0,
202400000952,155 780 081,A01,3.0,7.0,0,2,1,1,1.0,
202400000953,155 780 080,A01,1.0,7.0,0,1,3,1,1.0,
202400000954,155 780 079,A01,2.0,7.0,2,0,1,1,1.0,
202400000955,155 780 078,A01,0.0,7.0,0,1,1,1,1.0,
202400000956,155 780 077,A01,1.0,7.0,0,1,4,4,1.0,
202400000957,155 780 074,C01,2.0,10.0,0,2,4,1,1.0,
202400000958,155 780 071,A01,3.0,10.0,0,2,0,0,3.0,
202400000959,155 780 070,A01,2.0,7.0,0,1,2,1,1.0,
202400000960,155 780 068,B01,1.0,7.0,0,2,4,1,1.0,
202400000961,155 780 067,A01,3.0,7.0,0,1,1,17,1.0,
202400000962,155 780 065,A01,1.0,7.0,0,2,2,15,1.0,
202400000963,155 780 064,Z01,2.0,7.0,0,1,0,26,1.0,
202400000964,155 780 059,A01,2.0,30.0,0,2,0,3,1.0,
202400000965,155 780 058,A01,1.0,7.0,13,0,3,1,1.0,
202400000966,155 780 057,A01,3.0,7.0,6,0,1,1,1.0,
202400000967,155 780 056,A01,1.0,7.0,0,1,1,15,1.0,
202400000968,155 780 055,A01,1.0,7.0,0,1,2,1,1.0,
202400000969,155 780 053,A01,3.0,7.0,0,9,0,0,1.0,
202400000970,155 780 051,A01,1.0,7.0,13,2,3,13,1.0,
202400000971,155 780 049,B01,1.0,7.0,0,2,4,2,1.0,
202400000972,155 780 047,A01,1.0,7.0,0,2,8,26,1.0,
202400000973,155 780 045,B01,2.0,7.0,0,2,4,1,1.0,
202400000974,155 780 044,A01,2.0,7.0,0,1,1,15,2.0,
202400000975,155 780 043,A01,2.0,31.0,0,0,0,1,1.0,
202400000976,155 780 042,A01,2.0,1.0,0,0,3,21,5.0,
202400000977,155 780 041,A01,2.0,43.0,0,1,1,18,1.0,
202400000978,155 780 039,A01,1.0,1.0,0,2,1,17,5.0,
202400000979,155 780 037,A01,1.0,33.0,0,2,1,1,1.0,
202400000980,155 780 035,A01,3.0,7.0,0,2,1,1,2.0,
202400000981,155 780 034,A01,2.0,2.0,0,1,0,19,3.0,
202400000982,155 780 032,A01,1.0,7.0,0,2,2,9,1.0,
202400000983,155 780 030,Z01,0.0,7.0,0,2,0,0,0.0,
202400000984,155 780 028,A01,1.0,7.0,0,2,2,9,0.0,
202400000985,155 780 026,B01,0.0,7.0,0,2,6,1,1.0,
202400000986,155 780 025,A01,2.0,30.0,0,1,1,1,1.0,
202400000987,155 780 023,A01,2.0,7.0,0,9,2,2,1.0,
202400000988,155 780 021,B01,2.0,7.0,0,2,3,1,1.0,
202400000989,155 780 019,B01,1.0,2.0,0,2,1,2,1.0,
202400000990,155 780 015,B01,1.0,33.0,0,2,1,1,1.0,
202400000991,155 780 014,A01,2.0,7.0,0,2,3,13,1.0,
202400000992,155 780 013,A01,1.0,7.0,13,0,7,1,1.0,
202400000993,155 780 011,A01,1.0,14.0,0,2,1,19,1.0,
202400000994,155 780 009,A01,2.0,7.0,0,2,2,15,1.0,
202400000995,155 780 007,A01,2.0,7.0,0,2,7,1,1.0,
202400000996,155 780 006,A01,1.0,7.0,2,0,1,1,1.0,
202400000997,155 780 004,B01,2.0,7.0,0,2,2,24,1.0,
202400000998,155 780 000,A01,2.0,34.0,0,2,1,2,1.0,
202400000999,155 779 998,C01,1.0,7.0,0,2,2,1,0.0,
202400001000,155 779 996,A01,2.0,10.0,2,0,3,13,1.0,
202400001001,155 779 995,A01,1.0,7.0,4,2,3,13,2.0,
202400001002,155 779 992,A01,2.0,7.0,0,2,3,13,1.0,
202400001003,155 779 993,A01,1.0,7.0,0,1,3,1,1.0,
202400001004,155 779 991,A01,1.0,7.0,0,1,1,16,1.0,
202400001005,155 779 989,A01,3.0,7.0,0,2,1,1,1.0,
202400001006,155 779 987,A01,3.0,7.0,0,2,1,1,3.0,
202400001007,155 779 986,A01,1.0,7.0,0,6,1,1,1.0,
202400001008,155 779 984,A01,0.0,7.0,2,0,2,1,1.0,
202400001009,155 779 981,B01,1.0,50.0,0,2,4,9,3.0,
202400001010,155 779 980,B01,3.0,7.0,0,2,2,1,2.0,
202400001011,155 779 979,A01,2.0,7.0,0,1,1,1,1.0,
202400001012,155 779 976,A01,1.0,7.0,0,2,8,9,0.0,
202400001013,155 779 977,A01,1.0,7.0,15,0,0,25,0.0,
202400001014,155 779 974,A01,1.0,7.0,0,2,6,2,2.0,
202400001015,155 779 972,A01,2.0,7.0,0,2,1,1,1.0,
202400001016,155 779 970,A01,1.0,7.0,0,0,3,13,1.0,
202400001017,155 779 966,A01,2.0,7.0,0,2,1,2,1.0,
202400001018,155 779 967,A01,2.0,7.0,0,2,0,1,1.0,
202400001019,155 779 965,A01,1.0,36.0,0,0,1,1,1.0,
202400001020,155 779 964,A01,3.0,50.0,0,0,1,0,3.0,
202400001021,155 779 962,A01,2.0,7.0,0,0,6,15,0.0,
202400001022,155 779 959,A01,0.0,80.0,0,9,0,0,3.0,
202400001023,155 779 956,A01,2.0,7.0,0,2,1,15,1.0,
202400001024,155 779 955,A01,1.0,7.0,0,2,1,1,0.0,
202400001025,155 779 954,A01,1.0,7.0,9,0,1,13,1.0,
202400001026,155 779 953,A01,2.0,7.0,0,1,1,1,1.0,
202400001027,155 779 951,A01,3.0,7.0,0,9,1,2,1.0,
202400001028,155 779 950,A01,3.0,50.0,0,0,0,1,3.0,
202400001029,155 779 949,A01,3.0,7.0,2,0,1,1,1.0,
202400001030,155 779 947,A01,3.0,30.0,0,1,1,1,0.0,
202400001031,155 779 946,A01,2.0,7.0,0,2,5,4,1.0,
202400001032,155 779 945,A01,1.0,7.0,0,1,2,1,1.0,
202400001033,155 779 942,A01,3.0,30.0,0,0,0,1,1.0,
202400001034,155 779 943,B01,2.0,7.0,0,2,3,16,1.0,
202400001035,155 779 939,B01,1.0,7.0,0,2,3,9,3.0,
202400001036,155 779 940,A01,1.0,43.0,0,1,1,1,1.0,
202400001037,155 779 937,B01,2.0,1.0,0,0,5,1,5.0,
202400001038,155 779 935,A01,1.0,7.0,3,0,3,2,1.0,
202400001039,155 779 936,A01,1.0,50.0,0,0,0,0,3.0,
202400001040,155 779 929,B01,1.0,10.0,0,2,4,2,1.0,
202400001041,155 779 930,A01,3.0,7.0,0,1,1,1,1.0,
202400001042,155 779 927,A01,1.0,33.0,0,2,2,3,1.0,
202400001043,155 779 926,A01,3.0,33.0,0,0,0,1,1.0,
202400001044,155 779 924,A01,2.0,7.0,0,2,1,2,2.0,
202400001045,155 779 922,A01,2.0,32.0,0,2,1,1,1.0,
202400001046,155 779 921,A01,2.0,7.0,4,0,1,0,1.0,
202400001047,155 779 917,A01,1.0,7.0,0,2,1,5,1.0,
202400001048,155 779 918,B01,1.0,36.0,0,2,3,1,1.0,
202400001049,155 779 914,B01,1.0,10.0,0,2,4,23,1.0,
202400001050,155 779 915,A01,3.0,37.0,0,1,5,15,1.0,1
202400001051,155 779 912,B01,2.0,7.0,0,2,2,0,1.0,
202400001052,155 779 910,B01,2.0,37.0,0,2,3,1,6.0,1
202400001053,155 779 909,A01,2.0,31.0,3,0,7,16,1.0,
202400001054,155 779 906,B01,1.0,33.0,0,2,8,3,1.0,
202400001055,155 779 905,A01,1.0,7.0,0,2,1,1,1.0,
202400001056,155 779 902,A01,1.0,50.0,0,2,1,1,3.0,
202400001057,155 779 901,B01,1.0,7.0,0,2,1,1,1.0,
202400001058,155 779 899,A01,2.0,7.0,0,2,4,15,1.0,
202400001059,155 779 896,C01,2.0,7.0,0,2,1,1,2.0,
202400001060,155 779 894,A01,3.0,7.0,0,2,3,15,1.0,
202400001061,155 779 893,A01,1.0,7.0,4,0,7,26,1.0,
202400001062,155 779 892,A01,1.0,7.0,0,1,1,9,1.0,
202400001063,155 779 889,A01,3.0,50.0,12,0,1,1,3.0,
202400001064,155 779 888,Z01,1.0,10.0,0,2,1,2,1.0,
202400001065,155 779 885,A01,2.0,7.0,0,0,0,1,1.0,
202400001066,155 779 884,B01,3.0,30.0,0,2,1,1,0.0,
202400001067,155 779 882,A01,2.0,7.0,0,2,1,2,1.0,
202400001068,155 779 880,B01,2.0,1.0,0,2,2,1,5.0,
202400001069,155 779 878,B01,3.0,50.0,0,2,7,19,3.0,
202400001070,155 779 877,A01,3.0,7.0,1,0,3,13,1.0,
202400001071,155 779 875,A01,0.0,7.0,0,1,6,4,1.0,
202400001072,155 779 874,B01,1.0,32.0,0,2,8,2,1.0,
202400001073,155 779 873,A01,1.0,7.0,9,0,1,13,1.0,
202400001074,155 779 870,B01,2.0,7.0,0,2,3,16,1.0,
202400001075,155 779 869,B01,2.0,7.0,0,2,5,15,1.0,
202400001076,155 779 866,A01,2.0,30.0,0,2,8,1,1.0,
202400001077,155 779 865,A01,1.0,7.0,0,2,1,26,1.0,
202400001078,155 779 864,A01,2.0,7.0,16,0,1,14,1.0,
202400001079,155 779 863,A01,3.0,7.0,1,0,0,0,1.0,
202400001080,155 779 861,A01,2.0,7.0,0,2,1,2,1.0,
202400001081,155 779 859,A01,2.0,7.0,0,2,3,16,1.0,
202400001082,155 779 857,A01,2.0,10.0,0,2,3,15,1.0,
202400001083,155 779 855,A01,1.0,7.0,0,2,0,10,1.0,
202400001084,155 779 853,B01,1.0,50.0,0,2,0,1,3.0,
202400001085,155 779 851,A01,1.0,7.0,0,2,2,1,1.0,
202400001086,155 779 850,A01,1.0,7.0,0,1,8,15,0.0,
202400001087,155 779 847,A01,1.0,7.0,0,2,3,1,1.0,
202400001088,155 779 846,A01,1.0,7.0,11,2,2,8,1.0,
202400001089,155 779 845,A01,1.0,7.0,1,0,2,1,1.0,
202400001090,155 779 844,A01,3.0,50.0,14,1,1,25,3.0,
202400001091,155 779 843,A01,1.0,7.0,4,0,3,1,1.0,
202400001092,155 779 841,B01,3.0,33.0,0,2,1,1,1.0,
202400001093,155 779 840,A01,2.0,7.0,13,0,2,16,1.0,
202400001094,155 779 838,A01,1.0,7.0,2,0,0,15,1.0,
202400001095,155 779 837,A01,3.0,7.0,0,2,2,17,1.0,
202400001096,155 779 836,A01,3.0,7.0,12,0,5,15,1.0,
202400001097,155 779 834,B01,3.0,60.0,0,2,7,19,5.0,
202400001098,155 779 828,A01,3.0,10.0,0,2,1,1,1.0,
202400001099,155 779 827,A01,2.0,31.0,0,2,1,1,1.0,
202400001100,155 779 824,A01,1.0,3.0,0,2,1,1,3.0,
202400001101,155 779 823,A01,3.0,7.0,0,2,2,19,1.0,
202400001102,155 779 821,A01,1.0,7.0,0,2,2,15,1.0,
202400001103,155 779 819,A01,0.0,33.0,0,2,1,0,1.0,
202400001104,155 779 818,A01,1.0,7.0,0,1,1,1,1.0,
202400001105,155 779 817,A01,3.0,7.0,0,1,2,1,1.0,
202400001106,155 779 815,B01,1.0,1.0,0,2,0,26,5.0,
202400001107,155 779 813,A01,1.0,7.0,0,2,3,16,1.0,
202400001108,155 779 812,A01,3.0,7.0,0,1,2,1,1.0,
202400001109,155 779 808,A01,3.0,7.0,2,0,2,1,1.0,
202400001110,155 779 809,A01,2.0,7.0,0,2,3,1,1.0,
202400001111,155 779 806,A01,1.0,7.0,3,0,1,14,1.0,
202400001112,155 779 805,B01,1.0,7.0,0,9,2,1,2.0,
202400001113,155 779 804,A01,2.0,7.0,3,0,1,16,1.0,
202400001114,155 779 802,B01,3.0,80.0,0,2,2,1,3.0,
202400001115,155 779 800,A01,2.0,32.0,0,0,1,19,1.0,
202400001116,155 779 799,A01,3.0,7.0,12,0,1,15,1.0,
202400001117,155 779 798,A01,2.0,17.0,0,1,3,1,1.0,
202400001118,155 779 797,A01,1.0,7.0,0,1,3,1,1.0,
202400001119,155 779 794,A01,2.0,7.0,0,2,1,2,1.0,
202400001120,155 779 796,A01,1.0,7.0,13,0,1,1,1.0,
202400001121,155 779 792,B01,2.0,80.0,0,2,1,1,3.0,
202400001122,155 779 791,A01,1.0,2.0,1,1,1,2,1.0,
202400001123,155 779 787,A01,1.0,7.0,0,1,1,15,1.0,
202400001124,155 779 786,A01,3.0,31.0,0,2,1,1,1.0,
202400001125,155 779 785,A01,2.0,7.0,0,2,1,13,1.0,
202400001126,155 779 782,A01,2.0,31.0,0,2,1,2,1.0,
202400001127,155 779 783,A01,1.0,0.0,0,1,2,0,0.0,
202400001128,155 779 778,A01,1.0,10.0,0,1,8,15,3.0,
202400001129,155 779 780,B01,3.0,31.0,0,2,3,1,1.0,
202400001130,155 779 779,A01,1.0,33.0,0,0,0,1,1.0,
202400001131,155 779 776,A01,1.0,50.0,0,1,8,1,3.0,
202400001132,155 779 775,B01,2.0,2.0,0,2,8,0,1.0,
202400001133,155 779 774,A01,2.0,1.0,0,1,1,3,5.0,
202400001134,155 779 771,A01,3.0,7.0,0,2,1,1,2.0,
202400001135,155 779 770,B01,2.0,33.0,0,2,8,1,1.0,
202400001136,155 779 769,A01,1.0,43.0,2,0,1,13,1.0,
202400001137,155 779 768,A01,3.0,7.0,1,0,6,14,1.0,
202400001138,155 779 767,A01,2.0,80.0,0,0,1,2,3.0,
202400001139,155 779 765,A01,3.0,80.0,14,0,1,15,3.0,
202400001140,155 779 763,B01,3.0,7.0,0,9,3,1,2.0,
202400001141,155 779 764,A01,1.0,7.0,6,0,1,1,1.0,
202400001142,155 779 760,A01,3.0,7.0,0,9,3,9,1.0,
202400001143,155 779 758,A01,2.0,7.0,0,6,1,1,1.0,
202400001144,155 779 757,C01,0.0,38.0,0,2,1,1,1.0,1
202400001145,155 779 755,A01,3.0,7.0,0,2,1,2,1.0,
202400001146,155 779 754,A01,2.0,2.0,15,0,2,1,0.0,
202400001147,155 779 751,B01,1.0,7.0,0,2,1,1,1.0,
202400001148,155 779 748,A01,1.0,32.0,0,0,8,1,1.0,
202400001149,155 779 746,A01,,7.0,0,0,6,0,1.0,
202400001150,155 779 743,A01,2.0,7.0,0,2,4,16,1.0,
202400001151,155 779 739,A01,0.0,7.0,0,2,1,1,1.0,
202400001152,155 779 740,B01,1.0,7.0,0,0,3,26,1.0,
202400001153,155 779 738,A01,1.0,7.0,1,0,0,0,1.0,
202400001154,155 779 735,A01,3.0,7.0,0,2,0,0,1.0,
202400001155,155 779 734,A01,3.0,7.0,0,2,1,13,1.0,
202400001156,155 779 732,A01,3.0,7.0,6,0,3,21,1.0,
202400001157,155 779 730,A01,1.0,31.0,0,1,1,1,1.0,
202400001158,155 779 731,A01,2.0,7.0,0,2,7,13,1.0,
202400001159,155 779 728,A01,2.0,30.0,0,2,2,17,1.0,
202400001160,155 779 727,A01,1.0,10.0,0,1,3,26,1.0,
202400001161,155 779 724,A01,3.0,7.0,0,1,3,1,1.0,
202400001162,155 779 725,A01,2.0,7.0,0,9,2,12,1.0,
202400001163,155 779 723,A01,3.0,30.0,6,0,1,19,1.0,
202400001164,155 779 722,A01,3.0,7.0,2,0,2,1,1.0,
202400001165,155 779 721,A01,0.0,7.0,0,1,3,19,1.0,
202400001166,155 779 719,B01,1.0,33.0,0,2,8,1,1.0,
202400001167,155 779 717,A01,1.0,7.0,13,0,2,1,1.0,
202400001168,155 779 716,A01,1.0,7.0,0,2,1,13,1.0,
202400001169,155 779 714,A01,0.0,7.0,0,2,1,1,3.0,
202400001170,155 779 707,A01,1.0,2.0,0,2,1,1,1.0,
202400001171,155 779 708,B01,2.0,7.0,3,2,4,1,1.0,
202400001172,155 779 706,B01,1.0,7.0,0,2,1,1,1.0,
202400001173,155 779 703,A01,1.0,33.0,0,1,7,1,1.0,
202400001174,155 779 702,A01,3.0,10.0,0,2,3,19,1.0,
202400001175,155 779 701,A01,1.0,33.0,0,2,1,1,1.0,
202400001176,155 779 699,A01,1.0,31.0,0,2,1,13,1.0,
202400001177,155 779 695,A01,2.0,10.0,0,2,1,26,1.0,
202400001178,155 779 696,A01,2.0,32.0,0,1,8,1,1.0,
202400001179,155 779 692,A01,2.0,7.0,0,2,2,12,1.0,
202400001180,155 779 690,A01,1.0,7.0,3,0,8,13,1.0,
202400001181,155 779 689,A01,1.0,10.0,3,0,4,2,1.0,
202400001182,155 779 688,A01,1.0,7.0,0,0,9,12,1.0,
202400001183,155 779 686,A01,2.0,10.0,0,1,2,2,1.0,
202400001184,155 779 685,A01,2.0,7.0,0,2,3,15,2.0,
202400001185,155 779 683,A01,1.0,7.0,0,2,6,2,1.0,
202400001186,155 779 680,A01,1.0,7.0,0,2,2,12,1.0,
202400001187,155 779 677,A01,1.0,7.0,4,2,2,17,2.0,
202400001188,155 779 679,A01,1.0,7.0,8,2,2,16,1.0,
202400001189,155 779 675,B01,1.0,2.0,0,2,7,17,3.0,
202400001190,155 779 674,A01,2.0,15.0,0,0,7,14,1.0,
202400001191,155 779 673,A01,3.0,7.0,0,0,1,0,1.0,