Num_Acc,id_vehicule,num_veh,senc,catv,obs,obsm,choc,manv,motor,occutc
202400001192,155 779 672,A01,1.0,7.0,0,1,1,1,2.0,
202400001193,155 779 669,A01,3.0,31.0,0,0,0,1,1.0,
202400001194,155 779 668,A01,1.0,7.0,0,1,3,1,1.0,
202400001195,155 779 667,A01,1.0,7.0,0,1,1,21,1.0,
202400001196,155 779 663,B01,2.0,7.0,0,2,4,1,1.0,
202400001197,155 779 665,A01,2.0,7.0,13,0,3,1,2.0,
202400001198,155 779 660,B01,2.0,1.0,0,2,1,1,5.0,
202400001199,155 779 657,A01,2.0,7.0,0,2,1,13,1.0,
202400001200,155 779 656,B01,1.0,10.0,0,2,3,15,0.0,
202400001201,155 779 654,A01,1.0,1.0,0,2,1,1,5.0,
202400001202,155 779 653,A01,2.0,7.0,0,1,1,1,1.0,
202400001203,155 779 652,A01,2.0,7.0,4,0,1,1,1.0,
202400001204,155 779 650,A01,2.0,32.0,0,1,8,1,3.0,
202400001205,155 779 649,B01,1.0,7.0,0,0,7,15,1.0,
202400001206,155 779 647,A01,2.0,7.0,0,2,2,15,1.0,
202400001207,155 779 645,A01,2.0,7.0,0,2,3,9,1.0,
202400001208,155 779 643,A01,3.0,10.0,0,1,1,1,1.0,
202400001209,155 779 641,A01,2.0,17.0,0,2,8,13,1.0,
202400001210,155 779 640,B01,1.0,7.0,0,2,1,26,1.0,
202400001211,155 779 639,A01,1.0,33.0,0,1,1,1,1.0,
202400001212,155 779 637,A01,2.0,34.0,0,2,1,1,1.0,
202400001213,155 779 636,A01,3.0,1.0,0,0,0,1,5.0,
202400001214,155 779 635,A01,1.0,7.0,13,0,1,1,1.0,
202400001215,155 779 634,A01,1.0,7.0,1,0,1,13,1.0,
202400001216,155 779 633,A01,3.0,80.0,1,0,0,14,3.0,
202400001217,155 779 632,A01,0.0,2.0,1,0,1,1,1.0,
202400001218,155 779 629,A01,3.0,10.0,0,0,8,1,1.0,
202400001219,155 779 627,B01,1.0,31.0,0,2,4,0,1.0,
202400001220,155 779 625,A01,2.0,7.0,13,0,6,1,1.0,
202400001221,155 779 623,B01,1.0,7.0,0,2,3,1,1.0,
202400001222,155 779 622,A01,2.0,7.0,0,1,1,1,1.0,
202400001223,155 779 621,A01,1.0,7.0,6,0,2,15,1.0,
202400001224,155 779 620,A01,3.0,37.0,0,1,2,1,1.0,1
202400001225,155 779 619,A01,2.0,7.0,0,1,1,16,1.0,
202400001226,155 779 618,A01,2.0,7.0,16,0,8,1,1.0,
202400001227,155 779 616,A01,2.0,10.0,0,2,2,15,1.0,
202400001228,155 779 613,A01,2.0,7.0,7,0,0,17,1.0,
202400001229,155 779 612,A01,1.0,7.0,6,2,2,1,1.0,
202400001230,155 779 609,A01,2.0,7.0,0,1,1,1,2.0,
202400001231,155 779 610,A01,1.0,7.0,0,2,1,1,1.0,
202400001232,155 779 607,A01,2.0,7.0,8,0,1,1,3.0,
202400001233,155 779 606,A01,2.0,7.0,0,2,7,2,1.0,
202400001234,155 779 604,A01,1.0,7.0,0,2,1,1,1.0,
202400001235,155 779 602,A01,0.0,10.0,0,1,1,1,1.0,
202400001236,155 779 600,A01,2.0,7.0,2,0,1,1,1.0,
202400001237,155 779 599,B01,1.0,7.0,0,2,1,1,1.0,
202400001238,155 779 597,B01,1.0,80.0,0,2,2,2,3.0,
202400001239,155 779 596,A01,2.0,16.0,0,0,9,1,1.0,
202400001240,155 779 595,A01,2.0,7.0,0,1,3,5,0.0,
202400001241,155 779 592,B01,1.0,7.0,0,2,3,1,1.0,
202400001242,155 779 591,A01,1.0,7.0,0,2,2,14,1.0,
202400001243,155 779 590,A01,1.0,7.0,0,1,1,15,1.0,
202400001244,155 779 588,A01,1.0,7.0,1,0,2,26,1.0,
202400001245,155 779 585,A01,1.0,7.0,0,2,1,15,1.0,
202400001246,155 779 586,B01,2.0,7.0,0,2,4,2,2.0,
202400001247,155 779 583,B01,0.0,1.0,0,2,7,2,5.0,
202400001248,155 779 582,A01,3.0,33.0,0,6,3,1,1.0,
202400001249,155 779 579,A01,1.0,33.0,0,2,3,1,1.0,
202400001250,155 779 577,A01,1.0,7.0,0,1,1,1,2.0,
202400001251,155 779 578,A01,0.0,7.0,0,2,1,2,1.0,
202400001252,155 779 574,B01,2.0,2.0,0,2,3,1,1.0,
202400001253,155 779 572,B01,1.0,7.0,0,2,8,0,1.0,
202400001254,155 779 571,B01,2.0,7.0,0,2,4,2,1.0,
202400001255,155 779 570,A01,0.0,7.0,0,0,5,1,1.0,
202400001256,155 779 569,A01,1.0,10.0,0,1,2,1,1.0,
202400001257,155 779 565,A01,1.0,7.0,0,2,1,12,1.0,
202400001258,155 779 566,A01,2.0,7.0,0,2,3,1,1.0,
202400001259,155 779 563,A01,2.0,7.0,13,0,0,0,1.0,
202400001260,155 779 562,A01,1.0,7.0,0,2,3,15,2.0,
202400001261,155 779 561,A01,2.0,7.0,12,1,1,0,1.0,
202400001262,155 779 559,A01,1.0,10.0,0,1,1,15,1.0,
202400001263,155 779 558,A01,2.0,7.0,0,2,4,2,1.0,
202400001264,155 779 556,A01,2.0,7.0,0,2,4,1,1.0,
202400001265,155 779 555,A01,1.0,1.0,0,1,2,1,5.0,
202400001266,155 779 553,A01,1.0,7.0,0,2,1,2,2.0,
202400001267,155 779 552,A01,2.0,7.0,13,0,2,14,1.0,
202400001268,155 779 550,A01,1.0,33.0,0,0,0,0,1.0,
202400001269,155 779 547,A01,2.0,7.0,0,2,4,23,1.0,
202400001270,155 779 545,A01,1.0,10.0,0,1,2,9,1.0,
202400001271,155 779 546,B01,2.0,17.0,0,2,4,2,6.0,
202400001272,155 779 541,A01,1.0,50.0,0,2,1,1,3.0,
202400001273,155 779 540,A01,1.0,7.0,0,2,2,12,2.0,
202400001274,155 779 539,A01,2.0,7.0,0,2,4,1,1.0,
202400001275,155 779 532,B01,2.0,32.0,0,2,1,1,1.0,
202400001276,155 779 534,B01,1.0,10.0,0,2,4,0,1.0,
202400001277,155 779 531,B01,2.0,7.0,0,2,4,2,1.0,
202400001278,155 779 527,A01,2.0,7.0,5,0,1,18,1.0,
202400001279,155 779 526,B01,2.0,7.0,0,2,4,0,2.0,
202400001280,155 779 524,B01,3.0,1.0,0,2,7,19,5.0,
202400001281,155 779 522,Z01,1.0,0.0,0,1,0,2,0.0,
202400001282,155 779 521,A01,1.0,7.0,0,2,2,0,0.0,
202400001283,155 779 520,A01,1.0,7.0,13,0,9,13,1.0,
202400001284,155 779 519,A01,2.0,7.0,0,0,1,1,1.0,
202400001285,155 779 517,A01,0.0,7.0,11,0,3,1,1.0,
202400001286,155 779 514,B01,1.0,7.0,0,2,4,1,1.0,
202400001287,155 779 512,B01,3.0,7.0,3,2,1,1,1.0,
202400001288,155 779 511,A01,3.0,7.0,0,2,3,1,1.0,
202400001289,155 779 509,A01,2.0,7.0,4,0,1,1,1.0,
202400001290,155 779 508,B01,1.0,7.0,0,2,9,1,1.0,
202400001291,155 779 505,B01,2.0,7.0,0,2,3,1,1.0,
202400001292,155 779 504,A01,1.0,7.0,0,2,1,2,1.0,
202400001293,155 779 502,A01,2.0,7.0,0,2,1,11,1.0,
202400001294,155 779 500,B01,1.0,7.0,0,9,3,1,1.0,
202400001295,155 779 497,A01,2.0,7.0,0,2,1,1,1.0,
202400001296,155 779 496,A01,1.0,33.0,4,2,1,17,1.0,
202400001297,155 779 493,B01,1.0,7.0,0,9,4,1,1.0,
202400001298,155 779 490,B01,2.0,7.0,0,2,4,1,1.0,
202400001299,155 779 491,B01,1.0,7.0,0,2,6,2,1.0,
202400001300,155 779 487,A01,1.0,7.0,0,2,1,9,1.0,
202400001301,155 779 485,A01,2.0,33.0,0,2,1,2,1.0,
202400001302,155 779 483,C01,1.0,7.0,1,0,1,2,1.0,
202400001303,155 779 482,A01,1.0,33.0,0,0,1,1,1.0,
202400001304,155 779 480,A01,2.0,7.0,2,0,1,1,1.0,
202400001305,155 779 478,A01,1.0,7.0,0,2,3,2,1.0,
202400001306,155 779 476,A01,1.0,7.0,0,2,2,14,1.0,
202400001307,155 779 475,A01,1.0,7.0,7,0,0,0,1.0,
202400001308,155 779 474,A01,3.0,50.0,12,0,1,1,3.0,
202400001309,155 779 472,A01,1.0,33.0,0,0,2,0,1.0,
202400001310,155 779 471,A01,1.0,7.0,0,1,8,19,0.0,
202400001311,155 779 470,A01,1.0,7.0,3,2,1,1,2.0,
202400001312,155 779 468,A01,1.0,7.0,0,2,2,15,1.0,
202400001313,155 779 467,A01,2.0,7.0,4,0,1,1,1.0,
202400001314,155 779 466,A01,1.0,7.0,1,1,3,14,1.0,
202400001315,155 779 462,A01,2.0,7.0,0,2,7,9,1.0,
202400001316,155 779 459,A01,1.0,10.0,0,2,1,1,0.0,
202400001317,155 779 458,A01,3.0,7.0,13,0,4,0,1.0,
202400001318,155 779 453,A01,1.0,7.0,4,0,1,1,1.0,
202400001319,155 779 452,A01,0.0,7.0,0,9,2,2,1.0,
202400001320,155 779 449,A01,1.0,7.0,8,0,1,14,1.0,
202400001321,155 779 446,A01,2.0,7.0,0,2,2,15,1.0,
202400001322,155 779 445,B01,1.0,7.0,0,2,3,1,1.0,
202400001323,155 779 443,A01,1.0,7.0,0,2,1,1,1.0,
202400001324,155 779 441,A01,2.0,7.0,0,2,1,5,1.0,
202400001325,155 779 439,B01,1.0,21.0,0,2,3,14,1.0,
202400001326,155 779 438,A01,2.0,7.0,0,1,2,16,1.0,
202400001327,155 779 435,A01,1.0,33.0,0,2,2,17,1.0,
202400001328,155 779 433,A01,1.0,33.0,13,0,1,2,1.0,
202400001329,155 779 434,A01,2.0,30.0,0,0,0,1,1.0,
202400001330,155 779 430,B01,1.0,7.0,0,2,2,1,1.0,
202400001331,155 779 429,A01,1.0,30.0,0,2,1,1,1.0,
202400001332,155 779 427,B01,1.0,33.0,0,2,2,17,1.0,
202400001333,155 779 425,B01,2.0,80.0,0,2,3,16,3.0,
202400001334,155 779 424,A01,1.0,7.0,10,0,3,1,1.0,
202400001335,155 779 423,A01,1.0,1.0,14,0,1,1,5.0,
202400001336,155 779 421,B01,1.0,7.0,0,2,1,1,1.0,
202400001337,155 779 420,A01,1.0,32.0,0,1,7,1,1.0,
202400001338,155 779 419,A01,,2.0,6,0,1,0,1.0,
202400001339,155 779 416,B01,1.0,7.0,0,2,7,1,1.0,
202400001340,155 779 411,A01,1.0,7.0,0,2,4,1,1.0,
202400001341,155 779 408,A01,1.0,33.0,0,0,8,1,1.0,
202400001342,155 779 406,A01,2.0,7.0,7,0,1,1,1.0,
202400001343,155 779 407,A01,1.0,7.0,0,2,3,15,3.0,
202400001344,155 779 405,A01,3.0,33.0,0,0,9,1,1.0,
202400001345,155 779 404,A01,2.0,1.0,0,0,7,1,5.0,
202400001346,155 779 403,A01,3.0,7.0,6,0,3,13,1.0,
202400001347,155 779 402,A01,2.0,10.0,0,1,1,1,1.0,
202400001348,155 779 401,A01,1.0,33.0,13,0,0,1,1.0,
202400001349,155 779 399,A01,1.0,1.0,0,2,1,19,5.0,
202400001350,155 779 397,A01,2.0,7.0,0,1,3,1,1.0,
202400001351,155 779 396,B01,3.0,10.0,0,2,3,15,1.0,
202400001352,155 779 393,B01,2.0,33.0,0,2,2,1,1.0,
202400001353,155 779 392,B01,1.0,10.0,0,2,4,15,1.0,
202400001354,155 779 390,A01,0.0,7.0,0,1,1,1,1.0,
202400001355,155 779 389,A01,2.0,7.0,0,2,1,0,1.0,
202400001356,155 779 386,A01,3.0,7.0,0,2,1,0,1.0,
202400001357,155 779 385,A01,2.0,50.0,0,2,1,26,3.0,
202400001358,155 779 380,A01,1.0,7.0,0,2,1,16,1.0,
202400001359,155 779 379,A01,1.0,33.0,0,2,1,1,1.0,
202400001360,155 779 376,A01,2.0,7.0,0,2,1,15,1.0,
202400001361,155 779 374,A01,1.0,7.0,2,2,1,13,1.0,
202400001362,155 779 373,A01,1.0,7.0,0,1,1,1,1.0,
202400001363,155 779 369,A01,1.0,32.0,6,0,1,0,1.0,
202400001364,155 779 368,B01,0.0,7.0,0,2,2,1,1.0,
202400001365,155 779 367,A01,3.0,7.0,13,0,1,1,1.0,
202400001366,155 779 366,A01,0.0,7.0,0,1,1,15,1.0,
202400001367,155 779 364,A01,1.0,7.0,0,2,3,15,1.0,
202400001368,155 779 361,A01,2.0,43.0,4,0,7,12,1.0,
202400001369,155 779 362,B01,3.0,7.0,0,2,2,16,1.0,
202400001370,155 779 360,A01,1.0,33.0,6,0,7,17,1.0,
202400001371,155 779 358,A01,1.0,7.0,5,0,2,1,1.0,
202400001372,155 779 359,A01,1.0,7.0,0,1,1,1,3.0,
202400001373,155 779 356,A01,1.0,7.0,0,2,0,11,1.0,
202400001374,155 779 352,A01,2.0,50.0,0,2,1,25,3.0,
202400001375,155 779 351,A01,2.0,7.0,0,0,1,26,1.0,
202400001376,155 779 349,A01,1.0,33.0,0,0,0,1,1.0,
202400001377,155 779 348,B01,3.0,7.0,0,2,1,1,1.0,
202400001378,155 779 346,A01,2.0,7.0,3,2,1,2,1.0,
202400001379,155 779 344,A01,1.0,7.0,0,2,4,16,1.0,
202400001380,155 779 343,A01,1.0,33.0,0,0,1,0,1.0,
202400001381,155 779 342,A01,2.0,33.0,3,0,2,1,1.0,
202400001382,155 779 340,A01,1.0,30.0,0,2,1,1,1.0,
202400001383,155 779 339,A01,3.0,7.0,0,1,1,1,1.0,
202400001384,155 779 335,A01,1.0,7.0,0,2,3,13,1.0,
202400001385,155 779 336,A01,1.0,7.0,0,2,2,15,1.0,
202400001386,155 779 334,A01,2.0,33.0,2,0,1,1,0.0,
202400001387,155 779 332,A01,2.0,33.0,0,2,1,17,1.0,
202400001388,155 779 331,A01,2.0,7.0,17,0,1,17,1.0,
202400001389,155 779 329,A01,1.0,7.0,0,2,3,13,1.0,
202400001390,155 779 327,A01,0.0,7.0,0,1,1,1,1.0,
202400001391,155 779 325,A01,3.0,7.0,0,0,9,1,1.0,
202400001392,155 779 324,B01,1.0,7.0,0,2,4,0,1.0,
202400001393,155 779 323,A01,1.0,7.0,0,1,5,1,1.0,
202400001394,155 779 320,B01,2.0,17.0,0,0,5,2,1.0,
202400001395,155 779 318,A01,1.0,33.0,0,2,1,1,1.0,
202400001396,155 779 315,A01,1.0,7.0,0,2,1,2,1.0,
202400001397,155 779 311,B01,1.0,7.0,0,2,4,23,1.0,
202400001398,155 779 310,C01,0.0,7.0,0,2,3,1,1.0,
202400001399,155 779 308,B01,1.0,7.0,3,2,1,2,2.0,
202400001400,155 779 305,B01,3.0,50.0,0,2,7,1,3.0,
202400001401,155 779 304,A01,1.0,7.0,0,1,2,2,1.0,
202400001402,155 779 303,A01,2.0,7.0,0,2,1,2,1.0,
202400001403,155 779 301,A01,2.0,7.0,0,2,9,14,1.0,
202400001404,155 779 300,A01,1.0,7.0,0,2,1,13,1.0,
202400001405,155 779 299,A01,1.0,7.0,1,1,2,25,3.0,
202400001406,155 779 296,A01,2.0,80.0,0,0,0,0,3.0,
202400001407,155 779 295,A01,1.0,7.0,4,2,1,2,1.0,
202400001408,155 779 293,A01,1.0,7.0,16,0,0,13,1.0,
202400001409,155 779 294,A01,1.0,7.0,16,2,1,26,1.0,
202400001410,155 779 291,A01,3.0,7.0,0,2,1,1,1.0,
202400001411,155 779 290,A01,3.0,50.0,0,1,1,1,3.0,
202400001412,155 779 287,B01,2.0,7.0,0,2,2,1,1.0,
202400001413,155 779 286,A01,1.0,7.0,0,2,2,13,1.0,
202400001414,155 779 284,B01,2.0,7.0,0,2,4,1,3.0,
202400001415,155 779 281,A01,3.0,7.0,0,2,3,13,1.0,
202400001416,155 779 279,A01,2.0,50.0,8,0,1,1,3.0,
202400001417,155 779 278,A01,2.0,7.0,0,0,9,17,1.0,
202400001418,155 779 276,A01,2.0,7.0,0,2,4,1,2.0,
202400001419,155 779 273,A01,2.0,10.0,0,2,2,1,1.0,
202400001420,155 779 272,A01,0.0,50.0,0,0,0,0,3.0,
202400001421,155 779 271,A01,0.0,7.0,8,0,1,1,1.0,
202400001422,155 779 270,A01,1.0,7.0,13,0,1,13,1.0,
202400001423,155 779 268,A01,3.0,7.0,0,2,2,1,6.0,
202400001424,155 779 267,A01,0.0,7.0,2,0,9,1,1.0,
202400001425,155 779 264,A01,1.0,10.0,4,0,1,1,1.0,
202400001426,155 779 262,A01,2.0,7.0,0,1,1,1,1.0,
202400001427,155 779 259,A01,1.0,7.0,6,0,1,14,1.0,
202400001428,155 779 260,A01,1.0,10.0,0,2,4,1,1.0,
202400001429,155 779 258,A01,2.0,7.0,0,0,3,15,1.0,
202400001430,155 779 254,B01,1.0,7.0,0,2,1,1,1.0,
202400001431,155 779 253,B01,1.0,7.0,0,2,3,0,1.0,
202400001432,155 779 252,A01,2.0,7.0,0,2,4,1,1.0,
202400001433,155 779 248,B01,2.0,7.0,0,2,3,13,1.0,
202400001434,155 779 247,A01,1.0,7.0,0,2,1,2,1.0,
202400001435,155 779 246,A01,1.0,7.0,13,0,1,1,1.0,
202400001436,155 779 245,A01,2.0,7.0,8,2,1,2,1.0,
202400001437,155 779 243,A01,2.0,33.0,0,2,1,5,1.0,
202400001438,155 779 242,A01,1.0,7.0,0,1,6,10,1.0,
202400001439,155 779 239,B01,1.0,50.0,0,2,1,1,3.0,
202400001440,155 779 237,A01,2.0,10.0,13,0,1,0,1.0,
202400001441,155 779 234,A01,2.0,7.0,0,2,0,1,1.0,
202400001442,155 779 233,B01,2.0,7.0,0,2,1,16,1.0,
202400001443,155 779 231,B01,1.0,33.0,0,2,7,3,1.0,
202400001444,155 779 225,D01,2.0,7.0,0,2,2,23,1.0,
202400001445,155 779 224,A01,2.0,7.0,0,2,8,11,1.0,
202400001446,155 779 222,B01,0.0,7.0,0,2,8,1,1.0,
202400001447,155 779 221,A01,3.0,40.0,0,1,3,1,3.0,
202400001448,155 779 219,A01,2.0,33.0,0,2,3,18,1.0,
202400001449,155 779 217,A01,0.0,7.0,0,2,1,1,1.0,
202400001450,155 779 215,A01,2.0,50.0,0,2,1,1,3.0,
202400001451,155 779 213,A01,0.0,7.0,0,2,1,1,1.0,
202400001452,155 779 212,A01,0.0,7.0,1,0,1,1,1.0,
202400001453,155 779 208,B01,1.0,7.0,0,2,1,2,1.0,
202400001454,155 779 206,A01,2.0,2.0,0,2,1,2,1.0,
202400001455,155 779 205,A01,1.0,7.0,0,1,1,26,1.0,
202400001456,155 779 202,A01,1.0,7.0,12,2,1,11,1.0,
202400001457,155 779 200,A01,3.0,7.0,0,2,1,1,1.0,
202400001458,155 779 198,C01,2.0,7.0,1,0,4,24,1.0,
202400001459,155 779 195,C01,2.0,7.0,0,2,4,2,1.0,
202400001460,155 779 193,A01,1.0,43.0,0,2,6,1,1.0,
202400001461,155 779 191,B01,2.0,32.0,0,2,2,1,1.0,
202400001462,155 779 189,A01,2.0,32.0,0,2,1,5,1.0,
202400001463,155 779 188,A01,1.0,10.0,1,1,1,24,1.0,
202400001464,155 779 186,B01,1.0,33.0,0,2,4,1,1.0,
202400001465,155 779 185,Z01,0.0,1.0,0,1,2,25,5.0,
202400001466,155 779 183,B01,1.0,7.0,0,2,1,1,1.0,
202400001467,155 779 182,A01,1.0,7.0,0,1,2,1,2.0,
202400001468,155 779 180,A01,1.0,1.0,0,2,1,1,5.0,
202400001469,155 779 178,A01,1.0,7.0,0,2,2,15,2.0,
202400001470,155 779 177,Z01,1.0,7.0,0,1,1,15,3.0,
202400001471,155 779 176,A01,1.0,50.0,12,0,1,21,3.0,
202400001472,155 779 175,A01,1.0,7.0,0,1,2,1,1.0,
202400001473,155 779 174,A01,2.0,1.0,0,1,1,1,5.0,
202400001474,155 779 173,A01,1.0,32.0,0,0,1,21,1.0,
202400001475,155 779 171,A01,1.0,32.0,0,2,1,5,1.0,
202400001476,155 779 169,A01,3.0,30.0,0,2,8,18,1.0,
202400001477,155 779 167,A01,2.0,7.0,0,2,1,1,1.0,
202400001478,155 779 166,A01,3.0,7.0,13,0,1,26,1.0,
202400001479,155 779 164,A01,0.0,34.0,0,2,4,12,1.0,
202400001480,155 779 163,A01,1.0,7.0,0,1,1,12,0.0,
202400001481,155 779 161,A01,3.0,30.0,0,2,2,0,0.0,
202400001482,155 779 159,B01,1.0,10.0,0,2,5,11,1.0,
202400001483,155 779 158,A01,0.0,10.0,0,1,1,15,1.0,
202400001484,155 779 156,B01,3.0,7.0,0,2,3,1,1.0,
202400001485,155 779 155,A01,1.0,7.0,2,1,2,9,1.0,
202400001486,155 779 154,A01,1.0,7.0,0,1,1,1,1.0,
202400001487,155 779 152,A01,2.0,7.0,0,9,3,15,1.0,
202400001488,155 779 150,A01,0.0,32.0,0,2,2,15,1.0,
202400001489,155 779 149,A01,0.0,7.0,0,1,3,15,1.0,
202400001490,155 779 147,A01,1.0,32.0,0,0,8,24,1.0,
202400001491,155 779 146,A01,3.0,32.0,0,1,7,1,1.0,
202400001492,155 779 145,A01,3.0,43.0,1,0,2,14,1.0,
202400001493,155 779 143,B01,0.0,99.0,0,2,8,15,1.0,
202400001494,155 779 141,A01,2.0,7.0,0,2,1,2,1.0,
202400001495,155 779 140,A01,0.0,80.0,1,2,1,22,3.0,
202400001496,155 779 138,B01,2.0,32.0,0,2,3,1,1.0,
202400001497,155 779 136,A01,2.0,7.0,0,2,1,1,1.0,
202400001498,155 779 134,A01,1.0,7.0,0,2,1,2,1.0,
202400001499,155 779 132,Y01,3.0,1.0,0,2,0,0,5.0,
202400001500,155 779 130,A01,1.0,7.0,0,2,3,15,1.0,
202400001501,155 779 128,A01,1.0,7.0,0,2,3,1,1.0,
202400001502,155 779 126,A01,1.0,3.0,0,9,1,1,1.0,
202400001503,155 779 125,A01,3.0,7.0,2,0,3,0,1.0,
202400001504,155 779 123,A01,0.0,10.0,0,2,8,9,1.0,
202400001505,155 779 122,A01,0.0,7.0,0,1,3,15,1.0,
202400001506,155 779 121,A01,1.0,7.0,0,1,7,15,6.0,
202400001507,155 779 120,A01,0.0,50.0,0,1,0,0,3.0,
202400001508,155 779 118,B01,2.0,7.0,0,2,1,13,1.0,
202400001509,155 779 117,A01,1.0,7.0,6,9,3,1,1.0,
202400001510,155 779 115,A01,3.0,10.0,0,2,1,16,1.0,
202400001511,155 779 113,B01,1.0,7.0,0,2,7,17,1.0,
202400001512,155 779 112,A01,2.0,7.0,7,0,1,1,1.0,
202400001513,155 779 110,A01,1.0,7.0,0,0,3,15,1.0,
202400001514,155 779 108,A01,2.0,7.0,0,2,3,1,1.0,
202400001515,155 779 104,A01,1.0,7.0,0,2,1,13,1.0,
202400001516,155 779 102,B01,2.0,33.0,0,0,9,21,1.0,
202400001517,155 779 101,A01,1.0,14.0,0,1,2,1,1.0,
202400001518,155 779 100,A01,1.0,7.0,16,0,2,1,1.0,
202400001519,155 779 098,A01,1.0,2.0,0,2,1,1,1.0,
202400001520,155 779 097,A01,1.0,7.0,13,0,3,13,1.0,
202400001521,155 779 094,A01,1.0,2.0,0,9,8,0,1.0,
202400001522,155 779 092,B01,2.0,7.0,0,2,3,15,1.0,
202400001523,155 779 091,A01,1.0,7.0,2,0,2,14,1.0,
202400001524,155 779 089,A01,1.0,33.0,0,2,1,17,1.0,
202400001525,155 779 086,A01,2.0,7.0,0,2,1,1,1.0,
202400001526,155 779 084,B01,1.0,2.0,0,2,2,1,1.0,
202400001527,155 779 083,A01,2.0,10.0,0,5,1,0,1.0,
202400001528,155 779 082,A01,3.0,15.0,0,1,5,9,1.0,
202400001529,155 779 081,A01,1.0,31.0,12,0,1,1,1.0,
202400001530,155 779 080,A01,1.0,7.0,13,0,1,1,1.0,
202400001531,155 779 078,A01,3.0,33.0,0,2,1,1,1.0,
202400001532,155 779 076,B01,0.0,33.0,0,2,1,1,1.0,
202400001533,155 779 074,A01,1.0,10.0,0,2,2,15,1.0,
202400001534,155 779 072,A01,2.0,33.0,0,2,1,2,1.0,
202400001535,155 779 070,B01,2.0,2.0,0,2,1,1,1.0,
202400001536,155 779 068,A01,3.0,33.0,0,2,1,1,1.0,
202400001537,155 779 066,B01,1.0,30.0,0,2,7,1,1.0,
202400001538,155 779 064,A01,1.0,32.0,0,2,1,1,1.0,
202400001539,155 779 062,B01,2.0,33.0,0,2,3,0,1.0,
202400001540,155 779 060,C01,0.0,2.0,0,2,0,0,0.0,
202400001541,155 779 058,A01,1.0,7.0,1,0,2,14,1.0,
202400001542,155 779 056,B01,2.0,15.0,0,2,5,16,1.0,
202400001543,155 779 054,A01,3.0,3.0,0,2,3,26,1.0,
202400001544,155 779 052,A01,3.0,7.0,0,2,2,19,1.0,
202400001545,155 779 050,A01,2.0,10.0,0,2,3,9,1.0,
202400001546,155 779 048,A01,3.0,7.0,0,2,1,15,1.0,
202400001547,155 779 046,A01,2.0,7.0,9,2,8,15,1.0,
202400001548,155 779 044,B01,1.0,50.0,0,2,0,0,3.0,
202400001549,155 779 042,A01,2.0,33.0,0,2,1,3,1.0,
202400001550,155 779 041,B01,1.0,1.0,0,1,0,1,5.0,
202400001551,155 779 040,A01,1.0,80.0,0,1,1,1,3.0,
202400001552,155 779 038,A01,3.0,7.0,1,2,1,1,1.0,
202400001553,155 779 035,A01,1.0,1.0,0,2,1,19,5.0,
202400001554,155 779 033,B01,1.0,1.0,0,2,8,1,5.0,
202400001555,155 779 031,B01,1.0,10.0,0,2,7,15,1.0,
202400001556,155 779 030,A01,3.0,7.0,0,1,1,16,2.0,
202400001557,155 779 028,A01,1.0,7.0,0,2,2,1,2.0,
202400001558,155 779 027,A01,3.0,7.0,0,1,8,1,2.0,
202400001559,155 779 026,A01,2.0,32.0,0,1,1,1,1.0,
202400001560,155 779 024,A01,1.0,32.0,0,2,8,7,1.0,
202400001561,155 779 022,A01,0.0,33.0,4,0,1,1,0.0,
202400001562,155 779 021,B01,3.0,21.0,0,2,1,1,1.0,
202400001563,155 779 020,A01,3.0,7.0,0,1,1,19,1.0,
202400001564,155 779 017,B01,3.0,7.0,0,2,1,1,1.0,
202400001565,155 779 016,A01,3.0,7.0,0,2,3,1,1.0,
202400001566,155 779 013,Z01,1.0,7.0,3,2,1,1,1.0,
202400001567,155 779 012,B01,2.0,2.0,0,2,1,1,1.0,
202400001568,155 779 009,A01,1.0,7.0,16,2,0,0,1.0,
202400001569,155 779 006,A01,3.0,1.0,0,0,1,1,5.0,
202400001570,155 779 005,B01,1.0,1.0,0,2,1,1,5.0,
202400001571,155 779 001,C01,3.0,7.0,0,2,4,2,1.0,
202400001572,155 779 000,B01,1.0,33.0,0,2,1,1,1.0,
202400001573,155 778 997,A01,1.0,10.0,0,2,4,4,1.0,
202400001574,155 778 996,B01,2.0,7.0,0,2,1,19,6.0,
202400001575,155 778 994,A01,3.0,7.0,0,2,1,2,1.0,
202400001576,155 778 992,A01,1.0,1.0,0,2,8,1,5.0,
202400001577,155 778 990,A01,2.0,7.0,0,2,7,15,1.0,
202400001578,155 778 988,A01,0.0,30.0,0,2,1,1,1.0,
202400001579,155 778 987,A01,2.0,7.0,16,0,0,14,1.0,
202400001580,155 778 985,A01,2.0,30.0,0,2,8,17,3.0,
202400001581,155 778 983,A01,0.0,42.0,0,0,0,0,1.0,
202400001582,155 778 980,A01,1.0,33.0,0,2,1,10,3.0,
202400001583,155 778 979,A01,2.0,7.0,0,2,3,1,1.0,
202400001584,155 778 978,A01,1.0,10.0,0,1,4,4,1.0,
202400001585,155 778 977,A01,1.0,7.0,0,1,1,1,1.0,
202400001586,155 778 975,A01,1.0,7.0,0,2,3,17,1.0,
202400001587,155 778 974,A01,2.0,10.0,0,1,1,15,1.0,
202400001588,155 778 972,A01,2.0,7.0,6,0,1,1,1.0,