Num_Acc,id_vehicule,num_veh,senc,catv,obs,obsm,choc,manv,motor,occutc
202400001589,155 778 971,A01,1.0,7.0,0,2,1,19,1.0,
202400001590,155 778 970,A01,2.0,7.0,3,0,9,2,1.0,
202400001591,155 778 968,B01,2.0,33.0,0,2,1,1,1.0,
202400001592,155 778 967,A01,2.0,7.0,8,0,9,1,1.0,
202400001593,155 778 965,A01,2.0,33.0,0,2,1,1,1.0,
202400001594,155 778 963,A01,2.0,33.0,0,2,3,0,1.0,
202400001595,155 778 961,A01,1.0,7.0,0,2,1,1,1.0,
202400001596,155 778 960,A01,1.0,7.0,6,0,3,1,0.0,
202400001597,155 778 959,A01,3.0,7.0,6,0,1,1,1.0,
202400001598,155 778 958,A01,3.0,7.0,11,0,1,1,1.0,
202400001599,155 778 956,A01,1.0,33.0,13,0,1,1,1.0,
202400001600,155 778 954,A01,2.0,7.0,6,0,2,0,1.0,
202400001601,155 778 951,B01,3.0,7.0,0,2,3,1,1.0,
202400001602,155 778 949,A01,0.0,7.0,0,2,1,19,1.0,
202400001603,155 778 948,A01,2.0,7.0,0,1,1,1,3.0,
202400001604,155 778 946,A01,0.0,7.0,6,0,1,14,1.0,
202400001605,155 778 947,A01,2.0,2.0,0,0,8,15,1.0,
202400001606,155 778 945,A01,1.0,7.0,13,0,9,26,1.0,
202400001607,155 778 941,B01,2.0,7.0,0,2,8,1,1.0,
202400001608,155 778 938,A01,1.0,7.0,0,2,3,17,1.0,
202400001609,155 778 937,A01,1.0,7.0,0,2,1,15,0.0,
202400001610,155 778 933,A01,1.0,10.0,13,2,5,1,1.0,
202400001611,155 778 934,B01,1.0,1.0,0,2,3,9,5.0,
202400001612,155 778 931,A01,1.0,33.0,5,0,1,1,1.0,
202400001613,155 778 930,B01,1.0,7.0,0,2,7,1,1.0,
202400001614,155 778 928,A01,1.0,7.0,0,2,1,11,1.0,
202400001615,155 778 927,A01,3.0,10.0,0,1,4,20,1.0,
202400001616,155 778 925,A01,1.0,31.0,0,0,9,1,1.0,
202400001617,155 778 924,A01,1.0,2.0,0,2,3,1,1.0,
202400001618,155 778 923,A01,2.0,36.0,0,0,0,0,1.0,
202400001619,155 778 922,A01,3.0,7.0,0,0,1,16,1.0,
202400001620,155 778 921,A01,2.0,33.0,3,0,0,1,1.0,
202400001621,155 778 919,A01,1.0,33.0,0,0,7,10,1.0,
202400001622,155 778 915,B01,1.0,17.0,0,0,6,1,1.0,
202400001623,155 778 914,A01,2.0,7.0,2,0,3,19,2.0,
202400001624,155 778 912,A01,2.0,7.0,2,0,8,1,1.0,
202400001625,155 778 911,A01,2.0,10.0,0,2,1,11,1.0,
202400001626,155 778 910,A01,1.0,33.0,13,0,2,17,1.0,
202400001627,155 778 908,A01,2.0,15.0,3,0,7,15,1.0,
202400001628,155 778 907,A01,2.0,32.0,0,2,7,17,1.0,
202400001629,155 778 903,C01,0.0,1.0,0,9,1,1,5.0,
202400001630,155 778 902,A01,2.0,31.0,0,2,1,5,1.0,
202400001631,155 778 899,A01,1.0,7.0,7,0,6,19,1.0,
202400001632,155 778 898,A01,1.0,7.0,2,2,4,1,1.0,
202400001633,155 778 896,A01,2.0,7.0,0,2,2,15,1.0,
202400001634,155 778 895,A01,0.0,50.0,0,1,1,7,3.0,
202400001635,155 778 891,B01,1.0,7.0,0,2,7,1,1.0,
202400001636,155 778 890,A01,1.0,7.0,0,2,3,1,1.0,
202400001637,155 778 888,A01,2.0,7.0,0,1,6,20,1.0,
202400001638,155 778 887,A01,2.0,7.0,0,2,1,13,1.0,
202400001639,155 778 885,A01,2.0,7.0,6,0,1,1,1.0,
202400001640,155 778 882,A01,1.0,7.0,0,0,1,15,1.0,
202400001641,155 778 881,A01,1.0,7.0,0,0,6,1,1.0,
202400001642,155 778 878,A01,1.0,7.0,13,2,9,1,1.0,
202400001643,155 778 877,A01,2.0,15.0,0,2,3,1,1.0,
202400001644,155 778 875,A01,0.0,7.0,0,1,1,1,1.0,
202400001645,155 778 876,A01,2.0,33.0,0,0,0,26,1.0,
202400001646,155 778 874,A01,2.0,33.0,12,0,9,1,1.0,
202400001647,155 778 873,A01,1.0,14.0,0,1,2,1,0.0,
202400001648,155 778 870,A01,1.0,2.0,0,2,1,17,1.0,
202400001649,155 778 869,A01,2.0,31.0,0,2,1,13,1.0,
202400001650,155 778 867,A01,1.0,7.0,0,2,6,16,1.0,
202400001651,155 778 864,A01,0.0,1.0,0,2,4,16,5.0,
202400001652,155 778 862,C01,2.0,33.0,0,0,4,23,1.0,
202400001653,155 778 860,A01,1.0,7.0,2,0,7,14,1.0,
202400001654,155 778 859,A01,3.0,7.0,0,2,2,5,1.0,
202400001655,155 778 857,A01,0.0,7.0,0,2,3,1,2.0,
202400001656,155 778 856,A01,2.0,7.0,2,0,1,1,1.0,
202400001657,155 778 855,A01,3.0,7.0,0,1,4,4,1.0,
202400001658,155 778 852,A01,1.0,7.0,0,2,3,15,1.0,
202400001659,155 778 851,A01,3.0,2.0,0,2,1,1,1.0,
202400001660,155 778 849,A01,2.0,7.0,0,2,1,17,1.0,
202400001661,155 778 847,B01,0.0,35.0,0,2,8,0,1.0,
202400001662,155 778 846,A01,3.0,33.0,8,0,3,1,1.0,
202400001663,155 778 842,A01,2.0,7.0,0,2,1,15,1.0,
202400001664,155 778 841,A01,1.0,2.0,8,0,1,14,1.0,
202400001665,155 778 840,A01,2.0,1.0,0,0,0,16,5.0,
202400001666,155 778 839,A01,3.0,33.0,13,0,1,1,1.0,
202400001667,155 778 838,A01,1.0,13.0,0,0,5,1,1.0,
202400001668,155 778 835,A01,1.0,7.0,0,2,2,1,1.0,
202400001669,155 778 834,A01,3.0,2.0,0,2,7,1,1.0,
202400001670,155 778 832,A01,1.0,7.0,0,2,1,2,1.0,
202400001671,155 778 831,A01,1.0,7.0,6,0,2,1,1.0,
202400001672,155 778 828,A01,2.0,10.0,0,2,1,1,1.0,
202400001673,155 778 825,A01,2.0,33.0,0,2,3,2,1.0,
202400001674,155 778 824,B01,2.0,10.0,0,2,1,1,1.0,
202400001675,155 778 821,B01,1.0,37.0,0,2,3,1,1.0,4
202400001676,155 778 820,A01,1.0,7.0,0,2,2,1,1.0,
202400001677,155 778 818,B01,3.0,7.0,0,2,5,22,1.0,
202400001678,155 778 815,A01,2.0,33.0,0,2,1,17,1.0,
202400001679,155 778 814,B01,3.0,7.0,0,2,3,1,1.0,
202400001680,155 778 813,A01,1.0,33.0,0,1,1,2,1.0,
202400001681,155 778 812,A01,2.0,33.0,16,0,9,1,1.0,
202400001682,155 778 811,A01,2.0,30.0,0,1,1,14,1.0,
202400001683,155 778 810,A01,0.0,7.0,0,1,1,1,1.0,
202400001684,155 778 807,A01,3.0,3.0,0,1,1,0,1.0,
202400001685,155 778 805,A01,1.0,7.0,0,2,2,15,1.0,
202400001686,155 778 802,A01,1.0,7.0,0,2,2,16,0.0,
202400001687,155 778 801,B01,1.0,7.0,0,2,1,0,1.0,
202400001688,155 778 800,Z01,2.0,30.0,0,1,0,1,0.0,
202400001689,155 778 799,A01,1.0,1.0,1,0,1,1,5.0,
202400001690,155 778 797,A01,1.0,1.0,0,2,1,13,5.0,
202400001691,155 778 796,A01,1.0,7.0,0,0,9,1,1.0,
202400001692,155 778 793,B01,3.0,7.0,0,2,1,1,1.0,
202400001693,155 778 794,A01,1.0,31.0,1,0,1,1,1.0,
202400001694,155 778 790,A01,2.0,33.0,0,2,2,3,1.0,
202400001695,155 778 789,B01,1.0,33.0,0,0,4,23,1.0,
202400001696,155 778 788,A01,2.0,7.0,0,2,4,23,3.0,
202400001697,155 778 786,A01,3.0,7.0,0,2,0,0,1.0,
202400001698,155 778 785,A01,1.0,33.0,0,0,1,1,1.0,
202400001699,155 778 784,A01,3.0,7.0,0,1,3,0,1.0,
202400001700,155 778 782,A01,1.0,10.0,0,2,5,12,1.0,
202400001701,155 778 781,A01,1.0,50.0,15,0,1,1,3.0,
202400001702,155 778 780,A01,1.0,7.0,3,0,8,0,1.0,
202400001703,155 778 776,A01,2.0,7.0,4,2,1,1,1.0,
202400001704,155 778 774,C01,1.0,7.0,0,2,4,23,1.0,
202400001705,155 778 772,A01,2.0,7.0,0,1,2,9,1.0,
202400001706,155 778 770,A01,1.0,7.0,0,2,7,14,1.0,
202400001707,155 778 769,A01,1.0,7.0,0,1,2,1,1.0,
202400001708,155 778 768,A01,3.0,7.0,6,0,1,1,1.0,
202400001709,155 778 764,A01,3.0,7.0,0,2,1,1,1.0,
202400001710,155 778 761,A01,3.0,7.0,0,1,1,1,1.0,
202400001711,155 778 760,B01,2.0,7.0,0,2,4,2,1.0,
202400001712,155 778 757,A01,1.0,33.0,0,2,8,26,1.0,
202400001713,155 778 755,A01,1.0,7.0,4,2,2,12,1.0,
202400001714,155 778 753,A01,1.0,10.0,0,2,1,0,6.0,
202400001715,155 778 751,A01,1.0,7.0,0,2,1,2,1.0,
202400001716,155 778 749,A01,0.0,7.0,0,2,1,15,1.0,
202400001717,155 778 747,B01,1.0,14.0,1,0,2,11,1.0,
202400001718,155 778 743,B01,2.0,1.0,0,2,3,1,5.0,
202400001719,155 778 742,A01,1.0,7.0,5,0,3,26,1.0,
202400001720,155 778 740,B01,3.0,7.0,0,2,4,4,1.0,
202400001721,155 778 739,A01,2.0,7.0,0,1,2,1,1.0,
202400001722,155 778 736,A01,1.0,7.0,0,2,1,16,2.0,
202400001723,155 778 735,A01,1.0,7.0,0,2,3,13,1.0,
202400001724,155 778 734,A01,1.0,7.0,3,0,1,1,1.0,
202400001725,155 778 732,A01,2.0,7.0,0,1,2,1,1.0,
202400001726,155 778 731,A01,2.0,7.0,0,2,1,1,1.0,
202400001727,155 778 728,A01,2.0,7.0,0,2,3,20,1.0,
202400001728,155 778 727,B01,1.0,10.0,0,2,5,1,1.0,
202400001729,155 778 726,A01,2.0,7.0,8,0,2,1,1.0,
202400001730,155 778 724,A01,3.0,32.0,0,2,5,17,1.0,
202400001731,155 778 722,B01,2.0,7.0,0,2,4,23,1.0,
202400001732,155 778 719,A01,2.0,7.0,0,2,2,1,1.0,
202400001733,155 778 720,A01,0.0,7.0,0,1,1,17,1.0,
202400001734,155 778 718,A01,2.0,7.0,4,0,0,1,1.0,
202400001735,155 778 716,B01,0.0,7.0,0,2,3,1,1.0,
202400001736,155 778 713,A01,2.0,33.0,0,2,8,11,1.0,
202400001737,155 778 712,B01,1.0,7.0,0,2,4,23,1.0,
202400001738,155 778 709,A01,3.0,7.0,0,2,1,5,1.0,
202400001739,155 778 708,B01,2.0,7.0,0,2,1,15,1.0,
202400001740,155 778 706,B01,2.0,7.0,0,2,2,1,1.0,
202400001741,155 778 704,A01,1.0,30.0,0,2,1,1,1.0,
202400001742,155 778 703,A01,1.0,7.0,0,1,1,1,1.0,
202400001743,155 778 701,A01,1.0,7.0,0,2,6,-1,,
202400001744,155 778 699,A01,1.0,7.0,0,2,0,0,1.0,
202400001745,155 778 696,B01,2.0,33.0,0,2,1,1,1.0,
202400001746,155 778 695,A01,1.0,7.0,0,2,2,15,1.0,
202400001747,155 778 694,A01,3.0,7.0,7,0,1,1,1.0,
202400001748,155 778 691,A01,2.0,10.0,0,2,1,1,1.0,
202400001749,155 778 690,A01,3.0,7.0,0,2,5,15,1.0,
202400001750,155 778 688,A01,1.0,10.0,0,1,4,20,0.0,
202400001751,155 778 687,B01,1.0,7.0,0,2,8,1,1.0,
202400001752,155 778 686,A01,1.0,10.0,0,1,1,1,1.0,
202400001753,155 778 685,A01,3.0,10.0,0,1,0,1,1.0,
202400001754,155 778 684,A01,3.0,10.0,0,1,2,10,1.0,
202400001755,155 778 682,B01,2.0,33.0,0,2,1,26,1.0,
202400001756,155 778 680,B01,0.0,7.0,0,2,5,1,1.0,
202400001757,155 778 678,A01,3.0,7.0,0,1,2,15,1.0,
202400001758,155 778 677,A01,0.0,7.0,0,2,1,1,1.0,
202400001759,155 778 676,A01,2.0,7.0,0,1,2,15,1.0,
202400001760,155 778 675,A01,3.0,10.0,0,1,1,2,1.0,
202400001761,155 778 674,A01,1.0,7.0,0,1,1,9,1.0,
202400001762,155 778 669,A01,2.0,7.0,0,2,1,2,1.0,
202400001763,155 778 666,A01,3.0,10.0,0,2,3,19,1.0,
202400001764,155 778 663,B01,1.0,50.0,0,2,8,1,3.0,
202400001765,155 778 661,A01,1.0,33.0,0,2,1,1,1.0,
202400001766,155 778 659,A01,2.0,7.0,0,2,3,1,1.0,
202400001767,155 778 657,A01,2.0,7.0,2,0,1,1,1.0,
202400001768,155 778 653,A01,2.0,7.0,9,0,1,6,1.0,
202400001769,155 778 651,E01,2.0,7.0,0,2,4,1,1.0,
202400001770,155 778 650,A01,1.0,99.0,0,1,1,15,3.0,
202400001771,155 778 648,A01,1.0,2.0,0,2,2,2,1.0,
202400001772,155 778 646,B01,1.0,7.0,0,2,1,1,1.0,
202400001773,155 778 644,A01,3.0,7.0,0,1,2,1,1.0,
202400001774,155 778 643,A01,3.0,7.0,0,2,1,1,1.0,
202400001775,155 778 640,A01,3.0,7.0,0,2,1,1,1.0,
202400001776,155 778 639,A01,0.0,7.0,0,2,2,1,1.0,
202400001777,155 778 636,A01,2.0,7.0,0,2,7,1,1.0,
202400001778,155 778 635,B01,3.0,7.0,0,2,2,15,1.0,
202400001779,155 778 633,B01,1.0,15.0,0,2,3,2,1.0,
202400001780,155 778 631,B01,2.0,7.0,0,2,3,1,1.0,
202400001781,155 778 629,B01,0.0,7.0,7,2,3,1,1.0,
202400001782,155 778 628,A01,2.0,7.0,0,1,4,20,1.0,
202400001783,155 778 626,A01,3.0,7.0,0,2,5,16,1.0,
202400001784,155 778 624,B01,2.0,7.0,0,2,1,17,1.0,
202400001785,155 778 622,A01,3.0,7.0,9,2,1,13,1.0,
202400001786,155 778 619,A01,1.0,33.0,0,2,1,26,1.0,
202400001787,155 778 618,A01,3.0,7.0,0,2,3,16,1.0,
202400001788,155 778 615,A01,3.0,1.0,0,2,1,26,5.0,
202400001789,155 778 614,A01,1.0,32.0,0,2,1,15,1.0,
202400001790,155 778 611,A01,2.0,33.0,0,2,1,1,1.0,
202400001791,155 778 612,A01,1.0,7.0,0,1,2,16,1.0,
202400001792,155 778 608,A01,3.0,7.0,0,2,3,23,1.0,
202400001793,155 778 606,A01,3.0,7.0,0,1,1,15,1.0,
202400001794,155 778 604,C01,1.0,7.0,0,2,4,1,1.0,
202400001795,155 778 602,B01,2.0,30.0,0,2,0,1,1.0,
202400001796,155 778 601,A01,3.0,7.0,0,2,1,16,1.0,
202400001797,155 778 598,B01,2.0,33.0,0,2,7,2,1.0,
202400001798,155 778 597,B01,1.0,7.0,0,2,4,2,2.0,
202400001799,155 778 596,A01,3.0,3.0,0,0,0,0,3.0,
202400001800,155 778 595,A01,1.0,7.0,1,0,9,15,1.0,
202400001801,155 778 593,B01,2.0,33.0,0,2,1,1,1.0,
202400001802,155 778 591,A01,3.0,33.0,4,0,8,13,1.0,
202400001803,155 778 590,A01,3.0,10.0,0,2,8,24,1.0,
202400001804,155 778 589,A01,3.0,33.0,2,0,1,21,1.0,
202400001805,155 778 587,A01,1.0,7.0,0,2,3,10,1.0,
202400001806,155 778 586,A01,2.0,30.0,0,0,0,26,1.0,
202400001807,155 778 584,A01,1.0,50.0,0,2,1,16,3.0,
202400001808,155 778 581,A01,2.0,32.0,0,1,1,7,1.0,
202400001809,155 778 582,A01,1.0,7.0,0,2,1,2,1.0,
202400001810,155 778 579,A01,2.0,7.0,0,1,3,17,1.0,
202400001811,155 778 578,B01,3.0,1.0,0,0,0,1,5.0,
202400001812,155 778 576,B01,2.0,7.0,0,2,1,1,1.0,
202400001813,155 778 572,B01,1.0,7.0,0,2,7,1,1.0,
202400001814,155 778 571,A01,2.0,7.0,0,1,1,1,1.0,
202400001815,155 778 569,A01,3.0,7.0,6,0,1,1,1.0,
202400001816,155 778 568,A01,1.0,33.0,0,2,3,26,1.0,
202400001817,155 778 565,A01,1.0,1.0,0,2,2,1,5.0,
202400001818,155 778 564,A01,2.0,1.0,0,2,7,19,5.0,
202400001819,155 778 562,A01,2.0,14.0,0,2,5,16,1.0,
202400001820,155 778 559,A01,3.0,10.0,0,2,2,16,1.0,
202400001821,155 778 558,B01,2.0,1.0,0,2,8,1,5.0,
202400001822,155 778 556,B01,1.0,7.0,0,2,1,15,1.0,
202400001823,155 778 552,A01,2.0,7.0,0,2,3,10,1.0,
202400001824,155 778 553,A01,2.0,7.0,0,2,1,1,1.0,
202400001825,155 778 549,A01,3.0,14.0,0,2,7,12,1.0,
202400001826,155 778 548,B01,2.0,7.0,0,2,1,1,1.0,
202400001827,155 778 547,A01,1.0,30.0,1,0,1,0,1.0,
202400001828,155 778 544,A01,1.0,33.0,0,2,1,17,1.0,
202400001829,155 778 545,A01,1.0,7.0,0,1,4,15,1.0,
202400001830,155 778 543,A01,3.0,50.0,0,0,0,0,3.0,
202400001831,155 778 541,A01,1.0,7.0,0,2,1,1,1.0,
202400001832,155 778 539,A01,1.0,7.0,0,1,1,1,0.0,
202400001833,155 778 540,A01,1.0,7.0,0,0,0,12,1.0,
202400001834,155 778 537,B01,1.0,10.0,0,2,4,1,1.0,
202400001835,155 778 535,A01,1.0,7.0,0,2,1,26,1.0,
202400001836,155 778 534,A01,0.0,0.0,0,1,2,0,,
202400001837,155 778 532,B01,2.0,31.0,0,2,3,1,1.0,
202400001838,155 778 531,A01,3.0,7.0,4,0,1,0,1.0,
202400001839,155 778 530,B01,1.0,2.0,0,1,1,1,1.0,
202400001840,155 778 528,A01,0.0,7.0,0,2,2,10,1.0,
202400001841,155 778 527,A01,1.0,1.0,0,0,0,1,5.0,
202400001842,155 778 524,C01,2.0,1.0,1,2,1,2,5.0,
202400001843,155 778 522,A01,1.0,7.0,0,2,2,15,1.0,
202400001844,155 778 520,B01,1.0,7.0,0,2,2,23,3.0,
202400001845,155 778 517,B01,2.0,10.0,0,2,1,1,1.0,
202400001846,155 778 516,A01,3.0,1.0,14,0,0,1,5.0,
202400001847,155 778 514,A01,2.0,1.0,0,2,1,2,5.0,
202400001848,155 778 513,A01,2.0,33.0,0,1,1,7,1.0,
202400001849,155 778 511,A01,1.0,7.0,0,2,3,0,1.0,
202400001850,155 778 510,A01,2.0,7.0,0,0,1,1,1.0,
202400001851,155 778 508,A01,2.0,7.0,0,2,3,9,1.0,
202400001852,155 778 506,A01,2.0,7.0,5,2,1,1,1.0,
202400001853,155 778 504,B01,2.0,7.0,0,2,2,17,1.0,
202400001854,155 778 502,B01,2.0,31.0,0,2,8,1,1.0,
202400001855,155 778 501,A01,1.0,7.0,0,0,9,14,1.0,
202400001856,155 778 500,A01,3.0,10.0,0,1,1,1,1.0,
202400001857,155 778 498,B01,2.0,7.0,0,2,1,1,2.0,
202400001858,155 778 496,B01,1.0,2.0,0,2,5,17,1.0,
202400001859,155 778 495,Z01,0.0,0.0,0,1,0,0,0.0,
202400001860,155 778 493,A01,2.0,50.0,0,2,1,1,3.0,
202400001861,155 778 492,A01,3.0,32.0,0,1,1,1,1.0,
202400001862,155 778 491,A01,3.0,7.0,0,1,2,1,1.0,
202400001863,155 778 490,A01,0.0,31.0,0,0,0,1,1.0,
202400001864,155 778 488,B01,2.0,33.0,0,2,1,2,1.0,
202400001865,155 778 487,A01,3.0,7.0,6,0,1,26,1.0,
202400001866,155 778 485,B01,1.0,1.0,0,2,1,1,5.0,
202400001867,155 778 482,A01,2.0,33.0,0,2,1,1,1.0,
202400001868,155 778 480,A01,2.0,32.0,6,0,1,1,1.0,
202400001869,155 778 477,B01,3.0,99.0,0,2,1,0,6.0,
202400001870,155 778 476,A01,1.0,7.0,0,0,0,1,1.0,
202400001871,155 778 479,A01,2.0,1.0,0,0,0,0,5.0,
202400001872,155 778 474,A01,3.0,7.0,0,4,5,15,1.0,
202400001873,155 778 471,A01,1.0,7.0,0,2,3,13,1.0,
202400001874,155 778 470,A01,2.0,7.0,0,0,1,16,1.0,
202400001875,155 778 469,A01,2.0,7.0,0,2,7,16,1.0,
202400001876,155 778 467,A01,0.0,36.0,0,5,1,1,1.0,
202400001877,155 778 466,B01,1.0,33.0,0,2,1,3,1.0,
202400001878,155 778 464,BZ01,1.0,7.0,0,1,1,1,1.0,
202400001879,155 778 463,A01,2.0,17.0,0,2,1,1,1.0,
202400001880,155 778 460,A01,,39.0,0,1,1,1,,
202400001881,155 778 459,A01,3.0,33.0,0,1,0,0,0.0,
202400001882,155 778 458,B01,1.0,7.0,0,2,4,2,1.0,
202400001883,155 778 456,B01,0.0,7.0,0,2,1,1,1.0,
202400001884,155 778 454,A01,3.0,30.0,0,2,1,17,1.0,
202400001885,155 778 452,A01,3.0,33.0,0,0,0,1,1.0,
202400001886,155 778 451,A01,3.0,7.0,0,1,1,1,1.0,
202400001887,155 778 449,B01,3.0,40.0,0,2,1,1,3.0,
202400001888,155 778 446,B01,1.0,1.0,0,2,1,1,5.0,
202400001889,155 778 447,A01,0.0,7.0,0,1,3,15,1.0,
202400001890,155 778 445,A01,1.0,7.0,0,1,2,1,2.0,
202400001891,155 778 444,A01,3.0,7.0,0,1,1,1,1.0,
202400001892,155 778 442,A01,3.0,7.0,0,2,2,1,1.0,
202400001893,155 778 439,A01,1.0,7.0,0,2,8,22,1.0,
202400001894,155 778 438,A01,2.0,33.0,0,2,3,1,1.0,
202400001895,155 778 437,A01,2.0,10.0,0,1,1,18,0.0,
202400001896,155 778 436,A01,2.0,7.0,2,0,1,1,1.0,
202400001897,155 778 435,Z01,1.0,50.0,0,1,4,25,3.0,
202400001898,155 778 434,A01,0.0,17.0,0,1,2,4,0.0,
202400001899,155 778 433,A01,2.0,37.0,0,1,1,2,1.0,1
202400001900,155 778 430,B01,1.0,33.0,0,2,1,17,1.0,
202400001901,155 778 428,A01,2.0,7.0,0,2,3,23,1.0,
202400001902,155 778 427,B01,0.0,50.0,0,2,1,5,3.0,
202400001903,155 778 423,A01,3.0,7.0,0,0,3,15,1.0,
202400001904,155 778 424,B01,2.0,33.0,0,2,1,2,1.0,
202400001905,155 778 422,A01,2.0,7.0,0,1,3,1,1.0,
202400001906,155 778 420,A01,2.0,14.0,0,1,2,1,1.0,
202400001907,155 778 419,A01,1.0,1.0,0,2,1,1,5.0,
202400001908,155 778 416,B01,2.0,1.0,0,2,0,0,5.0,
202400001909,155 778 414,A01,2.0,43.0,0,9,2,1,1.0,
202400001910,155 778 413,A01,3.0,33.0,0,2,3,18,1.0,
202400001911,155 778 412,A01,2.0,10.0,2,0,0,1,1.0,
202400001912,155 778 407,B01,1.0,50.0,0,2,1,1,3.0,
202400001913,155 778 409,A01,2.0,7.0,0,2,3,17,1.0,
202400001914,155 778 406,B01,1.0,30.0,0,2,8,1,0.0,
202400001915,155 778 404,A01,1.0,10.0,0,1,2,16,1.0,
202400001916,155 778 403,A01,2.0,30.0,0,0,0,26,1.0,
202400001917,155 778 402,A01,0.0,7.0,0,2,1,9,2.0,
202400001918,155 778 398,B01,2.0,33.0,0,2,8,1,1.0,
202400001919,155 778 399,A01,1.0,50.0,0,1,1,25,3.0,
202400001920,155 778 397,A01,1.0,43.0,0,2,1,2,1.0,
202400001921,155 778 393,A01,1.0,7.0,0,2,3,15,1.0,
202400001922,155 778 392,A01,3.0,33.0,0,2,1,12,1.0,
202400001923,155 778 391,A01,1.0,33.0,0,2,1,1,1.0,
202400001924,155 778 389,A01,1.0,30.0,0,2,0,9,1.0,
202400001925,155 778 387,B01,2.0,1.0,0,2,3,1,5.0,
202400001926,155 778 386,A01,2.0,7.0,0,1,2,1,1.0,
202400001927,155 778 383,A01,1.0,7.0,0,2,5,14,2.0,
202400001928,155 778 382,Z01,3.0,7.0,0,2,1,1,1.0,
202400001929,155 778 381,A01,2.0,50.0,0,1,1,5,3.0,
202400001930,155 778 379,A01,1.0,33.0,0,1,1,3,1.0,
202400001931,155 778 378,B01,1.0,7.0,0,2,4,15,1.0,
202400001932,155 778 375,Z01,2.0,7.0,0,0,0,18,1.0,
202400001933,155 778 376,A01,1.0,50.0,0,0,1,1,3.0,
202400001934,155 778 374,A01,1.0,1.0,12,2,3,6,5.0,
202400001935,155 778 373,A01,1.0,7.0,0,1,0,14,0.0,
202400001936,155 778 372,A01,2.0,50.0,0,0,-1,2,3.0,
202400001937,155 778 370,B01,2.0,7.0,0,2,9,1,1.0,
202400001938,155 778 369,A01,1.0,7.0,0,1,2,26,1.0,
202400001939,155 778 367,A01,2.0,42.0,0,1,8,15,0.0,
202400001940,155 778 365,A01,2.0,1.0,0,1,1,1,5.0,
202400001941,155 778 363,B01,3.0,2.0,0,2,1,1,1.0,
202400001942,155 778 361,B01,0.0,7.0,0,2,1,1,1.0,
202400001943,155 778 360,A01,2.0,15.0,4,0,1,0,1.0,
202400001944,155 778 358,A01,1.0,7.0,0,2,5,23,1.0,
202400001945,155 778 354,A01,0.0,7.0,0,2,2,1,1.0,
202400001946,155 778 351,A01,2.0,7.0,0,1,2,1,1.0,
202400001947,155 778 352,B01,2.0,60.0,0,2,1,1,5.0,
202400001948,155 778 346,A01,1.0,7.0,13,2,8,13,1.0,
202400001949,155 778 345,C01,1.0,7.0,0,2,4,1,1.0,
202400001950,155 778 341,A01,1.0,7.0,1,0,2,14,1.0,
202400001951,155 778 342,B01,1.0,31.0,0,2,7,17,1.0,
202400001952,155 778 339,A01,3.0,33.0,14,0,1,0,1.0,
202400001953,155 778 338,B01,3.0,1.0,0,2,1,1,5.0,
202400001954,155 778 337,A01,2.0,10.0,0,2,2,2,1.0,
202400001955,155 778 336,A01,3.0,10.0,0,1,2,2,1.0,
202400001956,155 778 332,A01,1.0,10.0,0,2,1,12,1.0,
202400001957,155 778 331,B01,1.0,7.0,0,2,1,1,1.0,
202400001958,155 778 329,B01,3.0,50.0,0,2,1,0,3.0,
202400001959,155 778 327,A01,1.0,7.0,0,0,7,15,2.0,
202400001960,155 778 326,A01,1.0,33.0,12,0,3,16,1.0,
202400001961,155 778 323,B01,2.0,33.0,0,2,1,1,0.0,
202400001962,155 778 320,B01,1.0,7.0,0,2,4,2,1.0,
202400001963,155 778 319,B01,1.0,7.0,0,2,3,1,1.0,
202400001964,155 778 317,B01,1.0,7.0,0,2,8,15,1.0,
202400001965,155 778 315,A01,3.0,10.0,0,0,2,1,1.0,
202400001966,155 778 313,A01,2.0,7.0,0,2,7,15,1.0,
202400001967,155 778 311,A01,1.0,7.0,0,2,1,17,1.0,
202400001968,155 778 310,A01,2.0,7.0,0,1,3,1,1.0,
202400001969,155 778 309,A01,3.0,7.0,0,1,3,9,1.0,
202400001970,155 778 308,A01,1.0,32.0,0,1,1,1,1.0,
202400001971,155 778 306,A01,1.0,36.0,13,0,2,14,1.0,
202400001972,155 778 304,A01,2.0,10.0,0,2,4,2,1.0,
202400001973,155 778 302,A01,3.0,10.0,0,2,2,5,1.0,
202400001974,155 778 300,A01,2.0,7.0,5,0,0,1,1.0,
202400001975,155 778 299,A01,2.0,14.0,0,2,2,17,1.0,
202400001976,155 778 298,A01,2.0,33.0,0,0,0,2,1.0,
202400001977,155 778 295,A01,1.0,7.0,15,9,2,13,1.0,
202400001978,155 778 296,A01,1.0,7.0,0,2,8,19,1.0,
202400001979,155 778 294,A01,3.0,33.0,0,0,7,15,1.0,
202400001980,155 778 292,A01,3.0,31.0,0,0,0,1,1.0,
202400001981,155 778 289,A01,1.0,7.0,0,2,2,15,1.0,
202400001982,155 778 288,A01,1.0,7.0,0,2,2,26,2.0,
202400001983,155 778 287,A01,1.0,1.0,0,0,0,1,5.0,
202400001984,155 778 285,A01,1.0,1.0,0,2,1,1,5.0,
202400001985,155 778 283,B01,1.0,7.0,0,0,3,9,1.0,