Num_Acc,id_vehicule,num_veh,senc,catv,obs,obsm,choc,manv,motor,occutc
202400001986,155 778 282,A01,1.0,15.0,0,1,4,4,1.0,
202400001987,155 778 280,A01,1.0,7.0,0,2,1,1,1.0,
202400001988,155 778 279,A01,2.0,10.0,0,1,3,1,1.0,
202400001989,155 778 277,A01,2.0,7.0,0,2,3,13,1.0,
202400001990,155 778 275,B01,2.0,1.0,0,2,7,0,5.0,
202400001991,155 778 274,A01,2.0,2.0,0,1,2,17,1.0,
202400001992,155 778 272,A01,1.0,33.0,0,2,1,17,1.0,
202400001993,155 778 270,A01,2.0,7.0,0,2,2,12,1.0,
202400001994,155 778 267,A01,1.0,10.0,0,2,1,19,1.0,
202400001995,155 778 266,A01,1.0,7.0,0,1,3,1,1.0,
202400001996,155 778 264,A01,1.0,7.0,0,2,2,15,1.0,
202400001997,155 778 263,A01,2.0,33.0,6,0,2,17,1.0,
202400001998,155 778 262,A01,1.0,7.0,6,0,1,1,1.0,
202400001999,155 778 261,A01,1.0,1.0,0,0,9,0,5.0,
202400002000,155 778 260,A01,3.0,7.0,13,0,3,1,1.0,
202400002001,155 778 258,A01,2.0,7.0,0,2,7,17,1.0,
202400002002,155 778 256,B01,3.0,10.0,0,0,3,19,1.0,
202400002003,155 778 253,A01,2.0,7.0,0,2,3,5,1.0,
202400002004,155 778 252,A01,2.0,7.0,0,2,7,17,1.0,
202400002005,155 778 251,A01,1.0,7.0,0,1,3,2,1.0,
202400002006,155 778 250,A01,1.0,7.0,2,0,7,1,1.0,
202400002007,155 778 248,A01,0.0,7.0,2,0,1,1,1.0,
202400002008,155 778 247,A01,0.0,50.0,0,2,3,5,3.0,
202400002009,155 778 243,A01,2.0,7.0,0,2,3,13,1.0,
202400002010,155 778 242,A01,1.0,7.0,0,2,1,5,1.0,
202400002011,155 778 240,A01,2.0,7.0,1,0,3,10,1.0,
202400002012,155 778 239,A01,1.0,1.0,0,1,1,1,5.0,
202400002013,155 778 235,B01,1.0,7.0,0,9,7,1,1.0,
202400002014,155 778 234,C01,1.0,7.0,0,2,6,1,1.0,
202400002015,155 778 232,A01,2.0,7.0,0,2,1,1,1.0,
202400002016,155 778 228,A01,1.0,33.0,0,2,1,13,1.0,
202400002017,155 778 229,A01,1.0,31.0,7,0,1,14,1.0,
202400002018,155 778 226,A01,1.0,7.0,13,0,1,0,1.0,
202400002019,155 778 222,A01,1.0,34.0,0,2,3,26,1.0,
202400002020,155 778 221,A01,2.0,7.0,0,2,4,2,1.0,
202400002021,155 778 220,A01,1.0,7.0,2,0,8,14,1.0,
202400002022,155 778 219,A01,0.0,33.0,0,0,8,0,1.0,
202400002023,155 778 218,A01,1.0,7.0,0,2,1,13,1.0,
202400002024,155 778 215,A01,0.0,7.0,0,0,6,15,1.0,
202400002025,155 778 214,A01,2.0,7.0,0,2,2,2,0.0,
202400002026,155 778 213,A01,2.0,7.0,16,6,1,0,1.0,
202400002027,155 778 212,A01,2.0,7.0,4,0,1,13,1.0,
202400002028,155 778 209,B01,0.0,7.0,0,2,1,2,1.0,
202400002029,155 778 207,A01,1.0,10.0,0,2,1,2,1.0,
202400002030,155 778 206,A01,1.0,7.0,15,0,1,1,1.0,
202400002031,155 778 204,A01,2.0,2.0,1,0,1,1,1.0,
202400002032,155 778 201,A01,2.0,7.0,3,0,8,13,1.0,
202400002033,155 778 202,A01,2.0,43.0,0,2,1,3,1.0,
202400002034,155 778 200,A01,1.0,7.0,2,0,1,1,1.0,
202400002035,155 778 199,A01,1.0,33.0,3,0,8,1,1.0,
202400002036,155 778 196,A01,1.0,7.0,0,2,1,1,1.0,
202400002037,155 778 195,A01,1.0,7.0,0,2,1,1,1.0,
202400002038,155 778 194,A01,3.0,7.0,0,1,2,1,1.0,
202400002039,155 778 192,B01,2.0,7.0,0,2,6,0,1.0,
202400002040,155 778 190,A01,2.0,33.0,0,2,1,2,1.0,
202400002041,155 778 189,A01,1.0,30.0,0,0,3,1,1.0,
202400002042,155 778 188,A01,1.0,31.0,0,1,1,26,3.0,
202400002043,155 778 185,A01,2.0,43.0,0,2,1,11,1.0,
202400002044,155 778 184,A01,1.0,31.0,0,1,7,14,1.0,
202400002045,155 778 179,B01,1.0,7.0,0,2,3,2,1.0,
202400002046,155 778 178,A01,1.0,10.0,0,2,7,23,1.0,
202400002047,155 778 175,B01,1.0,10.0,0,1,3,19,0.0,
202400002048,155 778 174,C01,1.0,7.0,0,2,4,23,1.0,
202400002049,155 778 171,B01,1.0,7.0,0,2,1,1,1.0,
202400002050,155 778 172,A01,1.0,7.0,0,1,3,26,1.0,
202400002051,155 778 167,B01,1.0,7.0,0,2,4,23,1.0,
202400002052,155 778 166,A01,2.0,7.0,0,2,1,1,1.0,
202400002053,155 778 164,A01,2.0,33.0,0,2,7,12,1.0,
202400002054,155 778 162,B01,3.0,33.0,0,2,8,9,1.0,
202400002055,155 778 157,A01,2.0,7.0,0,2,3,1,1.0,
202400002056,155 778 155,C01,2.0,7.0,0,2,3,2,1.0,
202400002057,155 778 153,A01,1.0,7.0,0,2,1,1,1.0,
202400002058,155 778 152,A01,2.0,7.0,0,1,2,1,1.0,
202400002059,155 778 150,A01,1.0,7.0,0,2,2,12,2.0,
202400002060,155 778 149,A01,2.0,38.0,0,1,3,1,1.0,1
202400002061,155 778 147,A01,1.0,10.0,0,2,5,21,1.0,
202400002062,155 778 145,A01,2.0,7.0,3,0,3,1,1.0,
202400002063,155 778 144,B01,2.0,3.0,0,9,1,1,0.0,
202400002064,155 778 142,B01,2.0,7.0,0,2,6,1,1.0,
202400002065,155 778 141,A01,3.0,10.0,0,1,7,26,3.0,
202400002066,155 778 138,A01,1.0,10.0,0,1,2,14,1.0,
202400002067,155 778 139,A01,1.0,31.0,0,2,1,3,1.0,
202400002068,155 778 137,A01,2.0,43.0,1,1,0,20,1.0,
202400002069,155 778 135,Z01,1.0,7.0,0,2,1,2,1.0,
202400002070,155 778 133,A01,2.0,7.0,0,1,1,1,1.0,
202400002071,155 778 131,A01,2.0,7.0,0,2,3,11,1.0,
202400002072,155 778 127,B01,1.0,15.0,0,2,1,1,1.0,
202400002073,155 778 128,A01,1.0,7.0,0,9,3,1,1.0,
202400002074,155 778 125,A01,3.0,10.0,1,0,1,1,3.0,
202400002075,155 778 124,A01,2.0,15.0,0,2,3,2,1.0,
202400002076,155 778 122,A01,2.0,31.0,12,0,0,14,1.0,
202400002077,155 778 123,A01,2.0,7.0,0,2,3,17,1.0,
202400002078,155 778 120,A01,3.0,7.0,8,0,0,16,1.0,
202400002079,155 778 119,A01,1.0,30.0,0,2,1,17,1.0,
202400002080,155 778 116,A01,1.0,7.0,16,2,9,13,1.0,
202400002081,155 778 115,A01,3.0,50.0,0,2,1,8,3.0,
202400002082,155 778 112,A01,3.0,30.0,0,2,0,0,1.0,
202400002083,155 778 111,B01,1.0,2.0,0,2,7,1,1.0,
202400002084,155 778 109,B01,1.0,7.0,0,2,4,1,1.0,
202400002085,155 778 108,A01,1.0,30.0,0,1,1,13,0.0,
202400002086,155 778 105,A01,0.0,80.0,1,2,2,26,3.0,
202400002087,155 778 104,B01,0.0,7.0,0,2,1,0,1.0,
202400002088,155 778 102,A01,3.0,7.0,0,1,1,1,1.0,
202400002089,155 778 101,B01,2.0,7.0,0,2,0,0,1.0,
202400002090,155 778 097,A01,2.0,7.0,0,1,1,1,1.0,
202400002091,155 778 096,A01,1.0,7.0,0,2,1,2,1.0,
202400002092,155 778 092,A01,2.0,32.0,0,2,1,1,1.0,
202400002093,155 778 094,A01,1.0,10.0,0,2,7,22,1.0,
202400002094,155 778 091,A01,0.0,7.0,8,0,1,14,1.0,
202400002095,155 778 089,A01,1.0,7.0,0,1,2,26,1.0,
202400002096,155 778 088,A01,1.0,7.0,0,2,1,1,1.0,
202400002097,155 778 086,A01,3.0,7.0,0,1,2,9,1.0,
202400002098,155 778 085,A01,2.0,30.0,0,2,3,13,1.0,
202400002099,155 778 084,A01,2.0,7.0,0,1,2,1,2.0,
202400002100,155 778 082,B01,3.0,37.0,0,2,3,0,1.0,2
202400002101,155 778 077,Z01,2.0,7.0,0,1,1,1,0.0,
202400002102,155 778 076,A01,1.0,7.0,0,0,0,0,1.0,
202400002103,155 778 078,A01,2.0,7.0,0,2,3,15,2.0,
202400002104,155 778 075,A01,1.0,7.0,0,9,3,9,1.0,
202400002105,155 778 072,B01,2.0,7.0,0,2,1,0,0.0,
202400002106,155 778 071,B01,3.0,7.0,0,2,1,1,1.0,
202400002107,155 778 070,A01,1.0,7.0,2,0,1,2,0.0,
202400002108,155 778 069,A01,3.0,7.0,0,1,3,1,2.0,
202400002109,155 778 068,A01,1.0,7.0,0,1,2,1,2.0,
202400002110,155 778 066,Z01,2.0,7.0,0,1,1,1,0.0,
202400002111,155 778 067,A01,1.0,3.0,0,1,0,26,1.0,
202400002112,155 778 064,A01,2.0,33.0,0,2,2,3,1.0,
202400002113,155 778 062,A01,3.0,7.0,0,1,1,1,1.0,
202400002114,155 778 060,B01,0.0,14.0,0,2,2,1,1.0,
202400002115,155 778 059,A01,2.0,10.0,0,2,7,2,1.0,
202400002116,155 778 058,A01,3.0,7.0,0,1,1,0,1.0,
202400002117,155 778 055,A01,2.0,30.0,0,2,1,2,1.0,
202400002118,155 778 054,A01,1.0,7.0,9,1,2,1,1.0,
202400002119,155 778 053,A01,1.0,7.0,0,2,7,1,1.0,
202400002120,155 778 052,A01,1.0,34.0,6,0,1,26,1.0,
202400002121,155 778 049,A01,1.0,7.0,0,2,1,2,0.0,
202400002122,155 778 048,C01,0.0,7.0,0,2,1,1,1.0,
202400002123,155 778 044,A01,2.0,7.0,0,2,2,1,1.0,
202400002124,155 778 045,B01,0.0,7.0,0,2,4,2,0.0,
202400002125,155 778 039,A01,1.0,7.0,0,2,6,20,1.0,
202400002126,155 778 040,A01,3.0,7.0,0,2,3,19,1.0,
202400002127,155 778 038,B01,0.0,7.0,8,2,3,1,1.0,
202400002128,155 778 035,Z01,2.0,7.0,0,2,2,16,2.0,
202400002129,155 778 034,B01,3.0,50.0,0,2,3,1,3.0,
202400002130,155 778 032,A01,1.0,32.0,0,2,1,1,1.0,
202400002131,155 778 030,A01,1.0,1.0,0,1,1,0,5.0,
202400002132,155 778 031,A01,2.0,7.0,0,1,1,1,1.0,
202400002133,155 778 028,A01,1.0,2.0,0,2,1,2,1.0,
202400002134,155 778 025,A01,2.0,10.0,0,2,1,15,1.0,
202400002135,155 778 026,A01,0.0,10.0,0,1,3,1,1.0,
202400002136,155 778 024,A01,1.0,50.0,0,1,1,1,3.0,
202400002137,155 778 021,A01,0.0,7.0,0,1,1,14,3.0,
202400002138,155 778 020,A01,2.0,2.0,0,2,1,21,1.0,
202400002139,155 778 019,A01,1.0,7.0,0,2,3,13,1.0,
202400002140,155 778 015,B01,2.0,7.0,0,2,4,15,1.0,
202400002141,155 778 010,A01,2.0,7.0,0,2,1,2,1.0,
202400002142,155 778 009,A01,2.0,7.0,0,2,3,16,1.0,
202400002143,155 778 008,B01,3.0,1.0,0,2,1,14,5.0,
202400002144,155 778 006,A01,3.0,2.0,0,2,1,14,1.0,
202400002145,155 778 004,A01,1.0,7.0,0,1,2,15,1.0,
202400002146,155 778 001,A01,1.0,50.0,0,2,1,13,3.0,
202400002147,155 777 999,A01,3.0,10.0,0,1,1,1,1.0,
202400002148,155 777 998,A01,1.0,7.0,0,1,3,1,1.0,
202400002149,155 777 996,B01,2.0,7.0,0,2,1,1,1.0,
202400002150,155 777 994,A01,1.0,1.0,0,0,0,1,5.0,
202400002151,155 777 993,B01,2.0,10.0,0,2,8,15,1.0,
202400002152,155 777 991,A01,1.0,7.0,0,2,2,1,1.0,
202400002153,155 777 988,A01,3.0,7.0,0,1,1,18,1.0,
202400002154,155 777 989,A01,2.0,7.0,2,0,1,14,1.0,
202400002155,155 777 987,A01,2.0,30.0,0,2,3,17,1.0,
202400002156,155 777 984,A01,2.0,7.0,0,2,0,0,1.0,
202400002157,155 777 980,A01,0.0,50.0,14,0,1,1,3.0,
202400002158,155 777 979,A01,3.0,10.0,0,2,1,2,3.0,
202400002159,155 777 977,A01,0.0,7.0,1,0,1,1,1.0,
202400002160,155 777 976,A01,2.0,7.0,0,2,3,13,1.0,
202400002161,155 777 975,A01,1.0,7.0,0,1,1,26,1.0,
202400002162,155 777 974,A01,2.0,33.0,12,0,1,15,1.0,
202400002163,155 777 972,A01,3.0,34.0,0,5,1,1,1.0,
202400002164,155 777 970,B01,1.0,7.0,0,2,1,1,1.0,
202400002165,155 777 968,A01,2.0,7.0,0,2,2,19,1.0,
202400002166,155 777 967,A01,3.0,80.0,14,0,1,1,3.0,
202400002167,155 777 966,A01,0.0,7.0,12,2,1,21,1.0,
202400002168,155 777 965,A01,2.0,7.0,0,1,2,26,0.0,
202400002169,155 777 963,A01,3.0,7.0,0,1,1,1,1.0,
202400002170,155 777 962,A01,1.0,7.0,0,4,2,0,1.0,
202400002171,155 777 960,A01,1.0,7.0,0,1,2,2,1.0,
202400002172,155 777 959,B01,1.0,33.0,0,2,1,2,1.0,
202400002173,155 777 958,A01,1.0,2.0,0,5,1,1,1.0,
202400002174,155 777 956,A01,1.0,30.0,0,2,1,13,1.0,
202400002175,155 777 954,A01,2.0,7.0,2,0,2,14,1.0,
202400002176,155 777 951,B01,1.0,7.0,0,2,6,15,1.0,
202400002177,155 777 949,A01,1.0,1.0,0,2,8,19,5.0,
202400002178,155 777 950,A01,1.0,7.0,8,0,0,1,1.0,
202400002179,155 777 947,B01,3.0,1.0,0,2,3,9,5.0,
202400002180,155 777 944,A01,3.0,7.0,0,1,3,14,1.0,
202400002181,155 777 943,C01,0.0,7.0,0,2,4,2,1.0,
202400002182,155 777 941,A01,2.0,50.0,0,2,4,1,3.0,
202400002183,155 777 937,A01,3.0,7.0,0,1,1,16,1.0,
202400002184,155 777 935,B01,3.0,1.0,0,2,8,16,5.0,
202400002185,155 777 936,A01,2.0,10.0,0,0,4,23,1.0,
202400002186,155 777 933,A01,1.0,7.0,0,2,2,1,1.0,
202400002187,155 777 931,A01,2.0,7.0,3,0,2,1,1.0,
202400002188,155 777 930,B01,2.0,30.0,0,2,1,1,1.0,
202400002189,155 777 926,A01,1.0,7.0,0,2,8,15,1.0,
202400002190,155 777 925,A01,3.0,7.0,0,2,7,14,1.0,
202400002191,155 777 924,B01,2.0,7.0,0,2,8,19,1.0,
202400002192,155 777 921,A01,3.0,10.0,0,1,4,4,1.0,
202400002193,155 777 922,A01,1.0,7.0,1,2,2,1,1.0,
202400002194,155 777 919,B01,1.0,80.0,0,2,1,1,3.0,
202400002195,155 777 914,C01,2.0,7.0,0,2,4,23,4.0,
202400002196,155 777 915,A01,0.0,7.0,0,2,2,15,1.0,
202400002197,155 777 912,A01,1.0,7.0,0,2,1,5,1.0,
202400002198,155 777 911,A01,1.0,7.0,0,0,4,13,1.0,
202400002199,155 777 909,A01,1.0,7.0,0,2,7,15,1.0,
202400002200,155 777 907,A01,1.0,7.0,6,0,1,1,1.0,
202400002201,155 777 905,B01,2.0,7.0,0,2,3,15,1.0,
202400002202,155 777 903,A01,2.0,33.0,13,0,1,1,1.0,
202400002203,155 777 904,B01,2.0,7.0,0,2,0,1,1.0,
202400002204,155 777 900,B01,2.0,1.0,0,2,8,1,5.0,
202400002205,155 777 899,B01,1.0,7.0,0,2,1,1,0.0,
202400002206,155 777 898,A01,3.0,7.0,1,0,2,14,1.0,
202400002207,155 777 896,A01,1.0,7.0,0,2,4,4,1.0,
202400002208,155 777 894,A01,2.0,7.0,0,1,1,26,1.0,
202400002209,155 777 893,A01,0.0,7.0,0,1,1,15,1.0,
202400002210,155 777 890,A01,1.0,7.0,0,2,1,2,0.0,
202400002211,155 777 888,A01,1.0,7.0,0,0,1,1,1.0,
202400002212,155 777 887,B01,1.0,1.0,0,2,4,1,5.0,
202400002213,155 777 884,B01,3.0,7.0,0,2,3,9,1.0,
202400002214,155 777 885,A01,3.0,7.0,0,1,1,26,1.0,
202400002215,155 777 883,A01,2.0,7.0,0,1,2,16,1.0,
202400002216,155 777 882,A01,3.0,2.0,0,0,8,1,1.0,
202400002217,155 777 879,A01,1.0,7.0,0,0,1,1,1.0,
202400002218,155 777 878,B01,3.0,50.0,0,2,1,1,3.0,
202400002219,155 777 877,A01,1.0,7.0,0,2,1,1,1.0,
202400002220,155 777 874,A01,2.0,7.0,0,2,3,5,1.0,
202400002221,155 777 873,A01,1.0,7.0,0,1,1,1,1.0,
202400002222,155 777 872,A01,2.0,7.0,0,2,1,1,1.0,
202400002223,155 777 870,B01,2.0,7.0,0,2,1,1,1.0,
202400002224,155 777 869,A01,1.0,7.0,1,0,8,1,1.0,
202400002225,155 777 867,B01,1.0,30.0,0,2,1,1,1.0,
202400002226,155 777 866,A01,2.0,7.0,13,0,1,26,1.0,
202400002227,155 777 864,A01,0.0,3.0,0,9,1,17,0.0,
202400002228,155 777 863,A01,3.0,7.0,0,1,1,15,1.0,
202400002229,155 777 860,A01,1.0,2.0,8,2,2,2,1.0,
202400002230,155 777 859,A01,2.0,50.0,0,2,1,1,3.0,
202400002231,155 777 857,A01,2.0,7.0,2,0,2,26,1.0,
202400002232,155 777 854,A01,2.0,14.0,0,2,3,15,1.0,
202400002233,155 777 851,B01,1.0,7.0,0,2,2,1,1.0,
202400002234,155 777 848,A01,3.0,7.0,0,2,3,13,2.0,
202400002235,155 777 847,A01,1.0,30.0,0,2,7,26,1.0,
202400002236,155 777 846,A01,1.0,3.0,0,1,1,15,1.0,
202400002237,155 777 842,A01,3.0,1.0,0,2,1,1,5.0,
202400002238,155 777 838,A01,1.0,7.0,0,2,1,2,1.0,
202400002239,155 777 837,D01,2.0,10.0,0,2,6,1,0.0,
202400002240,155 777 835,A01,2.0,7.0,0,2,5,15,1.0,
202400002241,155 777 833,A01,1.0,7.0,14,0,1,26,1.0,
202400002242,155 777 832,A01,1.0,7.0,2,0,0,0,1.0,
202400002243,155 777 831,A01,3.0,7.0,12,0,2,9,1.0,
202400002244,155 777 829,A01,3.0,10.0,0,1,3,1,1.0,
202400002245,155 777 828,B01,0.0,7.0,0,2,3,1,1.0,
202400002246,155 777 826,A01,3.0,7.0,0,2,4,1,1.0,
202400002247,155 777 823,B01,1.0,7.0,0,2,6,2,1.0,
202400002248,155 777 822,B01,2.0,7.0,0,2,3,1,1.0,
202400002249,155 777 820,A01,2.0,2.0,0,2,1,2,1.0,
202400002250,155 777 818,A01,1.0,7.0,0,2,1,9,1.0,
202400002251,155 777 816,B01,1.0,7.0,0,2,4,1,1.0,
202400002252,155 777 815,A01,0.0,2.0,9,0,2,14,1.0,
202400002253,155 777 813,A01,0.0,7.0,0,2,1,2,1.0,
202400002254,155 777 812,A01,1.0,1.0,0,0,0,1,5.0,
202400002255,155 777 809,A01,2.0,10.0,0,2,6,0,1.0,
202400002256,155 777 808,A01,1.0,15.0,0,2,5,12,1.0,
202400002257,155 777 805,A01,1.0,13.0,0,2,1,15,1.0,
202400002258,155 777 804,A01,2.0,34.0,4,0,7,2,1.0,
202400002259,155 777 800,A01,2.0,7.0,4,0,1,26,1.0,
202400002260,155 777 799,A01,1.0,7.0,0,2,1,2,1.0,
202400002261,155 777 797,A01,3.0,7.0,0,2,6,10,1.0,
202400002262,155 777 792,A01,1.0,7.0,0,2,1,1,1.0,
202400002263,155 777 791,A01,2.0,7.0,0,2,7,15,1.0,
202400002264,155 777 790,A01,1.0,7.0,0,2,2,16,1.0,
202400002265,155 777 789,A01,2.0,7.0,0,0,9,1,1.0,
202400002266,155 777 786,A01,1.0,10.0,0,2,3,15,3.0,
202400002267,155 777 785,A01,2.0,7.0,0,2,0,1,1.0,
202400002268,155 777 783,A01,3.0,7.0,0,2,3,15,1.0,
202400002269,155 777 782,A01,1.0,7.0,4,0,1,0,1.0,
202400002270,155 777 779,A01,1.0,7.0,0,1,3,1,1.0,
202400002271,155 777 776,Z01,1.0,7.0,0,2,3,11,1.0,
202400002272,155 777 774,A01,2.0,7.0,0,2,1,19,1.0,
202400002273,155 777 773,A01,3.0,7.0,1,0,1,1,1.0,
202400002274,155 777 771,A01,2.0,33.0,0,2,8,3,1.0,
202400002275,155 777 769,B01,1.0,1.0,0,2,1,1,5.0,
202400002276,155 777 768,A01,0.0,30.0,0,1,1,16,3.0,
202400002277,155 777 766,A01,1.0,7.0,0,2,5,12,1.0,
202400002278,155 777 764,A01,1.0,37.0,0,1,2,1,1.0,1
202400002279,155 777 763,B01,3.0,7.0,0,2,3,9,0.0,
202400002280,155 777 761,A01,2.0,43.0,0,2,8,13,1.0,
202400002281,155 777 759,B01,1.0,7.0,0,9,5,16,1.0,
202400002282,155 777 756,A01,1.0,7.0,0,2,2,17,1.0,
202400002283,155 777 755,A01,2.0,33.0,0,2,3,3,1.0,
202400002284,155 777 753,A01,1.0,7.0,0,2,2,2,1.0,
202400002285,155 777 752,A01,3.0,50.0,0,1,1,5,3.0,
202400002286,155 777 750,B01,2.0,33.0,0,2,8,3,1.0,
202400002287,155 777 748,A01,1.0,7.0,0,2,3,13,1.0,
202400002288,155 777 747,A01,3.0,7.0,0,1,1,1,1.0,
202400002289,155 777 744,B01,1.0,7.0,0,2,4,1,1.0,
202400002290,155 777 743,A01,1.0,10.0,0,1,1,1,1.0,
202400002291,155 777 742,A01,3.0,7.0,0,2,1,15,1.0,
202400002292,155 777 740,A01,1.0,7.0,3,0,2,1,1.0,
202400002293,155 777 738,B01,2.0,2.0,0,2,2,0,1.0,
202400002294,155 777 737,B01,3.0,10.0,0,2,1,16,1.0,
202400002295,155 777 735,A01,1.0,30.0,0,0,7,26,1.0,
202400002296,155 777 734,A01,1.0,7.0,0,2,5,1,1.0,
202400002297,155 777 732,A01,1.0,10.0,0,2,7,17,1.0,
202400002298,155 777 731,A01,1.0,1.0,8,0,1,2,5.0,
202400002299,155 777 730,A01,0.0,10.0,0,1,1,0,1.0,
202400002300,155 777 728,A01,2.0,7.0,0,2,1,2,1.0,
202400002301,155 777 726,A01,1.0,10.0,0,2,2,0,1.0,
202400002302,155 777 721,A01,2.0,10.0,0,2,1,15,1.0,
202400002303,155 777 720,A01,1.0,33.0,0,2,1,1,1.0,
202400002304,155 777 716,B01,1.0,80.0,0,2,3,11,3.0,
202400002305,155 777 715,A01,1.0,7.0,9,1,1,14,2.0,
202400002306,155 777 710,A01,1.0,10.0,0,2,1,15,1.0,
202400002307,155 777 711,C01,1.0,10.0,0,2,5,23,2.0,
202400002308,155 777 709,A01,1.0,37.0,0,1,1,1,2.0,1
202400002309,155 777 705,B01,3.0,7.0,0,2,3,1,1.0,
202400002310,155 777 703,B01,2.0,7.0,0,2,8,26,1.0,
202400002311,155 777 701,A01,2.0,34.0,0,2,2,17,1.0,
202400002312,155 777 700,B01,3.0,33.0,0,2,1,2,1.0,
202400002313,155 777 696,A01,2.0,1.0,0,2,1,5,5.0,
202400002314,155 777 697,A01,1.0,33.0,0,2,2,17,1.0,
202400002315,155 777 693,C01,1.0,7.0,0,2,4,2,1.0,
202400002316,155 777 691,A01,1.0,33.0,0,1,1,1,1.0,
202400002317,155 777 690,B01,1.0,33.0,0,2,4,0,1.0,
202400002318,155 777 689,A01,2.0,10.0,1,2,2,14,1.0,
202400002319,155 777 687,Z01,2.0,10.0,0,1,1,1,1.0,
202400002320,155 777 688,A01,1.0,2.0,0,0,3,26,1.0,
202400002321,155 777 685,B01,2.0,50.0,0,2,1,2,3.0,
202400002322,155 777 682,B01,2.0,80.0,0,2,2,10,3.0,
202400002323,155 777 681,B01,1.0,7.0,0,2,4,0,1.0,
202400002324,155 777 680,A01,3.0,37.0,0,1,7,16,2.0,1
202400002325,155 777 674,B01,2.0,7.0,0,2,7,17,1.0,
202400002326,155 777 675,B01,1.0,1.0,0,2,1,1,5.0,
202400002327,155 777 672,C01,1.0,7.0,0,2,4,2,1.0,
202400002328,155 777 671,B01,2.0,7.0,0,2,3,15,2.0,
202400002329,155 777 668,A01,1.0,10.0,0,2,1,2,1.0,
202400002330,155 777 669,Z01,1.0,1.0,0,1,6,9,5.0,
202400002331,155 777 667,A01,1.0,7.0,0,1,7,1,1.0,
202400002332,155 777 666,A01,2.0,7.0,4,0,1,13,1.0,
202400002333,155 777 661,C01,1.0,7.0,0,2,6,1,2.0,
202400002334,155 777 662,A01,1.0,1.0,0,2,6,12,5.0,
202400002335,155 777 659,A01,2.0,7.0,0,1,2,1,2.0,
202400002336,155 777 658,B01,2.0,7.0,0,2,6,11,1.0,
202400002337,155 777 656,A01,1.0,30.0,0,0,1,3,2.0,
202400002338,155 777 657,A01,2.0,10.0,0,1,2,1,1.0,
202400002339,155 777 654,A01,1.0,7.0,0,2,7,15,2.0,
202400002340,155 777 649,A01,2.0,7.0,0,2,2,15,1.0,
202400002341,155 777 647,A01,1.0,50.0,0,2,4,1,3.0,
202400002342,155 777 645,A01,1.0,7.0,0,2,3,15,3.0,
202400002343,155 777 646,B01,2.0,33.0,0,2,1,1,1.0,
202400002344,155 777 644,A01,2.0,33.0,4,0,3,1,1.0,
202400002345,155 777 642,A01,0.0,10.0,0,2,1,15,0.0,
202400002346,155 777 640,B01,3.0,50.0,0,2,8,19,3.0,
202400002347,155 777 639,A01,3.0,10.0,0,1,1,1,1.0,
202400002348,155 777 638,Z01,1.0,1.0,0,1,1,19,5.0,
202400002349,155 777 635,A01,2.0,10.0,0,2,2,15,1.0,
202400002350,155 777 631,A01,1.0,7.0,0,2,1,15,1.0,
202400002351,155 777 630,A01,3.0,34.0,0,2,4,2,1.0,
202400002352,155 777 632,B01,2.0,7.0,0,2,2,15,1.0,
202400002353,155 777 627,A01,1.0,1.0,2,0,1,14,5.0,
202400002354,155 777 625,A01,1.0,33.0,0,2,4,12,1.0,
202400002355,155 777 624,B01,3.0,10.0,12,2,4,2,1.0,
202400002356,155 777 623,B01,1.0,31.0,0,2,3,23,1.0,
202400002357,155 777 622,A01,1.0,7.0,1,0,1,14,1.0,
202400002358,155 777 621,A01,2.0,7.0,0,1,3,26,3.0,
202400002359,155 777 620,A01,1.0,7.0,10,0,4,10,1.0,
202400002360,155 777 617,B01,0.0,33.0,0,2,1,1,1.0,
202400002361,155 777 616,B01,2.0,33.0,0,2,2,1,1.0,
202400002362,155 777 613,A01,3.0,37.0,0,2,5,16,6.0,1
202400002363,155 777 610,A01,0.0,7.0,0,2,1,15,1.0,
202400002364,155 777 611,A01,1.0,32.0,4,0,3,17,1.0,
202400002365,155 777 609,B01,3.0,7.0,0,2,1,21,1.0,
202400002366,155 777 608,A01,0.0,7.0,0,1,2,19,1.0,
202400002367,155 777 604,B01,0.0,7.0,0,2,3,15,1.0,
202400002368,155 777 605,A01,1.0,1.0,0,1,1,1,5.0,
202400002369,155 777 602,A01,1.0,7.0,0,2,3,22,0.0,
202400002370,155 777 601,A01,2.0,7.0,0,2,8,10,2.0,
202400002371,155 777 599,A01,1.0,7.0,6,0,1,1,1.0,
202400002372,155 777 597,Z01,1.0,7.0,0,1,4,4,1.0,
202400002373,155 777 598,A01,2.0,80.0,0,2,1,5,3.0,
202400002374,155 777 596,A01,3.0,10.0,1,0,1,1,3.0,
202400002375,155 777 593,B01,3.0,7.0,0,2,5,15,1.0,
202400002376,155 777 594,A01,3.0,10.0,0,1,2,16,1.0,
202400002377,155 777 591,A01,2.0,7.0,0,1,1,1,2.0,
202400002378,155 777 590,B01,1.0,1.0,0,2,5,2,5.0,
202400002379,155 777 589,A01,1.0,7.0,1,0,1,1,1.0,
202400002380,155 777 588,A01,1.0,1.0,0,0,0,1,5.0,
202400002381,155 777 586,A01,3.0,7.0,0,1,1,15,1.0,
202400002382,155 777 583,B01,1.0,33.0,1,2,7,1,0.0,