Num_Acc,id_vehicule,num_veh,senc,catv,obs,obsm,choc,manv,motor,occutc
202400002383,155 777 582,B01,1.0,2.0,0,2,9,1,1.0,
202400002384,155 777 580,A01,1.0,50.0,0,0,0,1,3.0,
202400002385,155 777 579,A01,3.0,1.0,0,2,8,19,5.0,
202400002386,155 777 578,A01,1.0,7.0,0,1,2,2,1.0,
202400002387,155 777 576,A01,2.0,7.0,0,2,1,1,1.0,
202400002388,155 777 573,A01,2.0,7.0,0,2,1,13,1.0,
202400002389,155 777 572,A01,0.0,7.0,0,0,1,1,0.0,
202400002390,155 777 570,A01,1.0,10.0,0,1,4,4,1.0,
202400002391,155 777 569,B01,2.0,1.0,0,2,3,15,5.0,
202400002392,155 777 564,A01,2.0,7.0,0,2,3,15,1.0,
202400002393,155 777 563,B01,1.0,50.0,0,2,2,1,3.0,
202400002394,155 777 565,B01,1.0,7.0,0,2,4,1,1.0,
202400002395,155 777 562,A01,2.0,7.0,2,0,1,1,1.0,
202400002396,155 777 560,A01,2.0,50.0,0,1,1,1,3.0,
202400002397,155 777 561,A01,,99.0,-1,-1,7,-1,,
202400002398,155 777 557,A01,3.0,1.0,0,0,0,1,5.0,
202400002399,155 777 559,A01,1.0,7.0,13,0,0,0,1.0,
202400002400,155 777 555,A01,2.0,7.0,0,2,1,1,1.0,
202400002401,155 777 554,A01,1.0,50.0,0,2,1,1,3.0,
202400002402,155 777 553,A01,3.0,7.0,0,0,9,0,1.0,
202400002403,155 777 552,A01,3.0,7.0,0,1,1,1,1.0,
202400002404,155 777 549,A01,2.0,33.0,15,0,3,1,1.0,
202400002405,155 777 550,A01,0.0,7.0,0,2,1,1,1.0,
202400002406,155 777 547,A01,1.0,7.0,0,2,1,4,1.0,
202400002407,155 777 544,A01,2.0,7.0,0,2,1,9,1.0,
202400002408,155 777 545,A01,1.0,33.0,0,0,0,1,1.0,
202400002409,155 777 542,B01,3.0,50.0,0,2,7,19,3.0,
202400002410,155 777 539,A01,2.0,7.0,1,2,1,1,1.0,
202400002411,155 777 538,A01,2.0,7.0,13,0,0,16,1.0,
202400002412,155 777 537,A01,1.0,7.0,0,1,3,15,1.0,
202400002413,155 777 533,B01,1.0,1.0,0,9,1,1,5.0,
202400002414,155 777 532,A01,1.0,7.0,0,2,8,14,1.0,
202400002415,155 777 531,A01,2.0,7.0,0,1,1,1,0.0,
202400002416,155 777 528,A01,1.0,7.0,0,2,1,15,1.0,
202400002417,155 777 526,B01,1.0,39.0,0,2,3,1,6.0,
202400002418,155 777 525,A01,2.0,7.0,0,2,3,1,1.0,
202400002419,155 777 520,Z01,1.0,1.0,0,1,2,1,0.0,
202400002420,155 777 522,B01,3.0,7.0,0,2,4,1,2.0,
202400002421,155 777 521,A01,2.0,32.0,0,2,8,1,1.0,
202400002422,155 777 519,A01,2.0,50.0,0,0,0,2,3.0,
202400002423,155 777 518,A01,1.0,7.0,8,0,2,14,1.0,
202400002424,155 777 516,A01,2.0,7.0,0,9,2,10,1.0,
202400002425,155 777 513,A01,2.0,7.0,0,2,7,1,1.0,
202400002426,155 777 512,A01,1.0,10.0,13,0,2,0,1.0,
202400002427,155 777 511,B01,3.0,60.0,0,2,8,1,5.0,
202400002428,155 777 510,A01,1.0,33.0,0,1,1,1,1.0,
202400002429,155 777 508,B01,2.0,33.0,0,2,1,1,1.0,
202400002430,155 777 506,Z01,2.0,7.0,0,2,2,16,0.0,
202400002431,155 777 504,A01,1.0,7.0,0,1,2,16,0.0,
202400002432,155 777 502,A01,1.0,7.0,0,2,1,13,1.0,
202400002433,155 777 503,A01,1.0,7.0,0,1,0,1,1.0,
202400002434,155 777 499,A01,3.0,10.0,0,1,2,0,0.0,
202400002435,155 777 498,B01,1.0,7.0,0,2,5,15,1.0,
202400002436,155 777 497,A01,1.0,10.0,0,2,6,22,1.0,
202400002437,155 777 495,A01,3.0,7.0,2,0,1,14,1.0,
202400002438,155 777 494,B01,1.0,7.0,0,0,4,1,1.0,
202400002439,155 777 492,B01,1.0,60.0,0,2,3,0,5.0,
202400002440,155 777 490,A01,1.0,7.0,1,1,2,1,1.0,
202400002441,155 777 487,A01,2.0,7.0,0,2,1,2,1.0,
202400002442,155 777 486,A01,3.0,10.0,0,2,1,1,1.0,
202400002443,155 777 484,B01,3.0,2.0,13,2,8,15,1.0,
202400002444,155 777 482,A01,1.0,7.0,6,0,3,11,1.0,
202400002445,155 777 479,A01,1.0,7.0,0,0,6,23,1.0,
202400002446,155 777 478,A01,2.0,7.0,0,2,1,1,1.0,
202400002447,155 777 476,A01,1.0,50.0,0,2,1,21,3.0,
202400002448,155 777 475,A01,0.0,7.0,8,0,0,1,1.0,
202400002449,155 777 474,A01,2.0,7.0,0,1,2,16,1.0,
202400002450,155 777 472,A01,2.0,30.0,0,2,1,3,1.0,
202400002451,155 777 469,B01,2.0,7.0,0,2,8,15,1.0,
202400002452,155 777 467,B01,3.0,7.0,0,2,8,1,1.0,
202400002453,155 777 466,A01,1.0,10.0,0,2,1,15,1.0,
202400002454,155 777 464,A01,1.0,7.0,0,2,3,13,1.0,
202400002455,155 777 462,B01,3.0,39.0,0,2,1,1,1.0,
202400002456,155 777 461,A01,1.0,7.0,8,0,1,1,1.0,
202400002457,155 777 459,A01,2.0,7.0,0,1,4,4,1.0,
202400002458,155 777 457,A01,2.0,1.0,14,0,3,1,5.0,
202400002459,155 777 456,C01,2.0,7.0,0,2,8,0,1.0,
202400002460,155 777 452,B01,2.0,37.0,0,0,0,1,1.0,1
202400002461,155 777 453,A01,1.0,33.0,6,0,0,1,1.0,
202400002462,155 777 451,B01,2.0,7.0,0,2,6,13,1.0,
202400002463,155 777 450,A01,2.0,7.0,13,0,1,21,1.0,
202400002464,155 777 448,A01,2.0,7.0,0,2,3,15,1.0,
202400002465,155 777 447,A01,1.0,0.0,0,1,0,0,0.0,
202400002466,155 777 446,A01,1.0,7.0,13,0,7,3,1.0,
202400002467,155 777 443,A01,1.0,2.0,0,0,9,1,1.0,
202400002468,155 777 444,A01,1.0,7.0,0,2,8,22,2.0,
202400002469,155 777 441,B01,2.0,7.0,0,2,1,1,1.0,
202400002470,155 777 438,A01,1.0,7.0,0,2,1,2,1.0,
202400002471,155 777 437,B01,2.0,10.0,1,2,5,24,1.0,
202400002472,155 777 436,A01,1.0,7.0,7,0,3,13,2.0,
202400002473,155 777 434,A01,1.0,7.0,0,0,9,14,1.0,
202400002474,155 777 433,A01,1.0,2.0,0,0,0,15,3.0,
202400002475,155 777 435,A01,2.0,7.0,0,0,0,1,1.0,
202400002476,155 777 430,A01,2.0,7.0,0,2,3,2,1.0,
202400002477,155 777 428,A01,1.0,10.0,0,2,1,1,1.0,
202400002478,155 777 425,A01,2.0,7.0,1,0,1,2,1.0,
202400002479,155 777 423,B01,1.0,1.0,0,2,1,15,5.0,
202400002480,155 777 422,B01,2.0,7.0,0,2,1,1,1.0,
202400002481,155 777 421,A01,2.0,1.0,0,0,0,0,5.0,
202400002482,155 777 418,B01,1.0,1.0,0,2,6,1,5.0,
202400002483,155 777 416,A01,1.0,7.0,16,0,7,16,1.0,
202400002484,155 777 417,A01,1.0,7.0,0,2,2,26,1.0,
202400002485,155 777 415,A01,1.0,7.0,15,0,2,0,3.0,
202400002486,155 777 414,A01,3.0,33.0,0,1,3,1,1.0,
202400002487,155 777 411,B01,1.0,7.0,0,2,3,13,1.0,
202400002488,155 777 410,B01,3.0,7.0,0,2,4,1,1.0,
202400002489,155 777 406,A01,2.0,2.0,13,0,1,0,1.0,
202400002490,155 777 407,B01,1.0,33.0,0,2,3,0,1.0,
202400002491,155 777 404,C01,1.0,7.0,0,2,6,1,1.0,
202400002492,155 777 402,A01,1.0,10.0,0,2,2,2,1.0,
202400002493,155 777 400,A01,1.0,7.0,0,2,3,20,1.0,
202400002494,155 777 399,A01,1.0,7.0,15,4,7,1,1.0,
202400002495,155 777 398,A01,1.0,7.0,13,0,1,13,1.0,
202400002496,155 777 397,A01,3.0,7.0,1,1,4,20,1.0,
202400002497,155 777 394,A01,2.0,7.0,0,9,3,9,0.0,
202400002498,155 777 393,A01,1.0,7.0,8,0,1,14,1.0,
202400002499,155 777 392,A01,2.0,7.0,0,2,3,13,1.0,
202400002500,155 777 386,A01,2.0,7.0,0,2,1,15,2.0,
202400002501,155 777 388,B01,1.0,7.0,0,2,3,1,1.0,
202400002502,155 777 384,A01,2.0,31.0,0,2,1,17,1.0,
202400002503,155 777 383,A01,0.0,1.0,1,0,3,26,5.0,
202400002504,155 777 380,A01,2.0,7.0,0,2,6,15,1.0,
202400002505,155 777 379,B01,2.0,1.0,0,2,5,2,5.0,
202400002506,155 777 377,B01,2.0,7.0,0,0,8,1,2.0,
202400002507,155 777 375,A01,1.0,33.0,10,0,9,1,1.0,
202400002508,155 777 374,A01,1.0,7.0,1,1,1,1,2.0,
202400002509,155 777 373,A01,2.0,7.0,2,0,8,13,1.0,
202400002510,155 777 372,A01,3.0,2.0,6,0,8,1,1.0,
202400002511,155 777 369,A01,2.0,32.0,0,2,4,15,1.0,
202400002512,155 777 368,A01,3.0,7.0,0,2,3,13,1.0,
202400002513,155 777 367,A01,2.0,7.0,0,1,5,14,0.0,
202400002514,155 777 365,B01,3.0,21.0,0,2,3,1,1.0,
202400002515,155 777 362,B01,1.0,80.0,0,2,7,1,3.0,
202400002516,155 777 361,A01,1.0,32.0,0,2,3,13,1.0,
202400002517,155 777 360,A01,2.0,2.0,2,0,1,1,1.0,
202400002518,155 777 358,A01,1.0,7.0,2,0,2,0,2.0,
202400002519,155 777 357,A01,1.0,7.0,6,0,9,1,1.0,
202400002520,155 777 356,B01,2.0,7.0,0,2,1,26,1.0,
202400002521,155 777 354,A01,3.0,7.0,2,0,3,1,1.0,
202400002522,155 777 353,B01,2.0,1.0,0,0,8,1,5.0,
202400002523,155 777 350,A01,1.0,33.0,0,0,8,1,1.0,
202400002524,155 777 349,A01,1.0,7.0,0,2,8,1,1.0,
202400002525,155 777 351,A01,2.0,17.0,13,0,7,1,1.0,
202400002526,155 777 348,A01,2.0,7.0,7,0,1,2,1.0,
202400002527,155 777 345,A01,2.0,1.0,0,2,1,19,5.0,
202400002528,155 777 342,A01,1.0,7.0,0,0,4,1,1.0,
202400002529,155 777 341,A01,2.0,2.0,0,2,1,19,1.0,
202400002530,155 777 339,A01,2.0,3.0,0,2,3,5,1.0,
202400002531,155 777 337,B01,1.0,7.0,0,0,2,1,1.0,
202400002532,155 777 336,A01,2.0,10.0,0,1,2,2,1.0,
202400002533,155 777 334,A01,2.0,7.0,7,0,1,1,1.0,
202400002534,155 777 333,A01,3.0,7.0,15,0,3,14,2.0,
202400002535,155 777 332,A01,2.0,7.0,0,2,1,15,1.0,
202400002536,155 777 330,A01,3.0,2.0,0,0,7,2,1.0,
202400002537,155 777 328,A01,1.0,33.0,0,2,1,1,1.0,
202400002538,155 777 327,B01,2.0,33.0,0,0,1,17,1.0,
202400002539,155 777 326,A01,1.0,7.0,0,0,2,2,1.0,
202400002540,155 777 324,A01,1.0,7.0,0,2,1,2,1.0,
202400002541,155 777 321,A01,2.0,7.0,13,0,2,14,1.0,
202400002542,155 777 320,A01,3.0,7.0,3,2,1,1,1.0,
202400002543,155 777 317,B01,2.0,7.0,0,2,2,1,1.0,
202400002544,155 777 316,A01,1.0,7.0,0,2,3,13,1.0,
202400002545,155 777 315,A01,3.0,30.0,14,0,6,1,3.0,
202400002546,155 777 312,A01,1.0,14.0,17,0,2,14,1.0,
202400002547,155 777 311,B01,2.0,21.0,0,2,3,15,1.0,
202400002548,155 777 308,A01,1.0,7.0,4,2,9,0,1.0,
202400002549,155 777 309,A01,1.0,7.0,13,0,3,0,1.0,
202400002550,155 777 305,A01,2.0,7.0,1,0,1,13,0.0,
202400002551,155 777 304,B01,2.0,2.0,0,0,6,1,1.0,
202400002552,155 777 302,A01,3.0,7.0,15,0,1,1,1.0,
202400002553,155 777 301,A01,2.0,10.0,0,2,3,1,1.0,
202400002554,155 777 298,B01,1.0,7.0,0,2,2,1,1.0,
202400002555,155 777 297,A01,2.0,7.0,13,0,7,1,1.0,
202400002556,155 777 296,B01,1.0,10.0,0,2,2,0,0.0,
202400002557,155 777 292,A01,1.0,7.0,0,2,3,2,1.0,
202400002558,155 777 293,B01,2.0,7.0,0,2,3,1,1.0,
202400002559,155 777 291,A01,2.0,7.0,2,0,1,13,1.0,
202400002560,155 777 290,A01,0.0,7.0,0,6,1,0,1.0,
202400002561,155 777 289,A01,1.0,33.0,13,0,0,1,1.0,
202400002562,155 777 287,A01,2.0,7.0,0,2,1,15,1.0,
202400002563,155 777 286,A01,3.0,36.0,13,0,1,1,1.0,
202400002564,155 777 285,A01,2.0,33.0,0,0,0,0,1.0,
202400002565,155 777 283,B01,3.0,7.0,0,2,1,13,1.0,
202400002566,155 777 278,A01,1.0,7.0,0,0,2,1,1.0,
202400002567,155 777 279,A01,1.0,2.0,0,2,1,2,1.0,
202400002568,155 777 277,A01,1.0,1.0,0,0,9,1,5.0,
202400002569,155 777 276,A01,1.0,7.0,0,1,1,15,1.0,
202400002570,155 777 274,A01,1.0,7.0,0,0,9,1,1.0,
202400002571,155 777 273,A01,3.0,10.0,0,2,2,15,1.0,
202400002572,155 777 272,A01,2.0,31.0,13,0,1,1,1.0,
202400002573,155 777 269,B01,1.0,15.0,0,2,8,15,1.0,
202400002574,155 777 268,B01,0.0,33.0,0,2,3,15,1.0,
202400002575,155 777 266,A01,3.0,33.0,1,0,1,21,1.0,
202400002576,155 777 265,A01,3.0,7.0,0,2,2,17,1.0,
202400002577,155 777 264,A01,2.0,7.0,4,0,1,13,1.0,
202400002578,155 777 262,B01,1.0,7.0,0,2,3,1,1.0,
202400002579,155 777 261,A01,1.0,7.0,2,0,1,13,1.0,
202400002580,155 777 260,A01,2.0,7.0,3,0,3,1,1.0,
202400002581,155 777 257,A01,2.0,33.0,0,2,1,13,1.0,
202400002582,155 777 256,A01,2.0,33.0,0,2,1,12,1.0,
202400002583,155 777 255,A01,2.0,2.0,8,0,1,1,1.0,
202400002584,155 777 251,A01,1.0,7.0,0,2,1,1,1.0,
202400002585,155 777 250,B01,1.0,32.0,0,2,2,1,1.0,
202400002586,155 777 247,A01,1.0,7.0,0,2,1,1,1.0,
202400002587,155 777 246,B01,2.0,15.0,0,2,8,2,1.0,
202400002588,155 777 245,A01,1.0,33.0,0,0,1,0,1.0,
202400002589,155 777 244,A01,1.0,7.0,3,0,8,0,1.0,
202400002590,155 777 241,A01,1.0,10.0,0,2,1,2,1.0,
202400002591,155 777 240,B01,1.0,7.0,4,2,8,1,1.0,
202400002592,155 777 238,B01,1.0,7.0,0,2,6,2,1.0,
202400002593,155 777 237,A01,3.0,2.0,0,0,0,1,1.0,
202400002594,155 777 234,A01,2.0,7.0,0,2,1,5,1.0,
202400002595,155 777 233,B01,2.0,7.0,0,2,3,2,1.0,
202400002596,155 777 230,B01,2.0,7.0,0,2,1,1,1.0,
202400002597,155 777 231,A01,2.0,7.0,3,9,1,1,1.0,
202400002598,155 777 229,A01,2.0,17.0,4,0,8,1,1.0,
202400002599,155 777 227,A01,2.0,31.0,16,0,7,1,1.0,
202400002600,155 777 225,B01,0.0,1.0,0,0,4,2,5.0,
202400002601,155 777 223,A01,2.0,7.0,0,0,1,1,1.0,
202400002602,155 777 222,A01,1.0,33.0,0,1,7,17,1.0,
202400002603,155 777 220,A01,1.0,32.0,2,0,0,0,1.0,
202400002604,155 777 219,A01,1.0,7.0,0,9,5,15,1.0,
202400002605,155 777 216,A01,1.0,7.0,0,2,2,2,1.0,
202400002606,155 777 215,A01,1.0,32.0,0,2,7,15,1.0,
202400002607,155 777 214,A01,2.0,33.0,14,0,9,1,1.0,
202400002608,155 777 212,B01,2.0,7.0,0,2,1,13,1.0,
202400002609,155 777 209,A01,1.0,7.0,0,2,1,1,1.0,
202400002610,155 777 208,A01,1.0,7.0,0,2,1,1,1.0,
202400002611,155 777 206,A01,2.0,1.0,0,0,0,0,5.0,
202400002612,155 777 207,A01,1.0,7.0,4,0,1,0,1.0,
202400002613,155 777 203,B01,2.0,7.0,0,2,7,17,1.0,
202400002614,155 777 202,A01,1.0,7.0,8,2,8,0,1.0,
202400002615,155 777 199,A01,1.0,7.0,1,0,1,14,1.0,
202400002616,155 777 198,B01,2.0,7.0,0,2,5,1,1.0,
202400002617,155 777 196,A01,2.0,7.0,0,2,6,11,1.0,
202400002618,155 777 194,B01,1.0,7.0,0,2,1,1,1.0,
202400002619,155 777 192,B01,2.0,33.0,0,2,8,0,1.0,
202400002620,155 777 189,A01,1.0,7.0,3,2,6,18,1.0,
202400002621,155 777 188,A01,1.0,10.0,0,2,8,20,1.0,
202400002622,155 777 184,A01,3.0,7.0,0,2,1,2,1.0,
202400002623,155 777 183,A01,2.0,7.0,0,2,3,11,1.0,
202400002624,155 777 180,A01,1.0,7.0,0,2,8,11,1.0,
202400002625,155 777 179,A01,3.0,7.0,0,2,7,2,3.0,
202400002626,155 777 178,A01,2.0,33.0,4,0,3,15,1.0,
202400002627,155 777 176,B01,1.0,34.0,0,2,1,1,1.0,
202400002628,155 777 172,A01,2.0,7.0,0,2,3,11,1.0,
202400002629,155 777 173,A01,2.0,1.0,0,0,1,26,5.0,
202400002630,155 777 171,A01,2.0,32.0,0,0,7,1,1.0,
202400002631,155 777 169,A01,2.0,7.0,0,2,1,15,1.0,
202400002632,155 777 167,B01,1.0,10.0,0,2,2,14,1.0,
202400002633,155 777 166,A01,1.0,30.0,0,0,8,26,1.0,
202400002634,155 777 164,A01,1.0,33.0,0,1,2,1,1.0,
202400002635,155 777 163,A01,2.0,7.0,0,2,7,12,1.0,
202400002636,155 777 162,A01,1.0,50.0,0,1,1,1,3.0,
202400002637,155 777 158,A01,1.0,7.0,0,2,1,12,1.0,
202400002638,155 777 157,A01,1.0,7.0,0,2,1,13,1.0,
202400002639,155 777 154,B01,1.0,33.0,0,2,7,3,1.0,
202400002640,155 777 151,A01,3.0,7.0,0,1,1,16,1.0,
202400002641,155 777 147,B01,2.0,2.0,0,2,7,1,1.0,
202400002642,155 777 144,A01,1.0,33.0,0,6,1,0,1.0,
202400002643,155 777 145,C01,1.0,7.0,0,2,1,1,1.0,
202400002644,155 777 141,B01,2.0,7.0,0,0,7,26,1.0,
202400002645,155 777 142,A01,1.0,10.0,8,0,1,13,1.0,
202400002646,155 777 140,A01,1.0,7.0,1,2,2,14,1.0,
202400002647,155 777 139,A01,3.0,7.0,4,0,1,13,1.0,
202400002648,155 777 137,A01,1.0,30.0,0,2,1,1,1.0,
202400002649,155 777 136,A01,1.0,7.0,13,0,1,14,2.0,
202400002650,155 777 135,A01,0.0,7.0,2,0,9,16,1.0,
202400002651,155 777 134,A01,1.0,10.0,15,0,9,6,1.0,
202400002652,155 777 132,B01,2.0,7.0,0,2,1,1,3.0,
202400002653,155 777 131,A01,0.0,7.0,0,1,1,11,0.0,
202400002654,155 777 129,A01,1.0,7.0,0,2,3,1,1.0,
202400002655,155 777 128,A01,1.0,32.0,0,1,0,0,3.0,
202400002656,155 777 124,A01,1.0,33.0,0,2,2,14,1.0,
202400002657,155 777 122,B01,2.0,7.0,0,2,4,1,1.0,
202400002658,155 777 121,A01,1.0,37.0,0,1,1,15,1.0,1
202400002659,155 777 119,B01,2.0,1.0,1,0,3,21,5.0,
202400002660,155 777 117,B01,2.0,7.0,0,2,5,1,1.0,
202400002661,155 777 116,A01,2.0,7.0,1,0,7,1,2.0,
202400002662,155 777 114,A01,2.0,1.0,0,2,1,1,5.0,
202400002663,155 777 112,B01,1.0,50.0,6,0,2,19,3.0,
202400002664,155 777 110,A01,2.0,50.0,0,2,5,15,3.0,
202400002665,155 777 109,A01,2.0,80.0,0,1,1,1,3.0,
202400002666,155 777 107,B01,3.0,33.0,0,2,0,2,0.0,
202400002667,155 777 106,A01,2.0,31.0,0,2,1,1,1.0,
202400002668,155 777 104,B01,0.0,7.0,0,2,0,0,1.0,
202400002669,155 777 102,A01,2.0,7.0,0,2,3,22,2.0,
202400002670,155 777 101,A01,2.0,7.0,2,0,7,1,1.0,
202400002671,155 777 100,A01,2.0,2.0,0,0,0,1,1.0,
202400002672,155 777 098,A01,1.0,33.0,0,2,5,17,1.0,
202400002673,155 777 097,A01,2.0,7.0,7,0,2,1,1.0,
202400002674,155 777 095,A01,2.0,7.0,0,2,5,19,1.0,
202400002675,155 777 094,B01,1.0,7.0,3,0,7,17,1.0,
202400002676,155 777 093,A01,0.0,36.0,2,0,2,0,1.0,
202400002677,155 777 092,A01,2.0,7.0,15,0,1,1,1.0,
202400002678,155 777 091,A01,1.0,2.0,12,0,0,14,1.0,
202400002679,155 777 090,A01,1.0,7.0,3,0,1,1,1.0,
202400002680,155 777 089,A01,1.0,33.0,0,0,7,1,1.0,
202400002681,155 777 087,A01,2.0,7.0,0,4,8,26,1.0,
202400002682,155 777 084,A01,1.0,7.0,0,2,1,17,1.0,
202400002683,155 777 083,A01,2.0,7.0,0,0,1,21,1.0,
202400002684,155 777 081,B01,1.0,1.0,0,2,1,1,5.0,
202400002685,155 777 079,A01,2.0,33.0,0,2,7,1,1.0,
202400002686,155 777 078,A01,1.0,7.0,0,1,2,1,1.0,
202400002687,155 777 077,A01,1.0,50.0,0,0,1,1,3.0,
202400002688,155 777 076,A01,1.0,33.0,13,0,8,1,1.0,
202400002689,155 777 074,A01,2.0,33.0,0,2,1,21,1.0,
202400002690,155 777 072,A01,1.0,33.0,0,0,9,2,1.0,
202400002691,155 777 070,A01,1.0,32.0,0,2,1,13,1.0,
202400002692,155 777 069,A01,2.0,7.0,13,0,2,0,1.0,
202400002693,155 777 068,A01,3.0,7.0,0,1,6,1,1.0,
202400002694,155 777 067,A01,1.0,15.0,0,1,3,1,1.0,
202400002695,155 777 065,A01,1.0,7.0,0,2,2,1,1.0,
202400002696,155 777 063,A01,1.0,7.0,0,2,1,9,1.0,
202400002697,155 777 062,A01,3.0,2.0,15,0,1,14,1.0,
202400002698,155 777 061,A01,1.0,21.0,0,0,0,2,1.0,
202400002699,155 777 060,A01,2.0,7.0,13,0,1,1,0.0,
202400002700,155 777 059,A01,1.0,33.0,16,0,6,1,1.0,
202400002701,155 777 057,A01,1.0,7.0,0,0,3,19,1.0,
202400002702,155 777 056,A01,1.0,7.0,2,9,1,2,1.0,
202400002703,155 777 055,A01,1.0,7.0,8,0,2,1,1.0,
202400002704,155 777 053,B01,2.0,34.0,0,0,4,1,1.0,
202400002705,155 777 052,A01,1.0,33.0,13,0,1,26,1.0,
202400002706,155 777 050,A01,2.0,7.0,0,9,2,19,1.0,
202400002707,155 777 049,A01,1.0,7.0,13,0,2,14,1.0,
202400002708,155 777 048,A01,2.0,7.0,0,0,9,14,1.0,
202400002709,155 777 047,A01,1.0,10.0,3,0,1,14,1.0,
202400002710,155 777 046,A01,2.0,10.0,4,0,3,1,1.0,
202400002711,155 777 044,B01,1.0,7.0,0,2,3,1,1.0,
202400002712,155 777 043,A01,1.0,7.0,0,1,3,1,0.0,
202400002713,155 777 042,A01,1.0,7.0,4,0,3,11,1.0,
202400002714,155 777 039,B01,1.0,15.0,0,2,6,1,1.0,
202400002715,155 777 037,A01,1.0,7.0,0,2,5,1,1.0,
202400002716,155 777 035,A01,2.0,33.0,0,2,2,16,1.0,
202400002717,155 777 033,A01,1.0,2.0,0,2,4,16,1.0,
202400002718,155 777 032,A01,3.0,34.0,0,0,0,1,0.0,
202400002719,155 777 031,A01,2.0,2.0,0,0,2,1,1.0,
202400002720,155 777 030,A01,1.0,7.0,7,0,1,0,1.0,
202400002721,155 777 029,A01,1.0,7.0,0,1,0,15,1.0,
202400002722,155 777 028,A01,2.0,7.0,0,1,0,16,1.0,
202400002723,155 777 027,A01,1.0,7.0,0,1,0,1,0.0,
202400002724,155 777 025,B01,1.0,1.0,0,2,1,1,5.0,
202400002725,155 777 023,A01,1.0,17.0,0,2,0,0,1.0,
202400002726,155 777 021,A01,3.0,7.0,0,2,5,0,1.0,
202400002727,155 777 018,A01,,7.0,-1,-1,-1,-1,,
202400002728,155 777 016,A01,2.0,7.0,0,2,6,1,1.0,
202400002729,155 777 015,A01,0.0,37.0,0,1,5,0,1.0,1
202400002730,155 777 014,A01,0.0,7.0,2,0,8,1,1.0,
202400002731,155 777 012,A01,1.0,7.0,0,2,6,19,1.0,
202400002732,155 777 011,A01,1.0,7.0,0,0,9,1,1.0,
202400002733,155 777 009,A01,2.0,7.0,0,2,1,13,1.0,
202400002734,155 777 008,A01,1.0,7.0,0,1,2,14,1.0,
202400002735,155 777 006,A01,1.0,7.0,0,2,3,13,1.0,
202400002736,155 777 004,A01,2.0,21.0,0,0,8,15,1.0,
202400002737,155 777 003,A01,1.0,7.0,8,0,1,5,1.0,
202400002738,155 777 002,A01,1.0,33.0,0,9,0,26,1.0,
202400002739,155 777 000,A01,2.0,7.0,0,2,1,2,1.0,
202400002740,155 776 998,A01,3.0,2.0,0,2,1,15,1.0,
202400002741,155 776 997,A01,2.0,15.0,3,0,2,1,1.0,
202400002742,155 776 996,A01,2.0,7.0,15,9,1,11,6.0,
202400002743,155 776 995,A01,1.0,7.0,0,1,2,0,1.0,
202400002744,155 776 992,B01,2.0,7.0,0,2,1,1,1.0,
202400002745,155 776 991,A01,1.0,10.0,0,1,2,1,1.0,
202400002746,155 776 989,A01,1.0,7.0,0,2,1,5,2.0,
202400002747,155 776 988,A01,1.0,7.0,4,0,9,1,1.0,
202400002748,155 776 987,A01,0.0,7.0,0,1,4,20,2.0,
202400002749,155 776 985,B01,1.0,7.0,0,2,1,1,1.0,
202400002750,155 776 984,A01,1.0,7.0,1,0,0,0,1.0,
202400002751,155 776 983,A01,1.0,32.0,8,0,1,1,1.0,
202400002752,155 776 981,A01,1.0,7.0,0,0,8,15,1.0,
202400002753,155 776 980,A01,1.0,7.0,15,0,3,0,1.0,
202400002754,155 776 978,B01,1.0,33.0,0,2,1,1,1.0,
202400002755,155 776 976,B01,2.0,1.0,0,2,1,1,5.0,
202400002756,155 776 975,A01,0.0,0.0,0,1,0,0,1.0,
202400002757,155 776 974,A01,2.0,2.0,5,0,7,1,1.0,
202400002758,155 776 973,A01,3.0,2.0,6,0,1,1,0.0,
202400002759,155 776 972,A01,2.0,7.0,0,0,9,1,1.0,
202400002760,155 776 970,A01,3.0,7.0,0,2,2,5,1.0,
202400002761,155 776 968,A01,2.0,33.0,0,2,1,17,1.0,
202400002762,155 776 965,A01,3.0,7.0,0,2,1,15,1.0,
202400002763,155 776 964,A01,1.0,33.0,0,0,0,26,1.0,
202400002764,155 776 963,Z01,3.0,7.0,0,1,1,19,0.0,
202400002765,155 776 962,A01,1.0,33.0,0,6,8,21,1.0,
202400002766,155 776 960,A01,2.0,7.0,0,2,7,15,2.0,
202400002767,155 776 958,B01,1.0,7.0,0,2,1,1,1.0,
202400002768,155 776 956,A01,1.0,7.0,0,2,1,13,1.0,
202400002769,155 776 954,A01,2.0,7.0,0,0,3,15,1.0,
202400002770,155 776 952,A01,1.0,7.0,0,2,6,1,1.0,
202400002771,155 776 951,A01,3.0,10.0,2,0,3,1,1.0,
202400002772,155 776 949,B01,2.0,10.0,0,2,1,1,1.0,
202400002773,155 776 948,A01,1.0,7.0,7,0,1,1,1.0,
202400002774,155 776 947,A01,1.0,7.0,15,0,1,26,1.0,
202400002775,155 776 945,A01,2.0,33.0,13,0,1,1,1.0,
202400002776,155 776 944,A01,1.0,30.0,0,2,3,1,1.0,
202400002777,155 776 943,A01,2.0,2.0,0,0,0,1,1.0,
202400002778,155 776 942,A01,1.0,7.0,0,1,2,1,1.0,
202400002779,155 776 941,A01,1.0,2.0,2,0,5,1,1.0,