Num_Acc,id_vehicule,num_veh,senc,catv,obs,obsm,choc,manv,motor,occutc
202400002780,155 776 939,A01,2.0,2.0,6,0,1,1,3.0,
202400002781,155 776 938,A01,1.0,7.0,0,2,1,18,1.0,
202400002782,155 776 936,A01,3.0,10.0,0,2,2,15,1.0,
202400002783,155 776 935,A01,1.0,7.0,9,0,9,26,1.0,
202400002784,155 776 934,A01,1.0,7.0,0,1,2,19,1.0,
202400002785,155 776 932,A01,1.0,7.0,0,2,1,16,1.0,
202400002786,155 776 930,A01,1.0,33.0,0,2,1,1,1.0,
202400002787,155 776 927,A01,2.0,50.0,0,0,2,1,3.0,
202400002788,155 776 925,A01,1.0,7.0,0,1,1,2,1.0,
202400002789,155 776 922,D01,2.0,7.0,0,2,7,1,1.0,
202400002790,155 776 921,A01,3.0,30.0,9,2,1,1,1.0,
202400002791,155 776 920,Z01,1.0,30.0,0,0,0,16,1.0,
202400002792,155 776 919,A01,1.0,7.0,1,0,2,1,1.0,
202400002793,155 776 918,A01,1.0,7.0,0,1,1,1,1.0,
202400002794,155 776 916,B01,0.0,7.0,0,2,3,-1,1.0,
202400002795,155 776 914,A01,1.0,7.0,0,2,3,15,1.0,
202400002796,155 776 912,A01,1.0,7.0,0,1,2,1,1.0,
202400002797,155 776 911,A01,1.0,7.0,14,0,1,26,2.0,
202400002798,155 776 908,A01,1.0,2.0,0,0,4,1,1.0,
202400002799,155 776 909,A01,1.0,7.0,0,1,1,15,1.0,
202400002800,155 776 903,B01,1.0,10.0,0,2,1,1,1.0,
202400002801,155 776 902,A01,2.0,10.0,0,1,1,1,0.0,
202400002802,155 776 901,A01,2.0,7.0,2,0,1,1,1.0,
202400002803,155 776 900,A01,3.0,7.0,6,0,3,13,1.0,
202400002804,155 776 899,A01,1.0,37.0,0,1,1,19,1.0,1
202400002805,155 776 897,A01,2.0,7.0,0,2,3,1,1.0,
202400002806,155 776 895,A01,2.0,7.0,0,2,3,9,1.0,
202400002807,155 776 894,A01,1.0,7.0,14,0,1,14,1.0,
202400002808,155 776 893,A01,0.0,7.0,0,1,3,1,2.0,
202400002809,155 776 891,A01,2.0,16.0,0,0,8,9,1.0,
202400002810,155 776 889,A01,0.0,7.0,0,2,7,13,1.0,
202400002811,155 776 887,A01,1.0,7.0,2,2,3,1,1.0,
202400002812,155 776 886,A01,1.0,30.0,6,0,1,26,1.0,
202400002813,155 776 885,A01,2.0,0.0,0,1,7,17,,
202400002814,155 776 884,A01,2.0,10.0,6,0,3,1,1.0,
202400002815,155 776 880,A01,2.0,7.0,0,2,1,2,1.0,
202400002816,155 776 881,A01,2.0,7.0,0,2,3,17,1.0,
202400002817,155 776 879,A01,1.0,10.0,0,1,1,2,0.0,
202400002818,155 776 877,A01,1.0,7.0,0,2,3,15,1.0,
202400002819,155 776 876,Z01,1.0,7.0,0,1,1,16,1.0,
202400002820,155 776 874,A01,1.0,33.0,8,0,1,26,1.0,
202400002821,155 776 871,A01,1.0,10.0,0,2,1,1,3.0,
202400002822,155 776 869,A01,2.0,10.0,0,2,1,13,1.0,
202400002823,155 776 868,A01,3.0,7.0,3,0,1,1,2.0,
202400002824,155 776 866,A01,1.0,7.0,0,9,1,0,1.0,
202400002825,155 776 865,A01,1.0,7.0,1,0,1,1,1.0,
202400002826,155 776 863,A01,2.0,7.0,1,0,0,2,1.0,
202400002827,155 776 862,A01,2.0,7.0,0,0,2,15,1.0,
202400002828,155 776 861,A01,2.0,50.0,8,0,2,1,3.0,
202400002829,155 776 860,A01,3.0,7.0,0,1,1,1,1.0,
202400002830,155 776 859,A01,2.0,33.0,0,1,6,1,1.0,
202400002831,155 776 855,A01,2.0,33.0,0,2,3,1,1.0,
202400002832,155 776 854,A01,1.0,7.0,0,2,3,13,1.0,
202400002833,155 776 853,A01,0.0,7.0,0,1,1,0,1.0,
202400002834,155 776 847,A01,2.0,7.0,0,2,1,2,1.0,
202400002835,155 776 845,A01,2.0,7.0,13,0,2,1,1.0,
202400002836,155 776 844,A01,3.0,7.0,0,2,2,1,1.0,
202400002837,155 776 842,A01,1.0,33.0,0,2,1,1,1.0,
202400002838,155 776 840,A01,0.0,7.0,0,2,1,15,1.0,
202400002839,155 776 838,A01,1.0,33.0,4,0,0,0,1.0,
202400002840,155 776 837,A01,3.0,30.0,0,0,8,1,1.0,
202400002841,155 776 834,A01,1.0,7.0,0,2,1,5,1.0,
202400002842,155 776 833,B01,1.0,2.0,14,0,1,2,1.0,
202400002843,155 776 830,A01,3.0,30.0,0,2,8,26,1.0,
202400002844,155 776 829,A01,2.0,7.0,0,2,5,16,1.0,
202400002845,155 776 827,A01,2.0,10.0,0,2,1,2,1.0,
202400002846,155 776 826,A01,2.0,7.0,0,1,3,2,1.0,
202400002847,155 776 825,A01,1.0,7.0,13,-1,1,1,1.0,
202400002848,155 776 824,A01,1.0,7.0,1,1,2,1,1.0,
202400002849,155 776 823,A01,1.0,31.0,9,0,1,0,1.0,
202400002850,155 776 820,A01,1.0,10.0,0,9,0,2,1.0,
202400002851,155 776 817,A01,3.0,7.0,0,1,7,24,1.0,
202400002852,155 776 818,B01,1.0,7.0,0,2,1,1,1.0,
202400002853,155 776 814,A01,1.0,7.0,0,2,2,2,1.0,
202400002854,155 776 812,A01,3.0,7.0,0,2,3,11,1.0,
202400002855,155 776 811,A01,1.0,33.0,1,0,1,26,1.0,
202400002856,155 776 809,A01,3.0,7.0,0,1,6,15,1.0,
202400002857,155 776 808,B01,1.0,2.0,0,2,1,5,1.0,
202400002858,155 776 807,A01,3.0,37.0,0,1,6,24,1.0,1
202400002859,155 776 805,B01,2.0,7.0,0,2,2,15,1.0,
202400002860,155 776 801,A01,1.0,7.0,0,1,1,1,1.0,
202400002861,155 776 797,D01,1.0,10.0,0,2,1,2,1.0,
202400002862,155 776 795,A01,1.0,7.0,0,2,1,1,2.0,
202400002863,155 776 793,A01,1.0,7.0,0,2,8,9,1.0,
202400002864,155 776 792,A01,3.0,37.0,0,1,2,15,1.0,1
202400002865,155 776 791,B01,1.0,33.0,16,0,0,1,1.0,
202400002866,155 776 789,B01,2.0,7.0,0,2,1,1,1.0,
202400002867,155 776 787,B01,3.0,7.0,0,2,0,0,1.0,
202400002868,155 776 785,B01,2.0,30.0,0,0,0,14,1.0,
202400002869,155 776 783,B01,1.0,10.0,0,2,2,1,1.0,
202400002870,155 776 780,A01,1.0,7.0,4,0,1,1,1.0,
202400002871,155 776 779,B01,1.0,2.0,0,2,4,23,3.0,
202400002872,155 776 778,A01,1.0,7.0,0,1,2,1,1.0,
202400002873,155 776 777,A01,3.0,7.0,0,1,3,15,0.0,
202400002874,155 776 776,A01,3.0,7.0,0,1,1,1,,
202400002875,155 776 775,A01,1.0,1.0,8,0,1,26,5.0,
202400002876,155 776 773,A01,0.0,7.0,0,2,1,15,1.0,
202400002877,155 776 772,A01,1.0,10.0,0,1,1,1,1.0,
202400002878,155 776 770,A01,1.0,33.0,0,2,2,2,1.0,
202400002879,155 776 769,A01,2.0,37.0,0,1,3,15,1.0,1
202400002880,155 776 767,B01,1.0,13.0,0,2,2,0,1.0,
202400002881,155 776 765,B01,1.0,10.0,0,2,3,1,1.0,
202400002882,155 776 762,A01,1.0,7.0,0,2,8,1,1.0,
202400002883,155 776 761,A01,2.0,7.0,0,2,4,2,1.0,
202400002884,155 776 758,A01,1.0,10.0,0,2,1,1,1.0,
202400002885,155 776 757,A01,1.0,7.0,0,2,1,19,1.0,
202400002886,155 776 756,A01,2.0,7.0,0,1,3,26,1.0,
202400002887,155 776 754,A01,2.0,7.0,0,2,6,16,1.0,
202400002888,155 776 751,A01,2.0,50.0,0,2,1,1,3.0,
202400002889,155 776 750,B01,0.0,1.0,0,2,2,1,5.0,
202400002890,155 776 749,A01,1.0,7.0,0,1,4,4,1.0,
202400002891,155 776 748,A01,3.0,39.0,0,1,1,26,3.0,
202400002892,155 776 747,A01,1.0,7.0,0,1,1,1,1.0,
202400002893,155 776 745,A01,1.0,33.0,0,2,1,1,1.0,
202400002894,155 776 744,A01,1.0,7.0,0,1,5,15,1.0,
202400002895,155 776 742,A01,3.0,7.0,0,9,1,1,1.0,
202400002896,155 776 740,A01,1.0,7.0,0,2,1,1,1.0,
202400002897,155 776 739,A01,2.0,7.0,8,0,1,1,1.0,
202400002898,155 776 738,A01,1.0,7.0,8,0,1,15,1.0,
202400002899,155 776 735,A01,3.0,7.0,0,2,8,15,1.0,
202400002900,155 776 734,A01,3.0,7.0,0,2,3,15,1.0,
202400002901,155 776 732,A01,2.0,50.0,13,0,1,0,3.0,
202400002902,155 776 731,A01,1.0,7.0,0,9,1,15,1.0,
202400002903,155 776 730,A01,3.0,7.0,2,0,2,0,1.0,
202400002904,155 776 729,A01,1.0,10.0,0,1,1,1,0.0,
202400002905,155 776 728,A01,2.0,7.0,13,0,1,1,2.0,
202400002906,155 776 726,A01,3.0,33.0,3,0,3,13,1.0,
202400002907,155 776 725,B01,1.0,1.0,0,0,0,0,5.0,
202400002908,155 776 722,B01,2.0,10.0,0,2,1,12,1.0,
202400002909,155 776 721,A01,3.0,40.0,0,2,7,1,3.0,
202400002910,155 776 720,A01,1.0,7.0,6,0,1,0,1.0,
202400002911,155 776 718,A01,1.0,7.0,0,1,1,1,1.0,
202400002912,155 776 717,A01,3.0,2.0,0,2,1,2,1.0,
202400002913,155 776 713,B01,1.0,50.0,0,2,1,0,3.0,
202400002914,155 776 714,A01,1.0,33.0,0,2,1,5,0.0,
202400002915,155 776 710,B01,1.0,7.0,0,0,0,23,3.0,
202400002916,155 776 709,A01,2.0,7.0,0,2,1,5,1.0,
202400002917,155 776 708,A01,0.0,50.0,0,0,0,1,3.0,
202400002918,155 776 707,A01,2.0,7.0,13,0,3,0,1.0,
202400002919,155 776 706,A01,1.0,1.0,0,9,0,1,5.0,
202400002920,155 776 705,A01,1.0,7.0,0,1,1,26,3.0,
202400002921,155 776 704,A01,2.0,7.0,2,0,2,1,1.0,
202400002922,155 776 701,A01,1.0,7.0,2,0,3,0,1.0,
202400002923,155 776 700,A01,2.0,7.0,8,0,1,14,1.0,
202400002924,155 776 697,A01,1.0,7.0,0,0,0,0,1.0,
202400002925,155 776 695,A01,1.0,7.0,13,0,0,1,1.0,
202400002926,155 776 694,B01,1.0,7.0,0,2,0,0,1.0,
202400002927,155 776 693,A01,1.0,7.0,13,0,0,1,1.0,
202400002928,155 776 692,A01,1.0,7.0,16,0,2,10,1.0,
202400002929,155 776 690,A01,2.0,2.0,0,2,4,1,1.0,
202400002930,155 776 688,A01,2.0,7.0,2,0,2,14,1.0,
202400002931,155 776 687,A01,1.0,7.0,0,2,1,15,1.0,
202400002932,155 776 686,A01,1.0,7.0,16,0,9,0,1.0,
202400002933,155 776 684,A01,1.0,7.0,0,2,1,13,1.0,
202400002934,155 776 683,A01,1.0,20.0,8,0,7,13,1.0,
202400002935,155 776 680,B01,3.0,10.0,0,2,3,0,,
202400002936,155 776 681,A01,3.0,10.0,10,0,2,26,0.0,
202400002937,155 776 677,A01,3.0,7.0,0,2,3,13,1.0,
202400002938,155 776 676,A01,0.0,7.0,0,2,1,19,1.0,
202400002939,155 776 673,A01,2.0,7.0,0,2,3,1,1.0,
202400002940,155 776 671,A01,2.0,7.0,8,0,1,1,1.0,
202400002941,155 776 669,A01,1.0,7.0,13,0,1,1,1.0,
202400002942,155 776 667,A01,1.0,7.0,0,2,1,2,1.0,
202400002943,155 776 666,A01,2.0,7.0,0,0,2,0,1.0,
202400002944,155 776 664,A01,2.0,7.0,3,0,1,2,1.0,
202400002945,155 776 663,A01,2.0,7.0,0,2,3,1,1.0,
202400002946,155 776 660,A01,2.0,7.0,0,2,1,2,3.0,
202400002947,155 776 659,A01,3.0,33.0,0,2,1,2,1.0,
202400002948,155 776 657,A01,0.0,7.0,2,1,3,1,1.0,
202400002949,155 776 656,A01,1.0,7.0,0,2,0,2,1.0,
202400002950,155 776 654,A01,0.0,10.0,0,2,1,1,1.0,
202400002951,155 776 651,A01,0.0,10.0,0,1,4,4,1.0,
202400002952,155 776 650,A01,3.0,7.0,0,2,1,2,1.0,
202400002953,155 776 649,A01,2.0,7.0,4,0,3,11,1.0,
202400002954,155 776 648,A01,3.0,7.0,0,1,1,16,1.0,
202400002955,155 776 645,A01,1.0,32.0,5,0,2,0,1.0,
202400002956,155 776 644,A01,2.0,7.0,0,2,3,13,1.0,
202400002957,155 776 640,A01,2.0,7.0,0,2,3,19,1.0,
202400002958,155 776 639,A01,2.0,7.0,13,2,9,2,1.0,
202400002959,155 776 636,B01,1.0,33.0,0,2,1,1,1.0,
202400002960,155 776 635,A01,1.0,3.0,0,2,1,13,1.0,
202400002961,155 776 633,A01,2.0,33.0,4,0,2,1,1.0,
202400002962,155 776 632,B01,0.0,7.0,0,2,3,23,1.0,
202400002963,155 776 630,A01,2.0,7.0,0,1,3,0,1.0,
202400002964,155 776 631,A01,3.0,7.0,2,0,1,0,1.0,
202400002965,155 776 627,A01,3.0,7.0,0,2,1,15,1.0,
202400002966,155 776 625,A01,2.0,7.0,0,2,1,11,1.0,
202400002967,155 776 624,A01,3.0,7.0,0,0,9,1,1.0,
202400002968,155 776 622,A01,1.0,7.0,8,0,1,1,1.0,
202400002969,155 776 621,A01,1.0,7.0,0,1,1,1,1.0,
202400002970,155 776 623,A01,3.0,33.0,0,0,1,26,0.0,
202400002971,155 776 617,A01,2.0,10.0,0,2,1,15,1.0,
202400002972,155 776 616,B01,1.0,1.0,0,2,7,1,5.0,
202400002973,155 776 615,A01,1.0,2.0,1,0,1,17,1.0,
202400002974,155 776 613,B01,1.0,7.0,0,2,1,2,1.0,
202400002975,155 776 612,A01,2.0,7.0,3,0,1,13,,
202400002976,155 776 611,A01,2.0,7.0,4,0,3,1,1.0,
202400002977,155 776 609,A01,3.0,1.0,0,2,8,1,5.0,
202400002978,155 776 608,A01,2.0,7.0,4,0,2,1,1.0,
202400002979,155 776 607,A01,2.0,7.0,0,0,9,1,1.0,
202400002980,155 776 604,B01,1.0,17.0,0,2,2,1,1.0,
202400002981,155 776 602,A01,1.0,7.0,0,4,8,15,,
202400002982,155 776 599,A01,1.0,7.0,0,2,3,1,1.0,
202400002983,155 776 598,A01,1.0,7.0,0,0,8,19,1.0,
202400002984,155 776 597,A01,1.0,33.0,6,0,1,26,1.0,
202400002985,155 776 595,A01,2.0,2.0,0,2,1,1,1.0,
202400002986,155 776 594,A01,2.0,7.0,0,2,1,0,1.0,
202400002987,155 776 592,A01,1.0,7.0,0,2,2,14,1.0,
202400002988,155 776 590,A01,1.0,7.0,4,0,1,26,1.0,
202400002989,155 776 591,A01,2.0,7.0,0,2,1,1,1.0,
202400002990,155 776 588,A01,2.0,7.0,4,2,4,1,1.0,
202400002991,155 776 585,A01,2.0,7.0,13,2,3,0,1.0,
202400002992,155 776 586,A01,1.0,7.0,3,0,2,14,1.0,
202400002993,155 776 583,A01,1.0,7.0,0,2,1,1,1.0,
202400002994,155 776 578,C01,1.0,10.0,0,2,4,15,1.0,
202400002995,155 776 576,B01,1.0,7.0,1,0,1,2,1.0,
202400002996,155 776 580,B01,2.0,7.0,0,2,4,2,1.0,
202400002997,155 776 574,A01,1.0,7.0,0,0,0,15,1.0,
202400002998,155 776 573,B01,0.0,10.0,0,2,3,1,1.0,
202400002999,155 776 571,A01,2.0,7.0,0,2,1,0,1.0,
202400003000,155 776 567,A01,1.0,7.0,0,2,3,13,1.0,
202400003001,155 776 566,A01,2.0,7.0,0,2,1,2,1.0,
202400003002,155 776 565,A01,1.0,7.0,0,0,1,1,1.0,
202400003003,155 776 563,A01,2.0,10.0,0,2,6,11,1.0,
202400003004,155 776 561,A01,1.0,2.0,0,2,2,2,1.0,
202400003005,155 776 559,A01,1.0,33.0,0,2,1,17,1.0,
202400003006,155 776 557,B01,1.0,7.0,0,2,5,0,1.0,
202400003007,155 776 556,A01,1.0,7.0,0,1,1,0,1.0,
202400003008,155 776 553,A01,1.0,7.0,14,2,4,26,1.0,
202400003009,155 776 552,B01,1.0,7.0,0,2,5,16,1.0,
202400003010,155 776 551,A01,1.0,0.0,0,0,0,26,0.0,
202400003011,155 776 550,A01,2.0,50.0,0,1,8,13,3.0,
202400003012,155 776 548,A01,2.0,7.0,0,2,7,15,2.0,
202400003013,155 776 546,B01,1.0,1.0,0,2,2,1,5.0,
202400003014,155 776 545,A01,1.0,7.0,0,0,2,14,1.0,
202400003015,155 776 542,A01,1.0,7.0,0,0,1,13,1.0,
202400003016,155 776 541,A01,1.0,34.0,0,2,1,26,1.0,
202400003017,155 776 539,B01,1.0,7.0,0,2,2,1,1.0,
202400003018,155 776 537,B01,1.0,7.0,0,2,6,13,2.0,
202400003019,155 776 536,A01,1.0,7.0,0,1,6,20,1.0,
202400003020,155 776 533,A01,2.0,31.0,0,2,5,3,0.0,
202400003021,155 776 531,B01,1.0,7.0,0,2,1,15,2.0,
202400003022,155 776 530,A01,1.0,7.0,0,9,3,2,1.0,
202400003023,155 776 527,B01,2.0,32.0,0,2,8,1,1.0,
202400003024,155 776 525,A01,2.0,7.0,0,0,5,2,2.0,
202400003025,155 776 524,A01,2.0,7.0,0,1,1,0,1.0,
202400003026,155 776 522,A01,1.0,7.0,0,2,3,2,1.0,
202400003027,155 776 521,A01,1.0,7.0,0,1,2,1,1.0,
202400003028,155 776 519,A01,1.0,7.0,13,2,6,9,1.0,
202400003029,155 776 517,A01,3.0,7.0,9,0,3,9,1.0,
202400003030,155 776 516,A01,1.0,10.0,0,1,1,26,1.0,
202400003031,155 776 514,A01,0.0,10.0,0,2,3,15,1.0,
202400003032,155 776 512,A01,1.0,7.0,0,9,1,1,1.0,
202400003033,155 776 511,B01,2.0,7.0,0,2,3,1,1.0,
202400003034,155 776 510,A01,1.0,7.0,0,1,1,13,1.0,
202400003035,155 776 506,A01,2.0,7.0,0,2,2,12,1.0,
202400003036,155 776 504,A01,3.0,36.0,0,2,6,1,1.0,
202400003037,155 776 500,A01,2.0,33.0,0,2,1,3,0.0,
202400003038,155 776 499,B01,0.0,1.0,0,2,1,1,5.0,
202400003039,155 776 498,A01,3.0,2.0,0,2,0,10,1.0,
202400003040,155 776 495,B01,1.0,33.0,0,2,8,3,1.0,
202400003041,155 776 493,A01,1.0,10.0,0,2,1,1,1.0,
202400003042,155 776 492,B01,2.0,7.0,0,2,3,1,1.0,
202400003043,155 776 489,A01,1.0,7.0,12,0,2,26,1.0,
202400003044,155 776 490,A01,1.0,7.0,14,0,1,0,1.0,
202400003045,155 776 488,A01,1.0,30.0,0,1,1,1,1.0,
202400003046,155 776 484,Z01,1.0,1.0,0,2,1,26,5.0,
202400003047,155 776 483,A01,3.0,7.0,0,2,1,9,1.0,
202400003048,155 776 482,B01,1.0,10.0,4,2,4,1,1.0,
202400003049,155 776 478,A01,3.0,7.0,0,2,2,2,1.0,
202400003050,155 776 477,A01,3.0,17.0,0,2,5,1,0.0,
202400003051,155 776 476,A01,2.0,7.0,0,2,1,1,1.0,
202400003052,155 776 475,A01,1.0,7.0,0,1,2,1,1.0,
202400003053,155 776 472,A01,1.0,10.0,0,2,1,2,1.0,
202400003054,155 776 471,A01,1.0,7.0,0,2,1,9,1.0,
202400003055,155 776 469,A01,1.0,7.0,0,2,3,0,1.0,
202400003056,155 776 463,A01,0.0,7.0,0,1,2,26,1.0,
202400003057,155 776 464,A01,2.0,33.0,0,2,1,3,1.0,
202400003058,155 776 465,A01,3.0,1.0,0,2,3,13,0.0,
202400003059,155 776 461,A01,1.0,7.0,0,2,6,16,2.0,
202400003060,155 776 458,A01,1.0,7.0,0,1,3,15,1.0,
202400003061,155 776 459,A01,1.0,7.0,1,2,1,1,1.0,
202400003062,155 776 455,A01,2.0,33.0,0,2,2,21,1.0,
202400003063,155 776 448,A01,2.0,7.0,14,0,2,15,1.0,
202400003064,155 776 445,A01,3.0,7.0,3,2,0,21,1.0,
202400003065,155 776 446,B01,1.0,7.0,0,2,6,15,1.0,
202400003066,155 776 444,B01,1.0,7.0,0,2,2,1,1.0,
202400003067,155 776 442,A01,1.0,7.0,0,2,3,20,2.0,
202400003068,155 776 440,A01,3.0,33.0,0,0,0,1,1.0,
202400003069,155 776 438,A01,2.0,7.0,0,4,8,15,1.0,
202400003070,155 776 439,A01,3.0,7.0,0,1,8,4,1.0,
202400003071,155 776 435,B01,0.0,7.0,0,2,8,1,1.0,
202400003072,155 776 433,A01,3.0,7.0,0,1,2,20,2.0,
202400003073,155 776 434,A01,2.0,7.0,0,2,7,9,1.0,
202400003074,155 776 432,A01,3.0,33.0,0,9,1,0,1.0,
202400003075,155 776 430,A01,3.0,7.0,2,0,1,1,1.0,
202400003076,155 776 428,A01,1.0,7.0,0,2,2,9,1.0,
202400003077,155 776 426,A01,1.0,7.0,0,2,1,9,1.0,
202400003078,155 776 424,A01,1.0,7.0,0,2,5,1,1.0,
202400003079,155 776 422,A01,1.0,7.0,0,2,3,15,3.0,
202400003080,155 776 421,A01,1.0,7.0,0,2,1,2,1.0,
202400003081,155 776 419,B01,2.0,31.0,0,2,1,3,1.0,
202400003082,155 776 416,A01,2.0,7.0,0,2,1,0,2.0,
202400003083,155 776 414,A01,1.0,7.0,0,1,1,1,1.0,
202400003084,155 776 412,A01,1.0,7.0,1,2,7,17,1.0,
202400003085,155 776 411,B01,1.0,7.0,0,2,7,1,1.0,
202400003086,155 776 409,A01,2.0,50.0,0,1,1,1,3.0,
202400003087,155 776 407,A01,1.0,7.0,0,2,1,2,1.0,
202400003088,155 776 406,A01,2.0,2.0,0,2,1,17,1.0,
202400003089,155 776 405,A01,1.0,7.0,0,1,7,1,1.0,
202400003090,155 776 404,A01,2.0,30.0,8,2,0,2,1.0,
202400003091,155 776 403,A01,3.0,7.0,6,0,1,0,1.0,
202400003092,155 776 399,B01,2.0,7.0,0,2,2,1,1.0,
202400003093,155 776 400,A01,2.0,7.0,0,2,7,15,1.0,
202400003094,155 776 397,A01,3.0,7.0,0,1,1,0,1.0,
202400003095,155 776 394,A01,1.0,7.0,0,1,1,26,1.0,
202400003096,155 776 395,Z01,3.0,7.0,0,1,2,0,1.0,
202400003097,155 776 396,B01,2.0,31.0,0,2,1,1,1.0,
202400003098,155 776 388,B01,1.0,33.0,0,2,2,13,1.0,
202400003099,155 776 390,B01,3.0,7.0,0,2,8,15,1.0,
202400003100,155 776 389,B01,0.0,50.0,0,2,3,2,3.0,
202400003101,155 776 387,A01,1.0,7.0,3,0,0,1,1.0,
202400003102,155 776 384,A01,2.0,7.0,0,2,7,15,1.0,
202400003103,155 776 381,A01,0.0,7.0,0,1,1,15,1.0,
202400003104,155 776 383,A01,1.0,7.0,0,2,1,1,1.0,
202400003105,155 776 379,A01,2.0,7.0,0,1,3,26,1.0,
202400003106,155 776 378,A01,0.0,7.0,0,0,8,1,1.0,
202400003107,155 776 375,C01,1.0,7.0,0,2,4,1,1.0,
202400003108,155 776 372,B01,1.0,50.0,0,2,1,15,3.0,
202400003109,155 776 371,A01,2.0,33.0,0,2,1,1,1.0,
202400003110,155 776 369,B01,3.0,7.0,0,2,2,9,1.0,
202400003111,155 776 366,A01,3.0,10.0,6,1,4,26,1.0,
202400003112,155 776 363,B01,2.0,32.0,0,0,0,0,1.0,
202400003113,155 776 364,A01,2.0,7.0,0,2,1,1,1.0,
202400003114,155 776 361,A01,1.0,7.0,2,0,2,1,1.0,
202400003115,155 776 360,A01,1.0,7.0,0,0,1,0,0.0,
202400003116,155 776 359,B01,1.0,1.0,0,2,3,23,5.0,
202400003117,155 776 357,A01,2.0,33.0,0,2,0,26,1.0,
202400003118,155 776 352,A01,3.0,7.0,0,2,1,9,1.0,
202400003119,155 776 351,B01,1.0,31.0,0,2,7,1,1.0,
202400003120,155 776 353,B01,0.0,7.0,0,2,0,0,1.0,
202400003121,155 776 350,A01,1.0,7.0,0,1,1,1,1.0,
202400003122,155 776 349,A01,1.0,7.0,0,1,1,0,1.0,
202400003123,155 776 348,A01,1.0,7.0,2,0,0,1,1.0,
202400003124,155 776 346,A01,3.0,50.0,0,2,3,19,3.0,
202400003125,155 776 345,A01,3.0,1.0,13,0,1,25,5.0,
202400003126,155 776 342,A01,2.0,7.0,0,2,2,1,1.0,
202400003127,155 776 341,A01,2.0,7.0,0,2,8,1,1.0,
202400003128,155 776 338,B01,1.0,7.0,7,2,2,1,2.0,
202400003129,155 776 333,A01,1.0,7.0,0,2,6,2,1.0,
202400003130,155 776 334,A01,2.0,7.0,0,2,1,1,1.0,
202400003131,155 776 335,B01,1.0,33.0,0,2,1,1,1.0,
202400003132,155 776 332,A01,2.0,10.0,0,1,1,15,1.0,
202400003133,155 776 330,A01,2.0,7.0,0,1,4,21,1.0,
202400003134,155 776 331,A01,1.0,7.0,3,0,1,1,2.0,
202400003135,155 776 326,A01,1.0,7.0,2,0,1,13,1.0,
202400003136,155 776 322,A01,2.0,7.0,0,2,1,1,1.0,
202400003137,155 776 320,A01,3.0,33.0,0,2,1,1,1.0,
202400003138,155 776 319,B01,3.0,7.0,0,2,8,1,1.0,
202400003139,155 776 316,A01,1.0,31.0,0,2,1,1,1.0,
202400003140,155 776 315,B01,2.0,80.0,0,2,1,1,2.0,
202400003141,155 776 313,B01,2.0,7.0,0,2,2,1,1.0,
202400003142,155 776 310,A01,3.0,7.0,0,9,1,26,1.0,
202400003143,155 776 309,B01,1.0,7.0,0,2,5,2,1.0,
202400003144,155 776 306,A01,2.0,7.0,0,2,7,15,1.0,
202400003145,155 776 304,A01,2.0,7.0,0,9,3,1,1.0,
202400003146,155 776 302,A01,2.0,30.0,0,2,1,2,1.0,
202400003147,155 776 300,B01,2.0,7.0,0,9,1,16,1.0,
202400003148,155 776 297,B01,3.0,31.0,0,2,1,1,1.0,
202400003149,155 776 298,A01,3.0,1.0,0,2,1,19,5.0,
202400003150,155 776 294,A01,1.0,32.0,0,2,1,2,1.0,
202400003151,155 776 293,A01,1.0,7.0,0,1,2,5,1.0,
202400003152,155 776 292,B01,1.0,7.0,0,2,2,1,1.0,
202400003153,155 776 290,B01,3.0,10.0,0,2,4,26,1.0,
202400003154,155 776 287,A01,1.0,14.0,0,2,6,12,0.0,
202400003155,155 776 285,A01,2.0,14.0,0,2,1,1,1.0,
202400003156,155 776 284,A01,1.0,7.0,0,2,2,26,1.0,
202400003157,155 776 283,A01,3.0,7.0,0,1,2,21,1.0,
202400003158,155 776 280,A01,3.0,1.0,0,2,3,9,5.0,
202400003159,155 776 281,A01,1.0,33.0,6,0,1,1,1.0,
202400003160,155 776 277,A01,3.0,7.0,0,2,1,9,2.0,
202400003161,155 776 276,A01,3.0,7.0,0,1,1,14,1.0,
202400003162,155 776 274,C01,1.0,7.0,0,2,3,1,1.0,
202400003163,155 776 272,B01,1.0,80.0,0,2,1,19,3.0,
202400003164,155 776 270,A01,3.0,14.0,0,1,1,1,1.0,
202400003165,155 776 269,A01,2.0,7.0,0,2,1,2,1.0,
202400003166,155 776 267,A01,1.0,7.0,0,2,3,9,1.0,
202400003167,155 776 263,B01,0.0,7.0,0,1,1,1,1.0,
202400003168,155 776 262,A01,1.0,33.0,0,2,1,3,1.0,
202400003169,155 776 256,B01,1.0,7.0,0,2,2,1,1.0,
202400003170,155 776 257,A01,2.0,33.0,3,0,2,3,1.0,
202400003171,155 776 254,A01,0.0,10.0,0,2,1,2,1.0,
202400003172,155 776 251,B01,3.0,1.0,0,2,1,1,5.0,
202400003173,155 776 252,A01,2.0,10.0,4,0,1,1,1.0,
202400003174,155 776 250,A01,1.0,3.0,0,1,1,1,1.0,
202400003175,155 776 249,A01,2.0,33.0,3,0,8,1,1.0,
202400003176,155 776 245,A01,2.0,50.0,0,1,1,13,3.0,
202400003177,155 776 244,A01,1.0,7.0,0,2,2,9,1.0,