Num_Acc,id_vehicule,num_veh,senc,catv,obs,obsm,choc,manv,motor,occutc
202400003178,155 776 243,C01,1.0,10.0,1,0,1,1,1.0,
202400003179,155 776 240,A01,1.0,30.0,0,2,2,15,1.0,
202400003180,155 776 239,B01,2.0,7.0,0,2,1,1,1.0,
202400003181,155 776 237,B01,2.0,33.0,0,2,1,3,1.0,
202400003182,155 776 234,A01,1.0,10.0,0,2,1,1,1.0,
202400003183,155 776 233,A01,1.0,2.0,0,2,2,17,1.0,
202400003184,155 776 231,A01,1.0,37.0,0,1,1,1,1.0,1
202400003185,155 776 230,B01,2.0,43.0,0,2,8,1,1.0,
202400003186,155 776 227,B01,1.0,7.0,0,2,8,11,1.0,
202400003187,155 776 226,B01,1.0,7.0,0,2,1,2,1.0,
202400003188,155 776 224,B01,1.0,7.0,0,2,4,1,1.0,
202400003189,155 776 222,A01,3.0,30.0,0,1,1,7,3.0,
202400003190,155 776 221,A01,2.0,50.0,0,2,1,1,3.0,
202400003191,155 776 220,A01,1.0,33.0,0,0,9,26,1.0,
202400003192,155 776 216,A01,1.0,10.0,1,0,1,20,1.0,
202400003193,155 776 214,A01,2.0,30.0,0,1,2,1,1.0,
202400003194,155 776 215,B01,2.0,7.0,0,2,6,1,1.0,
202400003195,155 776 211,A01,2.0,7.0,0,2,2,15,1.0,
202400003196,155 776 210,A01,2.0,3.0,0,2,3,13,1.0,
202400003197,155 776 209,A01,1.0,33.0,0,0,9,21,1.0,
202400003198,155 776 207,A01,3.0,7.0,0,2,3,26,1.0,
202400003199,155 776 205,A01,1.0,7.0,0,2,8,9,1.0,
202400003200,155 776 204,A01,2.0,7.0,0,1,1,19,1.0,
202400003201,155 776 200,B01,1.0,17.0,0,2,5,1,1.0,
202400003202,155 776 201,A01,1.0,7.0,0,1,3,0,1.0,
202400003203,155 776 198,A01,2.0,7.0,0,1,6,18,1.0,
202400003204,155 776 199,B01,2.0,7.0,0,2,2,19,1.0,
202400003205,155 776 193,A01,1.0,37.0,0,2,3,1,1.0,2
202400003206,155 776 191,A01,1.0,7.0,14,1,4,26,0.0,
202400003207,155 776 190,A01,2.0,7.0,0,2,1,2,1.0,
202400003208,155 776 189,A01,2.0,33.0,0,1,2,17,1.0,
202400003209,155 776 187,A01,0.0,1.0,0,2,1,19,5.0,
202400003210,155 776 185,A01,2.0,7.0,0,1,0,1,1.0,
202400003211,155 776 183,B01,2.0,2.0,0,2,3,1,3.0,
202400003212,155 776 182,B01,3.0,7.0,0,2,2,1,1.0,
202400003213,155 776 180,A01,1.0,7.0,0,1,2,16,1.0,
202400003214,155 776 178,B01,1.0,50.0,0,2,6,2,3.0,
202400003215,155 776 177,B01,1.0,30.0,0,2,1,16,1.0,
202400003216,155 776 175,A01,0.0,10.0,0,2,3,2,1.0,
202400003217,155 776 173,B01,1.0,1.0,0,2,7,1,5.0,
202400003218,155 776 171,A01,2.0,30.0,0,2,1,14,1.0,
202400003219,155 776 169,A01,1.0,7.0,0,1,1,26,1.0,
202400003220,155 776 166,A01,1.0,7.0,0,1,1,26,1.0,
202400003221,155 776 164,A01,1.0,7.0,0,2,0,0,1.0,
202400003222,155 776 163,Y01,3.0,1.0,0,0,0,1,5.0,
202400003223,155 776 160,A01,1.0,10.0,0,1,1,16,1.0,
202400003224,155 776 161,A01,3.0,1.0,0,2,1,1,5.0,
202400003225,155 776 159,A01,1.0,1.0,0,0,0,1,5.0,
202400003226,155 776 157,B01,1.0,7.0,0,2,4,1,1.0,
202400003227,155 776 154,A01,1.0,7.0,1,0,1,7,1.0,
202400003228,155 776 153,B01,2.0,7.0,0,2,2,1,1.0,
202400003229,155 776 149,A01,2.0,50.0,0,1,1,1,3.0,
202400003230,155 776 143,A01,1.0,7.0,0,2,1,13,1.0,
202400003231,155 776 142,A01,1.0,7.0,6,2,5,1,1.0,
202400003232,155 776 139,B01,1.0,33.0,0,2,1,1,1.0,
202400003233,155 776 138,A01,1.0,7.0,0,2,0,0,0.0,
202400003234,155 776 136,A01,3.0,7.0,0,1,3,15,1.0,
202400003235,155 776 134,A01,1.0,7.0,0,2,1,1,1.0,
202400003236,155 776 132,A01,3.0,15.0,0,2,8,16,0.0,
202400003237,155 776 130,A01,2.0,7.0,0,2,5,0,1.0,
202400003238,155 776 128,B01,3.0,7.0,0,2,8,1,1.0,
202400003239,155 776 127,A01,2.0,7.0,0,1,7,1,1.0,
202400003240,155 776 125,A01,1.0,7.0,0,1,1,15,1.0,
202400003241,155 776 124,B01,2.0,7.0,0,2,2,1,1.0,
202400003242,155 776 122,A01,1.0,10.0,0,2,3,19,0.0,
202400003243,155 776 120,A01,1.0,33.0,0,2,0,1,1.0,
202400003244,155 776 119,A01,1.0,7.0,0,1,3,0,0.0,
202400003245,155 776 116,A01,3.0,30.0,0,2,7,2,0.0,
202400003246,155 776 115,B01,2.0,33.0,0,2,0,1,1.0,
202400003247,155 776 112,B01,1.0,7.0,0,2,1,0,1.0,
202400003248,155 776 111,A01,1.0,10.0,0,2,2,9,1.0,
202400003249,155 776 109,A01,2.0,50.0,8,0,1,1,3.0,
202400003250,155 776 104,C01,2.0,10.0,0,2,4,1,0.0,
202400003251,155 776 105,A01,2.0,7.0,0,1,3,15,1.0,
202400003252,155 776 101,A01,2.0,10.0,0,2,1,2,1.0,
202400003253,155 776 100,A01,1.0,7.0,0,2,3,9,2.0,
202400003254,155 776 099,A01,1.0,7.0,0,1,3,1,1.0,
202400003255,155 776 096,B01,3.0,7.0,0,2,1,1,1.0,
202400003256,155 776 094,B01,1.0,7.0,0,2,4,2,1.0,
202400003257,155 776 093,A01,2.0,7.0,0,1,1,1,0.0,
202400003258,155 776 091,A01,3.0,7.0,0,2,3,19,1.0,
202400003259,155 776 090,A01,2.0,7.0,6,0,1,14,1.0,
202400003260,155 776 089,A01,1.0,7.0,0,1,3,1,2.0,
202400003261,155 776 088,A01,0.0,10.0,0,1,1,1,1.0,
202400003262,155 776 086,B01,2.0,7.0,0,2,3,1,1.0,
202400003263,155 776 085,A01,2.0,7.0,0,1,2,1,1.0,
202400003264,155 776 083,A01,1.0,7.0,0,2,4,17,1.0,
202400003265,155 776 080,A01,3.0,7.0,0,2,1,1,1.0,
202400003266,155 776 079,B01,3.0,50.0,0,2,1,1,3.0,
202400003267,155 776 077,Z01,1.0,1.0,0,1,0,1,5.0,
202400003268,155 776 076,B01,2.0,60.0,0,2,0,19,5.0,
202400003269,155 776 075,A01,1.0,1.0,0,1,1,1,5.0,
202400003270,155 776 073,A01,1.0,10.0,14,0,1,26,1.0,
202400003271,155 776 071,A01,1.0,38.0,0,1,1,1,1.0,1
202400003272,155 776 070,B01,2.0,1.0,0,2,4,1,5.0,
202400003273,155 776 067,B01,2.0,7.0,0,2,3,10,1.0,
202400003274,155 776 066,A01,1.0,7.0,0,2,1,14,0.0,
202400003275,155 776 063,A01,2.0,1.0,0,2,1,5,5.0,
202400003276,155 776 062,A01,1.0,7.0,0,2,1,2,1.0,
202400003277,155 776 060,B01,3.0,32.0,0,2,1,17,1.0,
202400003278,155 776 058,A01,3.0,7.0,0,2,7,15,1.0,
202400003279,155 776 056,A01,2.0,7.0,0,2,2,16,3.0,
202400003280,155 776 054,A01,2.0,1.0,0,1,1,17,5.0,
202400003281,155 776 053,A01,3.0,7.0,0,2,3,9,1.0,
202400003282,155 776 050,B01,1.0,10.0,0,2,8,15,1.0,
202400003283,155 776 049,A01,3.0,7.0,0,2,1,1,1.0,
202400003284,155 776 047,A01,1.0,1.0,0,2,1,1,5.0,
202400003285,155 776 045,A01,3.0,7.0,0,2,1,1,1.0,
202400003286,155 776 043,A01,1.0,33.0,0,2,2,1,1.0,
202400003287,155 776 041,A01,3.0,7.0,0,2,1,15,1.0,
202400003288,155 776 039,A01,1.0,14.0,0,2,3,22,1.0,
202400003289,155 776 037,A01,2.0,7.0,0,2,8,13,1.0,
202400003290,155 776 036,A01,3.0,80.0,0,1,1,1,3.0,
202400003291,155 776 034,A01,1.0,15.0,0,2,1,13,1.0,
202400003292,155 776 032,B01,2.0,7.0,0,2,1,15,1.0,
202400003293,155 776 030,A01,0.0,50.0,0,2,1,1,3.0,
202400003294,155 776 028,B01,3.0,31.0,0,2,1,1,1.0,
202400003295,155 776 026,A01,1.0,7.0,0,2,2,15,1.0,
202400003296,155 776 025,A01,1.0,33.0,4,0,3,13,1.0,
202400003297,155 776 023,A01,1.0,7.0,0,2,1,1,1.0,
202400003298,155 776 020,A01,3.0,10.0,8,0,1,1,3.0,
202400003299,155 776 021,A01,2.0,32.0,0,2,1,1,1.0,
202400003300,155 776 018,B01,2.0,7.0,0,2,3,1,1.0,
202400003301,155 776 016,B01,1.0,1.0,0,2,7,1,5.0,
202400003302,155 776 014,B01,0.0,50.0,0,2,1,1,3.0,
202400003303,155 776 012,B01,1.0,50.0,0,2,1,1,3.0,
202400003304,155 776 009,A01,3.0,7.0,0,2,1,2,1.0,
202400003305,155 776 007,A01,1.0,7.0,0,2,2,2,1.0,
202400003306,155 776 003,A01,2.0,7.0,1,2,3,16,1.0,
202400003307,155 776 002,B01,1.0,7.0,8,0,2,1,1.0,
202400003308,155 776 000,B01,2.0,7.0,0,2,1,2,1.0,
202400003309,155 775 999,A01,2.0,7.0,0,1,3,1,3.0,
202400003310,155 775 997,A01,2.0,7.0,0,2,3,9,3.0,
202400003311,155 775 995,TA01,0.0,7.0,0,9,3,1,1.0,
202400003312,155 775 993,A01,1.0,7.0,0,9,3,1,1.0,
202400003313,155 775 992,A01,3.0,7.0,0,1,2,1,2.0,
202400003314,155 775 990,B01,1.0,33.0,0,2,2,2,1.0,
202400003315,155 775 988,B01,3.0,7.0,0,2,6,1,0.0,
202400003316,155 775 986,A01,1.0,33.0,5,0,2,13,1.0,
202400003317,155 775 985,B01,1.0,10.0,0,2,1,1,1.0,
202400003318,155 775 982,B01,1.0,7.0,0,2,3,9,1.0,
202400003319,155 775 981,B01,1.0,32.0,0,2,6,1,1.0,
202400003320,155 775 978,A01,3.0,33.0,0,2,1,2,1.0,
202400003321,155 775 977,B01,1.0,7.0,0,2,2,1,1.0,
202400003322,155 775 976,A01,2.0,30.0,0,1,8,25,1.0,
202400003323,155 775 975,A01,1.0,30.0,0,0,0,17,1.0,
202400003324,155 775 974,A01,1.0,7.0,0,1,2,26,1.0,
202400003325,155 775 972,A01,2.0,30.0,0,2,1,1,1.0,
202400003326,155 775 971,A01,2.0,7.0,0,1,7,17,1.0,
202400003327,155 775 970,A01,2.0,10.0,0,1,7,1,1.0,
202400003328,155 775 968,A01,1.0,33.0,0,2,2,0,6.0,
202400003329,155 775 965,B01,1.0,7.0,0,2,1,1,1.0,
202400003330,155 775 961,A01,0.0,7.0,0,1,1,23,1.0,
202400003331,155 775 962,A01,2.0,7.0,0,2,1,2,1.0,
202400003332,155 775 959,A01,1.0,33.0,13,0,1,21,1.0,
202400003333,155 775 958,A01,1.0,7.0,0,2,2,11,1.0,
202400003334,155 775 957,A01,1.0,1.0,0,1,1,1,5.0,
202400003335,155 775 956,A01,3.0,7.0,8,0,1,13,1.0,
202400003336,155 775 954,A01,1.0,80.0,12,0,0,26,3.0,
202400003337,155 775 953,B01,1.0,50.0,0,2,7,1,3.0,
202400003338,155 775 951,A01,2.0,7.0,0,1,2,1,1.0,
202400003339,155 775 950,A01,3.0,33.0,14,0,1,0,0.0,
202400003340,155 775 949,A01,1.0,2.0,8,0,2,1,1.0,
202400003341,155 775 947,A01,2.0,7.0,8,0,0,0,1.0,
202400003342,155 775 948,A01,2.0,7.0,0,1,1,15,1.0,
202400003343,155 775 944,A01,1.0,7.0,0,2,2,5,1.0,
202400003344,155 775 942,C01,1.0,7.0,0,2,4,2,1.0,
202400003345,155 775 940,B01,3.0,7.0,0,2,8,16,1.0,
202400003346,155 775 937,A01,2.0,7.0,6,0,1,1,1.0,
202400003347,155 775 938,A01,2.0,33.0,0,2,1,3,1.0,
202400003348,155 775 936,A01,2.0,43.0,13,0,2,14,1.0,
202400003349,155 775 934,A01,3.0,7.0,0,1,1,0,2.0,
202400003350,155 775 933,A01,1.0,7.0,0,2,3,13,1.0,
202400003351,155 775 930,A01,1.0,7.0,8,2,1,1,1.0,
202400003352,155 775 929,A01,1.0,7.0,0,2,2,2,0.0,
202400003353,155 775 926,A01,1.0,30.0,0,2,1,1,1.0,
202400003354,155 775 924,A01,2.0,7.0,0,2,1,1,1.0,
202400003355,155 775 921,A01,2.0,33.0,9,0,1,1,1.0,
202400003356,155 775 922,A01,2.0,1.0,0,2,8,2,5.0,
202400003357,155 775 919,A01,1.0,13.0,13,0,8,15,1.0,
202400003358,155 775 917,A01,1.0,2.0,0,0,8,1,1.0,
202400003359,155 775 916,B01,1.0,7.0,0,2,6,16,1.0,
202400003360,155 775 914,A01,3.0,33.0,0,0,0,26,1.0,
202400003361,155 775 913,A01,3.0,1.0,0,2,1,1,5.0,
202400003362,155 775 910,A01,1.0,43.0,0,1,8,21,1.0,
202400003363,155 775 909,A01,2.0,33.0,0,0,7,1,1.0,
202400003364,155 775 906,A01,1.0,50.0,1,0,1,1,3.0,
202400003365,155 775 905,A01,2.0,33.0,0,2,0,1,1.0,
202400003366,155 775 903,A01,2.0,7.0,0,2,3,0,1.0,
202400003367,155 775 901,A01,2.0,7.0,13,2,2,17,1.0,
202400003368,155 775 899,A01,3.0,7.0,13,0,8,13,1.0,
202400003369,155 775 900,A01,2.0,33.0,0,1,7,21,1.0,
202400003370,155 775 898,A01,2.0,7.0,2,0,1,1,1.0,
202400003371,155 775 896,A01,3.0,33.0,0,2,3,13,1.0,
202400003372,155 775 895,A01,1.0,7.0,8,0,1,0,1.0,
202400003373,155 775 894,A01,2.0,1.0,12,9,1,2,5.0,
202400003374,155 775 893,A01,1.0,7.0,16,0,8,1,1.0,
202400003375,155 775 892,A01,3.0,33.0,0,0,0,16,1.0,
202400003376,155 775 890,B01,1.0,80.0,9,2,1,1,3.0,
202400003377,155 775 888,A01,1.0,1.0,10,2,5,1,5.0,
202400003378,155 775 887,A01,1.0,2.0,0,0,0,21,1.0,
202400003379,155 775 886,A01,1.0,7.0,6,0,2,1,1.0,
202400003380,155 775 885,A01,2.0,50.0,14,0,1,26,3.0,
202400003381,155 775 883,A01,1.0,7.0,1,0,4,23,1.0,
202400003382,155 775 881,A01,1.0,7.0,0,2,7,15,2.0,
202400003383,155 775 878,A01,3.0,7.0,0,2,7,19,1.0,
202400003384,155 775 877,A01,1.0,7.0,0,2,1,16,1.0,
202400003385,155 775 876,A01,3.0,7.0,8,0,1,0,1.0,
202400003386,155 775 875,A01,3.0,7.0,0,1,1,1,2.0,
202400003387,155 775 869,B01,1.0,30.0,0,2,2,1,1.0,
202400003388,155 775 870,B01,3.0,1.0,0,2,8,0,5.0,
202400003389,155 775 867,A01,2.0,7.0,13,0,9,21,1.0,
202400003390,155 775 866,B01,3.0,1.0,0,2,0,0,5.0,
202400003391,155 775 864,A01,3.0,7.0,15,0,6,2,1.0,
202400003392,155 775 863,A01,0.0,7.0,0,2,3,1,1.0,
202400003393,155 775 858,C01,1.0,13.0,0,2,1,1,1.0,
202400003394,155 775 860,B01,1.0,7.0,0,2,1,1,1.0,
202400003395,155 775 857,A01,0.0,7.0,0,1,1,1,1.0,
202400003396,155 775 855,A01,1.0,7.0,0,2,3,13,1.0,
202400003397,155 775 852,A01,2.0,7.0,0,2,6,15,1.0,
202400003398,155 775 851,A01,2.0,7.0,0,2,1,15,1.0,
202400003399,155 775 848,B01,3.0,32.0,0,2,1,1,1.0,
202400003400,155 775 847,A01,1.0,7.0,0,9,2,12,1.0,
202400003401,155 775 844,B01,2.0,7.0,0,0,5,1,1.0,
202400003402,155 775 843,A01,3.0,7.0,0,2,6,11,0.0,
202400003403,155 775 841,B01,2.0,10.0,0,2,3,1,1.0,
202400003404,155 775 840,A01,1.0,7.0,14,0,1,1,1.0,
202400003405,155 775 838,A01,0.0,7.0,0,1,1,0,0.0,
202400003406,155 775 837,A01,1.0,7.0,0,2,3,13,1.0,
202400003407,155 775 836,A01,1.0,7.0,0,1,1,1,0.0,
202400003408,155 775 835,A01,0.0,7.0,2,0,1,0,1.0,
202400003409,155 775 833,A01,2.0,7.0,0,0,0,0,1.0,
202400003410,155 775 831,A01,3.0,1.0,0,0,4,1,5.0,
202400003411,155 775 829,B01,1.0,14.0,0,2,7,9,1.0,
202400003412,155 775 827,B01,1.0,10.0,0,2,7,0,1.0,
202400003413,155 775 826,A01,2.0,7.0,13,0,2,1,1.0,
202400003414,155 775 823,A01,1.0,33.0,4,0,3,13,1.0,
202400003415,155 775 822,A01,1.0,2.0,0,2,1,19,1.0,
202400003416,155 775 819,B01,0.0,20.0,0,2,0,19,1.0,
202400003417,155 775 818,A01,1.0,7.0,0,9,2,2,0.0,
202400003418,155 775 816,A01,2.0,7.0,5,0,3,21,1.0,
202400003419,155 775 815,A01,2.0,10.0,0,2,1,1,1.0,
202400003420,155 775 813,A01,1.0,33.0,0,0,2,6,1.0,
202400003421,155 775 812,B01,0.0,34.0,0,2,0,11,1.0,
202400003422,155 775 809,A01,2.0,13.0,0,2,7,2,1.0,
202400003423,155 775 807,B01,1.0,80.0,0,0,6,1,3.0,
202400003424,155 775 806,A01,3.0,2.0,12,0,2,1,1.0,
202400003425,155 775 805,A01,3.0,33.0,0,0,0,25,1.0,
202400003426,155 775 802,C01,2.0,7.0,0,2,3,1,1.0,
202400003427,155 775 800,A01,1.0,99.0,1,0,0,0,6.0,
202400003428,155 775 798,B01,3.0,2.0,0,2,1,13,1.0,
202400003429,155 775 797,A01,1.0,7.0,13,0,1,15,1.0,
202400003430,155 775 794,B01,1.0,7.0,0,2,1,1,1.0,
202400003431,155 775 793,A01,1.0,7.0,0,0,1,26,1.0,
202400003432,155 775 792,A01,2.0,10.0,0,1,2,1,1.0,
202400003433,155 775 791,A01,3.0,2.0,0,0,0,0,1.0,
202400003434,155 775 788,A01,2.0,7.0,0,2,1,11,1.0,
202400003435,155 775 786,A01,0.0,7.0,0,2,1,2,1.0,
202400003436,155 775 781,A01,2.0,7.0,0,2,2,15,1.0,
202400003437,155 775 779,B01,1.0,1.0,0,2,3,1,5.0,
202400003438,155 775 778,A01,1.0,21.0,7,0,9,1,1.0,
202400003439,155 775 777,A01,3.0,30.0,0,0,8,1,1.0,
202400003440,155 775 774,B01,1.0,7.0,0,2,3,1,1.0,
202400003441,155 775 773,A01,3.0,7.0,0,2,3,1,1.0,
202400003442,155 775 772,A01,2.0,7.0,3,0,7,0,1.0,
202400003443,155 775 771,A01,2.0,34.0,12,0,1,14,1.0,
202400003444,155 775 770,A01,0.0,7.0,15,0,1,1,1.0,
202400003445,155 775 767,A01,1.0,7.0,0,2,7,15,1.0,
202400003446,155 775 764,A01,2.0,7.0,6,0,2,1,1.0,
202400003447,155 775 763,C01,2.0,7.0,0,2,1,1,1.0,
202400003448,155 775 760,A01,2.0,31.0,0,2,5,3,1.0,
202400003449,155 775 757,A01,1.0,7.0,0,2,1,15,1.0,
202400003450,155 775 754,A01,3.0,3.0,13,0,0,2,1.0,
202400003451,155 775 752,E01,1.0,10.0,0,2,5,21,1.0,
202400003452,155 775 750,A01,1.0,7.0,3,0,2,0,1.0,
202400003453,155 775 749,A01,1.0,7.0,0,0,2,1,1.0,
202400003454,155 775 746,B01,1.0,2.0,0,2,1,1,1.0,
202400003455,155 775 744,A01,2.0,31.0,0,2,3,3,1.0,
202400003456,155 775 743,A01,2.0,7.0,0,1,3,1,1.0,
202400003457,155 775 740,B01,1.0,80.0,0,0,8,19,3.0,
202400003458,155 775 737,A01,2.0,2.0,0,2,0,17,1.0,
202400003459,155 775 734,A01,1.0,7.0,8,2,1,13,1.0,
202400003460,155 775 732,A01,1.0,1.0,0,0,0,26,5.0,
202400003461,155 775 731,C01,1.0,7.0,0,2,4,1,2.0,
202400003462,155 775 729,A01,1.0,38.0,0,2,3,13,1.0,1
202400003463,155 775 727,A01,1.0,14.0,0,2,3,2,1.0,
202400003464,155 775 726,A01,1.0,7.0,0,0,1,26,1.0,
202400003465,155 775 724,B01,1.0,7.0,13,2,8,1,1.0,
202400003466,155 775 721,A01,1.0,7.0,8,1,2,1,1.0,
202400003467,155 775 719,A01,2.0,10.0,0,6,3,1,1.0,
202400003468,155 775 718,A01,2.0,7.0,0,1,2,2,1.0,
202400003469,155 775 716,A01,3.0,7.0,0,2,1,9,1.0,
202400003470,155 775 712,A01,1.0,10.0,0,2,1,2,1.0,
202400003471,155 775 710,B01,1.0,17.0,0,2,4,1,1.0,
202400003472,155 775 708,A01,2.0,7.0,0,2,2,1,1.0,
202400003473,155 775 704,A01,2.0,7.0,0,2,1,2,1.0,
202400003474,155 775 701,C01,1.0,7.0,4,2,4,2,1.0,
202400003475,155 775 699,A01,2.0,7.0,0,2,1,2,1.0,
202400003476,155 775 698,A01,2.0,33.0,0,9,0,3,1.0,
202400003477,155 775 695,C01,2.0,7.0,0,2,4,2,1.0,
202400003478,155 775 693,A01,1.0,33.0,0,2,1,1,1.0,
202400003479,155 775 691,A01,2.0,33.0,0,2,4,11,1.0,
202400003480,155 775 689,A01,2.0,7.0,0,2,1,1,1.0,
202400003481,155 775 688,A01,1.0,50.0,0,1,1,2,3.0,
202400003482,155 775 686,A01,2.0,7.0,0,2,7,12,1.0,
202400003483,155 775 684,A01,1.0,2.0,0,2,1,1,1.0,
202400003484,155 775 683,A01,2.0,7.0,15,0,3,0,1.0,
202400003485,155 775 681,B01,1.0,7.0,0,2,2,15,1.0,
202400003486,155 775 679,A01,2.0,33.0,0,2,1,17,1.0,
202400003487,155 775 676,C01,1.0,1.0,0,2,1,1,5.0,
202400003488,155 775 674,B01,0.0,30.0,0,0,0,0,1.0,
202400003489,155 775 672,B01,3.0,1.0,0,2,8,19,5.0,
202400003490,155 775 671,A01,2.0,1.0,16,0,3,1,5.0,
202400003491,155 775 669,A01,2.0,33.0,0,0,0,21,1.0,
202400003492,155 775 668,A01,2.0,7.0,13,0,8,1,1.0,
202400003493,155 775 666,B01,1.0,33.0,0,2,1,21,1.0,
202400003494,155 775 665,A01,1.0,7.0,0,1,1,1,2.0,
202400003495,155 775 663,A01,2.0,7.0,0,2,1,1,1.0,
202400003496,155 775 662,A01,3.0,7.0,0,1,2,1,1.0,
202400003497,155 775 661,A01,2.0,7.0,4,0,0,1,1.0,
202400003498,155 775 659,A01,1.0,7.0,0,2,3,1,1.0,
202400003499,155 775 657,A01,3.0,7.0,0,2,2,1,1.0,
202400003500,155 775 655,A01,3.0,7.0,0,2,1,12,1.0,
202400003501,155 775 654,A01,2.0,31.0,0,1,1,17,1.0,
202400003502,155 775 653,A01,1.0,31.0,0,1,1,1,3.0,
202400003503,155 775 651,A01,1.0,2.0,0,0,3,1,3.0,
202400003504,155 775 649,B01,3.0,10.0,0,2,1,1,1.0,
202400003505,155 775 647,A01,1.0,7.0,8,2,7,1,1.0,
202400003506,155 775 645,B01,2.0,1.0,0,2,8,25,5.0,
202400003507,155 775 644,A01,1.0,7.0,0,1,2,1,1.0,
202400003508,155 775 642,A01,3.0,33.0,0,2,2,0,1.0,
202400003509,155 775 640,B01,2.0,7.0,0,2,8,20,1.0,
202400003510,155 775 639,A01,1.0,7.0,1,1,1,16,1.0,
202400003511,155 775 638,A01,2.0,7.0,0,1,2,1,1.0,
202400003512,155 775 635,B01,3.0,7.0,14,0,4,23,0.0,
202400003513,155 775 634,A01,1.0,1.0,1,0,7,14,5.0,
202400003514,155 775 633,A01,2.0,30.0,0,1,2,1,1.0,
202400003515,155 775 631,A01,2.0,7.0,0,0,1,1,1.0,
202400003516,155 775 629,A01,0.0,43.0,0,2,1,2,1.0,
202400003517,155 775 628,A01,1.0,31.0,0,0,7,16,1.0,
202400003518,155 775 626,B01,2.0,33.0,0,2,5,17,1.0,
202400003519,155 775 625,A01,1.0,32.0,0,1,1,1,1.0,
202400003520,155 775 623,A01,1.0,10.0,0,2,1,1,1.0,
202400003521,155 775 621,A01,1.0,7.0,0,2,7,10,1.0,
202400003522,155 775 620,A01,3.0,7.0,0,1,2,9,0.0,
202400003523,155 775 618,B01,2.0,7.0,0,2,3,23,1.0,
202400003524,155 775 617,A01,1.0,7.0,15,0,2,1,1.0,
202400003525,155 775 615,A01,2.0,7.0,0,2,2,22,1.0,
202400003526,155 775 614,A01,3.0,10.0,0,1,1,15,1.0,
202400003527,155 775 612,A01,3.0,2.0,0,2,2,1,1.0,
202400003528,155 775 610,B01,1.0,7.0,0,2,8,0,1.0,
202400003529,155 775 608,A01,2.0,7.0,0,2,1,2,1.0,
202400003530,155 775 605,C01,1.0,7.0,0,2,1,23,1.0,
202400003531,155 775 602,A01,2.0,7.0,0,2,7,14,1.0,
202400003532,155 775 600,A01,1.0,7.0,0,2,1,1,1.0,
202400003533,155 775 598,A01,2.0,7.0,0,2,8,19,1.0,
202400003534,155 775 597,A01,3.0,7.0,2,0,3,1,1.0,
202400003535,155 775 596,A01,1.0,36.0,0,0,7,0,1.0,
202400003536,155 775 593,C01,2.0,7.0,0,2,1,1,1.0,
202400003537,155 775 592,A01,1.0,7.0,8,0,1,1,1.0,
202400003538,155 775 589,A01,2.0,7.0,0,0,4,2,1.0,
202400003539,155 775 588,A01,1.0,1.0,12,0,1,1,5.0,
202400003540,155 775 586,B01,3.0,50.0,0,2,1,1,3.0,
202400003541,155 775 584,A01,2.0,7.0,0,9,2,2,1.0,
202400003542,155 775 582,A01,1.0,33.0,0,2,1,1,1.0,
202400003543,155 775 580,A01,1.0,7.0,0,2,1,0,1.0,
202400003544,155 775 578,B01,2.0,33.0,0,2,3,2,1.0,
202400003545,155 775 576,A01,2.0,33.0,8,2,1,13,1.0,
202400003546,155 775 573,A01,1.0,7.0,0,2,3,13,1.0,
202400003547,155 775 571,A01,2.0,2.0,0,0,8,1,1.0,
202400003548,155 775 569,A01,3.0,2.0,0,2,1,1,1.0,
202400003549,155 775 568,A01,3.0,7.0,13,0,3,1,1.0,
202400003550,155 775 566,A01,2.0,10.0,0,2,1,5,1.0,
202400003551,155 775 564,A01,2.0,7.0,0,2,3,10,1.0,
202400003552,155 775 561,A01,1.0,7.0,0,2,1,13,1.0,
202400003553,155 775 559,A01,2.0,7.0,0,2,1,17,1.0,
202400003554,155 775 557,A01,2.0,7.0,0,2,1,13,1.0,
202400003555,155 775 555,A01,1.0,10.0,0,2,1,1,1.0,
202400003556,155 775 553,A01,2.0,7.0,0,2,1,13,1.0,
202400003557,155 775 551,A01,2.0,7.0,0,2,2,17,1.0,
202400003558,155 775 550,A01,1.0,7.0,13,0,0,1,1.0,
202400003559,155 775 548,A01,1.0,10.0,0,2,2,15,1.0,
202400003560,155 775 546,A01,2.0,7.0,3,2,2,17,1.0,
202400003561,155 775 545,A01,2.0,7.0,13,0,8,13,1.0,
202400003562,155 775 543,A01,2.0,50.0,0,0,0,1,3.0,
202400003563,155 775 542,A01,2.0,15.0,0,2,1,1,1.0,
202400003564,155 775 541,A01,2.0,7.0,13,0,0,13,1.0,
202400003565,155 775 540,A01,1.0,7.0,0,0,2,2,0.0,
202400003566,155 775 535,A01,3.0,7.0,13,0,7,1,1.0,
202400003567,155 775 533,B01,2.0,7.0,0,2,1,1,1.0,
202400003568,155 775 531,B01,2.0,7.0,0,2,1,1,1.0,
202400003569,155 775 530,A01,2.0,7.0,8,0,1,1,1.0,
202400003570,155 775 526,B01,2.0,33.0,0,2,1,1,1.0,
202400003571,155 775 524,A01,3.0,20.0,0,0,9,13,1.0,
202400003572,155 775 523,A01,2.0,99.0,0,2,1,1,1.0,
202400003573,155 775 521,A01,2.0,7.0,6,0,3,14,1.0,
202400003574,155 775 520,A01,2.0,7.0,0,2,1,13,1.0,