Num_Acc,id_vehicule,num_veh,senc,catv,obs,obsm,choc,manv,motor,occutc
202400003575,155 775 518,A01,2.0,7.0,0,2,1,15,1.0,
202400003576,155 775 516,A01,0.0,7.0,0,2,1,9,1.0,
202400003577,155 775 514,A01,1.0,7.0,0,2,1,13,1.0,
202400003578,155 775 513,A01,1.0,7.0,0,1,1,1,1.0,
202400003579,155 775 511,A01,0.0,31.0,0,0,8,0,1.0,
202400003580,155 775 510,A01,2.0,7.0,0,2,5,15,1.0,
202400003581,155 775 508,A01,1.0,7.0,0,2,3,15,1.0,
202400003582,155 775 506,A01,1.0,7.0,0,2,2,5,1.0,
202400003583,155 775 505,A01,2.0,33.0,15,0,1,1,1.0,
202400003584,155 775 504,A01,2.0,7.0,0,1,2,1,1.0,
202400003585,155 775 502,B01,2.0,7.0,0,2,3,15,1.0,
202400003586,155 775 501,A01,1.0,7.0,2,0,2,0,1.0,
202400003587,155 775 500,A01,1.0,7.0,2,0,2,1,1.0,
202400003588,155 775 498,A01,3.0,7.0,0,1,7,5,1.0,
202400003589,155 775 497,B01,2.0,1.0,0,2,2,26,5.0,
202400003590,155 775 494,A01,2.0,7.0,0,2,4,23,1.0,
202400003591,155 775 492,A01,2.0,33.0,0,0,0,21,1.0,
202400003592,155 775 493,A01,1.0,7.0,0,2,1,1,1.0,
202400003593,155 775 489,A01,1.0,10.0,13,2,3,13,1.0,
202400003594,155 775 488,A01,1.0,7.0,0,0,3,0,1.0,
202400003595,155 775 486,A01,1.0,7.0,2,0,7,1,1.0,
202400003596,155 775 485,A01,1.0,7.0,0,2,2,5,1.0,
202400003597,155 775 483,B01,2.0,7.0,0,2,1,2,1.0,
202400003598,155 775 482,A01,2.0,33.0,0,0,8,1,1.0,
202400003599,155 775 480,A01,1.0,34.0,6,0,2,1,1.0,
202400003600,155 775 479,A01,1.0,7.0,0,2,8,9,1.0,
202400003601,155 775 476,B01,2.0,1.0,0,0,6,1,5.0,
202400003602,155 775 474,C01,2.0,7.0,0,2,4,1,1.0,
202400003603,155 775 473,A01,1.0,1.0,0,0,1,0,5.0,
202400003604,155 775 471,A01,1.0,7.0,6,0,2,14,1.0,
202400003605,155 775 469,A01,1.0,7.0,0,2,1,5,1.0,
202400003606,155 775 468,A01,1.0,7.0,0,1,7,1,1.0,
202400003607,155 775 465,A01,2.0,10.0,0,2,3,2,1.0,
202400003608,155 775 464,A01,1.0,7.0,2,0,1,1,1.0,
202400003609,155 775 461,B01,1.0,7.0,0,2,1,1,1.0,
202400003610,155 775 459,A01,1.0,7.0,0,2,3,16,1.0,
202400003611,155 775 457,A01,1.0,7.0,0,2,1,21,1.0,
202400003612,155 775 453,A01,2.0,7.0,0,2,1,2,1.0,
202400003613,155 775 454,A01,1.0,10.0,0,2,3,5,1.0,
202400003614,155 775 449,A01,3.0,33.0,0,2,1,1,1.0,
202400003615,155 775 444,F01,1.0,7.0,0,2,4,2,1.0,
202400003616,155 775 441,A01,1.0,7.0,0,2,2,12,1.0,
202400003617,155 775 440,A01,2.0,7.0,16,0,9,14,1.0,
202400003618,155 775 438,A01,1.0,10.0,0,2,6,2,1.0,
202400003619,155 775 435,B01,3.0,1.0,0,2,1,1,5.0,
202400003620,155 775 433,A01,2.0,33.0,0,2,1,3,1.0,
202400003621,155 775 430,A01,2.0,33.0,0,2,3,3,1.0,
202400003622,155 775 429,B01,3.0,7.0,0,2,7,1,1.0,
202400003623,155 775 428,A01,1.0,33.0,4,0,1,0,1.0,
202400003624,155 775 424,B01,2.0,7.0,0,2,4,23,1.0,
202400003625,155 775 425,A01,1.0,7.0,0,2,3,1,1.0,
202400003626,155 775 421,B01,1.0,1.0,0,2,1,1,5.0,
202400003627,155 775 420,A01,2.0,33.0,0,2,3,13,1.0,
202400003628,155 775 419,A01,1.0,30.0,8,0,1,1,1.0,
202400003629,155 775 418,A01,3.0,7.0,6,0,3,13,1.0,
202400003630,155 775 414,A01,1.0,7.0,0,2,1,1,1.0,
202400003631,155 775 413,A01,0.0,7.0,0,2,1,5,1.0,
202400003632,155 775 411,B01,1.0,50.0,0,2,3,1,3.0,
202400003633,155 775 407,A01,1.0,7.0,0,2,3,0,1.0,
202400003634,155 775 405,A01,1.0,32.0,0,2,1,1,1.0,
202400003635,155 775 409,B01,1.0,7.0,0,2,3,1,1.0,
202400003636,155 775 402,A01,2.0,1.0,0,2,1,1,5.0,
202400003637,155 775 401,A01,2.0,30.0,0,2,1,1,1.0,
202400003638,155 775 400,A01,1.0,33.0,6,0,1,6,1.0,
202400003639,155 775 398,A01,2.0,7.0,0,2,1,1,1.0,
202400003640,155 775 394,A01,1.0,1.0,14,2,1,1,5.0,
202400003641,155 775 396,B01,2.0,7.0,0,2,1,11,1.0,
202400003642,155 775 392,A01,3.0,32.0,0,2,1,15,1.0,
202400003643,155 775 391,A01,1.0,7.0,8,0,0,0,1.0,
202400003644,155 775 390,A01,2.0,7.0,0,1,3,15,1.0,
202400003645,155 775 388,A01,0.0,7.0,0,0,6,4,1.0,
202400003646,155 775 386,A01,3.0,7.0,0,2,1,19,1.0,
202400003647,155 775 383,A01,2.0,50.0,0,2,1,5,3.0,
202400003648,155 775 382,A01,1.0,33.0,0,2,8,3,1.0,
202400003649,155 775 380,A01,1.0,7.0,1,1,3,15,1.0,
202400003650,155 775 379,A01,1.0,7.0,8,2,8,1,1.0,
202400003651,155 775 377,B01,2.0,50.0,0,2,7,26,3.0,
202400003652,155 775 376,A01,3.0,7.0,0,1,4,26,1.0,
202400003653,155 775 374,A01,0.0,7.0,0,2,3,15,1.0,
202400003654,155 775 373,A01,1.0,2.0,7,0,0,1,1.0,
202400003655,155 775 370,A01,2.0,7.0,0,2,2,2,1.0,
202400003656,155 775 369,A01,2.0,7.0,0,2,1,2,1.0,
202400003657,155 775 367,A01,3.0,7.0,0,2,6,1,1.0,
202400003658,155 775 363,A01,1.0,7.0,0,2,1,1,1.0,
202400003659,155 775 362,A01,1.0,10.0,0,2,1,1,1.0,
202400003660,155 775 360,B01,1.0,7.0,0,2,5,1,1.0,
202400003661,155 775 358,A01,2.0,10.0,0,2,7,14,0.0,
202400003662,155 775 356,A01,0.0,7.0,0,1,1,1,0.0,
202400003663,155 775 355,B01,1.0,10.0,0,2,6,9,1.0,
202400003664,155 775 353,A01,3.0,33.0,0,2,3,17,1.0,
202400003665,155 775 352,A01,2.0,7.0,4,0,1,13,1.0,
202400003666,155 775 349,B01,3.0,10.0,0,9,3,15,1.0,
202400003667,155 775 348,A01,1.0,7.0,0,2,8,11,1.0,
202400003668,155 775 345,A01,1.0,43.0,0,2,1,1,1.0,
202400003669,155 775 343,A01,2.0,7.0,0,2,8,11,1.0,
202400003670,155 775 342,A01,1.0,7.0,1,1,1,1,1.0,
202400003671,155 775 340,A01,1.0,7.0,0,2,7,14,1.0,
202400003672,155 775 339,A01,3.0,50.0,8,0,1,1,3.0,
202400003673,155 775 337,B01,1.0,7.0,0,2,7,12,1.0,
202400003674,155 775 335,A01,3.0,7.0,0,2,3,15,1.0,
202400003675,155 775 330,D01,2.0,7.0,0,2,1,2,0.0,
202400003676,155 775 329,B01,3.0,50.0,0,2,1,5,3.0,
202400003677,155 775 326,B01,3.0,32.0,0,2,1,1,1.0,
202400003678,155 775 325,A01,1.0,30.0,0,2,8,1,1.0,
202400003679,155 775 323,A01,0.0,80.0,0,1,1,26,3.0,
202400003680,155 775 322,A01,1.0,7.0,0,2,0,0,1.0,
202400003681,155 775 320,A01,1.0,33.0,0,0,1,1,1.0,
202400003682,155 775 319,A01,2.0,30.0,0,2,8,17,1.0,
202400003683,155 775 318,A01,1.0,33.0,17,0,1,1,1.0,
202400003684,155 775 316,A01,3.0,30.0,0,2,1,2,1.0,
202400003685,155 775 315,A01,1.0,7.0,6,0,2,21,1.0,
202400003686,155 775 314,A01,2.0,7.0,0,1,1,1,1.0,
202400003687,155 775 313,A01,1.0,7.0,0,1,7,1,1.0,
202400003688,155 775 311,A01,1.0,7.0,0,2,1,1,1.0,
202400003689,155 775 308,A01,2.0,7.0,0,2,6,15,1.0,
202400003690,155 775 307,A01,1.0,0.0,0,2,0,26,1.0,
202400003691,155 775 304,B01,3.0,34.0,0,2,1,1,1.0,
202400003692,155 775 303,A01,1.0,7.0,0,2,3,26,1.0,
202400003693,155 775 302,A01,2.0,7.0,0,1,1,17,1.0,
202400003694,155 775 301,A01,1.0,7.0,0,1,7,1,1.0,
202400003695,155 775 299,A01,3.0,7.0,0,1,1,1,1.0,
202400003696,155 775 298,A01,2.0,14.0,0,2,1,2,1.0,
202400003697,155 775 295,A01,1.0,7.0,0,2,6,12,1.0,
202400003698,155 775 294,A01,1.0,32.0,0,2,1,2,1.0,
202400003699,155 775 291,A01,3.0,1.0,0,2,8,11,5.0,
202400003700,155 775 290,A01,1.0,7.0,0,2,3,0,1.0,
202400003701,155 775 289,A01,3.0,30.0,0,0,0,1,1.0,
202400003702,155 775 285,B01,0.0,7.0,0,2,7,1,1.0,
202400003703,155 775 286,A01,1.0,10.0,0,2,1,0,0.0,
202400003704,155 775 283,A01,3.0,37.0,0,1,1,1,1.0,1
202400003705,155 775 282,B01,2.0,32.0,0,2,3,0,0.0,
202400003706,155 775 280,A01,3.0,7.0,15,0,1,14,1.0,
202400003707,155 775 281,A01,1.0,7.0,0,1,1,15,1.0,
202400003708,155 775 278,A01,1.0,50.0,0,0,0,0,3.0,
202400003709,155 775 277,B01,2.0,7.0,0,2,1,1,1.0,
202400003710,155 775 275,A01,1.0,7.0,0,2,1,19,1.0,
202400003711,155 775 274,A01,1.0,7.0,0,1,3,1,1.0,
202400003712,155 775 271,A01,1.0,1.0,0,2,1,1,5.0,
202400003713,155 775 270,B01,3.0,1.0,0,2,1,5,5.0,
202400003714,155 775 267,B01,1.0,50.0,0,2,7,16,3.0,
202400003715,155 775 264,A01,2.0,30.0,0,2,3,18,1.0,
202400003716,155 775 263,A01,1.0,7.0,0,2,1,14,1.0,
202400003717,155 775 261,A01,1.0,1.0,0,2,0,0,5.0,
202400003718,155 775 258,A01,3.0,7.0,0,1,3,9,1.0,
202400003719,155 775 257,B01,1.0,7.0,0,2,4,1,1.0,
202400003720,155 775 255,A01,2.0,7.0,0,1,0,2,1.0,
202400003721,155 775 254,B01,0.0,7.0,0,2,8,1,1.0,
202400003722,155 775 253,A01,2.0,50.0,0,2,0,26,3.0,
202400003723,155 775 252,A01,3.0,7.0,0,1,1,1,1.0,
202400003724,155 775 250,B01,2.0,7.0,0,2,1,16,1.0,
202400003725,155 775 248,A01,0.0,33.0,2,0,1,1,1.0,
202400003726,155 775 247,A01,3.0,10.0,0,2,2,19,1.0,
202400003727,155 775 245,A01,2.0,7.0,0,2,5,17,1.0,
202400003728,155 775 243,B01,3.0,7.0,0,2,1,1,1.0,
202400003729,155 775 241,A01,1.0,33.0,0,2,1,7,1.0,
202400003730,155 775 239,A01,2.0,7.0,0,2,1,9,1.0,
202400003731,155 775 237,A01,3.0,10.0,0,2,1,1,1.0,
202400003732,155 775 233,B01,1.0,10.0,0,2,3,15,1.0,
202400003733,155 775 234,A01,1.0,7.0,0,2,7,1,1.0,
202400003734,155 775 232,A01,1.0,7.0,3,0,1,14,1.0,
202400003735,155 775 231,A01,1.0,7.0,11,0,1,14,1.0,
202400003736,155 775 229,A01,1.0,7.0,0,2,5,1,1.0,
202400003737,155 775 227,B01,2.0,1.0,0,2,1,1,5.0,
202400003738,155 775 225,A01,2.0,7.0,0,4,7,13,1.0,
202400003739,155 775 223,A01,2.0,30.0,0,2,1,1,1.0,
202400003740,155 775 219,A01,1.0,37.0,0,1,2,13,6.0,2
202400003741,155 775 218,A01,0.0,32.0,0,2,1,1,1.0,
202400003742,155 775 216,A01,1.0,7.0,0,1,1,1,1.0,
202400003743,155 775 215,A01,1.0,80.0,0,2,1,9,3.0,
202400003744,155 775 212,A01,2.0,30.0,0,2,1,2,1.0,
202400003745,155 775 211,B01,2.0,1.0,0,2,0,1,5.0,
202400003746,155 775 210,A01,1.0,32.0,0,1,3,1,1.0,
202400003747,155 775 209,A01,3.0,7.0,8,0,1,0,1.0,
202400003748,155 775 207,A01,1.0,31.0,8,0,1,21,1.0,
202400003749,155 775 206,A01,2.0,10.0,0,2,1,1,1.0,
202400003750,155 775 204,A01,3.0,33.0,0,0,8,1,1.0,
202400003751,155 775 203,A01,0.0,7.0,0,2,4,1,1.0,
202400003752,155 775 201,A01,3.0,7.0,0,1,3,17,1.0,
202400003753,155 775 202,A01,2.0,7.0,0,0,1,1,1.0,
202400003754,155 775 199,B01,0.0,7.0,0,0,3,15,1.0,
202400003755,155 775 197,A01,3.0,32.0,0,2,8,1,1.0,
202400003756,155 775 194,A01,3.0,30.0,0,2,1,0,1.0,
202400003757,155 775 193,A01,3.0,2.0,14,2,1,19,1.0,
202400003758,155 775 189,A01,2.0,7.0,0,2,1,13,1.0,
202400003759,155 775 188,A01,1.0,33.0,12,0,7,1,1.0,
202400003760,155 775 187,A01,3.0,1.0,16,0,0,1,5.0,
202400003761,155 775 184,Z01,2.0,7.0,0,2,1,0,0.0,
202400003762,155 775 183,A01,1.0,7.0,0,2,7,15,3.0,
202400003763,155 775 181,A01,1.0,33.0,0,0,0,1,1.0,
202400003764,155 775 180,A01,2.0,7.0,0,2,3,11,1.0,
202400003765,155 775 177,A01,1.0,7.0,0,2,1,1,1.0,
202400003766,155 775 176,A01,3.0,10.0,0,2,7,1,1.0,
202400003767,155 775 175,A01,1.0,43.0,4,0,3,3,1.0,
202400003768,155 775 172,B01,1.0,43.0,0,2,5,3,1.0,
202400003769,155 775 171,A01,3.0,7.0,0,2,1,1,1.0,
202400003770,155 775 168,A01,3.0,7.0,0,2,2,12,1.0,
202400003771,155 775 167,B01,3.0,14.0,0,2,1,1,1.0,
202400003772,155 775 166,A01,1.0,7.0,6,0,1,26,1.0,
202400003773,155 775 165,A01,1.0,43.0,0,0,3,1,1.0,
202400003774,155 775 163,A01,2.0,80.0,14,0,3,13,3.0,
202400003775,155 775 162,A01,1.0,30.0,0,2,1,1,1.0,
202400003776,155 775 160,A01,2.0,31.0,0,1,1,1,1.0,
202400003777,155 775 159,B01,3.0,10.0,0,2,1,1,1.0,
202400003778,155 775 156,B01,2.0,7.0,0,2,3,1,1.0,
202400003779,155 775 152,A01,1.0,7.0,7,0,1,6,1.0,
202400003780,155 775 151,B01,2.0,7.0,9,0,8,1,1.0,
202400003781,155 775 148,A01,3.0,7.0,0,2,1,1,1.0,
202400003782,155 775 149,A01,1.0,50.0,4,0,3,13,3.0,
202400003783,155 775 146,A01,1.0,7.0,0,1,3,1,3.0,
202400003784,155 775 145,A01,1.0,2.0,0,2,8,18,1.0,
202400003785,155 775 141,B01,1.0,7.0,0,0,3,1,1.0,
202400003786,155 775 142,B01,1.0,7.0,0,2,4,2,1.0,
202400003787,155 775 140,A01,0.0,10.0,0,1,2,1,1.0,
202400003788,155 775 139,A01,2.0,7.0,0,1,7,1,1.0,
202400003789,155 775 138,A01,1.0,7.0,0,1,1,1,1.0,
202400003790,155 775 135,B01,1.0,1.0,0,2,2,1,5.0,
202400003791,155 775 134,A01,2.0,7.0,0,2,1,15,1.0,
202400003792,155 775 130,B01,3.0,10.0,0,2,3,1,1.0,
202400003793,155 775 131,A01,1.0,7.0,0,2,1,19,1.0,
202400003794,155 775 127,Z01,1.0,7.0,0,2,6,22,1.0,
202400003795,155 775 126,A01,3.0,10.0,0,2,3,15,1.0,
202400003796,155 775 122,A01,1.0,7.0,0,9,3,15,1.0,
202400003797,155 775 123,A01,1.0,33.0,0,2,3,18,1.0,
202400003798,155 775 118,A01,1.0,7.0,0,2,1,16,1.0,
202400003799,155 775 117,C01,3.0,14.0,0,0,4,0,0.0,
202400003800,155 775 116,A01,1.0,7.0,1,0,1,14,2.0,
202400003801,155 775 113,A01,1.0,1.0,0,1,1,1,5.0,
202400003802,155 775 111,B01,1.0,10.0,0,2,7,16,1.0,
202400003803,155 775 114,A01,2.0,7.0,0,2,5,17,1.0,
202400003804,155 775 109,B01,3.0,1.0,0,2,7,1,5.0,
202400003805,155 775 107,A01,2.0,7.0,0,2,3,1,1.0,
202400003806,155 775 106,A01,1.0,80.0,12,0,1,13,3.0,
202400003807,155 775 104,A01,1.0,50.0,0,0,0,1,3.0,
202400003808,155 775 103,A01,1.0,7.0,0,2,0,15,1.0,
202400003809,155 775 100,B01,1.0,1.0,0,2,0,0,5.0,
202400003810,155 775 099,A01,1.0,7.0,0,2,2,15,1.0,
202400003811,155 775 096,B01,2.0,7.0,0,2,2,1,0.0,
202400003812,155 775 097,A01,1.0,7.0,0,1,1,16,0.0,
202400003813,155 775 095,A01,1.0,14.0,0,1,5,4,1.0,
202400003814,155 775 094,A01,2.0,34.0,0,1,1,1,1.0,
202400003815,155 775 091,A01,3.0,7.0,0,2,2,15,1.0,
202400003816,155 775 092,A01,2.0,7.0,0,1,1,1,1.0,
202400003817,155 775 090,A01,2.0,60.0,14,0,1,1,5.0,
202400003818,155 775 088,A01,1.0,7.0,0,2,1,2,1.0,
202400003819,155 775 086,B01,1.0,7.0,0,2,1,1,1.0,
202400003820,155 775 084,A01,1.0,7.0,0,2,1,5,2.0,
202400003821,155 775 082,B01,3.0,7.0,0,2,2,19,3.0,
202400003822,155 775 080,B01,1.0,7.0,0,2,2,1,1.0,
202400003823,155 775 079,A01,1.0,1.0,12,0,1,26,5.0,
202400003824,155 775 078,A01,1.0,10.0,0,1,4,4,3.0,
202400003825,155 775 074,B01,2.0,7.0,0,0,3,13,0.0,
202400003826,155 775 072,A01,2.0,21.0,0,2,6,15,0.0,
202400003827,155 775 071,A01,1.0,2.0,15,0,2,1,1.0,
202400003828,155 775 069,B01,1.0,33.0,0,2,1,0,1.0,
202400003829,155 775 067,A01,1.0,7.0,0,2,1,1,1.0,
202400003830,155 775 065,B01,2.0,7.0,0,2,1,15,1.0,
202400003831,155 775 063,A01,1.0,7.0,0,2,3,10,1.0,
202400003832,155 775 061,A01,1.0,15.0,0,2,2,2,1.0,
202400003833,155 775 060,A01,2.0,33.0,0,0,0,16,1.0,
202400003834,155 775 058,A01,2.0,10.0,0,2,3,13,1.0,
202400003835,155 775 057,A01,2.0,7.0,2,0,1,21,1.0,
202400003836,155 775 056,A01,3.0,7.0,13,0,1,13,1.0,
202400003837,155 775 054,A01,3.0,7.0,0,2,3,1,1.0,
202400003838,155 775 052,B01,2.0,33.0,0,2,1,1,1.0,
202400003839,155 775 050,A01,1.0,7.0,0,0,6,1,1.0,
202400003840,155 775 048,A01,2.0,2.0,0,2,1,1,1.0,
202400003841,155 775 047,A01,1.0,33.0,3,0,1,2,0.0,
202400003842,155 775 044,C01,2.0,13.0,0,2,1,1,1.0,
202400003843,155 775 043,A01,1.0,33.0,8,0,2,14,1.0,
202400003844,155 775 042,A01,2.0,33.0,6,9,1,1,1.0,
202400003845,155 775 039,A01,1.0,7.0,0,2,1,1,1.0,
202400003846,155 775 038,A01,1.0,33.0,0,0,0,1,1.0,
202400003847,155 775 034,B01,2.0,10.0,0,2,1,1,1.0,
202400003848,155 775 031,A01,3.0,7.0,0,2,2,1,1.0,
202400003849,155 775 030,A01,1.0,33.0,13,0,9,14,1.0,
202400003850,155 775 028,A01,1.0,7.0,0,2,2,17,1.0,
202400003851,155 775 027,A01,1.0,33.0,0,0,1,1,1.0,
202400003852,155 775 025,A01,1.0,7.0,0,2,1,13,1.0,
202400003853,155 775 023,A01,1.0,7.0,0,2,8,19,1.0,
202400003854,155 775 020,A01,2.0,7.0,0,2,1,2,1.0,
202400003855,155 775 017,B01,2.0,7.0,0,2,3,9,1.0,
202400003856,155 775 016,A01,1.0,2.0,0,0,0,0,1.0,
202400003857,155 775 014,A01,3.0,1.0,0,9,1,1,5.0,
202400003858,155 775 013,A01,2.0,33.0,0,0,0,1,1.0,
202400003859,155 775 011,A01,3.0,10.0,0,2,3,13,1.0,
202400003860,155 775 010,A01,2.0,7.0,2,0,1,1,1.0,
202400003861,155 775 009,A01,2.0,2.0,0,0,1,0,1.0,
202400003862,155 775 008,A01,2.0,7.0,13,0,3,13,1.0,
202400003863,155 775 006,B01,1.0,7.0,0,2,1,5,1.0,
202400003864,155 775 004,A01,1.0,7.0,0,2,7,15,1.0,
202400003865,155 775 002,A01,1.0,7.0,0,0,8,16,1.0,
202400003866,155 775 001,A01,1.0,7.0,4,0,1,1,1.0,
202400003867,155 774 999,B01,2.0,7.0,0,0,4,1,1.0,
202400003868,155 774 997,A01,2.0,7.0,0,2,3,11,1.0,
202400003869,155 774 995,B01,3.0,2.0,0,0,8,9,1.0,
202400003870,155 774 993,A01,3.0,33.0,0,2,3,13,1.0,
202400003871,155 774 992,A01,1.0,31.0,0,0,1,0,1.0,
202400003872,155 774 990,B01,1.0,1.0,0,9,3,12,5.0,
202400003873,155 774 988,B01,1.0,7.0,0,0,3,15,3.0,
202400003874,155 774 986,B01,2.0,31.0,0,2,1,1,1.0,
202400003875,155 774 984,A01,1.0,32.0,0,2,3,1,1.0,
202400003876,155 774 982,A01,1.0,33.0,0,2,8,13,1.0,
202400003877,155 774 980,A01,1.0,7.0,0,2,7,1,1.0,
202400003878,155 774 978,B01,2.0,50.0,0,2,3,9,3.0,
202400003879,155 774 976,B01,1.0,7.0,0,2,2,1,1.0,
202400003880,155 774 974,A01,2.0,10.0,0,2,6,17,1.0,
202400003881,155 774 972,A01,1.0,33.0,3,2,1,0,1.0,
202400003882,155 774 971,A01,3.0,7.0,0,0,9,1,1.0,
202400003883,155 774 969,A01,2.0,7.0,0,2,2,19,1.0,
202400003884,155 774 967,A01,1.0,7.0,0,2,3,1,1.0,
202400003885,155 774 965,B01,2.0,7.0,0,2,1,1,1.0,
202400003886,155 774 963,B01,3.0,7.0,0,2,3,13,1.0,
202400003887,155 774 961,A01,0.0,7.0,0,0,5,23,1.0,
202400003888,155 774 960,A01,2.0,33.0,16,0,8,16,1.0,
202400003889,155 774 958,A01,2.0,7.0,0,2,6,2,1.0,
202400003890,155 774 957,A01,3.0,32.0,0,0,0,0,1.0,
202400003891,155 774 955,A01,2.0,7.0,0,9,3,20,1.0,
202400003892,155 774 953,A01,0.0,7.0,0,2,1,1,1.0,
202400003893,155 774 951,B01,1.0,33.0,12,2,2,0,1.0,
202400003894,155 774 949,A01,1.0,30.0,0,2,1,1,1.0,
202400003895,155 774 948,A01,0.0,10.0,1,0,3,1,1.0,
202400003896,155 774 946,A01,0.0,7.0,0,2,3,1,1.0,
202400003897,155 774 944,A01,1.0,37.0,1,0,0,0,1.0,2
202400003898,155 774 943,B01,3.0,7.0,0,1,1,1,1.0,
202400003899,155 774 941,A01,0.0,7.0,1,0,3,20,0.0,
202400003900,155 774 939,B01,1.0,50.0,0,2,1,1,3.0,
202400003901,155 774 937,B01,2.0,30.0,0,2,9,1,1.0,
202400003902,155 774 936,A01,1.0,33.0,0,0,0,1,1.0,
202400003903,155 774 932,A01,2.0,7.0,0,2,4,1,1.0,
202400003904,155 774 930,B01,2.0,7.0,0,2,2,0,1.0,
202400003905,155 774 929,A01,3.0,7.0,15,0,1,14,1.0,
202400003906,155 774 927,A01,3.0,10.0,0,2,2,15,1.0,
202400003907,155 774 926,A01,3.0,31.0,3,0,7,1,1.0,
202400003908,155 774 924,B01,1.0,1.0,0,0,4,2,5.0,
202400003909,155 774 923,A01,1.0,7.0,13,0,3,1,1.0,
202400003910,155 774 921,A01,1.0,33.0,0,2,1,17,1.0,
202400003911,155 774 920,A01,2.0,10.0,13,0,3,1,1.0,
202400003912,155 774 918,B01,2.0,7.0,0,2,2,19,1.0,
202400003913,155 774 916,B01,0.0,1.0,0,2,7,9,5.0,
202400003914,155 774 915,A01,3.0,33.0,6,0,1,1,1.0,
202400003915,155 774 914,A01,1.0,33.0,0,0,7,0,1.0,
202400003916,155 774 913,A01,2.0,7.0,13,0,9,1,1.0,
202400003917,155 774 911,B01,1.0,13.0,0,2,1,1,1.0,
202400003918,155 774 907,A01,1.0,7.0,2,2,3,13,1.0,
202400003919,155 774 906,A01,3.0,7.0,2,0,9,0,1.0,
202400003920,155 774 904,A01,3.0,7.0,0,2,2,9,1.0,
202400003921,155 774 902,A01,2.0,7.0,0,2,3,13,1.0,
202400003922,155 774 900,A01,1.0,7.0,0,2,1,13,1.0,
202400003923,155 774 898,A01,1.0,2.0,0,2,1,1,1.0,
202400003924,155 774 897,A01,3.0,7.0,2,0,1,1,1.0,
202400003925,155 774 896,A01,1.0,10.0,0,1,2,1,1.0,
202400003926,155 774 894,A01,2.0,33.0,0,2,8,1,1.0,
202400003927,155 774 892,A01,2.0,7.0,13,0,8,1,1.0,
202400003928,155 774 891,A01,1.0,7.0,0,2,1,13,1.0,
202400003929,155 774 887,A01,1.0,2.0,0,2,1,2,1.0,
202400003930,155 774 882,A01,2.0,7.0,0,0,9,0,2.0,
202400003931,155 774 883,A01,1.0,7.0,0,2,1,17,1.0,
202400003932,155 774 878,B01,2.0,7.0,7,0,2,1,1.0,
202400003933,155 774 876,A01,2.0,7.0,3,2,9,0,1.0,
202400003934,155 774 875,A01,1.0,33.0,12,0,7,16,1.0,
202400003935,155 774 874,A01,2.0,7.0,6,0,1,1,1.0,
202400003936,155 774 872,A01,3.0,7.0,0,2,1,1,1.0,
202400003937,155 774 871,A01,2.0,10.0,16,0,9,1,1.0,
202400003938,155 774 869,A01,2.0,7.0,0,2,3,1,1.0,
202400003939,155 774 868,A01,3.0,32.0,12,0,1,0,1.0,
202400003940,155 774 866,A01,1.0,7.0,0,1,1,1,1.0,
202400003941,155 774 865,A01,1.0,7.0,0,2,4,23,1.0,
202400003942,155 774 863,A01,2.0,7.0,0,2,1,13,1.0,
202400003943,155 774 861,B01,0.0,0.0,0,0,0,0,0.0,
202400003944,155 774 860,A01,3.0,33.0,3,0,3,0,1.0,
202400003945,155 774 857,A01,1.0,7.0,0,2,1,9,1.0,
202400003946,155 774 856,A01,1.0,7.0,0,2,2,19,1.0,
202400003947,155 774 854,A01,2.0,7.0,0,2,3,1,1.0,
202400003948,155 774 851,A01,2.0,7.0,2,0,3,1,1.0,
202400003949,155 774 852,A01,1.0,7.0,0,2,2,19,1.0,
202400003950,155 774 850,A01,1.0,7.0,4,0,1,1,1.0,
202400003951,155 774 848,A01,2.0,42.0,0,2,1,1,1.0,
202400003952,155 774 843,A01,1.0,7.0,0,2,1,1,1.0,
202400003953,155 774 842,A01,1.0,10.0,0,1,1,1,1.0,
202400003954,155 774 839,B01,2.0,7.0,0,2,5,1,1.0,
202400003955,155 774 838,A01,2.0,7.0,8,1,1,1,1.0,
202400003956,155 774 836,A01,1.0,7.0,0,1,2,1,2.0,
202400003957,155 774 835,B01,1.0,7.0,3,2,4,2,1.0,
202400003958,155 774 832,A01,2.0,7.0,0,2,1,13,1.0,
202400003959,155 774 831,A01,1.0,7.0,1,0,1,12,1.0,
202400003960,155 774 830,A01,3.0,7.0,0,1,1,1,1.0,
202400003961,155 774 829,A01,1.0,34.0,0,9,2,21,1.0,
202400003962,155 774 824,A01,3.0,7.0,0,1,1,1,1.0,
202400003963,155 774 822,F01,2.0,7.0,0,2,4,2,1.0,
202400003964,155 774 820,A01,1.0,38.0,0,2,3,1,1.0,1
202400003965,155 774 818,A01,1.0,7.0,0,2,4,1,1.0,
202400003966,155 774 817,A01,2.0,7.0,4,0,9,1,1.0,
202400003967,155 774 815,B01,1.0,7.0,0,2,4,2,1.0,
202400003968,155 774 812,A01,1.0,7.0,0,2,2,16,1.0,
202400003969,155 774 811,A01,1.0,7.0,0,2,1,12,1.0,
202400003970,155 774 807,B01,1.0,7.0,0,2,6,3,1.0,
202400003971,155 774 808,B01,1.0,7.0,0,2,6,24,2.0,