Num_Acc,id_vehicule,num_veh,senc,catv,obs,obsm,choc,manv,motor,occutc
202400003972,155 774 803,A01,2.0,1.0,0,0,4,15,5.0,
202400003973,155 774 802,B01,1.0,7.0,0,2,4,1,1.0,
202400003974,155 774 799,B01,1.0,34.0,0,2,1,2,1.0,
202400003975,155 774 796,A01,2.0,7.0,0,2,1,1,1.0,
202400003976,155 774 794,A01,1.0,10.0,12,2,2,26,2.0,
202400003977,155 774 789,D01,2.0,7.0,0,2,4,1,1.0,
202400003978,155 774 788,A01,3.0,99.0,0,2,3,9,0.0,
202400003979,155 774 784,A01,2.0,33.0,0,2,2,1,1.0,
202400003980,155 774 785,A01,0.0,30.0,0,2,1,2,1.0,
202400003981,155 774 781,B01,1.0,7.0,0,2,5,1,1.0,
202400003982,155 774 780,A01,1.0,7.0,0,2,2,12,1.0,
202400003983,155 774 778,B01,2.0,7.0,0,2,6,0,2.0,
202400003984,155 774 776,A01,2.0,7.0,0,1,1,2,1.0,
202400003985,155 774 775,B01,2.0,14.0,0,2,1,12,1.0,
202400003986,155 774 772,A01,1.0,50.0,0,2,1,1,3.0,
202400003987,155 774 771,B01,1.0,7.0,0,2,4,1,1.0,
202400003988,155 774 770,Z01,3.0,30.0,0,1,0,0,0.0,
202400003989,155 774 768,Z01,1.0,14.0,0,2,0,0,1.0,
202400003990,155 774 767,A01,3.0,30.0,14,0,0,26,1.0,
202400003991,155 774 765,A01,1.0,7.0,0,2,1,2,1.0,
202400003992,155 774 762,B01,1.0,33.0,0,2,8,3,1.0,
202400003993,155 774 761,A01,1.0,37.0,0,2,6,1,1.0,2
202400003994,155 774 759,A01,1.0,7.0,0,2,5,12,1.0,
202400003995,155 774 756,A01,1.0,10.0,0,2,1,2,1.0,
202400003996,155 774 755,A01,1.0,7.0,0,2,1,1,1.0,
202400003997,155 774 752,B01,1.0,50.0,1,0,1,1,3.0,
202400003998,155 774 751,B01,3.0,7.0,0,2,0,26,1.0,
202400003999,155 774 749,A01,1.0,2.0,0,2,1,2,1.0,
202400004000,155 774 746,A01,1.0,32.0,0,2,1,17,1.0,
202400004001,155 774 745,A01,1.0,31.0,15,0,7,1,1.0,
202400004002,155 774 743,B01,1.0,99.0,0,2,3,1,0.0,
202400004003,155 774 742,A01,1.0,7.0,0,2,0,0,1.0,
202400004004,155 774 740,B01,1.0,7.0,0,2,8,15,1.0,
202400004005,155 774 737,B01,1.0,7.0,0,2,3,1,0.0,
202400004006,155 774 736,A01,1.0,7.0,0,1,1,13,2.0,
202400004007,155 774 739,A01,2.0,7.0,0,1,3,1,1.0,
202400004008,155 774 734,A01,2.0,7.0,0,2,2,16,1.0,
202400004009,155 774 733,A01,1.0,7.0,0,1,1,0,0.0,
202400004010,155 774 732,A01,2.0,7.0,0,1,1,1,1.0,
202400004011,155 774 730,B01,1.0,10.0,0,2,1,1,0.0,
202400004012,155 774 729,A01,2.0,30.0,0,1,1,1,3.0,
202400004013,155 774 725,A01,0.0,7.0,0,2,1,16,1.0,
202400004014,155 774 726,B01,0.0,43.0,0,2,0,0,1.0,
202400004015,155 774 724,A01,2.0,10.0,0,2,1,2,1.0,
202400004016,155 774 723,A01,1.0,13.0,16,0,9,13,1.0,
202400004017,155 774 721,A01,2.0,7.0,0,1,1,17,1.0,
202400004018,155 774 720,A01,1.0,7.0,1,2,4,23,1.0,
202400004019,155 774 717,B01,1.0,33.0,0,2,5,17,1.0,
202400004020,155 774 716,A01,2.0,7.0,0,2,3,15,1.0,
202400004021,155 774 715,A01,3.0,7.0,0,1,1,1,1.0,
202400004022,155 774 713,A01,1.0,7.0,0,2,3,15,1.0,
202400004023,155 774 712,A01,3.0,10.0,0,1,0,9,1.0,
202400004024,155 774 711,A01,3.0,34.0,0,1,1,17,1.0,
202400004025,155 774 708,A01,3.0,17.0,0,2,2,15,1.0,
202400004026,155 774 707,B01,1.0,7.0,0,2,4,1,1.0,
202400004027,155 774 704,A01,2.0,7.0,0,2,1,2,1.0,
202400004028,155 774 700,C01,2.0,7.0,0,2,3,1,1.0,
202400004029,155 774 701,A01,1.0,7.0,5,0,9,14,1.0,
202400004030,155 774 698,A01,3.0,33.0,0,0,8,1,1.0,
202400004031,155 774 697,B01,1.0,2.0,0,2,4,0,1.0,
202400004032,155 774 696,A01,0.0,60.0,0,0,0,26,5.0,
202400004033,155 774 695,A01,1.0,33.0,4,0,9,1,1.0,
202400004034,155 774 692,B01,1.0,7.0,0,2,7,21,1.0,
202400004035,155 774 690,A01,1.0,2.0,0,2,9,3,1.0,
202400004036,155 774 689,A01,0.0,32.0,0,0,8,1,1.0,
202400004037,155 774 686,B01,2.0,50.0,0,2,1,1,3.0,
202400004038,155 774 683,A01,3.0,7.0,0,2,3,9,0.0,
202400004039,155 774 685,A01,2.0,7.0,0,2,2,26,0.0,
202400004040,155 774 679,A01,1.0,31.0,0,2,1,2,1.0,
202400004041,155 774 680,B01,3.0,7.0,0,2,6,1,1.0,
202400004042,155 774 677,A01,2.0,2.0,5,0,7,1,1.0,
202400004043,155 774 676,A01,1.0,2.0,0,2,3,1,1.0,
202400004044,155 774 673,A01,1.0,13.0,0,1,1,26,0.0,
202400004045,155 774 674,B01,3.0,7.0,0,9,1,1,1.0,
202400004046,155 774 670,A01,1.0,10.0,0,2,4,23,1.0,
202400004047,155 774 669,B01,1.0,7.0,0,2,4,1,1.0,
202400004048,155 774 668,A01,3.0,7.0,1,0,1,1,1.0,
202400004049,155 774 666,B01,2.0,7.0,0,2,0,0,1.0,
202400004050,155 774 665,A01,1.0,43.0,14,0,1,3,1.0,
202400004051,155 774 664,A01,3.0,7.0,0,0,9,26,1.0,
202400004052,155 774 661,A01,0.0,7.0,0,2,3,16,1.0,
202400004053,155 774 660,A01,1.0,7.0,0,2,1,13,1.0,
202400004054,155 774 657,A01,1.0,7.0,2,1,2,14,1.0,
202400004055,155 774 656,A01,1.0,7.0,0,1,1,1,0.0,
202400004056,155 774 658,Z01,0.0,7.0,0,2,8,16,1.0,
202400004057,155 774 653,A01,2.0,7.0,1,0,2,14,1.0,
202400004058,155 774 652,A01,2.0,7.0,0,4,7,1,1.0,
202400004059,155 774 651,A01,2.0,33.0,0,2,1,3,1.0,
202400004060,155 774 650,A01,3.0,7.0,0,1,1,1,1.0,
202400004061,155 774 648,A01,1.0,31.0,1,0,8,26,1.0,
202400004062,155 774 647,A01,1.0,7.0,0,2,1,1,1.0,
202400004063,155 774 646,A01,1.0,7.0,2,0,9,14,1.0,
202400004064,155 774 645,A01,3.0,1.0,0,0,1,1,5.0,
202400004065,155 774 644,A01,3.0,1.0,1,0,1,15,5.0,
202400004066,155 774 643,A01,3.0,7.0,1,1,1,1,1.0,
202400004067,155 774 640,B01,3.0,7.0,0,2,5,1,1.0,
202400004068,155 774 638,A01,3.0,50.0,0,2,1,2,3.0,
202400004069,155 774 637,A01,3.0,10.0,0,2,1,2,1.0,
202400004070,155 774 635,A01,3.0,2.0,12,0,7,15,1.0,
202400004071,155 774 634,A01,1.0,2.0,0,2,0,5,3.0,
202400004072,155 774 632,A01,0.0,7.0,0,2,1,13,1.0,
202400004073,155 774 631,A01,3.0,50.0,0,0,0,1,3.0,
202400004074,155 774 629,A01,1.0,10.0,0,2,1,1,1.0,
202400004075,155 774 627,A01,1.0,50.0,0,0,1,1,3.0,
202400004076,155 774 626,A01,3.0,7.0,0,2,6,16,3.0,
202400004077,155 774 625,A01,3.0,7.0,0,1,1,0,0.0,
202400004078,155 774 624,A01,1.0,30.0,0,0,8,15,1.0,
202400004079,155 774 623,B01,1.0,37.0,0,1,1,15,1.0,1
202400004080,155 774 621,A01,1.0,7.0,0,2,1,2,1.0,
202400004081,155 774 618,B01,0.0,7.0,0,2,2,23,1.0,
202400004082,155 774 616,A01,3.0,7.0,0,2,1,21,1.0,
202400004083,155 774 615,A01,2.0,33.0,0,2,7,17,1.0,
202400004084,155 774 614,A01,0.0,7.0,0,1,0,1,1.0,
202400004085,155 774 613,A01,3.0,31.0,12,0,1,15,1.0,
202400004086,155 774 610,A01,1.0,33.0,6,2,6,2,1.0,
202400004087,155 774 609,B01,1.0,10.0,0,2,1,1,1.0,
202400004088,155 774 607,A01,1.0,7.0,0,2,1,13,1.0,
202400004089,155 774 606,A01,2.0,7.0,0,1,2,9,1.0,
202400004090,155 774 602,A01,2.0,7.0,0,1,1,1,1.0,
202400004091,155 774 603,A01,2.0,7.0,0,2,8,15,1.0,
202400004092,155 774 601,A01,2.0,33.0,0,1,3,7,1.0,
202400004093,155 774 600,A01,2.0,7.0,0,1,1,2,1.0,
202400004094,155 774 599,A01,1.0,33.0,0,1,2,1,1.0,
202400004095,155 774 595,B01,1.0,1.0,0,2,8,19,5.0,
202400004096,155 774 593,B01,2.0,7.0,0,2,8,15,1.0,
202400004097,155 774 592,B01,3.0,31.0,0,2,1,1,1.0,
202400004098,155 774 589,A01,1.0,10.0,0,2,2,16,1.0,
202400004099,155 774 587,A01,0.0,30.0,0,2,1,26,1.0,
202400004100,155 774 585,B01,1.0,1.0,0,2,1,1,5.0,
202400004101,155 774 584,A01,2.0,7.0,0,2,4,1,1.0,
202400004102,155 774 583,A01,3.0,1.0,0,0,1,1,5.0,
202400004103,155 774 580,A01,1.0,1.0,0,9,0,0,5.0,
202400004104,155 774 579,A01,2.0,50.0,0,2,1,1,3.0,
202400004105,155 774 578,A01,2.0,7.0,16,0,3,15,2.0,
202400004106,155 774 575,A01,0.0,7.0,0,1,1,1,1.0,
202400004107,155 774 574,A01,3.0,7.0,0,2,1,1,1.0,
202400004108,155 774 573,A01,3.0,7.0,0,2,3,13,1.0,
202400004109,155 774 572,A01,3.0,7.0,15,1,3,1,1.0,
202400004110,155 774 570,A01,3.0,30.0,0,0,8,15,1.0,
202400004111,155 774 569,B01,2.0,7.0,0,2,1,1,1.0,
202400004112,155 774 568,A01,3.0,10.0,0,1,4,26,1.0,
202400004113,155 774 567,A01,0.0,10.0,0,1,0,1,1.0,
202400004114,155 774 566,A01,1.0,7.0,0,1,1,15,1.0,
202400004115,155 774 563,A01,0.0,7.0,0,1,1,0,1.0,
202400004116,155 774 564,A01,1.0,33.0,0,2,7,26,1.0,
202400004117,155 774 562,A01,1.0,7.0,14,0,1,1,1.0,
202400004118,155 774 560,A01,1.0,7.0,0,1,1,26,1.0,
202400004119,155 774 558,B01,1.0,7.0,0,2,1,1,2.0,
202400004120,155 774 556,A01,3.0,7.0,0,1,3,1,1.0,
202400004121,155 774 557,A01,3.0,7.0,15,2,1,19,1.0,
202400004122,155 774 553,B01,1.0,7.0,0,2,1,9,1.0,
202400004123,155 774 548,C01,2.0,7.0,0,2,2,1,0.0,
202400004124,155 774 547,A01,0.0,7.0,0,1,2,21,1.0,
202400004125,155 774 545,A01,1.0,7.0,0,2,1,1,1.0,
202400004126,155 774 544,B01,2.0,7.0,0,2,0,0,1.0,
202400004127,155 774 543,A01,1.0,50.0,0,1,2,1,3.0,
202400004128,155 774 540,A01,1.0,10.0,0,1,4,25,1.0,
202400004129,155 774 539,A01,3.0,31.0,0,2,1,0,1.0,
202400004130,155 774 538,B01,3.0,7.0,0,2,1,0,1.0,
202400004131,155 774 537,A01,1.0,7.0,0,1,3,1,1.0,
202400004132,155 774 535,A01,2.0,30.0,0,2,1,1,1.0,
202400004133,155 774 533,A01,1.0,7.0,0,1,3,13,1.0,
202400004134,155 774 531,A01,2.0,7.0,0,2,3,15,1.0,
202400004135,155 774 530,B01,1.0,13.0,14,0,1,0,1.0,
202400004136,155 774 529,B01,3.0,7.0,0,0,1,19,1.0,
202400004137,155 774 526,A01,2.0,17.0,0,2,2,1,1.0,
202400004138,155 774 525,A01,2.0,7.0,0,1,1,1,1.0,
202400004139,155 774 524,A01,2.0,10.0,0,2,1,5,1.0,
202400004140,155 774 523,A01,1.0,33.0,4,0,3,13,1.0,
202400004141,155 774 522,A01,1.0,7.0,0,1,1,1,2.0,
202400004142,155 774 520,A01,3.0,7.0,0,9,7,15,6.0,
202400004143,155 774 519,A01,2.0,31.0,0,0,0,1,1.0,
202400004144,155 774 517,B01,2.0,50.0,0,2,0,0,3.0,
202400004145,155 774 516,A01,1.0,7.0,3,0,2,1,1.0,
202400004146,155 774 513,A01,1.0,1.0,0,2,8,15,5.0,
202400004147,155 774 511,A01,2.0,33.0,0,2,1,17,1.0,
202400004148,155 774 510,B01,1.0,7.0,0,2,5,23,1.0,
202400004149,155 774 508,A01,3.0,10.0,0,1,4,4,1.0,
202400004150,155 774 506,A01,2.0,7.0,0,2,2,15,1.0,
202400004151,155 774 505,A01,1.0,33.0,0,2,1,1,1.0,
202400004152,155 774 504,A01,1.0,7.0,0,1,2,1,2.0,
202400004153,155 774 501,B01,2.0,7.0,0,2,1,1,1.0,
202400004154,155 774 500,A01,1.0,7.0,0,2,2,15,1.0,
202400004155,155 774 499,A01,3.0,1.0,0,0,1,1,5.0,
202400004156,155 774 497,B01,1.0,17.0,0,2,5,11,1.0,
202400004157,155 774 495,A01,1.0,1.0,0,2,1,1,5.0,
202400004158,155 774 494,A01,3.0,7.0,0,0,1,14,1.0,
202400004159,155 774 489,A01,3.0,7.0,0,2,8,26,1.0,
202400004160,155 774 491,B01,1.0,1.0,0,2,5,16,5.0,
202400004161,155 774 490,A01,1.0,7.0,12,0,1,26,1.0,
202400004162,155 774 488,A01,3.0,7.0,0,1,1,2,1.0,
202400004163,155 774 486,B01,3.0,10.0,0,0,4,1,1.0,
202400004164,155 774 484,A01,3.0,7.0,9,0,2,6,1.0,
202400004165,155 774 485,A01,1.0,7.0,13,0,1,14,1.0,
202400004166,155 774 481,A01,1.0,2.0,0,2,1,1,1.0,
202400004167,155 774 476,A01,2.0,10.0,0,2,3,1,1.0,
202400004168,155 774 477,B01,2.0,32.0,0,2,3,1,1.0,
202400004169,155 774 474,A01,1.0,7.0,0,2,9,26,1.0,
202400004170,155 774 472,A01,2.0,7.0,0,1,2,19,1.0,
202400004171,155 774 471,B01,1.0,33.0,0,2,4,2,1.0,
202400004172,155 774 470,A01,1.0,7.0,0,1,1,1,1.0,
202400004173,155 774 467,B01,1.0,7.0,0,2,3,1,1.0,
202400004174,155 774 468,A01,1.0,7.0,0,1,6,1,1.0,
202400004175,155 774 465,B01,3.0,15.0,5,0,8,15,1.0,
202400004176,155 774 463,B01,0.0,32.0,0,2,2,17,1.0,
202400004177,155 774 462,A01,3.0,7.0,0,1,1,1,1.0,
202400004178,155 774 461,A01,1.0,10.0,1,1,2,16,1.0,
202400004179,155 774 458,A01,1.0,33.0,0,2,8,18,1.0,
202400004180,155 774 456,B01,1.0,7.0,0,2,0,0,1.0,
202400004181,155 774 455,A01,1.0,50.0,0,2,1,5,3.0,
202400004182,155 774 453,A01,1.0,7.0,0,1,1,1,1.0,
202400004183,155 774 452,B01,1.0,7.0,0,0,0,0,1.0,
202400004184,155 774 448,A01,1.0,10.0,0,1,1,21,1.0,
202400004185,155 774 447,A01,1.0,7.0,0,2,3,15,1.0,
202400004186,155 774 449,A01,1.0,7.0,0,2,5,19,2.0,
202400004187,155 774 444,A01,3.0,1.0,0,9,8,5,5.0,
202400004188,155 774 443,A01,2.0,43.0,0,2,3,7,1.0,
202400004189,155 774 442,A01,3.0,7.0,0,1,4,26,1.0,
202400004190,155 774 438,B01,2.0,7.0,0,2,3,16,0.0,
202400004191,155 774 436,A01,2.0,7.0,0,2,1,19,1.0,
202400004192,155 774 437,A01,1.0,7.0,0,2,7,1,1.0,
202400004193,155 774 435,A01,2.0,7.0,0,1,2,1,1.0,
202400004194,155 774 434,A01,,7.0,0,1,1,1,1.0,
202400004195,155 774 432,B01,2.0,33.0,0,2,7,3,1.0,
202400004196,155 774 428,A01,2.0,10.0,0,2,4,4,1.0,
202400004197,155 774 426,C01,0.0,7.0,0,2,3,1,1.0,
202400004198,155 774 424,A01,1.0,7.0,3,0,1,26,1.0,
202400004199,155 774 423,B01,1.0,10.0,0,2,3,1,1.0,
202400004200,155 774 421,A01,0.0,30.0,0,2,3,2,1.0,
202400004201,155 774 418,A01,1.0,33.0,0,2,4,1,1.0,
202400004202,155 774 415,Z01,2.0,32.0,0,1,1,1,1.0,
202400004203,155 774 416,B01,2.0,7.0,0,2,8,9,1.0,
202400004204,155 774 414,A01,3.0,7.0,0,1,1,0,1.0,
202400004205,155 774 411,A01,3.0,7.0,0,1,2,26,1.0,
202400004206,155 774 409,A01,3.0,10.0,0,2,2,26,0.0,
202400004207,155 774 410,A01,3.0,7.0,0,2,2,26,1.0,
202400004208,155 774 408,A01,1.0,33.0,1,0,6,15,1.0,
202400004209,155 774 407,A01,3.0,7.0,0,1,7,1,1.0,
202400004210,155 774 406,A01,2.0,80.0,0,0,0,2,3.0,
202400004211,155 774 404,A01,3.0,7.0,0,1,1,1,1.0,
202400004212,155 774 403,A01,1.0,7.0,0,2,1,1,0.0,
202400004213,155 774 400,A01,3.0,30.0,0,2,5,23,1.0,
202400004214,155 774 398,A01,2.0,7.0,0,2,1,9,1.0,
202400004215,155 774 397,A01,2.0,33.0,0,2,1,1,1.0,
202400004216,155 774 394,B01,3.0,1.0,0,2,7,1,5.0,
202400004217,155 774 391,A01,2.0,7.0,0,2,2,10,2.0,
202400004218,155 774 392,A01,1.0,33.0,0,2,4,2,1.0,
202400004219,155 774 388,A01,1.0,7.0,4,0,1,21,1.0,
202400004220,155 774 387,A01,1.0,7.0,0,2,1,9,1.0,
202400004221,155 774 386,A01,3.0,7.0,0,2,1,9,1.0,
202400004222,155 774 383,A01,1.0,7.0,8,0,2,1,1.0,
202400004223,155 774 381,B01,1.0,1.0,0,2,0,0,5.0,
202400004224,155 774 380,A01,3.0,7.0,0,2,1,1,1.0,
202400004225,155 774 378,A01,1.0,34.0,0,1,1,1,1.0,
202400004226,155 774 373,B01,2.0,7.0,0,2,8,1,1.0,
202400004227,155 774 372,B01,1.0,2.0,0,2,1,1,1.0,
202400004228,155 774 370,A01,2.0,30.0,0,0,8,21,3.0,
202400004229,155 774 367,B01,2.0,10.0,0,2,4,2,1.0,
202400004230,155 774 365,A01,1.0,34.0,0,1,0,13,0.0,
202400004231,155 774 364,C01,0.0,7.0,0,2,1,2,1.0,
202400004232,155 774 361,A01,1.0,33.0,0,0,7,26,1.0,
202400004233,155 774 362,A01,1.0,7.0,0,2,2,9,1.0,
202400004234,155 774 359,A01,2.0,10.0,0,2,7,15,1.0,
202400004235,155 774 357,A01,1.0,7.0,0,1,2,1,1.0,
202400004236,155 774 356,B01,3.0,7.0,0,2,0,0,0.0,
202400004237,155 774 355,A01,3.0,7.0,0,1,1,15,1.0,
202400004238,155 774 354,A01,2.0,7.0,3,0,3,0,1.0,
202400004239,155 774 350,B01,1.0,13.0,0,2,1,1,0.0,
202400004240,155 774 349,B01,0.0,1.0,0,2,7,1,5.0,
202400004241,155 774 343,B01,1.0,7.0,0,2,3,9,1.0,
202400004242,155 774 342,A01,1.0,7.0,0,2,1,2,1.0,
202400004243,155 774 341,A01,0.0,7.0,0,9,2,16,1.0,
202400004244,155 774 337,A01,3.0,7.0,0,2,2,1,1.0,
202400004245,155 774 336,A01,2.0,80.0,0,2,1,1,3.0,
202400004246,155 774 335,B01,1.0,7.0,0,2,4,1,3.0,
202400004247,155 774 331,B01,2.0,60.0,0,0,1,2,5.0,
202400004248,155 774 329,A01,2.0,50.0,0,2,1,1,3.0,
202400004249,155 774 328,A01,2.0,7.0,2,0,0,1,1.0,
202400004250,155 774 326,A01,1.0,15.0,2,2,1,1,1.0,
202400004251,155 774 325,A01,1.0,7.0,0,1,2,16,2.0,
202400004252,155 774 323,A01,3.0,2.0,1,0,1,26,1.0,
202400004253,155 774 322,A01,3.0,7.0,0,1,3,1,1.0,
202400004254,155 774 319,A01,2.0,99.0,0,0,0,1,1.0,
202400004255,155 774 321,A01,1.0,1.0,0,1,1,2,5.0,
202400004256,155 774 318,B01,2.0,15.0,0,2,3,1,0.0,
202400004257,155 774 317,A01,1.0,7.0,13,0,9,0,1.0,
202400004258,155 774 314,A01,1.0,33.0,0,2,1,1,1.0,
202400004259,155 774 313,A01,2.0,33.0,10,0,1,1,1.0,
202400004260,155 774 315,A01,1.0,33.0,0,1,2,1,1.0,
202400004261,155 774 312,A01,2.0,33.0,0,0,0,1,1.0,
202400004262,155 774 309,A01,2.0,7.0,4,0,3,1,1.0,
202400004263,155 774 307,B01,2.0,1.0,0,2,1,1,5.0,
202400004264,155 774 310,A01,2.0,1.0,0,0,0,9,5.0,
202400004265,155 774 304,A01,2.0,7.0,0,2,2,0,1.0,
202400004266,155 774 303,A01,3.0,10.0,0,2,3,1,1.0,
202400004267,155 774 301,A01,2.0,7.0,1,0,2,25,1.0,
202400004268,155 774 302,A01,3.0,1.0,0,1,1,1,5.0,
202400004269,155 774 299,A01,1.0,7.0,0,2,3,13,1.0,
202400004270,155 774 296,A01,2.0,7.0,8,9,2,2,1.0,
202400004271,155 774 295,A01,0.0,10.0,0,2,1,1,1.0,
202400004272,155 774 294,A01,3.0,31.0,0,0,7,1,1.0,
202400004273,155 774 293,A01,2.0,7.0,2,0,3,1,1.0,
202400004274,155 774 292,A01,1.0,10.0,0,1,0,0,1.0,
202400004275,155 774 291,A01,2.0,31.0,16,0,0,1,1.0,
202400004276,155 774 287,B01,1.0,37.0,0,1,1,7,6.0,3
202400004277,155 774 286,B01,3.0,1.0,0,2,1,1,5.0,
202400004278,155 774 285,A01,3.0,7.0,0,1,2,1,1.0,
202400004279,155 774 283,A01,2.0,7.0,6,0,8,1,0.0,
202400004280,155 774 282,A01,3.0,7.0,0,2,3,13,3.0,
202400004281,155 774 280,A01,2.0,7.0,16,0,9,4,1.0,
202400004282,155 774 277,A01,1.0,15.0,0,5,4,1,1.0,
202400004283,155 774 276,A01,1.0,7.0,15,0,3,13,1.0,
202400004284,155 774 278,A01,3.0,7.0,0,2,1,16,1.0,
202400004285,155 774 275,A01,3.0,7.0,1,0,3,13,3.0,
202400004286,155 774 271,A01,1.0,7.0,0,2,3,15,1.0,
202400004287,155 774 270,A01,0.0,7.0,1,0,9,0,1.0,
202400004288,155 774 272,A01,1.0,7.0,0,2,7,15,1.0,
202400004289,155 774 265,A01,1.0,7.0,0,2,1,1,1.0,
202400004290,155 774 266,A01,1.0,7.0,6,0,1,19,1.0,
202400004291,155 774 261,A01,1.0,7.0,6,0,1,1,1.0,
202400004292,155 774 256,B01,1.0,33.0,0,2,4,0,1.0,
202400004293,155 774 255,A01,1.0,15.0,0,1,3,18,1.0,
202400004294,155 774 254,A01,1.0,7.0,0,2,1,23,1.0,
202400004295,155 774 252,A01,0.0,7.0,0,1,1,1,1.0,
202400004296,155 774 251,B01,1.0,33.0,0,2,3,1,1.0,
202400004297,155 774 248,B01,2.0,13.0,0,2,8,1,1.0,
202400004298,155 774 247,A01,3.0,30.0,0,1,1,1,1.0,
202400004299,155 774 246,A01,2.0,7.0,1,1,3,2,3.0,
202400004300,155 774 245,B01,3.0,1.0,0,0,5,13,5.0,
202400004301,155 774 244,A01,2.0,7.0,13,0,1,0,1.0,
202400004302,155 774 242,A01,2.0,7.0,0,2,2,1,1.0,
202400004303,155 774 240,A01,3.0,38.0,14,0,1,1,1.0,2
202400004304,155 774 241,A01,1.0,7.0,0,1,3,15,1.0,
202400004305,155 774 239,A01,1.0,10.0,2,0,3,13,1.0,
202400004306,155 774 236,A01,1.0,7.0,0,2,2,12,1.0,
202400004307,155 774 237,A01,0.0,7.0,0,1,2,16,2.0,
202400004308,155 774 234,A01,1.0,7.0,0,0,0,1,1.0,
202400004309,155 774 232,A01,1.0,7.0,0,0,4,23,2.0,
202400004310,155 774 231,A01,3.0,10.0,0,1,1,17,1.0,
202400004311,155 774 228,A01,2.0,10.0,0,2,3,19,1.0,
202400004312,155 774 226,A01,1.0,7.0,0,1,1,0,1.0,
202400004313,155 774 227,A01,2.0,7.0,0,2,1,15,1.0,
202400004314,155 774 225,A01,2.0,7.0,0,1,3,15,1.0,
202400004315,155 774 224,A01,2.0,33.0,0,0,0,1,1.0,
202400004316,155 774 220,A01,3.0,7.0,0,1,1,1,1.0,
202400004317,155 774 221,A01,1.0,2.0,0,2,1,1,1.0,
202400004318,155 774 219,A01,2.0,7.0,0,2,1,1,1.0,
202400004319,155 774 212,A01,2.0,7.0,0,2,1,5,1.0,
202400004320,155 774 210,A01,3.0,7.0,0,2,2,16,1.0,
202400004321,155 774 211,A01,2.0,7.0,0,0,8,15,1.0,
202400004322,155 774 209,A01,1.0,7.0,0,2,3,13,1.0,
202400004323,155 774 208,A01,1.0,7.0,8,0,1,1,1.0,
202400004324,155 774 206,A01,1.0,7.0,2,0,1,1,1.0,
202400004325,155 774 205,A01,3.0,2.0,0,0,0,0,1.0,
202400004326,155 774 204,A01,1.0,7.0,0,2,3,0,1.0,
202400004327,155 774 200,B01,2.0,7.0,0,9,3,1,1.0,
202400004328,155 774 199,A01,1.0,10.0,0,2,3,9,1.0,
202400004329,155 774 196,B01,1.0,7.0,0,2,1,1,0.0,
202400004330,155 774 197,B01,1.0,33.0,0,2,1,1,1.0,
202400004331,155 774 195,A01,1.0,7.0,11,0,1,1,1.0,
202400004332,155 774 189,B01,2.0,10.0,0,2,1,1,1.0,
202400004333,155 774 188,A01,2.0,7.0,0,2,1,6,3.0,
202400004334,155 774 187,A01,1.0,7.0,0,2,3,5,1.0,
202400004335,155 774 186,A01,1.0,33.0,0,0,1,1,1.0,
202400004336,155 774 182,A01,1.0,31.0,0,2,8,21,1.0,
202400004337,155 774 181,A01,2.0,33.0,0,2,1,9,1.0,
202400004338,155 774 180,A01,1.0,7.0,0,2,7,1,1.0,
202400004339,155 774 175,A01,1.0,7.0,0,2,2,17,1.0,
202400004340,155 774 177,A01,1.0,7.0,4,0,1,1,1.0,
202400004341,155 774 174,A01,1.0,7.0,2,0,1,0,1.0,
202400004342,155 774 173,A01,2.0,2.0,12,0,7,14,1.0,
202400004343,155 774 170,A01,2.0,7.0,0,2,1,1,1.0,
202400004344,155 774 168,A01,1.0,7.0,0,0,9,1,1.0,
202400004345,155 774 169,B01,1.0,1.0,0,2,5,2,5.0,
202400004346,155 774 166,A01,2.0,33.0,0,2,1,2,1.0,
202400004347,155 774 165,A01,2.0,7.0,0,1,2,1,1.0,
202400004348,155 774 163,A01,2.0,2.0,0,0,9,0,1.0,
202400004349,155 774 162,A01,2.0,43.0,4,0,2,1,1.0,
202400004350,155 774 161,A01,1.0,31.0,12,0,0,1,1.0,
202400004351,155 774 160,B01,2.0,0.0,13,2,1,0,0.0,
202400004352,155 774 157,A01,2.0,33.0,0,2,1,13,1.0,
202400004353,155 774 155,B01,1.0,7.0,0,0,4,1,1.0,
202400004354,155 774 154,A01,1.0,7.0,2,0,1,14,0.0,
202400004355,155 774 153,B01,0.0,30.0,0,2,3,15,1.0,
202400004356,155 774 152,A01,0.0,10.0,8,0,1,1,1.0,
202400004357,155 774 151,A01,2.0,7.0,13,0,1,1,1.0,
202400004358,155 774 150,A01,1.0,31.0,14,0,1,1,1.0,
202400004359,155 774 146,B01,2.0,7.0,0,2,3,1,1.0,
202400004360,155 774 147,B01,2.0,7.0,0,2,7,17,1.0,
202400004361,155 774 143,A01,3.0,80.0,0,0,0,13,3.0,
202400004362,155 774 144,A01,1.0,7.0,0,2,1,0,1.0,
202400004363,155 774 142,A01,2.0,7.0,0,0,9,1,1.0,
202400004364,155 774 138,A01,2.0,7.0,0,2,3,10,1.0,
202400004365,155 774 137,A01,2.0,10.0,0,2,2,1,1.0,
202400004366,155 774 135,A01,2.0,7.0,0,2,8,10,1.0,
202400004367,155 774 133,A01,2.0,7.0,13,0,1,14,1.0,
202400004368,155 774 132,B01,1.0,7.0,0,0,6,15,1.0,