Num_Acc,id_vehicule,num_veh,senc,catv,obs,obsm,choc,manv,motor,occutc
202400004369,155 774 128,B01,1.0,7.0,0,2,1,2,1.0,
202400004370,155 774 129,A01,1.0,7.0,0,1,4,4,1.0,
202400004371,155 774 127,A01,3.0,50.0,0,2,6,19,3.0,
202400004372,155 774 123,A01,2.0,7.0,0,1,1,1,1.0,
202400004373,155 774 122,A01,2.0,7.0,2,2,1,0,2.0,
202400004374,155 774 121,A01,2.0,7.0,0,2,3,19,1.0,
202400004375,155 774 119,A01,1.0,33.0,12,0,7,1,1.0,
202400004376,155 774 117,A01,2.0,7.0,0,2,4,0,1.0,
202400004377,155 774 115,A01,1.0,13.0,14,0,0,1,1.0,
202400004378,155 774 114,A01,1.0,7.0,2,0,2,0,1.0,
202400004379,155 774 113,A01,1.0,33.0,0,0,1,14,1.0,
202400004380,155 774 112,A01,3.0,21.0,16,0,8,1,1.0,
202400004381,155 774 111,A01,3.0,2.0,12,0,1,0,1.0,
202400004382,155 774 109,A01,2.0,7.0,0,2,1,14,1.0,
202400004383,155 774 108,A01,3.0,7.0,13,0,2,1,1.0,
202400004384,155 774 106,A01,1.0,34.0,0,2,1,13,1.0,
202400004385,155 774 105,A01,2.0,7.0,4,0,2,1,1.0,
202400004386,155 774 103,A01,1.0,7.0,0,1,1,1,1.0,
202400004387,155 774 102,B01,1.0,10.0,0,2,3,1,1.0,
202400004388,155 774 100,A01,2.0,7.0,4,2,5,2,1.0,
202400004389,155 774 098,A01,0.0,10.0,3,0,1,1,1.0,
202400004390,155 774 097,A01,2.0,7.0,0,2,1,15,1.0,
202400004391,155 774 095,A01,1.0,7.0,0,2,1,1,1.0,
202400004392,155 774 094,A01,2.0,7.0,0,0,3,1,1.0,
202400004393,155 774 090,A01,2.0,7.0,4,0,3,1,1.0,
202400004394,155 774 089,B01,2.0,7.0,0,2,5,12,1.0,
202400004395,155 774 088,B01,2.0,1.0,0,0,3,2,5.0,
202400004396,155 774 085,A01,2.0,7.0,5,0,1,2,1.0,
202400004397,155 774 084,B01,1.0,7.0,0,2,1,1,1.0,
202400004398,155 774 083,B01,2.0,10.0,0,2,4,1,1.0,
202400004399,155 774 080,A01,2.0,7.0,0,2,1,5,1.0,
202400004400,155 774 079,A01,1.0,33.0,12,0,1,14,1.0,
202400004401,155 774 078,A01,2.0,7.0,4,2,8,0,1.0,
202400004402,155 774 076,A01,2.0,2.0,0,1,1,17,1.0,
202400004403,155 774 073,A01,2.0,7.0,0,2,2,15,1.0,
202400004404,155 774 070,A01,3.0,2.0,0,0,0,1,1.0,
202400004405,155 774 069,A01,2.0,7.0,0,2,1,2,1.0,
202400004406,155 774 068,A01,1.0,7.0,4,2,1,0,1.0,
202400004407,155 774 065,A01,3.0,7.0,0,1,3,1,1.0,
202400004408,155 774 064,A01,1.0,7.0,0,2,4,2,1.0,
202400004409,155 774 063,A01,1.0,10.0,0,0,4,2,1.0,
202400004410,155 774 062,A01,1.0,7.0,2,0,1,0,2.0,
202400004411,155 774 061,A01,2.0,7.0,4,0,1,1,1.0,
202400004412,155 774 060,A01,1.0,7.0,0,1,3,1,1.0,
202400004413,155 774 058,A01,1.0,7.0,6,0,2,1,1.0,
202400004414,155 774 056,A01,1.0,7.0,12,2,2,21,2.0,
202400004415,155 774 055,A01,0.0,7.0,0,2,1,6,1.0,
202400004416,155 774 050,A01,1.0,7.0,0,2,3,10,1.0,
202400004417,155 774 048,B01,3.0,7.0,0,2,2,0,0.0,
202400004418,155 774 046,A01,2.0,7.0,0,2,4,2,1.0,
202400004419,155 774 045,A01,2.0,7.0,0,1,3,1,1.0,
202400004420,155 774 044,A01,2.0,7.0,2,0,3,1,1.0,
202400004421,155 774 042,A01,2.0,33.0,10,0,1,1,1.0,
202400004422,155 774 041,A01,1.0,7.0,0,2,1,14,1.0,
202400004423,155 774 040,A01,3.0,7.0,0,1,2,10,2.0,
202400004424,155 774 036,A01,1.0,10.0,0,2,4,23,1.0,
202400004425,155 774 037,A01,1.0,33.0,0,2,1,1,1.0,
202400004426,155 774 034,A01,3.0,34.0,0,9,1,17,1.0,
202400004427,155 774 030,B01,2.0,7.0,0,0,5,23,1.0,
202400004428,155 774 029,A01,2.0,10.0,0,2,1,1,1.0,
202400004429,155 774 028,A01,2.0,7.0,0,2,4,1,1.0,
202400004430,155 774 027,A01,2.0,31.0,12,0,8,1,1.0,
202400004431,155 774 025,A01,2.0,7.0,0,1,2,1,1.0,
202400004432,155 774 023,B01,2.0,7.0,0,2,3,0,1.0,
202400004433,155 774 022,A01,1.0,36.0,9,0,1,1,1.0,
202400004434,155 774 018,B01,1.0,7.0,0,2,6,1,1.0,
202400004435,155 774 019,A01,2.0,7.0,0,2,1,1,1.0,
202400004436,155 774 017,A01,2.0,30.0,13,0,0,1,1.0,
202400004437,155 774 015,A01,2.0,30.0,0,0,0,0,1.0,
202400004438,155 774 014,B01,1.0,7.0,0,2,7,1,2.0,
202400004439,155 774 012,A01,1.0,34.0,4,0,8,26,1.0,
202400004440,155 774 011,A01,1.0,0.0,0,2,0,11,0.0,
202400004441,155 774 009,A01,3.0,7.0,13,0,3,1,1.0,
202400004442,155 774 008,A01,1.0,7.0,0,2,2,16,1.0,
202400004443,155 774 004,B01,1.0,32.0,0,2,1,1,1.0,
202400004444,155 774 005,A01,2.0,10.0,0,0,8,15,1.0,
202400004445,155 774 003,A01,2.0,33.0,15,0,0,17,1.0,
202400004446,155 774 000,A01,2.0,7.0,1,0,1,14,1.0,
202400004447,155 773 999,A01,2.0,7.0,0,2,1,5,1.0,
202400004448,155 773 998,A01,3.0,7.0,6,0,1,26,1.0,
202400004449,155 773 996,B01,1.0,7.0,0,2,5,19,0.0,
202400004450,155 773 995,A01,0.0,7.0,0,1,1,15,0.0,
202400004451,155 773 994,A01,2.0,31.0,16,0,1,0,3.0,
202400004452,155 773 992,A01,1.0,7.0,0,2,1,1,1.0,
202400004453,155 773 988,A01,3.0,7.0,0,2,1,13,1.0,
202400004454,155 773 990,A01,1.0,7.0,0,9,3,19,1.0,
202400004455,155 773 986,A01,2.0,7.0,13,0,3,13,1.0,
202400004456,155 773 985,A01,2.0,32.0,0,2,7,1,1.0,
202400004457,155 773 984,A01,1.0,7.0,0,0,1,14,1.0,
202400004458,155 773 982,A01,1.0,7.0,0,1,2,24,1.0,
202400004459,155 773 981,A01,2.0,31.0,0,0,0,2,1.0,
202400004460,155 773 979,A01,2.0,7.0,0,0,0,1,1.0,
202400004461,155 773 978,A01,2.0,7.0,0,2,3,26,1.0,
202400004462,155 773 976,A01,3.0,7.0,0,1,2,1,1.0,
202400004463,155 773 975,A01,2.0,13.0,0,9,2,1,1.0,
202400004464,155 773 972,A01,2.0,7.0,0,2,3,13,1.0,
202400004465,155 773 971,A01,1.0,7.0,0,2,2,1,3.0,
202400004466,155 773 967,A01,1.0,7.0,7,0,3,1,1.0,
202400004467,155 773 968,A01,1.0,7.0,0,2,1,2,1.0,
202400004468,155 773 964,B01,3.0,60.0,0,2,1,9,5.0,
202400004469,155 773 965,A01,2.0,33.0,0,0,1,1,1.0,
202400004470,155 773 962,A01,3.0,7.0,2,0,8,2,1.0,
202400004471,155 773 961,A01,1.0,7.0,0,2,7,1,3.0,
202400004472,155 773 960,A01,1.0,7.0,3,0,3,13,1.0,
202400004473,155 773 959,A01,1.0,7.0,0,1,1,1,1.0,
202400004474,155 773 958,A01,0.0,7.0,0,1,2,14,2.0,
202400004475,155 773 954,B01,1.0,7.0,0,2,4,1,1.0,
202400004476,155 773 955,B01,1.0,7.0,0,2,3,19,1.0,
202400004477,155 773 951,A01,3.0,7.0,0,2,3,24,1.0,
202400004478,155 773 949,A01,1.0,7.0,6,0,1,1,1.0,
202400004479,155 773 944,E01,2.0,7.0,0,2,4,2,1.0,
202400004480,155 773 943,A01,2.0,32.0,0,1,1,19,1.0,
202400004481,155 773 942,C01,2.0,38.0,0,2,3,2,1.0,28
202400004482,155 773 940,B01,2.0,15.0,0,2,4,2,1.0,
202400004483,155 773 939,A01,2.0,7.0,8,0,1,1,1.0,
202400004484,155 773 936,A01,1.0,33.0,0,2,1,1,1.0,
202400004485,155 773 935,B01,0.0,7.0,0,2,8,5,1.0,
202400004486,155 773 931,A01,1.0,7.0,0,2,8,9,1.0,
202400004487,155 773 930,A01,2.0,7.0,0,2,1,2,1.0,
202400004488,155 773 928,A01,2.0,7.0,0,2,1,2,1.0,
202400004489,155 773 926,A01,2.0,7.0,0,2,8,9,1.0,
202400004490,155 773 924,A01,2.0,7.0,0,0,0,1,1.0,
202400004491,155 773 923,A01,2.0,7.0,0,2,2,19,1.0,
202400004492,155 773 920,B01,3.0,7.0,0,2,3,15,1.0,
202400004493,155 773 919,B01,2.0,7.0,0,9,2,16,1.0,
202400004494,155 773 917,B01,1.0,7.0,0,2,3,1,1.0,
202400004495,155 773 915,A01,1.0,14.0,0,2,4,26,1.0,
202400004496,155 773 913,B01,3.0,7.0,0,2,1,1,0.0,
202400004497,155 773 911,Z01,1.0,7.0,0,2,1,26,1.0,
202400004498,155 773 909,A01,1.0,7.0,0,2,1,2,1.0,
202400004499,155 773 907,A01,2.0,7.0,4,2,3,0,1.0,
202400004500,155 773 905,A01,3.0,7.0,0,2,1,1,1.0,
202400004501,155 773 902,A01,1.0,7.0,0,2,1,1,1.0,
202400004502,155 773 901,A01,1.0,30.0,0,1,1,17,1.0,
202400004503,155 773 900,A01,2.0,7.0,0,1,2,1,1.0,
202400004504,155 773 898,A01,2.0,7.0,0,2,1,2,1.0,
202400004505,155 773 895,B01,1.0,7.0,3,0,6,1,1.0,
202400004506,155 773 894,B01,3.0,31.0,0,2,1,1,1.0,
202400004507,155 773 893,A01,1.0,7.0,0,1,1,15,2.0,
202400004508,155 773 891,B01,1.0,7.0,0,2,7,1,1.0,
202400004509,155 773 888,B01,1.0,7.0,0,2,1,26,1.0,
202400004510,155 773 887,A01,1.0,34.0,0,2,1,1,1.0,
202400004511,155 773 884,A01,1.0,7.0,0,2,1,2,1.0,
202400004512,155 773 883,A01,1.0,7.0,0,2,1,15,1.0,
202400004513,155 773 881,A01,1.0,2.0,3,0,1,21,1.0,
202400004514,155 773 880,A01,3.0,30.0,0,2,1,16,0.0,
202400004515,155 773 878,A01,2.0,37.0,0,1,7,9,0.0,1
202400004516,155 773 877,A01,2.0,7.0,0,2,1,26,1.0,
202400004517,155 773 874,B01,1.0,7.0,0,2,3,0,1.0,
202400004518,155 773 875,A01,2.0,33.0,0,1,8,21,1.0,
202400004519,155 773 871,B01,0.0,7.0,0,2,1,26,1.0,
202400004520,155 773 870,B01,0.0,10.0,0,2,4,1,1.0,
202400004521,155 773 866,A01,2.0,10.0,0,2,1,1,1.0,
202400004522,155 773 867,B01,0.0,50.0,0,0,0,0,3.0,
202400004523,155 773 864,A01,3.0,10.0,0,2,8,15,1.0,
202400004524,155 773 861,A01,3.0,7.0,0,2,2,16,1.0,
202400004525,155 773 860,A01,1.0,7.0,0,2,3,16,1.0,
202400004526,155 773 858,A01,1.0,7.0,0,2,3,11,1.0,
202400004527,155 773 856,B01,2.0,7.0,0,2,8,10,1.0,
202400004528,155 773 854,A01,1.0,7.0,0,2,2,12,1.0,
202400004529,155 773 851,A01,3.0,7.0,0,9,1,0,2.0,
202400004530,155 773 848,A01,1.0,7.0,0,2,1,2,1.0,
202400004531,155 773 844,A01,1.0,43.0,0,2,7,1,1.0,
202400004532,155 773 846,B01,3.0,7.0,0,2,6,15,1.0,
202400004533,155 773 842,A01,2.0,7.0,0,1,2,15,1.0,
202400004534,155 773 841,B01,3.0,7.0,0,2,2,15,1.0,
202400004535,155 773 840,A01,1.0,1.0,12,0,1,1,5.0,
202400004536,155 773 839,A01,2.0,7.0,0,1,0,1,1.0,
202400004537,155 773 838,A01,2.0,7.0,0,1,4,20,3.0,
202400004538,155 773 835,A01,2.0,1.0,0,2,2,26,5.0,
202400004539,155 773 834,B01,2.0,7.0,0,2,6,1,1.0,
202400004540,155 773 832,A01,2.0,1.0,0,2,4,1,5.0,
202400004541,155 773 831,A01,3.0,37.0,9,0,2,1,1.0,3
202400004542,155 773 830,A01,1.0,7.0,0,1,5,20,1.0,
202400004543,155 773 829,A01,1.0,7.0,9,0,1,13,1.0,
202400004544,155 773 827,B01,2.0,1.0,0,2,7,1,5.0,
202400004545,155 773 826,A01,2.0,10.0,0,1,0,19,1.0,
202400004546,155 773 823,B01,1.0,2.0,0,2,1,1,1.0,
202400004547,155 773 822,A01,2.0,7.0,0,2,2,10,1.0,
202400004548,155 773 821,A01,1.0,7.0,1,0,1,1,1.0,
202400004549,155 773 819,B01,2.0,80.0,0,2,4,0,3.0,
202400004550,155 773 818,A01,0.0,7.0,2,0,7,26,1.0,
202400004551,155 773 816,B01,2.0,43.0,0,2,1,1,1.0,
202400004552,155 773 814,A01,2.0,7.0,0,2,1,23,1.0,
202400004553,155 773 812,A01,1.0,7.0,0,2,1,12,2.0,
202400004554,155 773 809,A01,2.0,7.0,1,0,4,1,1.0,
202400004555,155 773 811,A01,1.0,7.0,0,1,3,15,1.0,
202400004556,155 773 808,A01,0.0,7.0,0,1,1,1,1.0,
202400004557,155 773 806,A01,2.0,30.0,0,2,3,10,1.0,
202400004558,155 773 805,A01,1.0,7.0,0,1,1,2,1.0,
202400004559,155 773 804,A01,1.0,2.0,9,0,1,1,1.0,
202400004560,155 773 802,A01,2.0,7.0,5,0,1,14,1.0,
202400004561,155 773 800,T01,1.0,7.0,0,0,0,0,3.0,
202400004562,155 773 799,A01,1.0,7.0,8,0,1,1,1.0,
202400004563,155 773 795,A01,3.0,7.0,0,2,3,1,1.0,
202400004564,155 773 794,A01,1.0,30.0,0,2,1,0,1.0,
202400004565,155 773 792,A01,1.0,7.0,0,2,3,1,0.0,
202400004566,155 773 789,A01,2.0,7.0,0,2,7,18,1.0,
202400004567,155 773 788,A01,1.0,34.0,0,0,7,26,1.0,
202400004568,155 773 786,B01,2.0,7.0,0,2,4,1,1.0,
202400004569,155 773 784,B01,2.0,1.0,0,2,6,2,5.0,
202400004570,155 773 783,A01,1.0,2.0,0,0,2,0,1.0,
202400004571,155 773 780,A01,1.0,7.0,0,2,7,15,1.0,
202400004572,155 773 778,A01,3.0,41.0,0,0,1,20,1.0,
202400004573,155 773 779,A01,3.0,7.0,0,2,2,15,1.0,
202400004574,155 773 777,A01,3.0,50.0,12,0,1,0,3.0,
202400004575,155 773 776,A01,2.0,7.0,2,0,1,0,1.0,
202400004576,155 773 774,A01,2.0,31.0,0,2,1,0,1.0,
202400004577,155 773 771,A01,1.0,7.0,8,0,2,14,1.0,
202400004578,155 773 767,A01,3.0,7.0,0,2,8,0,2.0,
202400004579,155 773 766,C01,1.0,7.0,12,0,3,1,1.0,
202400004580,155 773 764,A01,3.0,7.0,0,2,3,15,1.0,
202400004581,155 773 763,A01,2.0,7.0,4,0,1,1,1.0,
202400004582,155 773 761,A01,1.0,7.0,0,2,3,9,1.0,
202400004583,155 773 759,A01,2.0,33.0,0,2,1,17,1.0,
202400004584,155 773 757,Z01,3.0,1.0,0,2,0,16,5.0,
202400004585,155 773 756,A01,3.0,7.0,0,1,2,16,1.0,
202400004586,155 773 753,B01,2.0,1.0,0,2,7,1,5.0,
202400004587,155 773 754,A01,2.0,7.0,0,0,2,1,1.0,
202400004588,155 773 751,A01,1.0,1.0,0,2,1,2,5.0,
202400004589,155 773 748,C01,1.0,7.0,0,2,8,2,1.0,
202400004590,155 773 746,A01,3.0,7.0,0,2,2,19,1.0,
202400004591,155 773 745,A01,3.0,7.0,0,1,1,15,1.0,
202400004592,155 773 743,A01,1.0,33.0,0,0,1,26,6.0,
202400004593,155 773 741,A01,2.0,7.0,9,2,8,9,0.0,
202400004594,155 773 739,B01,1.0,7.0,0,2,7,0,1.0,
202400004595,155 773 737,B01,1.0,7.0,0,2,8,15,1.0,
202400004596,155 773 735,A01,1.0,32.0,0,2,1,3,1.0,
202400004597,155 773 734,Z01,1.0,50.0,0,1,1,5,3.0,
202400004598,155 773 732,B01,1.0,34.0,0,2,8,1,1.0,
202400004599,155 773 730,B01,2.0,1.0,1,0,1,2,5.0,
202400004600,155 773 729,A01,2.0,50.0,0,1,1,1,3.0,
202400004601,155 773 727,A01,2.0,1.0,0,2,8,13,5.0,
202400004602,155 773 725,B01,2.0,7.0,0,2,3,15,1.0,
202400004603,155 773 724,Z01,2.0,7.0,0,1,1,1,1.0,
202400004604,155 773 723,A01,1.0,7.0,1,0,2,1,1.0,
202400004605,155 773 722,A01,1.0,7.0,1,0,1,15,1.0,
202400004606,155 773 720,A01,2.0,34.0,0,2,2,1,1.0,
202400004607,155 773 719,A01,1.0,30.0,12,0,0,1,1.0,
202400004608,155 773 716,C01,0.0,7.0,0,2,4,1,1.0,
202400004609,155 773 714,A01,0.0,7.0,0,2,0,26,0.0,
202400004610,155 773 712,A01,1.0,7.0,0,2,5,20,1.0,
202400004611,155 773 711,A01,1.0,7.0,2,0,1,13,1.0,
202400004612,155 773 709,A01,1.0,7.0,17,0,1,6,1.0,
202400004613,155 773 708,A01,2.0,7.0,0,9,3,9,3.0,
202400004614,155 773 705,B01,1.0,7.0,0,2,3,1,1.0,
202400004615,155 773 704,A01,2.0,10.0,0,2,1,1,0.0,
202400004616,155 773 701,A01,1.0,7.0,0,2,1,5,1.0,
202400004617,155 773 700,A01,2.0,10.0,0,2,1,1,0.0,
202400004618,155 773 697,A01,1.0,7.0,3,0,2,14,1.0,
202400004619,155 773 696,A01,3.0,50.0,0,2,1,26,3.0,
202400004620,155 773 693,A01,3.0,7.0,0,2,7,19,0.0,
202400004621,155 773 692,B01,1.0,7.0,0,2,3,1,1.0,
202400004622,155 773 691,A01,1.0,7.0,0,0,0,21,1.0,
202400004623,155 773 690,A01,3.0,2.0,14,0,1,1,1.0,
202400004624,155 773 687,A01,1.0,7.0,0,2,2,13,1.0,
202400004625,155 773 686,B01,2.0,50.0,0,2,7,16,3.0,
202400004626,155 773 684,A01,2.0,7.0,6,0,1,0,2.0,
202400004627,155 773 683,A01,3.0,7.0,0,9,1,1,1.0,
202400004628,155 773 681,A01,1.0,7.0,0,1,7,9,1.0,
202400004629,155 773 680,A01,1.0,10.0,0,0,6,15,1.0,
202400004630,155 773 679,A01,3.0,7.0,1,1,4,20,1.0,
202400004631,155 773 677,B01,1.0,33.0,0,2,1,1,1.0,
202400004632,155 773 673,B01,1.0,7.0,0,2,3,11,1.0,
202400004633,155 773 674,A01,2.0,7.0,0,9,1,15,1.0,
202400004634,155 773 671,A01,3.0,7.0,0,2,1,15,0.0,
202400004635,155 773 669,A01,2.0,7.0,13,0,2,14,1.0,
202400004636,155 773 668,A01,1.0,7.0,0,2,5,15,1.0,
202400004637,155 773 665,A01,2.0,33.0,3,0,0,0,1.0,
202400004638,155 773 664,A01,3.0,7.0,0,2,1,13,1.0,
202400004639,155 773 662,A01,2.0,15.0,0,2,4,23,1.0,
202400004640,155 773 661,A01,1.0,7.0,6,0,1,1,1.0,
202400004641,155 773 660,A01,1.0,10.0,0,1,1,16,1.0,
202400004642,155 773 658,B01,1.0,37.0,0,0,4,23,0.0,1
202400004643,155 773 654,B01,2.0,7.0,0,2,1,1,1.0,
202400004644,155 773 653,B01,2.0,7.0,0,2,3,1,1.0,
202400004645,155 773 651,A01,2.0,1.0,0,2,2,19,5.0,
202400004646,155 773 650,B01,1.0,10.0,0,1,1,9,1.0,
202400004647,155 773 646,A01,0.0,50.0,0,2,1,19,3.0,
202400004648,155 773 645,A01,1.0,7.0,0,1,3,16,1.0,
202400004649,155 773 642,A01,1.0,10.0,0,2,5,16,1.0,
202400004650,155 773 640,A01,1.0,7.0,0,2,1,19,1.0,
202400004651,155 773 639,B01,2.0,7.0,0,0,4,23,1.0,
202400004652,155 773 638,A01,2.0,33.0,3,0,2,14,1.0,
202400004653,155 773 637,A01,1.0,7.0,1,0,3,1,1.0,
202400004654,155 773 636,A01,3.0,7.0,0,1,1,1,1.0,
202400004655,155 773 634,A01,1.0,7.0,1,0,2,14,1.0,
202400004656,155 773 633,B01,2.0,7.0,0,2,1,1,1.0,
202400004657,155 773 630,A01,1.0,7.0,13,0,8,13,2.0,
202400004658,155 773 629,A01,3.0,7.0,0,2,6,26,1.0,
202400004659,155 773 628,A01,3.0,7.0,0,9,2,16,0.0,
202400004660,155 773 626,A01,2.0,7.0,2,0,3,1,1.0,
202400004661,155 773 623,B01,2.0,7.0,0,2,1,15,1.0,
202400004662,155 773 622,C01,1.0,7.0,0,2,6,2,1.0,
202400004663,155 773 617,A01,3.0,7.0,14,0,2,13,4.0,
202400004664,155 773 616,A01,1.0,50.0,0,2,6,2,3.0,
202400004665,155 773 618,B01,1.0,7.0,0,2,1,1,1.0,
202400004666,155 773 613,A01,1.0,7.0,2,0,1,1,1.0,
202400004667,155 773 614,A01,3.0,7.0,0,2,1,19,1.0,
202400004668,155 773 612,A01,1.0,7.0,13,0,1,14,1.0,
202400004669,155 773 611,A01,1.0,7.0,3,0,9,1,1.0,
202400004670,155 773 608,B01,1.0,10.0,0,2,3,9,1.0,
202400004671,155 773 606,A01,3.0,39.0,0,1,2,0,0.0,
202400004672,155 773 607,B01,0.0,39.0,1,0,1,1,0.0,
202400004673,155 773 604,A01,1.0,7.0,0,1,1,1,1.0,
202400004674,155 773 603,A01,1.0,10.0,0,1,3,2,0.0,
202400004675,155 773 602,A01,1.0,7.0,0,2,3,1,1.0,
202400004676,155 773 601,A01,1.0,7.0,0,1,7,1,1.0,
202400004677,155 773 598,A01,0.0,17.0,0,2,1,1,1.0,
202400004678,155 773 597,B01,2.0,80.0,0,2,1,15,3.0,
202400004679,155 773 596,A01,1.0,30.0,0,0,0,1,1.0,
202400004680,155 773 595,A01,3.0,7.0,0,1,2,16,1.0,
202400004681,155 773 593,A01,1.0,7.0,6,0,1,0,3.0,
202400004682,155 773 592,A01,1.0,7.0,0,2,2,21,1.0,
202400004683,155 773 588,A01,3.0,33.0,0,2,1,17,1.0,
202400004684,155 773 587,A01,0.0,7.0,0,2,0,13,1.0,
202400004685,155 773 586,A01,1.0,3.0,0,2,6,2,1.0,
202400004686,155 773 583,A01,2.0,33.0,0,2,1,17,1.0,
202400004687,155 773 581,A01,2.0,7.0,0,2,8,15,1.0,
202400004688,155 773 577,A01,2.0,7.0,0,2,1,13,1.0,
202400004689,155 773 576,B01,3.0,33.0,0,2,1,17,1.0,
202400004690,155 773 574,A01,1.0,10.0,0,1,2,1,1.0,
202400004691,155 773 573,A01,1.0,99.0,1,0,1,1,6.0,
202400004692,155 773 571,A01,1.0,7.0,0,2,3,13,1.0,
202400004693,155 773 570,A01,1.0,7.0,9,0,1,1,1.0,
202400004694,155 773 569,A01,2.0,1.0,3,0,1,1,5.0,
202400004695,155 773 566,A01,1.0,33.0,0,2,1,17,1.0,
202400004696,155 773 565,B01,0.0,7.0,0,2,0,0,,
202400004697,155 773 564,A01,2.0,50.0,6,0,1,13,3.0,
202400004698,155 773 562,A01,1.0,7.0,0,2,3,10,1.0,
202400004699,155 773 561,A01,1.0,10.0,0,1,1,1,1.0,
202400004700,155 773 558,B01,2.0,33.0,0,2,3,1,0.0,
202400004701,155 773 557,A01,1.0,50.0,0,2,1,1,3.0,
202400004702,155 773 555,A01,2.0,7.0,0,2,1,2,1.0,
202400004703,155 773 552,A01,3.0,7.0,0,2,8,15,3.0,
202400004704,155 773 554,A01,3.0,7.0,0,1,1,1,3.0,
202400004705,155 773 550,A01,1.0,33.0,0,2,7,21,1.0,
202400004706,155 773 549,A01,2.0,60.0,0,0,0,25,5.0,
202400004707,155 773 548,A01,2.0,33.0,0,0,1,1,1.0,
202400004708,155 773 544,B01,1.0,7.0,0,2,4,2,1.0,
202400004709,155 773 543,A01,2.0,14.0,0,2,7,16,1.0,
202400004710,155 773 542,A01,1.0,10.0,0,2,3,13,1.0,
202400004711,155 773 541,A01,1.0,2.0,0,0,0,1,1.0,
202400004712,155 773 538,A01,1.0,7.0,0,2,6,13,1.0,
202400004713,155 773 539,A01,0.0,33.0,0,0,8,1,1.0,
202400004714,155 773 534,A01,2.0,36.0,0,0,3,15,1.0,
202400004715,155 773 533,A01,1.0,33.0,0,2,1,13,1.0,
202400004716,155 773 532,A01,2.0,7.0,0,2,3,9,2.0,
202400004717,155 773 528,B01,1.0,7.0,0,2,4,2,1.0,
202400004718,155 773 527,A01,1.0,7.0,0,2,3,13,1.0,
202400004719,155 773 526,B01,3.0,7.0,0,9,3,1,1.0,
202400004720,155 773 522,B01,2.0,1.0,0,0,6,1,5.0,
202400004721,155 773 521,A01,1.0,7.0,0,2,3,1,1.0,
202400004722,155 773 519,A01,2.0,7.0,0,2,3,13,1.0,
202400004723,155 773 515,A01,2.0,7.0,0,2,3,1,1.0,
202400004724,155 773 514,A01,2.0,7.0,0,2,1,2,1.0,
202400004725,155 773 512,A01,1.0,7.0,0,2,4,9,2.0,
202400004726,155 773 510,A01,1.0,7.0,8,0,1,9,1.0,
202400004727,155 773 509,A01,3.0,7.0,0,2,2,9,1.0,
202400004728,155 773 508,A01,3.0,7.0,0,2,9,13,1.0,
202400004729,155 773 507,A01,2.0,33.0,13,0,1,1,1.0,
202400004730,155 773 506,A01,3.0,7.0,0,1,2,1,1.0,
202400004731,155 773 504,B01,2.0,7.0,0,2,4,0,1.0,
202400004732,155 773 503,A01,2.0,7.0,4,0,2,0,1.0,
202400004733,155 773 500,A01,1.0,7.0,4,2,1,17,1.0,
202400004734,155 773 496,C01,1.0,15.0,0,2,3,1,1.0,
202400004735,155 773 495,A01,1.0,7.0,0,2,3,13,1.0,
202400004736,155 773 492,A01,1.0,7.0,0,2,7,15,1.0,
202400004737,155 773 491,A01,2.0,7.0,2,0,2,14,1.0,
202400004738,155 773 490,A01,3.0,7.0,0,0,6,2,1.0,
202400004739,155 773 488,A01,1.0,7.0,8,0,1,13,1.0,
202400004740,155 773 487,A01,1.0,7.0,8,0,7,1,1.0,
202400004741,155 773 485,A01,1.0,7.0,8,0,1,0,0.0,
202400004742,155 773 484,A01,1.0,15.0,0,0,4,2,1.0,
202400004743,155 773 482,A01,2.0,7.0,6,2,4,1,1.0,
202400004744,155 773 481,A01,2.0,7.0,2,0,2,1,2.0,
202400004745,155 773 476,A01,1.0,7.0,0,0,1,2,1.0,
202400004746,155 773 475,A01,2.0,10.0,0,0,0,0,1.0,
202400004747,155 773 477,B01,1.0,7.0,0,2,1,2,1.0,
202400004748,155 773 472,A01,0.0,10.0,8,0,1,0,1.0,
202400004749,155 773 471,A01,1.0,33.0,0,2,1,2,1.0,
202400004750,155 773 470,B01,2.0,0.0,0,2,8,1,1.0,
202400004751,155 773 469,A01,0.0,7.0,0,1,2,1,1.0,
202400004752,155 773 467,A01,1.0,2.0,0,1,1,1,1.0,
202400004753,155 773 465,A01,2.0,7.0,0,2,3,5,1.0,
202400004754,155 773 464,A01,2.0,33.0,0,2,8,1,1.0,
202400004755,155 773 463,A01,3.0,1.0,2,0,1,15,5.0,
202400004756,155 773 459,A01,1.0,7.0,0,2,3,11,1.0,
202400004757,155 773 460,A01,1.0,10.0,8,0,2,15,1.0,
202400004758,155 773 456,A01,3.0,17.0,0,1,5,20,1.0,
202400004759,155 773 454,A01,1.0,7.0,0,2,1,0,1.0,
202400004760,155 773 453,B01,1.0,7.0,0,0,4,23,1.0,
202400004761,155 773 452,A01,1.0,10.0,0,1,1,0,1.0,
202400004762,155 773 450,A01,2.0,7.0,0,2,7,15,1.0,
202400004763,155 773 447,A01,2.0,33.0,0,2,1,17,1.0,
202400004764,155 773 446,A01,3.0,30.0,0,2,1,19,1.0,
202400004765,155 773 445,A01,1.0,7.0,2,0,1,0,1.0,