Num_Acc,id_vehicule,num_veh,senc,catv,obs,obsm,choc,manv,motor,occutc
202400004766,155 773 444,A01,1.0,33.0,0,0,7,1,1.0,
202400004767,155 773 441,B01,3.0,80.0,0,2,1,1,3.0,
202400004768,155 773 438,A01,2.0,2.0,0,2,1,1,1.0,
202400004769,155 773 437,A01,1.0,7.0,3,6,1,1,1.0,
202400004770,155 773 435,A01,1.0,50.0,0,2,8,19,3.0,
202400004771,155 773 433,A01,1.0,7.0,0,2,1,9,1.0,
202400004772,155 773 429,A01,2.0,2.0,0,2,1,17,1.0,
202400004773,155 773 424,A01,3.0,7.0,0,1,1,1,1.0,
202400004774,155 773 423,A01,2.0,7.0,0,2,0,21,1.0,
202400004775,155 773 422,A01,2.0,1.0,12,0,0,0,5.0,
202400004776,155 773 421,A01,2.0,10.0,0,1,7,1,1.0,
202400004777,155 773 418,B01,1.0,1.0,0,2,5,15,5.0,
202400004778,155 773 417,A01,1.0,7.0,0,2,1,1,1.0,
202400004779,155 773 415,A01,0.0,7.0,0,2,1,15,1.0,
202400004780,155 773 414,A01,1.0,7.0,13,0,9,1,1.0,
202400004781,155 773 413,A01,2.0,7.0,2,0,7,0,1.0,
202400004782,155 773 411,A01,1.0,32.0,0,0,6,0,1.0,
202400004783,155 773 409,B01,3.0,50.0,0,2,4,1,3.0,
202400004784,155 773 408,A01,1.0,33.0,16,2,7,17,1.0,
202400004785,155 773 405,A01,0.0,7.0,0,1,0,20,1.0,
202400004786,155 773 404,B01,1.0,7.0,0,2,2,15,1.0,
202400004787,155 773 402,A01,2.0,7.0,2,0,8,1,1.0,
202400004788,155 773 401,A01,3.0,7.0,0,1,1,26,1.0,
202400004789,155 773 400,B01,1.0,7.0,0,2,1,1,1.0,
202400004790,155 773 398,B01,2.0,7.0,0,9,3,1,2.0,
202400004791,155 773 397,A01,1.0,7.0,0,1,1,15,1.0,
202400004792,155 773 396,A01,2.0,7.0,6,0,1,13,1.0,
202400004793,155 773 395,A01,2.0,7.0,0,1,9,26,1.0,
202400004794,155 773 394,A01,0.0,7.0,0,1,3,1,1.0,
202400004795,155 773 393,A01,2.0,7.0,13,0,3,1,1.0,
202400004796,155 773 392,A01,0.0,31.0,0,6,1,1,1.0,
202400004797,155 773 389,A01,2.0,7.0,0,2,7,13,1.0,
202400004798,155 773 388,A01,3.0,7.0,0,2,2,15,1.0,
202400004799,155 773 385,A01,1.0,7.0,3,0,1,0,1.0,
202400004800,155 773 382,A01,1.0,33.0,0,2,1,26,1.0,
202400004801,155 773 381,A01,2.0,10.0,0,2,1,1,1.0,
202400004802,155 773 378,A01,1.0,7.0,0,2,1,2,1.0,
202400004803,155 773 377,A01,2.0,7.0,8,0,9,0,1.0,
202400004804,155 773 375,A01,1.0,7.0,0,2,7,12,1.0,
202400004805,155 773 374,A01,3.0,39.0,0,1,2,19,3.0,
202400004806,155 773 373,A01,2.0,7.0,3,0,0,1,1.0,
202400004807,155 773 370,A01,1.0,7.0,13,2,2,26,1.0,
202400004808,155 773 369,A01,2.0,7.0,0,5,1,1,1.0,
202400004809,155 773 366,B01,0.0,7.0,0,2,1,0,0.0,
202400004810,155 773 365,A01,1.0,7.0,4,2,3,2,1.0,
202400004811,155 773 364,A01,1.0,7.0,13,0,1,26,1.0,
202400004812,155 773 363,A01,1.0,7.0,3,0,3,1,1.0,
202400004813,155 773 360,B01,3.0,80.0,0,2,1,1,3.0,
202400004814,155 773 359,B01,1.0,33.0,0,2,1,3,1.0,
202400004815,155 773 356,A01,2.0,7.0,0,2,1,13,1.0,
202400004816,155 773 353,B01,2.0,7.0,0,2,6,2,1.0,
202400004817,155 773 351,A01,1.0,7.0,0,2,1,1,1.0,
202400004818,155 773 350,A01,1.0,30.0,0,0,8,1,1.0,
202400004819,155 773 348,A01,1.0,7.0,0,0,0,0,1.0,
202400004820,155 773 345,B01,1.0,7.0,0,2,1,1,2.0,
202400004821,155 773 344,Z01,1.0,10.0,0,2,0,11,0.0,
202400004822,155 773 343,A01,1.0,7.0,0,1,6,20,1.0,
202400004823,155 773 340,B01,2.0,33.0,0,2,6,3,1.0,
202400004824,155 773 339,A01,3.0,7.0,0,1,4,26,1.0,
202400004825,155 773 337,A01,2.0,32.0,0,2,4,3,1.0,
202400004826,155 773 335,A01,2.0,7.0,0,2,1,13,1.0,
202400004827,155 773 333,A01,1.0,7.0,1,1,1,15,6.0,
202400004828,155 773 331,A01,1.0,33.0,0,2,1,2,1.0,
202400004829,155 773 329,A01,2.0,7.0,0,2,3,17,1.0,
202400004830,155 773 327,A01,1.0,7.0,0,2,3,10,1.0,
202400004831,155 773 326,A01,0.0,2.0,0,0,3,1,1.0,
202400004832,155 773 324,A01,1.0,7.0,0,2,1,2,1.0,
202400004833,155 773 323,A01,1.0,7.0,12,0,1,1,1.0,
202400004834,155 773 321,B01,3.0,32.0,0,2,7,14,1.0,
202400004835,155 773 317,A01,2.0,7.0,0,2,1,5,1.0,
202400004836,155 773 315,C01,1.0,10.0,0,2,6,1,1.0,
202400004837,155 773 313,B01,2.0,33.0,0,2,2,17,1.0,
202400004838,155 773 309,D01,1.0,7.0,0,2,4,2,1.0,
202400004839,155 773 306,A01,1.0,7.0,3,0,1,2,1.0,
202400004840,155 773 305,A01,3.0,7.0,0,2,3,1,1.0,
202400004841,155 773 303,A01,2.0,10.0,0,2,1,1,1.0,
202400004842,155 773 301,A01,2.0,15.0,0,2,7,1,1.0,
202400004843,155 773 299,A01,1.0,7.0,3,0,0,0,1.0,
202400004844,155 773 298,A01,3.0,7.0,0,2,1,1,1.0,
202400004845,155 773 297,A01,3.0,33.0,0,0,0,1,1.0,
202400004846,155 773 295,A01,3.0,7.0,0,2,3,15,1.0,
202400004847,155 773 294,A01,3.0,1.0,0,0,8,1,5.0,
202400004848,155 773 292,B01,1.0,2.0,0,2,7,1,0.0,
202400004849,155 773 290,A01,1.0,7.0,0,1,3,1,1.0,
202400004850,155 773 289,A01,1.0,7.0,0,1,2,1,2.0,
202400004851,155 773 288,A01,1.0,30.0,8,0,0,0,1.0,
202400004852,155 773 287,A01,3.0,7.0,0,1,1,1,1.0,
202400004853,155 773 286,A01,2.0,30.0,14,0,0,0,1.0,
202400004854,155 773 284,A01,2.0,7.0,4,0,0,0,1.0,
202400004855,155 773 285,A01,1.0,7.0,8,0,1,1,1.0,
202400004856,155 773 283,A01,2.0,31.0,4,0,0,1,1.0,
202400004857,155 773 281,A01,1.0,7.0,0,2,1,2,1.0,
202400004858,155 773 277,A01,1.0,7.0,0,2,1,15,1.0,
202400004859,155 773 276,B01,2.0,7.0,0,2,1,1,2.0,
202400004860,155 773 272,A01,1.0,7.0,4,0,1,1,1.0,
202400004861,155 773 271,B01,3.0,7.0,0,2,4,23,1.0,
202400004862,155 773 269,A01,1.0,7.0,0,2,2,14,0.0,
202400004863,155 773 267,A01,3.0,30.0,0,2,0,5,1.0,
202400004864,155 773 266,A01,2.0,7.0,3,0,7,1,0.0,
202400004865,155 773 263,A01,1.0,50.0,0,2,1,25,3.0,
202400004866,155 773 262,A01,2.0,15.0,0,2,8,1,1.0,
202400004867,155 773 260,A01,1.0,7.0,0,2,2,15,1.0,
202400004868,155 773 256,A01,2.0,10.0,0,2,4,11,1.0,
202400004869,155 773 255,A01,1.0,7.0,3,0,7,1,1.0,
202400004870,155 773 254,A01,1.0,31.0,0,1,7,1,0.0,
202400004871,155 773 251,A01,1.0,7.0,0,1,2,1,1.0,
202400004872,155 773 250,A01,1.0,7.0,0,2,1,1,1.0,
202400004873,155 773 248,A01,2.0,31.0,0,2,1,17,1.0,
202400004874,155 773 245,A01,2.0,2.0,0,0,3,2,1.0,
202400004875,155 773 246,A01,0.0,7.0,0,2,1,1,1.0,
202400004876,155 773 244,A01,2.0,33.0,13,0,3,1,1.0,
202400004877,155 773 242,A01,1.0,7.0,0,2,1,1,1.0,
202400004878,155 773 240,A01,1.0,7.0,0,2,2,0,1.0,
202400004879,155 773 238,A01,2.0,33.0,0,2,2,1,1.0,
202400004880,155 773 237,A01,1.0,7.0,3,0,1,26,1.0,
202400004881,155 773 234,A01,1.0,7.0,0,2,2,1,1.0,
202400004882,155 773 233,A01,1.0,7.0,0,2,3,11,1.0,
202400004883,155 773 230,A01,1.0,7.0,0,2,0,0,1.0,
202400004884,155 773 229,A01,1.0,7.0,0,2,5,9,0.0,
202400004885,155 773 227,A01,1.0,7.0,0,2,2,1,1.0,
202400004886,155 773 226,A01,2.0,7.0,0,1,4,20,1.0,
202400004887,155 773 225,A01,1.0,7.0,13,0,0,0,1.0,
202400004888,155 773 223,A01,2.0,7.0,4,0,1,1,1.0,
202400004889,155 773 222,A01,1.0,7.0,1,2,2,1,1.0,
202400004890,155 773 221,A01,1.0,7.0,0,0,0,0,1.0,
202400004891,155 773 219,A01,2.0,10.0,0,2,8,15,1.0,
202400004892,155 773 218,A01,2.0,7.0,6,0,1,1,1.0,
202400004893,155 773 217,Z01,1.0,10.0,0,1,1,1,1.0,
202400004894,155 773 216,A01,1.0,1.0,0,0,0,21,5.0,
202400004895,155 773 215,A01,1.0,40.0,0,1,7,1,3.0,
202400004896,155 773 213,B01,2.0,1.0,0,2,0,1,5.0,
202400004897,155 773 211,A01,1.0,60.0,1,0,0,0,5.0,
202400004898,155 773 210,B01,3.0,7.0,0,0,4,1,1.0,
202400004899,155 773 208,A01,1.0,7.0,0,2,7,17,1.0,
202400004900,155 773 206,A01,2.0,60.0,0,0,0,0,5.0,
202400004901,155 773 205,B01,2.0,7.0,0,2,1,1,1.0,
202400004902,155 773 202,A01,2.0,7.0,0,1,1,1,1.0,
202400004903,155 773 203,B01,1.0,1.0,0,2,0,1,5.0,
202400004904,155 773 199,A01,2.0,7.0,0,2,1,9,1.0,
202400004905,155 773 200,A01,3.0,7.0,0,0,9,1,1.0,
202400004906,155 773 196,A01,1.0,7.0,0,2,1,5,0.0,
202400004907,155 773 195,A01,1.0,7.0,0,2,1,1,1.0,
202400004908,155 773 194,A01,2.0,7.0,13,0,9,1,2.0,
202400004909,155 773 193,A01,1.0,7.0,0,1,3,1,1.0,
202400004910,155 773 191,A01,3.0,7.0,0,0,7,1,2.0,
202400004911,155 773 190,A01,1.0,10.0,0,1,0,26,1.0,
202400004912,155 773 187,A01,1.0,7.0,0,0,6,15,1.0,
202400004913,155 773 186,A01,3.0,7.0,0,2,3,19,1.0,
202400004914,155 773 184,A01,3.0,7.0,0,1,4,26,1.0,
202400004915,155 773 182,B01,3.0,7.0,0,2,4,2,1.0,
202400004916,155 773 181,A01,1.0,7.0,8,0,1,2,1.0,
202400004917,155 773 179,A01,2.0,7.0,0,1,3,19,1.0,
202400004918,155 773 177,A01,2.0,21.0,0,2,6,1,0.0,
202400004919,155 773 176,A01,0.0,38.0,0,1,8,26,1.0,1
202400004920,155 773 173,C01,3.0,7.0,0,2,4,1,3.0,
202400004921,155 773 172,A01,2.0,7.0,0,0,0,1,1.0,
202400004922,155 773 171,A01,1.0,1.0,0,2,0,1,5.0,
202400004923,155 773 169,A01,1.0,7.0,0,2,3,2,1.0,
202400004924,155 773 167,B01,1.0,2.0,0,2,1,1,1.0,
202400004925,155 773 166,A01,1.0,15.0,0,1,2,16,1.0,
202400004926,155 773 164,B01,0.0,7.0,0,0,3,0,1.0,
202400004927,155 773 163,A01,1.0,7.0,2,0,9,14,1.0,
202400004928,155 773 162,A01,3.0,7.0,0,1,2,16,1.0,
202400004929,155 773 158,A01,3.0,7.0,0,2,2,16,1.0,
202400004930,155 773 159,A01,3.0,7.0,0,2,3,1,1.0,
202400004931,155 773 157,A01,1.0,32.0,0,5,1,0,1.0,
202400004932,155 773 156,A01,1.0,50.0,0,0,7,16,3.0,
202400004933,155 773 153,A01,2.0,7.0,0,2,2,13,1.0,
202400004934,155 773 152,A01,0.0,7.0,0,2,3,18,1.0,
202400004935,155 773 150,A01,3.0,7.0,0,1,2,1,1.0,
202400004936,155 773 149,A01,1.0,7.0,0,2,1,0,2.0,
202400004937,155 773 146,A01,1.0,7.0,0,2,8,9,1.0,
202400004938,155 773 145,A01,1.0,7.0,0,2,0,15,1.0,
202400004939,155 773 143,A01,1.0,7.0,0,2,2,16,1.0,
202400004940,155 773 142,A01,2.0,7.0,7,0,0,0,2.0,
202400004941,155 773 139,A01,3.0,7.0,0,2,1,2,3.0,
202400004942,155 773 138,A01,1.0,7.0,0,2,1,13,1.0,
202400004943,155 773 136,A01,2.0,33.0,11,0,1,17,1.0,
202400004944,155 773 135,B01,1.0,10.0,1,0,0,0,1.0,
202400004945,155 773 133,A01,1.0,7.0,12,0,2,15,1.0,
202400004946,155 773 132,B01,2.0,17.0,0,2,2,24,1.0,
202400004947,155 773 130,B01,0.0,33.0,0,2,1,1,1.0,
202400004948,155 773 129,A01,0.0,7.0,0,1,1,15,1.0,
202400004949,155 773 125,A01,2.0,7.0,0,2,4,1,1.0,
202400004950,155 773 123,A01,2.0,7.0,0,2,3,15,1.0,
202400004951,155 773 122,A01,2.0,7.0,0,1,1,1,1.0,
202400004952,155 773 121,A01,0.0,7.0,0,1,1,0,0.0,
202400004953,155 773 119,B01,1.0,2.0,0,0,8,1,1.0,
202400004954,155 773 116,A01,1.0,7.0,0,1,3,1,1.0,
202400004955,155 773 113,B01,1.0,32.0,0,2,1,1,1.0,
202400004956,155 773 114,A01,1.0,1.0,12,0,4,16,5.0,
202400004957,155 773 112,A01,1.0,7.0,0,1,1,1,1.0,
202400004958,155 773 110,Z01,2.0,33.0,0,1,1,17,0.0,
202400004959,155 773 109,B01,1.0,2.0,0,2,1,1,1.0,
202400004960,155 773 108,A01,2.0,33.0,8,0,2,26,1.0,
202400004961,155 773 105,A01,0.0,7.0,0,1,2,1,1.0,
202400004962,155 773 106,A01,1.0,7.0,0,2,8,17,0.0,
202400004963,155 773 102,A01,1.0,10.0,0,2,2,1,1.0,
202400004964,155 773 103,A01,1.0,7.0,0,1,2,15,1.0,
202400004965,155 773 101,A01,0.0,7.0,0,1,3,0,1.0,
202400004966,155 773 100,A01,1.0,7.0,0,1,2,1,1.0,
202400004967,155 773 098,Z01,2.0,7.0,0,2,1,1,0.0,
202400004968,155 773 097,A01,2.0,7.0,0,1,1,0,1.0,
202400004969,155 773 096,A01,3.0,2.0,0,2,2,16,1.0,
202400004970,155 773 093,A01,2.0,7.0,0,1,1,1,1.0,
202400004971,155 773 092,B01,2.0,7.0,0,2,6,1,1.0,
202400004972,155 773 089,A01,3.0,31.0,0,2,1,17,1.0,
202400004973,155 773 088,A01,1.0,7.0,0,2,8,15,1.0,
202400004974,155 773 086,B01,2.0,33.0,0,2,1,1,1.0,
202400004975,155 773 084,B01,2.0,1.0,0,2,1,1,5.0,
202400004976,155 773 082,A01,2.0,7.0,0,2,3,19,1.0,
202400004977,155 773 080,A01,2.0,13.0,0,0,4,2,1.0,
202400004978,155 773 078,A01,2.0,7.0,0,2,1,1,2.0,
202400004979,155 773 077,A01,3.0,7.0,0,0,0,1,1.0,
202400004980,155 773 075,B01,3.0,7.0,0,9,1,1,1.0,
202400004981,155 773 073,A01,1.0,2.0,0,2,3,1,1.0,
202400004982,155 773 071,B01,3.0,50.0,0,2,8,1,3.0,
202400004983,155 773 066,Z01,2.0,10.0,0,2,1,2,0.0,
202400004984,155 773 065,B01,1.0,7.0,0,2,4,2,1.0,
202400004985,155 773 060,A01,2.0,7.0,0,2,3,1,2.0,
202400004986,155 773 059,D01,1.0,7.0,0,2,6,1,2.0,
202400004987,155 773 058,A01,1.0,7.0,1,0,0,0,1.0,
202400004988,155 773 055,A01,2.0,7.0,12,1,1,13,1.0,
202400004989,155 773 056,A01,1.0,10.0,0,2,1,9,1.0,
202400004990,155 773 052,A01,2.0,7.0,0,1,7,1,1.0,
202400004991,155 773 053,B01,1.0,33.0,0,2,0,9,1.0,
202400004992,155 773 051,A01,1.0,7.0,0,2,2,1,0.0,
202400004993,155 773 050,B01,3.0,1.0,0,1,1,1,5.0,
202400004994,155 773 048,A01,1.0,7.0,2,0,2,1,1.0,
202400004995,155 773 049,A01,2.0,32.0,0,1,1,26,1.0,
202400004996,155 773 047,A01,3.0,1.0,9,0,1,1,5.0,
202400004997,155 773 045,A01,1.0,7.0,0,0,2,1,1.0,
202400004998,155 773 044,A01,3.0,60.0,14,0,1,2,5.0,
202400004999,155 773 041,A01,3.0,10.0,0,1,3,15,3.0,
202400005000,155 773 042,A01,2.0,7.0,0,2,1,13,1.0,
202400005001,155 773 040,A01,3.0,1.0,0,1,1,7,5.0,
202400005002,155 773 039,A01,1.0,2.0,0,1,8,0,1.0,
202400005003,155 773 036,B01,1.0,2.0,0,2,8,2,1.0,
202400005004,155 773 035,B01,3.0,1.0,0,2,0,0,5.0,
202400005005,155 773 031,B01,1.0,7.0,0,2,7,1,1.0,
202400005006,155 773 030,B01,2.0,2.0,0,2,1,1,1.0,
202400005007,155 773 029,A01,0.0,7.0,0,1,7,2,1.0,
202400005008,155 773 027,B01,3.0,7.0,0,2,4,10,1.0,
202400005009,155 773 026,A01,1.0,7.0,0,1,3,2,1.0,
202400005010,155 773 024,A01,1.0,10.0,0,1,4,4,1.0,
202400005011,155 773 023,B01,3.0,50.0,0,2,1,19,3.0,
202400005012,155 773 022,A01,2.0,33.0,3,0,9,1,1.0,
202400005013,155 773 020,B01,3.0,99.0,0,2,3,5,0.0,
202400005014,155 773 018,B01,1.0,1.0,0,2,1,2,5.0,
202400005015,155 773 016,A01,2.0,33.0,0,2,1,1,1.0,
202400005016,155 773 015,A01,1.0,10.0,0,1,2,1,1.0,
202400005017,155 773 012,B01,0.0,10.0,0,2,2,1,1.0,
202400005018,155 773 011,B01,2.0,33.0,0,2,1,13,1.0,
202400005019,155 773 010,A01,3.0,2.0,0,1,7,1,1.0,
202400005020,155 773 008,B01,1.0,2.0,0,2,8,1,1.0,
202400005021,155 773 006,A01,0.0,7.0,0,9,2,1,1.0,
202400005022,155 773 004,A01,2.0,7.0,0,2,1,15,1.0,
202400005023,155 773 003,A01,1.0,7.0,0,1,1,26,1.0,
202400005024,155 773 001,A01,3.0,33.0,0,9,1,0,1.0,
202400005025,155 772 999,B01,1.0,7.0,0,2,0,9,1.0,
202400005026,155 772 998,A01,2.0,7.0,0,1,2,1,1.0,
202400005027,155 772 995,B01,0.0,40.0,0,2,1,1,3.0,
202400005028,155 772 997,A01,3.0,7.0,0,1,1,1,1.0,
202400005029,155 772 994,A01,2.0,7.0,7,0,0,0,2.0,
202400005030,155 772 993,A01,1.0,7.0,4,0,9,26,1.0,
202400005031,155 772 991,B01,1.0,10.0,0,2,1,15,1.0,
202400005032,155 772 989,A01,1.0,39.0,0,1,1,1,,
202400005033,155 772 988,A01,1.0,7.0,0,2,1,9,1.0,
202400005034,155 772 987,A01,0.0,7.0,0,1,1,1,1.0,
202400005035,155 772 986,A01,2.0,30.0,0,0,0,0,1.0,
202400005036,155 772 984,A01,2.0,30.0,9,0,0,14,1.0,
202400005037,155 772 983,A01,1.0,33.0,0,2,2,3,1.0,
202400005038,155 772 982,A01,1.0,7.0,8,0,0,0,0.0,
202400005039,155 772 980,A01,3.0,7.0,0,1,3,16,1.0,
202400005040,155 772 978,A01,2.0,10.0,0,2,1,2,1.0,
202400005041,155 772 977,A01,2.0,7.0,0,2,1,2,1.0,
202400005042,155 772 975,A01,3.0,7.0,0,1,4,4,1.0,
202400005043,155 772 974,A01,2.0,30.0,0,2,1,2,3.0,
202400005044,155 772 971,A01,3.0,7.0,0,1,1,26,1.0,
202400005045,155 772 970,A01,1.0,7.0,0,2,1,1,2.0,
202400005046,155 772 969,B01,1.0,7.0,0,2,5,1,1.0,
202400005047,155 772 967,A01,2.0,39.0,0,1,1,1,3.0,
202400005048,155 772 966,A01,0.0,7.0,0,2,3,15,1.0,
202400005049,155 772 965,A01,1.0,37.0,0,1,1,0,1.0,1
202400005050,155 772 962,A01,1.0,7.0,0,2,7,15,1.0,
202400005051,155 772 960,A01,1.0,7.0,9,1,0,14,1.0,
202400005052,155 772 958,A01,2.0,7.0,0,0,0,0,1.0,
202400005053,155 772 957,A01,1.0,7.0,0,2,8,15,1.0,
202400005054,155 772 954,B01,1.0,7.0,0,2,4,1,1.0,
202400005055,155 772 950,B01,1.0,1.0,0,2,0,0,5.0,
202400005056,155 772 949,B01,2.0,7.0,0,0,1,19,1.0,
202400005057,155 772 947,A01,2.0,7.0,0,2,0,16,1.0,
202400005058,155 772 945,A01,2.0,7.0,0,2,1,2,1.0,
202400005059,155 772 943,A01,1.0,7.0,0,2,0,1,1.0,
202400005060,155 772 942,A01,2.0,7.0,0,1,2,1,1.0,
202400005061,155 772 939,B01,1.0,1.0,1,0,0,1,5.0,
202400005062,155 772 940,A01,2.0,7.0,2,0,1,1,1.0,
202400005063,155 772 938,A01,1.0,7.0,8,0,0,14,1.0,
202400005064,155 772 937,A01,2.0,7.0,0,0,1,1,1.0,
202400005065,155 772 934,A01,1.0,7.0,0,2,3,9,1.0,
202400005066,155 772 929,A01,2.0,7.0,0,2,2,21,1.0,
202400005067,155 772 925,B01,2.0,31.0,0,2,1,1,1.0,
202400005068,155 772 926,A01,3.0,7.0,0,2,3,16,1.0,
202400005069,155 772 923,A01,1.0,7.0,1,0,1,14,1.0,
202400005070,155 772 921,A01,1.0,7.0,0,2,1,13,1.0,
202400005071,155 772 920,A01,2.0,7.0,0,1,3,1,1.0,
202400005072,155 772 919,A01,1.0,31.0,0,1,1,1,1.0,
202400005073,155 772 916,B01,2.0,7.0,0,2,3,1,1.0,
202400005074,155 772 915,B01,2.0,7.0,0,2,1,1,1.0,
202400005075,155 772 914,A01,3.0,7.0,14,0,2,1,1.0,
202400005076,155 772 909,A01,1.0,7.0,0,2,1,1,1.0,
202400005077,155 772 907,A01,1.0,7.0,0,2,4,23,1.0,
202400005078,155 772 905,B01,1.0,33.0,0,2,8,1,1.0,
202400005079,155 772 904,A01,1.0,7.0,0,1,2,1,1.0,
202400005080,155 772 903,A01,2.0,7.0,0,1,2,1,3.0,
202400005081,155 772 901,A01,1.0,7.0,2,2,3,17,1.0,
202400005082,155 772 898,A01,3.0,7.0,0,2,1,2,1.0,
202400005083,155 772 896,A01,2.0,7.0,0,2,2,15,1.0,
202400005084,155 772 892,A01,2.0,7.0,0,2,7,15,1.0,
202400005085,155 772 891,A01,1.0,7.0,0,1,2,15,1.0,
202400005086,155 772 889,A01,0.0,1.0,0,2,1,26,5.0,
202400005087,155 772 887,A01,0.0,80.0,0,2,1,1,3.0,
202400005088,155 772 883,A01,3.0,7.0,0,2,3,24,1.0,
202400005089,155 772 882,A01,3.0,30.0,0,2,1,25,3.0,
202400005090,155 772 881,A01,3.0,80.0,0,1,1,21,3.0,
202400005091,155 772 879,A01,2.0,30.0,0,2,4,0,1.0,
202400005092,155 772 877,A01,3.0,7.0,0,4,3,15,1.0,
202400005093,155 772 875,B01,1.0,31.0,0,2,1,1,1.0,
202400005094,155 772 874,A01,1.0,7.0,0,1,2,19,1.0,
202400005095,155 772 872,A01,2.0,7.0,0,2,3,15,1.0,
202400005096,155 772 870,B01,2.0,7.0,0,2,1,1,1.0,
202400005097,155 772 869,A01,3.0,14.0,0,1,5,26,1.0,
202400005098,155 772 867,B01,3.0,2.0,0,2,1,1,1.0,
202400005099,155 772 865,B01,3.0,33.0,0,2,4,23,1.0,
202400005100,155 772 863,A01,1.0,50.0,0,2,1,9,3.0,
202400005101,155 772 861,A01,1.0,7.0,0,2,1,15,1.0,
202400005102,155 772 859,A01,1.0,7.0,0,2,2,2,1.0,
202400005103,155 772 855,A01,3.0,7.0,0,2,3,1,1.0,
202400005104,155 772 853,B01,3.0,7.0,0,2,2,19,1.0,
202400005105,155 772 851,A01,1.0,7.0,0,2,3,13,1.0,
202400005106,155 772 850,A01,2.0,7.0,9,0,1,1,1.0,
202400005107,155 772 849,A01,3.0,1.0,0,0,-1,21,5.0,
202400005108,155 772 848,A01,2.0,30.0,0,0,0,1,1.0,
202400005109,155 772 844,A01,1.0,10.0,0,2,1,1,1.0,
202400005110,155 772 842,A01,1.0,10.0,0,2,1,26,1.0,
202400005111,155 772 839,A01,3.0,7.0,0,2,3,26,1.0,
202400005112,155 772 841,A01,1.0,2.0,0,0,1,0,1.0,
202400005113,155 772 838,A01,1.0,7.0,4,0,3,26,1.0,
202400005114,155 772 835,B01,1.0,7.0,0,2,2,2,1.0,
202400005115,155 772 831,B01,1.0,7.0,0,2,2,1,1.0,
202400005116,155 772 830,A01,2.0,7.0,0,0,1,13,1.0,
202400005117,155 772 828,A01,1.0,30.0,9,0,1,16,1.0,
202400005118,155 772 827,A01,1.0,7.0,0,2,1,1,1.0,
202400005119,155 772 826,A01,2.0,2.0,15,0,1,14,1.0,
202400005120,155 772 825,A01,1.0,40.0,0,1,1,1,3.0,
202400005121,155 772 822,B01,2.0,50.0,0,2,1,1,3.0,
202400005122,155 772 821,B01,2.0,43.0,0,2,1,1,1.0,
202400005123,155 772 818,B01,1.0,10.0,0,2,3,1,1.0,
202400005124,155 772 817,A01,2.0,7.0,0,2,1,1,1.0,
202400005125,155 772 815,A01,1.0,7.0,0,2,1,2,1.0,
202400005126,155 772 813,B01,2.0,60.0,0,2,3,0,5.0,
202400005127,155 772 811,A01,2.0,32.0,0,2,1,0,1.0,
202400005128,155 772 807,B01,1.0,7.0,0,2,1,0,1.0,
202400005129,155 772 809,A01,2.0,7.0,0,2,5,23,1.0,
202400005130,155 772 804,A01,0.0,50.0,0,2,3,19,3.0,
202400005131,155 772 803,A01,1.0,7.0,0,2,1,13,1.0,
202400005132,155 772 801,A01,0.0,10.0,0,9,1,9,1.0,
202400005133,155 772 800,A01,1.0,10.0,8,0,9,26,1.0,
202400005134,155 772 798,A01,0.0,32.0,0,2,1,13,,
202400005135,155 772 797,A01,1.0,0.0,0,1,2,17,0.0,
202400005136,155 772 793,A01,1.0,7.0,0,2,3,15,1.0,
202400005137,155 772 792,B01,2.0,3.0,0,2,8,9,0.0,
202400005138,155 772 791,A01,3.0,7.0,1,0,2,1,1.0,
202400005139,155 772 788,A01,1.0,10.0,8,0,9,0,0.0,
202400005140,155 772 787,A01,3.0,30.0,0,2,1,26,1.0,
202400005141,155 772 782,A01,3.0,7.0,0,2,3,17,1.0,
202400005142,155 772 781,A01,2.0,7.0,0,2,1,2,1.0,
202400005143,155 772 780,A01,0.0,13.0,0,1,1,16,1.0,
202400005144,155 772 778,B01,1.0,1.0,0,2,4,2,5.0,
202400005145,155 772 776,A01,1.0,7.0,0,2,7,2,1.0,
202400005146,155 772 774,A01,1.0,33.0,0,2,1,2,1.0,
202400005147,155 772 773,A01,0.0,7.0,0,2,1,19,1.0,
202400005148,155 772 770,A01,2.0,31.0,0,2,4,3,1.0,
202400005149,155 772 767,A01,2.0,10.0,0,2,1,2,1.0,
202400005150,155 772 766,A01,1.0,15.0,0,2,1,1,1.0,
202400005151,155 772 764,A01,2.0,15.0,0,2,7,12,1.0,
202400005152,155 772 760,A01,3.0,7.0,0,2,5,5,3.0,
202400005153,155 772 761,A01,2.0,7.0,1,0,2,1,1.0,
202400005154,155 772 758,A01,0.0,10.0,0,2,1,1,1.0,
202400005155,155 772 757,A01,3.0,10.0,0,1,2,26,3.0,
202400005156,155 772 756,A01,1.0,10.0,0,1,1,16,1.0,
202400005157,155 772 754,A01,0.0,10.0,0,1,1,15,1.0,
202400005158,155 772 752,A01,1.0,15.0,0,2,1,15,1.0,
202400005159,155 772 749,A01,2.0,7.0,0,2,2,1,2.0,
202400005160,155 772 751,A01,1.0,7.0,0,1,1,1,1.0,
202400005161,155 772 747,A01,2.0,7.0,0,1,1,9,3.0,
202400005162,155 772 744,A01,1.0,13.0,0,2,1,2,6.0,