Num_Acc,id_vehicule,num_veh,senc,catv,obs,obsm,choc,manv,motor,occutc
202400005163,155 772 743,A01,2.0,7.0,0,1,1,2,1.0,
202400005164,155 772 742,A01,2.0,33.0,0,1,2,3,1.0,
202400005165,155 772 740,Z01,2.0,1.0,0,1,1,1,5.0,
202400005166,155 772 741,A01,2.0,21.0,0,1,1,2,1.0,
202400005167,155 772 738,A01,2.0,7.0,0,2,3,1,2.0,
202400005168,155 772 739,A01,2.0,1.0,12,0,1,25,5.0,
202400005169,155 772 737,A01,2.0,30.0,0,1,1,1,3.0,
202400005170,155 772 734,B01,2.0,7.0,0,2,1,1,1.0,
202400005171,155 772 736,A01,2.0,80.0,12,0,2,14,3.0,
202400005172,155 772 732,B01,1.0,50.0,0,2,1,2,3.0,
202400005173,155 772 731,A01,0.0,7.0,0,1,1,1,1.0,
202400005174,155 772 729,A01,1.0,43.0,0,2,1,1,1.0,
202400005175,155 772 728,A01,0.0,7.0,0,1,4,4,1.0,
202400005176,155 772 727,A01,3.0,7.0,0,1,1,2,1.0,
202400005177,155 772 725,A01,3.0,7.0,0,2,1,13,1.0,
202400005178,155 772 723,A01,3.0,7.0,0,2,1,15,1.0,
202400005179,155 772 721,B01,1.0,7.0,0,2,3,0,3.0,
202400005180,155 772 719,A01,0.0,7.0,0,1,3,1,1.0,
202400005181,155 772 718,A01,2.0,7.0,0,2,8,1,1.0,
202400005182,155 772 717,A01,1.0,32.0,14,1,1,17,1.0,
202400005183,155 772 716,A01,1.0,7.0,9,0,1,13,1.0,
202400005184,155 772 715,A01,3.0,7.0,13,0,1,14,1.0,
202400005185,155 772 713,B01,3.0,10.0,0,2,2,9,1.0,
202400005186,155 772 711,B01,1.0,50.0,0,2,1,5,3.0,
202400005187,155 772 708,Z01,1.0,7.0,0,1,1,1,0.0,
202400005188,155 772 707,C01,0.0,7.0,0,2,1,1,1.0,
202400005189,155 772 705,A01,1.0,31.0,0,2,3,18,1.0,
202400005190,155 772 703,B01,1.0,7.0,0,2,1,1,1.0,
202400005191,155 772 701,A01,1.0,33.0,0,2,1,1,1.0,
202400005192,155 772 699,A01,2.0,7.0,0,2,3,5,1.0,
202400005193,155 772 695,B01,3.0,80.0,0,2,1,16,3.0,
202400005194,155 772 693,D01,2.0,7.0,0,0,0,2,1.0,
202400005195,155 772 691,B01,3.0,7.0,0,2,2,1,1.0,
202400005196,155 772 689,A01,2.0,7.0,0,2,1,13,1.0,
202400005197,155 772 683,B01,1.0,10.0,0,2,1,1,1.0,
202400005198,155 772 684,B01,2.0,7.0,0,2,1,1,1.0,
202400005199,155 772 682,A01,3.0,7.0,0,1,8,1,1.0,
202400005200,155 772 680,A01,2.0,31.0,0,2,2,15,1.0,
202400005201,155 772 679,A01,1.0,3.0,0,1,1,12,3.0,
202400005202,155 772 678,A01,1.0,7.0,2,0,1,13,1.0,
202400005203,155 772 675,A01,1.0,38.0,13,0,1,13,1.0,1
202400005204,155 772 676,B01,1.0,7.0,0,2,7,1,1.0,
202400005205,155 772 672,A01,0.0,7.0,0,2,1,13,1.0,
202400005206,155 772 670,C01,2.0,7.0,0,2,4,1,1.0,
202400005207,155 772 666,A01,2.0,7.0,0,2,1,0,1.0,
202400005208,155 772 664,A01,1.0,7.0,0,9,8,10,1.0,
202400005209,155 772 662,A01,2.0,7.0,0,2,1,2,1.0,
202400005210,155 772 660,A01,3.0,7.0,15,0,9,1,1.0,
202400005211,155 772 659,A01,1.0,7.0,0,2,1,13,1.0,
202400005212,155 772 657,A01,1.0,7.0,0,1,4,26,0.0,
202400005213,155 772 656,B01,2.0,7.0,0,2,7,1,1.0,
202400005214,155 772 652,A01,2.0,7.0,7,2,2,15,3.0,
202400005215,155 772 650,A01,1.0,7.0,0,2,1,1,1.0,
202400005216,155 772 648,A01,2.0,7.0,0,2,2,2,1.0,
202400005217,155 772 644,A01,1.0,7.0,0,2,3,13,1.0,
202400005218,155 772 643,C01,1.0,7.0,0,2,4,2,1.0,
202400005219,155 772 641,A01,0.0,1.0,0,0,4,26,5.0,
202400005220,155 772 637,B01,3.0,30.0,0,0,4,2,1.0,
202400005221,155 772 635,A01,0.0,7.0,0,1,3,19,1.0,
202400005222,155 772 634,A01,1.0,7.0,0,0,8,0,1.0,
202400005223,155 772 630,A01,0.0,7.0,0,2,3,16,2.0,
202400005224,155 772 631,B01,2.0,21.0,0,2,8,15,1.0,
202400005225,155 772 627,A01,3.0,7.0,0,9,2,1,1.0,
202400005226,155 772 626,A01,2.0,1.0,0,2,4,2,5.0,
202400005227,155 772 624,A01,1.0,50.0,0,0,0,1,3.0,
202400005228,155 772 623,B01,1.0,2.0,0,2,0,1,1.0,
202400005229,155 772 620,B01,2.0,7.0,0,2,1,9,1.0,
202400005230,155 772 619,B01,1.0,33.0,0,2,7,21,1.0,
202400005231,155 772 618,A01,2.0,10.0,0,1,3,1,1.0,
202400005232,155 772 616,A01,2.0,1.0,1,2,7,1,5.0,
202400005233,155 772 614,B01,1.0,30.0,0,2,1,14,1.0,
202400005234,155 772 613,A01,3.0,33.0,16,0,1,1,1.0,
202400005235,155 772 612,A01,1.0,33.0,13,0,1,1,1.0,
202400005236,155 772 611,A01,1.0,7.0,0,1,3,15,2.0,
202400005237,155 772 610,A01,1.0,7.0,0,1,1,1,1.0,
202400005238,155 772 608,A01,3.0,80.0,0,2,8,1,3.0,
202400005239,155 772 607,A01,2.0,33.0,0,0,7,1,1.0,
202400005240,155 772 606,A01,3.0,1.0,0,0,0,1,5.0,
202400005241,155 772 605,A01,3.0,2.0,0,0,0,0,1.0,
202400005242,155 772 603,A01,2.0,7.0,0,2,3,10,1.0,
202400005243,155 772 602,A01,1.0,1.0,0,0,9,1,5.0,
202400005244,155 772 600,A01,1.0,7.0,0,1,3,14,1.0,
202400005245,155 772 599,B01,1.0,50.0,0,2,7,1,3.0,
202400005246,155 772 596,A01,1.0,7.0,0,2,1,26,1.0,
202400005247,155 772 594,A01,2.0,10.0,0,0,4,2,1.0,
202400005248,155 772 592,A01,1.0,7.0,0,1,1,15,1.0,
202400005249,155 772 591,A01,2.0,7.0,0,2,7,1,1.0,
202400005250,155 772 588,A01,1.0,15.0,0,2,7,14,1.0,
202400005251,155 772 587,B01,1.0,10.0,0,2,1,9,1.0,
202400005252,155 772 586,A01,2.0,33.0,9,0,1,1,1.0,
202400005253,155 772 585,A01,1.0,2.0,11,0,1,6,1.0,
202400005254,155 772 582,A01,2.0,7.0,2,0,1,1,1.0,
202400005255,155 772 583,A01,3.0,7.0,0,0,8,19,1.0,
202400005256,155 772 580,A01,3.0,15.0,1,2,1,14,1.0,
202400005257,155 772 579,A01,2.0,7.0,0,1,3,1,1.0,
202400005258,155 772 576,A01,1.0,7.0,0,2,8,9,1.0,
202400005259,155 772 575,A01,2.0,7.0,0,2,1,1,1.0,
202400005260,155 772 572,A01,1.0,10.0,0,2,2,15,1.0,
202400005261,155 772 571,A01,2.0,31.0,0,2,2,1,1.0,
202400005262,155 772 569,A01,2.0,7.0,13,0,1,0,1.0,
202400005263,155 772 568,B01,1.0,7.0,0,0,1,1,1.0,
202400005264,155 772 565,A01,3.0,7.0,0,1,3,20,1.0,
202400005265,155 772 566,B01,1.0,7.0,0,2,3,9,2.0,
202400005266,155 772 562,A01,2.0,7.0,0,2,8,1,1.0,
202400005267,155 772 561,A01,2.0,7.0,0,2,3,19,1.0,
202400005268,155 772 560,A01,2.0,7.0,3,0,2,0,1.0,
202400005269,155 772 558,A01,1.0,21.0,0,2,3,15,1.0,
202400005270,155 772 556,A01,1.0,7.0,2,0,1,6,1.0,
202400005271,155 772 555,A01,3.0,7.0,0,2,2,0,1.0,
202400005272,155 772 551,B01,2.0,7.0,0,2,4,1,1.0,
202400005273,155 772 550,A01,2.0,10.0,0,2,1,2,1.0,
202400005274,155 772 547,A01,2.0,7.0,0,2,3,5,1.0,
202400005275,155 772 540,C01,1.0,7.0,0,2,5,0,1.0,
202400005276,155 772 537,A01,2.0,7.0,0,2,1,19,1.0,
202400005277,155 772 536,A01,1.0,10.0,0,9,7,2,1.0,
202400005278,155 772 534,A01,1.0,33.0,0,0,0,2,1.0,
202400005279,155 772 535,A01,1.0,2.0,12,0,0,16,1.0,
202400005280,155 772 531,A01,3.0,7.0,0,2,1,13,1.0,
202400005281,155 772 530,B01,2.0,7.0,0,2,3,1,1.0,
202400005282,155 772 527,A01,3.0,7.0,0,2,3,15,1.0,
202400005283,155 772 526,B01,1.0,7.0,0,0,1,1,1.0,
202400005284,155 772 523,A01,1.0,7.0,0,2,6,19,1.0,
202400005285,155 772 522,A01,1.0,7.0,0,2,6,1,1.0,
202400005286,155 772 520,A01,2.0,7.0,0,2,2,15,1.0,
202400005287,155 772 519,A01,2.0,7.0,13,0,1,1,1.0,
202400005288,155 772 516,A01,2.0,7.0,0,2,2,2,1.0,
202400005289,155 772 515,B01,2.0,1.0,0,2,4,2,5.0,
202400005290,155 772 512,A01,3.0,31.0,0,2,1,1,1.0,
202400005291,155 772 511,A01,2.0,7.0,0,9,2,19,1.0,
202400005292,155 772 509,A01,2.0,7.0,13,0,0,2,1.0,
202400005293,155 772 508,A01,1.0,7.0,0,2,2,2,1.0,
202400005294,155 772 505,B01,1.0,7.0,0,2,5,15,1.0,
202400005295,155 772 503,A01,1.0,2.0,0,2,1,3,1.0,
202400005296,155 772 502,A01,1.0,33.0,15,0,8,1,1.0,
202400005297,155 772 500,A01,0.0,7.0,5,2,3,13,1.0,
202400005298,155 772 499,A01,2.0,7.0,3,0,3,1,1.0,
202400005299,155 772 497,A01,1.0,7.0,0,1,3,1,1.0,
202400005300,155 772 495,C01,1.0,33.0,14,2,7,17,1.0,
202400005301,155 772 493,A01,2.0,7.0,0,2,3,1,1.0,
202400005302,155 772 491,A01,1.0,7.0,0,2,3,1,1.0,
202400005303,155 772 489,B01,0.0,1.0,0,2,1,13,5.0,
202400005304,155 772 488,A01,2.0,7.0,2,0,1,1,1.0,
202400005305,155 772 485,A01,2.0,33.0,0,2,1,1,1.0,
202400005306,155 772 483,A01,2.0,2.0,0,0,1,14,1.0,
202400005307,155 772 482,A01,1.0,7.0,0,2,1,2,1.0,
202400005308,155 772 480,A01,1.0,33.0,11,0,1,17,1.0,
202400005309,155 772 479,B01,1.0,33.0,0,2,3,1,1.0,
202400005310,155 772 478,A01,2.0,7.0,14,0,9,17,1.0,
202400005311,155 772 476,A01,1.0,7.0,0,2,2,9,3.0,
202400005312,155 772 474,A01,1.0,2.0,6,0,1,14,1.0,
202400005313,155 772 470,A01,1.0,1.0,0,2,4,0,5.0,
202400005314,155 772 469,C01,1.0,7.0,0,2,1,1,1.0,
202400005315,155 772 467,A01,1.0,15.0,0,2,1,1,1.0,
202400005316,155 772 465,B01,0.0,1.0,0,2,0,19,5.0,
202400005317,155 772 463,B01,0.0,13.0,0,2,1,2,1.0,
202400005318,155 772 461,A01,2.0,33.0,0,2,1,1,1.0,
202400005319,155 772 460,B01,1.0,7.0,0,0,7,1,2.0,
202400005320,155 772 456,A01,1.0,7.0,0,2,1,9,1.0,
202400005321,155 772 455,B01,1.0,34.0,0,2,1,1,1.0,
202400005322,155 772 454,A01,2.0,2.0,12,1,1,9,1.0,
202400005323,155 772 453,A01,2.0,10.0,0,1,2,1,3.0,
202400005324,155 772 451,A01,3.0,7.0,13,0,1,14,3.0,
202400005325,155 772 449,A01,2.0,33.0,13,0,1,1,1.0,
202400005326,155 772 450,A01,3.0,7.0,0,2,2,15,2.0,
202400005327,155 772 448,A01,2.0,7.0,6,9,3,2,1.0,
202400005328,155 772 447,A01,1.0,7.0,13,0,2,1,1.0,
202400005329,155 772 444,A01,3.0,7.0,0,0,8,1,2.0,
202400005330,155 772 443,A01,1.0,3.0,3,0,1,14,1.0,
202400005331,155 772 440,B01,3.0,7.0,0,0,3,15,3.0,
202400005332,155 772 439,A01,1.0,7.0,0,2,1,13,1.0,
202400005333,155 772 436,A01,2.0,7.0,0,2,2,15,1.0,
202400005334,155 772 435,B01,2.0,7.0,0,0,3,1,0.0,
202400005335,155 772 432,B01,2.0,33.0,0,2,1,1,1.0,
202400005336,155 772 426,A01,2.0,15.0,0,2,8,11,1.0,
202400005337,155 772 425,A01,1.0,7.0,0,2,1,2,1.0,
202400005338,155 772 424,A01,1.0,7.0,4,0,1,0,1.0,
202400005339,155 772 420,A01,1.0,7.0,4,2,8,21,1.0,
202400005340,155 772 419,A01,2.0,43.0,0,2,1,17,1.0,
202400005341,155 772 417,A01,1.0,7.0,0,2,7,12,1.0,
202400005342,155 772 414,A01,1.0,7.0,0,2,1,5,1.0,
202400005343,155 772 413,B01,2.0,17.0,0,2,2,1,1.0,
202400005344,155 772 410,B01,2.0,33.0,0,2,8,2,1.0,
202400005345,155 772 409,B01,1.0,7.0,0,2,2,2,1.0,
202400005346,155 772 406,B01,1.0,7.0,0,2,4,2,1.0,
202400005347,155 772 404,B01,2.0,10.0,0,2,4,2,1.0,
202400005348,155 772 401,A01,1.0,33.0,0,0,0,13,1.0,
202400005349,155 772 399,A01,1.0,7.0,0,2,2,3,1.0,
202400005350,155 772 398,A01,3.0,7.0,3,0,8,21,1.0,
202400005351,155 772 394,A01,1.0,7.0,0,2,1,2,1.0,
202400005352,155 772 393,B01,2.0,7.0,0,2,9,1,1.0,
202400005353,155 772 391,A01,3.0,30.0,0,2,1,2,1.0,
202400005354,155 772 390,A01,1.0,7.0,4,0,1,0,1.0,
202400005355,155 772 389,Z01,2.0,0.0,0,1,1,0,0.0,
202400005356,155 772 385,B01,1.0,1.0,0,2,1,1,5.0,
202400005357,155 772 386,A01,2.0,10.0,0,2,1,2,1.0,
202400005358,155 772 384,A01,1.0,7.0,0,1,3,1,2.0,
202400005359,155 772 382,A01,1.0,33.0,0,2,1,3,1.0,
202400005360,155 772 381,A01,2.0,80.0,9,0,2,1,3.0,
202400005361,155 772 378,A01,2.0,7.0,0,2,7,15,1.0,
202400005362,155 772 377,A01,1.0,7.0,0,2,1,9,2.0,
202400005363,155 772 374,A01,1.0,2.0,0,2,0,1,1.0,
202400005364,155 772 372,C01,2.0,7.0,0,2,4,2,1.0,
202400005365,155 772 370,B01,2.0,3.0,0,2,1,1,3.0,
202400005366,155 772 367,B01,2.0,7.0,0,2,8,1,1.0,
202400005367,155 772 366,A01,2.0,2.0,0,2,8,15,1.0,
202400005368,155 772 364,B01,1.0,7.0,0,2,3,1,2.0,
202400005369,155 772 362,A01,1.0,7.0,0,2,2,1,1.0,
202400005370,155 772 360,A01,3.0,37.0,14,0,3,1,1.0,1
202400005371,155 772 358,B01,1.0,7.0,0,0,0,15,1.0,
202400005372,155 772 356,A01,2.0,7.0,0,2,1,2,1.0,
202400005373,155 772 355,A01,2.0,7.0,0,1,2,1,1.0,
202400005374,155 772 353,B01,3.0,1.0,0,2,4,0,5.0,
202400005375,155 772 351,A01,0.0,30.0,0,2,1,1,1.0,
202400005376,155 772 349,A01,2.0,7.0,0,2,8,10,1.0,
202400005377,155 772 348,A01,1.0,7.0,13,0,1,14,1.0,
202400005378,155 772 344,A01,2.0,7.0,0,2,1,15,1.0,
202400005379,155 772 342,A01,0.0,7.0,13,0,1,1,1.0,
202400005380,155 772 341,A01,1.0,7.0,3,0,0,1,3.0,
202400005381,155 772 339,A01,3.0,7.0,0,2,5,17,1.0,
202400005382,155 772 337,A01,1.0,7.0,0,2,7,13,1.0,
202400005383,155 772 334,A01,1.0,7.0,0,2,1,1,1.0,
202400005384,155 772 332,A01,2.0,7.0,0,2,2,1,0.0,
202400005385,155 772 331,A01,1.0,7.0,0,0,9,14,1.0,
202400005386,155 772 329,A01,1.0,7.0,0,2,1,1,1.0,
202400005387,155 772 328,A01,2.0,7.0,6,0,1,0,1.0,
202400005388,155 772 326,A01,1.0,7.0,0,2,1,0,1.0,
202400005389,155 772 324,A01,1.0,7.0,0,2,1,9,1.0,
202400005390,155 772 322,B01,1.0,7.0,0,2,3,1,1.0,
202400005391,155 772 321,A01,1.0,33.0,0,0,8,9,1.0,
202400005392,155 772 319,A01,2.0,3.0,0,2,2,2,1.0,
202400005393,155 772 318,A01,1.0,7.0,8,0,1,17,1.0,
202400005394,155 772 316,A01,2.0,7.0,0,2,1,11,1.0,
202400005395,155 772 314,B01,3.0,7.0,0,2,5,15,1.0,
202400005396,155 772 313,A01,0.0,7.0,6,0,3,1,1.0,
202400005397,155 772 312,A01,3.0,7.0,14,0,1,1,1.0,
202400005398,155 772 310,B01,1.0,7.0,0,2,8,2,1.0,
202400005399,155 772 308,A01,2.0,7.0,0,2,1,15,3.0,
202400005400,155 772 307,A01,1.0,7.0,15,0,1,6,1.0,
202400005401,155 772 306,A01,0.0,7.0,0,1,1,1,1.0,
202400005402,155 772 304,A01,3.0,7.0,0,2,1,2,0.0,
202400005403,155 772 303,A01,0.0,7.0,0,1,3,1,1.0,
202400005404,155 772 302,A01,1.0,7.0,0,1,2,18,1.0,
202400005405,155 772 300,A01,3.0,7.0,0,2,1,13,1.0,
202400005406,155 772 297,A01,2.0,7.0,0,2,1,9,1.0,
202400005407,155 772 296,A01,0.0,34.0,0,0,7,1,1.0,
202400005408,155 772 295,A01,1.0,7.0,0,1,2,1,1.0,
202400005409,155 772 293,A01,2.0,7.0,0,2,1,14,1.0,
202400005410,155 772 290,B01,2.0,50.0,0,2,7,0,3.0,
202400005411,155 772 288,A01,1.0,7.0,0,2,3,10,1.0,
202400005412,155 772 287,A01,0.0,10.0,2,0,1,13,1.0,
202400005413,155 772 285,Z01,3.0,7.0,0,2,0,0,0.0,
202400005414,155 772 284,A01,1.0,33.0,0,1,1,0,1.0,
202400005415,155 772 282,A01,1.0,40.0,0,2,7,1,3.0,
202400005416,155 772 281,Z01,0.0,30.0,0,1,1,1,1.0,
202400005417,155 772 280,Z01,0.0,0.0,0,1,1,1,0.0,
202400005418,155 772 278,B01,3.0,7.0,0,2,8,1,1.0,
202400005419,155 772 277,A01,1.0,3.0,2,0,1,1,1.0,
202400005420,155 772 275,B01,1.0,1.0,0,2,5,18,5.0,
202400005421,155 772 273,B01,2.0,50.0,0,2,1,15,3.0,
202400005422,155 772 272,A01,2.0,7.0,0,1,3,15,1.0,
202400005423,155 772 269,C01,1.0,7.0,0,2,4,23,1.0,
202400005424,155 772 267,A01,2.0,7.0,0,2,2,2,1.0,
202400005425,155 772 265,A01,1.0,7.0,0,2,1,2,1.0,
202400005426,155 772 263,Z01,3.0,7.0,0,0,2,15,0.0,
202400005427,155 772 262,Z01,1.0,7.0,0,1,1,10,2.0,
202400005428,155 772 260,A01,2.0,43.0,0,2,2,15,1.0,
202400005429,155 772 258,A01,2.0,10.0,0,0,2,12,1.0,
202400005430,155 772 256,B01,3.0,1.0,0,2,7,1,5.0,
202400005431,155 772 255,A01,2.0,31.0,0,2,1,17,1.0,
202400005432,155 772 254,Z01,2.0,7.0,0,1,1,9,2.0,
202400005433,155 772 253,A01,3.0,7.0,0,1,1,1,3.0,
202400005434,155 772 252,A01,1.0,7.0,17,0,3,5,0.0,
202400005435,155 772 250,B01,3.0,14.0,0,2,2,9,1.0,
202400005436,155 772 247,A01,2.0,7.0,0,2,7,9,1.0,
202400005437,155 772 245,B01,1.0,33.0,0,2,1,1,1.0,
202400005438,155 772 243,B01,1.0,15.0,0,2,1,1,1.0,
202400005439,155 772 241,A01,1.0,7.0,0,2,5,15,1.0,
202400005440,155 772 239,A01,1.0,2.0,14,0,1,1,1.0,
202400005441,155 772 237,A01,0.0,3.0,0,9,7,2,0.0,
202400005442,155 772 236,A01,2.0,33.0,0,0,1,14,1.0,
202400005443,155 772 234,A01,2.0,7.0,1,0,1,16,1.0,
202400005444,155 772 232,A01,1.0,15.0,0,2,3,13,1.0,
202400005445,155 772 229,A01,1.0,7.0,0,2,1,13,1.0,
202400005446,155 772 227,B01,1.0,7.0,0,2,1,1,1.0,
202400005447,155 772 225,A01,1.0,7.0,0,2,2,0,1.0,
202400005448,155 772 220,B01,2.0,7.0,3,0,4,23,1.0,
202400005449,155 772 217,A01,1.0,7.0,0,2,1,1,1.0,
202400005450,155 772 215,A01,2.0,7.0,0,2,3,1,1.0,
202400005451,155 772 214,A01,1.0,33.0,16,0,0,1,1.0,
202400005452,155 772 213,A01,0.0,10.0,15,0,3,26,1.0,
202400005453,155 772 212,A01,1.0,33.0,2,0,1,14,1.0,
202400005454,155 772 210,A01,2.0,2.0,0,2,1,9,0.0,
202400005455,155 772 207,A01,1.0,7.0,0,2,4,23,1.0,
202400005456,155 772 206,A01,1.0,7.0,13,0,3,1,1.0,
202400005457,155 772 205,A01,2.0,7.0,6,0,1,14,1.0,
202400005458,155 772 203,A01,1.0,7.0,0,2,3,5,1.0,
202400005459,155 772 202,A01,1.0,1.0,14,0,2,1,5.0,
202400005460,155 772 200,A01,1.0,7.0,0,2,1,13,1.0,
202400005461,155 772 198,A01,2.0,7.0,0,2,3,1,1.0,
202400005462,155 772 196,B01,1.0,1.0,0,2,7,1,5.0,
202400005463,155 772 194,A01,2.0,7.0,0,2,3,15,1.0,
202400005464,155 772 193,A01,2.0,1.0,0,0,0,1,5.0,
202400005465,155 772 191,B01,2.0,14.0,0,2,3,1,1.0,
202400005466,155 772 189,A01,1.0,10.0,0,2,2,21,1.0,
202400005467,155 772 185,A01,3.0,7.0,0,2,8,2,3.0,
202400005468,155 772 183,B01,1.0,0.0,0,0,0,2,0.0,
202400005469,155 772 182,A01,2.0,31.0,13,0,2,1,1.0,
202400005470,155 772 181,A01,2.0,7.0,8,0,0,0,1.0,
202400005471,155 772 178,A01,1.0,7.0,0,2,3,26,1.0,
202400005472,155 772 177,A01,2.0,7.0,3,0,8,13,1.0,
202400005473,155 772 175,A01,2.0,7.0,0,2,3,11,1.0,
202400005474,155 772 173,A01,3.0,7.0,0,2,3,13,1.0,
202400005475,155 772 169,A01,1.0,7.0,0,2,1,13,1.0,
202400005476,155 772 162,D01,2.0,1.0,16,2,4,1,5.0,
202400005477,155 772 161,A01,3.0,7.0,0,1,1,1,1.0,
202400005478,155 772 159,A01,1.0,7.0,0,2,1,0,1.0,
202400005479,155 772 158,A01,1.0,14.0,13,0,1,13,1.0,
202400005480,155 772 156,A01,0.0,7.0,0,2,1,5,1.0,
202400005481,155 772 154,A01,1.0,7.0,0,2,3,13,1.0,
202400005482,155 772 152,A01,1.0,1.0,0,2,1,1,5.0,
202400005483,155 772 150,B01,1.0,33.0,0,0,8,1,1.0,
202400005484,155 772 148,A01,0.0,7.0,0,9,3,9,1.0,
202400005485,155 772 146,A01,3.0,7.0,0,2,1,1,1.0,
202400005486,155 772 144,A01,2.0,7.0,0,2,3,1,2.0,
202400005487,155 772 143,A01,1.0,7.0,0,1,1,1,1.0,
202400005488,155 772 141,A01,2.0,10.0,0,2,8,9,1.0,
202400005489,155 772 140,A01,2.0,33.0,0,0,8,1,1.0,
202400005490,155 772 139,A01,2.0,7.0,2,0,2,1,1.0,
202400005491,155 772 138,A01,2.0,2.0,6,0,0,0,1.0,
202400005492,155 772 136,A01,2.0,3.0,0,2,8,15,1.0,
202400005493,155 772 135,A01,3.0,7.0,0,0,3,1,1.0,
202400005494,155 772 134,A01,3.0,14.0,0,1,4,4,1.0,
202400005495,155 772 132,A01,1.0,7.0,0,2,3,13,1.0,
202400005496,155 772 130,B01,2.0,7.0,0,2,3,13,1.0,
202400005497,155 772 128,A01,2.0,33.0,0,2,8,16,1.0,
202400005498,155 772 127,A01,1.0,33.0,16,0,1,26,1.0,
202400005499,155 772 126,A01,1.0,17.0,0,1,1,1,1.0,
202400005500,155 772 124,B01,1.0,15.0,0,2,4,11,1.0,
202400005501,155 772 121,A01,2.0,10.0,0,2,3,2,1.0,
202400005502,155 772 119,A01,1.0,7.0,0,2,1,1,2.0,
202400005503,155 772 118,A01,1.0,7.0,3,0,1,1,0.0,
202400005504,155 772 114,A01,2.0,7.0,0,2,1,11,1.0,
202400005505,155 772 112,A01,1.0,7.0,0,2,1,1,1.0,
202400005506,155 772 110,A01,2.0,7.0,0,2,1,1,1.0,
202400005507,155 772 109,A01,1.0,7.0,3,0,1,1,1.0,
202400005508,155 772 108,A01,2.0,32.0,0,0,0,3,1.0,
202400005509,155 772 105,B01,2.0,32.0,0,2,7,14,1.0,
202400005510,155 772 104,A01,1.0,33.0,12,0,1,13,1.0,
202400005511,155 772 100,A01,2.0,10.0,0,2,1,2,1.0,
202400005512,155 772 098,A01,1.0,7.0,0,2,5,12,1.0,
202400005513,155 772 096,A01,1.0,33.0,0,2,1,1,1.0,
202400005514,155 772 094,A01,1.0,10.0,0,2,1,2,1.0,
202400005515,155 772 091,B01,1.0,7.0,0,2,3,11,2.0,
202400005516,155 772 089,B01,1.0,7.0,0,2,6,16,1.0,
202400005517,155 772 087,B01,1.0,30.0,0,2,4,23,1.0,
202400005518,155 772 085,B01,2.0,60.0,0,2,0,1,5.0,
202400005519,155 772 083,A01,1.0,7.0,0,2,0,1,1.0,
202400005520,155 772 080,A01,3.0,7.0,0,2,1,3,1.0,
202400005521,155 772 079,A01,1.0,7.0,0,1,1,1,1.0,
202400005522,155 772 077,A01,1.0,10.0,0,2,1,2,1.0,
202400005523,155 772 076,A01,3.0,7.0,0,1,2,15,3.0,
202400005524,155 772 075,A01,2.0,33.0,0,1,1,3,1.0,
202400005525,155 772 074,A01,1.0,7.0,0,1,1,15,2.0,
202400005526,155 772 072,A01,1.0,33.0,0,2,3,8,1.0,
202400005527,155 772 066,D01,2.0,7.0,0,2,2,1,3.0,
202400005528,155 772 065,B01,2.0,10.0,0,2,4,1,0.0,
202400005529,155 772 063,A01,0.0,15.0,0,1,1,19,1.0,
202400005530,155 772 062,B01,2.0,7.0,0,2,4,2,1.0,
202400005531,155 772 061,A01,1.0,32.0,0,0,8,1,1.0,
202400005532,155 772 059,A01,1.0,7.0,1,0,8,24,0.0,
202400005533,155 772 058,A01,1.0,7.0,0,0,0,0,1.0,
202400005534,155 772 056,B01,1.0,7.0,0,2,3,15,1.0,
202400005535,155 772 054,A01,2.0,7.0,0,2,4,2,1.0,
202400005536,155 772 050,A01,2.0,7.0,0,2,7,1,1.0,
202400005537,155 772 051,A01,1.0,7.0,0,2,1,18,1.0,
202400005538,155 772 047,A01,1.0,7.0,0,2,1,15,1.0,
202400005539,155 772 046,A01,2.0,31.0,0,2,8,2,1.0,
202400005540,155 772 044,A01,1.0,30.0,0,2,1,2,1.0,
202400005541,155 772 042,A01,3.0,7.0,0,2,1,2,1.0,
202400005542,155 772 039,A01,2.0,1.0,0,2,2,1,5.0,
202400005543,155 772 040,A01,1.0,7.0,4,0,4,2,1.0,
202400005544,155 772 038,A01,2.0,7.0,0,1,1,26,1.0,
202400005545,155 772 037,A01,2.0,33.0,0,0,0,26,1.0,
202400005546,155 772 034,B01,2.0,7.0,0,2,8,1,1.0,
202400005547,155 772 036,A01,1.0,7.0,4,0,8,11,1.0,
202400005548,155 772 033,A01,3.0,7.0,9,0,1,1,0.0,
202400005549,155 772 032,A01,3.0,1.0,12,0,0,1,5.0,
202400005550,155 772 028,B01,1.0,7.0,0,2,2,0,1.0,
202400005551,155 772 026,A01,3.0,33.0,8,0,1,0,1.0,
202400005552,155 772 023,A01,1.0,7.0,0,2,1,11,1.0,
202400005553,155 772 024,A01,1.0,33.0,0,2,3,21,1.0,
202400005554,155 772 020,A01,0.0,7.0,0,2,3,26,3.0,
202400005555,155 772 022,A01,2.0,33.0,0,0,9,2,1.0,
202400005556,155 772 018,A01,2.0,7.0,1,0,2,1,1.0,
202400005557,155 772 017,A01,3.0,7.0,0,2,2,15,1.0,
202400005558,155 772 016,A01,1.0,30.0,0,9,1,1,1.0,
202400005559,155 772 014,A01,1.0,7.0,0,2,8,19,1.0,
202400005560,155 772 012,B01,1.0,50.0,0,2,8,19,3.0,