Num_Acc,id_vehicule,num_veh,senc,catv,obs,obsm,choc,manv,motor,occutc
202400005561,155 772 010,A01,1.0,10.0,0,2,7,15,1.0,
202400005562,155 772 008,A01,1.0,7.0,0,2,1,17,1.0,
202400005563,155 772 007,A01,1.0,7.0,0,1,1,1,1.0,
202400005564,155 772 005,A01,1.0,7.0,0,2,1,5,1.0,
202400005565,155 772 003,A01,2.0,7.0,0,2,2,15,1.0,
202400005566,155 771 999,A01,1.0,7.0,0,2,1,26,1.0,
202400005567,155 772 000,A01,1.0,30.0,0,2,1,17,1.0,
202400005568,155 771 998,A01,2.0,1.0,0,1,0,1,5.0,
202400005569,155 771 996,B01,3.0,7.0,0,2,4,1,1.0,
202400005570,155 771 994,A01,2.0,7.0,1,0,1,14,1.0,
202400005571,155 771 991,A01,3.0,7.0,0,2,1,15,1.0,
202400005572,155 771 992,A01,1.0,7.0,0,2,3,13,1.0,
202400005573,155 771 989,A01,3.0,1.0,0,2,4,1,5.0,
202400005574,155 771 987,A01,3.0,1.0,0,2,8,15,5.0,
202400005575,155 771 984,A01,2.0,14.0,0,2,7,16,1.0,
202400005576,155 771 983,A01,1.0,7.0,0,2,4,1,1.0,
202400005577,155 771 981,A01,3.0,7.0,0,1,3,13,0.0,
202400005578,155 771 979,B01,3.0,7.0,0,2,3,19,1.0,
202400005579,155 771 977,A01,1.0,7.0,0,1,2,1,1.0,
202400005580,155 771 973,A01,2.0,30.0,0,2,7,9,1.0,
202400005581,155 771 970,A01,2.0,7.0,0,1,3,1,2.0,
202400005582,155 771 967,B01,1.0,2.0,0,2,1,1,1.0,
202400005583,155 771 966,A01,1.0,7.0,0,2,3,15,1.0,
202400005584,155 771 964,A01,0.0,1.0,0,0,0,0,5.0,
202400005585,155 771 963,B01,1.0,7.0,0,2,6,1,1.0,
202400005586,155 771 961,A01,2.0,7.0,12,2,2,15,1.0,
202400005587,155 771 960,A01,2.0,7.0,3,0,3,13,1.0,
202400005588,155 771 957,A01,3.0,7.0,0,2,1,0,1.0,
202400005589,155 771 956,A01,1.0,7.0,0,2,1,9,1.0,
202400005590,155 771 955,A01,3.0,3.0,8,0,1,16,3.0,
202400005591,155 771 953,B01,1.0,30.0,0,2,1,1,1.0,
202400005592,155 771 951,B01,2.0,7.0,0,2,3,1,1.0,
202400005593,155 771 948,B01,1.0,1.0,0,2,1,19,5.0,
202400005594,155 771 947,A01,2.0,7.0,0,2,2,15,1.0,
202400005595,155 771 946,A01,0.0,31.0,0,0,8,1,1.0,
202400005596,155 771 945,A01,1.0,7.0,13,0,1,14,1.0,
202400005597,155 771 943,A01,2.0,7.0,0,2,1,19,1.0,
202400005598,155 771 941,A01,1.0,7.0,0,2,3,10,1.0,
202400005599,155 771 939,B01,2.0,1.0,0,2,3,13,5.0,
202400005600,155 771 937,B01,3.0,7.0,0,2,5,1,1.0,
202400005601,155 771 935,B01,1.0,10.0,0,2,1,1,1.0,
202400005602,155 771 933,B01,1.0,7.0,0,2,6,1,1.0,
202400005603,155 771 931,B01,1.0,32.0,0,2,0,1,1.0,
202400005604,155 771 929,B01,2.0,33.0,0,9,3,3,1.0,
202400005605,155 771 927,A01,2.0,10.0,0,2,0,0,1.0,
202400005606,155 771 926,A01,1.0,7.0,0,1,1,1,1.0,
202400005607,155 771 925,A01,1.0,7.0,0,1,3,17,1.0,
202400005608,155 771 924,A01,3.0,1.0,14,0,0,1,5.0,
202400005609,155 771 923,A01,1.0,43.0,1,0,1,1,1.0,
202400005610,155 771 920,A01,3.0,7.0,0,2,1,21,1.0,
202400005611,155 771 917,A01,1.0,30.0,0,2,1,1,1.0,
202400005612,155 771 915,A01,3.0,7.0,0,1,2,1,1.0,
202400005613,155 771 914,A01,2.0,7.0,0,2,1,2,1.0,
202400005614,155 771 911,A01,1.0,10.0,0,2,2,13,1.0,
202400005615,155 771 910,A01,1.0,14.0,0,2,3,13,1.0,
202400005616,155 771 908,A01,1.0,7.0,0,2,4,4,1.0,
202400005617,155 771 907,A01,1.0,10.0,0,1,1,1,1.0,
202400005618,155 771 905,B01,1.0,7.0,0,2,3,2,1.0,
202400005619,155 771 902,B01,1.0,7.0,0,2,1,1,1.0,
202400005620,155 771 901,A01,0.0,37.0,0,2,3,13,1.0,1
202400005621,155 771 900,A01,2.0,50.0,0,0,0,2,3.0,
202400005622,155 771 898,A01,3.0,50.0,0,2,5,1,3.0,
202400005623,155 771 896,B01,2.0,33.0,0,2,1,1,1.0,
202400005624,155 771 894,A01,3.0,1.0,0,2,1,1,5.0,
202400005625,155 771 892,A01,1.0,33.0,0,2,8,13,1.0,
202400005626,155 771 891,A01,3.0,1.0,0,1,1,13,5.0,
202400005627,155 771 888,A01,1.0,20.0,0,2,1,2,1.0,
202400005628,155 771 887,A01,1.0,7.0,0,1,1,1,2.0,
202400005629,155 771 884,B01,1.0,33.0,1,2,2,1,1.0,
202400005630,155 771 883,A01,2.0,32.0,0,2,6,15,1.0,
202400005631,155 771 881,A01,2.0,37.0,0,0,0,24,1.0,1
202400005632,155 771 879,A01,1.0,31.0,0,2,1,3,1.0,
202400005633,155 771 877,B01,2.0,1.0,0,2,1,1,5.0,
202400005634,155 771 874,A01,1.0,7.0,8,0,1,14,1.0,
202400005635,155 771 875,A01,1.0,7.0,0,2,8,22,2.0,
202400005636,155 771 873,A01,0.0,7.0,0,1,3,26,2.0,
202400005637,155 771 871,A01,1.0,1.0,0,2,7,15,5.0,
202400005638,155 771 870,A01,1.0,80.0,0,1,1,1,3.0,
202400005639,155 771 867,A01,3.0,7.0,0,2,8,9,1.0,
202400005640,155 771 866,A01,3.0,7.0,0,2,3,15,1.0,
202400005641,155 771 865,A01,2.0,1.0,0,0,0,21,5.0,
202400005642,155 771 863,B01,3.0,7.0,6,0,4,26,1.0,
202400005643,155 771 861,A01,3.0,1.0,0,2,3,13,5.0,
202400005644,155 771 860,A01,2.0,30.0,0,2,1,1,3.0,
202400005645,155 771 858,B01,3.0,1.0,0,0,0,0,5.0,
202400005646,155 771 857,A01,1.0,43.0,14,0,8,1,1.0,
202400005647,155 771 856,A01,2.0,33.0,11,0,1,1,1.0,
202400005648,155 771 853,A01,1.0,43.0,0,2,1,7,1.0,
202400005649,155 771 854,A01,1.0,32.0,11,0,1,12,3.0,
202400005650,155 771 851,B01,1.0,2.0,1,0,1,2,1.0,
202400005651,155 771 849,A01,3.0,7.0,0,2,1,2,1.0,
202400005652,155 771 848,A01,3.0,50.0,0,0,1,1,3.0,
202400005653,155 771 847,A01,0.0,50.0,11,0,1,26,3.0,
202400005654,155 771 843,A01,2.0,7.0,0,2,1,1,1.0,
202400005655,155 771 842,A01,1.0,7.0,0,2,1,1,1.0,
202400005656,155 771 840,A01,2.0,33.0,0,2,7,17,1.0,
202400005657,155 771 839,A01,3.0,7.0,0,1,2,26,1.0,
202400005658,155 771 836,A01,3.0,7.0,14,1,1,1,1.0,
202400005659,155 771 837,A01,3.0,7.0,0,2,1,15,1.0,
202400005660,155 771 833,A01,1.0,33.0,0,2,4,14,1.0,
202400005661,155 771 832,A01,3.0,7.0,0,2,3,26,1.0,
202400005662,155 771 830,B01,2.0,30.0,0,2,1,19,1.0,
202400005663,155 771 825,A01,2.0,10.0,0,2,1,2,1.0,
202400005664,155 771 824,A01,1.0,30.0,0,0,0,1,1.0,
202400005665,155 771 822,A01,1.0,31.0,0,0,0,0,1.0,
202400005666,155 771 821,B01,2.0,50.0,0,0,0,0,3.0,
202400005667,155 771 820,A01,0.0,1.0,0,0,0,0,5.0,
202400005668,155 771 818,B01,3.0,7.0,0,2,2,14,1.0,
202400005669,155 771 815,A01,1.0,50.0,0,2,3,18,3.0,
202400005670,155 771 814,B01,0.0,7.0,0,2,8,19,3.0,
202400005671,155 771 812,A01,1.0,7.0,8,0,1,1,1.0,
202400005672,155 771 810,A01,3.0,33.0,0,2,1,3,1.0,
202400005673,155 771 807,A01,1.0,7.0,0,2,3,13,0.0,
202400005674,155 771 806,A01,1.0,30.0,0,2,4,20,1.0,
202400005675,155 771 805,A01,0.0,33.0,0,0,9,16,1.0,
202400005676,155 771 804,A01,1.0,33.0,2,0,1,1,1.0,
202400005677,155 771 802,A01,2.0,7.0,4,0,3,1,1.0,
202400005678,155 771 801,B01,2.0,33.0,0,2,1,1,1.0,
202400005679,155 771 800,A01,1.0,7.0,14,0,3,21,1.0,
202400005680,155 771 798,A01,1.0,33.0,0,2,1,17,1.0,
202400005681,155 771 797,A01,3.0,33.0,1,0,2,16,1.0,
202400005682,155 771 793,A01,1.0,10.0,0,2,7,15,1.0,
202400005683,155 771 791,C01,3.0,7.0,0,2,4,2,1.0,
202400005684,155 771 788,A01,2.0,7.0,2,0,8,1,1.0,
202400005685,155 771 789,A01,2.0,7.0,0,2,3,15,3.0,
202400005686,155 771 786,A01,2.0,33.0,16,0,9,26,1.0,
202400005687,155 771 785,A01,1.0,38.0,1,1,4,23,1.0,1
202400005688,155 771 781,A01,2.0,10.0,0,2,3,19,1.0,
202400005689,155 771 780,A01,2.0,10.0,0,0,9,26,1.0,
202400005690,155 771 779,A01,1.0,7.0,13,0,2,0,1.0,
202400005691,155 771 776,A01,1.0,7.0,3,0,9,1,1.0,
202400005692,155 771 774,B01,1.0,7.0,0,2,4,1,1.0,
202400005693,155 771 773,A01,1.0,7.0,13,0,1,1,2.0,
202400005694,155 771 771,B01,2.0,7.0,8,2,1,1,2.0,
202400005695,155 771 769,A01,1.0,7.0,2,0,1,14,1.0,
202400005696,155 771 768,A01,2.0,7.0,8,2,3,1,1.0,
202400005697,155 771 766,A01,2.0,7.0,13,0,2,0,6.0,
202400005698,155 771 764,A01,1.0,7.0,0,2,1,15,1.0,
202400005699,155 771 762,A01,1.0,7.0,0,9,2,1,1.0,
202400005700,155 771 760,B01,1.0,33.0,0,0,1,1,1.0,
202400005701,155 771 758,A01,2.0,7.0,16,0,9,1,1.0,
202400005702,155 771 757,A01,2.0,7.0,0,2,1,2,1.0,
202400005703,155 771 756,A01,1.0,7.0,0,1,3,1,1.0,
202400005704,155 771 754,B01,2.0,0.0,0,2,1,13,0.0,
202400005705,155 771 750,A01,1.0,7.0,0,2,3,13,1.0,
202400005706,155 771 749,A01,2.0,7.0,0,2,3,17,1.0,
202400005707,155 771 746,B01,2.0,7.0,0,2,2,12,1.0,
202400005708,155 771 745,B01,2.0,1.0,0,2,8,1,5.0,
202400005709,155 771 744,A01,1.0,7.0,9,0,3,1,1.0,
202400005710,155 771 738,A01,2.0,7.0,0,0,0,1,2.0,
202400005711,155 771 739,A01,2.0,7.0,2,0,1,1,1.0,
202400005712,155 771 737,A01,2.0,33.0,13,0,7,1,0.0,
202400005713,155 771 736,A01,1.0,3.0,1,0,1,1,3.0,
202400005714,155 771 735,A01,1.0,33.0,0,0,0,1,1.0,
202400005715,155 771 732,A01,2.0,7.0,13,0,2,1,1.0,
202400005716,155 771 731,B01,1.0,1.0,0,2,1,1,5.0,
202400005717,155 771 730,A01,1.0,1.0,0,0,1,1,5.0,
202400005718,155 771 728,B01,2.0,33.0,0,2,1,1,1.0,
202400005719,155 771 726,A01,1.0,7.0,0,0,7,15,1.0,
202400005720,155 771 724,A01,2.0,7.0,0,2,1,1,1.0,
202400005721,155 771 722,A01,2.0,13.0,0,2,5,2,1.0,
202400005722,155 771 720,A01,1.0,7.0,0,2,1,13,1.0,
202400005723,155 771 718,A01,3.0,7.0,0,2,3,1,1.0,
202400005724,155 771 717,A01,3.0,7.0,0,1,4,4,1.0,
202400005725,155 771 715,A01,1.0,7.0,0,2,2,9,1.0,
202400005726,155 771 713,A01,1.0,7.0,0,2,3,17,1.0,
202400005727,155 771 711,B01,2.0,2.0,0,0,4,10,1.0,
202400005728,155 771 708,C01,1.0,7.0,0,9,2,17,1.0,
202400005729,155 771 706,B01,1.0,7.0,0,2,4,23,2.0,
202400005730,155 771 704,A01,1.0,7.0,13,2,3,13,1.0,
202400005731,155 771 703,A01,2.0,7.0,8,0,1,14,1.0,
202400005732,155 771 701,B01,2.0,7.0,0,2,3,1,1.0,
202400005733,155 771 699,A01,3.0,33.0,0,2,8,17,1.0,
202400005734,155 771 696,A01,1.0,10.0,13,0,9,1,1.0,
202400005735,155 771 694,A01,1.0,33.0,0,2,3,0,1.0,
202400005736,155 771 693,A01,2.0,7.0,12,0,1,13,1.0,
202400005737,155 771 689,A01,2.0,7.0,0,2,8,2,1.0,
202400005738,155 771 688,A01,1.0,50.0,2,0,2,25,3.0,
202400005739,155 771 687,A01,1.0,7.0,6,0,1,1,1.0,
202400005740,155 771 686,A01,2.0,2.0,16,0,9,14,1.0,
202400005741,155 771 685,A01,2.0,10.0,8,0,2,17,1.0,
202400005742,155 771 684,A01,1.0,10.0,6,0,2,1,1.0,
202400005743,155 771 683,A01,1.0,7.0,0,1,2,15,1.0,
202400005744,155 771 681,A01,1.0,7.0,0,2,7,19,1.0,
202400005745,155 771 679,B01,2.0,7.0,0,2,3,1,1.0,
202400005746,155 771 678,A01,1.0,7.0,2,0,1,14,1.0,
202400005747,155 771 677,A01,0.0,7.0,0,0,1,1,0.0,
202400005748,155 771 674,B01,2.0,33.0,0,2,5,2,0.0,
202400005749,155 771 673,B01,2.0,7.0,0,2,4,1,1.0,
202400005750,155 771 669,B01,1.0,7.0,4,2,6,1,1.0,
202400005751,155 771 668,C01,2.0,7.0,4,2,2,1,1.0,
202400005752,155 771 667,A01,1.0,7.0,4,0,8,0,1.0,
202400005753,155 771 665,A01,2.0,7.0,0,0,1,0,1.0,
202400005754,155 771 660,A01,2.0,7.0,0,2,1,2,2.0,
202400005755,155 771 661,A01,3.0,7.0,0,1,0,1,1.0,
202400005756,155 771 656,B01,2.0,7.0,0,2,6,1,0.0,
202400005757,155 771 655,A01,2.0,7.0,0,2,6,1,1.0,
202400005758,155 771 654,A01,2.0,7.0,11,0,1,1,0.0,
202400005759,155 771 651,A01,2.0,7.0,2,2,1,13,1.0,
202400005760,155 771 652,A01,1.0,33.0,0,2,9,0,1.0,
202400005761,155 771 648,A01,2.0,33.0,0,2,1,2,1.0,
202400005762,155 771 647,B01,2.0,13.0,3,2,8,1,1.0,
202400005763,155 771 643,A01,1.0,7.0,0,2,1,2,1.0,
202400005764,155 771 642,A01,1.0,7.0,0,2,1,1,1.0,
202400005765,155 771 638,A01,1.0,7.0,0,2,1,2,1.0,
202400005766,155 771 637,A01,1.0,7.0,0,2,1,2,1.0,
202400005767,155 771 635,A01,1.0,7.0,0,2,3,11,1.0,
202400005768,155 771 632,A01,2.0,7.0,0,2,3,1,1.0,
202400005769,155 771 631,A01,2.0,7.0,4,0,3,17,1.0,
202400005770,155 771 625,A01,2.0,7.0,0,2,1,1,1.0,
202400005771,155 771 626,A01,2.0,33.0,3,2,1,2,1.0,
202400005772,155 771 623,A01,1.0,33.0,0,2,0,1,1.0,
202400005773,155 771 622,B01,2.0,7.0,0,2,6,2,2.0,
202400005774,155 771 620,A01,1.0,7.0,0,2,1,1,1.0,
202400005775,155 771 619,A01,2.0,7.0,0,2,1,1,1.0,
202400005776,155 771 615,B01,2.0,7.0,0,2,4,1,1.0,
202400005777,155 771 613,C01,1.0,7.0,0,2,4,2,1.0,
202400005778,155 771 611,A01,2.0,7.0,0,2,1,2,1.0,
202400005779,155 771 609,A01,2.0,7.0,0,2,3,11,1.0,
202400005780,155 771 608,A01,1.0,7.0,0,2,1,2,4.0,
202400005781,155 771 606,B01,2.0,7.0,0,2,6,0,1.0,
202400005782,155 771 604,A01,3.0,33.0,0,2,7,10,1.0,
202400005783,155 771 601,B01,1.0,7.0,0,2,4,2,1.0,
202400005784,155 771 599,A01,1.0,33.0,0,2,7,1,1.0,
202400005785,155 771 596,B01,3.0,50.0,0,2,0,1,3.0,
202400005786,155 771 595,A01,3.0,7.0,0,2,1,15,1.0,
202400005787,155 771 594,A01,1.0,30.0,0,1,1,1,1.0,
202400005788,155 771 591,A01,1.0,34.0,0,2,1,1,3.0,
202400005789,155 771 592,A01,2.0,1.0,0,0,0,0,5.0,
202400005790,155 771 589,A01,3.0,7.0,13,0,1,20,2.0,
202400005791,155 771 588,A01,3.0,7.0,0,2,7,2,1.0,
202400005792,155 771 587,A01,2.0,7.0,0,1,1,1,1.0,
202400005793,155 771 584,B01,2.0,2.0,0,2,0,0,1.0,
202400005794,155 771 583,A01,1.0,7.0,0,2,8,1,1.0,
202400005795,155 771 582,A01,1.0,33.0,0,0,0,0,1.0,
202400005796,155 771 581,Z01,3.0,99.0,0,1,4,21,0.0,
202400005797,155 771 578,A01,1.0,7.0,0,2,3,11,1.0,
202400005798,155 771 577,B01,0.0,7.0,0,2,2,0,1.0,
202400005799,155 771 574,A01,2.0,30.0,0,2,3,18,3.0,
202400005800,155 771 573,A01,1.0,7.0,0,2,1,1,1.0,
202400005801,155 771 572,A01,2.0,7.0,1,0,1,26,1.0,
202400005802,155 771 568,A01,1.0,30.0,0,2,1,1,1.0,
202400005803,155 771 569,B01,0.0,10.0,0,2,4,1,1.0,
202400005804,155 771 567,A01,1.0,33.0,0,0,0,0,1.0,
202400005805,155 771 565,B01,1.0,34.0,0,2,7,2,1.0,
202400005806,155 771 563,A01,2.0,10.0,0,2,1,2,1.0,
202400005807,155 771 560,A01,1.0,34.0,12,2,8,1,1.0,
202400005808,155 771 559,B01,2.0,2.0,0,2,1,1,1.0,
202400005809,155 771 557,A01,1.0,7.0,0,2,8,16,1.0,
202400005810,155 771 554,A01,2.0,7.0,0,1,2,1,1.0,
202400005811,155 771 555,A01,1.0,10.0,0,2,2,1,1.0,
202400005812,155 771 550,B01,1.0,33.0,0,2,4,23,1.0,
202400005813,155 771 549,C01,1.0,17.0,0,0,0,24,1.0,
202400005814,155 771 548,A01,3.0,7.0,0,1,3,15,1.0,
202400005815,155 771 547,A01,1.0,43.0,0,2,1,19,1.0,
202400005816,155 771 545,A01,1.0,7.0,0,1,4,4,1.0,
202400005817,155 771 544,A01,1.0,7.0,0,2,6,1,1.0,
202400005818,155 771 542,A01,1.0,7.0,0,2,0,13,1.0,
202400005819,155 771 541,A01,1.0,30.0,1,0,6,11,1.0,
202400005820,155 771 540,A01,3.0,7.0,0,1,1,1,1.0,
202400005821,155 771 538,A01,1.0,7.0,1,2,3,16,1.0,
202400005822,155 771 536,A01,2.0,10.0,0,2,3,21,1.0,
202400005823,155 771 533,A01,3.0,7.0,0,1,2,1,2.0,
202400005824,155 771 534,B01,0.0,7.0,0,2,6,15,1.0,
202400005825,155 771 529,B01,1.0,10.0,0,2,4,1,1.0,
202400005826,155 771 530,A01,1.0,15.0,0,2,3,15,1.0,
202400005827,155 771 525,A01,1.0,10.0,0,2,8,1,1.0,
202400005828,155 771 526,A01,1.0,7.0,0,2,1,2,1.0,
202400005829,155 771 522,B01,0.0,50.0,0,2,1,0,3.0,
202400005830,155 771 521,B01,1.0,10.0,0,2,7,23,3.0,
202400005831,155 771 519,A01,1.0,7.0,8,0,1,19,1.0,
202400005832,155 771 518,A01,2.0,7.0,0,2,3,1,1.0,
202400005833,155 771 517,A01,0.0,31.0,0,2,4,1,1.0,
202400005834,155 771 516,Z01,1.0,10.0,0,1,0,26,0.0,
202400005835,155 771 514,A01,1.0,7.0,0,2,3,9,2.0,
202400005836,155 771 512,A01,2.0,7.0,0,2,1,2,1.0,
202400005837,155 771 510,A01,1.0,7.0,0,2,3,11,3.0,
202400005838,155 771 509,A01,1.0,7.0,0,1,1,1,2.0,
202400005839,155 771 507,A01,2.0,7.0,0,2,1,9,1.0,
202400005840,155 771 506,A01,1.0,7.0,1,0,7,4,1.0,
202400005841,155 771 502,A01,2.0,33.0,1,0,1,1,1.0,
202400005842,155 771 503,B01,2.0,10.0,0,2,0,15,0.0,
202400005843,155 771 500,A01,2.0,7.0,0,2,3,15,1.0,
202400005844,155 771 499,A01,1.0,7.0,0,1,1,1,1.0,
202400005845,155 771 497,A01,1.0,7.0,12,0,1,1,1.0,
202400005846,155 771 496,A01,1.0,7.0,6,2,1,1,1.0,
202400005847,155 771 495,A01,1.0,7.0,0,1,4,20,1.0,
202400005848,155 771 494,A01,3.0,50.0,12,0,1,16,3.0,
202400005849,155 771 493,A01,2.0,13.0,6,0,1,1,1.0,
202400005850,155 771 490,A01,3.0,7.0,0,2,1,15,1.0,
202400005851,155 771 489,B01,1.0,7.0,0,2,1,1,1.0,
202400005852,155 771 486,B01,2.0,7.0,0,2,3,15,1.0,
202400005853,155 771 484,A01,1.0,7.0,0,2,1,0,1.0,
202400005854,155 771 479,A01,3.0,37.0,0,2,7,1,1.0,2
202400005855,155 771 476,A01,2.0,7.0,0,2,2,15,1.0,
202400005856,155 771 475,A01,1.0,7.0,0,2,5,15,1.0,
202400005857,155 771 472,B01,3.0,1.0,0,2,4,19,5.0,
202400005858,155 771 473,A01,3.0,7.0,0,1,3,1,1.0,
202400005859,155 771 469,A01,1.0,7.0,0,2,1,2,1.0,
202400005860,155 771 466,A01,1.0,7.0,0,2,1,2,1.0,
202400005861,155 771 465,B01,3.0,50.0,0,2,5,1,3.0,
202400005862,155 771 463,A01,2.0,33.0,0,2,1,2,1.0,
202400005863,155 771 461,A01,2.0,30.0,0,2,7,1,1.0,
202400005864,155 771 459,A01,3.0,33.0,0,2,0,1,1.0,
202400005865,155 771 457,A01,1.0,7.0,0,2,1,1,1.0,
202400005866,155 771 452,D01,1.0,7.0,0,2,1,2,1.0,
202400005867,155 771 451,B01,1.0,7.0,0,2,1,1,1.0,
202400005868,155 771 449,A01,1.0,33.0,0,2,9,14,1.0,
202400005869,155 771 446,A01,3.0,7.0,2,0,1,1,1.0,
202400005870,155 771 447,A01,1.0,7.0,0,2,2,1,1.0,
202400005871,155 771 443,A01,0.0,7.0,0,2,1,1,1.0,
202400005872,155 771 442,A01,3.0,7.0,0,2,3,15,1.0,
202400005873,155 771 438,A01,2.0,7.0,0,2,2,9,1.0,
202400005874,155 771 437,A01,3.0,50.0,0,1,1,21,3.0,
202400005875,155 771 436,A01,2.0,7.0,13,0,3,1,1.0,
202400005876,155 771 434,B01,1.0,80.0,0,2,3,19,3.0,
202400005877,155 771 433,A01,3.0,7.0,8,0,3,1,1.0,
202400005878,155 771 432,A01,3.0,10.0,0,1,3,15,1.0,
202400005879,155 771 428,A01,2.0,7.0,0,2,3,13,1.0,
202400005880,155 771 427,A01,2.0,7.0,0,1,1,9,1.0,
202400005881,155 771 426,A01,1.0,7.0,0,2,2,2,1.0,
202400005882,155 771 423,A01,1.0,7.0,0,2,1,1,1.0,
202400005883,155 771 420,A01,3.0,7.0,0,9,1,9,1.0,
202400005884,155 771 416,A01,2.0,2.0,0,2,3,13,1.0,
202400005885,155 771 415,A01,1.0,7.0,8,0,8,1,1.0,
202400005886,155 771 414,C01,1.0,7.0,0,2,2,2,1.0,
202400005887,155 771 413,A01,3.0,7.0,0,1,2,1,1.0,
202400005888,155 771 408,A01,2.0,7.0,0,2,1,21,1.0,
202400005889,155 771 406,A01,1.0,7.0,0,2,4,2,1.0,
202400005890,155 771 405,A01,3.0,7.0,0,1,2,1,3.0,
202400005891,155 771 403,A01,2.0,7.0,3,2,1,26,1.0,
202400005892,155 771 401,A01,2.0,7.0,1,2,3,1,1.0,
202400005893,155 771 399,A01,2.0,7.0,0,2,2,26,2.0,
202400005894,155 771 398,A01,1.0,7.0,0,0,1,0,1.0,
202400005895,155 771 395,A01,3.0,7.0,15,0,4,4,1.0,
202400005896,155 771 394,A01,1.0,7.0,0,2,1,12,1.0,
202400005897,155 771 392,B01,2.0,7.0,0,2,6,11,1.0,
202400005898,155 771 390,A01,2.0,7.0,0,2,0,1,1.0,
202400005899,155 771 388,A01,1.0,33.0,0,2,1,2,1.0,
202400005900,155 771 386,A01,2.0,7.0,0,2,1,2,1.0,
202400005901,155 771 385,A01,2.0,14.0,0,1,0,1,1.0,
202400005902,155 771 382,A01,2.0,7.0,0,2,2,12,1.0,
202400005903,155 771 381,A01,3.0,50.0,0,2,0,1,3.0,
202400005904,155 771 377,A01,1.0,7.0,0,2,4,2,1.0,
202400005905,155 771 374,A01,2.0,7.0,0,2,4,12,1.0,
202400005906,155 771 372,A01,1.0,32.0,0,2,1,1,1.0,
202400005907,155 771 370,B01,1.0,30.0,0,2,1,1,1.0,
202400005908,155 771 368,A01,1.0,7.0,0,2,1,21,1.0,
202400005909,155 771 365,B01,1.0,7.0,0,2,4,1,1.0,
202400005910,155 771 363,B01,1.0,7.0,9,2,3,1,1.0,
202400005911,155 771 362,A01,1.0,17.0,0,2,2,14,1.0,
202400005912,155 771 358,A01,1.0,7.0,0,2,1,2,1.0,
202400005913,155 771 359,A01,3.0,7.0,1,0,3,13,1.0,
202400005914,155 771 354,B01,1.0,32.0,0,2,4,1,1.0,
202400005915,155 771 353,B01,2.0,7.0,0,2,1,2,1.0,
202400005916,155 771 352,A01,1.0,1.0,14,0,1,15,5.0,
202400005917,155 771 350,A01,1.0,7.0,1,0,1,1,1.0,
202400005918,155 771 348,A01,1.0,31.0,0,2,1,17,1.0,
202400005919,155 771 344,A01,1.0,7.0,0,2,1,1,1.0,
202400005920,155 771 343,A01,1.0,10.0,4,0,2,15,1.0,
202400005921,155 771 342,A01,1.0,14.0,0,1,2,5,6.0,
202400005922,155 771 340,B01,3.0,7.0,0,2,8,23,1.0,
202400005923,155 771 337,A01,0.0,7.0,4,2,1,1,1.0,
202400005924,155 771 336,B01,3.0,7.0,0,2,2,23,1.0,
202400005925,155 771 335,A01,2.0,33.0,1,0,3,0,1.0,
202400005926,155 771 334,A01,3.0,36.0,8,0,1,25,1.0,
202400005927,155 771 331,B01,2.0,60.0,0,2,1,1,5.0,
202400005928,155 771 328,A01,1.0,7.0,0,9,0,9,1.0,
202400005929,155 771 330,A01,1.0,30.0,14,2,1,9,1.0,
202400005930,155 771 325,A01,3.0,30.0,0,2,1,3,1.0,
202400005931,155 771 322,A01,1.0,7.0,0,2,4,1,1.0,
202400005932,155 771 320,A01,3.0,30.0,0,2,8,15,3.0,
202400005933,155 771 319,A01,1.0,7.0,0,2,8,21,0.0,
202400005934,155 771 317,A01,2.0,1.0,0,1,1,1,5.0,
202400005935,155 771 316,A01,1.0,10.0,0,1,1,1,1.0,
202400005936,155 771 313,A01,2.0,1.0,0,2,1,1,5.0,
202400005937,155 771 312,A01,1.0,7.0,0,2,6,1,1.0,
202400005938,155 771 310,A01,2.0,7.0,0,2,2,16,1.0,
202400005939,155 771 307,A01,3.0,7.0,0,2,3,1,1.0,
202400005940,155 771 308,A01,3.0,7.0,0,1,3,9,2.0,
202400005941,155 771 305,B01,2.0,1.0,0,2,8,1,5.0,
202400005942,155 771 303,B01,1.0,7.0,0,2,4,1,1.0,
202400005943,155 771 302,A01,1.0,1.0,12,0,2,13,5.0,
202400005944,155 771 299,B01,2.0,7.0,0,2,3,9,1.0,
202400005945,155 771 297,A01,3.0,10.0,0,2,3,9,1.0,
202400005946,155 771 294,A01,3.0,50.0,0,0,0,1,3.0,
202400005947,155 771 293,A01,2.0,7.0,2,0,2,1,1.0,
202400005948,155 771 292,D01,0.0,10.0,0,0,0,0,0.0,
202400005949,155 771 290,A01,2.0,2.0,2,0,3,14,1.0,
202400005950,155 771 288,A01,3.0,7.0,0,2,0,1,0.0,
202400005951,155 771 287,A01,1.0,7.0,0,2,2,1,1.0,
202400005952,155 771 285,A01,1.0,2.0,0,2,7,1,1.0,
202400005953,155 771 282,B01,3.0,30.0,0,2,1,1,1.0,
202400005954,155 771 283,A01,1.0,7.0,0,1,2,15,1.0,
202400005955,155 771 279,A01,3.0,50.0,0,1,0,1,3.0,
202400005956,155 771 280,A01,2.0,7.0,0,2,3,13,1.0,