Num_Acc,id_vehicule,num_veh,senc,catv,obs,obsm,choc,manv,motor,occutc
202400005957,155 771 278,A01,1.0,7.0,3,0,2,9,1.0,
202400005958,155 771 276,A01,1.0,7.0,0,2,1,1,1.0,
202400005959,155 771 275,A01,0.0,7.0,0,1,1,1,1.0,
202400005960,155 771 274,A01,0.0,7.0,2,0,3,1,3.0,
202400005961,155 771 271,A01,3.0,1.0,0,2,1,16,5.0,
202400005962,155 771 270,B01,1.0,1.0,0,2,0,1,5.0,
202400005963,155 771 268,A01,1.0,7.0,13,0,1,1,1.0,
202400005964,155 771 267,B01,3.0,50.0,0,2,7,19,3.0,
202400005965,155 771 264,B01,2.0,43.0,0,2,1,3,1.0,
202400005966,155 771 262,A01,1.0,50.0,1,2,0,0,3.0,
202400005967,155 771 261,A01,2.0,7.0,17,0,1,0,1.0,
202400005968,155 771 259,A01,2.0,10.0,0,2,1,15,1.0,
202400005969,155 771 257,B01,3.0,1.0,0,2,0,0,5.0,
202400005970,155 771 255,A01,1.0,7.0,3,0,8,1,1.0,
202400005971,155 771 256,A01,3.0,7.0,16,0,0,14,1.0,
202400005972,155 771 253,A01,3.0,7.0,0,2,3,15,1.0,
202400005973,155 771 252,Z01,0.0,32.0,0,1,1,26,0.0,
202400005974,155 771 249,A01,2.0,7.0,0,2,1,1,1.0,
202400005975,155 771 246,A01,3.0,50.0,0,2,1,1,3.0,
202400005976,155 771 245,A01,1.0,33.0,3,0,1,2,1.0,
202400005977,155 771 244,C01,3.0,7.0,0,2,1,26,1.0,
202400005978,155 771 241,A01,2.0,33.0,0,5,1,1,1.0,
202400005979,155 771 243,A01,0.0,33.0,0,0,3,14,1.0,
202400005980,155 771 242,A01,2.0,80.0,1,0,1,13,3.0,
202400005981,155 771 240,A01,2.0,50.0,1,0,1,1,3.0,
202400005982,155 771 239,A01,1.0,7.0,2,0,1,14,1.0,
202400005983,155 771 235,A01,0.0,10.0,3,0,1,1,1.0,
202400005984,155 771 232,A01,2.0,7.0,13,0,3,1,1.0,
202400005985,155 771 231,A01,3.0,10.0,0,2,2,5,1.0,
202400005986,155 771 229,A01,1.0,7.0,8,0,3,1,1.0,
202400005987,155 771 225,A01,2.0,7.0,2,0,1,1,1.0,
202400005988,155 771 226,A01,3.0,14.0,0,2,1,1,1.0,
202400005989,155 771 224,B01,1.0,33.0,0,2,4,23,1.0,
202400005990,155 771 222,A01,1.0,2.0,0,0,8,1,1.0,
202400005991,155 771 220,A01,3.0,7.0,13,0,1,1,1.0,
202400005992,155 771 219,A01,1.0,7.0,0,2,1,1,1.0,
202400005993,155 771 218,A01,2.0,7.0,4,0,0,1,1.0,
202400005994,155 771 215,A01,2.0,7.0,0,1,2,1,1.0,
202400005995,155 771 214,A01,1.0,7.0,0,0,0,1,1.0,
202400005996,155 771 211,A01,1.0,7.0,8,0,1,2,1.0,
202400005997,155 771 210,A01,3.0,7.0,0,1,2,16,1.0,
202400005998,155 771 209,A01,3.0,33.0,0,2,3,1,1.0,
202400005999,155 771 208,A01,2.0,7.0,2,0,1,13,1.0,
202400006000,155 771 205,A01,2.0,7.0,0,2,1,2,1.0,
202400006001,155 771 204,A01,1.0,7.0,0,0,9,2,1.0,
202400006002,155 771 203,A01,3.0,7.0,0,2,3,9,1.0,
202400006003,155 771 202,A01,1.0,10.0,0,0,1,26,1.0,
202400006004,155 771 201,A01,2.0,7.0,8,0,1,1,1.0,
202400006005,155 771 199,A01,1.0,7.0,2,0,2,14,1.0,
202400006006,155 771 200,A01,3.0,36.0,0,0,9,0,1.0,
202400006007,155 771 198,A01,2.0,7.0,0,1,1,16,1.0,
202400006008,155 771 197,A01,2.0,7.0,6,0,3,1,1.0,
202400006009,155 771 193,A01,3.0,7.0,6,0,2,1,1.0,
202400006010,155 771 194,A01,1.0,7.0,0,0,8,15,1.0,
202400006011,155 771 191,A01,0.0,36.0,2,0,2,2,0.0,
202400006012,155 771 189,A01,1.0,7.0,4,0,2,1,1.0,
202400006013,155 771 186,A01,1.0,7.0,13,0,1,0,1.0,
202400006014,155 771 185,B01,2.0,1.0,0,0,4,2,5.0,
202400006015,155 771 184,B01,2.0,1.0,0,0,0,0,5.0,
202400006016,155 771 183,A01,2.0,7.0,3,0,3,1,1.0,
202400006017,155 771 181,A01,1.0,32.0,0,0,8,1,1.0,
202400006018,155 771 179,A01,3.0,7.0,0,2,1,1,1.0,
202400006019,155 771 178,B01,1.0,2.0,0,2,1,17,1.0,
202400006020,155 771 175,A01,2.0,34.0,4,0,8,1,1.0,
202400006021,155 771 176,A01,1.0,1.0,0,2,4,11,5.0,
202400006022,155 771 171,A01,2.0,7.0,0,0,9,17,3.0,
202400006023,155 771 169,B01,1.0,7.0,0,2,3,1,1.0,
202400006024,155 771 168,A01,1.0,7.0,0,2,7,2,1.0,
202400006025,155 771 167,A01,1.0,7.0,4,0,0,0,1.0,
202400006026,155 771 164,A01,3.0,2.0,1,0,1,-1,1.0,
202400006027,155 771 163,B01,2.0,30.0,0,2,2,17,1.0,
202400006028,155 771 162,A01,1.0,7.0,7,0,7,1,2.0,
202400006029,155 771 160,A01,1.0,7.0,0,2,1,13,1.0,
202400006030,155 771 158,A01,1.0,33.0,13,0,1,1,1.0,
202400006031,155 771 157,A01,2.0,7.0,0,2,1,17,1.0,
202400006032,155 771 153,B01,2.0,7.0,0,2,1,2,1.0,
202400006033,155 771 154,A01,1.0,7.0,0,2,2,15,1.0,
202400006034,155 771 150,B01,3.0,7.0,0,2,2,9,1.0,
202400006035,155 771 148,B01,1.0,14.0,0,2,1,0,0.0,
202400006036,155 771 147,A01,1.0,7.0,0,0,2,15,1.0,
202400006037,155 771 144,A01,2.0,7.0,13,0,3,13,1.0,
202400006038,155 771 143,A01,2.0,7.0,0,2,3,15,1.0,
202400006039,155 771 142,B01,3.0,1.0,0,2,8,15,5.0,
202400006040,155 771 141,A01,3.0,7.0,0,0,9,16,1.0,
202400006041,155 771 140,A01,1.0,7.0,11,0,1,1,1.0,
202400006042,155 771 138,A01,2.0,7.0,0,2,1,15,1.0,
202400006043,155 771 136,A01,1.0,7.0,0,9,2,17,1.0,
202400006044,155 771 135,A01,1.0,7.0,15,0,1,2,1.0,
202400006045,155 771 132,A01,2.0,7.0,0,0,0,11,1.0,
202400006046,155 771 131,B01,1.0,7.0,0,2,3,1,1.0,
202400006047,155 771 128,B01,1.0,7.0,13,0,2,17,1.0,
202400006048,155 771 126,B01,3.0,33.0,0,2,7,17,1.0,
202400006049,155 771 127,A01,1.0,7.0,0,0,9,0,1.0,
202400006050,155 771 122,A01,2.0,30.0,0,2,0,17,1.0,
202400006051,155 771 121,A01,2.0,7.0,0,2,3,1,1.0,
202400006052,155 771 120,A01,2.0,7.0,0,0,3,17,1.0,
202400006053,155 771 115,A01,2.0,0.0,0,0,1,1,0.0,
202400006054,155 771 116,A01,0.0,1.0,0,2,4,2,5.0,
202400006055,155 771 114,A01,1.0,10.0,0,2,7,0,1.0,
202400006056,155 771 112,A01,0.0,7.0,8,0,1,1,1.0,
202400006057,155 771 109,Z01,3.0,7.0,0,2,1,17,0.0,
202400006058,155 771 108,A01,3.0,7.0,13,0,4,4,1.0,
202400006059,155 771 107,A01,1.0,7.0,0,2,3,17,1.0,
202400006060,155 771 106,A01,3.0,30.0,16,0,8,1,1.0,
202400006061,155 771 103,A01,2.0,7.0,0,2,1,17,1.0,
202400006062,155 771 100,B01,1.0,33.0,0,2,1,1,1.0,
202400006063,155 771 098,A01,2.0,7.0,0,2,1,2,1.0,
202400006064,155 771 097,A01,1.0,33.0,13,0,1,1,1.0,
202400006065,155 771 093,A01,2.0,7.0,0,2,1,1,1.0,
202400006066,155 771 090,B01,1.0,33.0,0,2,1,1,1.0,
202400006067,155 771 091,B01,3.0,31.0,0,2,1,1,0.0,
202400006068,155 771 084,C01,2.0,33.0,0,0,4,23,1.0,
202400006069,155 771 087,A01,2.0,7.0,11,0,1,1,1.0,
202400006070,155 771 083,A01,2.0,7.0,0,2,8,1,1.0,
202400006071,155 771 082,A01,2.0,7.0,0,1,1,1,1.0,
202400006072,155 771 081,A01,1.0,33.0,0,0,8,1,1.0,
202400006073,155 771 080,A01,1.0,3.0,2,0,2,11,1.0,
202400006074,155 771 076,A01,1.0,33.0,6,0,3,13,1.0,
202400006075,155 771 073,A01,1.0,7.0,0,2,5,19,1.0,
202400006076,155 771 074,B01,2.0,7.0,0,2,0,1,1.0,
202400006077,155 771 072,A01,2.0,10.0,4,0,1,26,1.0,
202400006078,155 771 071,A01,1.0,7.0,0,1,2,2,1.0,
202400006079,155 771 070,A01,1.0,7.0,0,1,5,1,1.0,
202400006080,155 771 069,A01,2.0,7.0,4,0,1,2,1.0,
202400006081,155 771 066,B01,3.0,31.0,0,2,1,2,1.0,
202400006082,155 771 064,B01,1.0,7.0,0,2,2,1,1.0,
202400006083,155 771 063,A01,1.0,15.0,0,2,2,12,0.0,
202400006084,155 771 062,A01,3.0,0.0,0,1,0,2,1.0,
202400006085,155 771 057,A01,1.0,7.0,0,2,3,1,1.0,
202400006086,155 771 058,B01,2.0,33.0,0,2,8,2,1.0,
202400006087,155 771 056,A01,2.0,7.0,0,2,1,9,1.0,
202400006088,155 771 055,A01,1.0,33.0,13,0,1,0,1.0,
202400006089,155 771 053,A01,3.0,40.0,0,1,2,1,3.0,
202400006090,155 771 052,A01,1.0,7.0,0,2,1,13,1.0,
202400006091,155 771 051,A01,3.0,38.0,0,1,7,26,1.0,1
202400006092,155 771 050,A01,3.0,7.0,0,1,2,16,1.0,
202400006093,155 771 048,A01,1.0,7.0,0,2,1,1,1.0,
202400006094,155 771 047,A01,1.0,33.0,0,6,1,1,1.0,
202400006095,155 771 045,A01,1.0,7.0,4,2,1,1,1.0,
202400006096,155 771 044,A01,2.0,33.0,0,2,1,26,1.0,
202400006097,155 771 042,A01,1.0,33.0,0,2,3,5,1.0,
202400006098,155 771 038,A01,2.0,7.0,0,2,1,2,1.0,
202400006099,155 771 037,B01,1.0,7.0,0,2,1,1,1.0,
202400006100,155 771 035,A01,1.0,7.0,0,2,3,9,1.0,
202400006101,155 771 034,A01,2.0,7.0,4,0,4,1,1.0,
202400006102,155 771 032,A01,3.0,7.0,0,2,2,1,1.0,
202400006103,155 771 031,A01,1.0,10.0,3,0,1,1,1.0,
202400006104,155 771 028,B01,2.0,33.0,0,2,2,1,1.0,
202400006105,155 771 026,B01,3.0,7.0,0,2,6,23,1.0,
202400006106,155 771 024,A01,1.0,33.0,13,0,9,1,1.0,
202400006107,155 771 022,A01,1.0,7.0,0,1,2,1,1.0,
202400006108,155 771 023,B01,1.0,7.0,0,2,4,2,1.0,
202400006109,155 771 020,A01,3.0,2.0,0,2,1,1,0.0,
202400006110,155 771 019,A01,2.0,7.0,0,1,1,1,1.0,
202400006111,155 771 016,A01,1.0,7.0,0,2,4,2,1.0,
202400006112,155 771 015,A01,1.0,7.0,0,2,1,1,1.0,
202400006113,155 771 013,B01,2.0,10.0,0,2,3,2,1.0,
202400006114,155 771 010,B01,1.0,33.0,0,2,8,1,1.0,
202400006115,155 771 008,A01,1.0,7.0,0,2,2,15,1.0,
202400006116,155 771 006,A01,2.0,7.0,0,2,2,14,1.0,
202400006117,155 771 004,A01,1.0,14.0,0,1,1,1,1.0,
202400006118,155 771 003,A01,2.0,7.0,0,1,1,1,1.0,
202400006119,155 771 002,B01,1.0,7.0,0,2,2,1,1.0,
202400006120,155 771 000,A01,1.0,7.0,2,0,2,1,1.0,
202400006121,155 770 997,C01,2.0,7.0,0,2,4,2,1.0,
202400006122,155 770 996,A01,3.0,7.0,0,2,1,9,1.0,
202400006123,155 770 994,Z01,1.0,7.0,0,1,3,1,0.0,
202400006124,155 770 995,A01,1.0,7.0,3,0,2,1,1.0,
202400006125,155 770 993,A01,3.0,32.0,0,0,0,13,1.0,
202400006126,155 770 992,A01,1.0,7.0,0,1,1,1,1.0,
202400006127,155 770 989,A01,2.0,7.0,0,2,1,2,1.0,
202400006128,155 770 987,B01,2.0,2.0,0,0,0,1,0.0,
202400006129,155 770 986,A01,1.0,2.0,0,2,1,17,1.0,
202400006130,155 770 983,A01,1.0,33.0,0,1,8,1,0.0,
202400006131,155 770 982,A01,2.0,7.0,0,2,3,19,1.0,
202400006132,155 770 981,B01,1.0,2.0,0,2,7,2,1.0,
202400006133,155 770 979,A01,2.0,33.0,3,0,3,0,1.0,
202400006134,155 770 978,B01,3.0,7.0,0,2,6,2,1.0,
202400006135,155 770 977,A01,1.0,33.0,14,0,1,17,1.0,
202400006136,155 770 975,B01,1.0,15.0,0,0,4,0,1.0,
202400006137,155 770 972,A01,1.0,50.0,13,0,1,1,3.0,
202400006138,155 770 971,B01,2.0,7.0,0,2,4,1,1.0,
202400006139,155 770 967,A01,3.0,7.0,10,0,3,6,1.0,
202400006140,155 770 968,A01,1.0,7.0,0,2,4,1,1.0,
202400006141,155 770 966,A01,1.0,7.0,0,2,1,1,1.0,
202400006142,155 770 964,A01,3.0,7.0,0,1,2,1,1.0,
202400006143,155 770 962,A01,2.0,7.0,0,2,3,9,1.0,
202400006144,155 770 961,A01,1.0,7.0,0,9,2,9,1.0,
202400006145,155 770 959,A01,0.0,32.0,0,0,0,0,0.0,
202400006146,155 770 958,A01,2.0,7.0,0,2,2,15,1.0,
202400006147,155 770 955,A01,1.0,1.0,0,2,5,2,5.0,
202400006148,155 770 953,A01,1.0,33.0,0,2,1,17,1.0,
202400006149,155 770 954,A01,2.0,37.0,0,1,2,15,1.0,1
202400006150,155 770 950,B01,2.0,7.0,0,2,4,2,1.0,
202400006151,155 770 949,A01,1.0,33.0,0,2,8,13,1.0,
202400006152,155 770 948,A01,1.0,10.0,8,0,1,13,1.0,
202400006153,155 770 947,A01,1.0,2.0,0,5,1,19,3.0,
202400006154,155 770 946,A01,1.0,7.0,0,1,1,1,1.0,
202400006155,155 770 945,A01,0.0,7.0,2,0,2,1,1.0,
202400006156,155 770 941,A01,1.0,33.0,3,0,3,17,1.0,
202400006157,155 770 943,A01,2.0,1.0,0,2,2,1,5.0,
202400006158,155 770 942,A01,0.0,34.0,0,1,2,1,3.0,
202400006159,155 770 936,A01,1.0,30.0,1,0,3,17,1.0,
202400006160,155 770 937,B01,2.0,50.0,0,2,1,1,3.0,
202400006161,155 770 932,B01,2.0,7.0,0,2,8,15,1.0,
202400006162,155 770 931,B01,2.0,7.0,0,2,2,19,1.0,
202400006163,155 770 930,A01,1.0,7.0,0,1,3,1,1.0,
202400006164,155 770 929,A01,3.0,50.0,16,0,0,1,3.0,
202400006165,155 770 927,A01,2.0,37.0,0,1,2,1,2.0,1
202400006166,155 770 925,A01,3.0,10.0,0,1,4,4,1.0,
202400006167,155 770 926,A01,1.0,7.0,0,2,2,1,1.0,
202400006168,155 770 922,A01,1.0,7.0,0,2,3,1,3.0,
202400006169,155 770 923,B01,2.0,1.0,0,2,1,18,5.0,
202400006170,155 770 920,B01,1.0,33.0,13,2,0,1,1.0,
202400006171,155 770 918,A01,1.0,7.0,0,2,3,16,1.0,
202400006172,155 770 917,A01,3.0,50.0,0,1,1,1,3.0,
202400006173,155 770 914,A01,1.0,31.0,0,2,1,1,1.0,
202400006174,155 770 913,A01,0.0,13.0,0,2,2,16,1.0,
202400006175,155 770 911,A01,2.0,50.0,0,2,1,5,3.0,
202400006176,155 770 910,A01,3.0,31.0,0,6,3,1,1.0,
202400006177,155 770 908,A01,1.0,7.0,0,2,2,1,1.0,
202400006178,155 770 905,A01,2.0,7.0,0,9,1,2,1.0,
202400006179,155 770 904,A01,3.0,30.0,0,2,6,1,1.0,
202400006180,155 770 903,A01,1.0,7.0,0,1,3,15,1.0,
202400006181,155 770 900,A01,2.0,1.0,12,0,3,1,5.0,
202400006182,155 770 898,A01,0.0,7.0,0,2,2,16,1.0,
202400006183,155 770 896,A01,1.0,10.0,0,1,4,4,1.0,
202400006184,155 770 893,A01,3.0,7.0,13,0,8,1,1.0,
202400006185,155 770 891,A01,1.0,7.0,0,2,3,16,1.0,
202400006186,155 770 888,A01,1.0,7.0,0,2,7,12,1.0,
202400006187,155 770 887,A01,1.0,7.0,16,0,4,6,1.0,
202400006188,155 770 884,A01,2.0,80.0,12,2,1,13,3.0,
202400006189,155 770 883,A01,2.0,10.0,0,2,4,2,1.0,
202400006190,155 770 882,A01,3.0,7.0,1,0,1,1,0.0,
202400006191,155 770 881,Z01,1.0,32.0,0,1,1,5,1.0,
202400006192,155 770 879,A01,3.0,10.0,0,1,4,4,1.0,
202400006193,155 770 878,A01,2.0,7.0,0,2,4,2,1.0,
202400006194,155 770 877,A01,1.0,1.0,0,1,1,1,5.0,
202400006195,155 770 872,B01,2.0,10.0,0,2,8,15,1.0,
202400006196,155 770 870,A01,3.0,32.0,12,0,0,18,1.0,
202400006197,155 770 869,B01,1.0,7.0,0,2,4,1,1.0,
202400006198,155 770 865,B01,3.0,7.0,0,2,1,1,1.0,
202400006199,155 770 864,A01,2.0,33.0,0,2,1,2,1.0,
202400006200,155 770 861,A01,1.0,7.0,0,2,1,1,1.0,
202400006201,155 770 859,A01,1.0,34.0,12,2,3,17,1.0,
202400006202,155 770 858,A01,2.0,10.0,1,0,4,2,1.0,
202400006203,155 770 855,A01,1.0,33.0,0,2,1,17,1.0,
202400006204,155 770 853,A01,1.0,33.0,0,2,1,15,1.0,
202400006205,155 770 852,A01,1.0,7.0,0,2,2,14,1.0,
202400006206,155 770 849,B01,1.0,7.0,0,2,3,2,0.0,
202400006207,155 770 848,A01,2.0,33.0,7,0,1,0,1.0,
202400006208,155 770 847,A01,1.0,7.0,0,2,1,2,1.0,
202400006209,155 770 845,A01,3.0,7.0,0,2,2,15,2.0,
202400006210,155 770 841,B01,1.0,33.0,0,2,1,3,1.0,
202400006211,155 770 840,A01,2.0,33.0,0,2,1,2,1.0,
202400006212,155 770 839,A01,2.0,7.0,0,1,1,1,1.0,
202400006213,155 770 836,A01,1.0,7.0,0,2,5,15,1.0,
202400006214,155 770 835,B01,1.0,7.0,0,0,0,2,2.0,
202400006215,155 770 834,A01,2.0,7.0,0,1,2,15,1.0,
202400006216,155 770 833,A01,3.0,7.0,4,0,9,13,1.0,
202400006217,155 770 832,A01,1.0,7.0,6,0,8,13,1.0,
202400006218,155 770 830,A01,2.0,7.0,0,1,6,20,1.0,
202400006219,155 770 829,B01,3.0,7.0,0,2,3,1,1.0,
202400006220,155 770 822,C01,1.0,7.0,1,0,1,1,1.0,
202400006221,155 770 823,B01,3.0,7.0,0,2,2,15,3.0,
202400006222,155 770 821,A01,1.0,7.0,0,2,1,1,1.0,
202400006223,155 770 820,A01,1.0,7.0,6,0,0,1,1.0,
202400006224,155 770 816,A01,3.0,7.0,0,2,2,1,1.0,
202400006225,155 770 814,A01,1.0,2.0,0,2,2,13,1.0,
202400006226,155 770 813,B01,1.0,33.0,0,2,1,1,1.0,
202400006227,155 770 812,A01,1.0,7.0,0,1,1,13,1.0,
202400006228,155 770 810,A01,1.0,7.0,1,2,1,1,1.0,
202400006229,155 770 809,A01,3.0,13.0,3,1,4,4,1.0,
202400006230,155 770 806,A01,2.0,50.0,0,2,1,5,3.0,
202400006231,155 770 804,B01,1.0,33.0,0,2,7,1,1.0,
202400006232,155 770 805,A01,3.0,7.0,12,0,1,1,1.0,
202400006233,155 770 803,A01,2.0,43.0,0,0,0,1,1.0,
202400006234,155 770 801,B01,3.0,32.0,0,2,5,1,0.0,
202400006235,155 770 799,A01,1.0,7.0,0,0,0,21,1.0,
202400006236,155 770 798,A01,2.0,15.0,0,9,2,16,1.0,
202400006237,155 770 794,B01,3.0,50.0,0,2,1,1,3.0,
202400006238,155 770 795,B01,1.0,7.0,0,2,5,2,1.0,
202400006239,155 770 793,A01,2.0,37.0,0,1,5,1,1.0,1
202400006240,155 770 792,A01,2.0,7.0,0,1,1,15,1.0,
202400006241,155 770 791,A01,1.0,10.0,0,1,3,15,1.0,
202400006242,155 770 787,A01,2.0,7.0,0,1,4,4,1.0,
202400006243,155 770 788,B01,1.0,7.0,0,2,6,2,1.0,
202400006244,155 770 785,A01,1.0,10.0,0,2,1,2,1.0,
202400006245,155 770 783,A01,2.0,7.0,0,2,3,15,1.0,
202400006246,155 770 782,A01,1.0,10.0,3,0,1,2,1.0,
202400006247,155 770 780,B01,1.0,10.0,0,2,2,1,1.0,
202400006248,155 770 777,A01,1.0,7.0,0,9,6,1,1.0,
202400006249,155 770 776,B01,3.0,7.0,0,2,2,15,1.0,
202400006250,155 770 774,B01,1.0,50.0,0,2,8,15,3.0,
202400006251,155 770 770,A01,2.0,40.0,0,2,2,1,3.0,
202400006252,155 770 772,B01,2.0,13.0,0,2,3,1,0.0,
202400006253,155 770 768,A01,0.0,7.0,13,0,1,1,1.0,
202400006254,155 770 767,A01,1.0,50.0,0,2,1,1,3.0,
202400006255,155 770 766,A01,1.0,7.0,13,0,1,1,2.0,
202400006256,155 770 764,A01,1.0,33.0,0,2,9,3,1.0,
202400006257,155 770 761,A01,2.0,7.0,0,2,1,2,1.0,
202400006258,155 770 760,A01,0.0,7.0,0,2,1,1,1.0,
202400006259,155 770 758,A01,1.0,7.0,0,2,3,13,1.0,
202400006260,155 770 755,A01,2.0,7.0,4,0,7,1,1.0,
202400006261,155 770 756,A01,2.0,7.0,0,2,1,1,1.0,
202400006262,155 770 753,B01,0.0,7.0,0,2,7,1,1.0,
202400006263,155 770 752,A01,1.0,7.0,13,0,9,17,1.0,
202400006264,155 770 750,A01,2.0,7.0,0,2,5,12,1.0,
202400006265,155 770 748,A01,2.0,33.0,3,2,8,18,1.0,
202400006266,155 770 746,A01,1.0,7.0,0,1,5,1,1.0,
202400006267,155 770 745,B01,2.0,2.0,0,2,1,1,1.0,
202400006268,155 770 744,A01,1.0,7.0,4,0,2,6,1.0,
202400006269,155 770 741,B01,1.0,1.0,0,2,6,1,5.0,
202400006270,155 770 738,A01,1.0,10.0,0,9,2,26,1.0,
202400006271,155 770 739,A01,2.0,7.0,0,2,1,2,1.0,
202400006272,155 770 735,A01,0.0,33.0,1,2,1,1,1.0,
202400006273,155 770 733,A01,1.0,10.0,0,2,1,1,1.0,
202400006274,155 770 732,B01,2.0,7.0,0,0,4,23,1.0,
202400006275,155 770 730,A01,1.0,10.0,0,0,0,16,1.0,
202400006276,155 770 728,B01,1.0,1.0,0,2,8,15,5.0,
202400006277,155 770 726,A01,1.0,1.0,12,0,1,15,5.0,
202400006278,155 770 725,A01,2.0,7.0,4,0,4,23,1.0,
202400006279,155 770 723,A01,2.0,7.0,0,2,1,2,1.0,
202400006280,155 770 720,A01,1.0,10.0,0,2,2,12,1.0,
202400006281,155 770 718,A01,0.0,7.0,0,1,1,1,2.0,
202400006282,155 770 717,A01,2.0,2.0,5,0,3,21,1.0,
202400006283,155 770 716,A01,2.0,7.0,0,2,1,1,1.0,
202400006284,155 770 714,A01,1.0,33.0,0,2,3,1,1.0,
202400006285,155 770 711,A01,1.0,7.0,0,1,2,1,1.0,
202400006286,155 770 712,A01,2.0,7.0,4,0,3,0,1.0,
202400006287,155 770 709,A01,1.0,7.0,0,2,1,2,3.0,
202400006288,155 770 706,A01,2.0,7.0,0,2,1,15,1.0,
202400006289,155 770 703,B01,1.0,50.0,0,0,3,1,3.0,
202400006290,155 770 701,B01,1.0,7.0,0,2,4,1,1.0,
202400006291,155 770 699,A01,1.0,7.0,0,1,1,1,1.0,
202400006292,155 770 698,A01,2.0,7.0,0,2,4,21,1.0,
202400006293,155 770 694,A01,2.0,33.0,0,2,1,1,1.0,
202400006294,155 770 695,A01,1.0,43.0,14,0,0,16,1.0,
202400006295,155 770 693,B01,1.0,7.0,0,2,9,0,1.0,
202400006296,155 770 692,A01,2.0,50.0,0,0,0,0,3.0,
202400006297,155 770 691,A01,1.0,7.0,0,1,8,15,1.0,
202400006298,155 770 688,B01,1.0,2.0,0,2,2,17,1.0,
202400006299,155 770 685,B01,1.0,7.0,0,2,4,15,1.0,
202400006300,155 770 684,A01,0.0,7.0,0,2,3,19,1.0,
202400006301,155 770 681,A01,1.0,10.0,0,1,4,26,1.0,
202400006302,155 770 682,A01,2.0,10.0,0,9,1,1,1.0,
202400006303,155 770 676,A01,1.0,7.0,0,2,3,15,1.0,
202400006304,155 770 674,A01,1.0,10.0,0,2,2,15,1.0,
202400006305,155 770 672,A01,3.0,1.0,0,2,8,15,5.0,
202400006306,155 770 671,A01,1.0,99.0,0,2,4,2,1.0,
202400006307,155 770 670,A01,1.0,7.0,0,1,7,1,1.0,
202400006308,155 770 669,A01,1.0,7.0,1,0,2,1,1.0,
202400006309,155 770 667,A01,1.0,30.0,0,2,0,0,1.0,
202400006310,155 770 662,A01,1.0,33.0,12,0,1,1,1.0,
202400006311,155 770 663,A01,1.0,7.0,3,2,3,26,1.0,
202400006312,155 770 664,A01,3.0,1.0,0,2,1,19,5.0,
202400006313,155 770 661,A01,1.0,7.0,4,0,3,13,1.0,
202400006314,155 770 658,A01,3.0,7.0,0,2,1,1,1.0,
202400006315,155 770 656,A01,1.0,7.0,3,0,2,1,1.0,
202400006316,155 770 657,A01,1.0,7.0,0,2,8,15,1.0,
202400006317,155 770 654,A01,3.0,7.0,0,2,1,16,1.0,
202400006318,155 770 651,A01,1.0,7.0,0,9,2,1,1.0,
202400006319,155 770 647,A01,2.0,31.0,0,2,8,2,1.0,
202400006320,155 770 645,A01,1.0,38.0,0,2,1,2,1.0,3
202400006321,155 770 642,B01,1.0,7.0,0,2,8,1,1.0,
202400006322,155 770 641,A01,2.0,7.0,0,2,2,2,2.0,
202400006323,155 770 637,A01,2.0,10.0,0,1,3,17,3.0,
202400006324,155 770 636,A01,2.0,7.0,0,2,4,1,2.0,
202400006325,155 770 635,B01,1.0,1.0,1,2,1,1,0.0,
202400006326,155 770 632,A01,2.0,1.0,0,2,1,5,5.0,
202400006327,155 770 631,A01,1.0,7.0,15,0,1,25,1.0,
202400006328,155 770 630,A01,2.0,32.0,0,2,1,3,1.0,
202400006329,155 770 629,A01,0.0,50.0,0,1,1,7,3.0,
202400006330,155 770 625,A01,2.0,37.0,8,0,1,1,3.0,1
202400006331,155 770 626,A01,1.0,31.0,3,0,1,16,1.0,
202400006332,155 770 624,B01,1.0,7.0,0,2,4,1,1.0,
202400006333,155 770 621,A01,3.0,7.0,0,2,6,13,1.0,
202400006334,155 770 618,A01,1.0,7.0,0,2,1,1,1.0,
202400006335,155 770 617,A01,1.0,7.0,0,2,1,1,1.0,
202400006336,155 770 615,B01,2.0,10.0,0,2,7,24,0.0,
202400006337,155 770 614,A01,1.0,7.0,4,0,3,1,1.0,
202400006338,155 770 610,B01,1.0,7.0,0,2,4,1,1.0,
202400006339,155 770 609,A01,2.0,7.0,0,1,1,15,2.0,
202400006340,155 770 606,A01,1.0,33.0,0,0,0,9,1.0,
202400006341,155 770 604,D01,2.0,7.0,0,2,9,1,1.0,
202400006342,155 770 603,A01,1.0,10.0,1,2,8,22,1.0,
202400006343,155 770 601,A01,1.0,33.0,0,2,2,1,1.0,
202400006344,155 770 599,A01,1.0,7.0,0,1,3,16,1.0,
202400006345,155 770 597,B01,3.0,13.0,0,2,3,1,6.0,
202400006346,155 770 595,B01,1.0,7.0,0,2,7,12,1.0,
202400006347,155 770 594,A01,3.0,7.0,0,0,9,0,1.0,
202400006348,155 770 591,A01,1.0,7.0,0,0,7,1,1.0,
202400006349,155 770 590,A01,2.0,15.0,0,2,1,1,1.0,
202400006350,155 770 589,A01,3.0,33.0,0,0,0,1,1.0,
202400006351,155 770 588,A01,3.0,10.0,1,1,4,4,1.0,
202400006352,155 770 586,A01,3.0,1.0,9,0,0,23,5.0,
202400006353,155 770 585,B01,1.0,7.0,0,2,5,14,1.0,