Num_Acc,id_vehicule,num_veh,senc,catv,obs,obsm,choc,manv,motor,occutc
202400006354,155 770 582,A01,2.0,7.0,0,0,9,1,1.0,
202400006355,155 770 580,B01,1.0,1.0,0,2,1,1,5.0,
202400006356,155 770 583,B01,2.0,7.0,0,2,5,15,1.0,
202400006357,155 770 579,B01,3.0,50.0,0,0,0,0,3.0,
202400006358,155 770 578,A01,1.0,50.0,14,0,1,5,3.0,
202400006359,155 770 576,A01,1.0,7.0,6,0,1,21,1.0,
202400006360,155 770 575,A01,1.0,33.0,0,2,1,9,1.0,
202400006361,155 770 574,A01,2.0,10.0,0,1,1,1,1.0,
202400006362,155 770 573,A01,1.0,7.0,5,0,2,1,1.0,
202400006363,155 770 572,A01,1.0,7.0,9,0,1,1,2.0,
202400006364,155 770 570,A01,1.0,10.0,0,5,1,1,1.0,
202400006365,155 770 569,B01,1.0,31.0,0,2,3,1,1.0,
202400006366,155 770 567,A01,2.0,33.0,14,0,1,17,1.0,
202400006367,155 770 566,A01,2.0,7.0,0,2,3,15,1.0,
202400006368,155 770 565,A01,0.0,10.0,0,1,0,26,0.0,
202400006369,155 770 563,A01,1.0,10.0,4,0,1,15,1.0,
202400006370,155 770 562,A01,2.0,7.0,13,2,1,13,1.0,
202400006371,155 770 560,B01,1.0,7.0,0,2,3,15,1.0,
202400006372,155 770 558,Z01,3.0,33.0,0,1,1,26,0.0,
202400006373,155 770 556,A01,1.0,33.0,0,2,1,1,1.0,
202400006374,155 770 557,A01,2.0,7.0,0,1,1,15,1.0,
202400006375,155 770 553,B01,1.0,1.0,0,2,1,1,5.0,
202400006376,155 770 551,A01,2.0,7.0,0,2,3,1,1.0,
202400006377,155 770 550,A01,3.0,7.0,0,2,1,1,1.0,
202400006378,155 770 547,A01,0.0,33.0,0,2,7,26,1.0,
202400006379,155 770 546,B01,2.0,7.0,0,2,2,1,1.0,
202400006380,155 770 545,A01,3.0,7.0,1,1,1,26,1.0,
202400006381,155 770 544,A01,3.0,7.0,0,1,3,1,0.0,
202400006382,155 770 541,A01,2.0,43.0,1,1,1,1,1.0,
202400006383,155 770 542,A01,2.0,10.0,0,1,2,1,0.0,
202400006384,155 770 540,A01,3.0,7.0,0,2,1,2,1.0,
202400006385,155 770 538,A01,3.0,7.0,0,2,1,1,1.0,
202400006386,155 770 537,A01,1.0,7.0,0,1,2,1,1.0,
202400006387,155 770 536,A01,1.0,37.0,0,1,3,1,1.0,1
202400006388,155 770 533,A01,1.0,7.0,0,2,1,1,1.0,
202400006389,155 770 531,A01,0.0,7.0,0,2,7,26,0.0,
202400006390,155 770 532,A01,1.0,7.0,0,1,3,0,1.0,
202400006391,155 770 529,A01,3.0,30.0,0,2,1,18,3.0,
202400006392,155 770 527,A01,1.0,7.0,0,2,3,13,1.0,
202400006393,155 770 526,A01,1.0,33.0,0,1,1,1,1.0,
202400006394,155 770 524,A01,1.0,7.0,0,2,1,19,1.0,
202400006395,155 770 520,A01,2.0,7.0,0,2,4,1,1.0,
202400006396,155 770 521,A01,1.0,7.0,0,2,1,1,1.0,
202400006397,155 770 518,B01,1.0,7.0,0,2,3,16,2.0,
202400006398,155 770 516,A01,3.0,7.0,0,2,7,16,1.0,
202400006399,155 770 513,B01,2.0,33.0,8,2,3,1,1.0,
202400006400,155 770 509,A01,1.0,33.0,0,1,3,1,1.0,
202400006401,155 770 510,A01,2.0,50.0,0,9,8,2,3.0,
202400006402,155 770 511,B01,3.0,1.0,0,2,7,1,5.0,
202400006403,155 770 506,A01,2.0,10.0,0,2,1,15,1.0,
202400006404,155 770 507,A01,1.0,10.0,0,1,2,1,1.0,
202400006405,155 770 505,A01,2.0,7.0,0,1,2,1,1.0,
202400006406,155 770 502,A01,1.0,10.0,0,2,6,26,1.0,
202400006407,155 770 503,A01,2.0,33.0,6,0,1,14,1.0,
202400006408,155 770 498,A01,3.0,32.0,0,2,3,11,1.0,
202400006409,155 770 494,A01,1.0,31.0,0,0,1,1,6.0,
202400006410,155 770 496,B01,1.0,7.0,0,2,4,1,1.0,
202400006411,155 770 495,C01,2.0,7.0,0,2,1,2,3.0,
202400006412,155 770 493,A01,1.0,33.0,0,0,0,1,1.0,
202400006413,155 770 492,A01,1.0,7.0,13,0,1,1,1.0,
202400006414,155 770 490,A01,1.0,7.0,0,1,1,1,1.0,
202400006415,155 770 489,B01,3.0,7.0,0,2,1,1,1.0,
202400006416,155 770 488,A01,1.0,33.0,12,0,1,1,1.0,
202400006417,155 770 487,A01,1.0,7.0,4,0,3,13,1.0,
202400006418,155 770 484,A01,1.0,33.0,14,0,1,6,1.0,
202400006419,155 770 483,A01,1.0,7.0,0,2,7,19,1.0,
202400006420,155 770 482,A01,1.0,7.0,0,2,4,2,1.0,
202400006421,155 770 480,A01,2.0,7.0,6,2,8,9,1.0,
202400006422,155 770 478,A01,3.0,7.0,13,0,2,17,1.0,
202400006423,155 770 475,A01,1.0,7.0,0,2,1,1,1.0,
202400006424,155 770 476,A01,2.0,33.0,0,2,1,1,1.0,
202400006425,155 770 474,A01,2.0,7.0,0,1,2,2,3.0,
202400006426,155 770 473,A01,2.0,7.0,13,0,9,1,1.0,
202400006427,155 770 472,A01,1.0,7.0,13,0,1,1,1.0,
202400006428,155 770 471,A01,1.0,7.0,0,1,2,1,1.0,
202400006429,155 770 470,A01,1.0,33.0,3,0,3,1,1.0,
202400006430,155 770 469,A01,1.0,7.0,13,0,1,1,1.0,
202400006431,155 770 465,A01,1.0,33.0,0,2,1,17,1.0,
202400006432,155 770 467,B01,3.0,7.0,8,2,1,1,1.0,
202400006433,155 770 462,A01,1.0,7.0,0,0,3,15,1.0,
202400006434,155 770 461,A01,2.0,30.0,0,2,1,2,1.0,
202400006435,155 770 459,A01,2.0,7.0,0,2,1,1,1.0,
202400006436,155 770 457,A01,3.0,33.0,15,0,3,1,1.0,
202400006437,155 770 455,A01,1.0,7.0,0,2,3,1,1.0,
202400006438,155 770 454,B01,1.0,14.0,0,0,1,1,1.0,
202400006439,155 770 452,A01,1.0,43.0,0,2,1,13,1.0,
202400006440,155 770 450,A01,3.0,10.0,0,1,5,4,1.0,
202400006441,155 770 451,A01,1.0,38.0,0,1,3,1,1.0,1
202400006442,155 770 449,A01,2.0,7.0,6,0,2,1,1.0,
202400006443,155 770 446,B01,1.0,1.0,0,2,8,1,5.0,
202400006444,155 770 445,A01,3.0,10.0,0,2,1,15,1.0,
202400006445,155 770 443,A01,1.0,7.0,0,2,2,12,1.0,
202400006446,155 770 442,A01,1.0,31.0,14,0,1,0,1.0,
202400006447,155 770 441,A01,1.0,7.0,1,0,2,1,1.0,
202400006448,155 770 439,A01,2.0,7.0,0,2,2,13,1.0,
202400006449,155 770 437,A01,2.0,7.0,0,2,1,1,1.0,
202400006450,155 770 436,A01,2.0,7.0,8,0,1,15,1.0,
202400006451,155 770 434,A01,2.0,7.0,0,2,2,9,1.0,
202400006452,155 770 433,A01,1.0,32.0,1,0,1,17,1.0,
202400006453,155 770 431,A01,3.0,7.0,0,2,7,15,1.0,
202400006454,155 770 430,A01,2.0,7.0,3,0,1,13,1.0,
202400006455,155 770 428,A01,2.0,7.0,0,2,1,2,1.0,
202400006456,155 770 426,B01,3.0,7.0,0,2,8,9,1.0,
202400006457,155 770 425,A01,3.0,7.0,0,1,2,1,1.0,
202400006458,155 770 423,A01,2.0,7.0,0,2,3,26,1.0,
202400006459,155 770 422,A01,3.0,7.0,0,1,1,19,0.0,
202400006460,155 770 420,A01,3.0,33.0,0,2,6,14,1.0,
202400006461,155 770 416,A01,1.0,7.0,0,9,2,15,1.0,
202400006462,155 770 415,A01,1.0,50.0,0,0,0,1,3.0,
202400006463,155 770 413,B01,1.0,7.0,0,2,8,10,1.0,
202400006464,155 770 412,A01,1.0,7.0,0,1,1,1,1.0,
202400006465,155 770 410,B01,1.0,7.0,8,0,1,2,1.0,
202400006466,155 770 409,A01,2.0,50.0,0,1,1,26,3.0,
202400006467,155 770 407,A01,2.0,10.0,0,2,3,9,1.0,
202400006468,155 770 406,A01,3.0,7.0,0,1,3,15,2.0,
202400006469,155 770 405,A01,1.0,10.0,8,0,1,26,1.0,
202400006470,155 770 401,A01,1.0,7.0,0,2,3,1,1.0,
202400006471,155 770 400,A01,2.0,7.0,0,1,3,16,1.0,
202400006472,155 770 398,A01,3.0,33.0,0,0,3,15,1.0,
202400006473,155 770 399,A01,3.0,7.0,9,0,1,1,1.0,
202400006474,155 770 397,A01,1.0,7.0,4,0,2,1,1.0,
202400006475,155 770 394,A01,3.0,7.0,0,2,3,1,1.0,
202400006476,155 770 391,A01,2.0,21.0,0,2,3,1,1.0,
202400006477,155 770 393,B01,1.0,7.0,0,2,5,2,1.0,
202400006478,155 770 390,A01,2.0,33.0,0,0,0,0,1.0,
202400006479,155 770 387,A01,2.0,7.0,0,2,1,5,1.0,
202400006480,155 770 385,A01,1.0,7.0,4,0,3,0,1.0,
202400006481,155 770 386,A01,0.0,7.0,0,0,6,0,1.0,
202400006482,155 770 383,A01,2.0,17.0,0,0,4,23,1.0,
202400006483,155 770 382,A01,1.0,34.0,4,0,2,1,1.0,
202400006484,155 770 380,A01,2.0,10.0,2,0,1,0,1.0,
202400006485,155 770 378,A01,2.0,7.0,0,2,1,2,1.0,
202400006486,155 770 377,A01,1.0,7.0,3,0,2,13,1.0,
202400006487,155 770 376,A01,1.0,7.0,0,2,3,9,1.0,
202400006488,155 770 374,A01,1.0,7.0,13,2,5,17,1.0,
202400006489,155 770 373,A01,2.0,50.0,5,0,1,1,3.0,
202400006490,155 770 372,A01,2.0,7.0,0,1,1,1,1.0,
202400006491,155 770 371,A01,2.0,7.0,0,1,1,15,1.0,
202400006492,155 770 368,A01,3.0,7.0,0,2,1,0,2.0,
202400006493,155 770 367,A01,2.0,30.0,11,0,1,1,3.0,
202400006494,155 770 363,A01,3.0,15.0,0,2,2,1,1.0,
202400006495,155 770 361,A01,3.0,7.0,0,2,3,15,1.0,
202400006496,155 770 359,A01,1.0,7.0,0,1,1,1,1.0,
202400006497,155 770 358,A01,1.0,14.0,2,0,3,13,1.0,
202400006498,155 770 356,A01,2.0,7.0,0,2,1,13,1.0,
202400006499,155 770 354,A01,2.0,7.0,9,2,1,1,1.0,
202400006500,155 770 351,A01,1.0,10.0,0,2,3,13,1.0,
202400006501,155 770 353,A01,2.0,10.0,0,1,1,1,1.0,
202400006502,155 770 349,A01,1.0,7.0,0,2,3,13,1.0,
202400006503,155 770 348,A01,1.0,7.0,4,0,1,16,1.0,
202400006504,155 770 345,A01,1.0,7.0,0,2,1,2,1.0,
202400006505,155 770 344,A01,1.0,7.0,3,2,5,1,1.0,
202400006506,155 770 343,A01,3.0,32.0,4,0,8,1,1.0,
202400006507,155 770 338,A01,0.0,7.0,0,2,3,20,1.0,
202400006508,155 770 337,A01,1.0,10.0,0,2,1,1,1.0,
202400006509,155 770 334,A01,0.0,50.0,0,2,0,1,3.0,
202400006510,155 770 333,B01,1.0,10.0,0,2,1,1,1.0,
202400006511,155 770 329,B01,3.0,2.0,0,2,8,0,1.0,
202400006512,155 770 327,A01,1.0,7.0,0,1,3,0,1.0,
202400006513,155 770 328,C01,2.0,7.0,0,2,6,1,1.0,
202400006514,155 770 325,A01,1.0,7.0,0,2,2,9,1.0,
202400006515,155 770 324,A01,1.0,7.0,3,0,8,2,1.0,
202400006516,155 770 321,B01,1.0,7.0,0,2,0,1,1.0,
202400006517,155 770 320,A01,2.0,33.0,0,2,1,3,1.0,
202400006518,155 770 318,A01,0.0,10.0,0,1,2,0,0.0,
202400006519,155 770 317,A01,2.0,7.0,0,2,8,11,1.0,
202400006520,155 770 315,A01,1.0,7.0,3,0,3,16,1.0,
202400006521,155 770 314,A01,1.0,7.0,0,2,2,15,1.0,
202400006522,155 770 313,A01,3.0,10.0,0,1,4,26,1.0,
202400006523,155 770 312,A01,1.0,37.0,0,1,4,20,1.0,1
202400006524,155 770 310,A01,3.0,7.0,13,0,1,1,1.0,
202400006525,155 770 308,A01,1.0,10.0,0,2,3,1,1.0,
202400006526,155 770 307,A01,2.0,7.0,0,2,3,19,2.0,
202400006527,155 770 306,A01,1.0,7.0,8,0,1,13,1.0,
202400006528,155 770 305,A01,1.0,7.0,13,0,9,21,1.0,
202400006529,155 770 302,A01,3.0,3.0,13,0,1,1,3.0,
202400006530,155 770 301,B01,1.0,7.0,0,2,6,26,1.0,
202400006531,155 770 297,C01,2.0,7.0,0,2,8,1,2.0,
202400006532,155 770 296,B01,2.0,7.0,0,0,4,2,1.0,
202400006533,155 770 294,B01,1.0,0.0,0,0,0,5,0.0,
202400006534,155 770 291,B01,3.0,7.0,0,2,8,19,1.0,
202400006535,155 770 292,A01,1.0,7.0,0,1,1,9,1.0,
202400006536,155 770 287,B01,1.0,7.0,0,9,3,1,1.0,
202400006537,155 770 286,A01,1.0,7.0,0,2,3,18,1.0,
202400006538,155 770 285,A01,1.0,39.0,0,1,2,1,3.0,
202400006539,155 770 282,A01,3.0,33.0,0,2,1,5,1.0,
202400006540,155 770 280,B01,3.0,7.0,0,2,1,1,1.0,
202400006541,155 770 279,A01,2.0,7.0,0,2,8,1,1.0,
202400006542,155 770 276,A01,1.0,30.0,0,0,0,0,3.0,
202400006543,155 770 275,A01,1.0,7.0,0,2,1,15,1.0,
202400006544,155 770 274,B01,1.0,7.0,0,2,7,1,1.0,
202400006545,155 770 271,A01,1.0,7.0,0,2,3,0,1.0,
202400006546,155 770 270,A01,1.0,0.0,0,1,0,1,0.0,
202400006547,155 770 268,C01,2.0,7.0,0,2,2,13,1.0,
202400006548,155 770 267,A01,1.0,37.0,0,1,1,1,0.0,1
202400006549,155 770 265,B01,1.0,31.0,0,2,1,1,1.0,
202400006550,155 770 264,A01,2.0,7.0,1,0,0,0,1.0,
202400006551,155 770 263,A01,2.0,7.0,0,1,1,16,1.0,
202400006552,155 770 262,A01,3.0,7.0,0,1,2,16,1.0,
202400006553,155 770 259,B01,2.0,7.0,0,2,4,2,1.0,
202400006554,155 770 258,A01,2.0,7.0,0,2,1,1,1.0,
202400006555,155 770 256,A01,3.0,7.0,0,1,1,16,1.0,
202400006556,155 770 255,A01,2.0,7.0,0,2,1,2,1.0,
202400006557,155 770 251,B01,2.0,7.0,0,2,3,1,1.0,
202400006558,155 770 248,B01,1.0,37.0,0,2,3,1,0.0,1
202400006559,155 770 247,A01,0.0,7.0,0,2,2,10,1.0,
202400006560,155 770 245,A01,1.0,31.0,0,2,1,1,1.0,
202400006561,155 770 243,A01,1.0,7.0,0,2,3,0,2.0,
202400006562,155 770 242,A01,1.0,7.0,6,0,1,16,1.0,
202400006563,155 770 240,A01,1.0,13.0,0,0,0,15,3.0,
202400006564,155 770 235,A01,3.0,50.0,0,1,2,25,3.0,
202400006565,155 770 236,A01,1.0,7.0,0,2,1,0,1.0,
202400006566,155 770 234,A01,1.0,7.0,6,0,0,0,1.0,
202400006567,155 770 232,A01,3.0,7.0,0,1,1,0,1.0,
202400006568,155 770 231,A01,3.0,7.0,1,0,2,1,3.0,
202400006569,155 770 230,A01,1.0,7.0,0,1,0,26,1.0,
202400006570,155 770 227,A01,1.0,80.0,0,0,0,1,3.0,
202400006571,155 770 226,A01,2.0,33.0,0,0,0,24,1.0,
202400006572,155 770 224,A01,1.0,7.0,6,0,0,0,1.0,
202400006573,155 770 222,B01,2.0,7.0,0,2,5,17,1.0,
202400006574,155 770 221,A01,1.0,7.0,0,0,0,0,1.0,
202400006575,155 770 220,B01,1.0,7.0,0,2,8,1,1.0,
202400006576,155 770 218,A01,1.0,7.0,0,0,0,0,1.0,
202400006577,155 770 217,B01,2.0,14.0,1,2,8,1,1.0,
202400006578,155 770 215,B01,3.0,20.0,0,2,1,26,6.0,
202400006579,155 770 212,A01,1.0,33.0,0,2,1,0,1.0,
202400006580,155 770 210,B01,2.0,7.0,0,2,1,1,1.0,
202400006581,155 770 211,A01,1.0,7.0,0,1,2,1,1.0,
202400006582,155 770 209,A01,1.0,7.0,8,0,1,1,1.0,
202400006583,155 770 207,A01,2.0,1.0,0,1,1,1,5.0,
202400006584,155 770 206,A01,2.0,17.0,6,0,1,1,1.0,
202400006585,155 770 203,A01,1.0,7.0,1,1,3,15,1.0,
202400006586,155 770 202,B01,1.0,1.0,0,2,7,26,5.0,
202400006587,155 770 204,A01,2.0,80.0,0,1,1,1,3.0,
202400006588,155 770 199,A01,3.0,7.0,0,2,8,15,1.0,
202400006589,155 770 198,A01,1.0,10.0,0,2,3,10,1.0,
202400006590,155 770 196,A01,2.0,7.0,0,2,1,13,1.0,
202400006591,155 770 193,A01,3.0,7.0,0,0,3,1,1.0,
202400006592,155 770 190,B01,3.0,7.0,0,2,1,1,1.0,
202400006593,155 770 191,B01,1.0,7.0,0,2,1,1,2.0,
202400006594,155 770 187,A01,2.0,10.0,0,0,9,13,1.0,
202400006595,155 770 188,A01,2.0,7.0,0,2,1,1,1.0,
202400006596,155 770 185,A01,2.0,7.0,0,2,3,9,2.0,
202400006597,155 770 184,A01,1.0,7.0,0,1,1,1,0.0,
202400006598,155 770 182,B01,1.0,7.0,0,2,3,1,2.0,
202400006599,155 770 180,A01,2.0,7.0,8,0,1,1,1.0,
202400006600,155 770 179,A01,1.0,7.0,0,1,1,1,1.0,
202400006601,155 770 178,A01,1.0,7.0,0,1,1,1,1.0,
202400006602,155 770 176,B01,1.0,50.0,0,4,6,1,3.0,
202400006603,155 770 174,A01,3.0,7.0,1,1,4,1,1.0,
202400006604,155 770 173,A01,0.0,7.0,0,1,6,15,1.0,
202400006605,155 770 172,B01,0.0,37.0,0,2,1,7,1.0,2
202400006606,155 770 170,B01,2.0,7.0,0,2,1,1,1.0,
202400006607,155 770 169,A01,3.0,39.0,0,1,1,1,0.0,
202400006608,155 770 168,A01,1.0,7.0,6,0,1,0,1.0,
202400006609,155 770 167,A01,2.0,30.0,0,0,0,1,1.0,
202400006610,155 770 166,A01,3.0,7.0,0,1,1,12,1.0,
202400006611,155 770 164,A01,2.0,7.0,0,9,0,0,2.0,
202400006612,155 770 161,A01,3.0,7.0,0,2,3,0,1.0,
202400006613,155 770 160,A01,2.0,7.0,0,2,1,2,1.0,
202400006614,155 770 158,A01,3.0,7.0,0,1,2,22,1.0,
202400006615,155 770 156,A01,3.0,7.0,0,0,1,0,1.0,
202400006616,155 770 157,A01,0.0,7.0,0,2,2,12,1.0,
202400006617,155 770 155,A01,3.0,7.0,0,0,0,0,1.0,
202400006618,155 770 154,A01,1.0,7.0,0,1,3,1,1.0,
202400006619,155 770 152,B01,2.0,2.0,0,2,1,1,0.0,
202400006620,155 770 151,A01,2.0,31.0,12,0,0,1,1.0,
202400006621,155 770 148,A01,1.0,3.0,0,0,3,1,1.0,
202400006622,155 770 149,A01,3.0,7.0,0,2,1,14,1.0,
202400006623,155 770 146,A01,2.0,33.0,0,2,2,17,1.0,
202400006624,155 770 144,A01,0.0,7.0,0,9,2,15,1.0,
202400006625,155 770 143,A01,1.0,7.0,0,1,2,16,1.0,
202400006626,155 770 142,A01,1.0,7.0,0,1,2,1,1.0,
202400006627,155 770 138,B01,2.0,15.0,0,2,8,1,1.0,
202400006628,155 770 137,A01,2.0,33.0,0,2,3,1,1.0,
202400006629,155 770 136,B01,3.0,7.0,0,2,7,2,1.0,
202400006630,155 770 134,A01,1.0,7.0,0,1,2,19,6.0,
202400006631,155 770 132,A01,1.0,7.0,0,2,4,20,1.0,
202400006632,155 770 131,A01,2.0,7.0,0,2,1,1,1.0,
202400006633,155 770 130,A01,2.0,7.0,0,1,1,1,1.0,
202400006634,155 770 128,A01,2.0,7.0,13,0,2,1,1.0,
202400006635,155 770 126,A01,1.0,37.0,0,2,2,15,1.0,1
202400006636,155 770 125,B01,1.0,2.0,0,2,8,13,1.0,
202400006637,155 770 121,B01,1.0,1.0,0,2,1,0,5.0,
202400006638,155 770 118,A01,3.0,7.0,0,2,3,15,1.0,
202400006639,155 770 117,A01,2.0,10.0,0,2,1,2,1.0,
202400006640,155 770 116,A01,2.0,50.0,0,0,0,1,3.0,
202400006641,155 770 114,A01,1.0,7.0,9,0,1,1,1.0,
202400006642,155 770 113,A01,3.0,7.0,0,2,7,14,1.0,
202400006643,155 770 110,B01,2.0,14.0,0,2,3,1,1.0,
202400006644,155 770 109,B01,2.0,21.0,0,2,4,2,0.0,
202400006645,155 770 107,A01,1.0,7.0,0,1,1,26,1.0,
202400006646,155 770 105,A01,1.0,7.0,0,2,3,15,2.0,
202400006647,155 770 104,A01,1.0,33.0,2,2,0,1,1.0,
202400006648,155 770 102,T01,2.0,7.0,3,0,1,21,1.0,
202400006649,155 770 101,A01,1.0,7.0,7,0,1,14,1.0,
202400006650,155 770 100,A01,2.0,7.0,0,1,1,1,1.0,
202400006651,155 770 099,A01,1.0,31.0,3,0,1,14,1.0,
202400006652,155 770 097,A01,2.0,10.0,4,0,1,2,1.0,
202400006653,155 770 096,A01,2.0,7.0,0,1,1,1,1.0,
202400006654,155 770 095,A01,2.0,7.0,0,2,6,1,1.0,
202400006655,155 770 092,Z01,,0.0,-1,-1,-1,-1,,
202400006656,155 770 091,A01,2.0,7.0,0,0,2,1,1.0,
202400006657,155 770 090,B01,2.0,7.0,0,2,7,1,1.0,
202400006658,155 770 089,A01,3.0,7.0,0,1,3,15,1.0,
202400006659,155 770 086,A01,1.0,7.0,0,1,3,15,1.0,
202400006660,155 770 085,A01,2.0,7.0,0,2,3,13,0.0,
202400006661,155 770 084,B01,2.0,7.0,16,2,6,9,1.0,
202400006662,155 770 081,A01,0.0,7.0,0,0,0,1,1.0,
202400006663,155 770 080,B01,1.0,7.0,0,2,2,1,1.0,
202400006664,155 770 079,B01,1.0,30.0,0,2,8,15,1.0,
202400006665,155 770 075,A01,0.0,33.0,0,2,1,1,1.0,
202400006666,155 770 076,A01,2.0,7.0,0,2,5,1,1.0,
202400006667,155 770 074,A01,2.0,7.0,15,0,2,19,1.0,
202400006668,155 770 070,A01,3.0,7.0,0,2,3,1,1.0,
202400006669,155 770 069,B01,3.0,21.0,0,2,5,1,1.0,
202400006670,155 770 067,A01,2.0,7.0,0,2,1,1,1.0,
202400006671,155 770 065,A01,2.0,80.0,0,0,0,0,3.0,
202400006672,155 770 064,A01,3.0,7.0,0,9,1,2,2.0,
202400006673,155 770 061,A01,1.0,7.0,0,0,9,14,1.0,
202400006674,155 770 060,A01,1.0,7.0,0,2,2,15,2.0,
202400006675,155 770 058,A01,3.0,7.0,0,1,2,1,2.0,
202400006676,155 770 057,A01,1.0,80.0,0,1,1,1,3.0,
202400006677,155 770 056,A01,2.0,7.0,2,0,1,13,1.0,
202400006678,155 770 054,A01,0.0,2.0,0,0,0,1,1.0,
202400006679,155 770 053,A01,3.0,30.0,0,2,1,9,1.0,
202400006680,155 770 051,A01,1.0,7.0,0,1,2,1,1.0,
202400006681,155 770 048,A01,3.0,7.0,0,1,8,1,1.0,
202400006682,155 770 046,A01,2.0,7.0,0,2,1,2,1.0,
202400006683,155 770 045,A01,2.0,7.0,0,2,2,19,1.0,
202400006684,155 770 042,B01,2.0,33.0,0,2,2,0,1.0,
202400006685,155 770 041,A01,1.0,7.0,0,1,3,1,1.0,
202400006686,155 770 040,A01,2.0,7.0,13,0,1,21,1.0,
202400006687,155 770 036,A01,1.0,7.0,0,2,5,2,1.0,
202400006688,155 770 033,B01,1.0,7.0,0,2,3,1,1.0,
202400006689,155 770 032,B01,1.0,7.0,0,2,4,2,1.0,
202400006690,155 770 031,A01,3.0,10.0,0,0,9,4,1.0,
202400006691,155 770 030,A01,3.0,7.0,0,1,3,1,1.0,
202400006692,155 770 027,A01,2.0,30.0,12,2,8,5,1.0,
202400006693,155 770 026,A01,1.0,7.0,0,1,2,1,1.0,
202400006694,155 770 022,A01,2.0,32.0,1,0,0,1,1.0,
202400006695,155 770 020,A01,1.0,7.0,0,2,1,1,1.0,
202400006696,155 770 021,B01,1.0,7.0,0,2,3,15,1.0,
202400006697,155 770 019,A01,1.0,30.0,8,0,0,1,1.0,
202400006698,155 770 016,B01,1.0,10.0,0,2,3,1,1.0,
202400006699,155 770 014,A01,0.0,39.0,0,1,7,19,6.0,
202400006700,155 770 015,B01,1.0,10.0,0,0,7,15,1.0,
202400006701,155 770 012,A01,1.0,7.0,0,2,1,17,1.0,
202400006702,155 770 009,A01,3.0,31.0,0,2,1,1,1.0,
202400006703,155 770 008,B01,1.0,7.0,0,2,8,15,1.0,
202400006704,155 770 007,A01,1.0,31.0,2,0,0,2,1.0,
202400006705,155 770 004,A01,2.0,34.0,13,0,2,1,1.0,
202400006706,155 770 005,A01,2.0,7.0,0,2,1,2,1.0,
202400006707,155 770 003,A01,2.0,33.0,0,0,2,17,1.0,
202400006708,155 770 001,A01,1.0,32.0,0,0,3,1,3.0,
202400006709,155 769 999,A01,3.0,7.0,0,2,3,9,1.0,
202400006710,155 769 998,B01,2.0,1.0,0,2,6,1,5.0,
202400006711,155 769 993,B01,2.0,15.0,0,2,1,19,1.0,
202400006712,155 769 992,A01,2.0,7.0,0,2,3,13,1.0,
202400006713,155 769 994,A01,2.0,50.0,0,1,1,1,3.0,
202400006714,155 769 988,B01,1.0,7.0,0,2,1,9,1.0,
202400006715,155 769 986,B01,1.0,7.0,0,2,3,1,1.0,
202400006716,155 769 987,A01,1.0,10.0,0,2,2,15,1.0,
202400006717,155 769 985,A01,1.0,33.0,1,0,1,2,1.0,
202400006718,155 769 984,A01,1.0,33.0,0,0,0,0,1.0,
202400006719,155 769 983,Z01,1.0,30.0,0,1,1,5,0.0,
202400006720,155 769 981,A01,1.0,7.0,0,0,7,13,1.0,
202400006721,155 769 980,A01,2.0,33.0,6,0,3,13,1.0,
202400006722,155 769 977,B01,2.0,7.0,0,2,4,1,1.0,
202400006723,155 769 976,B01,1.0,1.0,0,2,1,16,5.0,
202400006724,155 769 975,A01,3.0,7.0,2,0,1,13,1.0,
202400006725,155 769 971,A01,1.0,7.0,0,2,2,17,1.0,
202400006726,155 769 970,A01,2.0,3.0,0,2,1,1,1.0,
202400006727,155 769 969,B01,1.0,1.0,0,0,4,15,5.0,
202400006728,155 769 966,A01,1.0,30.0,0,2,0,18,1.0,
202400006729,155 769 963,A01,3.0,7.0,16,0,9,4,1.0,
202400006730,155 769 964,A01,1.0,10.0,0,2,3,15,1.0,
202400006731,155 769 962,A01,1.0,1.0,0,0,1,1,5.0,
202400006732,155 769 959,A01,1.0,7.0,0,2,3,1,1.0,
202400006733,155 769 958,A01,2.0,80.0,0,2,0,21,3.0,
202400006734,155 769 957,A01,3.0,7.0,2,0,2,1,1.0,
202400006735,155 769 955,A01,1.0,80.0,0,1,1,1,3.0,
202400006736,155 769 953,A01,3.0,2.0,0,2,2,19,1.0,
202400006737,155 769 951,A01,2.0,7.0,0,2,3,24,1.0,
202400006738,155 769 948,B01,1.0,33.0,0,2,1,1,1.0,
202400006739,155 769 945,B01,1.0,7.0,8,2,3,1,1.0,
202400006740,155 769 946,A01,3.0,7.0,0,0,2,15,1.0,
202400006741,155 769 943,A01,1.0,7.0,0,2,8,22,1.0,
202400006742,155 769 942,A01,2.0,32.0,4,0,2,1,1.0,
202400006743,155 769 940,A01,1.0,15.0,0,2,2,12,1.0,
202400006744,155 769 939,A01,3.0,30.0,0,0,0,1,1.0,
202400006745,155 769 937,A01,2.0,50.0,0,0,0,1,3.0,
202400006746,155 769 936,A01,2.0,10.0,0,2,1,2,1.0,
202400006747,155 769 933,A01,2.0,1.0,0,2,8,5,5.0,
202400006748,155 769 932,B01,3.0,7.0,0,2,1,1,0.0,
202400006749,155 769 930,A01,2.0,7.0,12,0,0,0,1.0,
202400006750,155 769 929,B01,2.0,7.0,0,2,3,1,1.0,