Num_Acc,id_vehicule,num_veh,senc,catv,obs,obsm,choc,manv,motor,occutc
202400006751,155 769 928,A01,2.0,50.0,0,1,1,1,3.0,
202400006752,155 769 926,A01,3.0,7.0,0,1,1,1,1.0,
202400006753,155 769 924,A01,2.0,1.0,0,2,4,1,5.0,
202400006754,155 769 925,A01,2.0,7.0,6,0,0,0,1.0,
202400006755,155 769 923,A01,1.0,7.0,6,0,3,13,1.0,
202400006756,155 769 921,A01,3.0,7.0,15,0,1,0,1.0,
202400006757,155 769 922,A01,1.0,33.0,0,0,0,0,1.0,
202400006758,155 769 917,B01,3.0,50.0,0,2,5,1,3.0,
202400006759,155 769 919,A01,2.0,7.0,0,0,0,0,1.0,
202400006760,155 769 916,B01,2.0,33.0,0,2,0,1,1.0,
202400006761,155 769 915,A01,1.0,60.0,0,0,0,0,5.0,
202400006762,155 769 914,A01,1.0,10.0,0,1,1,1,0.0,
202400006763,155 769 912,A01,2.0,7.0,0,0,0,0,1.0,
202400006764,155 769 911,B01,2.0,7.0,0,2,6,15,2.0,
202400006765,155 769 908,A01,1.0,7.0,3,0,0,0,1.0,
202400006766,155 769 905,A01,2.0,7.0,0,2,2,15,1.0,
202400006767,155 769 906,C01,3.0,7.0,0,2,6,1,1.0,
202400006768,155 769 903,A01,1.0,7.0,0,2,0,26,1.0,
202400006769,155 769 901,A01,2.0,7.0,0,1,1,1,1.0,
202400006770,155 769 900,A01,3.0,7.0,0,2,4,15,1.0,
202400006771,155 769 898,A01,2.0,7.0,0,2,1,17,1.0,
202400006772,155 769 893,B01,2.0,1.0,0,2,1,13,5.0,
202400006773,155 769 895,A01,0.0,7.0,0,9,1,15,1.0,
202400006774,155 769 892,B01,1.0,7.0,0,2,1,1,1.0,
202400006775,155 769 890,A01,1.0,37.0,1,9,7,17,1.0,1
202400006776,155 769 888,A01,3.0,10.0,0,0,-1,9,1.0,
202400006777,155 769 887,B01,1.0,1.0,0,2,1,1,5.0,
202400006778,155 769 886,A01,3.0,7.0,0,1,3,16,1.0,
202400006779,155 769 883,B01,1.0,37.0,0,2,8,26,0.0,1
202400006780,155 769 884,A01,2.0,31.0,0,0,2,26,3.0,
202400006781,155 769 882,A01,3.0,2.0,12,0,0,1,1.0,
202400006782,155 769 880,A01,2.0,7.0,0,1,3,1,2.0,
202400006783,155 769 881,Z01,2.0,32.0,0,1,1,26,0.0,
202400006784,155 769 879,A01,2.0,7.0,6,0,1,1,1.0,
202400006785,155 769 877,B01,2.0,7.0,0,2,4,1,1.0,
202400006786,155 769 876,A01,1.0,7.0,0,1,3,1,1.0,
202400006787,155 769 874,B01,3.0,10.0,0,2,3,19,1.0,
202400006788,155 769 872,A01,2.0,7.0,0,1,2,1,1.0,
202400006789,155 769 870,B01,2.0,7.0,0,2,1,2,1.0,
202400006790,155 769 867,A01,2.0,7.0,0,1,2,26,1.0,
202400006791,155 769 868,B01,3.0,33.0,0,2,1,1,1.0,
202400006792,155 769 865,B01,1.0,33.0,0,2,1,1,1.0,
202400006793,155 769 863,A01,3.0,7.0,0,0,1,1,1.0,
202400006794,155 769 862,B01,1.0,33.0,0,2,2,1,1.0,
202400006795,155 769 859,B01,2.0,7.0,0,2,3,13,1.0,
202400006796,155 769 858,B01,2.0,10.0,0,2,7,1,1.0,
202400006797,155 769 857,A01,2.0,7.0,13,0,1,1,1.0,
202400006798,155 769 855,A01,3.0,30.0,0,1,1,1,1.0,
202400006799,155 769 854,A01,1.0,10.0,0,2,3,1,1.0,
202400006800,155 769 852,A01,1.0,7.0,0,2,3,15,1.0,
202400006801,155 769 851,A01,3.0,37.0,6,0,3,1,2.0,2
202400006802,155 769 850,A01,2.0,7.0,0,1,3,1,0.0,
202400006803,155 769 848,A01,1.0,7.0,0,2,1,1,1.0,
202400006804,155 769 847,A01,1.0,7.0,1,0,3,20,1.0,
202400006805,155 769 846,A01,2.0,7.0,2,0,1,1,1.0,
202400006806,155 769 844,A01,2.0,33.0,0,0,0,0,1.0,
202400006807,155 769 843,A01,2.0,7.0,13,0,9,21,1.0,
202400006808,155 769 842,A01,3.0,31.0,0,2,8,21,1.0,
202400006809,155 769 839,A01,1.0,7.0,2,0,2,0,1.0,
202400006810,155 769 837,A01,3.0,7.0,0,2,5,16,1.0,
202400006811,155 769 836,A01,1.0,7.0,0,0,9,1,1.0,
202400006812,155 769 834,A01,0.0,7.0,0,1,4,4,1.0,
202400006813,155 769 832,A01,2.0,1.0,0,0,0,0,5.0,
202400006814,155 769 833,B01,1.0,7.0,0,2,1,1,1.0,
202400006815,155 769 830,B01,1.0,7.0,0,2,3,1,1.0,
202400006816,155 769 828,A01,2.0,7.0,0,2,1,15,0.0,
202400006817,155 769 827,A01,1.0,7.0,6,0,1,1,3.0,
202400006818,155 769 824,A01,3.0,7.0,0,1,4,4,1.0,
202400006819,155 769 823,A01,1.0,33.0,0,2,1,1,1.0,
202400006820,155 769 826,A01,2.0,7.0,4,0,1,17,1.0,
202400006821,155 769 821,A01,1.0,7.0,0,2,6,15,1.0,
202400006822,155 769 819,A01,1.0,7.0,0,2,2,1,1.0,
202400006823,155 769 817,A01,2.0,33.0,0,2,1,1,1.0,
202400006824,155 769 813,A01,1.0,33.0,0,2,1,1,1.0,
202400006825,155 769 810,A01,2.0,14.0,0,2,2,12,1.0,
202400006826,155 769 808,A01,1.0,7.0,6,0,1,13,1.0,
202400006827,155 769 809,A01,1.0,33.0,1,2,1,1,0.0,
202400006828,155 769 805,B01,1.0,33.0,13,2,8,2,1.0,
202400006829,155 769 806,A01,2.0,7.0,4,0,3,0,1.0,
202400006830,155 769 801,A01,1.0,7.0,0,2,3,13,1.0,
202400006831,155 769 800,A01,0.0,7.0,0,2,1,0,1.0,
202400006832,155 769 799,A01,2.0,7.0,0,2,1,2,1.0,
202400006833,155 769 797,A01,1.0,7.0,0,2,2,1,1.0,
202400006834,155 769 796,A01,2.0,7.0,2,0,3,13,1.0,
202400006835,155 769 794,A01,1.0,7.0,0,2,1,17,1.0,
202400006836,155 769 791,A01,1.0,7.0,0,2,1,2,1.0,
202400006837,155 769 790,A01,2.0,7.0,0,2,3,13,0.0,
202400006838,155 769 788,B01,2.0,14.0,0,2,8,1,1.0,
202400006839,155 769 786,A01,2.0,7.0,16,0,9,0,1.0,
202400006840,155 769 785,A01,2.0,30.0,0,2,8,26,1.0,
202400006841,155 769 784,A01,1.0,7.0,2,0,1,1,1.0,
202400006842,155 769 781,B01,2.0,10.0,0,2,6,1,1.0,
202400006843,155 769 780,B01,1.0,34.0,0,0,7,1,1.0,
202400006844,155 769 778,A01,2.0,7.0,6,0,1,15,1.0,
202400006845,155 769 776,A01,2.0,10.0,0,2,8,19,1.0,
202400006846,155 769 777,A01,1.0,31.0,15,0,1,2,1.0,
202400006847,155 769 774,A01,1.0,7.0,0,0,4,1,1.0,
202400006848,155 769 773,A01,1.0,7.0,0,1,2,16,1.0,
202400006849,155 769 772,A01,2.0,7.0,8,0,3,1,0.0,
202400006850,155 769 771,A01,3.0,7.0,0,1,2,1,1.0,
202400006851,155 769 770,A01,2.0,7.0,2,0,2,1,1.0,
202400006852,155 769 769,A01,2.0,7.0,12,0,0,1,1.0,
202400006853,155 769 767,A01,2.0,10.0,0,9,2,2,1.0,
202400006854,155 769 765,B01,3.0,7.0,0,2,6,4,1.0,
202400006855,155 769 764,A01,3.0,7.0,0,1,1,1,1.0,
202400006856,155 769 761,A01,2.0,33.0,0,0,0,0,1.0,
202400006857,155 769 760,A01,1.0,7.0,0,2,8,15,1.0,
202400006858,155 769 759,A01,1.0,33.0,0,0,2,1,1.0,
202400006859,155 769 758,A01,1.0,7.0,13,0,3,1,2.0,
202400006860,155 769 757,A01,2.0,7.0,4,0,9,1,1.0,
202400006861,155 769 755,A01,1.0,7.0,0,2,3,1,1.0,
202400006862,155 769 754,A01,1.0,2.0,0,1,1,2,1.0,
202400006863,155 769 752,A01,1.0,2.0,0,0,9,1,1.0,
202400006864,155 769 753,A01,3.0,7.0,0,1,8,23,2.0,
202400006865,155 769 751,A01,0.0,2.0,0,0,7,1,1.0,
202400006866,155 769 750,A01,1.0,7.0,2,0,2,1,1.0,
202400006867,155 769 746,A01,2.0,7.0,0,2,9,17,1.0,
202400006868,155 769 745,A01,2.0,7.0,0,2,8,19,1.0,
202400006869,155 769 744,A01,1.0,7.0,0,1,2,1,1.0,
202400006870,155 769 743,A01,1.0,7.0,15,0,0,1,1.0,
202400006871,155 769 740,A01,1.0,7.0,0,2,1,15,1.0,
202400006872,155 769 738,A01,3.0,7.0,0,2,1,1,1.0,
202400006873,155 769 737,A01,2.0,7.0,2,0,1,13,1.0,
202400006874,155 769 736,A01,1.0,7.0,5,0,7,2,1.0,
202400006875,155 769 734,A01,1.0,7.0,8,2,3,13,1.0,
202400006876,155 769 733,UA01,0.0,7.0,2,0,1,21,1.0,
202400006877,155 769 730,B01,2.0,7.0,0,2,3,15,3.0,
202400006878,155 769 732,A01,2.0,7.0,15,0,2,1,1.0,
202400006879,155 769 729,A01,3.0,7.0,2,0,3,1,1.0,
202400006880,155 769 728,A01,3.0,7.0,0,1,1,1,1.0,
202400006881,155 769 725,B01,2.0,2.0,0,2,0,1,1.0,
202400006882,155 769 722,A01,3.0,7.0,0,2,2,15,1.0,
202400006883,155 769 721,A01,1.0,7.0,2,0,0,14,1.0,
202400006884,155 769 718,A01,2.0,7.0,0,2,2,16,1.0,
202400006885,155 769 719,A01,1.0,7.0,0,1,2,1,1.0,
202400006886,155 769 717,A01,2.0,7.0,0,1,3,1,1.0,
202400006887,155 769 715,A01,1.0,7.0,0,2,3,13,1.0,
202400006888,155 769 713,B01,1.0,7.0,0,2,2,1,1.0,
202400006889,155 769 712,A01,2.0,10.0,0,1,0,1,1.0,
202400006890,155 769 711,A01,1.0,30.0,0,1,2,17,1.0,
202400006891,155 769 710,A01,3.0,7.0,6,0,3,1,1.0,
202400006892,155 769 709,B01,0.0,7.0,0,0,0,0,,
202400006893,155 769 707,A01,2.0,33.0,0,2,1,1,1.0,
202400006894,155 769 705,A01,2.0,7.0,0,2,2,13,3.0,
202400006895,155 769 703,A01,2.0,33.0,0,2,8,1,1.0,
202400006896,155 769 701,A01,1.0,7.0,0,2,8,19,2.0,
202400006897,155 769 699,A01,2.0,31.0,0,2,1,26,1.0,
202400006898,155 769 698,A01,0.0,7.0,2,0,5,4,1.0,
202400006899,155 769 697,A01,2.0,36.0,12,0,0,1,1.0,
202400006900,155 769 695,A01,1.0,7.0,0,2,1,5,1.0,
202400006901,155 769 693,A01,1.0,7.0,10,0,1,1,1.0,
202400006902,155 769 692,A01,1.0,7.0,0,2,1,17,2.0,
202400006903,155 769 691,B01,0.0,10.0,1,1,1,1,1.0,
202400006904,155 769 690,A01,1.0,7.0,13,0,3,1,1.0,
202400006905,155 769 689,A01,1.0,33.0,16,0,9,17,1.0,
202400006906,155 769 687,B01,1.0,7.0,0,2,4,0,1.0,
202400006907,155 769 686,A01,2.0,34.0,13,0,1,18,1.0,
202400006908,155 769 684,A01,1.0,7.0,0,2,2,15,3.0,
202400006909,155 769 683,A01,1.0,7.0,0,1,1,1,1.0,
202400006910,155 769 680,A01,2.0,33.0,0,2,1,1,1.0,
202400006911,155 769 679,A01,2.0,7.0,0,2,1,1,1.0,
202400006912,155 769 677,A01,1.0,7.0,0,2,3,15,1.0,
202400006913,155 769 675,A01,1.0,7.0,0,0,6,23,1.0,
202400006914,155 769 672,A01,3.0,7.0,0,2,3,9,1.0,
202400006915,155 769 671,B01,1.0,7.0,1,0,1,1,3.0,
202400006916,155 769 670,A01,2.0,33.0,0,0,9,2,1.0,
202400006917,155 769 669,A01,2.0,7.0,0,1,3,0,1.0,
202400006918,155 769 668,A01,2.0,7.0,0,0,9,1,1.0,
202400006919,155 769 665,A01,1.0,2.0,0,2,3,17,1.0,
202400006920,155 769 663,A01,1.0,7.0,3,2,2,2,1.0,
202400006921,155 769 660,A01,2.0,7.0,0,2,0,15,1.0,
202400006922,155 769 659,A01,1.0,7.0,9,2,5,26,1.0,
202400006923,155 769 656,A01,2.0,7.0,0,2,8,13,1.0,
202400006924,155 769 655,A01,2.0,7.0,0,2,3,9,1.0,
202400006925,155 769 651,B01,0.0,1.0,0,2,1,1,5.0,
202400006926,155 769 649,A01,3.0,34.0,16,0,2,16,3.0,
202400006927,155 769 648,A01,1.0,7.0,0,2,1,14,1.0,
202400006928,155 769 645,A01,1.0,7.0,0,2,1,2,1.0,
202400006929,155 769 644,A01,1.0,7.0,0,2,3,15,3.0,
202400006930,155 769 642,B01,1.0,7.0,0,1,0,1,1.0,
202400006931,155 769 641,A01,1.0,7.0,0,1,1,1,1.0,
202400006932,155 769 638,B01,2.0,7.0,0,2,4,23,0.0,
202400006933,155 769 637,A01,1.0,10.0,0,2,5,1,0.0,
202400006934,155 769 633,B01,1.0,7.0,0,2,3,1,1.0,
202400006935,155 769 632,A01,1.0,7.0,0,2,2,1,1.0,
202400006936,155 769 628,B01,2.0,32.0,0,2,5,3,1.0,
202400006937,155 769 629,A01,1.0,7.0,0,2,8,19,1.0,
202400006938,155 769 627,A01,2.0,7.0,4,0,4,1,1.0,
202400006939,155 769 624,A01,3.0,7.0,0,2,3,9,1.0,
202400006940,155 769 622,A01,2.0,7.0,0,2,7,2,1.0,
202400006941,155 769 620,A01,1.0,33.0,11,0,1,0,1.0,
202400006942,155 769 619,A01,2.0,7.0,0,2,1,1,1.0,
202400006943,155 769 617,B01,1.0,33.0,0,2,1,1,1.0,
202400006944,155 769 615,A01,0.0,7.0,0,1,2,1,1.0,
202400006945,155 769 613,A01,2.0,33.0,0,2,1,3,1.0,
202400006946,155 769 611,A01,1.0,7.0,0,9,1,1,1.0,
202400006947,155 769 610,A01,1.0,7.0,4,0,1,1,1.0,
202400006948,155 769 605,A01,0.0,7.0,0,2,1,13,1.0,
202400006949,155 769 604,A01,1.0,7.0,0,2,1,1,1.0,
202400006950,155 769 601,D01,2.0,7.0,0,2,4,1,1.0,
202400006951,155 769 598,A01,1.0,10.0,0,2,8,23,1.0,
202400006952,155 769 599,A01,0.0,7.0,0,1,3,15,1.0,
202400006953,155 769 595,A01,2.0,33.0,0,2,3,3,1.0,
202400006954,155 769 593,B01,1.0,33.0,0,2,8,9,1.0,
202400006955,155 769 592,B01,2.0,2.0,0,2,4,1,1.0,
202400006956,155 769 591,A01,1.0,10.0,0,1,1,18,1.0,
202400006957,155 769 589,A01,0.0,50.0,0,0,0,1,3.0,
202400006958,155 769 588,B01,3.0,50.0,0,2,3,25,3.0,
202400006959,155 769 587,A01,2.0,7.0,10,0,1,1,1.0,
202400006960,155 769 584,A01,2.0,7.0,0,2,1,5,1.0,
202400006961,155 769 580,B01,1.0,7.0,0,2,6,1,1.0,
202400006962,155 769 577,A01,3.0,17.0,0,2,7,12,1.0,
202400006963,155 769 576,A01,1.0,7.0,0,2,1,13,1.0,
202400006964,155 769 575,A01,1.0,50.0,0,1,1,1,3.0,
202400006965,155 769 573,A01,1.0,37.0,0,2,0,0,4.0,1
202400006966,155 769 570,A01,1.0,7.0,0,9,7,17,1.0,
202400006967,155 769 568,B01,1.0,1.0,0,2,7,16,5.0,
202400006968,155 769 567,A01,1.0,7.0,0,1,1,1,1.0,
202400006969,155 769 566,A01,2.0,30.0,0,2,3,1,1.0,
202400006970,155 769 562,A01,2.0,7.0,0,2,0,15,1.0,
202400006971,155 769 560,C01,2.0,7.0,0,2,0,0,1.0,
202400006972,155 769 565,A01,0.0,7.0,0,1,0,0,0.0,
202400006973,155 769 559,A01,2.0,7.0,1,0,0,0,1.0,
202400006974,155 769 558,A01,0.0,7.0,0,1,1,9,1.0,
202400006975,155 769 556,A01,0.0,37.0,0,1,2,1,1.0,1
202400006976,155 769 555,B01,2.0,7.0,0,2,8,15,1.0,
202400006977,155 769 553,A01,0.0,33.0,15,0,8,13,1.0,
202400006978,155 769 552,B01,1.0,10.0,0,2,1,1,1.0,
202400006979,155 769 549,A01,1.0,10.0,0,9,5,15,1.0,
202400006980,155 769 546,A01,1.0,7.0,0,2,3,0,1.0,
202400006981,155 769 545,B01,1.0,7.0,0,2,6,17,1.0,
202400006982,155 769 541,A01,2.0,32.0,0,0,0,0,1.0,
202400006983,155 769 540,A01,2.0,7.0,15,0,2,1,1.0,
202400006984,155 769 539,B01,1.0,32.0,0,2,3,21,1.0,
202400006985,155 769 535,B01,3.0,7.0,6,2,1,1,1.0,
202400006986,155 769 534,A01,1.0,33.0,0,2,1,19,1.0,
202400006987,155 769 533,A01,2.0,7.0,14,2,1,1,1.0,
202400006988,155 769 530,B01,1.0,10.0,0,2,4,1,1.0,
202400006989,155 769 529,B01,1.0,1.0,9,2,4,1,5.0,
202400006990,155 769 527,A01,0.0,10.0,0,1,3,1,1.0,
202400006991,155 769 525,B01,3.0,7.0,0,2,4,2,1.0,
202400006992,155 769 523,A01,1.0,1.0,0,2,1,1,5.0,
202400006993,155 769 520,A01,1.0,7.0,0,1,7,1,1.0,
202400006994,155 769 521,B01,2.0,33.0,0,2,1,17,1.0,
202400006995,155 769 517,A01,3.0,7.0,0,2,3,17,1.0,
202400006996,155 769 516,B01,1.0,30.0,0,2,7,17,1.0,
202400006997,155 769 513,A01,1.0,10.0,0,2,5,16,1.0,
202400006998,155 769 510,A01,1.0,7.0,0,2,8,15,1.0,
202400006999,155 769 511,B01,1.0,7.0,0,2,7,1,1.0,
202400007000,155 769 509,A01,2.0,10.0,0,1,1,1,1.0,
202400007001,155 769 507,A01,1.0,7.0,3,0,1,1,1.0,
202400007002,155 769 508,A01,1.0,33.0,13,0,1,1,1.0,
202400007003,155 769 505,A01,1.0,7.0,0,2,7,2,1.0,
202400007004,155 769 503,A01,3.0,10.0,0,2,5,15,1.0,
202400007005,155 769 501,B01,3.0,2.0,0,2,0,-1,,
202400007006,155 769 498,A01,1.0,7.0,1,0,1,19,1.0,
202400007007,155 769 497,A01,1.0,7.0,0,2,9,1,1.0,
202400007008,155 769 496,A01,1.0,7.0,0,1,2,2,2.0,
202400007009,155 769 494,B01,1.0,50.0,0,2,3,0,3.0,
202400007010,155 769 492,A01,3.0,7.0,0,2,0,0,0.0,
202400007011,155 769 490,A01,2.0,7.0,0,2,1,1,1.0,
202400007012,155 769 488,C01,1.0,7.0,0,2,2,1,1.0,
202400007013,155 769 484,A01,1.0,7.0,0,2,2,2,1.0,
202400007014,155 769 482,A01,1.0,7.0,0,2,1,1,1.0,
202400007015,155 769 480,A01,1.0,7.0,0,2,1,1,1.0,
202400007016,155 769 478,A01,1.0,10.0,0,9,4,26,1.0,
202400007017,155 769 477,A01,1.0,7.0,0,1,1,26,2.0,
202400007018,155 769 475,A01,2.0,0.0,0,2,0,0,0.0,
202400007019,155 769 473,A01,1.0,7.0,0,2,4,4,1.0,
202400007020,155 769 471,A01,2.0,7.0,0,2,3,13,1.0,
202400007021,155 769 469,A01,1.0,33.0,0,2,1,0,1.0,
202400007022,155 769 467,A01,3.0,7.0,0,9,2,26,2.0,
202400007023,155 769 465,A01,3.0,1.0,0,2,1,1,5.0,
202400007024,155 769 462,B01,2.0,1.0,0,2,0,1,5.0,
202400007025,155 769 460,A01,1.0,7.0,0,2,3,15,1.0,
202400007026,155 769 459,A01,1.0,10.0,0,1,4,4,1.0,
202400007027,155 769 457,B01,2.0,30.0,0,2,1,18,1.0,
202400007028,155 769 455,A01,3.0,7.0,0,2,1,2,1.0,
202400007029,155 769 453,A01,1.0,7.0,0,2,1,26,1.0,
202400007030,155 769 451,A01,1.0,33.0,0,2,1,1,1.0,
202400007031,155 769 449,A01,1.0,31.0,0,2,1,1,1.0,
202400007032,155 769 445,A01,2.0,7.0,0,2,1,7,1.0,
202400007033,155 769 443,B01,3.0,10.0,0,2,1,1,1.0,
202400007034,155 769 441,B01,3.0,33.0,0,2,8,9,1.0,
202400007035,155 769 439,B01,2.0,7.0,0,2,4,2,0.0,
202400007036,155 769 436,A01,1.0,10.0,0,2,4,2,1.0,
202400007037,155 769 434,B01,2.0,7.0,0,2,4,1,1.0,
202400007038,155 769 432,A01,2.0,7.0,0,2,1,2,1.0,
202400007039,155 769 430,A01,1.0,33.0,0,2,8,21,1.0,
202400007040,155 769 428,A01,1.0,14.0,0,2,1,16,1.0,
202400007041,155 769 427,A01,1.0,33.0,1,1,1,1,1.0,
202400007042,155 769 425,B01,1.0,7.0,0,2,1,1,2.0,
202400007043,155 769 423,A01,2.0,33.0,0,2,4,11,1.0,
202400007044,155 769 421,B01,2.0,1.0,0,2,3,13,5.0,
202400007045,155 769 419,A01,3.0,33.0,0,0,7,3,1.0,
202400007046,155 769 418,A01,2.0,7.0,0,1,7,16,1.0,
202400007047,155 769 416,B01,2.0,50.0,0,2,1,1,3.0,
202400007048,155 769 413,A01,3.0,33.0,0,2,3,18,1.0,
202400007049,155 769 411,B01,2.0,33.0,0,2,1,1,1.0,
202400007050,155 769 410,A01,1.0,50.0,0,1,1,1,3.0,
202400007051,155 769 408,A01,1.0,50.0,0,2,1,1,3.0,
202400007052,155 769 406,B01,1.0,50.0,0,2,1,2,3.0,
202400007053,155 769 404,A01,1.0,34.0,0,2,7,10,1.0,
202400007054,155 769 402,B01,3.0,2.0,0,2,1,0,0.0,
202400007055,155 769 400,B01,1.0,1.0,0,2,4,1,5.0,
202400007056,155 769 398,A01,0.0,7.0,0,2,1,1,1.0,
202400007057,155 769 396,A01,3.0,7.0,0,2,4,0,1.0,
202400007058,155 769 394,A01,1.0,7.0,1,0,1,16,1.0,
202400007059,155 769 392,A01,1.0,7.0,0,2,3,22,0.0,
202400007060,155 769 390,A01,0.0,33.0,1,2,1,3,1.0,
202400007061,155 769 388,B01,2.0,33.0,0,2,3,0,1.0,
202400007062,155 769 386,A01,1.0,10.0,0,2,3,15,1.0,
202400007063,155 769 383,B01,2.0,33.0,0,2,3,1,0.0,
202400007064,155 769 382,Z01,1.0,7.0,0,9,1,1,0.0,
202400007065,155 769 381,A01,0.0,7.0,0,2,1,1,1.0,
202400007066,155 769 380,A01,1.0,32.0,9,1,8,2,1.0,
202400007067,155 769 378,A01,1.0,7.0,0,2,3,15,1.0,
202400007068,155 769 376,B01,1.0,7.0,0,9,1,20,1.0,
202400007069,155 769 374,A01,1.0,30.0,0,2,8,0,1.0,
202400007070,155 769 372,A01,3.0,7.0,3,0,3,1,1.0,
202400007071,155 769 373,A01,2.0,33.0,0,0,9,2,1.0,
202400007072,155 769 369,A01,2.0,7.0,0,2,2,1,1.0,
202400007073,155 769 366,B01,3.0,7.0,0,0,8,15,1.0,
202400007074,155 769 365,A01,2.0,10.0,0,2,2,16,1.0,
202400007075,155 769 363,B01,1.0,37.0,0,2,3,1,1.0,1
202400007076,155 769 362,A01,1.0,7.0,1,0,2,1,1.0,
202400007077,155 769 360,A01,1.0,14.0,0,2,1,2,6.0,
202400007078,155 769 359,A01,1.0,7.0,1,0,1,21,2.0,
202400007079,155 769 357,A01,2.0,7.0,0,2,1,19,1.0,
202400007080,155 769 355,A01,1.0,34.0,0,0,0,2,1.0,
202400007081,155 769 354,A01,1.0,7.0,0,2,3,1,1.0,
202400007082,155 769 353,A01,1.0,7.0,0,1,7,1,1.0,
202400007083,155 769 351,A01,1.0,34.0,0,2,3,1,1.0,
202400007084,155 769 347,B01,0.0,33.0,0,2,3,0,1.0,
202400007085,155 769 348,A01,1.0,10.0,0,2,3,2,1.0,
202400007086,155 769 345,B01,1.0,14.0,0,2,6,15,1.0,
202400007087,155 769 343,A01,1.0,33.0,0,9,8,1,1.0,
202400007088,155 769 341,A01,1.0,7.0,0,2,1,1,1.0,
202400007089,155 769 339,A01,1.0,7.0,13,0,0,1,1.0,
202400007090,155 769 338,A01,2.0,7.0,0,2,1,0,0.0,
202400007091,155 769 336,A01,1.0,30.0,0,2,3,1,1.0,
202400007092,155 769 335,A01,1.0,7.0,0,1,0,1,2.0,
202400007093,155 769 333,B01,3.0,7.0,0,2,8,15,1.0,
202400007094,155 769 331,A01,1.0,37.0,0,0,0,1,2.0,2
202400007095,155 769 329,B01,1.0,10.0,0,2,2,19,1.0,
202400007096,155 769 327,A01,1.0,7.0,0,1,1,1,1.0,
202400007097,155 769 328,A01,3.0,60.0,0,0,0,0,5.0,
202400007098,155 769 326,A01,1.0,33.0,16,0,0,1,1.0,
202400007099,155 769 323,A01,1.0,7.0,0,2,3,13,1.0,
202400007100,155 769 322,A01,1.0,7.0,0,2,1,2,1.0,
202400007101,155 769 320,A01,3.0,7.0,15,0,1,14,1.0,
202400007102,155 769 321,A01,1.0,33.0,0,0,7,2,1.0,
202400007103,155 769 319,A01,3.0,7.0,0,2,2,17,1.0,
202400007104,155 769 315,A01,1.0,7.0,0,2,3,13,1.0,
202400007105,155 769 316,B01,2.0,30.0,0,2,4,2,1.0,
202400007106,155 769 312,A01,1.0,33.0,0,2,1,1,1.0,
202400007107,155 769 310,A01,1.0,7.0,2,0,1,15,1.0,
202400007108,155 769 309,A01,1.0,10.0,2,0,1,1,1.0,
202400007109,155 769 308,A01,1.0,2.0,0,1,1,1,1.0,
202400007110,155 769 305,A01,1.0,14.0,0,2,1,1,1.0,
202400007111,155 769 302,A01,2.0,33.0,0,0,0,1,1.0,
202400007112,155 769 301,B01,1.0,21.0,0,2,3,1,0.0,
202400007113,155 769 299,A01,1.0,1.0,0,0,0,1,5.0,
202400007114,155 769 298,B01,1.0,1.0,0,0,6,1,5.0,
202400007115,155 769 296,A01,0.0,7.0,0,2,3,13,1.0,
202400007116,155 769 294,A01,1.0,7.0,3,0,1,14,1.0,
202400007117,155 769 291,B01,2.0,33.0,0,2,1,1,1.0,
202400007118,155 769 288,A01,1.0,34.0,1,2,1,26,0.0,
202400007119,155 769 285,A01,1.0,7.0,0,0,1,21,1.0,
202400007120,155 769 286,B01,1.0,7.0,0,2,1,1,1.0,
202400007121,155 769 282,B01,2.0,1.0,0,2,8,11,5.0,
202400007122,155 769 283,A01,3.0,7.0,8,0,1,1,1.0,
202400007123,155 769 281,A01,2.0,1.0,0,0,0,2,5.0,
202400007124,155 769 280,A01,2.0,7.0,13,0,3,13,1.0,
202400007125,155 769 277,A01,1.0,7.0,0,2,1,13,1.0,
202400007126,155 769 276,B01,1.0,7.0,0,2,1,1,1.0,
202400007127,155 769 272,A01,1.0,7.0,0,2,4,15,1.0,
202400007128,155 769 271,A01,2.0,7.0,0,2,3,19,1.0,
202400007129,155 769 270,A01,1.0,33.0,4,0,7,26,1.0,
202400007130,155 769 268,A01,2.0,7.0,13,0,3,13,1.0,
202400007131,155 769 264,B01,3.0,50.0,0,9,1,13,3.0,
202400007132,155 769 263,A01,2.0,14.0,0,2,1,1,1.0,
202400007133,155 769 262,A01,1.0,7.0,13,0,1,1,1.0,
202400007134,155 769 261,A01,2.0,7.0,9,0,1,1,1.0,
202400007135,155 769 259,A01,3.0,7.0,0,9,8,22,1.0,
202400007136,155 769 258,A01,1.0,10.0,0,1,2,0,1.0,
202400007137,155 769 257,A01,1.0,33.0,7,0,1,1,1.0,
202400007138,155 769 254,A01,2.0,33.0,0,2,2,17,1.0,
202400007139,155 769 255,A01,1.0,33.0,7,0,1,1,1.0,
202400007140,155 769 253,A01,1.0,33.0,0,0,0,0,1.0,
202400007141,155 769 252,A01,0.0,2.0,0,0,0,1,1.0,
202400007142,155 769 249,A01,2.0,21.0,0,1,2,1,1.0,
202400007143,155 769 247,D01,2.0,17.0,0,2,3,1,0.0,
202400007144,155 769 246,A01,3.0,7.0,6,0,1,15,1.0,
202400007145,155 769 245,A01,2.0,7.0,3,0,3,1,1.0,
202400007146,155 769 241,A01,2.0,7.0,0,2,3,1,1.0,
202400007147,155 769 242,A01,1.0,7.0,0,2,0,19,1.0,