Num_Acc,id_vehicule,num_veh,senc,catv,obs,obsm,choc,manv,motor,occutc
202400007148,155 769 238,B01,2.0,7.0,0,2,3,15,2.0,
202400007149,155 769 237,A01,2.0,7.0,0,2,3,13,1.0,
202400007150,155 769 236,A01,1.0,32.0,12,0,0,1,1.0,
202400007151,155 769 235,A01,3.0,2.0,0,0,0,26,1.0,
202400007152,155 769 233,A01,2.0,7.0,0,2,3,15,1.0,
202400007153,155 769 231,A01,3.0,36.0,8,0,2,14,1.0,
202400007154,155 769 230,A01,1.0,31.0,0,2,1,1,1.0,
202400007155,155 769 228,B01,2.0,33.0,0,2,1,1,1.0,
202400007156,155 769 227,A01,1.0,10.0,13,0,7,1,1.0,
202400007157,155 769 226,A01,2.0,7.0,2,0,1,14,1.0,
202400007158,155 769 223,B01,2.0,7.0,0,2,4,2,1.0,
202400007159,155 769 222,A01,2.0,33.0,0,2,8,9,1.0,
202400007160,155 769 219,A01,1.0,7.0,0,2,3,13,1.0,
202400007161,155 769 218,A01,1.0,10.0,0,2,3,9,1.0,
202400007162,155 769 215,A01,1.0,33.0,0,2,4,2,1.0,
202400007163,155 769 213,A01,1.0,7.0,0,2,3,13,1.0,
202400007164,155 769 211,A01,2.0,7.0,0,2,6,11,1.0,
202400007165,155 769 210,A01,3.0,31.0,0,0,0,0,0.0,
202400007166,155 769 205,A01,3.0,7.0,0,9,1,1,1.0,
202400007167,155 769 204,A01,1.0,7.0,0,2,4,1,1.0,
202400007168,155 769 202,A01,1.0,7.0,0,2,8,18,1.0,
202400007169,155 769 201,A01,2.0,7.0,4,0,3,1,1.0,
202400007170,155 769 199,B01,1.0,21.0,0,0,6,1,1.0,
202400007171,155 769 198,A01,1.0,7.0,3,0,2,6,1.0,
202400007172,155 769 196,A01,1.0,33.0,0,0,8,1,1.0,
202400007173,155 769 193,A01,1.0,33.0,0,2,1,3,1.0,
202400007174,155 769 191,A01,2.0,2.0,0,2,1,1,1.0,
202400007175,155 769 189,A01,2.0,7.0,0,2,1,1,1.0,
202400007176,155 769 188,A01,3.0,3.0,2,0,9,13,1.0,
202400007177,155 769 186,A01,2.0,7.0,0,2,1,1,1.0,
202400007178,155 769 184,B01,,10.0,0,2,1,1,1.0,
202400007179,155 769 181,A01,1.0,33.0,4,2,1,3,1.0,
202400007180,155 769 180,B01,1.0,7.0,0,2,1,1,1.0,
202400007181,155 769 177,C01,2.0,7.0,0,2,4,1,1.0,
202400007182,155 769 176,A01,2.0,7.0,2,0,1,0,1.0,
202400007183,155 769 174,A01,2.0,7.0,0,2,1,2,1.0,
202400007184,155 769 171,A01,3.0,80.0,0,2,0,6,3.0,
202400007185,155 769 170,A01,2.0,10.0,0,2,1,2,1.0,
202400007186,155 769 166,A01,2.0,7.0,0,2,7,17,1.0,
202400007187,155 769 162,E01,2.0,7.0,0,2,6,1,1.0,
202400007188,155 769 161,A01,1.0,7.0,0,2,1,5,1.0,
202400007189,155 769 158,A01,2.0,7.0,0,2,8,11,1.0,
202400007190,155 769 157,B01,2.0,21.0,0,2,6,15,1.0,
202400007191,155 769 155,A01,2.0,7.0,0,2,3,11,1.0,
202400007192,155 769 152,A01,1.0,33.0,0,2,1,0,1.0,
202400007193,155 769 151,A01,0.0,2.0,0,2,1,5,1.0,
202400007194,155 769 150,A01,1.0,1.0,14,0,0,0,5.0,
202400007195,155 769 147,A01,1.0,7.0,0,1,1,1,1.0,
202400007196,155 769 146,A01,1.0,10.0,0,2,3,17,1.0,
202400007197,155 769 143,A01,2.0,7.0,0,2,8,21,1.0,
202400007198,155 769 142,A01,2.0,7.0,0,2,3,5,1.0,
202400007199,155 769 140,A01,1.0,7.0,13,0,1,1,1.0,
202400007200,155 769 139,A01,1.0,7.0,0,2,7,15,1.0,
202400007201,155 769 137,A01,1.0,7.0,0,2,8,22,1.0,
202400007202,155 769 135,A01,1.0,7.0,1,0,0,0,1.0,
202400007203,155 769 133,A01,1.0,7.0,0,2,2,26,1.0,
202400007204,155 769 132,A01,1.0,7.0,2,0,0,0,1.0,
202400007205,155 769 130,A01,1.0,7.0,0,1,0,0,1.0,
202400007206,155 769 129,B01,2.0,7.0,0,0,4,23,2.0,
202400007207,155 769 127,B01,2.0,31.0,0,2,0,0,1.0,
202400007208,155 769 124,A01,0.0,7.0,0,2,3,1,1.0,
202400007209,155 769 123,B01,1.0,7.0,0,2,7,1,1.0,
202400007210,155 769 122,A01,1.0,7.0,8,0,1,13,1.0,
202400007211,155 769 120,B01,2.0,7.0,0,2,1,2,1.0,
202400007212,155 769 119,A01,1.0,7.0,8,0,0,0,1.0,
202400007213,155 769 117,A01,2.0,10.0,13,0,1,1,1.0,
202400007214,155 769 116,C01,1.0,7.0,0,2,5,15,1.0,
202400007215,155 769 115,A01,1.0,7.0,0,0,0,2,1.0,
202400007216,155 769 113,A01,1.0,30.0,5,0,1,9,1.0,
202400007217,155 769 110,A01,1.0,50.0,0,0,0,1,3.0,
202400007218,155 769 108,B01,2.0,10.0,0,2,0,0,1.0,
202400007219,155 769 107,A01,1.0,2.0,0,0,7,1,1.0,
202400007220,155 769 105,A01,2.0,7.0,0,2,1,1,1.0,
202400007221,155 769 104,A01,1.0,43.0,15,0,1,14,1.0,
202400007222,155 769 103,A01,1.0,31.0,0,1,1,3,3.0,
202400007223,155 769 102,A01,2.0,7.0,13,0,1,1,1.0,
202400007224,155 769 101,A01,1.0,30.0,0,0,0,0,3.0,
202400007225,155 769 100,A01,2.0,7.0,14,0,8,1,1.0,
202400007226,155 769 099,A01,1.0,7.0,0,1,2,0,1.0,
202400007227,155 769 096,A01,1.0,7.0,0,2,2,10,1.0,
202400007228,155 769 095,A01,1.0,21.0,0,0,3,15,0.0,
202400007229,155 769 093,A01,2.0,7.0,0,2,3,15,1.0,
202400007230,155 769 091,A01,2.0,7.0,0,1,7,0,1.0,
202400007231,155 769 090,A01,2.0,2.0,0,2,3,0,1.0,
202400007232,155 769 088,Y01,2.0,1.0,0,2,1,1,5.0,
202400007233,155 769 086,A01,2.0,7.0,0,0,9,1,1.0,
202400007234,155 769 085,B01,2.0,7.0,0,2,4,23,1.0,
202400007235,155 769 084,A01,2.0,7.0,6,0,2,0,1.0,
202400007236,155 769 082,B01,2.0,7.0,0,2,1,15,1.0,
202400007237,155 769 080,A01,1.0,7.0,0,9,4,23,1.0,
202400007238,155 769 079,A01,1.0,7.0,0,2,8,1,1.0,
202400007239,155 769 076,A01,1.0,7.0,0,2,5,1,1.0,
202400007240,155 769 075,A01,0.0,7.0,0,2,1,1,1.0,
202400007241,155 769 072,B01,2.0,7.0,0,2,7,1,1.0,
202400007242,155 769 071,A01,2.0,7.0,0,2,1,2,1.0,
202400007243,155 769 067,A01,2.0,33.0,0,1,3,1,1.0,
202400007244,155 769 066,A01,2.0,7.0,0,2,1,2,1.0,
202400007245,155 769 065,A01,2.0,7.0,4,0,9,2,1.0,
202400007246,155 769 063,B01,3.0,1.0,0,2,7,19,5.0,
202400007247,155 769 062,A01,2.0,7.0,4,0,1,11,1.0,
202400007248,155 769 060,A01,0.0,7.0,0,2,7,14,1.0,
202400007249,155 769 057,A01,2.0,2.0,0,1,2,17,1.0,
202400007250,155 769 058,B01,2.0,7.0,0,2,5,2,1.0,
202400007251,155 769 055,A01,1.0,7.0,0,2,3,19,1.0,
202400007252,155 769 052,A01,1.0,33.0,0,0,8,1,1.0,
202400007253,155 769 053,B01,2.0,7.0,0,2,1,2,1.0,
202400007254,155 769 049,A01,1.0,34.0,0,0,0,0,1.0,
202400007255,155 769 044,A01,1.0,7.0,0,2,1,13,1.0,
202400007256,155 769 045,B01,3.0,7.0,0,2,3,0,1.0,
202400007257,155 769 041,A01,0.0,7.0,0,2,3,1,1.0,
202400007258,155 769 042,A01,2.0,1.0,16,0,0,1,5.0,
202400007259,155 769 039,B01,1.0,7.0,8,2,1,1,1.0,
202400007260,155 769 038,A01,1.0,7.0,1,0,0,0,1.0,
202400007261,155 769 037,A01,1.0,10.0,0,1,1,26,1.0,
202400007262,155 769 036,A01,1.0,1.0,0,0,0,1,5.0,
202400007263,155 769 034,B01,2.0,10.0,0,2,5,23,1.0,
202400007264,155 769 033,A01,3.0,10.0,0,1,1,26,0.0,
202400007265,155 769 031,A01,2.0,7.0,0,2,6,17,1.0,
202400007266,155 769 029,A01,0.0,7.0,0,2,2,1,1.0,
202400007267,155 769 027,A01,2.0,7.0,0,9,7,1,1.0,
202400007268,155 769 025,A01,1.0,7.0,0,9,2,15,1.0,
202400007269,155 769 023,A01,1.0,7.0,0,2,1,16,1.0,
202400007270,155 769 022,A01,1.0,7.0,0,1,1,1,1.0,
202400007271,155 769 020,Z01,1.0,7.0,0,2,1,2,1.0,
202400007272,155 769 017,C01,2.0,7.0,0,2,3,1,2.0,
202400007273,155 769 015,A01,1.0,7.0,0,2,2,15,3.0,
202400007274,155 769 014,A01,3.0,7.0,14,0,2,1,1.0,
202400007275,155 769 013,A01,1.0,30.0,0,0,0,26,0.0,
202400007276,155 769 011,A01,1.0,7.0,0,2,0,0,1.0,
202400007277,155 769 010,A01,1.0,7.0,0,1,3,0,1.0,
202400007278,155 769 008,A01,3.0,7.0,0,2,2,15,1.0,
202400007279,155 769 006,A01,3.0,7.0,0,2,2,15,1.0,
202400007280,155 769 004,A01,1.0,3.0,12,0,3,1,1.0,
202400007281,155 769 002,A01,2.0,7.0,0,2,3,15,1.0,
202400007282,155 769 000,A01,1.0,50.0,0,2,4,2,3.0,
202400007283,155 768 998,B01,0.0,7.0,0,2,1,1,1.0,
202400007284,155 768 996,A01,1.0,32.0,0,2,1,1,1.0,
202400007285,155 768 993,B01,1.0,7.0,0,2,5,0,1.0,
202400007286,155 768 992,A01,0.0,50.0,0,1,1,1,3.0,
202400007287,155 768 991,A01,2.0,7.0,0,1,1,0,1.0,
202400007288,155 768 989,B01,1.0,1.0,0,2,4,1,5.0,
202400007289,155 768 987,A01,1.0,30.0,0,2,2,2,1.0,
202400007290,155 768 985,A01,1.0,7.0,0,2,3,11,1.0,
202400007291,155 768 984,A01,1.0,10.0,0,1,2,2,1.0,
202400007292,155 768 983,A01,1.0,3.0,0,0,0,1,3.0,
202400007293,155 768 981,A01,2.0,50.0,0,2,1,15,3.0,
202400007294,155 768 979,A01,1.0,3.0,0,2,3,13,1.0,
202400007295,155 768 978,A01,1.0,7.0,0,1,3,1,1.0,
202400007296,155 768 976,A01,3.0,3.0,14,2,1,6,3.0,
202400007297,155 768 974,A01,2.0,10.0,0,2,1,26,1.0,
202400007298,155 768 972,A01,1.0,7.0,0,2,7,15,1.0,
202400007299,155 768 971,A01,3.0,7.0,0,2,1,26,1.0,
202400007300,155 768 970,A01,3.0,60.0,1,0,6,15,5.0,
202400007301,155 768 969,A01,1.0,7.0,9,0,1,15,3.0,
202400007302,155 768 967,A01,1.0,7.0,0,2,1,9,1.0,
202400007303,155 768 966,A01,3.0,7.0,0,1,2,1,1.0,
202400007304,155 768 965,A01,1.0,37.0,0,1,1,1,1.0,1
202400007305,155 768 963,A01,2.0,7.0,0,2,3,13,1.0,
202400007306,155 768 961,B01,1.0,7.0,0,2,1,1,1.0,
202400007307,155 768 959,A01,3.0,7.0,0,2,1,15,1.0,
202400007308,155 768 957,A01,1.0,7.0,0,2,5,15,1.0,
202400007309,155 768 956,Z01,0.0,50.0,0,1,1,26,3.0,
202400007310,155 768 954,A01,2.0,7.0,0,9,2,16,1.0,
202400007311,155 768 953,A01,3.0,30.0,0,0,8,0,1.0,
202400007312,155 768 952,A01,3.0,7.0,2,0,1,1,1.0,
202400007313,155 768 950,A01,1.0,7.0,0,2,1,19,1.0,
202400007314,155 768 949,Y01,3.0,99.0,0,1,0,0,0.0,
202400007315,155 768 947,B01,2.0,7.0,0,2,3,1,1.0,
202400007316,155 768 945,B01,2.0,50.0,0,2,5,5,3.0,
202400007317,155 768 943,A01,3.0,7.0,0,2,2,15,1.0,
202400007318,155 768 941,A01,2.0,7.0,1,0,2,11,1.0,
202400007319,155 768 939,B01,2.0,10.0,0,2,3,13,1.0,
202400007320,155 768 937,A01,0.0,2.0,0,2,1,13,1.0,
202400007321,155 768 935,A01,1.0,34.0,0,2,3,3,1.0,
202400007322,155 768 932,A01,2.0,7.0,0,2,1,1,2.0,
202400007323,155 768 931,A01,1.0,30.0,0,1,1,1,3.0,
202400007324,155 768 930,A01,2.0,7.0,0,1,7,1,1.0,
202400007325,155 768 928,A01,2.0,30.0,0,2,1,2,3.0,
202400007326,155 768 926,B01,2.0,7.0,0,2,1,2,2.0,
202400007327,155 768 925,A01,2.0,7.0,7,0,1,1,1.0,
202400007328,155 768 923,A01,1.0,30.0,0,0,0,11,1.0,
202400007329,155 768 921,B01,1.0,2.0,0,2,1,18,3.0,
202400007330,155 768 919,A01,1.0,10.0,0,2,7,21,1.0,
202400007331,155 768 917,A01,1.0,37.0,12,2,1,1,1.0,1
202400007332,155 768 916,A01,0.0,60.0,0,0,0,0,5.0,
202400007333,155 768 914,A01,3.0,7.0,0,2,3,1,1.0,
202400007334,155 768 912,A01,3.0,7.0,0,2,0,0,1.0,
202400007335,155 768 910,B01,1.0,33.0,1,2,2,1,1.0,
202400007336,155 768 908,B01,1.0,32.0,4,2,8,1,1.0,
202400007337,155 768 906,B01,1.0,50.0,0,2,1,0,3.0,
202400007338,155 768 904,A01,2.0,7.0,0,2,1,13,1.0,
202400007339,155 768 902,A01,3.0,7.0,0,9,1,16,1.0,
202400007340,155 768 900,B01,3.0,32.0,0,2,1,0,3.0,
202400007341,155 768 898,B01,3.0,33.0,0,2,1,2,1.0,
202400007342,155 768 896,A01,2.0,7.0,0,2,2,2,1.0,
202400007343,155 768 895,A01,1.0,7.0,1,0,2,1,1.0,
202400007344,155 768 893,A01,2.0,10.0,0,2,8,19,1.0,
202400007345,155 768 892,A01,2.0,33.0,11,0,1,1,1.0,
202400007346,155 768 888,A01,1.0,7.0,7,2,1,2,2.0,
202400007347,155 768 887,A01,2.0,7.0,2,0,3,1,1.0,
202400007348,155 768 885,A01,1.0,7.0,0,2,8,2,0.0,
202400007349,155 768 883,A01,2.0,7.0,0,2,3,0,1.0,
202400007350,155 768 881,A01,1.0,7.0,0,2,3,9,1.0,
202400007351,155 768 880,A01,1.0,2.0,0,0,9,1,1.0,
202400007352,155 768 879,A01,1.0,7.0,0,1,1,1,1.0,
202400007353,155 768 877,A01,2.0,33.0,3,0,1,1,1.0,
202400007354,155 768 876,A01,3.0,7.0,0,0,9,1,1.0,
202400007355,155 768 875,A01,2.0,7.0,2,0,5,1,1.0,
202400007356,155 768 874,A01,1.0,7.0,0,1,3,1,1.0,
202400007357,155 768 872,B01,1.0,7.0,0,2,7,1,1.0,
202400007358,155 768 871,A01,1.0,7.0,0,1,2,1,1.0,
202400007359,155 768 870,A01,3.0,33.0,0,0,9,1,1.0,
202400007360,155 768 868,A01,3.0,7.0,2,2,1,1,1.0,
202400007361,155 768 867,A01,1.0,10.0,0,1,7,1,1.0,
202400007362,155 768 866,A01,3.0,33.0,14,0,1,1,1.0,
202400007363,155 768 865,A01,1.0,33.0,0,0,9,26,1.0,
202400007364,155 768 864,A01,1.0,7.0,8,0,1,0,1.0,
202400007365,155 768 862,A01,1.0,7.0,0,2,3,15,1.0,
202400007366,155 768 861,A01,1.0,7.0,0,0,0,13,0.0,
202400007367,155 768 859,A01,1.0,7.0,0,2,1,3,1.0,
202400007368,155 768 858,A01,2.0,7.0,2,0,9,2,1.0,
202400007369,155 768 856,A01,1.0,7.0,0,2,3,13,1.0,
202400007370,155 768 855,A01,2.0,7.0,5,0,1,17,1.0,
202400007371,155 768 853,A01,3.0,7.0,2,0,1,1,1.0,
202400007372,155 768 851,B01,3.0,7.0,0,0,6,15,1.0,
202400007373,155 768 849,A01,2.0,1.0,0,2,1,13,5.0,
202400007374,155 768 847,A01,1.0,7.0,8,2,7,9,1.0,
202400007375,155 768 844,A01,1.0,7.0,0,2,1,1,1.0,
202400007376,155 768 843,A01,2.0,7.0,2,0,3,1,1.0,
202400007377,155 768 842,A01,1.0,7.0,0,0,6,0,1.0,
202400007378,155 768 841,A01,1.0,31.0,8,0,1,0,1.0,
202400007379,155 768 840,A01,1.0,7.0,0,1,2,19,1.0,
202400007380,155 768 832,B01,2.0,7.0,0,2,3,2,1.0,
202400007381,155 768 830,A01,2.0,7.0,0,2,2,1,1.0,
202400007382,155 768 828,B01,2.0,7.0,0,2,1,26,1.0,
202400007383,155 768 826,B01,2.0,7.0,0,9,2,0,1.0,
202400007384,155 768 824,A01,2.0,33.0,0,2,6,1,1.0,
202400007385,155 768 822,B01,2.0,10.0,0,0,6,2,0.0,
202400007386,155 768 821,A01,1.0,7.0,13,0,3,26,1.0,
202400007387,155 768 820,A01,1.0,15.0,3,0,2,1,1.0,
202400007388,155 768 818,B01,0.0,10.0,0,0,1,1,1.0,
202400007389,155 768 817,A01,1.0,14.0,16,0,9,21,1.0,
202400007390,155 768 816,A01,3.0,99.0,0,0,9,1,6.0,
202400007391,155 768 815,A01,3.0,7.0,0,1,1,1,1.0,
202400007392,155 768 814,A01,2.0,0.0,0,1,1,0,0.0,
202400007393,155 768 811,A01,1.0,7.0,0,2,4,23,1.0,
202400007394,155 768 809,A01,1.0,7.0,0,2,2,17,3.0,
202400007395,155 768 808,A01,0.0,33.0,8,0,1,17,1.0,
202400007396,155 768 804,A01,2.0,7.0,0,2,3,5,1.0,
202400007397,155 768 803,A01,2.0,7.0,2,0,1,6,1.0,
202400007398,155 768 800,B01,1.0,1.0,0,2,1,1,5.0,
202400007399,155 768 799,A01,1.0,7.0,0,1,3,1,1.0,
202400007400,155 768 797,B01,3.0,7.0,0,2,8,1,1.0,
202400007401,155 768 795,A01,2.0,1.0,0,2,4,15,5.0,
202400007402,155 768 792,A01,1.0,7.0,0,2,6,11,1.0,
202400007403,155 768 791,A01,2.0,33.0,13,0,2,1,1.0,
202400007404,155 768 788,B01,2.0,7.0,0,2,2,1,1.0,
202400007405,155 768 787,A01,1.0,33.0,0,2,1,1,1.0,
202400007406,155 768 785,B01,1.0,15.0,0,2,2,1,1.0,
202400007407,155 768 784,A01,2.0,10.0,0,2,7,1,1.0,
202400007408,155 768 782,A01,2.0,7.0,0,2,1,1,1.0,
202400007409,155 768 780,A01,1.0,13.0,0,2,5,2,1.0,
202400007410,155 768 779,A01,2.0,32.0,0,5,0,21,1.0,
202400007411,155 768 778,A01,1.0,30.0,0,0,0,1,1.0,
202400007412,155 768 777,A01,2.0,7.0,6,0,1,14,1.0,
202400007413,155 768 776,A01,1.0,7.0,0,1,2,1,1.0,
202400007414,155 768 774,A01,1.0,33.0,0,2,1,7,1.0,
202400007415,155 768 773,A01,2.0,7.0,1,1,6,24,1.0,
202400007416,155 768 769,C01,1.0,10.0,0,2,9,2,1.0,
202400007417,155 768 768,A01,2.0,7.0,0,1,1,1,1.0,
202400007418,155 768 767,A01,1.0,7.0,0,1,2,1,1.0,
202400007419,155 768 765,B01,2.0,7.0,0,2,3,0,1.0,
202400007420,155 768 764,A01,3.0,7.0,0,1,1,1,1.0,
202400007421,155 768 762,A01,1.0,41.0,0,2,1,6,1.0,
202400007422,155 768 760,B01,3.0,7.0,0,2,2,1,1.0,
202400007423,155 768 758,A01,1.0,30.0,0,2,7,17,1.0,
202400007424,155 768 756,B01,2.0,2.0,0,2,1,2,1.0,
202400007425,155 768 755,A01,1.0,7.0,0,1,2,1,1.0,
202400007426,155 768 754,A01,1.0,7.0,0,1,0,0,1.0,
202400007427,155 768 752,B01,0.0,33.0,0,0,0,0,0.0,
202400007428,155 768 750,A01,0.0,7.0,0,2,1,1,1.0,
202400007429,155 768 749,A01,0.0,7.0,0,0,0,0,1.0,
202400007430,155 768 748,A01,2.0,7.0,0,1,2,1,1.0,
202400007431,155 768 746,A01,2.0,10.0,0,2,8,17,1.0,
202400007432,155 768 743,A01,3.0,7.0,0,1,1,1,1.0,
202400007433,155 768 741,B01,2.0,1.0,0,0,0,0,5.0,
202400007434,155 768 739,A01,0.0,10.0,0,2,1,1,1.0,
202400007435,155 768 737,A01,2.0,10.0,0,2,3,15,1.0,
202400007436,155 768 735,A01,3.0,31.0,0,2,1,13,0.0,
202400007437,155 768 733,A01,2.0,7.0,0,2,3,13,1.0,
202400007438,155 768 731,B01,1.0,31.0,0,2,7,26,0.0,
202400007439,155 768 729,A01,1.0,1.0,0,2,5,25,5.0,
202400007440,155 768 728,A01,1.0,10.0,0,1,1,1,1.0,
202400007441,155 768 726,A01,3.0,7.0,0,2,1,15,1.0,
202400007442,155 768 725,A01,1.0,30.0,0,0,8,26,1.0,
202400007443,155 768 723,A01,3.0,7.0,0,2,3,15,1.0,
202400007444,155 768 721,A01,1.0,7.0,0,2,0,0,1.0,
202400007445,155 768 719,B01,3.0,33.0,0,2,1,5,1.0,
202400007446,155 768 718,A01,3.0,7.0,0,1,2,1,1.0,
202400007447,155 768 717,A01,3.0,7.0,0,1,2,19,3.0,
202400007448,155 768 716,A01,2.0,10.0,0,1,3,1,1.0,
202400007449,155 768 714,A01,3.0,50.0,0,2,2,1,3.0,
202400007450,155 768 713,A01,3.0,1.0,0,0,7,16,5.0,
202400007451,155 768 712,A01,0.0,7.0,16,0,1,1,0.0,
202400007452,155 768 711,A01,1.0,31.0,0,2,2,1,1.0,
202400007453,155 768 709,A01,3.0,7.0,0,2,0,1,1.0,
202400007454,155 768 707,B01,3.0,1.0,0,2,1,1,5.0,
202400007455,155 768 706,A01,2.0,7.0,0,1,2,1,1.0,
202400007456,155 768 704,B01,2.0,7.0,0,2,1,1,1.0,
202400007457,155 768 702,B01,2.0,10.0,0,2,2,1,1.0,
202400007458,155 768 700,A01,2.0,7.0,0,2,1,1,1.0,
202400007459,155 768 699,A01,1.0,7.0,0,1,1,1,1.0,
202400007460,155 768 698,A01,1.0,33.0,7,0,1,2,1.0,
202400007461,155 768 696,B01,3.0,1.0,0,2,2,1,5.0,
202400007462,155 768 692,C01,1.0,10.0,0,2,4,23,1.0,
202400007463,155 768 689,A01,2.0,7.0,12,0,2,15,1.0,
202400007464,155 768 688,B01,3.0,7.0,0,2,6,1,2.0,
202400007465,155 768 687,Z01,0.0,30.0,0,1,0,26,0.0,
202400007466,155 768 684,A01,2.0,10.0,0,2,3,1,1.0,
202400007467,155 768 683,A01,2.0,33.0,0,1,1,1,1.0,
202400007468,155 768 681,A01,0.0,7.0,0,1,1,1,1.0,
202400007469,155 768 680,B01,2.0,33.0,0,2,0,1,0.0,
202400007470,155 768 678,A01,3.0,30.0,0,2,1,10,1.0,
202400007471,155 768 677,A01,2.0,33.0,0,1,1,26,1.0,
202400007472,155 768 676,A01,2.0,1.0,0,0,1,0,5.0,
202400007473,155 768 675,A01,2.0,7.0,0,9,8,26,1.0,
202400007474,155 768 673,A01,1.0,7.0,0,1,1,1,1.0,
202400007475,155 768 672,A01,2.0,7.0,0,9,0,7,0.0,
202400007476,155 768 670,A01,2.0,33.0,7,0,0,0,1.0,
202400007477,155 768 668,A01,1.0,33.0,0,2,1,1,1.0,
202400007478,155 768 667,A01,2.0,7.0,0,1,1,1,1.0,
202400007479,155 768 665,B01,1.0,33.0,0,2,0,0,1.0,
202400007480,155 768 662,A01,3.0,7.0,0,0,8,1,1.0,
202400007481,155 768 661,B01,1.0,33.0,0,2,2,2,1.0,
202400007482,155 768 660,A01,1.0,7.0,0,1,1,1,1.0,
202400007483,155 768 659,A01,1.0,7.0,3,0,1,14,1.0,
202400007484,155 768 656,A01,2.0,7.0,0,9,0,16,0.0,
202400007485,155 768 655,A01,1.0,7.0,0,2,2,1,1.0,
202400007486,155 768 653,A01,1.0,50.0,0,0,0,1,3.0,
202400007487,155 768 654,A01,1.0,7.0,0,1,4,4,1.0,
202400007488,155 768 650,B01,1.0,32.0,0,2,0,16,1.0,
202400007489,155 768 649,A01,1.0,50.0,0,2,8,12,3.0,
202400007490,155 768 646,A01,0.0,7.0,0,2,3,15,2.0,
202400007491,155 768 645,A01,1.0,7.0,0,1,2,1,2.0,
202400007492,155 768 644,B01,1.0,7.0,0,2,3,15,1.0,
202400007493,155 768 640,A01,2.0,7.0,0,2,2,1,2.0,
202400007494,155 768 641,B01,1.0,32.0,0,0,7,17,1.0,
202400007495,155 768 639,A01,1.0,80.0,0,0,1,1,3.0,
202400007496,155 768 636,A01,0.0,30.0,0,2,1,0,0.0,
202400007497,155 768 634,A01,3.0,43.0,1,0,1,13,1.0,
202400007498,155 768 630,A01,3.0,40.0,0,2,1,0,3.0,
202400007499,155 768 631,A01,0.0,7.0,0,2,2,17,1.0,
202400007500,155 768 628,A01,1.0,7.0,0,2,3,15,1.0,
202400007501,155 768 627,A01,1.0,7.0,0,1,0,1,1.0,
202400007502,155 768 624,A01,1.0,10.0,0,2,1,2,1.0,
202400007503,155 768 623,B01,3.0,33.0,0,2,3,1,1.0,
202400007504,155 768 621,A01,0.0,33.0,0,2,8,1,1.0,
202400007505,155 768 619,A01,2.0,7.0,0,2,1,2,1.0,
202400007506,155 768 617,A01,1.0,7.0,0,2,1,15,1.0,
202400007507,155 768 614,A01,1.0,31.0,0,0,0,1,1.0,
202400007508,155 768 615,A01,1.0,7.0,0,2,1,26,1.0,
202400007509,155 768 613,A01,1.0,50.0,0,1,1,1,3.0,
202400007510,155 768 610,A01,1.0,7.0,0,2,1,2,1.0,
202400007511,155 768 609,A01,3.0,7.0,0,2,2,1,1.0,
202400007512,155 768 606,A01,1.0,1.0,0,2,8,1,5.0,
202400007513,155 768 605,B01,1.0,10.0,0,2,2,0,1.0,
202400007514,155 768 603,A01,1.0,33.0,0,1,1,1,1.0,
202400007515,155 768 602,A01,1.0,7.0,0,1,3,1,1.0,
202400007516,155 768 599,A01,2.0,7.0,0,2,5,15,1.0,
202400007517,155 768 598,A01,2.0,10.0,0,2,1,1,1.0,
202400007518,155 768 595,A01,3.0,7.0,0,2,3,1,0.0,
202400007519,155 768 594,A01,1.0,10.0,0,0,6,9,1.0,
202400007520,155 768 592,A01,2.0,33.0,3,0,1,0,0.0,
202400007521,155 768 591,A01,2.0,7.0,0,2,3,11,1.0,
202400007522,155 768 590,A01,1.0,7.0,1,0,9,21,1.0,
202400007523,155 768 588,A01,2.0,7.0,0,2,1,2,1.0,
202400007524,155 768 587,A01,2.0,7.0,0,1,2,1,2.0,
202400007525,155 768 586,A01,2.0,33.0,0,0,0,26,1.0,
202400007526,155 768 583,A01,2.0,7.0,0,0,7,1,1.0,
202400007527,155 768 584,A01,2.0,10.0,0,1,2,21,3.0,
202400007528,155 768 581,B01,2.0,33.0,0,2,4,2,1.0,
202400007529,155 768 580,A01,1.0,7.0,0,1,3,1,2.0,
202400007530,155 768 578,A01,1.0,7.0,6,0,1,1,1.0,
202400007531,155 768 579,A01,1.0,10.0,0,1,1,26,3.0,
202400007532,155 768 577,A01,2.0,7.0,8,0,3,3,1.0,
202400007533,155 768 574,A01,1.0,33.0,0,2,1,1,1.0,
202400007534,155 768 573,A01,1.0,33.0,4,0,7,17,1.0,
202400007535,155 768 571,A01,1.0,7.0,13,0,1,1,1.0,
202400007536,155 768 570,A01,1.0,7.0,0,2,3,9,1.0,
202400007537,155 768 569,A01,2.0,7.0,6,0,3,2,1.0,
202400007538,155 768 567,A01,1.0,7.0,2,0,1,0,1.0,
202400007539,155 768 568,A01,1.0,2.0,0,0,1,2,1.0,
202400007540,155 768 566,A01,2.0,7.0,6,0,9,1,2.0,
202400007541,155 768 565,Z01,1.0,34.0,0,1,0,0,1.0,
202400007542,155 768 562,A01,1.0,1.0,0,1,1,1,5.0,
202400007543,155 768 560,A01,3.0,1.0,12,0,1,2,5.0,
202400007544,155 768 559,A01,2.0,7.0,9,9,1,15,1.0,
202400007545,155 768 558,A01,0.0,2.0,0,0,1,1,1.0,