Num_Acc,id_vehicule,num_veh,senc,catv,obs,obsm,choc,manv,motor,occutc
202400007546,155 768 557,A01,2.0,1.0,0,1,1,1,5.0,
202400007547,155 768 556,A01,1.0,33.0,13,0,1,0,1.0,
202400007548,155 768 555,A01,1.0,50.0,14,0,1,2,3.0,
202400007549,155 768 554,A01,1.0,7.0,13,0,8,1,1.0,
202400007550,155 768 550,B01,3.0,43.0,0,2,1,2,1.0,
202400007551,155 768 551,A01,1.0,32.0,6,0,2,14,1.0,
202400007552,155 768 548,A01,2.0,31.0,12,0,3,14,1.0,
202400007553,155 768 547,A01,1.0,10.0,0,2,6,0,2.0,
202400007554,155 768 545,B01,2.0,33.0,0,2,1,1,1.0,
202400007555,155 768 544,A01,1.0,7.0,0,1,1,15,1.0,
202400007556,155 768 542,A01,2.0,33.0,16,2,1,17,1.0,
202400007557,155 768 541,A01,1.0,7.0,0,1,1,15,3.0,
202400007558,155 768 540,A01,1.0,31.0,12,0,8,0,1.0,
202400007559,155 768 536,B01,2.0,7.0,0,2,7,0,1.0,
202400007560,155 768 535,A01,1.0,1.0,0,2,0,2,5.0,
202400007561,155 768 534,A01,1.0,33.0,0,0,7,13,1.0,
202400007562,155 768 533,A01,2.0,7.0,0,1,2,17,3.0,
202400007563,155 768 532,A01,1.0,7.0,6,0,1,2,1.0,
202400007564,155 768 531,A01,3.0,7.0,0,1,6,4,2.0,
202400007565,155 768 530,A01,2.0,7.0,2,0,8,1,1.0,
202400007566,155 768 528,B01,3.0,7.0,0,2,1,1,1.0,
202400007567,155 768 527,A01,1.0,7.0,8,0,1,13,1.0,
202400007568,155 768 525,B01,1.0,10.0,0,2,4,23,1.0,
202400007569,155 768 524,A01,2.0,10.0,0,1,2,26,1.0,
202400007570,155 768 521,B01,1.0,50.0,0,2,2,1,3.0,
202400007571,155 768 517,A01,2.0,43.0,0,2,1,1,1.0,
202400007572,155 768 516,A01,1.0,7.0,17,9,2,0,1.0,
202400007573,155 768 514,B01,1.0,10.0,0,2,6,2,0.0,
202400007574,155 768 512,A01,1.0,33.0,0,2,1,1,1.0,
202400007575,155 768 511,A01,2.0,7.0,0,1,1,26,1.0,
202400007576,155 768 509,A01,2.0,7.0,0,2,3,13,1.0,
202400007577,155 768 508,A01,3.0,7.0,0,1,2,1,2.0,
202400007578,155 768 506,B01,2.0,7.0,0,2,2,0,1.0,
202400007579,155 768 504,B01,3.0,34.0,0,2,3,2,1.0,
202400007580,155 768 500,A01,1.0,10.0,0,2,2,15,1.0,
202400007581,155 768 502,B01,1.0,1.0,0,2,1,1,5.0,
202400007582,155 768 498,A01,2.0,31.0,0,2,8,1,1.0,
202400007583,155 768 497,A01,1.0,7.0,2,0,1,1,1.0,
202400007584,155 768 496,A01,2.0,7.0,0,1,1,1,1.0,
202400007585,155 768 495,A01,0.0,7.0,2,0,3,1,1.0,
202400007586,155 768 492,A01,1.0,7.0,0,2,4,2,1.0,
202400007587,155 768 491,A01,1.0,7.0,6,0,1,0,1.0,
202400007588,155 768 489,A01,1.0,7.0,13,0,3,13,1.0,
202400007589,155 768 488,A01,3.0,7.0,0,2,4,1,1.0,
202400007590,155 768 487,A01,1.0,7.0,0,0,0,1,1.0,
202400007591,155 768 486,Z01,2.0,7.0,0,1,2,1,1.0,
202400007592,155 768 484,A01,2.0,7.0,0,1,1,1,0.0,
202400007593,155 768 483,B01,1.0,33.0,0,2,1,13,1.0,
202400007594,155 768 482,A01,1.0,10.0,3,0,2,1,1.0,
202400007595,155 768 481,A01,0.0,32.0,0,1,1,17,1.0,
202400007596,155 768 480,A01,1.0,17.0,1,0,2,1,1.0,
202400007597,155 768 479,A01,1.0,7.0,0,1,7,2,1.0,
202400007598,155 768 475,B01,1.0,7.0,0,2,3,19,1.0,
202400007599,155 768 476,A01,1.0,10.0,0,2,3,26,1.0,
202400007600,155 768 473,A01,2.0,33.0,0,0,0,1,1.0,
202400007601,155 768 468,B01,1.0,33.0,0,2,3,1,1.0,
202400007602,155 768 466,A01,3.0,60.0,0,0,0,1,5.0,
202400007603,155 768 463,A01,1.0,7.0,0,2,3,2,1.0,
202400007604,155 768 462,A01,1.0,7.0,0,2,1,9,1.0,
202400007605,155 768 460,B01,2.0,7.0,0,2,2,1,0.0,
202400007606,155 768 459,A01,3.0,7.0,0,0,9,21,1.0,
202400007607,155 768 457,A01,2.0,7.0,2,0,3,14,1.0,
202400007608,155 768 456,A01,1.0,32.0,7,0,1,1,1.0,
202400007609,155 768 455,A01,2.0,7.0,9,1,1,0,1.0,
202400007610,155 768 453,A01,2.0,33.0,0,2,0,13,1.0,
202400007611,155 768 451,A01,2.0,33.0,0,2,1,1,1.0,
202400007612,155 768 449,B01,2.0,13.0,0,2,3,1,1.0,
202400007613,155 768 448,A01,3.0,43.0,15,0,3,11,1.0,
202400007614,155 768 447,A01,1.0,7.0,16,0,0,1,1.0,
202400007615,155 768 446,A01,2.0,0.0,0,1,0,0,0.0,
202400007616,155 768 444,A01,1.0,7.0,0,2,3,1,1.0,
202400007617,155 768 442,A01,2.0,7.0,0,2,1,13,1.0,
202400007618,155 768 439,A01,1.0,7.0,0,0,3,15,1.0,
202400007619,155 768 438,A01,2.0,33.0,0,2,1,1,1.0,
202400007620,155 768 437,A01,1.0,33.0,7,0,1,1,1.0,
202400007621,155 768 436,A01,3.0,7.0,2,0,3,0,1.0,
202400007622,155 768 433,B01,2.0,14.0,0,2,1,1,1.0,
202400007623,155 768 432,A01,1.0,7.0,0,9,2,21,1.0,
202400007624,155 768 430,A01,1.0,7.0,0,2,2,1,1.0,
202400007625,155 768 428,A01,1.0,2.0,11,0,0,1,1.0,
202400007626,155 768 427,A01,2.0,33.0,0,2,1,13,1.0,
202400007627,155 768 424,A01,2.0,7.0,0,2,1,1,3.0,
202400007628,155 768 423,B01,1.0,7.0,0,2,1,1,1.0,
202400007629,155 768 421,B01,1.0,1.0,0,2,7,1,5.0,
202400007630,155 768 419,A01,2.0,31.0,0,2,1,17,1.0,
202400007631,155 768 418,A01,1.0,15.0,0,1,2,9,1.0,
202400007632,155 768 417,A01,1.0,7.0,8,0,1,14,1.0,
202400007633,155 768 416,A01,0.0,7.0,13,0,3,21,1.0,
202400007634,155 768 415,A01,1.0,7.0,2,0,1,1,1.0,
202400007635,155 768 412,A01,2.0,31.0,0,2,6,11,1.0,
202400007636,155 768 411,A01,1.0,7.0,0,0,4,15,1.0,
202400007637,155 768 408,B01,2.0,7.0,0,2,1,11,1.0,
202400007638,155 768 407,A01,1.0,7.0,0,2,3,13,1.0,
202400007639,155 768 406,A01,1.0,33.0,0,0,4,2,1.0,
202400007640,155 768 404,A01,1.0,3.0,0,2,2,15,3.0,
202400007641,155 768 401,A01,2.0,33.0,0,2,2,3,1.0,
202400007642,155 768 397,A01,1.0,7.0,0,2,1,2,1.0,
202400007643,155 768 396,B01,1.0,7.0,0,2,6,1,1.0,
202400007644,155 768 394,A01,2.0,7.0,3,0,1,1,1.0,
202400007645,155 768 393,A01,1.0,7.0,3,2,2,17,1.0,
202400007646,155 768 390,A01,1.0,7.0,0,2,2,11,1.0,
202400007647,155 768 389,A01,2.0,7.0,0,2,1,5,1.0,
202400007648,155 768 386,A01,1.0,10.0,0,0,6,24,1.0,
202400007649,155 768 384,B01,1.0,33.0,0,2,3,1,1.0,
202400007650,155 768 383,A01,1.0,33.0,0,0,0,16,1.0,
202400007651,155 768 381,A01,1.0,7.0,0,2,1,1,1.0,
202400007652,155 768 380,A01,2.0,33.0,3,0,1,14,1.0,
202400007653,155 768 377,A01,1.0,33.0,0,2,5,3,1.0,
202400007654,155 768 375,A01,2.0,32.0,4,0,1,16,1.0,
202400007655,155 768 376,A01,2.0,33.0,16,2,9,1,1.0,
202400007656,155 768 374,A01,2.0,33.0,0,2,1,3,1.0,
202400007657,155 768 373,A01,2.0,33.0,12,0,1,1,1.0,
202400007658,155 768 371,A01,1.0,7.0,0,1,1,1,1.0,
202400007659,155 768 370,B01,2.0,7.0,0,2,1,1,1.0,
202400007660,155 768 368,A01,1.0,7.0,0,2,5,2,1.0,
202400007661,155 768 366,B01,3.0,7.0,0,2,8,15,1.0,
202400007662,155 768 365,A01,3.0,7.0,0,1,2,26,1.0,
202400007663,155 768 363,B01,1.0,7.0,0,2,3,1,1.0,
202400007664,155 768 361,B01,2.0,50.0,0,2,1,1,3.0,
202400007665,155 768 354,B01,1.0,7.0,0,2,4,26,1.0,
202400007666,155 768 353,A01,2.0,99.0,0,2,1,17,1.0,
202400007667,155 768 352,A01,1.0,33.0,6,0,1,1,1.0,
202400007668,155 768 350,B01,1.0,33.0,0,2,5,23,1.0,
202400007669,155 768 349,A01,1.0,32.0,14,0,1,9,1.0,
202400007670,155 768 348,A01,3.0,50.0,0,0,1,1,3.0,
202400007671,155 768 347,A01,1.0,7.0,3,0,2,1,1.0,
202400007672,155 768 346,A01,1.0,7.0,4,0,2,1,1.0,
202400007673,155 768 344,A01,2.0,17.0,0,2,1,21,1.0,
202400007674,155 768 341,A01,1.0,7.0,0,2,5,2,1.0,
202400007675,155 768 339,A01,2.0,17.0,1,2,5,1,1.0,
202400007676,155 768 337,A01,1.0,7.0,1,2,9,21,1.0,
202400007677,155 768 336,A01,2.0,43.0,0,1,1,1,1.0,
202400007678,155 768 334,B01,3.0,7.0,0,2,3,1,1.0,
202400007679,155 768 332,A01,3.0,7.0,0,2,7,19,1.0,
202400007680,155 768 331,A01,2.0,7.0,0,1,8,1,1.0,
202400007681,155 768 329,A01,3.0,7.0,12,2,4,23,1.0,
202400007682,155 768 327,A01,1.0,33.0,0,2,1,2,1.0,
202400007683,155 768 325,B01,1.0,7.0,0,2,8,1,2.0,
202400007684,155 768 323,A01,2.0,7.0,0,2,1,0,0.0,
202400007685,155 768 321,A01,2.0,7.0,0,2,8,10,2.0,
202400007686,155 768 320,A01,1.0,7.0,3,0,1,9,1.0,
202400007687,155 768 318,B01,2.0,7.0,0,2,2,1,1.0,
202400007688,155 768 316,B01,1.0,7.0,0,2,4,1,1.0,
202400007689,155 768 314,A01,3.0,7.0,0,2,4,1,1.0,
202400007690,155 768 313,A01,3.0,7.0,0,1,2,21,1.0,
202400007691,155 768 311,A01,3.0,7.0,0,2,1,16,1.0,
202400007692,155 768 310,A01,3.0,7.0,0,1,1,1,1.0,
202400007693,155 768 309,A01,2.0,7.0,7,0,1,26,1.0,
202400007694,155 768 308,A01,0.0,50.0,0,0,0,1,3.0,
202400007695,155 768 307,A01,0.0,7.0,0,1,1,16,1.0,
202400007696,155 768 304,A01,1.0,7.0,0,2,1,2,1.0,
202400007697,155 768 301,C01,2.0,7.0,0,2,0,0,1.0,
202400007698,155 768 298,A01,1.0,7.0,0,1,2,17,0.0,
202400007699,155 768 297,A01,1.0,0.0,0,1,0,26,0.0,
202400007700,155 768 295,B01,2.0,50.0,0,2,7,19,3.0,
202400007701,155 768 293,B01,1.0,32.0,0,2,8,1,1.0,
202400007702,155 768 291,B01,1.0,7.0,0,2,8,15,1.0,
202400007703,155 768 290,A01,2.0,7.0,0,1,3,1,1.0,
202400007704,155 768 288,A01,3.0,7.0,0,9,5,16,1.0,
202400007705,155 768 286,B01,2.0,7.0,0,2,1,1,1.0,
202400007706,155 768 283,B01,2.0,7.0,0,0,0,0,1.0,
202400007707,155 768 281,A01,2.0,80.0,0,2,8,2,2.0,
202400007708,155 768 279,A01,1.0,33.0,6,2,1,17,1.0,
202400007709,155 768 277,B01,2.0,32.0,0,2,1,1,1.0,
202400007710,155 768 276,A01,3.0,21.0,0,1,5,15,6.0,
202400007711,155 768 274,B01,1.0,7.0,0,2,2,1,3.0,
202400007712,155 768 272,A01,3.0,7.0,0,2,0,0,1.0,
202400007713,155 768 270,B01,1.0,7.0,0,2,1,1,1.0,
202400007714,155 768 269,A01,1.0,1.0,12,0,1,14,5.0,
202400007715,155 768 267,B01,3.0,7.0,0,2,4,2,1.0,
202400007716,155 768 265,A01,3.0,7.0,0,2,2,12,1.0,
202400007717,155 768 263,A01,3.0,7.0,0,2,2,26,1.0,
202400007718,155 768 261,B01,2.0,7.0,0,2,1,1,1.0,
202400007719,155 768 259,A01,3.0,7.0,0,2,4,1,1.0,
202400007720,155 768 257,B01,3.0,7.0,0,2,8,1,1.0,
202400007721,155 768 255,A01,1.0,33.0,0,2,1,13,1.0,
202400007722,155 768 254,A01,1.0,10.0,0,1,5,4,3.0,
202400007723,155 768 252,B01,2.0,32.0,0,2,9,15,1.0,
202400007724,155 768 250,B01,0.0,33.0,0,2,1,1,1.0,
202400007725,155 768 248,B01,1.0,33.0,0,2,1,1,1.0,
202400007726,155 768 246,A01,2.0,2.0,0,9,1,3,1.0,
202400007727,155 768 244,B01,1.0,10.0,0,0,3,20,1.0,
202400007728,155 768 242,A01,2.0,10.0,0,2,2,16,1.0,
202400007729,155 768 238,A01,1.0,15.0,0,2,1,1,1.0,
202400007730,155 768 236,B01,2.0,7.0,0,2,5,17,1.0,
202400007731,155 768 234,A01,1.0,7.0,0,2,4,4,1.0,
202400007732,155 768 230,A01,1.0,7.0,0,2,1,1,1.0,
202400007733,155 768 227,A01,1.0,7.0,0,1,1,1,1.0,
202400007734,155 768 224,A01,3.0,7.0,1,0,1,1,1.0,
202400007735,155 768 220,B01,0.0,10.0,0,2,1,1,1.0,
202400007736,155 768 219,A01,1.0,7.0,0,0,0,1,1.0,
202400007737,155 768 217,B01,1.0,31.0,0,2,1,1,1.0,
202400007738,155 768 216,A01,1.0,32.0,0,0,7,0,1.0,
202400007739,155 768 214,A01,1.0,7.0,0,2,0,15,1.0,
202400007740,155 768 212,B01,0.0,7.0,1,0,1,1,1.0,
202400007741,155 768 210,A01,1.0,33.0,0,2,1,1,1.0,
202400007742,155 768 208,B01,2.0,33.0,0,2,3,17,1.0,
202400007743,155 768 205,B01,2.0,7.0,0,2,3,1,2.0,
202400007744,155 768 203,A01,1.0,33.0,8,2,1,17,1.0,
202400007745,155 768 201,A01,1.0,33.0,0,2,3,17,1.0,
202400007746,155 768 200,A01,3.0,7.0,1,1,8,9,3.0,
202400007747,155 768 198,B01,1.0,1.0,0,2,4,1,5.0,
202400007748,155 768 197,A01,1.0,33.0,0,0,7,1,1.0,
202400007749,155 768 194,C01,1.0,33.0,0,2,2,3,1.0,
202400007750,155 768 192,B01,1.0,7.0,0,2,4,2,2.0,
202400007751,155 768 190,A01,3.0,7.0,0,2,3,1,1.0,
202400007752,155 768 188,A01,2.0,7.0,0,2,1,16,1.0,
202400007753,155 768 186,A01,1.0,33.0,0,2,1,9,1.0,
202400007754,155 768 185,A01,1.0,7.0,0,1,1,15,1.0,
202400007755,155 768 184,A01,3.0,7.0,2,0,3,1,1.0,
202400007756,155 768 182,B01,0.0,7.0,0,2,3,1,2.0,
202400007757,155 768 180,A01,0.0,32.0,0,2,1,1,1.0,
202400007758,155 768 178,A01,1.0,7.0,0,2,6,13,1.0,
202400007759,155 768 176,A01,2.0,7.0,0,2,1,1,1.0,
202400007760,155 768 174,A01,1.0,7.0,0,9,3,9,1.0,
202400007761,155 768 172,A01,2.0,7.0,0,2,1,1,1.0,
202400007762,155 768 171,Z01,2.0,7.0,0,1,0,0,0.0,
202400007763,155 768 170,A01,2.0,7.0,0,1,2,18,1.0,
202400007764,155 768 167,B01,1.0,7.0,0,2,4,1,1.0,
202400007765,155 768 165,B01,2.0,7.0,0,2,3,2,3.0,
202400007766,155 768 163,A01,3.0,7.0,0,2,1,26,2.0,
202400007767,155 768 162,A01,2.0,7.0,0,1,2,1,1.0,
202400007768,155 768 160,A01,3.0,1.0,0,2,1,1,5.0,
202400007769,155 768 156,D01,2.0,7.0,0,2,4,23,1.0,
202400007770,155 768 155,A01,2.0,7.0,0,1,3,1,1.0,
202400007771,155 768 148,A01,1.0,7.0,0,1,1,16,1.0,
202400007772,155 768 146,B01,2.0,7.0,0,2,0,0,1.0,
202400007773,155 768 145,B01,2.0,80.0,0,1,5,12,3.0,
202400007774,155 768 144,A01,1.0,10.0,0,1,2,16,1.0,
202400007775,155 768 143,A01,3.0,7.0,0,1,2,2,1.0,
202400007776,155 768 142,A01,1.0,80.0,1,0,1,13,3.0,
202400007777,155 768 140,A01,1.0,3.0,0,2,1,2,1.0,
202400007778,155 768 138,B01,1.0,50.0,0,9,4,1,3.0,
202400007779,155 768 135,B01,1.0,7.0,0,2,4,2,1.0,
202400007780,155 768 133,A01,2.0,43.0,0,2,1,2,1.0,
202400007781,155 768 129,A01,1.0,7.0,0,2,2,1,1.0,
202400007782,155 768 128,A01,2.0,7.0,0,2,4,2,1.0,
202400007783,155 768 127,A01,2.0,7.0,0,0,9,14,1.0,
202400007784,155 768 125,A01,3.0,30.0,0,2,1,16,1.0,
202400007785,155 768 123,A01,2.0,33.0,0,2,7,1,1.0,
202400007786,155 768 120,A01,1.0,31.0,0,2,8,23,1.0,
202400007787,155 768 119,B01,1.0,33.0,0,2,1,3,1.0,
202400007788,155 768 116,Z01,2.0,7.0,0,2,6,11,1.0,
202400007789,155 768 115,B01,2.0,7.0,0,2,3,1,1.0,
202400007790,155 768 113,B01,1.0,30.0,0,2,1,1,1.0,
202400007791,155 768 109,A01,1.0,33.0,0,2,7,2,1.0,
202400007792,155 768 111,B01,1.0,33.0,0,2,3,1,1.0,
202400007793,155 768 107,A01,2.0,7.0,0,1,1,19,1.0,
202400007794,155 768 106,B01,1.0,2.0,0,2,0,1,1.0,
202400007795,155 768 105,A01,2.0,50.0,8,0,1,1,3.0,
202400007796,155 768 103,B01,2.0,7.0,0,2,5,1,1.0,
202400007797,155 768 100,A01,3.0,33.0,0,2,1,2,1.0,
202400007798,155 768 099,A01,1.0,7.0,0,2,2,15,1.0,
202400007799,155 768 096,A01,1.0,7.0,0,2,1,15,1.0,
202400007800,155 768 095,B01,2.0,31.0,1,2,4,2,1.0,
202400007801,155 768 092,A01,2.0,30.0,0,2,1,2,1.0,
202400007802,155 768 090,B01,1.0,7.0,0,2,1,0,1.0,
202400007803,155 768 089,B01,3.0,1.0,0,2,7,0,5.0,
202400007804,155 768 087,A01,1.0,7.0,11,0,1,1,1.0,
202400007805,155 768 082,A01,2.0,10.0,0,2,2,11,1.0,
202400007806,155 768 080,B01,2.0,7.0,1,2,4,23,1.0,
202400007807,155 768 079,A01,1.0,7.0,0,2,8,15,1.0,
202400007808,155 768 077,A01,3.0,7.0,15,0,2,1,1.0,
202400007809,155 768 076,A01,3.0,7.0,0,2,0,0,1.0,
202400007810,155 768 075,A01,1.0,7.0,16,0,1,14,1.0,
202400007811,155 768 072,A01,1.0,7.0,0,2,0,0,1.0,
202400007812,155 768 070,A01,1.0,7.0,0,0,4,1,1.0,
202400007813,155 768 068,A01,3.0,7.0,2,5,2,21,1.0,
202400007814,155 768 065,A01,2.0,7.0,0,2,2,20,1.0,
202400007815,155 768 064,A01,0.0,37.0,0,2,2,16,1.0,1
202400007816,155 768 061,B01,1.0,7.0,0,2,4,2,1.0,
202400007817,155 768 060,A01,3.0,1.0,12,2,1,2,5.0,
202400007818,155 768 059,A01,0.0,7.0,0,1,1,15,1.0,
202400007819,155 768 058,A01,1.0,7.0,3,0,1,18,1.0,
202400007820,155 768 055,A01,1.0,7.0,0,2,2,2,1.0,
202400007821,155 768 053,A01,3.0,7.0,0,2,1,1,1.0,
202400007822,155 768 052,B01,2.0,7.0,0,2,1,1,1.0,
202400007823,155 768 050,B01,2.0,7.0,0,2,4,1,1.0,
202400007824,155 768 047,B01,3.0,33.0,0,2,1,2,1.0,
202400007825,155 768 046,A01,3.0,7.0,13,2,1,21,1.0,
202400007826,155 768 042,A01,1.0,7.0,10,0,1,1,1.0,
202400007827,155 768 041,B01,1.0,7.0,0,2,9,2,1.0,
202400007828,155 768 039,A01,2.0,7.0,0,2,1,2,1.0,
202400007829,155 768 035,B01,1.0,7.0,0,9,4,2,1.0,
202400007830,155 768 034,A01,1.0,7.0,0,2,1,1,1.0,
202400007831,155 768 033,B01,0.0,7.0,0,2,3,1,1.0,
202400007832,155 768 030,A01,3.0,7.0,0,2,0,0,1.0,
202400007833,155 768 027,A01,2.0,7.0,0,2,4,2,1.0,
202400007834,155 768 024,A01,3.0,7.0,0,2,2,10,1.0,
202400007835,155 768 023,A01,1.0,7.0,0,2,3,11,1.0,
202400007836,155 768 022,A01,1.0,7.0,8,0,3,1,1.0,
202400007837,155 768 019,A01,2.0,7.0,13,0,1,0,1.0,
202400007838,155 768 017,A01,3.0,7.0,0,2,3,15,1.0,
202400007839,155 768 016,C01,1.0,13.0,0,2,1,1,0.0,
202400007840,155 768 014,A01,3.0,7.0,0,9,2,1,1.0,
202400007841,155 768 012,A01,1.0,33.0,0,2,1,21,1.0,
202400007842,155 768 009,B01,2.0,7.0,0,0,4,1,1.0,
202400007843,155 768 007,B01,1.0,37.0,0,2,8,13,0.0,1
202400007844,155 768 004,A01,1.0,2.0,0,2,1,3,1.0,
202400007845,155 768 003,A01,2.0,32.0,0,1,1,17,1.0,
202400007846,155 768 002,A01,3.0,1.0,0,2,3,13,5.0,
202400007847,155 767 998,A01,3.0,7.0,0,1,1,26,1.0,
202400007848,155 767 999,B01,1.0,50.0,0,2,1,1,3.0,
202400007849,155 767 997,A01,2.0,7.0,0,2,3,13,1.0,
202400007850,155 767 993,A01,2.0,7.0,0,2,3,13,1.0,
202400007851,155 767 992,A01,1.0,7.0,0,2,1,2,1.0,
202400007852,155 767 991,A01,2.0,10.0,0,2,3,1,1.0,
202400007853,155 767 989,A01,1.0,7.0,2,0,8,1,2.0,
202400007854,155 767 987,A01,1.0,7.0,0,2,1,13,1.0,
202400007855,155 767 986,A01,1.0,31.0,0,2,3,3,1.0,
202400007856,155 767 980,A01,3.0,7.0,0,2,3,13,1.0,
202400007857,155 767 978,A01,0.0,7.0,0,2,8,0,1.0,
202400007858,155 767 977,A01,1.0,1.0,0,2,1,15,5.0,
202400007859,155 767 975,A01,1.0,33.0,0,2,2,12,1.0,
202400007860,155 767 974,A01,3.0,7.0,0,1,1,1,1.0,
202400007861,155 767 972,B01,2.0,1.0,0,2,5,23,5.0,
202400007862,155 767 971,A01,1.0,33.0,6,0,7,14,1.0,
202400007863,155 767 970,A01,2.0,7.0,0,1,3,1,1.0,
202400007864,155 767 966,A01,1.0,7.0,0,2,3,13,1.0,
202400007865,155 767 965,A01,1.0,7.0,0,2,1,13,1.0,
202400007866,155 767 963,A01,1.0,7.0,0,2,1,1,1.0,
202400007867,155 767 962,A01,0.0,1.0,0,0,1,21,5.0,
202400007868,155 767 957,B01,1.0,10.0,0,2,1,1,1.0,
202400007869,155 767 958,A01,1.0,7.0,0,2,1,1,1.0,
202400007870,155 767 956,A01,1.0,7.0,0,1,3,1,,
202400007871,155 767 953,A01,1.0,10.0,0,2,7,1,1.0,
202400007872,155 767 951,B01,2.0,7.0,0,2,8,1,1.0,
202400007873,155 767 950,A01,1.0,30.0,14,0,1,14,3.0,
202400007874,155 767 949,A01,1.0,7.0,0,1,1,15,1.0,
202400007875,155 767 946,C01,2.0,7.0,4,2,4,2,1.0,
202400007876,155 767 945,A01,2.0,10.0,0,1,3,1,1.0,
202400007877,155 767 939,A01,2.0,7.0,0,2,3,1,1.0,
202400007878,155 767 938,A01,2.0,1.0,0,2,7,1,5.0,
202400007879,155 767 936,C01,1.0,7.0,0,2,4,2,1.0,
202400007880,155 767 935,A01,1.0,7.0,4,0,1,1,1.0,
202400007881,155 767 933,A01,2.0,7.0,0,2,1,17,1.0,
202400007882,155 767 931,B01,3.0,33.0,0,2,9,1,1.0,
202400007883,155 767 930,A01,3.0,10.0,0,1,7,26,1.0,
202400007884,155 767 927,A01,1.0,7.0,0,2,1,0,1.0,
202400007885,155 767 925,A01,2.0,7.0,0,2,1,1,1.0,
202400007886,155 767 924,B01,2.0,7.0,0,2,3,1,1.0,
202400007887,155 767 922,A01,2.0,32.0,0,2,1,2,1.0,
202400007888,155 767 919,A01,3.0,7.0,9,2,1,14,1.0,
202400007889,155 767 918,B01,2.0,1.0,0,2,3,15,5.0,
202400007890,155 767 916,B01,2.0,7.0,0,2,7,15,1.0,
202400007891,155 767 913,A01,2.0,37.0,0,2,3,21,1.0,4
202400007892,155 767 912,A01,2.0,7.0,0,1,1,1,1.0,
202400007893,155 767 907,A01,1.0,7.0,0,2,7,17,2.0,
202400007894,155 767 908,A01,1.0,7.0,4,0,4,1,1.0,
202400007895,155 767 911,Z01,1.0,7.0,0,1,0,16,1.0,
202400007896,155 767 903,A01,1.0,1.0,0,2,1,19,5.0,
202400007897,155 767 904,A01,3.0,7.0,8,0,1,16,1.0,
202400007898,155 767 902,B01,1.0,1.0,0,2,1,1,0.0,
202400007899,155 767 899,B01,1.0,7.0,0,2,2,9,2.0,
202400007900,155 767 898,A01,1.0,7.0,0,1,5,4,1.0,
202400007901,155 767 897,A01,1.0,7.0,0,2,3,15,1.0,
202400007902,155 767 895,A01,1.0,32.0,0,0,0,1,1.0,
202400007903,155 767 894,B01,3.0,7.0,0,2,4,2,1.0,
202400007904,155 767 892,A01,1.0,7.0,0,2,4,23,1.0,
202400007905,155 767 890,A01,2.0,7.0,0,1,3,0,1.0,
202400007906,155 767 889,A01,2.0,30.0,0,2,3,17,1.0,
202400007907,155 767 887,A01,1.0,7.0,0,1,2,0,1.0,
202400007908,155 767 886,A01,1.0,33.0,0,2,1,1,1.0,
202400007909,155 767 885,A01,0.0,7.0,0,1,1,26,1.0,
202400007910,155 767 883,B01,3.0,7.0,0,2,1,26,3.0,
202400007911,155 767 881,A01,3.0,7.0,0,1,1,1,1.0,
202400007912,155 767 880,A01,1.0,7.0,12,0,3,15,1.0,
202400007913,155 767 879,A01,1.0,33.0,0,0,8,0,1.0,
202400007914,155 767 877,A01,1.0,7.0,0,1,1,1,1.0,
202400007915,155 767 876,A01,0.0,7.0,0,2,3,10,1.0,
202400007916,155 767 875,A01,2.0,7.0,0,1,7,1,1.0,
202400007917,155 767 872,A01,1.0,10.0,0,1,1,15,1.0,
202400007918,155 767 871,A01,3.0,7.0,0,2,3,9,1.0,
202400007919,155 767 870,A01,3.0,7.0,0,2,7,15,1.0,
202400007920,155 767 867,A01,1.0,32.0,0,1,2,1,1.0,
202400007921,155 767 865,A01,3.0,1.0,1,0,8,25,5.0,
202400007922,155 767 864,A01,1.0,33.0,12,0,7,26,1.0,
202400007923,155 767 863,A01,3.0,7.0,0,1,1,1,1.0,
202400007924,155 767 860,A01,3.0,50.0,0,2,1,1,3.0,
202400007925,155 767 858,A01,1.0,34.0,0,2,1,18,1.0,
202400007926,155 767 857,A01,1.0,7.0,0,2,8,26,1.0,
202400007927,155 767 855,A01,0.0,7.0,0,2,3,13,1.0,
202400007928,155 767 854,A01,3.0,7.0,0,1,1,1,1.0,
202400007929,155 767 851,B01,2.0,7.0,0,2,4,1,3.0,
202400007930,155 767 849,A01,1.0,50.0,0,0,1,26,3.0,
202400007931,155 767 848,A01,1.0,7.0,0,2,4,2,1.0,
202400007932,155 767 847,A01,1.0,1.0,0,1,0,5,5.0,
202400007933,155 767 845,A01,1.0,10.0,5,0,9,1,1.0,
202400007934,155 767 844,A01,1.0,7.0,0,2,1,5,1.0,
202400007935,155 767 842,A01,2.0,33.0,15,0,1,0,1.0,
202400007936,155 767 841,A01,1.0,7.0,0,2,0,15,1.0,
202400007937,155 767 838,A01,1.0,33.0,0,0,5,1,1.0,
202400007938,155 767 837,A01,3.0,2.0,0,2,1,19,1.0,
202400007939,155 767 835,C01,3.0,7.0,0,2,7,2,,
202400007940,155 767 831,A01,2.0,7.0,16,0,9,14,1.0,
202400007941,155 767 829,A01,3.0,7.0,0,2,3,13,1.0,
202400007942,155 767 828,B01,2.0,7.0,0,2,1,1,1.0,