Num_Acc,id_vehicule,num_veh,senc,catv,obs,obsm,choc,manv,motor,occutc
202400007943,155 767 826,A01,1.0,7.0,0,1,3,1,1.0,
202400007944,155 767 824,B01,2.0,50.0,0,2,1,5,3.0,
202400007945,155 767 822,A01,2.0,13.0,0,2,7,10,1.0,
202400007946,155 767 821,B01,2.0,1.0,0,2,8,15,5.0,
202400007947,155 767 820,A01,1.0,7.0,0,1,2,1,1.0,
202400007948,155 767 819,A01,2.0,7.0,0,1,1,1,1.0,
202400007949,155 767 818,A01,1.0,7.0,5,0,1,1,1.0,
202400007950,155 767 816,A01,2.0,30.0,0,4,7,5,1.0,
202400007951,155 767 814,A01,3.0,7.0,8,0,3,1,1.0,
202400007952,155 767 812,A01,1.0,7.0,0,2,1,12,1.0,
202400007953,155 767 811,A01,1.0,7.0,0,1,0,1,2.0,
202400007954,155 767 810,A01,1.0,33.0,4,0,1,13,1.0,
202400007955,155 767 807,B01,1.0,38.0,0,0,3,2,1.0,1
202400007956,155 767 806,B01,3.0,1.0,0,2,1,1,5.0,
202400007957,155 767 805,A01,1.0,33.0,0,1,0,21,1.0,
202400007958,155 767 803,A01,3.0,10.0,0,1,4,4,1.0,
202400007959,155 767 802,A01,3.0,7.0,0,1,1,1,1.0,
202400007960,155 767 801,A01,1.0,7.0,0,2,1,1,1.0,
202400007961,155 767 800,A01,1.0,1.0,0,1,0,1,5.0,
202400007962,155 767 798,A01,1.0,7.0,2,0,3,1,1.0,
202400007963,155 767 797,B01,3.0,7.0,0,2,0,0,0.0,
202400007964,155 767 795,A01,3.0,2.0,0,2,1,1,1.0,
202400007965,155 767 792,A01,1.0,30.0,0,2,3,1,1.0,
202400007966,155 767 791,A01,1.0,7.0,0,2,3,13,1.0,
202400007967,155 767 790,A01,3.0,7.0,8,0,1,1,1.0,
202400007968,155 767 787,B01,3.0,7.0,0,2,7,1,1.0,
202400007969,155 767 786,B01,3.0,7.0,0,2,3,21,1.0,
202400007970,155 767 782,B01,2.0,1.0,0,2,8,25,5.0,
202400007971,155 767 780,A01,2.0,7.0,0,2,1,1,1.0,
202400007972,155 767 778,A01,1.0,1.0,0,0,0,0,5.0,
202400007973,155 767 777,A01,1.0,7.0,0,1,8,19,2.0,
202400007974,155 767 774,A01,3.0,7.0,0,2,3,9,1.0,
202400007975,155 767 773,A01,0.0,7.0,0,1,1,1,1.0,
202400007976,155 767 770,A01,2.0,10.0,0,2,2,17,1.0,
202400007977,155 767 769,B01,1.0,33.0,0,2,1,1,1.0,
202400007978,155 767 765,A01,3.0,50.0,0,2,1,19,3.0,
202400007979,155 767 766,A01,2.0,7.0,0,2,1,2,1.0,
202400007980,155 767 764,A01,1.0,1.0,0,0,0,1,5.0,
202400007981,155 767 762,A01,2.0,7.0,0,2,3,13,1.0,
202400007982,155 767 759,A01,2.0,7.0,0,1,1,16,1.0,
202400007983,155 767 760,A01,2.0,33.0,0,0,8,0,1.0,
202400007984,155 767 758,A01,1.0,38.0,0,1,8,1,1.0,1
202400007985,155 767 755,A01,3.0,7.0,0,2,7,15,1.0,
202400007986,155 767 756,A01,2.0,33.0,0,0,8,1,1.0,
202400007987,155 767 753,B01,3.0,7.0,0,2,4,2,1.0,
202400007988,155 767 751,A01,1.0,10.0,0,2,1,1,1.0,
202400007989,155 767 750,A01,1.0,7.0,5,1,3,13,1.0,
202400007990,155 767 747,B01,3.0,40.0,0,2,3,19,3.0,
202400007991,155 767 746,A01,2.0,7.0,0,2,2,1,1.0,
202400007992,155 767 743,A01,1.0,3.0,0,1,1,1,2.0,
202400007993,155 767 742,A01,1.0,2.0,0,2,2,19,1.0,
202400007994,155 767 741,B01,1.0,31.0,0,2,8,16,1.0,
202400007995,155 767 738,A01,1.0,7.0,0,2,1,1,0.0,
202400007996,155 767 739,A01,0.0,7.0,1,0,2,14,1.0,
202400007997,155 767 737,A01,2.0,32.0,13,0,1,1,1.0,
202400007998,155 767 735,B01,2.0,7.0,0,2,6,1,1.0,
202400007999,155 767 732,B01,1.0,2.0,0,2,1,1,1.0,
202400008000,155 767 733,A01,1.0,33.0,3,0,1,14,1.0,
202400008001,155 767 730,A01,1.0,7.0,0,2,3,19,1.0,
202400008002,155 767 728,A01,3.0,7.0,0,2,1,13,1.0,
202400008003,155 767 725,B01,1.0,30.0,0,2,1,1,1.0,
202400008004,155 767 721,A01,0.0,7.0,0,2,1,2,1.0,
202400008005,155 767 719,A01,1.0,7.0,0,1,1,15,1.0,
202400008006,155 767 717,C01,2.0,7.0,0,2,1,2,1.0,
202400008007,155 767 716,A01,1.0,7.0,0,2,3,19,1.0,
202400008008,155 767 715,A01,1.0,10.0,0,1,2,1,1.0,
202400008009,155 767 712,A01,2.0,7.0,0,1,1,1,1.0,
202400008010,155 767 711,A01,1.0,7.0,0,2,3,13,1.0,
202400008011,155 767 706,A01,1.0,7.0,0,2,1,1,1.0,
202400008012,155 767 710,B01,1.0,33.0,0,2,1,1,1.0,
202400008013,155 767 705,A01,2.0,33.0,13,0,1,16,1.0,
202400008014,155 767 701,B01,1.0,7.0,0,2,1,2,1.0,
202400008015,155 767 700,A01,2.0,7.0,0,2,2,1,1.0,
202400008016,155 767 699,A01,2.0,7.0,0,2,6,13,1.0,
202400008017,155 767 697,A01,3.0,7.0,0,1,8,1,1.0,
202400008018,155 767 696,B01,3.0,10.0,0,2,3,15,1.0,
202400008019,155 767 695,A01,0.0,80.0,0,0,1,0,3.0,
202400008020,155 767 694,A01,3.0,7.0,0,1,1,1,1.0,
202400008021,155 767 691,A01,1.0,7.0,0,2,1,2,1.0,
202400008022,155 767 689,B01,3.0,7.0,0,2,4,23,1.0,
202400008023,155 767 688,A01,2.0,33.0,0,0,0,1,1.0,
202400008024,155 767 686,A01,1.0,7.0,0,2,1,2,1.0,
202400008025,155 767 684,A01,1.0,33.0,13,0,7,1,1.0,
202400008026,155 767 683,B01,2.0,7.0,0,2,4,1,1.0,
202400008027,155 767 681,A01,2.0,33.0,0,5,1,21,1.0,
202400008028,155 767 678,A01,2.0,7.0,0,2,3,16,1.0,
202400008029,155 767 676,A01,1.0,7.0,13,0,0,1,1.0,
202400008030,155 767 673,B01,2.0,7.0,0,2,4,2,1.0,
202400008031,155 767 672,A01,1.0,7.0,0,2,2,26,1.0,
202400008032,155 767 668,A01,1.0,7.0,2,2,4,19,1.0,
202400008033,155 767 666,A01,2.0,10.0,0,2,8,1,1.0,
202400008034,155 767 667,A01,0.0,33.0,0,2,2,26,1.0,
202400008035,155 767 663,A01,1.0,1.0,0,2,8,1,5.0,
202400008036,155 767 661,B01,1.0,7.0,0,2,1,0,1.0,
202400008037,155 767 659,A01,1.0,50.0,0,1,1,25,3.0,
202400008038,155 767 658,A01,0.0,7.0,0,2,2,5,1.0,
202400008039,155 767 657,A01,1.0,7.0,4,0,2,2,1.0,
202400008040,155 767 653,A01,2.0,7.0,0,2,1,2,1.0,
202400008041,155 767 651,A01,2.0,33.0,0,2,1,21,1.0,
202400008042,155 767 650,A01,1.0,21.0,0,2,8,15,1.0,
202400008043,155 767 648,A01,2.0,7.0,0,2,2,12,1.0,
202400008044,155 767 646,A01,2.0,33.0,0,2,1,2,1.0,
202400008045,155 767 644,A01,2.0,7.0,4,0,1,1,1.0,
202400008046,155 767 643,A01,2.0,7.0,0,2,1,13,1.0,
202400008047,155 767 641,A01,1.0,7.0,0,2,8,2,1.0,
202400008048,155 767 640,A01,2.0,7.0,15,0,7,13,1.0,
202400008049,155 767 639,A01,1.0,33.0,12,0,8,1,1.0,
202400008050,155 767 634,A01,1.0,33.0,0,2,1,1,1.0,
202400008051,155 767 636,A01,3.0,3.0,0,2,1,1,1.0,
202400008052,155 767 630,A01,1.0,7.0,0,1,8,15,1.0,
202400008053,155 767 629,B01,2.0,7.0,0,2,7,1,2.0,
202400008054,155 767 628,A01,1.0,7.0,4,0,2,1,1.0,
202400008055,155 767 626,A01,1.0,7.0,0,2,8,19,1.0,
202400008056,155 767 625,A01,3.0,3.0,0,1,1,0,1.0,
202400008057,155 767 624,A01,1.0,7.0,0,1,2,1,2.0,
202400008058,155 767 623,B01,0.0,2.0,0,0,7,1,1.0,
202400008059,155 767 620,A01,3.0,7.0,0,4,6,19,1.0,
202400008060,155 767 619,A01,1.0,7.0,0,2,1,0,1.0,
202400008061,155 767 617,B01,1.0,33.0,0,2,1,2,1.0,
202400008062,155 767 614,B01,1.0,7.0,0,2,3,1,1.0,
202400008063,155 767 613,A01,3.0,7.0,0,2,1,5,1.0,
202400008064,155 767 610,B01,1.0,7.0,0,2,1,1,1.0,
202400008065,155 767 609,A01,1.0,7.0,0,2,2,1,1.0,
202400008066,155 767 607,A01,1.0,37.0,0,1,2,1,1.0,1
202400008067,155 767 606,A01,2.0,33.0,0,2,5,1,1.0,
202400008068,155 767 605,A01,1.0,7.0,0,1,1,1,1.0,
202400008069,155 767 604,A01,2.0,10.0,0,1,2,15,3.0,
202400008070,155 767 601,C01,1.0,7.0,0,2,4,23,2.0,
202400008071,155 767 600,A01,2.0,37.0,3,0,7,0,0.0,43
202400008072,155 767 598,B01,2.0,2.0,8,2,3,18,1.0,
202400008073,155 767 596,A01,2.0,7.0,0,0,9,1,1.0,
202400008074,155 767 595,A01,1.0,7.0,0,2,7,19,2.0,
202400008075,155 767 594,A01,1.0,2.0,0,1,1,1,1.0,
202400008076,155 767 591,A01,2.0,10.0,0,1,1,1,1.0,
202400008077,155 767 589,A01,2.0,31.0,0,2,1,2,1.0,
202400008078,155 767 587,B01,1.0,1.0,0,2,1,1,5.0,
202400008079,155 767 588,A01,2.0,7.0,0,0,3,19,1.0,
202400008080,155 767 585,B01,1.0,33.0,0,2,0,0,1.0,
202400008081,155 767 583,A01,2.0,33.0,14,0,1,1,1.0,
202400008082,155 767 581,A01,2.0,7.0,0,2,8,24,2.0,
202400008083,155 767 575,A01,1.0,7.0,0,2,3,15,1.0,
202400008084,155 767 574,A01,1.0,50.0,0,2,2,1,3.0,
202400008085,155 767 572,B01,3.0,7.0,0,2,3,16,2.0,
202400008086,155 767 570,A01,1.0,33.0,0,2,1,1,1.0,
202400008087,155 767 577,B01,2.0,33.0,0,2,1,2,1.0,
202400008088,155 767 568,B01,0.0,7.0,0,2,1,1,1.0,
202400008089,155 767 566,A01,1.0,33.0,0,0,1,1,1.0,
202400008090,155 767 565,A01,1.0,1.0,0,2,1,11,5.0,
202400008091,155 767 564,A01,3.0,10.0,0,1,0,0,0.0,
202400008092,155 767 561,A01,2.0,33.0,0,2,0,21,1.0,
202400008093,155 767 558,A01,0.0,15.0,0,2,3,15,1.0,
202400008094,155 767 559,D01,1.0,33.0,0,2,1,1,1.0,
202400008095,155 767 556,B01,3.0,32.0,0,2,0,0,0.0,
202400008096,155 767 551,B01,3.0,7.0,0,2,5,2,1.0,
202400008097,155 767 549,A01,2.0,32.0,0,2,7,15,1.0,
202400008098,155 767 550,B01,2.0,33.0,0,2,1,1,1.0,
202400008099,155 767 545,A01,2.0,37.0,0,2,8,15,2.0,1
202400008100,155 767 544,B01,2.0,7.0,0,2,3,26,1.0,
202400008101,155 767 543,B01,1.0,10.0,0,2,1,1,1.0,
202400008102,155 767 541,B01,3.0,43.0,0,2,4,2,1.0,
202400008103,155 767 539,A01,0.0,7.0,6,0,1,15,1.0,
202400008104,155 767 540,A01,3.0,7.0,0,1,2,0,1.0,
202400008105,155 767 536,A01,0.0,1.0,8,0,0,1,5.0,
202400008106,155 767 534,A01,3.0,7.0,0,2,3,15,1.0,
202400008107,155 767 535,A01,2.0,7.0,0,2,6,15,1.0,
202400008108,155 767 532,A01,2.0,7.0,0,1,3,1,1.0,
202400008109,155 767 528,A01,1.0,33.0,13,2,6,5,1.0,
202400008110,155 767 527,C01,2.0,7.0,0,2,4,1,1.0,
202400008111,155 767 523,B01,2.0,7.0,0,2,4,1,1.0,
202400008112,155 767 521,B01,3.0,7.0,0,2,3,15,1.0,
202400008113,155 767 520,B01,1.0,33.0,0,2,7,1,1.0,
202400008114,155 767 517,A01,1.0,7.0,0,1,1,1,1.0,
202400008115,155 767 516,A01,1.0,33.0,0,2,1,3,1.0,
202400008116,155 767 515,A01,1.0,7.0,13,0,1,1,1.0,
202400008117,155 767 514,A01,2.0,31.0,4,0,7,2,1.0,
202400008118,155 767 513,Z01,3.0,7.0,0,1,0,2,0.0,
202400008119,155 767 512,A01,2.0,7.0,2,0,1,1,1.0,
202400008120,155 767 509,A01,3.0,7.0,0,1,1,17,1.0,
202400008121,155 767 510,A01,3.0,7.0,0,2,1,1,2.0,
202400008122,155 767 507,B01,1.0,1.0,0,0,4,2,5.0,
202400008123,155 767 506,Z01,3.0,7.0,0,1,3,2,1.0,
202400008124,155 767 505,A01,1.0,33.0,0,0,4,2,1.0,
202400008125,155 767 504,A01,2.0,31.0,0,1,3,26,1.0,
202400008126,155 767 501,B01,1.0,10.0,0,2,1,2,1.0,
202400008127,155 767 499,A01,1.0,7.0,0,1,2,1,1.0,
202400008128,155 767 498,A01,2.0,7.0,0,2,1,2,1.0,
202400008129,155 767 493,B01,1.0,7.0,0,2,2,1,2.0,
202400008130,155 767 491,B01,2.0,7.0,8,2,4,2,1.0,
202400008131,155 767 492,A01,2.0,7.0,0,2,1,2,1.0,
202400008132,155 767 490,A01,2.0,31.0,0,2,1,1,1.0,
202400008133,155 767 487,A01,0.0,2.0,0,1,0,0,0.0,
202400008134,155 767 486,A01,1.0,7.0,0,2,1,26,1.0,
202400008135,155 767 485,A01,2.0,10.0,1,0,1,1,1.0,
202400008136,155 767 483,A01,1.0,21.0,0,2,6,15,1.0,
202400008137,155 767 480,A01,2.0,7.0,0,1,2,0,1.0,
202400008138,155 767 479,B01,1.0,50.0,0,2,1,0,3.0,
202400008139,155 767 478,B01,2.0,7.0,0,2,6,1,1.0,
202400008140,155 767 473,A01,1.0,7.0,0,1,1,14,0.0,
202400008141,155 767 475,A01,2.0,7.0,0,2,1,2,1.0,
202400008142,155 767 472,A01,1.0,7.0,0,2,1,2,2.0,
202400008143,155 767 470,A01,1.0,10.0,0,2,5,12,1.0,
202400008144,155 767 465,B01,1.0,7.0,14,0,5,23,2.0,
202400008145,155 767 466,A01,2.0,30.0,0,2,7,21,1.0,
202400008146,155 767 467,A01,2.0,33.0,12,0,7,14,1.0,
202400008147,155 767 462,A01,1.0,0.0,0,1,0,26,0.0,
202400008148,155 767 463,Z01,1.0,7.0,0,2,1,1,2.0,
202400008149,155 767 459,B01,1.0,33.0,0,2,7,17,1.0,
202400008150,155 767 460,A01,2.0,30.0,1,1,1,17,3.0,
202400008151,155 767 452,A01,1.0,33.0,0,1,1,1,1.0,
202400008152,155 767 454,A01,1.0,7.0,8,2,7,15,1.0,
202400008153,155 767 453,B01,2.0,34.0,0,2,7,21,1.0,
202400008154,155 767 451,A01,1.0,10.0,0,2,1,21,1.0,
202400008155,155 767 446,A01,1.0,10.0,0,2,2,24,0.0,
202400008156,155 767 447,A01,1.0,33.0,0,2,1,1,1.0,
202400008157,155 767 444,A01,1.0,7.0,0,2,2,1,1.0,
202400008158,155 767 443,B01,1.0,7.0,1,0,4,2,1.0,
202400008159,155 767 439,A01,1.0,10.0,0,2,7,19,1.0,
202400008160,155 767 441,A01,1.0,30.0,0,2,1,2,1.0,
202400008161,155 767 436,A01,2.0,7.0,0,2,3,11,1.0,
202400008162,155 767 434,A01,1.0,32.0,0,0,7,26,1.0,
202400008163,155 767 433,B01,3.0,7.0,0,2,7,1,2.0,
202400008164,155 767 432,A01,1.0,2.0,0,2,7,17,1.0,
202400008165,155 767 430,B01,1.0,30.0,0,2,1,2,1.0,
202400008166,155 767 428,A01,1.0,7.0,0,0,0,26,1.0,
202400008167,155 767 426,A01,1.0,7.0,0,2,3,9,1.0,
202400008168,155 767 425,A01,3.0,10.0,0,2,1,1,1.0,
202400008169,155 767 423,A01,1.0,7.0,0,2,8,15,1.0,
202400008170,155 767 419,A01,2.0,7.0,0,2,6,14,1.0,
202400008171,155 767 418,B01,3.0,43.0,0,2,1,1,1.0,
202400008172,155 767 417,B01,1.0,2.0,0,0,0,0,1.0,
202400008173,155 767 413,A01,1.0,7.0,0,2,3,1,2.0,
202400008174,155 767 414,A01,2.0,7.0,4,0,9,1,0.0,
202400008175,155 767 411,A01,3.0,30.0,0,2,7,17,1.0,
202400008176,155 767 412,A01,1.0,7.0,0,1,2,0,1.0,
202400008177,155 767 409,A01,1.0,14.0,0,2,7,14,1.0,
202400008178,155 767 408,B01,0.0,7.0,0,2,5,1,1.0,
202400008179,155 767 405,B01,3.0,7.0,0,2,0,2,1.0,
202400008180,155 767 404,B01,3.0,2.0,0,2,4,11,1.0,
202400008181,155 767 402,A01,3.0,7.0,0,1,3,15,1.0,
202400008182,155 767 401,A01,0.0,32.0,0,2,1,17,1.0,
202400008183,155 767 399,A01,3.0,7.0,8,0,2,14,1.0,
202400008184,155 767 397,A01,1.0,7.0,0,2,3,15,1.0,
202400008185,155 767 395,B01,1.0,7.0,0,2,7,1,1.0,
202400008186,155 767 393,B01,2.0,31.0,0,2,2,1,1.0,
202400008187,155 767 391,B01,1.0,33.0,0,2,1,0,0.0,
202400008188,155 767 388,B01,2.0,7.0,0,2,3,1,1.0,
202400008189,155 767 387,B01,2.0,1.0,0,2,8,15,5.0,
202400008190,155 767 384,A01,3.0,7.0,0,2,7,15,1.0,
202400008191,155 767 383,A01,2.0,7.0,0,2,6,15,2.0,
202400008192,155 767 382,A01,1.0,7.0,0,1,7,15,1.0,
202400008193,155 767 381,A01,1.0,30.0,12,0,7,21,1.0,
202400008194,155 767 380,A01,2.0,30.0,0,0,2,1,1.0,
202400008195,155 767 377,B01,1.0,7.0,0,2,3,15,1.0,
202400008196,155 767 375,A01,2.0,50.0,0,0,0,16,3.0,
202400008197,155 767 376,A01,3.0,7.0,0,2,3,19,1.0,
202400008198,155 767 372,B01,1.0,1.0,0,2,1,19,5.0,
202400008199,155 767 371,A01,1.0,14.0,4,0,3,1,1.0,
202400008200,155 767 369,A01,2.0,37.0,0,2,3,1,1.0,3
202400008201,155 767 368,B01,2.0,15.0,0,0,1,1,1.0,
202400008202,155 767 367,A01,3.0,7.0,0,1,1,1,1.0,
202400008203,155 767 364,A01,2.0,10.0,0,2,3,13,1.0,
202400008204,155 767 362,B01,3.0,7.0,0,2,3,10,0.0,
202400008205,155 767 361,B01,2.0,7.0,0,2,1,1,1.0,
202400008206,155 767 360,A01,3.0,30.0,0,2,1,26,1.0,
202400008207,155 767 355,B01,0.0,33.0,0,2,1,1,3.0,
202400008208,155 767 357,A01,3.0,7.0,0,2,1,2,1.0,
202400008209,155 767 351,B01,1.0,80.0,1,2,1,2,3.0,
202400008210,155 767 349,C01,2.0,7.0,0,2,3,1,1.0,
202400008211,155 767 347,B01,3.0,7.0,0,2,3,15,3.0,
202400008212,155 767 346,A01,3.0,7.0,0,2,3,15,1.0,
202400008213,155 767 344,A01,0.0,7.0,0,1,2,1,1.0,
202400008214,155 767 345,A01,1.0,7.0,0,1,3,15,0.0,
202400008215,155 767 342,A01,2.0,7.0,0,2,8,1,2.0,
202400008216,155 767 340,A01,1.0,7.0,0,1,1,13,1.0,
202400008217,155 767 336,B01,3.0,31.0,0,2,7,1,1.0,
202400008218,155 767 338,A01,1.0,2.0,0,2,5,2,1.0,
202400008219,155 767 335,B01,1.0,1.0,0,2,1,1,5.0,
202400008220,155 767 332,A01,1.0,7.0,0,2,2,0,1.0,
202400008221,155 767 331,A01,1.0,10.0,0,1,4,20,1.0,
202400008222,155 767 330,A01,1.0,7.0,8,0,1,1,1.0,
202400008223,155 767 329,A01,2.0,7.0,0,2,2,19,1.0,
202400008224,155 767 327,A01,0.0,7.0,1,0,1,1,1.0,
202400008225,155 767 326,A01,2.0,33.0,0,2,2,15,1.0,
202400008226,155 767 325,A01,1.0,31.0,0,0,0,9,1.0,
202400008227,155 767 322,B01,0.0,37.0,0,2,2,1,3.0,1
202400008228,155 767 321,A01,2.0,7.0,0,2,1,12,1.0,
202400008229,155 767 318,A01,1.0,14.0,0,0,6,1,1.0,
202400008230,155 767 317,A01,2.0,33.0,0,2,2,5,1.0,
202400008231,155 767 315,B01,1.0,7.0,0,2,4,23,1.0,
202400008232,155 767 312,A01,3.0,7.0,0,2,3,13,2.0,
202400008233,155 767 311,A01,1.0,7.0,0,2,1,2,1.0,
202400008234,155 767 308,A01,3.0,7.0,0,2,1,21,1.0,
202400008235,155 767 307,A01,2.0,7.0,0,2,3,15,1.0,
202400008236,155 767 305,A01,2.0,7.0,0,1,2,1,1.0,
202400008237,155 767 304,A01,3.0,7.0,0,2,3,9,1.0,
202400008238,155 767 301,A01,2.0,7.0,0,2,3,13,1.0,
202400008239,155 767 300,A01,2.0,7.0,15,0,0,1,1.0,
202400008240,155 767 299,A01,2.0,7.0,0,2,3,13,1.0,
202400008241,155 767 298,A01,2.0,31.0,0,0,7,21,1.0,
202400008242,155 767 297,A01,1.0,7.0,1,0,2,14,1.0,
202400008243,155 767 296,A01,2.0,7.0,0,1,1,23,1.0,
202400008244,155 767 293,A01,1.0,7.0,0,2,2,16,1.0,
202400008245,155 767 290,A01,1.0,7.0,0,2,1,1,1.0,
202400008246,155 767 289,B01,1.0,1.0,0,2,7,19,5.0,
202400008247,155 767 288,A01,0.0,10.0,0,2,1,1,1.0,
202400008248,155 767 287,A01,1.0,7.0,0,1,3,1,1.0,
202400008249,155 767 285,A01,1.0,7.0,13,0,9,1,1.0,
202400008250,155 767 282,A01,1.0,15.0,0,2,2,17,1.0,
202400008251,155 767 281,A01,1.0,7.0,0,1,3,1,1.0,
202400008252,155 767 280,B01,1.0,2.0,0,2,4,2,1.0,
202400008253,155 767 278,A01,2.0,7.0,0,1,7,1,1.0,
202400008254,155 767 276,A01,0.0,7.0,0,2,1,1,1.0,
202400008255,155 767 274,A01,1.0,7.0,13,0,6,14,1.0,
202400008256,155 767 273,B01,1.0,7.0,0,2,1,1,1.0,
202400008257,155 767 272,B01,1.0,2.0,0,0,1,0,1.0,
202400008258,155 767 268,A01,2.0,50.0,0,2,1,1,3.0,
202400008259,155 767 267,A01,2.0,50.0,0,1,0,0,3.0,
202400008260,155 767 266,B01,3.0,7.0,8,2,8,21,1.0,
202400008261,155 767 265,B01,2.0,30.0,0,2,8,1,1.0,
202400008262,155 767 263,A01,3.0,7.0,9,0,1,25,1.0,
202400008263,155 767 261,A01,1.0,30.0,0,2,1,13,1.0,
202400008264,155 767 255,A01,2.0,7.0,0,2,1,1,1.0,
202400008265,155 767 254,A01,3.0,7.0,0,2,1,26,1.0,
202400008266,155 767 253,A01,1.0,7.0,0,1,1,1,1.0,
202400008267,155 767 251,A01,1.0,7.0,7,1,1,25,1.0,
202400008268,155 767 249,A01,3.0,7.0,1,0,1,0,1.0,
202400008269,155 767 250,A01,1.0,7.0,0,2,3,13,1.0,
202400008270,155 767 248,A01,2.0,2.0,0,0,9,0,1.0,
202400008271,155 767 246,A01,2.0,2.0,0,2,3,26,1.0,
202400008272,155 767 241,A01,1.0,33.0,0,2,2,3,1.0,
202400008273,155 767 239,A01,2.0,7.0,0,2,1,15,1.0,
202400008274,155 767 237,A01,1.0,10.0,16,0,1,1,1.0,
202400008275,155 767 238,B01,1.0,14.0,0,2,8,1,1.0,
202400008276,155 767 236,A01,2.0,33.0,0,0,8,16,1.0,
202400008277,155 767 232,A01,3.0,15.0,0,2,2,12,1.0,
202400008278,155 767 227,A01,3.0,7.0,13,2,1,13,1.0,
202400008279,155 767 229,A01,2.0,14.0,0,2,2,16,1.0,
202400008280,155 767 226,B01,2.0,10.0,0,2,8,1,1.0,
202400008281,155 767 224,A01,1.0,7.0,2,0,1,5,0.0,
202400008282,155 767 221,A01,3.0,7.0,0,2,3,19,1.0,
202400008283,155 767 219,B01,1.0,1.0,0,2,7,1,5.0,
202400008284,155 767 218,A01,1.0,17.0,0,2,1,1,0.0,
202400008285,155 767 212,A01,2.0,7.0,13,0,1,1,1.0,
202400008286,155 767 213,A01,1.0,7.0,0,1,2,1,1.0,
202400008287,155 767 214,A01,3.0,7.0,0,2,1,1,1.0,
202400008288,155 767 215,A01,2.0,7.0,0,2,1,16,1.0,
202400008289,155 767 208,A01,1.0,7.0,0,0,1,13,1.0,
202400008290,155 767 209,A01,3.0,1.0,12,0,0,18,5.0,
202400008291,155 767 207,A01,1.0,80.0,0,2,1,15,3.0,
202400008292,155 767 204,B01,1.0,7.0,0,2,7,1,1.0,
202400008293,155 767 205,A01,1.0,7.0,11,0,1,1,1.0,
202400008294,155 767 202,A01,1.0,99.0,0,2,1,10,0.0,
202400008295,155 767 200,B01,2.0,80.0,0,2,1,1,3.0,
202400008296,155 767 197,B01,2.0,21.0,0,2,4,1,1.0,
202400008297,155 767 196,B01,1.0,1.0,0,2,4,1,5.0,
202400008298,155 767 194,A01,1.0,10.0,0,2,1,6,1.0,
202400008299,155 767 192,A01,2.0,33.0,0,5,1,1,1.0,
202400008300,155 767 190,B01,2.0,80.0,0,2,1,1,3.0,
202400008301,155 767 191,A01,2.0,7.0,2,0,1,1,1.0,
202400008302,155 767 186,B01,1.0,50.0,0,2,8,17,3.0,
202400008303,155 767 185,A01,1.0,7.0,0,1,1,1,1.0,
202400008304,155 767 184,A01,1.0,7.0,0,2,2,1,2.0,
202400008305,155 767 183,A01,1.0,7.0,0,2,1,1,1.0,
202400008306,155 767 180,A01,1.0,7.0,0,1,2,1,1.0,
202400008307,155 767 182,A01,1.0,7.0,0,1,2,16,1.0,
202400008308,155 767 179,A01,3.0,7.0,0,2,1,15,1.0,
202400008309,155 767 178,A01,1.0,7.0,6,0,1,15,1.0,
202400008310,155 767 173,A01,3.0,7.0,0,2,8,1,0.0,
202400008311,155 767 170,A01,1.0,10.0,0,2,1,19,1.0,
202400008312,155 767 168,B01,1.0,15.0,0,2,3,1,1.0,
202400008313,155 767 169,A01,0.0,7.0,0,2,1,1,1.0,
202400008314,155 767 167,A01,3.0,3.0,8,0,3,1,0.0,
202400008315,155 767 162,A01,1.0,32.0,0,2,2,17,1.0,
202400008316,155 767 163,A01,3.0,7.0,0,2,3,1,1.0,
202400008317,155 767 161,B01,3.0,7.0,0,2,8,15,1.0,
202400008318,155 767 160,A01,1.0,7.0,0,1,1,1,1.0,
202400008319,155 767 156,A01,2.0,10.0,0,2,7,10,1.0,
202400008320,155 767 157,A01,1.0,7.0,4,0,1,0,1.0,
202400008321,155 767 155,B01,1.0,7.0,0,2,1,1,1.0,
202400008322,155 767 153,B01,3.0,50.0,1,2,1,1,3.0,
202400008323,155 767 150,A01,1.0,17.0,0,0,6,2,1.0,
202400008324,155 767 149,A01,1.0,7.0,0,2,2,9,1.0,
202400008325,155 767 145,B01,1.0,32.0,0,2,1,3,1.0,
202400008326,155 767 146,A01,2.0,2.0,0,2,1,1,1.0,
202400008327,155 767 143,B01,1.0,7.0,0,2,2,0,1.0,
202400008328,155 767 139,A01,1.0,14.0,4,0,3,0,1.0,
202400008329,155 767 138,B01,1.0,7.0,0,2,3,15,1.0,
202400008330,155 767 136,B01,1.0,7.0,0,2,3,1,1.0,
202400008331,155 767 135,B01,1.0,7.0,0,2,8,1,1.0,
202400008332,155 767 133,A01,1.0,7.0,0,0,4,0,1.0,
202400008333,155 767 131,A01,2.0,7.0,0,1,7,0,1.0,
202400008334,155 767 130,A01,1.0,7.0,0,9,7,15,1.0,
202400008335,155 767 129,A01,2.0,7.0,0,1,2,1,1.0,
202400008336,155 767 123,B01,2.0,39.0,0,4,1,1,3.0,
202400008337,155 767 124,Z01,1.0,0.0,0,1,8,7,0.0,
202400008338,155 767 122,A01,1.0,7.0,0,2,3,1,1.0,