Num_Acc,id_vehicule,num_veh,senc,catv,obs,obsm,choc,manv,motor,occutc
202400008339,155 767 121,B01,1.0,2.0,0,2,2,1,1.0,
202400008340,155 767 120,A01,1.0,7.0,2,0,3,1,1.0,
202400008341,155 767 117,A01,2.0,7.0,8,0,3,13,1.0,
202400008342,155 767 115,B01,1.0,7.0,0,2,1,11,1.0,
202400008343,155 767 112,B01,3.0,7.0,0,2,3,15,1.0,
202400008344,155 767 111,A01,1.0,7.0,0,1,2,16,1.0,
202400008345,155 767 110,A01,2.0,7.0,0,1,1,1,1.0,
202400008346,155 767 109,B01,3.0,1.0,0,2,0,1,5.0,
202400008347,155 767 108,A01,3.0,10.0,0,1,4,4,1.0,
202400008348,155 767 104,A01,3.0,7.0,13,0,1,1,1.0,
202400008349,155 767 107,A01,3.0,7.0,0,1,1,11,1.0,
202400008350,155 767 103,A01,1.0,7.0,0,2,2,1,1.0,
202400008351,155 767 102,A01,2.0,7.0,0,2,1,2,1.0,
202400008352,155 767 098,A01,3.0,33.0,6,2,1,1,1.0,
202400008353,155 767 097,A01,3.0,7.0,0,2,1,13,1.0,
202400008354,155 767 096,A01,2.0,7.0,0,2,1,2,1.0,
202400008355,155 767 094,A01,2.0,10.0,13,0,2,1,1.0,
202400008356,155 767 093,A01,1.0,33.0,0,0,1,26,1.0,
202400008357,155 767 090,A01,1.0,2.0,0,0,4,2,1.0,
202400008358,155 767 088,B01,3.0,50.0,0,2,1,1,3.0,
202400008359,155 767 089,A01,2.0,33.0,6,0,3,1,1.0,
202400008360,155 767 085,A01,2.0,7.0,0,2,4,23,1.0,
202400008361,155 767 084,A01,1.0,1.0,0,1,1,19,5.0,
202400008362,155 767 082,B01,2.0,50.0,0,2,2,2,3.0,
202400008363,155 767 080,A01,3.0,7.0,6,0,8,0,1.0,
202400008364,155 767 079,A01,1.0,7.0,0,1,2,1,1.0,
202400008365,155 767 076,B01,3.0,1.0,0,2,7,1,5.0,
202400008366,155 767 073,B01,1.0,33.0,0,2,1,1,1.0,
202400008367,155 767 074,B01,1.0,7.0,0,2,1,1,1.0,
202400008368,155 767 072,A01,3.0,2.0,0,0,7,1,1.0,
202400008369,155 767 067,A01,2.0,7.0,0,2,3,19,1.0,
202400008370,155 767 068,B01,1.0,1.0,0,2,1,1,5.0,
202400008371,155 767 063,A01,2.0,7.0,0,2,4,1,1.0,
202400008372,155 767 062,A01,3.0,1.0,0,1,1,2,5.0,
202400008373,155 767 061,A01,1.0,7.0,0,2,8,11,1.0,
202400008374,155 767 059,A01,0.0,34.0,3,0,3,13,1.0,
202400008375,155 767 058,A01,3.0,7.0,0,2,1,15,1.0,
202400008376,155 767 057,A01,2.0,7.0,0,5,1,2,1.0,
202400008377,155 767 055,A01,3.0,30.0,0,0,0,1,1.0,
202400008378,155 767 053,A01,2.0,7.0,7,0,1,6,1.0,
202400008379,155 767 049,A01,1.0,7.0,0,2,6,2,1.0,
202400008380,155 767 047,B01,2.0,33.0,0,2,8,2,1.0,
202400008381,155 767 048,B01,1.0,7.0,0,2,1,1,1.0,
202400008382,155 767 044,A01,1.0,7.0,0,2,6,23,1.0,
202400008383,155 767 043,A01,1.0,13.0,0,1,1,1,3.0,
202400008384,155 767 040,A01,2.0,33.0,0,2,1,1,1.0,
202400008385,155 767 037,A01,2.0,10.0,0,2,1,1,1.0,
202400008386,155 767 038,A01,3.0,10.0,0,1,4,25,1.0,
202400008387,155 767 034,A01,2.0,7.0,0,2,1,2,1.0,
202400008388,155 767 030,A01,2.0,14.0,4,0,1,14,1.0,
202400008389,155 767 026,B01,2.0,33.0,0,2,1,3,1.0,
202400008390,155 767 029,B01,0.0,7.0,0,2,0,0,1.0,
202400008391,155 767 028,A01,1.0,7.0,0,2,1,2,1.0,
202400008392,155 767 025,A01,2.0,34.0,0,0,0,15,1.0,
202400008393,155 767 022,B01,3.0,7.0,0,2,2,2,1.0,
202400008394,155 767 021,A01,2.0,7.0,0,2,1,2,1.0,
202400008395,155 767 019,A01,3.0,7.0,0,2,1,1,1.0,
202400008396,155 767 018,A01,2.0,33.0,0,0,8,21,1.0,
202400008397,155 767 017,A01,1.0,2.0,0,0,8,1,1.0,
202400008398,155 767 015,A01,3.0,7.0,3,0,2,14,1.0,
202400008399,155 767 012,A01,3.0,7.0,0,2,2,12,1.0,
202400008400,155 767 014,A01,1.0,7.0,0,2,2,9,1.0,
202400008401,155 767 011,A01,1.0,33.0,4,0,7,1,1.0,
202400008402,155 767 009,A01,2.0,32.0,1,0,2,1,1.0,
202400008403,155 767 008,A01,1.0,7.0,0,2,3,16,1.0,
202400008404,155 767 005,A01,2.0,7.0,0,1,1,1,1.0,
202400008405,155 767 006,B01,1.0,30.0,0,2,1,1,1.0,
202400008406,155 767 003,A01,1.0,7.0,0,2,7,5,1.0,
202400008407,155 767 001,A01,1.0,7.0,12,0,3,1,1.0,
202400008408,155 766 999,A01,3.0,10.0,0,2,3,15,1.0,
202400008409,155 766 997,A01,1.0,10.0,0,2,7,15,1.0,
202400008410,155 766 994,B01,1.0,80.0,0,2,1,2,3.0,
202400008411,155 766 996,A01,1.0,7.0,13,0,1,13,1.0,
202400008412,155 766 992,B01,2.0,50.0,0,2,8,1,3.0,
202400008413,155 766 990,A01,1.0,33.0,0,2,1,1,1.0,
202400008414,155 766 989,A01,1.0,7.0,6,0,1,15,1.0,
202400008415,155 766 988,A01,3.0,7.0,0,1,1,1,1.0,
202400008416,155 766 987,A01,3.0,10.0,0,1,5,4,1.0,
202400008417,155 766 986,Z01,0.0,7.0,-1,1,8,0,0.0,
202400008418,155 766 984,A01,1.0,7.0,0,2,1,3,1.0,
202400008419,155 766 979,A01,1.0,10.0,0,2,1,3,1.0,
202400008420,155 766 980,A01,0.0,7.0,0,2,3,2,1.0,
202400008421,155 766 977,A01,0.0,7.0,9,0,2,14,1.0,
202400008422,155 766 976,A01,1.0,7.0,4,2,1,17,1.0,
202400008423,155 766 975,A01,1.0,7.0,0,9,1,21,1.0,
202400008424,155 766 973,A01,2.0,10.0,0,2,1,1,1.0,
202400008425,155 766 971,A01,1.0,7.0,0,2,3,15,1.0,
202400008426,155 766 967,A01,3.0,7.0,0,9,1,15,1.0,
202400008427,155 766 966,A01,1.0,7.0,0,2,3,15,1.0,
202400008428,155 766 964,A01,3.0,7.0,0,2,1,9,1.0,
202400008429,155 766 963,A01,1.0,7.0,6,0,1,14,1.0,
202400008430,155 766 962,A01,2.0,7.0,4,0,3,13,1.0,
202400008431,155 766 961,A01,3.0,10.0,0,1,0,1,1.0,
202400008432,155 766 958,A01,1.0,30.0,0,2,1,1,1.0,
202400008433,155 766 957,A01,3.0,7.0,0,2,5,15,1.0,
202400008434,155 766 956,A01,1.0,33.0,0,1,1,1,1.0,
202400008435,155 766 954,A01,1.0,31.0,0,0,0,1,1.0,
202400008436,155 766 953,A01,0.0,7.0,0,2,2,1,1.0,
202400008437,155 766 952,A01,3.0,1.0,0,0,0,1,5.0,
202400008438,155 766 950,A01,2.0,7.0,0,2,1,2,1.0,
202400008439,155 766 949,A01,1.0,33.0,0,0,7,15,1.0,
202400008440,155 766 948,A01,1.0,33.0,0,0,7,13,1.0,
202400008441,155 766 944,A01,2.0,7.0,0,2,1,2,2.0,
202400008442,155 766 942,A01,3.0,7.0,0,2,5,5,1.0,
202400008443,155 766 940,A01,1.0,43.0,0,2,3,1,1.0,
202400008444,155 766 938,A01,1.0,17.0,0,2,2,2,1.0,
202400008445,155 766 935,A01,1.0,31.0,0,2,8,0,1.0,
202400008446,155 766 934,A01,2.0,7.0,0,2,1,2,1.0,
202400008447,155 766 932,A01,2.0,33.0,0,0,8,1,1.0,
202400008448,155 766 931,A01,2.0,32.0,0,2,8,3,1.0,
202400008449,155 766 929,A01,2.0,7.0,8,0,2,21,1.0,
202400008450,155 766 928,A01,3.0,32.0,0,2,7,17,1.0,
202400008451,155 766 927,A01,1.0,7.0,0,1,3,1,1.0,
202400008452,155 766 925,A01,2.0,1.0,0,2,8,2,5.0,
202400008453,155 766 924,A01,1.0,7.0,0,1,3,15,1.0,
202400008454,155 766 922,A01,1.0,1.0,0,9,1,1,5.0,
202400008455,155 766 920,A01,3.0,7.0,0,2,2,19,1.0,
202400008456,155 766 919,A01,1.0,7.0,1,1,1,1,1.0,
202400008457,155 766 915,B01,3.0,50.0,0,2,1,1,3.0,
202400008458,155 766 916,A01,3.0,7.0,0,9,1,15,1.0,
202400008459,155 766 913,A01,2.0,33.0,0,2,6,2,1.0,
202400008460,155 766 912,A01,2.0,7.0,0,1,3,15,1.0,
202400008461,155 766 910,A01,1.0,7.0,0,2,1,1,1.0,
202400008462,155 766 907,B01,2.0,7.0,0,2,4,2,2.0,
202400008463,155 766 905,B01,1.0,7.0,0,2,8,15,1.0,
202400008464,155 766 904,A01,2.0,31.0,0,2,7,18,1.0,
202400008465,155 766 901,A01,1.0,33.0,0,2,2,17,1.0,
202400008466,155 766 899,A01,1.0,15.0,0,2,1,1,1.0,
202400008467,155 766 898,A01,0.0,1.0,9,1,1,1,5.0,
202400008468,155 766 897,A01,3.0,7.0,0,0,1,1,,
202400008469,155 766 896,A01,2.0,7.0,9,0,9,1,1.0,
202400008470,155 766 894,A01,3.0,7.0,0,2,7,1,1.0,
202400008471,155 766 893,A01,1.0,37.0,0,1,1,1,1.0,1
202400008472,155 766 892,A01,1.0,38.0,0,1,2,1,1.0,5
202400008473,155 766 889,A01,1.0,7.0,0,2,1,17,1.0,
202400008474,155 766 888,B01,2.0,7.0,0,2,2,15,1.0,
202400008475,155 766 884,A01,2.0,43.0,0,1,8,19,1.0,
202400008476,155 766 883,A01,2.0,17.0,0,2,7,12,1.0,
202400008477,155 766 881,A01,0.0,7.0,0,9,8,26,1.0,
202400008478,155 766 880,B01,2.0,1.0,0,2,2,1,5.0,
202400008479,155 766 877,A01,2.0,33.0,1,0,1,26,1.0,
202400008480,155 766 878,A01,1.0,30.0,0,2,1,0,1.0,
202400008481,155 766 875,B01,1.0,7.0,0,2,3,1,2.0,
202400008482,155 766 874,A01,1.0,7.0,0,1,1,19,1.0,
202400008483,155 766 873,A01,3.0,50.0,0,1,8,7,3.0,
202400008484,155 766 870,A01,1.0,7.0,0,2,5,15,1.0,
202400008485,155 766 872,A01,1.0,3.0,0,1,2,1,3.0,
202400008486,155 766 868,A01,1.0,31.0,0,2,1,1,1.0,
202400008487,155 766 866,A01,1.0,7.0,0,1,2,1,1.0,
202400008488,155 766 865,A01,1.0,7.0,0,2,5,24,2.0,
202400008489,155 766 863,A01,1.0,7.0,0,1,1,16,1.0,
202400008490,155 766 862,A01,2.0,10.0,0,2,8,9,1.0,
202400008491,155 766 859,A01,1.0,7.0,0,2,1,2,1.0,
202400008492,155 766 857,A01,1.0,7.0,0,2,2,1,1.0,
202400008493,155 766 856,A01,1.0,31.0,0,2,1,1,1.0,
202400008494,155 766 853,A01,1.0,10.0,0,2,7,2,1.0,
202400008495,155 766 851,A01,1.0,10.0,8,2,1,1,1.0,
202400008496,155 766 850,A01,2.0,7.0,1,2,1,26,1.0,
202400008497,155 766 849,A01,1.0,7.0,1,0,2,0,1.0,
202400008498,155 766 848,A01,1.0,7.0,6,0,2,1,3.0,
202400008499,155 766 845,A01,1.0,7.0,6,0,1,26,1.0,
202400008500,155 766 843,A01,3.0,10.0,0,2,1,15,0.0,
202400008501,155 766 841,B01,1.0,50.0,0,2,3,2,3.0,
202400008502,155 766 838,A01,1.0,1.0,0,2,7,1,5.0,
202400008503,155 766 836,B01,2.0,7.0,0,2,4,2,1.0,
202400008504,155 766 835,A01,3.0,7.0,0,2,2,1,2.0,
202400008505,155 766 832,B01,1.0,7.0,0,2,1,1,1.0,
202400008506,155 766 831,B01,0.0,33.0,0,2,1,1,1.0,
202400008507,155 766 829,P01,0.0,99.0,0,2,3,0,0.0,
202400008508,155 766 827,A01,0.0,50.0,0,0,0,25,3.0,
202400008509,155 766 826,A01,1.0,7.0,0,2,1,13,1.0,
202400008510,155 766 820,B01,1.0,7.0,0,2,4,1,1.0,
202400008511,155 766 818,A01,1.0,7.0,0,2,5,15,0.0,
202400008512,155 766 817,A01,1.0,50.0,0,2,1,5,3.0,
202400008513,155 766 815,A01,2.0,33.0,0,9,8,17,1.0,
202400008514,155 766 811,A01,2.0,7.0,0,2,1,9,1.0,
202400008515,155 766 812,B01,2.0,30.0,0,2,4,2,1.0,
202400008516,155 766 807,A01,,2.0,0,0,1,1,,
202400008517,155 766 803,A01,1.0,7.0,0,2,1,2,1.0,
202400008518,155 766 802,A01,1.0,7.0,0,2,1,13,1.0,
202400008519,155 766 797,B01,3.0,1.0,0,2,1,1,5.0,
202400008520,155 766 796,A01,2.0,7.0,0,0,1,1,1.0,
202400008521,155 766 792,B01,2.0,7.0,0,2,2,1,1.0,
202400008522,155 766 793,B01,1.0,1.0,0,2,1,1,5.0,
202400008523,155 766 791,A01,1.0,10.0,0,1,1,1,1.0,
202400008524,155 766 789,A01,1.0,2.0,0,2,3,1,1.0,
202400008525,155 766 788,A01,1.0,7.0,0,1,2,26,1.0,
202400008526,155 766 786,A01,2.0,2.0,16,9,1,1,1.0,
202400008527,155 766 785,A01,1.0,10.0,0,9,5,14,1.0,
202400008528,155 766 783,A01,1.0,7.0,4,0,3,13,1.0,
202400008529,155 766 782,B01,3.0,10.0,0,2,4,1,1.0,
202400008530,155 766 781,A01,2.0,1.0,0,0,1,1,5.0,
202400008531,155 766 779,B01,1.0,7.0,0,2,1,1,1.0,
202400008532,155 766 778,A01,3.0,7.0,13,0,1,1,1.0,
202400008533,155 766 775,A01,1.0,2.0,0,0,0,1,1.0,
202400008534,155 766 774,A01,1.0,7.0,0,2,4,2,1.0,
202400008535,155 766 773,A01,3.0,37.0,0,1,2,15,3.0,1
202400008536,155 766 772,A01,3.0,99.0,0,0,0,0,1.0,
202400008537,155 766 771,A01,1.0,33.0,0,1,1,1,1.0,
202400008538,155 766 769,A01,1.0,7.0,0,1,1,1,1.0,
202400008539,155 766 767,A01,3.0,7.0,0,1,2,1,2.0,
202400008540,155 766 766,A01,1.0,7.0,0,2,4,11,1.0,
202400008541,155 766 765,A01,3.0,1.0,0,0,1,13,5.0,
202400008542,155 766 764,A01,1.0,32.0,0,1,7,2,3.0,
202400008543,155 766 763,A01,1.0,7.0,0,0,9,15,1.0,
202400008544,155 766 760,B01,1.0,34.0,12,2,8,21,1.0,
202400008545,155 766 759,B01,3.0,33.0,0,2,1,1,1.0,
202400008546,155 766 756,A01,2.0,7.0,0,2,4,23,1.0,
202400008547,155 766 753,A01,3.0,10.0,0,2,1,12,0.0,
202400008548,155 766 752,A01,1.0,7.0,0,0,1,16,1.0,
202400008549,155 766 750,A01,3.0,7.0,0,0,0,1,1.0,
202400008550,155 766 749,A01,2.0,7.0,2,0,2,5,1.0,
202400008551,155 766 748,A01,3.0,7.0,0,2,2,15,1.0,
202400008552,155 766 745,A01,1.0,7.0,6,0,1,14,1.0,
202400008553,155 766 746,A01,1.0,7.0,0,2,1,5,2.0,
202400008554,155 766 744,A01,3.0,7.0,16,0,0,1,1.0,
202400008555,155 766 742,A01,2.0,7.0,13,0,2,1,1.0,
202400008556,155 766 741,Z01,1.0,7.0,0,2,1,13,0.0,
202400008557,155 766 739,B01,3.0,1.0,0,2,1,19,5.0,
202400008558,155 766 735,A01,1.0,7.0,0,2,8,22,1.0,
202400008559,155 766 733,A01,2.0,7.0,0,2,5,23,1.0,
202400008560,155 766 732,A01,2.0,7.0,2,0,0,1,1.0,
202400008561,155 766 731,B01,2.0,7.0,10,2,1,1,1.0,
202400008562,155 766 730,A01,2.0,50.0,0,1,1,1,3.0,
202400008563,155 766 729,A01,2.0,7.0,13,0,1,1,1.0,
202400008564,155 766 728,A01,2.0,33.0,6,0,1,14,1.0,
202400008565,155 766 727,A01,1.0,7.0,0,1,1,1,1.0,
202400008566,155 766 725,A01,1.0,33.0,1,0,1,1,1.0,
202400008567,155 766 724,B01,1.0,7.0,0,2,3,13,1.0,
202400008568,155 766 723,A01,1.0,80.0,0,1,1,1,3.0,
202400008569,155 766 720,A01,2.0,7.0,0,2,1,13,1.0,
202400008570,155 766 719,A01,0.0,7.0,0,2,3,13,1.0,
202400008571,155 766 717,A01,2.0,7.0,0,2,8,22,1.0,
202400008572,155 766 714,A01,1.0,7.0,0,2,1,17,1.0,
202400008573,155 766 713,A01,2.0,7.0,0,2,1,13,1.0,
202400008574,155 766 712,A01,1.0,7.0,7,0,1,1,1.0,
202400008575,155 766 710,A01,2.0,7.0,0,1,1,1,0.0,
202400008576,155 766 711,A01,2.0,7.0,0,1,3,1,1.0,
202400008577,155 766 706,B01,3.0,33.0,0,2,2,17,1.0,
202400008578,155 766 705,A01,3.0,2.0,0,2,3,1,1.0,
202400008579,155 766 703,A01,1.0,7.0,0,2,3,1,1.0,
202400008580,155 766 700,B01,0.0,33.0,0,2,1,1,1.0,
202400008581,155 766 699,B01,1.0,7.0,0,2,3,1,2.0,
202400008582,155 766 698,A01,1.0,7.0,0,1,2,1,1.0,
202400008583,155 766 695,B01,1.0,7.0,0,2,3,15,1.0,
202400008584,155 766 692,A01,1.0,7.0,0,2,3,17,1.0,
202400008585,155 766 691,A01,2.0,7.0,12,2,1,15,1.0,
202400008586,155 766 690,A01,1.0,10.0,0,2,1,1,1.0,
202400008587,155 766 688,A01,2.0,7.0,0,1,2,1,1.0,
202400008588,155 766 686,Z01,2.0,7.0,0,2,1,1,1.0,
202400008589,155 766 685,A01,1.0,2.0,0,2,1,1,1.0,
202400008590,155 766 683,A01,2.0,7.0,0,2,1,5,1.0,
202400008591,155 766 681,A01,1.0,7.0,0,1,1,1,1.0,
202400008592,155 766 680,A01,1.0,33.0,0,2,1,17,1.0,
202400008593,155 766 679,A01,2.0,7.0,0,0,2,14,1.0,
202400008594,155 766 676,A01,2.0,7.0,0,2,3,20,1.0,
202400008595,155 766 675,A01,0.0,32.0,0,2,5,17,1.0,
202400008596,155 766 674,A01,3.0,7.0,13,0,2,15,1.0,
202400008597,155 766 672,A01,3.0,7.0,0,2,3,15,1.0,
202400008598,155 766 671,A01,2.0,2.0,0,0,0,10,1.0,
202400008599,155 766 670,A01,1.0,7.0,13,0,1,1,1.0,
202400008600,155 766 667,A01,1.0,7.0,0,2,2,15,1.0,
202400008601,155 766 662,A01,2.0,7.0,0,2,6,1,1.0,
202400008602,155 766 664,A01,1.0,2.0,0,0,0,1,1.0,
202400008603,155 766 663,A01,3.0,32.0,0,1,0,0,1.0,
202400008604,155 766 661,A01,1.0,32.0,11,0,1,6,1.0,
202400008605,155 766 660,A01,2.0,7.0,13,0,3,1,1.0,
202400008606,155 766 656,A01,1.0,7.0,0,2,1,2,0.0,
202400008607,155 766 657,A01,1.0,7.0,0,2,3,0,1.0,
202400008608,155 766 655,A01,3.0,2.0,0,1,1,5,1.0,
202400008609,155 766 652,A01,0.0,7.0,1,1,1,15,0.0,
202400008610,155 766 650,A01,0.0,7.0,0,9,2,17,1.0,
202400008611,155 766 649,A01,1.0,33.0,0,2,2,1,1.0,
202400008612,155 766 648,A01,3.0,7.0,0,1,4,4,1.0,
202400008613,155 766 646,A01,1.0,7.0,0,0,9,1,1.0,
202400008614,155 766 645,A01,1.0,1.0,0,2,7,19,5.0,
202400008615,155 766 644,A01,3.0,1.0,11,0,1,1,5.0,
202400008616,155 766 640,B01,2.0,15.0,0,2,2,21,5.0,
202400008617,155 766 639,A01,1.0,7.0,0,2,1,2,1.0,
202400008618,155 766 638,B01,3.0,1.0,0,2,1,16,5.0,
202400008619,155 766 637,A01,2.0,33.0,0,0,8,1,0.0,
202400008620,155 766 636,A01,2.0,7.0,2,0,7,0,1.0,
202400008621,155 766 635,A01,1.0,7.0,2,0,1,1,1.0,
202400008622,155 766 632,A01,2.0,7.0,0,0,5,15,1.0,
202400008623,155 766 629,B01,1.0,7.0,0,2,1,5,1.0,
202400008624,155 766 628,B01,1.0,7.0,0,1,4,1,1.0,
202400008625,155 766 625,A01,2.0,7.0,0,2,1,19,2.0,
202400008626,155 766 624,A01,0.0,7.0,0,2,3,9,1.0,
202400008627,155 766 622,A01,1.0,7.0,0,2,1,1,1.0,
202400008628,155 766 621,A01,0.0,36.0,0,0,0,0,1.0,
202400008629,155 766 620,A01,3.0,7.0,0,1,7,1,1.0,
202400008630,155 766 618,A01,2.0,7.0,0,0,0,0,2.0,
202400008631,155 766 617,A01,0.0,7.0,0,0,6,1,1.0,
202400008632,155 766 616,A01,2.0,7.0,13,0,9,1,1.0,
202400008633,155 766 615,A01,1.0,10.0,2,0,1,14,1.0,
202400008634,155 766 612,A01,1.0,10.0,0,2,3,20,1.0,
202400008635,155 766 611,B01,1.0,33.0,0,2,1,15,1.0,
202400008636,155 766 610,A01,1.0,7.0,2,0,3,0,1.0,
202400008637,155 766 609,A01,1.0,2.0,0,0,0,16,1.0,
202400008638,155 766 606,B01,2.0,2.0,0,2,1,2,0.0,
202400008639,155 766 605,A01,1.0,2.0,0,0,7,1,1.0,
202400008640,155 766 604,A01,2.0,7.0,1,1,1,20,1.0,
202400008641,155 766 602,A01,2.0,7.0,3,2,6,1,1.0,
202400008642,155 766 601,A01,1.0,7.0,0,1,1,1,1.0,
202400008643,155 766 598,A01,1.0,7.0,0,2,3,15,1.0,
202400008644,155 766 596,A01,2.0,33.0,0,0,3,1,1.0,
202400008645,155 766 595,A01,2.0,7.0,0,2,1,13,1.0,
202400008646,155 766 593,A01,3.0,1.0,0,9,7,1,5.0,
202400008647,155 766 592,A01,2.0,7.0,6,0,1,0,1.0,
202400008648,155 766 590,A01,1.0,7.0,0,0,5,1,3.0,
202400008649,155 766 587,A01,,10.0,0,2,5,14,1.0,
202400008650,155 766 585,B01,2.0,10.0,0,2,8,1,1.0,
202400008651,155 766 583,B01,2.0,7.0,3,0,9,21,1.0,
202400008652,155 766 580,A01,1.0,7.0,0,2,3,13,2.0,
202400008653,155 766 578,A01,1.0,33.0,0,2,1,2,1.0,
202400008654,155 766 574,B01,1.0,1.0,3,0,8,1,5.0,
202400008655,155 766 573,A01,2.0,7.0,13,0,1,1,1.0,
202400008656,155 766 576,B01,2.0,7.0,4,2,4,1,1.0,
202400008657,155 766 570,B01,1.0,10.0,0,2,1,15,1.0,
202400008658,155 766 569,A01,1.0,7.0,0,2,3,13,1.0,
202400008659,155 766 567,A01,0.0,34.0,0,9,1,26,1.0,
202400008660,155 766 566,A01,0.0,7.0,16,0,0,1,1.0,
202400008661,155 766 564,A01,3.0,7.0,0,2,3,17,0.0,
202400008662,155 766 561,A01,1.0,7.0,0,2,3,13,1.0,
202400008663,155 766 559,B01,1.0,50.0,0,0,4,1,3.0,
202400008664,155 766 558,A01,3.0,32.0,0,2,7,1,1.0,
202400008665,155 766 557,A01,2.0,7.0,0,1,2,1,2.0,
202400008666,155 766 554,A01,3.0,32.0,0,2,1,1,1.0,
202400008667,155 766 552,A01,3.0,33.0,0,0,1,14,1.0,
202400008668,155 766 553,A01,2.0,10.0,0,2,4,2,1.0,
202400008669,155 766 548,A01,1.0,15.0,0,2,2,1,1.0,
202400008670,155 766 547,A01,1.0,7.0,0,2,3,2,1.0,
202400008671,155 766 549,A01,1.0,7.0,0,1,3,1,2.0,
202400008672,155 766 545,A01,1.0,2.0,1,0,3,2,1.0,
202400008673,155 766 542,C01,2.0,7.0,0,2,2,17,1.0,
202400008674,155 766 541,A01,2.0,31.0,0,2,1,1,1.0,
202400008675,155 766 540,A01,1.0,7.0,15,0,1,0,1.0,
202400008676,155 766 537,A01,0.0,80.0,0,2,5,19,3.0,
202400008677,155 766 536,A01,2.0,7.0,4,2,8,1,1.0,
202400008678,155 766 535,A01,1.0,33.0,0,0,1,1,1.0,
202400008679,155 766 531,A01,1.0,34.0,0,2,7,15,1.0,
202400008680,155 766 529,A01,2.0,7.0,0,2,3,2,1.0,
202400008681,155 766 527,B01,3.0,10.0,0,2,4,1,2.0,
202400008682,155 766 525,A01,3.0,7.0,0,2,1,1,2.0,
202400008683,155 766 532,A01,1.0,7.0,0,2,1,19,1.0,
202400008684,155 766 523,A01,2.0,7.0,0,2,1,1,1.0,
202400008685,155 766 520,B01,2.0,1.0,0,2,1,5,5.0,
202400008686,155 766 518,A01,1.0,7.0,0,2,4,1,1.0,
202400008687,155 766 514,A01,1.0,7.0,0,2,5,17,1.0,
202400008688,155 766 513,A01,1.0,7.0,0,2,1,9,1.0,
202400008689,155 766 512,A01,3.0,50.0,0,2,1,26,3.0,
202400008690,155 766 510,A01,3.0,33.0,0,0,0,0,1.0,
202400008691,155 766 509,B01,2.0,50.0,0,2,1,1,3.0,
202400008692,155 766 507,A01,1.0,43.0,0,2,4,23,1.0,
202400008693,155 766 505,A01,1.0,2.0,0,0,0,1,3.0,
202400008694,155 766 504,A01,2.0,7.0,0,9,3,22,1.0,
202400008695,155 766 501,A01,2.0,7.0,0,2,3,15,1.0,
202400008696,155 766 499,A01,1.0,7.0,0,2,3,5,1.0,
202400008697,155 766 498,A01,1.0,7.0,8,2,6,13,1.0,
202400008698,155 766 494,B01,2.0,7.0,0,2,1,1,1.0,
202400008699,155 766 493,A01,1.0,7.0,0,2,2,15,1.0,
202400008700,155 766 491,A01,2.0,7.0,0,2,3,19,2.0,
202400008701,155 766 488,B01,1.0,7.0,0,2,1,1,1.0,
202400008702,155 766 487,A01,2.0,10.0,0,2,8,19,1.0,
202400008703,155 766 485,A01,3.0,7.0,0,2,6,15,1.0,
202400008704,155 766 483,A01,3.0,36.0,11,0,2,16,1.0,
202400008705,155 766 481,A01,1.0,2.0,0,0,2,1,1.0,
202400008706,155 766 482,A01,1.0,7.0,0,2,8,9,1.0,
202400008707,155 766 479,B01,2.0,14.0,0,2,2,1,1.0,
202400008708,155 766 476,A01,0.0,7.0,0,1,0,1,,
202400008709,155 766 472,A01,1.0,31.0,0,2,2,17,1.0,
202400008710,155 766 470,B01,1.0,33.0,0,0,9,1,1.0,
202400008711,155 766 471,A01,2.0,37.0,0,1,3,13,1.0,1
202400008712,155 766 468,A01,1.0,7.0,13,0,7,1,1.0,
202400008713,155 766 466,A01,1.0,2.0,0,2,1,2,1.0,
202400008714,155 766 462,A01,1.0,7.0,6,0,1,21,1.0,
202400008715,155 766 459,A01,2.0,2.0,0,2,8,15,1.0,
202400008716,155 766 458,D01,2.0,7.0,3,2,2,2,1.0,
202400008717,155 766 457,A01,2.0,2.0,6,0,1,1,1.0,
202400008718,155 766 455,A01,2.0,7.0,0,1,2,1,2.0,
202400008719,155 766 454,B01,2.0,7.0,3,0,1,0,1.0,
202400008720,155 766 453,A01,1.0,7.0,0,1,1,1,1.0,
202400008721,155 766 452,A01,1.0,7.0,7,0,1,14,1.0,
202400008722,155 766 449,B01,1.0,7.0,0,2,7,12,1.0,
202400008723,155 766 448,B01,2.0,30.0,0,2,1,5,1.0,
202400008724,155 766 446,B01,2.0,10.0,0,2,4,1,1.0,
202400008725,155 766 443,B01,1.0,7.0,0,0,0,0,1.0,
202400008726,155 766 441,A01,1.0,7.0,0,2,4,1,1.0,
202400008727,155 766 440,A01,1.0,2.0,0,0,0,1,1.0,
202400008728,155 766 438,A01,2.0,7.0,1,0,1,1,1.0,
202400008729,155 766 435,A01,2.0,7.0,0,2,3,1,1.0,
202400008730,155 766 433,A01,1.0,7.0,0,2,4,1,1.0,
202400008731,155 766 430,A01,1.0,7.0,0,2,3,1,1.0,
202400008732,155 766 427,C01,2.0,14.0,0,2,4,2,1.0,
202400008733,155 766 426,A01,1.0,33.0,0,0,1,1,1.0,
202400008734,155 766 423,A01,3.0,7.0,4,2,1,15,3.0,
202400008735,155 766 422,B01,2.0,7.0,0,2,8,13,1.0,
202400008736,155 766 421,A01,2.0,33.0,0,0,0,1,1.0,