Num_Acc,id_vehicule,num_veh,senc,catv,obs,obsm,choc,manv,motor,occutc
202400008737,155 766 420,A01,1.0,7.0,0,1,1,1,1.0,
202400008738,155 766 417,A01,2.0,7.0,0,2,6,9,1.0,
202400008739,155 766 418,A01,2.0,33.0,15,0,1,17,1.0,
202400008740,155 766 414,A01,1.0,7.0,0,1,1,1,0.0,
202400008741,155 766 413,C01,2.0,7.0,0,2,8,1,1.0,
202400008742,155 766 412,A01,2.0,7.0,8,0,1,0,1.0,
202400008743,155 766 410,A01,1.0,7.0,0,2,1,1,1.0,
202400008744,155 766 408,A01,2.0,43.0,0,2,3,13,1.0,
202400008745,155 766 406,A01,1.0,7.0,0,2,3,18,1.0,
202400008746,155 766 405,A01,2.0,33.0,15,0,7,1,1.0,
202400008747,155 766 403,B01,2.0,7.0,0,2,6,9,1.0,
202400008748,155 766 401,A01,2.0,7.0,0,2,6,17,1.0,
202400008749,155 766 400,A01,2.0,33.0,0,2,2,1,1.0,
202400008750,155 766 397,A01,2.0,7.0,0,2,1,15,1.0,
202400008751,155 766 396,A01,2.0,7.0,0,2,1,2,1.0,
202400008752,155 766 395,A01,0.0,36.0,13,0,8,1,1.0,
202400008753,155 766 393,B01,2.0,33.0,0,2,1,2,1.0,
202400008754,155 766 391,A01,0.0,1.0,0,2,1,0,5.0,
202400008755,155 766 389,A01,1.0,7.0,12,0,2,0,1.0,
202400008756,155 766 387,A01,2.0,7.0,0,2,7,12,2.0,
202400008757,155 766 382,C01,2.0,7.0,0,2,8,1,1.0,
202400008758,155 766 383,Z01,1.0,7.0,0,2,3,15,1.0,
202400008759,155 766 379,A01,0.0,7.0,0,2,1,9,1.0,
202400008760,155 766 377,A01,1.0,7.0,0,2,1,2,1.0,
202400008761,155 766 374,A01,1.0,7.0,0,2,2,2,1.0,
202400008762,155 766 371,B01,2.0,1.0,0,2,2,2,5.0,
202400008763,155 766 370,A01,1.0,10.0,0,2,1,2,1.0,
202400008764,155 766 367,B01,1.0,1.0,0,2,7,2,5.0,
202400008765,155 766 364,A01,2.0,7.0,0,2,1,0,1.0,
202400008766,155 766 363,A01,1.0,10.0,0,1,2,15,3.0,
202400008767,155 766 362,A01,1.0,7.0,0,1,3,1,1.0,
202400008768,155 766 360,A01,2.0,7.0,0,2,2,9,1.0,
202400008769,155 766 359,A01,3.0,37.0,0,1,3,16,1.0,1
202400008770,155 766 358,A01,1.0,37.0,0,1,1,1,1.0,1
202400008771,155 766 356,A01,3.0,7.0,3,0,1,26,1.0,
202400008772,155 766 355,A01,1.0,7.0,0,2,1,15,1.0,
202400008773,155 766 354,A01,3.0,80.0,9,0,7,25,3.0,
202400008774,155 766 352,A01,3.0,1.0,0,2,8,1,5.0,
202400008775,155 766 350,A01,3.0,7.0,0,1,1,1,1.0,
202400008776,155 766 349,A01,2.0,1.0,0,2,7,5,5.0,
202400008777,155 766 347,A01,2.0,7.0,3,0,6,23,1.0,
202400008778,155 766 346,A01,3.0,34.0,12,0,3,15,1.0,
202400008779,155 766 343,A01,1.0,33.0,0,0,0,15,1.0,
202400008780,155 766 344,A01,1.0,7.0,0,2,1,19,1.0,
202400008781,155 766 339,A01,2.0,7.0,0,2,3,15,1.0,
202400008782,155 766 340,A01,2.0,10.0,0,2,1,5,3.0,
202400008783,155 766 337,A01,2.0,7.0,0,1,2,1,1.0,
202400008784,155 766 336,A01,1.0,7.0,0,2,3,1,2.0,
202400008785,155 766 334,A01,1.0,14.0,2,0,1,2,1.0,
202400008786,155 766 331,A01,2.0,33.0,0,2,1,17,1.0,
202400008787,155 766 326,A01,3.0,7.0,0,0,2,15,1.0,
202400008788,155 766 325,B01,1.0,50.0,0,9,1,1,3.0,
202400008789,155 766 323,A01,2.0,7.0,0,2,1,1,1.0,
202400008790,155 766 321,B01,0.0,7.0,0,2,7,15,2.0,
202400008791,155 766 320,A01,3.0,1.0,0,0,0,26,5.0,
202400008792,155 766 319,A01,1.0,7.0,15,0,1,1,1.0,
202400008793,155 766 317,A01,1.0,7.0,0,5,2,1,1.0,
202400008794,155 766 318,A01,0.0,37.0,9,0,1,9,1.0,7
202400008795,155 766 315,A01,1.0,7.0,8,0,1,0,1.0,
202400008796,155 766 314,A01,0.0,7.0,0,2,1,15,1.0,
202400008797,155 766 311,B01,1.0,10.0,0,2,4,2,1.0,
202400008798,155 766 309,A01,2.0,7.0,0,2,3,13,1.0,
202400008799,155 766 308,A01,3.0,7.0,0,1,4,20,3.0,
202400008800,155 766 307,A01,3.0,7.0,0,1,0,0,1.0,
202400008801,155 766 304,A01,1.0,7.0,0,9,3,13,1.0,
202400008802,155 766 303,B01,0.0,7.0,0,2,1,0,2.0,
202400008803,155 766 301,A01,1.0,7.0,0,1,1,1,1.0,
202400008804,155 766 300,A01,1.0,7.0,0,2,1,9,1.0,
202400008805,155 766 298,A01,1.0,7.0,0,1,2,1,3.0,
202400008806,155 766 297,B01,1.0,7.0,9,2,1,17,1.0,
202400008807,155 766 296,A01,3.0,10.0,0,1,2,17,1.0,
202400008808,155 766 295,A01,3.0,31.0,0,0,1,1,0.0,
202400008809,155 766 293,A01,2.0,7.0,0,2,1,2,1.0,
202400008810,155 766 291,A01,1.0,1.0,0,0,2,9,5.0,
202400008811,155 766 290,A01,2.0,7.0,0,1,3,1,1.0,
202400008812,155 766 287,B01,2.0,7.0,0,2,8,19,1.0,
202400008813,155 766 286,A01,1.0,7.0,0,2,2,15,1.0,
202400008814,155 766 284,A01,1.0,7.0,0,1,2,26,,
202400008815,155 766 281,A01,1.0,7.0,0,9,1,16,1.0,
202400008816,155 766 282,A01,1.0,31.0,0,2,1,1,1.0,
202400008817,155 766 280,A01,3.0,33.0,8,0,1,16,1.0,
202400008818,155 766 278,A01,2.0,3.0,1,0,2,24,1.0,
202400008819,155 766 275,B01,0.0,7.0,0,2,1,1,1.0,
202400008820,155 766 274,A01,0.0,7.0,6,0,2,14,1.0,
202400008821,155 766 273,A01,2.0,33.0,12,0,1,13,1.0,
202400008822,155 766 272,A01,0.0,7.0,8,0,2,13,1.0,
202400008823,155 766 269,A01,0.0,10.0,0,2,3,10,1.0,
202400008824,155 766 267,B01,2.0,7.0,0,9,0,17,1.0,
202400008825,155 766 264,A01,0.0,7.0,0,2,3,0,0.0,
202400008826,155 766 263,A01,1.0,7.0,9,2,1,2,2.0,
202400008827,155 766 261,A01,1.0,7.0,0,2,7,1,1.0,
202400008828,155 766 260,A01,0.0,7.0,0,1,7,1,1.0,
202400008829,155 766 258,B01,0.0,7.0,0,2,4,2,3.0,
202400008830,155 766 256,B01,2.0,10.0,0,2,6,15,1.0,
202400008831,155 766 254,A01,2.0,43.0,13,0,9,1,1.0,
202400008832,155 766 253,A01,1.0,7.0,0,2,1,1,1.0,
202400008833,155 766 251,A01,3.0,7.0,0,1,2,1,2.0,
202400008834,155 766 250,A01,2.0,7.0,0,2,1,1,1.0,
202400008835,155 766 248,A01,1.0,7.0,4,0,0,2,1.0,
202400008836,155 766 247,A01,1.0,33.0,0,2,1,7,1.0,
202400008837,155 766 245,A01,2.0,7.0,0,1,0,26,1.0,
202400008838,155 766 244,B01,1.0,32.0,0,2,1,1,1.0,
202400008839,155 766 242,A01,3.0,10.0,8,0,1,16,0.0,
202400008840,155 766 241,A01,1.0,7.0,0,2,1,15,1.0,
202400008841,155 766 238,A01,0.0,1.0,0,2,1,15,5.0,
202400008842,155 766 237,B01,3.0,1.0,0,2,8,1,5.0,
202400008843,155 766 233,A01,3.0,7.0,0,2,4,20,0.0,
202400008844,155 766 232,A01,3.0,7.0,-1,2,1,13,1.0,
202400008845,155 766 231,A01,2.0,7.0,0,1,2,15,1.0,
202400008846,155 766 229,A01,1.0,50.0,0,2,6,2,3.0,
202400008847,155 766 227,B01,3.0,7.0,1,0,1,1,1.0,
202400008848,155 766 225,B01,1.0,1.0,0,2,1,2,5.0,
202400008849,155 766 223,A01,3.0,7.0,0,2,7,15,1.0,
202400008850,155 766 221,A01,1.0,7.0,0,0,1,5,1.0,
202400008851,155 766 220,A01,0.0,13.0,0,1,4,0,0.0,
202400008852,155 766 218,A01,1.0,7.0,0,2,0,2,0.0,
202400008853,155 766 217,A01,1.0,7.0,0,1,1,9,1.0,
202400008854,155 766 216,A01,2.0,33.0,0,0,7,1,1.0,
202400008855,155 766 214,A01,3.0,7.0,0,2,3,9,1.0,
202400008856,155 766 212,A01,1.0,7.0,0,2,2,5,1.0,
202400008857,155 766 210,A01,1.0,3.0,0,1,2,1,1.0,
202400008858,155 766 209,A01,1.0,7.0,0,2,7,1,1.0,
202400008859,155 766 208,A01,1.0,38.0,0,1,7,17,1.0,1
202400008860,155 766 207,A01,1.0,7.0,0,0,1,26,1.0,
202400008861,155 766 204,A01,2.0,7.0,0,2,5,2,1.0,
202400008862,155 766 202,A01,2.0,32.0,0,2,3,17,1.0,
202400008863,155 766 199,A01,1.0,7.0,0,0,5,2,3.0,
202400008864,155 766 198,A01,1.0,7.0,0,1,2,1,1.0,
202400008865,155 766 196,A01,1.0,7.0,0,0,3,15,1.0,
202400008866,155 766 194,B01,3.0,10.0,0,2,6,24,1.0,
202400008867,155 766 191,A01,2.0,7.0,0,2,1,13,0.0,
202400008868,155 766 190,A01,2.0,34.0,0,2,3,18,1.0,
202400008869,155 766 188,A01,1.0,7.0,0,2,3,1,1.0,
202400008870,155 766 187,A01,2.0,50.0,0,0,7,17,3.0,
202400008871,155 766 185,A01,2.0,7.0,0,2,1,2,1.0,
202400008872,155 766 183,A01,3.0,10.0,0,2,5,15,1.0,
202400008873,155 766 181,B01,2.0,7.0,0,2,4,23,1.0,
202400008874,155 766 179,A01,1.0,7.0,0,2,3,17,1.0,
202400008875,155 766 178,A01,1.0,2.0,0,1,1,25,1.0,
202400008876,155 766 177,A01,1.0,7.0,9,0,1,2,1.0,
202400008877,155 766 175,A01,2.0,7.0,0,2,8,22,1.0,
202400008878,155 766 172,A01,3.0,7.0,0,9,1,19,2.0,
202400008879,155 766 171,B01,0.0,33.0,0,2,1,1,1.0,
202400008880,155 766 169,A01,1.0,50.0,0,1,0,1,3.0,
202400008881,155 766 168,A01,0.0,7.0,0,2,1,14,2.0,
202400008882,155 766 165,A01,2.0,7.0,0,2,1,15,1.0,
202400008883,155 766 164,B01,1.0,7.0,0,2,3,1,1.0,
202400008884,155 766 162,A01,3.0,10.0,0,1,4,26,1.0,
202400008885,155 766 161,A01,1.0,10.0,0,2,1,9,1.0,
202400008886,155 766 159,B01,1.0,32.0,0,2,7,21,1.0,
202400008887,155 766 158,A01,3.0,7.0,2,0,1,1,1.0,
202400008888,155 766 155,C01,1.0,7.0,0,2,4,2,1.0,
202400008889,155 766 153,Y01,3.0,60.0,0,2,7,1,5.0,
202400008890,155 766 151,A01,1.0,7.0,0,2,3,13,1.0,
202400008891,155 766 149,B01,2.0,7.0,0,2,4,2,2.0,
202400008892,155 766 147,B01,2.0,7.0,0,2,1,1,1.0,
202400008893,155 766 145,A01,1.0,7.0,0,2,3,13,1.0,
202400008894,155 766 144,A01,1.0,2.0,0,9,9,26,1.0,
202400008895,155 766 140,A01,1.0,7.0,0,2,1,2,1.0,
202400008896,155 766 139,A01,3.0,7.0,0,1,4,20,1.0,
202400008897,155 766 138,A01,2.0,7.0,0,1,2,1,1.0,
202400008898,155 766 136,B01,2.0,1.0,0,2,1,1,5.0,
202400008899,155 766 135,A01,1.0,7.0,3,0,3,1,2.0,
202400008900,155 766 132,C01,1.0,7.0,0,2,1,1,,
202400008901,155 766 129,A01,2.0,7.0,0,2,4,11,1.0,
202400008902,155 766 127,A01,2.0,7.0,0,2,3,13,1.0,
202400008903,155 766 125,A01,1.0,14.0,0,2,4,23,1.0,
202400008904,155 766 124,A01,1.0,7.0,0,0,8,16,1.0,
202400008905,155 766 122,B01,1.0,1.0,0,2,1,1,5.0,
202400008906,155 766 119,B01,1.0,7.0,0,2,8,2,1.0,
202400008907,155 766 117,A01,1.0,80.0,0,2,5,12,3.0,
202400008908,155 766 115,A01,1.0,33.0,0,2,1,6,1.0,
202400008909,155 766 113,A01,1.0,7.0,0,0,1,17,2.0,
202400008910,155 766 111,B01,2.0,7.0,0,2,4,23,1.0,
202400008911,155 766 109,A01,3.0,7.0,0,2,5,15,1.0,
202400008912,155 766 108,A01,1.0,2.0,0,0,7,1,1.0,
202400008913,155 766 106,A01,0.0,30.0,0,2,4,2,1.0,
202400008914,155 766 104,B01,1.0,37.0,0,9,7,14,1.0,1
202400008915,155 766 102,A01,3.0,7.0,0,2,1,2,1.0,
202400008916,155 766 100,A01,2.0,7.0,0,2,1,1,1.0,
202400008917,155 766 098,A01,1.0,10.0,0,2,1,9,1.0,
202400008918,155 766 096,A01,0.0,33.0,0,2,7,17,1.0,
202400008919,155 766 095,A01,1.0,50.0,11,0,1,1,3.0,
202400008920,155 766 094,A01,0.0,33.0,0,0,0,15,1.0,
202400008921,155 766 093,A01,1.0,30.0,0,0,0,1,1.0,
202400008922,155 766 091,A01,1.0,7.0,0,2,2,17,1.0,
202400008923,155 766 089,B01,3.0,7.0,0,2,7,9,0.0,
202400008924,155 766 087,A01,2.0,33.0,0,2,8,9,1.0,
202400008925,155 766 085,A01,2.0,7.0,0,2,1,0,1.0,
202400008926,155 766 083,A01,3.0,7.0,0,2,3,15,1.0,
202400008927,155 766 082,A01,3.0,7.0,0,1,1,1,1.0,
202400008928,155 766 081,A01,3.0,7.0,0,1,2,1,1.0,
202400008929,155 766 080,A01,1.0,50.0,0,0,1,14,3.0,
202400008930,155 766 078,A01,3.0,7.0,0,2,3,16,1.0,
202400008931,155 766 077,A01,1.0,7.0,0,0,1,26,3.0,
202400008932,155 766 075,A01,1.0,3.0,0,2,4,1,1.0,
202400008933,155 766 074,A01,3.0,10.0,0,1,2,16,1.0,
202400008934,155 766 071,A01,2.0,7.0,0,2,1,1,1.0,
202400008935,155 766 069,A01,3.0,10.0,0,2,1,15,1.0,
202400008936,155 766 067,A01,2.0,7.0,0,2,3,1,1.0,
202400008937,155 766 065,A01,2.0,7.0,0,2,3,1,1.0,
202400008938,155 766 064,A01,3.0,7.0,9,0,1,16,1.0,
202400008939,155 766 062,A01,3.0,7.0,0,2,3,13,1.0,
202400008940,155 766 060,A01,2.0,7.0,0,9,3,1,1.0,
202400008941,155 766 059,A01,2.0,33.0,0,5,7,1,1.0,
202400008942,155 766 058,A01,2.0,7.0,0,1,1,26,1.0,
202400008943,155 766 057,A01,2.0,30.0,0,0,1,17,1.0,
202400008944,155 766 055,A01,3.0,7.0,0,2,2,16,1.0,
202400008945,155 766 053,A01,3.0,7.0,0,2,1,15,1.0,
202400008946,155 766 051,B01,3.0,1.0,0,2,7,1,5.0,
202400008947,155 766 049,A01,1.0,33.0,0,2,2,1,1.0,
202400008948,155 766 047,A01,3.0,7.0,0,2,6,17,1.0,
202400008949,155 766 045,A01,1.0,30.0,0,2,1,1,3.0,
202400008950,155 766 042,B01,3.0,30.0,0,2,7,1,3.0,
202400008951,155 766 040,B01,3.0,34.0,0,2,2,1,1.0,
202400008952,155 766 038,A01,0.0,1.0,0,2,0,0,5.0,
202400008953,155 766 036,A01,2.0,7.0,0,2,7,1,1.0,
202400008954,155 766 034,A01,1.0,7.0,0,2,2,15,1.0,
202400008955,155 766 033,A01,1.0,10.0,0,1,2,1,1.0,
202400008956,155 766 031,A01,0.0,7.0,0,2,7,15,1.0,
202400008957,155 766 029,B01,0.0,7.0,0,2,8,20,1.0,
202400008958,155 766 028,A01,3.0,10.0,0,1,1,15,3.0,
202400008959,155 766 026,B01,1.0,7.0,0,2,8,1,1.0,
202400008960,155 766 024,B01,2.0,7.0,0,2,4,2,1.0,
202400008961,155 766 022,A01,3.0,7.0,0,2,1,19,1.0,
202400008962,155 766 020,A01,3.0,10.0,0,2,1,1,1.0,
202400008963,155 766 018,A01,1.0,2.0,0,2,1,5,1.0,
202400008964,155 766 016,B01,3.0,50.0,0,2,3,1,3.0,
202400008965,155 766 014,A01,1.0,7.0,0,2,8,9,1.0,
202400008966,155 766 013,A01,2.0,7.0,0,1,2,1,1.0,
202400008967,155 766 011,A01,1.0,7.0,0,2,7,15,1.0,
202400008968,155 766 009,A01,3.0,7.0,0,2,3,16,1.0,
202400008969,155 766 008,A01,2.0,33.0,0,2,7,1,1.0,
202400008970,155 766 007,A01,2.0,2.0,0,9,1,21,3.0,
202400008971,155 766 005,B01,1.0,1.0,0,2,1,1,5.0,
202400008972,155 766 003,A01,2.0,1.0,0,2,1,1,5.0,
202400008973,155 766 002,A01,1.0,37.0,1,2,5,9,3.0,1
202400008974,155 766 001,A01,2.0,37.0,0,1,2,26,2.0,1
202400008975,155 765 999,A01,1.0,10.0,0,2,1,15,1.0,
202400008976,155 765 998,A01,2.0,37.0,0,1,1,1,2.0,1
202400008977,155 765 996,A01,3.0,33.0,0,2,2,14,1.0,
202400008978,155 765 994,A01,2.0,10.0,0,2,4,1,1.0,
202400008979,155 765 992,B01,2.0,33.0,0,2,1,1,1.0,
202400008980,155 765 990,A01,3.0,10.0,0,2,2,1,1.0,
202400008981,155 765 987,A01,3.0,1.0,0,1,1,1,5.0,
202400008982,155 765 986,A01,3.0,30.0,1,0,1,2,1.0,
202400008983,155 765 985,A01,1.0,7.0,0,1,2,1,1.0,
202400008984,155 765 984,A01,2.0,7.0,13,1,1,1,1.0,
202400008985,155 765 981,C01,2.0,7.0,0,2,1,1,1.0,
202400008986,155 765 980,A01,2.0,33.0,0,0,1,17,1.0,
202400008987,155 765 978,A01,1.0,1.0,0,2,3,26,5.0,
202400008988,155 765 975,B01,0.0,7.0,1,2,2,0,1.0,
202400008989,155 765 976,A01,1.0,7.0,0,0,1,1,1.0,
202400008990,155 765 973,B01,1.0,7.0,0,2,2,21,1.0,
202400008991,155 765 972,A01,1.0,2.0,0,1,1,1,1.0,
202400008992,155 765 971,A01,3.0,7.0,0,1,4,20,1.0,
202400008993,155 765 969,A01,1.0,31.0,0,2,0,0,1.0,
202400008994,155 765 966,A01,1.0,7.0,0,2,7,15,1.0,
202400008995,155 765 965,A01,3.0,2.0,0,2,8,1,1.0,
202400008996,155 765 964,A01,2.0,30.0,1,0,7,14,1.0,
202400008997,155 765 963,A01,2.0,7.0,13,0,1,26,1.0,
202400008998,155 765 961,A01,1.0,50.0,0,2,1,26,3.0,
202400008999,155 765 959,A01,3.0,7.0,0,1,5,20,1.0,
202400009000,155 765 960,A01,2.0,33.0,0,0,0,26,0.0,
202400009001,155 765 958,A01,2.0,7.0,14,0,1,17,1.0,
202400009002,155 765 955,A01,3.0,7.0,0,2,1,1,1.0,
202400009003,155 765 954,B01,3.0,33.0,0,2,1,1,1.0,
202400009004,155 765 952,A01,2.0,32.0,0,1,1,0,1.0,
202400009005,155 765 951,B01,1.0,7.0,2,2,3,1,1.0,
202400009006,155 765 950,A01,2.0,33.0,6,0,3,13,1.0,
202400009007,155 765 949,A01,1.0,7.0,2,0,7,2,1.0,
202400009008,155 765 946,A01,1.0,7.0,1,1,3,1,2.0,
202400009009,155 765 945,A01,0.0,1.0,0,2,8,19,5.0,
202400009010,155 765 944,A01,3.0,7.0,0,0,0,1,1.0,
202400009011,155 765 942,A01,1.0,7.0,0,1,2,9,1.0,
202400009012,155 765 941,A01,2.0,7.0,0,2,7,1,1.0,
202400009013,155 765 940,A01,1.0,7.0,2,0,1,1,1.0,
202400009014,155 765 938,A01,2.0,7.0,0,2,2,14,1.0,
202400009015,155 765 937,A01,1.0,33.0,0,9,1,1,1.0,
202400009016,155 765 936,A01,2.0,7.0,6,0,3,13,1.0,
202400009017,155 765 934,A01,2.0,32.0,14,0,8,1,1.0,
202400009018,155 765 933,A01,2.0,10.0,0,2,1,1,0.0,
202400009019,155 765 931,A01,2.0,7.0,2,0,9,21,1.0,
202400009020,155 765 930,B01,2.0,1.0,0,2,7,1,5.0,
202400009021,155 765 927,A01,2.0,13.0,0,2,1,9,1.0,
202400009022,155 765 924,A01,2.0,2.0,12,0,8,0,1.0,
202400009023,155 765 925,C01,2.0,10.0,0,2,5,1,1.0,
202400009024,155 765 922,A01,3.0,36.0,13,9,2,1,1.0,
202400009025,155 765 917,A01,1.0,7.0,0,2,2,15,6.0,
202400009026,155 765 916,A01,1.0,7.0,0,2,3,1,1.0,
202400009027,155 765 914,A01,1.0,7.0,0,0,1,0,1.0,
202400009028,155 765 913,A01,1.0,10.0,2,0,3,5,1.0,
202400009029,155 765 912,A01,2.0,7.0,7,0,0,14,1.0,
202400009030,155 765 909,A01,2.0,7.0,2,0,1,1,1.0,
202400009031,155 765 908,A01,1.0,33.0,0,2,1,1,1.0,
202400009032,155 765 906,A01,2.0,1.0,0,2,3,2,5.0,
202400009033,155 765 904,A01,2.0,7.0,6,0,1,2,1.0,
202400009034,155 765 905,A01,3.0,10.0,13,0,1,14,1.0,
202400009035,155 765 901,A01,1.0,7.0,0,2,3,14,2.0,
202400009036,155 765 900,A01,1.0,15.0,16,2,3,1,1.0,
202400009037,155 765 898,A01,1.0,99.0,0,2,5,16,0.0,
202400009038,155 765 895,A01,1.0,7.0,2,0,1,14,1.0,
202400009039,155 765 894,A01,2.0,7.0,0,2,8,9,2.0,
202400009040,155 765 893,A01,1.0,33.0,0,0,0,1,1.0,
202400009041,155 765 889,A01,1.0,33.0,0,2,1,2,1.0,
202400009042,155 765 885,A01,1.0,7.0,4,2,9,0,1.0,
202400009043,155 765 884,A01,1.0,7.0,0,2,1,2,0.0,
202400009044,155 765 881,A01,2.0,33.0,0,2,9,3,1.0,
202400009045,155 765 879,A01,2.0,10.0,0,2,6,1,1.0,
202400009046,155 765 876,A01,1.0,32.0,0,0,2,5,1.0,
202400009047,155 765 874,A01,3.0,31.0,13,0,0,21,1.0,
202400009048,155 765 875,B01,1.0,7.0,0,2,4,2,2.0,
202400009049,155 765 872,A01,1.0,31.0,0,2,3,2,1.0,
202400009050,155 765 868,B01,2.0,33.0,0,2,3,1,1.0,
202400009051,155 765 869,A01,1.0,7.0,0,2,5,14,1.0,
202400009052,155 765 866,A01,3.0,7.0,0,1,2,1,0.0,
202400009053,155 765 865,B01,1.0,32.0,1,2,6,7,1.0,
202400009054,155 765 863,A01,3.0,15.0,0,0,2,15,1.0,
202400009055,155 765 860,B01,2.0,50.0,0,2,1,17,3.0,
202400009056,155 765 859,A01,1.0,7.0,0,2,3,16,1.0,
202400009057,155 765 856,A01,3.0,7.0,0,2,4,23,1.0,
202400009058,155 765 855,A01,3.0,32.0,0,2,2,17,1.0,
202400009059,155 765 853,A01,2.0,7.0,0,2,5,1,1.0,
202400009060,155 765 852,A01,1.0,2.0,0,0,0,26,3.0,
202400009061,155 765 850,A01,2.0,7.0,0,2,2,1,1.0,
202400009062,155 765 847,A01,2.0,17.0,0,2,5,12,1.0,
202400009063,155 765 846,A01,2.0,34.0,0,2,2,2,1.0,
202400009064,155 765 844,Z01,2.0,15.0,0,2,8,1,1.0,
202400009065,155 765 842,A01,3.0,7.0,0,2,3,15,1.0,
202400009066,155 765 840,A01,2.0,33.0,0,2,1,21,1.0,
202400009067,155 765 837,A01,3.0,15.0,0,2,1,1,1.0,
202400009068,155 765 836,A01,2.0,7.0,0,2,7,12,1.0,
202400009069,155 765 832,A01,2.0,33.0,0,2,1,17,1.0,
202400009070,155 765 833,A01,1.0,7.0,0,2,8,19,1.0,
202400009071,155 765 831,A01,1.0,43.0,0,2,3,14,1.0,
202400009072,155 765 829,B01,2.0,7.0,0,2,1,1,1.0,
202400009073,155 765 828,A01,2.0,7.0,0,2,1,26,1.0,
202400009074,155 765 827,A01,1.0,7.0,0,1,5,4,1.0,
202400009075,155 765 826,A01,2.0,7.0,4,0,1,1,1.0,
202400009076,155 765 821,B01,3.0,80.0,0,2,2,1,3.0,
202400009077,155 765 818,E01,2.0,15.0,0,2,3,1,1.0,
202400009078,155 765 816,A01,1.0,2.0,12,0,0,0,1.0,
202400009079,155 765 815,A01,1.0,33.0,0,2,1,3,1.0,
202400009080,155 765 814,A01,1.0,41.0,0,0,0,0,1.0,
202400009081,155 765 813,A01,1.0,7.0,2,0,3,0,1.0,
202400009082,155 765 811,B01,1.0,30.0,0,2,8,1,1.0,
202400009083,155 765 810,A01,0.0,60.0,0,0,0,3,5.0,
202400009084,155 765 808,A01,1.0,7.0,0,2,0,0,1.0,
202400009085,155 765 807,A01,1.0,2.0,0,0,0,0,1.0,
202400009086,155 765 806,A01,1.0,1.0,1,0,0,0,5.0,
202400009087,155 765 805,A01,1.0,7.0,6,9,1,1,1.0,
202400009088,155 765 803,B01,2.0,1.0,0,2,0,0,5.0,
202400009089,155 765 801,A01,0.0,7.0,0,1,2,0,1.0,
202400009090,155 765 802,A01,1.0,30.0,0,0,8,1,3.0,
202400009091,155 765 799,A01,2.0,1.0,1,0,1,1,5.0,
202400009092,155 765 797,A01,3.0,30.0,0,2,1,0,0.0,
202400009093,155 765 795,B01,2.0,7.0,0,2,3,1,1.0,
202400009094,155 765 791,B01,1.0,7.0,0,2,1,26,1.0,
202400009095,155 765 788,B01,1.0,36.0,0,2,8,15,1.0,
202400009096,155 765 786,A01,1.0,7.0,0,2,1,9,1.0,
202400009097,155 765 785,B01,1.0,7.0,0,2,1,15,1.0,
202400009098,155 765 781,A01,1.0,1.0,0,0,3,1,5.0,
202400009099,155 765 782,A01,3.0,7.0,0,2,1,16,1.0,
202400009100,155 765 778,A01,3.0,10.0,0,2,3,1,1.0,
202400009101,155 765 779,A01,2.0,33.0,2,0,1,1,1.0,
202400009102,155 765 774,A01,2.0,7.0,0,2,3,9,1.0,
202400009103,155 765 772,B01,2.0,7.0,0,2,8,1,1.0,
202400009104,155 765 770,A01,3.0,7.0,0,2,1,13,1.0,
202400009105,155 765 767,B01,2.0,1.0,0,2,1,1,5.0,
202400009106,155 765 768,A01,2.0,7.0,8,0,1,21,1.0,
202400009107,155 765 765,B01,1.0,7.0,0,2,1,1,1.0,
202400009108,155 765 762,A01,1.0,10.0,0,2,2,16,1.0,
202400009109,155 765 760,Z01,1.0,7.0,0,1,1,1,1.0,
202400009110,155 765 761,A01,2.0,34.0,0,2,1,17,1.0,
202400009111,155 765 759,A01,1.0,33.0,0,1,1,1,1.0,
202400009112,155 765 757,A01,2.0,50.0,0,2,1,1,3.0,
202400009113,155 765 756,A01,3.0,30.0,0,0,0,26,1.0,
202400009114,155 765 752,A01,1.0,7.0,0,2,3,9,1.0,
202400009115,155 765 750,A01,1.0,7.0,0,2,1,1,1.0,
202400009116,155 765 746,B01,1.0,7.0,0,2,1,19,2.0,
202400009117,155 765 744,A01,3.0,7.0,15,0,0,1,1.0,
202400009118,155 765 743,A01,3.0,7.0,0,2,1,1,1.0,
202400009119,155 765 740,A01,1.0,7.0,0,2,3,19,0.0,
202400009120,155 765 739,A01,3.0,31.0,1,0,1,10,1.0,
202400009121,155 765 738,B01,3.0,80.0,0,2,7,9,2.0,
202400009122,155 765 736,A01,1.0,7.0,0,1,1,26,1.0,
202400009123,155 765 735,A01,0.0,7.0,0,2,1,13,1.0,
202400009124,155 765 733,B01,2.0,7.0,0,2,1,1,1.0,
202400009125,155 765 731,A01,2.0,7.0,0,2,8,19,1.0,
202400009126,155 765 729,B01,2.0,30.0,0,2,1,1,1.0,
202400009127,155 765 728,A01,3.0,3.0,0,1,1,0,0.0,
202400009128,155 765 727,A01,2.0,7.0,1,0,1,12,0.0,
202400009129,155 765 722,B01,3.0,7.0,0,2,4,23,1.0,
202400009130,155 765 720,A01,1.0,30.0,0,2,2,1,1.0,
202400009131,155 765 718,A01,2.0,7.0,0,2,3,13,1.0,
202400009132,155 765 716,A01,1.0,7.0,0,2,2,1,1.0,
202400009133,155 765 712,A01,2.0,7.0,0,2,1,1,1.0,