Num_Acc,id_vehicule,num_veh,senc,catv,obs,obsm,choc,manv,motor,occutc
202400009134,155 765 713,A01,1.0,7.0,0,9,1,9,1.0,
202400009135,155 765 709,B01,1.0,50.0,0,2,8,1,3.0,
202400009136,155 765 708,B01,0.0,50.0,0,2,6,19,3.0,
202400009137,155 765 705,B01,3.0,80.0,0,2,4,1,3.0,
202400009138,155 765 704,A01,1.0,10.0,0,2,1,16,1.0,
202400009139,155 765 702,A01,2.0,7.0,13,0,1,11,1.0,
202400009140,155 765 701,A01,1.0,7.0,0,2,1,1,1.0,
202400009141,155 765 699,A01,1.0,7.0,0,2,0,0,1.0,
202400009142,155 765 697,A01,1.0,37.0,0,2,1,1,1.0,1
202400009143,155 765 693,B01,1.0,7.0,0,2,4,2,1.0,
202400009144,155 765 692,A01,1.0,7.0,0,2,1,26,0.0,
202400009145,155 765 690,A01,3.0,33.0,0,2,2,1,1.0,
202400009146,155 765 688,A01,3.0,7.0,0,2,1,2,1.0,
202400009147,155 765 686,B01,2.0,1.0,0,2,1,2,5.0,
202400009148,155 765 682,B01,2.0,41.0,0,2,3,15,3.0,
202400009149,155 765 681,A01,3.0,7.0,0,2,2,1,1.0,
202400009150,155 765 680,A01,1.0,7.0,0,1,8,1,1.0,
202400009151,155 765 678,A01,2.0,1.0,0,2,1,18,5.0,
202400009152,155 765 677,A01,1.0,7.0,0,1,1,1,1.0,
202400009153,155 765 676,A01,1.0,33.0,11,0,3,1,1.0,
202400009154,155 765 672,B01,3.0,99.0,0,2,3,1,2.0,
202400009155,155 765 669,B01,3.0,7.0,0,2,3,1,0.0,
202400009156,155 765 668,A01,1.0,80.0,0,2,1,5,3.0,
202400009157,155 765 667,A01,1.0,1.0,1,0,1,1,5.0,
202400009158,155 765 666,A01,1.0,7.0,0,1,2,1,1.0,
202400009159,155 765 665,A01,1.0,80.0,0,0,0,2,3.0,
202400009160,155 765 662,B01,2.0,7.0,0,2,4,2,1.0,
202400009161,155 765 661,A01,1.0,30.0,0,2,5,1,1.0,
202400009162,155 765 658,A01,2.0,10.0,0,2,4,4,0.0,
202400009163,155 765 657,B01,3.0,1.0,0,2,1,1,5.0,
202400009164,155 765 654,A01,3.0,7.0,0,2,2,0,0.0,
202400009165,155 765 653,B01,3.0,31.0,0,2,2,17,1.0,
202400009166,155 765 651,Z01,3.0,7.0,0,2,2,16,1.0,
202400009167,155 765 649,B01,1.0,33.0,0,2,8,2,1.0,
202400009168,155 765 647,B01,2.0,30.0,0,2,1,2,1.0,
202400009169,155 765 646,A01,3.0,40.0,0,1,1,1,3.0,
202400009170,155 765 644,A01,3.0,7.0,0,2,3,1,1.0,
202400009171,155 765 643,A01,0.0,7.0,0,1,1,1,1.0,
202400009172,155 765 641,A01,0.0,7.0,1,0,9,2,1.0,
202400009173,155 765 640,B01,0.0,7.0,0,2,3,10,1.0,
202400009174,155 765 638,A01,1.0,7.0,3,0,8,1,1.0,
202400009175,155 765 637,A01,1.0,7.0,0,2,2,16,1.0,
202400009176,155 765 635,B01,1.0,50.0,0,2,1,1,3.0,
202400009177,155 765 633,A01,1.0,7.0,0,2,3,15,1.0,
202400009178,155 765 632,A01,1.0,7.0,0,1,3,2,1.0,
202400009179,155 765 630,B01,1.0,7.0,0,2,5,1,2.0,
202400009180,155 765 628,B01,2.0,1.0,0,2,1,1,5.0,
202400009181,155 765 626,B01,1.0,32.0,0,0,0,0,0.0,
202400009182,155 765 625,A01,3.0,7.0,0,1,3,1,1.0,
202400009183,155 765 624,A01,2.0,7.0,0,9,1,1,1.0,
202400009184,155 765 623,A01,1.0,7.0,0,1,1,16,1.0,
202400009185,155 765 621,A01,2.0,7.0,14,2,3,1,1.0,
202400009186,155 765 619,A01,1.0,7.0,0,9,1,1,1.0,
202400009187,155 765 616,B01,1.0,33.0,0,2,0,2,1.0,
202400009188,155 765 615,A01,1.0,7.0,0,2,3,15,1.0,
202400009189,155 765 612,B01,1.0,33.0,0,2,1,1,1.0,
202400009190,155 765 610,A01,1.0,32.0,12,0,1,2,1.0,
202400009191,155 765 608,A01,1.0,7.0,0,2,2,19,1.0,
202400009192,155 765 606,A01,2.0,33.0,0,2,1,13,1.0,
202400009193,155 765 605,A01,1.0,7.0,0,1,3,15,1.0,
202400009194,155 765 603,A01,1.0,7.0,0,0,1,0,1.0,
202400009195,155 765 601,B01,1.0,7.0,0,2,3,15,0.0,
202400009196,155 765 600,A01,3.0,7.0,2,0,3,13,1.0,
202400009197,155 765 599,A01,1.0,7.0,0,1,1,19,2.0,
202400009198,155 765 597,A01,1.0,1.0,0,1,7,15,5.0,
202400009199,155 765 596,A01,1.0,10.0,0,1,1,15,1.0,
202400009200,155 765 598,A01,3.0,30.0,12,0,6,21,3.0,
202400009201,155 765 594,B01,2.0,37.0,0,2,3,10,3.0,1
202400009202,155 765 592,A01,2.0,7.0,0,2,5,1,1.0,
202400009203,155 765 590,A01,1.0,7.0,0,2,6,4,1.0,
202400009204,155 765 589,A01,1.0,7.0,0,1,1,1,1.0,
202400009205,155 765 588,A01,2.0,7.0,0,1,4,4,1.0,
202400009206,155 765 586,B01,2.0,1.0,0,2,1,1,5.0,
202400009207,155 765 584,B01,1.0,7.0,0,2,4,23,1.0,
202400009208,155 765 583,A01,2.0,30.0,0,0,0,1,1.0,
202400009209,155 765 582,Z01,2.0,1.0,0,1,1,1,5.0,
202400009210,155 765 581,A01,2.0,2.0,0,0,7,1,3.0,
202400009211,155 765 579,A01,2.0,7.0,0,2,7,23,2.0,
202400009212,155 765 578,A01,2.0,80.0,0,1,1,1,3.0,
202400009213,155 765 576,A01,3.0,7.0,0,2,1,0,1.0,
202400009214,155 765 574,A01,3.0,10.0,0,2,8,22,1.0,
202400009215,155 765 572,B01,2.0,7.0,0,2,1,15,1.0,
202400009216,155 765 570,A01,2.0,7.0,1,0,3,21,1.0,
202400009217,155 765 568,B01,0.0,60.0,0,2,8,0,5.0,
202400009218,155 765 566,A01,1.0,30.0,0,2,1,5,3.0,
202400009219,155 765 565,A01,1.0,7.0,0,1,2,1,0.0,
202400009220,155 765 564,A01,3.0,7.0,0,1,2,26,2.0,
202400009221,155 765 563,A01,3.0,50.0,0,0,0,0,3.0,
202400009222,155 765 561,B01,3.0,32.0,0,2,1,16,1.0,
202400009223,155 765 559,B01,3.0,7.0,0,2,2,1,1.0,
202400009224,155 765 557,B01,1.0,37.0,0,2,8,2,1.0,1
202400009225,155 765 555,A01,1.0,7.0,0,2,6,9,1.0,
202400009226,155 765 553,A01,1.0,2.0,0,2,1,2,1.0,
202400009227,155 765 551,A01,2.0,7.0,0,2,1,5,1.0,
202400009228,155 765 549,B01,2.0,34.0,0,2,1,2,1.0,
202400009229,155 765 548,A01,1.0,7.0,2,0,1,13,1.0,
202400009230,155 765 546,A01,1.0,7.0,5,2,5,14,1.0,
202400009231,155 765 545,A01,2.0,7.0,0,0,9,1,1.0,
202400009232,155 765 544,A01,1.0,30.0,12,0,1,13,1.0,
202400009233,155 765 543,A01,1.0,7.0,0,0,0,1,1.0,
202400009234,155 765 542,A01,2.0,7.0,2,0,1,1,1.0,
202400009235,155 765 540,A01,2.0,1.0,0,2,3,13,5.0,
202400009236,155 765 538,B01,1.0,33.0,0,2,2,1,1.0,
202400009237,155 765 536,A01,2.0,7.0,0,2,1,17,1.0,
202400009238,155 765 534,B01,1.0,2.0,0,0,4,15,1.0,
202400009239,155 765 532,A01,1.0,7.0,0,0,1,1,1.0,
202400009240,155 765 530,A01,1.0,7.0,13,0,2,14,1.0,
202400009241,155 765 528,A01,1.0,7.0,13,0,2,1,1.0,
202400009242,155 765 526,A01,1.0,10.0,0,2,1,1,1.0,
202400009243,155 765 524,B01,1.0,33.0,0,2,1,2,1.0,
202400009244,155 765 523,A01,1.0,33.0,8,0,1,13,1.0,
202400009245,155 765 521,A01,1.0,7.0,0,2,1,1,1.0,
202400009246,155 765 519,A01,2.0,37.0,0,2,1,1,1.0,1
202400009247,155 765 517,A01,0.0,7.0,0,2,6,15,1.0,
202400009248,155 765 514,A01,1.0,7.0,1,1,2,17,1.0,
202400009249,155 765 512,B01,2.0,7.0,0,0,4,0,1.0,
202400009250,155 765 510,B01,1.0,34.0,1,0,1,12,1.0,
202400009251,155 765 507,A01,1.0,7.0,0,2,3,13,1.0,
202400009252,155 765 505,A01,2.0,10.0,0,2,1,15,1.0,
202400009253,155 765 504,A01,3.0,16.0,13,0,1,1,1.0,
202400009254,155 765 502,A01,2.0,7.0,0,2,3,13,1.0,
202400009255,155 765 501,A01,1.0,30.0,12,0,2,14,1.0,
202400009256,155 765 500,A01,1.0,7.0,15,0,1,0,1.0,
202400009257,155 765 499,A01,1.0,7.0,0,0,0,1,1.0,
202400009258,155 765 497,A01,2.0,10.0,0,2,2,1,1.0,
202400009259,155 765 495,A01,2.0,7.0,0,2,1,13,1.0,
202400009260,155 765 492,C01,1.0,7.0,0,2,8,0,1.0,
202400009261,155 765 488,B01,1.0,16.0,0,2,2,14,1.0,
202400009262,155 765 487,A01,1.0,14.0,0,1,3,1,1.0,
202400009263,155 765 485,A01,2.0,7.0,0,2,1,5,1.0,
202400009264,155 765 482,A01,1.0,7.0,0,2,1,13,1.0,
202400009265,155 765 481,A01,1.0,7.0,6,0,2,14,0.0,
202400009266,155 765 479,A01,1.0,7.0,1,0,1,0,1.0,
202400009267,155 765 477,B01,1.0,17.0,0,2,3,1,1.0,
202400009268,155 765 476,A01,2.0,7.0,4,0,1,1,1.0,
202400009269,155 765 475,A01,1.0,7.0,3,0,1,1,1.0,
202400009270,155 765 474,A01,2.0,33.0,0,0,3,3,1.0,
202400009271,155 765 472,A01,2.0,7.0,0,2,3,21,1.0,
202400009272,155 765 471,A01,1.0,7.0,4,0,8,1,1.0,
202400009273,155 765 469,B01,1.0,7.0,0,2,4,11,2.0,
202400009274,155 765 467,B01,2.0,31.0,0,2,2,3,1.0,
202400009275,155 765 465,A01,1.0,7.0,0,2,5,0,1.0,
202400009276,155 765 462,C01,2.0,7.0,0,2,4,2,1.0,
202400009277,155 765 460,B01,1.0,7.0,4,0,4,1,1.0,
202400009278,155 765 457,A01,2.0,7.0,0,2,1,13,1.0,
202400009279,155 765 456,A01,3.0,1.0,0,0,0,1,5.0,
202400009280,155 765 454,A01,1.0,7.0,0,2,4,23,1.0,
202400009281,155 765 453,A01,1.0,7.0,3,0,1,13,1.0,
202400009282,155 765 451,B01,2.0,7.0,0,2,2,15,1.0,
202400009283,155 765 450,A01,2.0,14.0,5,0,1,0,1.0,
202400009284,155 765 448,B01,1.0,10.0,0,2,3,21,1.0,
202400009285,155 765 447,A01,1.0,10.0,0,1,1,1,1.0,
202400009286,155 765 445,B01,1.0,50.0,0,2,8,1,3.0,
202400009287,155 765 444,A01,2.0,7.0,0,1,1,1,1.0,
202400009288,155 765 442,A01,1.0,1.0,0,2,0,0,5.0,
202400009289,155 765 441,A01,1.0,37.0,0,1,2,16,1.0,1
202400009290,155 765 438,A01,2.0,17.0,0,2,3,1,1.0,
202400009291,155 765 435,A01,3.0,7.0,2,0,3,13,1.0,
202400009292,155 765 434,A01,1.0,7.0,0,1,1,1,1.0,
202400009293,155 765 432,A01,1.0,7.0,0,2,1,17,3.0,
202400009294,155 765 430,A01,1.0,7.0,0,2,1,15,1.0,
202400009295,155 765 428,A01,3.0,7.0,6,2,1,11,1.0,
202400009296,155 765 426,A01,1.0,10.0,0,2,2,26,1.0,
202400009297,155 765 424,B01,1.0,7.0,0,2,0,0,0.0,
202400009298,155 765 421,A01,1.0,7.0,0,0,0,1,3.0,
202400009299,155 765 419,A01,2.0,15.0,0,2,3,2,1.0,
202400009300,155 765 417,B01,1.0,10.0,0,2,4,1,1.0,
202400009301,155 765 415,A01,2.0,7.0,0,2,5,12,2.0,
202400009302,155 765 413,B01,2.0,7.0,0,2,2,12,1.0,
202400009303,155 765 411,B01,1.0,34.0,0,2,1,0,1.0,
202400009304,155 765 409,B01,2.0,33.0,0,2,7,3,1.0,
202400009305,155 765 406,B01,1.0,33.0,0,2,7,3,1.0,
202400009306,155 765 404,A01,1.0,15.0,0,2,1,2,1.0,
202400009307,155 765 402,B01,1.0,7.0,0,2,4,2,1.0,
202400009308,155 765 400,A01,2.0,7.0,0,2,3,0,2.0,
202400009309,155 765 398,B01,3.0,30.0,0,2,2,1,1.0,
202400009310,155 765 396,A01,2.0,7.0,0,2,3,11,1.0,
202400009311,155 765 395,A01,3.0,32.0,0,0,0,16,1.0,
202400009312,155 765 394,A01,1.0,10.0,0,1,1,15,1.0,
202400009313,155 765 393,A01,1.0,50.0,0,0,0,0,3.0,
202400009314,155 765 391,A01,1.0,7.0,0,9,1,1,1.0,
202400009315,155 765 389,A01,2.0,7.0,0,2,3,2,1.0,
202400009316,155 765 387,A01,2.0,7.0,0,2,8,15,1.0,
202400009317,155 765 385,Y01,1.0,0.0,0,9,5,0,0.0,
202400009318,155 765 382,A01,1.0,7.0,0,2,3,26,1.0,
202400009319,155 765 381,A01,3.0,34.0,0,1,1,1,1.0,
202400009320,155 765 380,A01,1.0,7.0,8,0,1,1,1.0,
202400009321,155 765 378,B01,2.0,7.0,0,2,6,20,1.0,
202400009322,155 765 377,A01,1.0,7.0,0,1,3,1,1.0,
202400009323,155 765 375,B01,2.0,15.0,0,2,1,15,1.0,
202400009324,155 765 373,A01,2.0,50.0,0,2,1,2,3.0,
202400009325,155 765 370,A01,2.0,7.0,1,0,1,1,1.0,
202400009326,155 765 369,A01,3.0,10.0,8,0,1,1,1.0,
202400009327,155 765 367,A01,0.0,7.0,0,2,1,2,1.0,
202400009328,155 765 365,A01,1.0,7.0,0,2,4,20,1.0,
202400009329,155 765 362,C01,1.0,7.0,0,2,5,2,1.0,
202400009330,155 765 360,A01,2.0,1.0,0,2,8,15,5.0,
202400009331,155 765 358,B01,1.0,7.0,0,2,3,1,1.0,
202400009332,155 765 356,A01,1.0,30.0,0,2,1,2,1.0,
202400009333,155 765 354,A01,1.0,7.0,0,2,8,15,1.0,
202400009334,155 765 352,B01,0.0,7.0,0,0,0,0,0.0,
202400009335,155 765 351,A01,3.0,40.0,0,1,2,1,3.0,
202400009336,155 765 349,B01,3.0,7.0,0,2,2,19,1.0,
202400009337,155 765 346,A01,2.0,7.0,0,1,3,1,1.0,
202400009338,155 765 344,A01,1.0,7.0,0,2,1,9,1.0,
202400009339,155 765 342,A01,2.0,33.0,0,2,2,17,1.0,
202400009340,155 765 341,A01,2.0,7.0,0,1,2,1,1.0,
202400009341,155 765 338,C01,2.0,33.0,0,0,0,0,1.0,
202400009342,155 765 336,A01,1.0,7.0,0,2,2,26,1.0,
202400009343,155 765 333,A01,0.0,7.0,0,2,2,15,1.0,
202400009344,155 765 330,A01,2.0,7.0,0,2,2,2,1.0,
202400009345,155 765 328,A01,2.0,30.0,0,2,2,15,1.0,
202400009346,155 765 326,A01,1.0,33.0,0,2,1,17,1.0,
202400009347,155 765 325,A01,1.0,7.0,13,0,0,1,1.0,
202400009348,155 765 323,A01,3.0,7.0,0,2,2,19,1.0,
202400009349,155 765 321,B01,1.0,7.0,0,2,3,1,1.0,
202400009350,155 765 317,A01,2.0,7.0,0,2,1,15,1.0,
202400009351,155 765 316,A01,2.0,7.0,0,1,1,9,2.0,
202400009352,155 765 315,A01,1.0,7.0,16,0,2,1,1.0,
202400009353,155 765 308,A01,1.0,7.0,0,2,1,14,2.0,
202400009354,155 765 306,A01,3.0,7.0,0,2,1,13,1.0,
202400009355,155 765 304,A01,3.0,50.0,0,2,1,17,3.0,
202400009356,155 765 302,B01,2.0,7.0,0,2,2,1,1.0,
202400009357,155 765 301,A01,3.0,10.0,0,1,4,20,3.0,
202400009358,155 765 300,A01,3.0,7.0,6,0,1,1,1.0,
202400009359,155 765 296,C01,0.0,7.0,0,2,4,2,1.0,
202400009360,155 765 294,B01,1.0,99.0,0,2,1,5,0.0,
202400009361,155 765 293,A01,3.0,7.0,8,0,2,1,1.0,
202400009362,155 765 292,A01,1.0,43.0,0,1,2,1,1.0,
202400009363,155 765 290,A01,1.0,7.0,0,2,3,15,1.0,
202400009364,155 765 289,Z01,2.0,50.0,0,1,1,25,3.0,
202400009365,155 765 288,A01,1.0,34.0,0,0,2,0,1.0,
202400009366,155 765 286,A01,3.0,7.0,0,2,2,1,1.0,
202400009367,155 765 284,A01,2.0,7.0,0,2,3,19,1.0,
202400009368,155 765 282,B01,1.0,7.0,0,2,3,1,3.0,
202400009369,155 765 281,A01,2.0,30.0,11,0,7,1,1.0,
202400009370,155 765 280,A01,2.0,1.0,0,1,8,1,5.0,
202400009371,155 765 276,A01,1.0,7.0,0,2,0,22,1.0,
202400009372,155 765 277,A01,1.0,7.0,14,0,1,1,1.0,
202400009373,155 765 275,A01,2.0,30.0,0,0,8,2,1.0,
202400009374,155 765 273,A01,2.0,33.0,0,2,1,2,1.0,
202400009375,155 765 272,A01,2.0,1.0,0,1,1,1,5.0,
202400009376,155 765 270,A01,2.0,7.0,0,2,1,2,1.0,
202400009377,155 765 268,B01,3.0,7.0,0,2,5,23,2.0,
202400009378,155 765 266,B01,1.0,32.0,0,9,8,23,1.0,
202400009379,155 765 264,Z01,2.0,10.0,0,2,1,15,1.0,
202400009380,155 765 262,A01,1.0,7.0,0,2,2,1,6.0,
202400009381,155 765 260,A01,2.0,34.0,0,2,7,12,1.0,
202400009382,155 765 257,A01,1.0,50.0,0,0,7,2,3.0,
202400009383,155 765 254,A01,2.0,80.0,0,2,3,1,3.0,
202400009384,155 765 253,A01,2.0,1.0,0,2,1,17,5.0,
202400009385,155 765 250,A01,1.0,10.0,0,2,8,15,1.0,
202400009386,155 765 249,A01,2.0,80.0,0,9,6,23,3.0,
202400009387,155 765 246,A01,2.0,32.0,0,2,1,1,1.0,
202400009388,155 765 245,A01,3.0,7.0,0,2,3,10,2.0,
202400009389,155 765 242,A01,1.0,99.0,0,2,0,1,3.0,
202400009390,155 765 241,B01,2.0,1.0,1,0,0,0,5.0,
202400009391,155 765 240,A01,2.0,7.0,0,1,2,1,1.0,
202400009392,155 765 237,A01,3.0,7.0,0,2,1,2,1.0,
202400009393,155 765 236,A01,0.0,32.0,0,1,1,1,1.0,
202400009394,155 765 232,B01,2.0,33.0,0,2,8,1,1.0,
202400009395,155 765 233,B01,1.0,2.0,0,2,1,3,3.0,
202400009396,155 765 229,A01,1.0,7.0,0,2,4,24,1.0,
202400009397,155 765 227,B01,3.0,7.0,0,2,0,0,1.0,
202400009398,155 765 225,A01,0.0,33.0,0,2,1,3,1.0,
202400009399,155 765 223,Y01,1.0,50.0,0,2,1,21,3.0,
202400009400,155 765 222,A01,1.0,7.0,0,1,1,1,2.0,
202400009401,155 765 221,A01,1.0,7.0,2,0,1,0,1.0,
202400009402,155 765 218,B01,1.0,7.0,0,2,0,0,1.0,
202400009403,155 765 216,A01,2.0,7.0,0,2,7,15,1.0,
202400009404,155 765 214,A01,3.0,7.0,0,2,1,13,1.0,
202400009405,155 765 210,B01,3.0,33.0,0,2,1,0,1.0,
202400009406,155 765 211,A01,1.0,7.0,0,2,1,23,1.0,
202400009407,155 765 208,A01,2.0,7.0,0,1,7,26,1.0,
202400009408,155 765 207,B01,2.0,33.0,0,2,5,1,0.0,
202400009409,155 765 204,B01,1.0,33.0,0,2,8,1,1.0,
202400009410,155 765 205,A01,1.0,7.0,0,9,1,2,1.0,
202400009411,155 765 202,B01,1.0,7.0,0,2,2,20,1.0,
202400009412,155 765 201,A01,3.0,7.0,0,1,1,1,1.0,
202400009413,155 765 200,A01,1.0,50.0,1,1,2,14,3.0,
202400009414,155 765 197,A01,3.0,7.0,0,2,8,1,1.0,
202400009415,155 765 195,A01,3.0,7.0,0,2,7,1,1.0,
202400009416,155 765 194,B01,3.0,7.0,0,2,5,23,1.0,
202400009417,155 765 192,A01,1.0,30.0,0,2,0,0,1.0,
202400009418,155 765 191,A01,1.0,7.0,0,2,2,23,1.0,
202400009419,155 765 187,A01,3.0,7.0,0,2,3,1,1.0,
202400009420,155 765 186,A01,2.0,7.0,0,2,3,15,1.0,
202400009421,155 765 183,B01,1.0,50.0,0,2,3,19,3.0,
202400009422,155 765 182,A01,1.0,7.0,0,2,3,17,1.0,
202400009423,155 765 180,A01,1.0,10.0,0,2,6,9,1.0,
202400009424,155 765 178,A01,1.0,7.0,2,2,1,17,1.0,
202400009425,155 765 176,A01,1.0,33.0,0,2,1,2,0.0,
202400009426,155 765 172,A01,0.0,7.0,0,2,7,1,1.0,
202400009427,155 765 173,A01,3.0,7.0,0,2,1,15,0.0,
202400009428,155 765 171,A01,3.0,30.0,0,1,1,15,3.0,
202400009429,155 765 169,A01,2.0,7.0,0,2,3,17,1.0,
202400009430,155 765 167,A01,0.0,34.0,8,9,0,0,1.0,
202400009431,155 765 166,B01,1.0,1.0,0,2,1,19,5.0,
202400009432,155 765 161,A01,1.0,7.0,0,2,3,15,2.0,
202400009433,155 765 162,B01,0.0,2.0,0,2,1,5,1.0,
202400009434,155 765 159,A01,1.0,7.0,0,2,2,15,1.0,
202400009435,155 765 158,A01,2.0,10.0,0,1,7,1,1.0,
202400009436,155 765 156,A01,1.0,7.0,13,0,1,1,1.0,
202400009437,155 765 155,A01,1.0,7.0,0,2,8,19,1.0,
202400009438,155 765 153,A01,1.0,7.0,0,0,6,1,1.0,
202400009439,155 765 151,A01,1.0,7.0,0,2,5,16,0.0,
202400009440,155 765 149,A01,2.0,7.0,8,0,1,0,1.0,
202400009441,155 765 146,A01,2.0,7.0,12,2,2,1,1.0,
202400009442,155 765 145,A01,2.0,33.0,0,2,1,2,1.0,
202400009443,155 765 143,B01,3.0,7.0,0,2,1,1,1.0,
202400009444,155 765 141,B01,1.0,15.0,0,2,1,1,1.0,
202400009445,155 765 139,A01,3.0,7.0,6,2,1,5,1.0,
202400009446,155 765 138,A01,2.0,7.0,8,0,2,1,1.0,
202400009447,155 765 137,A01,3.0,7.0,0,1,4,20,1.0,
202400009448,155 765 135,B01,2.0,34.0,0,2,1,1,1.0,
202400009449,155 765 133,B01,3.0,50.0,0,0,5,1,3.0,
202400009450,155 765 131,A01,1.0,7.0,0,2,3,9,1.0,
202400009451,155 765 130,A01,1.0,2.0,8,0,1,1,1.0,
202400009452,155 765 129,A01,1.0,7.0,2,0,1,0,1.0,
202400009453,155 765 127,A01,1.0,2.0,5,2,8,1,1.0,
202400009454,155 765 125,B01,2.0,1.0,0,2,7,1,5.0,
202400009455,155 765 123,A01,3.0,7.0,0,2,2,15,1.0,
202400009456,155 765 121,A01,3.0,2.0,0,2,1,1,1.0,
202400009457,155 765 119,B01,3.0,37.0,0,2,2,1,1.0,1
202400009458,155 765 118,A01,1.0,1.0,0,0,0,1,5.0,
202400009459,155 765 116,A01,2.0,2.0,13,0,0,0,1.0,
202400009460,155 765 115,A01,2.0,7.0,2,2,8,13,1.0,
202400009461,155 765 113,A01,1.0,34.0,6,0,7,1,1.0,
202400009462,155 765 112,A01,1.0,2.0,0,2,1,5,1.0,
202400009463,155 765 110,A01,2.0,7.0,0,9,3,9,1.0,
202400009464,155 765 107,A01,1.0,10.0,0,2,3,13,1.0,
202400009465,155 765 106,A01,2.0,10.0,0,2,1,1,1.0,
202400009466,155 765 104,B01,1.0,10.0,0,2,2,17,1.0,
202400009467,155 765 101,A01,2.0,33.0,0,0,0,1,1.0,
202400009468,155 765 100,A01,1.0,7.0,0,2,7,15,1.0,
202400009469,155 765 099,A01,3.0,7.0,0,1,2,0,1.0,
202400009470,155 765 097,A01,0.0,31.0,5,0,7,14,0.0,
202400009471,155 765 096,B01,3.0,21.0,0,2,3,1,1.0,
202400009472,155 765 093,B01,2.0,1.0,0,2,7,1,5.0,
202400009473,155 765 092,A01,2.0,7.0,0,0,3,10,1.0,
202400009474,155 765 089,B01,2.0,2.0,0,2,2,1,1.0,
202400009475,155 765 088,A01,1.0,7.0,2,2,2,15,1.0,
202400009476,155 765 086,A01,2.0,7.0,0,2,1,2,1.0,
202400009477,155 765 084,A01,1.0,10.0,3,2,3,13,1.0,
202400009478,155 765 082,A01,1.0,30.0,0,2,7,0,0.0,
202400009479,155 765 081,A01,1.0,7.0,8,0,3,1,1.0,
202400009480,155 765 079,A01,3.0,2.0,0,2,1,17,1.0,
202400009481,155 765 077,A01,1.0,7.0,0,1,2,2,1.0,
202400009482,155 765 076,A01,1.0,33.0,0,2,1,1,1.0,
202400009483,155 765 075,A01,1.0,10.0,2,9,3,0,1.0,
202400009484,155 765 074,A01,1.0,7.0,13,0,2,17,1.0,
202400009485,155 765 072,A01,2.0,7.0,0,1,2,1,1.0,
202400009486,155 765 071,A01,2.0,33.0,0,2,1,1,1.0,
202400009487,155 765 070,A01,1.0,7.0,6,0,1,1,1.0,
202400009488,155 765 068,A01,3.0,7.0,0,2,1,13,1.0,
202400009489,155 765 065,A01,2.0,17.0,0,2,1,17,1.0,
202400009490,155 765 064,A01,1.0,7.0,0,2,2,13,1.0,
202400009491,155 765 062,A01,0.0,7.0,0,1,1,1,1.0,
202400009492,155 765 061,A01,2.0,33.0,0,2,1,2,1.0,
202400009493,155 765 058,A01,2.0,43.0,0,2,8,1,1.0,
202400009494,155 765 057,A01,1.0,7.0,0,0,2,1,1.0,
202400009495,155 765 054,A01,1.0,14.0,0,2,1,2,1.0,
202400009496,155 765 052,B01,0.0,1.0,0,2,8,15,5.0,
202400009497,155 765 047,A01,2.0,7.0,0,2,1,1,1.0,
202400009498,155 765 046,A01,2.0,14.0,0,2,1,26,1.0,
202400009499,155 765 044,A01,2.0,33.0,0,0,0,1,1.0,
202400009500,155 765 042,C01,1.0,7.0,0,2,6,14,1.0,
202400009501,155 765 041,A01,2.0,7.0,4,0,1,1,1.0,
202400009502,155 765 038,B01,1.0,7.0,0,2,8,1,1.0,
202400009503,155 765 039,A01,2.0,7.0,13,0,1,1,1.0,
202400009504,155 765 036,A01,3.0,10.0,0,1,2,13,1.0,
202400009505,155 765 035,A01,1.0,7.0,3,2,3,13,1.0,
202400009506,155 765 032,A01,3.0,38.0,0,2,6,23,1.0,1
202400009507,155 765 031,A01,3.0,7.0,0,2,2,9,0.0,
202400009508,155 765 029,A01,1.0,7.0,17,0,2,1,1.0,
202400009509,155 765 028,A01,2.0,7.0,0,2,1,15,1.0,
202400009510,155 765 025,A01,1.0,30.0,0,0,1,16,1.0,
202400009511,155 765 026,A01,1.0,10.0,0,2,1,11,1.0,
202400009512,155 765 022,A01,1.0,7.0,0,2,6,1,1.0,
202400009513,155 765 023,A01,3.0,7.0,0,0,0,15,1.0,
202400009514,155 765 020,A01,1.0,33.0,0,2,1,1,1.0,
202400009515,155 765 017,B01,2.0,2.0,0,2,1,1,1.0,
202400009516,155 765 018,A01,1.0,30.0,0,0,8,26,1.0,
202400009517,155 765 014,A01,2.0,33.0,0,2,1,2,1.0,
202400009518,155 765 013,B01,2.0,32.0,0,2,8,1,1.0,
202400009519,155 765 012,A01,1.0,30.0,0,0,8,1,1.0,
202400009520,155 765 011,A01,2.0,7.0,0,0,9,1,1.0,
202400009521,155 765 009,A01,1.0,7.0,2,0,8,17,1.0,
202400009522,155 765 008,A01,3.0,7.0,0,2,2,1,1.0,
202400009523,155 765 007,A01,2.0,36.0,0,0,0,26,6.0,
202400009524,155 765 005,A01,1.0,7.0,0,2,3,1,2.0,
202400009525,155 765 003,A01,1.0,7.0,10,0,9,1,1.0,
202400009526,155 765 002,A01,3.0,50.0,0,2,1,25,3.0,
202400009527,155 765 000,A01,2.0,7.0,2,0,1,2,1.0,
202400009528,155 764 999,A01,3.0,1.0,0,9,1,9,5.0,
202400009529,155 764 997,A01,2.0,7.0,0,2,3,9,1.0,