Num_Acc,id_vehicule,num_veh,senc,catv,obs,obsm,choc,manv,motor,occutc
202400009530,155 764 996,A01,2.0,10.0,0,1,2,1,1.0,
202400009531,155 764 994,A01,1.0,7.0,0,0,2,1,1.0,
202400009532,155 764 993,B01,2.0,50.0,0,2,0,0,3.0,
202400009533,155 764 991,B01,2.0,7.0,0,2,2,15,1.0,
202400009534,155 764 988,A01,2.0,7.0,1,2,7,9,1.0,
202400009535,155 764 987,B01,1.0,33.0,0,2,8,15,1.0,
202400009536,155 764 986,A01,3.0,7.0,0,1,1,0,1.0,
202400009537,155 764 984,B01,2.0,10.0,0,0,6,1,1.0,
202400009538,155 764 981,A01,1.0,7.0,6,2,7,1,1.0,
202400009539,155 764 979,A01,1.0,15.0,0,0,5,21,1.0,
202400009540,155 764 978,A01,1.0,3.0,0,1,2,13,0.0,
202400009541,155 764 976,A01,1.0,7.0,4,2,2,2,1.0,
202400009542,155 764 975,A01,2.0,33.0,0,0,8,1,1.0,
202400009543,155 764 973,A01,2.0,7.0,2,0,3,13,1.0,
202400009544,155 764 972,A01,2.0,7.0,0,0,5,1,2.0,
202400009545,155 764 969,A01,1.0,34.0,0,2,1,17,1.0,
202400009546,155 764 968,A01,3.0,33.0,0,2,0,1,1.0,
202400009547,155 764 967,A01,1.0,32.0,8,0,1,14,1.0,
202400009548,155 764 966,A01,1.0,7.0,1,0,9,14,1.0,
202400009549,155 764 964,A01,3.0,7.0,0,1,1,26,1.0,
202400009550,155 764 963,A01,2.0,7.0,0,2,3,13,1.0,
202400009551,155 764 962,A01,2.0,33.0,2,0,1,1,1.0,
202400009552,155 764 960,B01,0.0,33.0,0,2,9,1,1.0,
202400009553,155 764 959,A01,3.0,7.0,0,1,3,20,1.0,
202400009554,155 764 958,A01,3.0,32.0,12,0,8,13,1.0,
202400009555,155 764 956,B01,1.0,33.0,0,2,1,1,1.0,
202400009556,155 764 955,A01,3.0,32.0,0,0,0,26,0.0,
202400009557,155 764 952,A01,1.0,33.0,0,2,7,1,1.0,
202400009558,155 764 948,A01,1.0,33.0,0,2,6,13,1.0,
202400009559,155 764 949,A01,2.0,7.0,0,0,8,9,1.0,
202400009560,155 764 947,A01,2.0,7.0,6,0,2,1,1.0,
202400009561,155 764 946,A01,3.0,7.0,13,0,9,0,1.0,
202400009562,155 764 943,B01,2.0,33.0,0,0,4,23,1.0,
202400009563,155 764 944,A01,2.0,7.0,8,0,7,6,2.0,
202400009564,155 764 942,A01,1.0,7.0,13,0,1,0,1.0,
202400009565,155 764 940,B01,1.0,34.0,0,2,8,2,1.0,
202400009566,155 764 937,A01,1.0,7.0,0,2,3,15,1.0,
202400009567,155 764 936,B01,1.0,7.0,0,9,7,23,1.0,
202400009568,155 764 935,A01,2.0,37.0,0,1,2,1,1.0,1
202400009569,155 764 932,A01,1.0,7.0,0,2,3,13,1.0,
202400009570,155 764 929,A01,1.0,7.0,0,2,1,1,1.0,
202400009571,155 764 928,A01,2.0,7.0,0,2,3,13,1.0,
202400009572,155 764 926,A01,2.0,33.0,0,0,9,1,1.0,
202400009573,155 764 925,A01,1.0,33.0,0,0,1,1,1.0,
202400009574,155 764 924,A01,1.0,15.0,4,0,3,1,1.0,
202400009575,155 764 921,A01,3.0,3.0,0,0,1,0,1.0,
202400009576,155 764 919,A01,2.0,33.0,0,0,9,1,0.0,
202400009577,155 764 918,B01,2.0,7.0,0,2,1,1,1.0,
202400009578,155 764 916,B01,2.0,7.0,0,2,8,19,1.0,
202400009579,155 764 914,A01,1.0,7.0,0,2,0,19,1.0,
202400009580,155 764 911,A01,2.0,99.0,0,2,1,1,1.0,
202400009581,155 764 910,A01,2.0,31.0,0,2,7,3,1.0,
202400009582,155 764 908,A01,2.0,31.0,4,0,7,1,1.0,
202400009583,155 764 907,A01,2.0,7.0,0,1,3,1,1.0,
202400009584,155 764 904,A01,0.0,7.0,0,2,3,1,1.0,
202400009585,155 764 903,A01,1.0,2.0,8,0,0,0,1.0,
202400009586,155 764 902,B01,2.0,7.0,0,2,7,12,1.0,
202400009587,155 764 900,B01,1.0,7.0,0,2,1,1,1.0,
202400009588,155 764 899,A01,0.0,1.0,0,1,1,1,5.0,
202400009589,155 764 897,A01,2.0,33.0,0,2,4,2,1.0,
202400009590,155 764 892,A01,1.0,7.0,0,2,3,10,1.0,
202400009591,155 764 891,A01,2.0,7.0,0,2,9,26,1.0,
202400009592,155 764 888,B01,1.0,7.0,0,2,0,0,0.0,
202400009593,155 764 887,A01,1.0,7.0,0,2,1,2,0.0,
202400009594,155 764 885,A01,1.0,7.0,4,0,2,14,1.0,
202400009595,155 764 879,A01,1.0,7.0,0,2,1,2,1.0,
202400009596,155 764 877,A01,2.0,7.0,0,2,1,2,1.0,
202400009597,155 764 876,A01,1.0,7.0,0,1,3,1,1.0,
202400009598,155 764 873,A01,1.0,14.0,0,2,2,1,0.0,
202400009599,155 764 872,A01,2.0,34.0,0,2,6,15,1.0,
202400009600,155 764 870,A01,2.0,33.0,0,2,1,26,0.0,
202400009601,155 764 869,A01,1.0,31.0,0,1,8,1,0.0,
202400009602,155 764 867,A01,2.0,7.0,0,2,1,2,3.0,
202400009603,155 764 864,A01,2.0,10.0,0,2,3,0,2.0,
202400009604,155 764 862,A01,1.0,33.0,0,2,1,21,1.0,
202400009605,155 764 858,B01,1.0,7.0,4,2,4,1,1.0,
202400009606,155 764 857,A01,1.0,7.0,2,0,7,1,1.0,
202400009607,155 764 855,A01,1.0,17.0,0,2,1,1,1.0,
202400009608,155 764 853,A01,2.0,33.0,0,2,1,1,1.0,
202400009609,155 764 852,A01,1.0,7.0,3,0,2,14,1.0,
202400009610,155 764 850,A01,1.0,31.0,0,2,5,13,1.0,
202400009611,155 764 849,A01,2.0,34.0,0,0,8,26,1.0,
202400009612,155 764 847,A01,2.0,7.0,14,0,7,2,1.0,
202400009613,155 764 845,A01,1.0,7.0,0,1,7,1,1.0,
202400009614,155 764 842,A01,0.0,7.0,0,0,0,26,1.0,
202400009615,155 764 843,A01,1.0,31.0,0,2,0,0,1.0,
202400009616,155 764 839,A01,1.0,10.0,0,0,0,6,1.0,
202400009617,155 764 838,B01,1.0,30.0,0,2,1,2,1.0,
202400009618,155 764 835,A01,2.0,7.0,0,2,7,16,1.0,
202400009619,155 764 834,A01,2.0,7.0,0,2,2,1,1.0,
202400009620,155 764 832,B01,2.0,7.0,0,2,4,0,1.0,
202400009621,155 764 830,B01,1.0,2.0,0,2,4,2,1.0,
202400009622,155 764 828,A01,1.0,7.0,0,2,2,1,1.0,
202400009623,155 764 826,B01,1.0,2.0,0,2,1,1,1.0,
202400009624,155 764 824,A01,2.0,7.0,0,2,8,15,1.0,
202400009625,155 764 823,A01,1.0,33.0,12,0,7,16,1.0,
202400009626,155 764 821,A01,0.0,7.0,0,2,1,16,1.0,
202400009627,155 764 819,A01,1.0,30.0,0,2,3,2,1.0,
202400009628,155 764 817,B01,3.0,7.0,0,2,7,23,1.0,
202400009629,155 764 815,B01,1.0,7.0,0,2,1,1,1.0,
202400009630,155 764 813,A01,2.0,1.0,0,2,1,1,5.0,
202400009631,155 764 812,Z01,2.0,7.0,0,1,1,1,0.0,
202400009632,155 764 810,A01,1.0,7.0,0,2,1,1,1.0,
202400009633,155 764 808,B01,2.0,1.0,0,2,8,5,5.0,
202400009634,155 764 806,B01,2.0,30.0,1,0,7,1,1.0,
202400009635,155 764 804,A01,1.0,33.0,0,2,2,17,1.0,
202400009636,155 764 802,B01,1.0,7.0,0,2,4,23,1.0,
202400009637,155 764 801,A01,3.0,7.0,0,0,9,1,1.0,
202400009638,155 764 800,A01,2.0,15.0,0,1,2,1,1.0,
202400009639,155 764 796,A01,1.0,7.0,0,2,1,13,1.0,
202400009640,155 764 795,A01,1.0,33.0,12,0,1,0,1.0,
202400009641,155 764 793,A01,1.0,33.0,13,2,7,2,1.0,
202400009642,155 764 791,A01,1.0,10.0,0,2,1,13,1.0,
202400009643,155 764 789,B01,1.0,7.0,0,2,6,1,1.0,
202400009644,155 764 787,B01,1.0,32.0,0,2,4,0,1.0,
202400009645,155 764 785,B01,2.0,1.0,0,2,1,15,5.0,
202400009646,155 764 779,A01,1.0,7.0,0,2,1,2,1.0,
202400009647,155 764 777,A01,0.0,7.0,0,2,3,26,3.0,
202400009648,155 764 776,A01,2.0,7.0,0,1,5,26,1.0,
202400009649,155 764 775,A01,1.0,99.0,0,2,0,1,3.0,
202400009650,155 764 773,A01,1.0,10.0,0,2,3,15,1.0,
202400009651,155 764 771,A01,3.0,33.0,0,2,1,17,1.0,
202400009652,155 764 769,A01,1.0,7.0,0,2,1,26,1.0,
202400009653,155 764 767,A01,1.0,38.0,0,2,5,16,1.0,1
202400009654,155 764 765,Z01,2.0,7.0,0,2,4,26,0.0,
202400009655,155 764 763,A01,3.0,3.0,1,0,3,13,3.0,
202400009656,155 764 761,A01,1.0,7.0,0,2,3,15,1.0,
202400009657,155 764 760,A01,3.0,10.0,0,1,2,15,1.0,
202400009658,155 764 758,A01,1.0,7.0,0,2,8,13,1.0,
202400009659,155 764 756,A01,1.0,7.0,9,2,9,6,1.0,
202400009660,155 764 754,B01,1.0,7.0,0,2,2,15,1.0,
202400009661,155 764 753,A01,1.0,7.0,0,1,3,1,1.0,
202400009662,155 764 751,A01,2.0,7.0,0,2,6,15,1.0,
202400009663,155 764 750,A01,2.0,30.0,0,0,0,1,1.0,
202400009664,155 764 748,B01,1.0,33.0,0,2,1,1,1.0,
202400009665,155 764 745,C01,2.0,7.0,0,2,4,2,1.0,
202400009666,155 764 743,A01,3.0,32.0,0,2,1,18,1.0,
202400009667,155 764 742,A01,3.0,2.0,14,0,7,21,1.0,
202400009668,155 764 740,A01,3.0,7.0,0,2,7,23,1.0,
202400009669,155 764 738,A01,1.0,7.0,0,2,0,1,1.0,
202400009670,155 764 735,C01,1.0,7.0,0,2,4,2,1.0,
202400009671,155 764 733,A01,3.0,7.0,0,2,3,9,1.0,
202400009672,155 764 731,A01,3.0,31.0,0,2,1,19,3.0,
202400009673,155 764 729,B01,2.0,7.0,0,2,1,1,1.0,
202400009674,155 764 727,A01,1.0,7.0,0,2,3,13,1.0,
202400009675,155 764 725,B01,1.0,7.0,0,2,3,2,1.0,
202400009676,155 764 724,A01,3.0,31.0,3,0,8,17,1.0,
202400009677,155 764 723,A01,1.0,7.0,4,0,1,0,1.0,
202400009678,155 764 722,A01,3.0,7.0,2,0,1,2,2.0,
202400009679,155 764 721,B01,1.0,7.0,1,0,4,24,1.0,
202400009680,155 764 719,B01,2.0,33.0,0,2,1,3,1.0,
202400009681,155 764 717,A01,1.0,31.0,0,2,1,2,1.0,
202400009682,155 764 715,B01,2.0,7.0,0,2,8,11,1.0,
202400009683,155 764 713,A01,2.0,31.0,0,2,1,3,1.0,
202400009684,155 764 710,A01,2.0,7.0,0,2,1,1,1.0,
202400009685,155 764 708,A01,1.0,33.0,0,2,1,3,1.0,
202400009686,155 764 707,A01,1.0,7.0,9,0,1,16,1.0,
202400009687,155 764 706,A01,1.0,33.0,0,5,1,1,1.0,
202400009688,155 764 705,A01,1.0,38.0,3,0,1,1,1.0,11
202400009689,155 764 703,B01,2.0,7.0,0,2,4,1,1.0,
202400009690,155 764 702,A01,1.0,2.0,0,0,2,13,1.0,
202400009691,155 764 700,A01,3.0,7.0,0,2,3,13,1.0,
202400009692,155 764 699,A01,3.0,10.0,0,1,2,16,1.0,
202400009693,155 764 697,A01,1.0,7.0,0,2,2,13,1.0,
202400009694,155 764 695,B01,3.0,10.0,0,2,6,2,1.0,
202400009695,155 764 693,B01,1.0,50.0,1,2,7,1,3.0,
202400009696,155 764 691,B01,1.0,7.0,0,2,3,1,1.0,
202400009697,155 764 689,A01,1.0,7.0,0,2,3,15,1.0,
202400009698,155 764 687,B01,3.0,32.0,0,2,7,2,1.0,
202400009699,155 764 686,A01,1.0,7.0,0,1,3,1,1.0,
202400009700,155 764 684,B01,2.0,7.0,8,2,1,1,1.0,
202400009701,155 764 682,A01,2.0,7.0,1,2,3,9,1.0,
202400009702,155 764 679,A01,1.0,32.0,0,2,2,17,1.0,
202400009703,155 764 678,A01,2.0,30.0,0,4,1,19,1.0,
202400009704,155 764 677,A01,1.0,7.0,0,0,2,1,1.0,
202400009705,155 764 675,B01,1.0,2.0,0,2,8,1,1.0,
202400009706,155 764 673,A01,2.0,7.0,0,2,1,0,1.0,
202400009707,155 764 672,A01,1.0,7.0,0,1,2,1,1.0,
202400009708,155 764 671,A01,3.0,7.0,1,1,2,1,1.0,
202400009709,155 764 668,B01,3.0,31.0,0,2,3,16,1.0,
202400009710,155 764 667,B01,1.0,1.0,0,2,8,1,5.0,
202400009711,155 764 666,A01,1.0,7.0,0,1,2,0,1.0,
202400009712,155 764 665,A01,1.0,43.0,0,1,1,1,1.0,
202400009713,155 764 664,A01,2.0,7.0,1,0,7,20,1.0,
202400009714,155 764 663,A01,1.0,7.0,0,1,1,0,1.0,
202400009715,155 764 662,A01,1.0,7.0,15,0,3,1,1.0,
202400009716,155 764 661,A01,3.0,7.0,0,1,3,2,2.0,
202400009717,155 764 659,A01,1.0,7.0,0,2,2,9,1.0,
202400009718,155 764 656,A01,1.0,7.0,0,2,6,15,1.0,
202400009719,155 764 655,A01,3.0,33.0,0,2,7,17,1.0,
202400009720,155 764 653,A01,1.0,99.0,0,2,1,7,0.0,
202400009721,155 764 651,B01,1.0,7.0,0,2,1,1,1.0,
202400009722,155 764 650,A01,1.0,0.0,1,0,6,14,1.0,
202400009723,155 764 647,B01,2.0,7.0,0,2,4,1,1.0,
202400009724,155 764 646,A01,1.0,7.0,0,2,2,15,0.0,
202400009725,155 764 645,A01,1.0,1.0,0,0,1,5,5.0,
202400009726,155 764 641,B01,3.0,7.0,0,2,4,2,1.0,
202400009727,155 764 640,A01,2.0,33.0,0,2,1,3,1.0,
202400009728,155 764 639,B01,2.0,2.0,0,2,1,1,1.0,
202400009729,155 764 635,A01,2.0,7.0,0,2,6,2,1.0,
202400009730,155 764 634,A01,1.0,7.0,0,2,3,16,1.0,
202400009731,155 764 633,B01,2.0,7.0,0,2,7,15,1.0,
202400009732,155 764 630,A01,2.0,7.0,0,2,1,2,1.0,
202400009733,155 764 628,A01,1.0,7.0,0,2,1,9,1.0,
202400009734,155 764 626,A01,2.0,2.0,0,2,1,2,1.0,
202400009735,155 764 624,A01,1.0,10.0,0,2,4,1,1.0,
202400009736,155 764 622,A01,1.0,7.0,16,0,5,14,1.0,
202400009737,155 764 621,A01,3.0,31.0,0,2,1,1,1.0,
202400009738,155 764 620,A01,1.0,33.0,0,0,7,14,1.0,
202400009739,155 764 618,A01,1.0,7.0,0,9,7,14,1.0,
202400009740,155 764 615,B01,3.0,34.0,0,0,0,0,1.0,
202400009741,155 764 612,A01,1.0,2.0,0,2,1,1,1.0,
202400009742,155 764 609,A01,2.0,7.0,1,2,2,1,1.0,
202400009743,155 764 608,A01,3.0,7.0,0,2,2,15,1.0,
202400009744,155 764 605,B01,0.0,7.0,0,2,3,15,1.0,
202400009745,155 764 603,B01,1.0,34.0,0,2,6,1,1.0,
202400009746,155 764 602,B01,1.0,7.0,0,2,1,1,1.0,
202400009747,155 764 600,A01,2.0,7.0,2,0,1,1,1.0,
202400009748,155 764 599,A01,2.0,7.0,2,0,1,0,1.0,
202400009749,155 764 598,A01,0.0,7.0,0,2,8,15,1.0,
202400009750,155 764 593,A01,1.0,7.0,1,2,1,17,0.0,
202400009751,155 764 594,A01,1.0,31.0,0,2,6,26,1.0,
202400009752,155 764 592,B01,2.0,7.0,0,2,1,1,0.0,
202400009753,155 764 591,A01,1.0,32.0,0,1,1,1,3.0,
202400009754,155 764 590,A01,0.0,10.0,0,1,1,16,1.0,
202400009755,155 764 589,A01,1.0,40.0,0,1,3,2,3.0,
202400009756,155 764 588,A01,2.0,7.0,0,1,1,1,2.0,
202400009757,155 764 585,A01,3.0,7.0,0,2,1,26,1.0,
202400009758,155 764 583,B01,1.0,7.0,0,2,3,1,1.0,
202400009759,155 764 584,A01,1.0,33.0,1,0,7,26,1.0,
202400009760,155 764 581,A01,3.0,7.0,1,0,1,5,1.0,
202400009761,155 764 579,A01,2.0,32.0,0,2,3,21,1.0,
202400009762,155 764 577,A01,1.0,7.0,0,1,2,1,2.0,
202400009763,155 764 574,A01,2.0,50.0,0,1,1,13,3.0,
202400009764,155 764 573,A01,3.0,7.0,0,1,3,1,1.0,
202400009765,155 764 572,B01,2.0,33.0,0,2,2,26,1.0,
202400009766,155 764 571,A01,1.0,7.0,6,0,1,1,1.0,
202400009767,155 764 568,A01,3.0,33.0,0,2,3,1,1.0,
202400009768,155 764 564,A01,1.0,7.0,0,2,5,14,1.0,
202400009769,155 764 565,A01,2.0,7.0,0,2,2,15,2.0,
202400009770,155 764 563,A01,2.0,7.0,0,1,7,16,0.0,
202400009771,155 764 559,A01,2.0,10.0,3,2,1,1,1.0,
202400009772,155 764 557,B01,1.0,7.0,0,2,3,1,1.0,
202400009773,155 764 553,A01,1.0,7.0,0,2,1,17,1.0,
202400009774,155 764 552,A01,3.0,7.0,0,1,4,20,1.0,
202400009775,155 764 548,A01,1.0,7.0,0,2,8,15,1.0,
202400009776,155 764 547,A01,3.0,7.0,0,2,2,19,2.0,
202400009777,155 764 549,A01,2.0,10.0,0,1,2,1,1.0,
202400009778,155 764 546,A01,2.0,1.0,0,0,0,1,5.0,
202400009779,155 764 543,B01,1.0,7.0,0,2,0,0,1.0,
202400009780,155 764 542,A01,1.0,7.0,0,2,3,26,1.0,
202400009781,155 764 540,B01,1.0,7.0,0,2,1,1,1.0,
202400009782,155 764 535,B01,3.0,7.0,0,2,7,1,1.0,
202400009783,155 764 536,A01,2.0,3.0,0,9,7,15,3.0,
202400009784,155 764 529,A01,2.0,7.0,0,2,1,9,1.0,
202400009785,155 764 527,A01,2.0,30.0,0,2,1,1,1.0,
202400009786,155 764 526,A01,1.0,50.0,0,2,5,1,3.0,
202400009787,155 764 525,A01,1.0,7.0,0,1,2,2,1.0,
202400009788,155 764 523,Z01,2.0,0.0,0,1,1,11,0.0,
202400009789,155 764 522,B01,2.0,30.0,0,2,3,1,1.0,
202400009790,155 764 518,A01,0.0,50.0,0,1,1,0,3.0,
202400009791,155 764 516,A01,2.0,50.0,0,2,1,1,3.0,
202400009792,155 764 515,B01,2.0,7.0,0,2,4,2,1.0,
202400009793,155 764 514,A01,1.0,7.0,8,0,1,1,1.0,
202400009794,155 764 511,A01,1.0,33.0,0,2,7,17,1.0,
202400009795,155 764 512,A01,1.0,7.0,0,1,1,15,1.0,
202400009796,155 764 506,A01,1.0,7.0,0,2,5,9,2.0,
202400009797,155 764 504,A01,2.0,7.0,0,2,1,15,1.0,
202400009798,155 764 502,C01,3.0,7.0,0,2,4,1,1.0,
202400009799,155 764 501,A01,3.0,10.0,0,1,1,1,1.0,
202400009800,155 764 498,A01,1.0,3.0,0,1,3,15,3.0,
202400009801,155 764 495,C01,2.0,10.0,0,2,2,0,1.0,
202400009802,155 764 492,B01,2.0,7.0,0,0,1,1,1.0,
202400009803,155 764 489,A01,1.0,7.0,0,2,3,15,1.0,
202400009804,155 764 490,B01,3.0,7.0,0,2,2,15,1.0,
202400009805,155 764 485,A01,1.0,7.0,0,1,1,26,1.0,
202400009806,155 764 484,B01,3.0,7.0,0,2,4,23,1.0,
202400009807,155 764 483,A01,2.0,32.0,0,2,7,1,1.0,
202400009808,155 764 480,A01,3.0,7.0,0,2,1,1,1.0,
202400009809,155 764 478,A01,1.0,7.0,0,2,3,1,1.0,
202400009810,155 764 477,A01,2.0,33.0,0,2,2,3,1.0,
202400009811,155 764 475,A01,1.0,50.0,0,2,1,1,3.0,
202400009812,155 764 472,A01,2.0,33.0,0,2,2,17,1.0,
202400009813,155 764 471,A01,2.0,43.0,0,2,1,3,1.0,
202400009814,155 764 469,A01,1.0,7.0,0,2,2,16,1.0,
202400009815,155 764 468,A01,2.0,7.0,0,1,2,1,1.0,
202400009816,155 764 466,A01,2.0,7.0,13,0,1,13,1.0,
202400009817,155 764 465,A01,3.0,31.0,0,2,1,1,1.0,
202400009818,155 764 463,A01,3.0,10.0,0,2,3,1,1.0,
202400009819,155 764 462,A01,2.0,7.0,0,1,0,1,0.0,
202400009820,155 764 460,A01,3.0,30.0,12,0,7,14,1.0,
202400009821,155 764 459,A01,1.0,32.0,0,2,6,1,1.0,
202400009822,155 764 457,B01,1.0,1.0,0,2,4,9,5.0,
202400009823,155 764 456,A01,2.0,7.0,1,0,3,13,1.0,
202400009824,155 764 455,A01,1.0,7.0,1,1,1,20,1.0,
202400009825,155 764 453,A01,2.0,7.0,0,1,4,26,1.0,
202400009826,155 764 452,A01,2.0,10.0,0,2,3,1,3.0,
202400009827,155 764 446,A01,1.0,32.0,0,2,7,15,1.0,
202400009828,155 764 445,A01,1.0,7.0,0,2,1,1,2.0,
202400009829,155 764 447,B01,3.0,7.0,0,2,4,2,1.0,
202400009830,155 764 443,A01,1.0,7.0,0,2,3,15,2.0,
202400009831,155 764 440,A01,1.0,7.0,0,2,5,15,1.0,
202400009832,155 764 438,A01,3.0,7.0,0,0,0,0,1.0,
202400009833,155 764 436,A01,3.0,7.0,1,0,9,1,1.0,
202400009834,155 764 435,A01,3.0,10.0,0,2,4,4,1.0,
202400009835,155 764 433,A01,3.0,1.0,0,2,7,1,5.0,
202400009836,155 764 431,A01,1.0,32.0,0,2,7,1,1.0,
202400009837,155 764 430,A01,2.0,7.0,0,1,6,17,2.0,
202400009838,155 764 425,B01,1.0,7.0,0,2,4,1,1.0,
202400009839,155 764 423,A01,3.0,7.0,0,2,1,1,1.0,
202400009840,155 764 424,A01,1.0,7.0,0,2,5,23,2.0,
202400009841,155 764 421,A01,3.0,7.0,0,2,1,16,1.0,
202400009842,155 764 420,A01,1.0,7.0,0,1,1,1,1.0,
202400009843,155 764 419,A01,1.0,1.0,12,0,2,14,5.0,
202400009844,155 764 418,A01,0.0,10.0,0,1,1,26,0.0,
202400009845,155 764 414,A01,0.0,7.0,0,2,1,1,1.0,
202400009846,155 764 413,A01,1.0,7.0,0,2,3,15,1.0,
202400009847,155 764 407,A01,1.0,10.0,0,2,8,10,1.0,
202400009848,155 764 406,A01,1.0,7.0,0,2,8,13,1.0,
202400009849,155 764 404,A01,2.0,7.0,15,0,1,26,1.0,
202400009850,155 764 402,B01,0.0,7.0,0,2,1,1,1.0,
202400009851,155 764 399,A01,3.0,10.0,0,2,1,15,1.0,
202400009852,155 764 398,B01,3.0,7.0,0,2,3,1,1.0,
202400009853,155 764 396,A01,1.0,30.0,0,2,7,11,1.0,
202400009854,155 764 394,A01,0.0,7.0,0,1,1,1,1.0,
202400009855,155 764 393,A01,1.0,7.0,0,9,1,1,1.0,
202400009856,155 764 388,B01,1.0,50.0,0,2,2,1,3.0,
202400009857,155 764 390,A01,0.0,7.0,0,2,6,17,1.0,
202400009858,155 764 385,A01,2.0,7.0,0,2,1,7,1.0,
202400009859,155 764 382,E01,0.0,7.0,1,2,1,1,3.0,
202400009860,155 764 383,A01,2.0,10.0,0,9,2,1,1.0,
202400009861,155 764 380,A01,1.0,7.0,14,0,1,2,1.0,
202400009862,155 764 379,A01,2.0,7.0,0,1,1,1,2.0,
202400009863,155 764 378,A01,3.0,10.0,4,1,1,1,1.0,
202400009864,155 764 376,A01,1.0,50.0,0,1,1,1,3.0,
202400009865,155 764 373,B01,0.0,7.0,0,2,3,1,0.0,
202400009866,155 764 374,B01,2.0,7.0,0,2,3,16,1.0,
202400009867,155 764 372,Z01,1.0,7.0,0,1,2,1,1.0,
202400009868,155 764 368,A01,1.0,33.0,0,2,9,3,1.0,
202400009869,155 764 367,B01,2.0,1.0,0,2,4,13,5.0,
202400009870,155 764 366,A01,3.0,7.0,0,2,1,26,1.0,
202400009871,155 764 365,A01,0.0,10.0,0,1,5,4,1.0,
202400009872,155 764 363,A01,1.0,7.0,0,2,2,1,2.0,
202400009873,155 764 361,A01,1.0,10.0,4,0,2,1,1.0,
202400009874,155 764 359,A01,1.0,10.0,9,0,2,1,1.0,
202400009875,155 764 360,B01,1.0,32.0,0,2,1,0,1.0,
202400009876,155 764 358,A01,1.0,7.0,0,1,1,2,1.0,
202400009877,155 764 355,A01,1.0,1.0,0,2,1,26,5.0,
202400009878,155 764 354,A01,3.0,7.0,0,2,1,0,1.0,
202400009879,155 764 353,Z01,3.0,0.0,12,1,2,0,0.0,
202400009880,155 764 352,A01,2.0,1.0,0,5,3,21,5.0,
202400009881,155 764 351,A01,2.0,7.0,0,2,1,2,1.0,
202400009882,155 764 348,A01,1.0,31.0,0,1,1,1,1.0,
202400009883,155 764 347,B01,3.0,10.0,0,2,3,1,1.0,
202400009884,155 764 350,A01,0.0,30.0,0,0,3,2,1.0,
202400009885,155 764 346,A01,3.0,7.0,0,1,3,15,2.0,
202400009886,155 764 343,A01,1.0,10.0,0,2,2,26,1.0,
202400009887,155 764 342,B01,3.0,50.0,0,0,0,0,3.0,
202400009888,155 764 340,A01,3.0,7.0,0,0,0,0,1.0,
202400009889,155 764 339,A01,2.0,31.0,0,2,1,18,3.0,
202400009890,155 764 333,A01,2.0,2.0,0,0,0,21,1.0,
202400009891,155 764 334,C01,3.0,7.0,12,2,3,26,1.0,
202400009892,155 764 332,A01,2.0,7.0,0,2,1,1,1.0,
202400009893,155 764 329,B01,0.0,50.0,0,2,1,1,3.0,
202400009894,155 764 328,A01,3.0,7.0,0,2,6,1,1.0,
202400009895,155 764 325,A01,1.0,7.0,0,1,1,16,1.0,
202400009896,155 764 326,A01,1.0,7.0,0,2,4,23,1.0,
202400009897,155 764 323,A01,0.0,10.0,5,0,0,2,1.0,
202400009898,155 764 321,B01,1.0,1.0,0,2,1,1,5.0,
202400009899,155 764 319,A01,2.0,33.0,0,1,1,17,1.0,
202400009900,155 764 318,B01,3.0,7.0,0,2,8,15,1.0,
202400009901,155 764 317,A01,1.0,7.0,1,1,2,1,1.0,
202400009902,155 764 316,A01,1.0,2.0,0,0,0,1,3.0,
202400009903,155 764 314,A01,3.0,33.0,0,2,1,2,3.0,
202400009904,155 764 312,A01,3.0,7.0,0,1,0,23,1.0,
202400009905,155 764 308,B01,1.0,7.0,0,9,3,2,1.0,
202400009906,155 764 309,A01,2.0,1.0,0,2,1,5,5.0,
202400009907,155 764 304,B01,3.0,10.0,0,2,7,0,1.0,
202400009908,155 764 303,B01,1.0,10.0,0,2,3,1,1.0,
202400009909,155 764 305,A01,1.0,60.0,0,0,0,1,5.0,
202400009910,155 764 298,B01,1.0,7.0,0,2,1,0,1.0,
202400009911,155 764 299,A01,1.0,1.0,0,2,7,1,5.0,
202400009912,155 764 297,A01,2.0,7.0,0,2,2,10,2.0,
202400009913,155 764 296,A01,0.0,7.0,0,1,1,15,1.0,
202400009914,155 764 295,A01,0.0,60.0,0,0,0,0,5.0,
202400009915,155 764 292,A01,3.0,7.0,0,1,1,0,1.0,
202400009916,155 764 291,A01,3.0,50.0,0,2,1,26,3.0,
202400009917,155 764 290,B01,1.0,31.0,0,2,5,2,1.0,
202400009918,155 764 288,A01,2.0,7.0,0,1,3,15,2.0,
202400009919,155 764 287,A01,1.0,7.0,0,9,8,20,1.0,
202400009920,155 764 285,A01,1.0,2.0,0,9,1,1,1.0,
202400009921,155 764 282,A01,3.0,7.0,0,2,2,15,0.0,
202400009922,155 764 283,A01,1.0,7.0,0,1,4,26,1.0,
202400009923,155 764 281,A01,1.0,32.0,16,0,0,1,1.0,
202400009924,155 764 280,A01,1.0,10.0,0,1,3,15,1.0,
202400009925,155 764 278,B01,3.0,1.0,0,2,7,3,5.0,
202400009926,155 764 277,A01,0.0,10.0,0,1,1,0,0.0,