Num_Acc,id_vehicule,num_veh,senc,catv,obs,obsm,choc,manv,motor,occutc
202400009927,155 764 275,A01,3.0,15.0,0,2,2,1,1.0,
202400009928,155 764 273,A01,2.0,7.0,0,2,8,22,1.0,
202400009929,155 764 272,A01,1.0,7.0,0,1,1,1,1.0,
202400009930,155 764 268,B01,1.0,33.0,0,2,0,16,1.0,
202400009931,155 764 269,A01,1.0,7.0,0,2,1,0,1.0,
202400009932,155 764 267,A01,0.0,50.0,0,0,0,25,3.0,
202400009933,155 764 264,A01,1.0,7.0,0,1,1,1,0.0,
202400009934,155 764 263,A01,1.0,7.0,0,2,1,26,1.0,
202400009935,155 764 262,A01,1.0,7.0,0,2,1,15,1.0,
202400009936,155 764 259,A01,3.0,7.0,5,1,1,1,1.0,
202400009937,155 764 260,B01,3.0,34.0,0,2,2,1,0.0,
202400009938,155 764 257,A01,1.0,31.0,0,2,1,2,1.0,
202400009939,155 764 255,A01,1.0,7.0,0,1,1,1,1.0,
202400009940,155 764 254,A01,1.0,7.0,10,2,2,17,1.0,
202400009941,155 764 253,A01,0.0,7.0,0,2,3,23,1.0,
202400009942,155 764 252,A01,0.0,7.0,2,0,2,0,1.0,
202400009943,155 764 250,A01,1.0,7.0,0,2,1,13,1.0,
202400009944,155 764 248,A01,1.0,7.0,2,0,1,1,1.0,
202400009945,155 764 247,B01,3.0,50.0,0,2,1,0,3.0,
202400009946,155 764 246,A01,1.0,7.0,8,0,8,1,1.0,
202400009947,155 764 243,A01,1.0,7.0,0,2,3,15,1.0,
202400009948,155 764 242,B01,3.0,33.0,0,2,7,1,1.0,
202400009949,155 764 238,B01,0.0,7.0,0,2,3,15,1.0,
202400009950,155 764 239,B01,2.0,7.0,0,0,3,15,1.0,
202400009951,155 764 236,A01,2.0,7.0,0,2,6,24,3.0,
202400009952,155 764 233,A01,2.0,33.0,0,2,7,17,1.0,
202400009953,155 764 231,A01,2.0,7.0,0,2,1,1,1.0,
202400009954,155 764 230,A01,2.0,7.0,0,2,7,9,1.0,
202400009955,155 764 226,A01,2.0,7.0,1,0,1,1,2.0,
202400009956,155 764 225,B01,1.0,1.0,0,0,0,2,5.0,
202400009957,155 764 222,A01,2.0,7.0,0,2,1,1,0.0,
202400009958,155 764 221,A01,1.0,7.0,0,2,1,13,1.0,
202400009959,155 764 219,A01,2.0,7.0,0,2,3,15,1.0,
202400009960,155 764 218,A01,3.0,3.0,0,2,0,26,0.0,
202400009961,155 764 216,A01,2.0,7.0,0,0,6,1,1.0,
202400009962,155 764 215,A01,3.0,10.0,2,0,3,13,1.0,
202400009963,155 764 214,A01,1.0,7.0,1,1,1,2,1.0,
202400009964,155 764 213,A01,2.0,7.0,13,0,3,1,1.0,
202400009965,155 764 211,A01,3.0,50.0,0,1,1,1,3.0,
202400009966,155 764 210,A01,1.0,7.0,2,0,8,14,1.0,
202400009967,155 764 209,A01,2.0,7.0,0,2,4,1,1.0,
202400009968,155 764 207,A01,0.0,31.0,0,0,0,0,1.0,
202400009969,155 764 205,A01,3.0,7.0,0,0,1,1,1.0,
202400009970,155 764 204,A01,0.0,7.0,0,2,1,10,1.0,
202400009971,155 764 199,A01,1.0,7.0,0,2,3,0,1.0,
202400009972,155 764 198,A01,1.0,14.0,0,2,3,11,1.0,
202400009973,155 764 197,B01,1.0,7.0,13,0,9,1,1.0,
202400009974,155 764 195,A01,2.0,33.0,2,0,0,17,1.0,
202400009975,155 764 192,B01,3.0,33.0,0,2,1,1,1.0,
202400009976,155 764 193,A01,3.0,7.0,0,2,3,15,1.0,
202400009977,155 764 191,A01,2.0,7.0,3,0,2,0,1.0,
202400009978,155 764 189,A01,1.0,7.0,16,0,0,14,1.0,
202400009979,155 764 188,B01,1.0,1.0,0,2,1,1,5.0,
202400009980,155 764 186,A01,2.0,7.0,8,0,1,1,1.0,
202400009981,155 764 185,A01,2.0,33.0,0,0,9,1,1.0,
202400009982,155 764 184,A01,2.0,7.0,0,2,3,13,1.0,
202400009983,155 764 183,A01,3.0,33.0,0,0,0,2,1.0,
202400009984,155 764 182,A01,3.0,3.0,0,0,9,10,3.0,
202400009985,155 764 179,A01,1.0,7.0,0,2,3,9,1.0,
202400009986,155 764 178,A01,1.0,7.0,2,0,1,1,1.0,
202400009987,155 764 176,A01,2.0,7.0,0,2,1,2,1.0,
202400009988,155 764 174,A01,2.0,7.0,6,0,6,0,1.0,
202400009989,155 764 175,A01,2.0,7.0,13,0,0,1,1.0,
202400009990,155 764 172,A01,2.0,10.0,0,1,3,15,1.0,
202400009991,155 764 170,A01,1.0,7.0,0,2,1,13,1.0,
202400009992,155 764 166,A01,2.0,7.0,0,2,1,13,1.0,
202400009993,155 764 164,A01,1.0,33.0,0,2,2,17,1.0,
202400009994,155 764 163,A01,1.0,7.0,0,2,1,1,1.0,
202400009995,155 764 158,A01,1.0,7.0,0,2,3,13,1.0,
202400009996,155 764 156,A01,2.0,7.0,8,0,0,14,1.0,
202400009997,155 764 155,A01,1.0,7.0,6,2,3,9,1.0,
202400009998,155 764 153,A01,1.0,33.0,6,0,0,1,1.0,
202400009999,155 764 150,A01,2.0,7.0,6,0,2,14,1.0,
202400010000,155 764 149,B01,1.0,1.0,0,2,1,1,5.0,
202400010001,155 764 148,A01,3.0,2.0,0,0,1,1,1.0,
202400010002,155 764 147,A01,1.0,17.0,8,0,2,1,1.0,
202400010003,155 764 146,A01,2.0,7.0,13,0,3,13,1.0,
202400010004,155 764 145,A01,3.0,33.0,8,0,8,0,1.0,
202400010005,155 764 141,A01,1.0,21.0,0,2,3,10,1.0,
202400010006,155 764 139,A01,2.0,7.0,0,0,6,15,1.0,
202400010007,155 764 137,A01,1.0,7.0,0,2,2,9,1.0,
202400010008,155 764 134,A01,2.0,7.0,0,2,1,2,1.0,
202400010009,155 764 135,A01,2.0,13.0,0,1,2,1,1.0,
202400010010,155 764 132,A01,3.0,33.0,0,2,3,1,1.0,
202400010011,155 764 130,A01,1.0,7.0,2,0,1,1,1.0,
202400010012,155 764 128,A01,1.0,21.0,0,0,0,1,1.0,
202400010013,155 764 124,E01,2.0,7.0,0,2,2,1,1.0,
202400010014,155 764 122,A01,1.0,7.0,0,2,7,15,1.0,
202400010015,155 764 121,B01,2.0,33.0,0,2,1,1,1.0,
202400010016,155 764 120,A01,1.0,7.0,0,0,9,1,1.0,
202400010017,155 764 118,A01,1.0,33.0,2,0,2,1,1.0,
202400010018,155 764 116,A01,1.0,7.0,0,2,2,15,1.0,
202400010019,155 764 117,A01,1.0,7.0,0,1,3,1,1.0,
202400010020,155 764 115,A01,2.0,33.0,0,0,7,21,1.0,
202400010021,155 764 114,A01,2.0,7.0,0,1,5,4,1.0,
202400010022,155 764 113,A01,1.0,7.0,6,0,3,1,1.0,
202400010023,155 764 112,A01,1.0,38.0,0,1,3,1,1.0,1
202400010024,155 764 111,A01,2.0,7.0,2,0,9,1,1.0,
202400010025,155 764 109,A01,1.0,7.0,6,0,3,1,1.0,
202400010026,155 764 108,A01,2.0,7.0,0,2,1,0,2.0,
202400010027,155 764 106,A01,2.0,33.0,0,0,0,16,1.0,
202400010028,155 764 104,A01,1.0,7.0,0,2,3,13,1.0,
202400010029,155 764 103,A01,1.0,7.0,0,2,1,13,1.0,
202400010030,155 764 102,A01,1.0,7.0,13,6,1,1,1.0,
202400010031,155 764 100,A01,3.0,31.0,6,0,2,1,1.0,
202400010032,155 764 098,A01,1.0,33.0,0,2,3,1,1.0,
202400010033,155 764 095,A01,2.0,10.0,0,0,1,0,1.0,
202400010034,155 764 096,A01,1.0,7.0,1,0,2,1,1.0,
202400010035,155 764 094,A01,0.0,2.0,0,1,1,17,0.0,
202400010036,155 764 090,B01,2.0,7.0,0,0,3,6,1.0,
202400010037,155 764 089,A01,3.0,10.0,0,1,2,15,1.0,
202400010038,155 764 091,B01,2.0,50.0,0,2,1,1,3.0,
202400010039,155 764 086,A01,3.0,7.0,0,2,3,1,1.0,
202400010040,155 764 085,A01,3.0,7.0,2,0,2,0,2.0,
202400010041,155 764 084,A01,3.0,7.0,0,2,1,1,1.0,
202400010042,155 764 082,B01,0.0,50.0,0,2,1,1,3.0,
202400010043,155 764 081,A01,1.0,33.0,4,0,8,1,1.0,
202400010044,155 764 078,A01,1.0,7.0,0,2,3,13,1.0,
202400010045,155 764 077,A01,1.0,7.0,0,2,1,19,1.0,
202400010046,155 764 074,A01,1.0,7.0,0,2,3,13,1.0,
202400010047,155 764 073,B01,1.0,32.0,8,2,8,1,1.0,
202400010048,155 764 072,A01,1.0,33.0,6,0,8,1,1.0,
202400010049,155 764 071,A01,2.0,2.0,3,0,3,13,1.0,
202400010050,155 764 066,A01,3.0,7.0,0,1,1,1,1.0,
202400010051,155 764 065,A01,1.0,10.0,0,2,2,13,1.0,
202400010052,155 764 064,A01,1.0,7.0,0,2,3,15,1.0,
202400010053,155 764 063,A01,1.0,7.0,4,2,7,14,1.0,
202400010054,155 764 058,A01,1.0,7.0,0,2,1,2,1.0,
202400010055,155 764 057,A01,3.0,7.0,0,9,2,19,1.0,
202400010056,155 764 056,B01,1.0,7.0,3,0,3,1,1.0,
202400010057,155 764 054,A01,1.0,7.0,3,0,1,26,1.0,
202400010058,155 764 053,A01,1.0,7.0,0,2,3,13,1.0,
202400010059,155 764 050,A01,0.0,7.0,0,2,1,15,1.0,
202400010060,155 764 048,A01,1.0,7.0,4,0,1,14,1.0,
202400010061,155 764 049,A01,2.0,7.0,0,9,5,2,1.0,
202400010062,155 764 045,A01,3.0,2.0,13,0,1,1,1.0,
202400010063,155 764 042,A01,3.0,7.0,0,1,7,0,2.0,
202400010064,155 764 043,A01,0.0,7.0,0,2,3,0,1.0,
202400010065,155 764 041,A01,1.0,7.0,0,2,8,19,1.0,
202400010066,155 764 040,A01,1.0,7.0,0,1,2,1,1.0,
202400010067,155 764 039,A01,3.0,7.0,0,1,6,4,1.0,
202400010068,155 764 037,A01,1.0,7.0,13,0,1,0,1.0,
202400010069,155 764 038,A01,1.0,7.0,13,0,0,0,1.0,
202400010070,155 764 034,A01,2.0,7.0,0,1,2,1,1.0,
202400010071,155 764 032,A01,2.0,7.0,0,2,3,15,1.0,
202400010072,155 764 030,A01,2.0,7.0,0,2,4,2,1.0,
202400010073,155 764 028,A01,1.0,7.0,0,2,3,13,1.0,
202400010074,155 764 027,A01,1.0,7.0,0,2,0,15,1.0,
202400010075,155 764 026,A01,2.0,43.0,0,0,2,17,1.0,
202400010076,155 764 022,A01,1.0,7.0,0,2,6,1,2.0,
202400010077,155 764 021,A01,2.0,33.0,0,2,1,2,1.0,
202400010078,155 764 019,A01,1.0,7.0,0,2,1,1,1.0,
202400010079,155 764 018,A01,1.0,16.0,0,2,1,1,1.0,
202400010080,155 764 015,A01,1.0,33.0,0,2,2,18,1.0,
202400010081,155 764 014,A01,2.0,1.0,0,1,1,1,5.0,
202400010082,155 764 012,A01,1.0,33.0,0,2,1,2,1.0,
202400010083,155 764 013,A01,1.0,7.0,16,0,8,26,0.0,
202400010084,155 764 010,A01,1.0,7.0,1,1,1,14,1.0,
202400010085,155 764 009,A01,2.0,1.0,0,2,1,1,5.0,
202400010086,155 764 006,B01,1.0,33.0,0,2,7,1,1.0,
202400010087,155 764 002,C01,2.0,7.0,0,2,4,23,1.0,
202400010088,155 764 001,A01,2.0,7.0,0,2,1,2,1.0,
202400010089,155 764 000,A01,2.0,7.0,0,2,3,13,1.0,
202400010090,155 763 994,B01,1.0,15.0,0,2,4,2,1.0,
202400010091,155 763 992,A01,1.0,33.0,0,2,1,17,1.0,
202400010092,155 763 995,A01,1.0,14.0,1,0,5,1,4.0,
202400010093,155 763 991,A01,1.0,7.0,0,1,1,1,1.0,
202400010094,155 763 986,A01,1.0,33.0,0,2,3,1,1.0,
202400010095,155 763 987,B01,1.0,7.0,0,2,3,1,1.0,
202400010096,155 763 985,A01,2.0,33.0,0,2,1,2,1.0,
202400010097,155 763 979,A01,2.0,50.0,0,2,1,1,3.0,
202400010098,155 763 980,B01,2.0,14.0,0,2,1,1,0.0,
202400010099,155 763 978,A01,2.0,7.0,0,2,1,2,1.0,
202400010100,155 763 976,C01,2.0,21.0,0,2,8,1,1.0,
202400010101,155 763 972,Z01,1.0,1.0,0,1,3,1,5.0,
202400010102,155 763 973,A01,2.0,7.0,0,2,2,1,1.0,
202400010103,155 763 971,B01,2.0,33.0,0,2,7,3,1.0,
202400010104,155 763 969,A01,2.0,7.0,13,0,1,0,1.0,
202400010105,155 763 968,A01,2.0,32.0,0,0,1,3,1.0,
202400010106,155 763 966,A01,3.0,7.0,0,2,3,19,6.0,
202400010107,155 763 965,A01,2.0,30.0,0,2,4,1,3.0,
202400010108,155 763 962,A01,1.0,33.0,0,2,2,12,1.0,
202400010109,155 763 958,B01,2.0,7.0,0,2,6,1,1.0,
202400010110,155 763 957,B01,2.0,1.0,0,0,2,1,5.0,
202400010111,155 763 956,A01,2.0,7.0,0,2,8,1,1.0,
202400010112,155 763 955,B01,1.0,7.0,0,2,4,1,1.0,
202400010113,155 763 952,A01,2.0,7.0,0,2,6,2,1.0,
202400010114,155 763 951,B01,1.0,1.0,0,2,2,1,5.0,
202400010115,155 763 949,A01,2.0,7.0,0,2,8,11,1.0,
202400010116,155 763 945,B01,2.0,7.0,0,2,3,11,1.0,
202400010117,155 763 943,B01,2.0,7.0,0,2,4,2,1.0,
202400010118,155 763 942,A01,2.0,17.0,0,2,1,1,1.0,
202400010119,155 763 941,A01,1.0,7.0,0,9,2,14,3.0,
202400010120,155 763 937,A01,2.0,33.0,0,2,2,3,1.0,
202400010121,155 763 933,A01,2.0,37.0,0,2,1,2,1.0,1
202400010122,155 763 934,A01,1.0,7.0,1,0,0,0,0.0,
202400010123,155 763 929,A01,1.0,10.0,0,2,1,1,1.0,
202400010124,155 763 928,A01,2.0,7.0,4,0,2,26,1.0,
202400010125,155 763 931,B01,3.0,10.0,0,2,6,21,1.0,
202400010126,155 763 927,A01,2.0,7.0,0,2,8,11,1.0,
202400010127,155 763 925,A01,1.0,33.0,0,0,0,11,1.0,
202400010128,155 763 922,A01,1.0,2.0,0,2,1,1,1.0,
202400010129,155 763 920,B01,2.0,33.0,0,2,1,3,1.0,
202400010130,155 763 921,A01,0.0,7.0,0,2,6,2,1.0,
202400010131,155 763 918,B01,1.0,43.0,0,2,2,1,1.0,
202400010132,155 763 915,A01,2.0,7.0,8,0,2,1,2.0,
202400010133,155 763 911,B01,1.0,14.0,0,2,2,1,1.0,
202400010134,155 763 910,C01,2.0,10.0,0,2,8,1,1.0,
202400010135,155 763 903,A01,2.0,33.0,0,2,1,3,1.0,
202400010136,155 763 902,A01,1.0,10.0,0,2,1,1,1.0,
202400010137,155 763 906,B01,0.0,10.0,0,2,2,0,1.0,
202400010138,155 763 897,B01,2.0,7.0,0,2,3,15,1.0,
202400010139,155 763 895,A01,0.0,37.0,0,2,4,1,1.0,1
202400010140,155 763 894,B01,1.0,10.0,0,2,6,2,1.0,
202400010141,155 763 893,A01,3.0,10.0,0,1,1,23,1.0,
202400010142,155 763 891,A01,2.0,33.0,4,0,8,26,1.0,
202400010143,155 763 890,A01,0.0,10.0,0,2,3,15,1.0,
202400010144,155 763 886,A01,2.0,7.0,0,2,1,1,1.0,
202400010145,155 763 884,A01,2.0,7.0,0,2,8,13,1.0,
202400010146,155 763 885,A01,1.0,7.0,0,0,6,1,1.0,
202400010147,155 763 880,A01,1.0,33.0,4,0,1,1,1.0,
202400010148,155 763 882,A01,2.0,7.0,3,0,1,1,1.0,
202400010149,155 763 877,B01,2.0,7.0,0,2,1,2,1.0,
202400010150,155 763 878,A01,2.0,7.0,0,2,3,1,1.0,
202400010151,155 763 876,A01,1.0,30.0,0,0,7,16,1.0,
202400010152,155 763 872,A01,1.0,50.0,0,2,8,9,3.0,
202400010153,155 763 871,B01,3.0,7.0,0,2,5,20,1.0,
202400010154,155 763 870,A01,1.0,33.0,0,2,3,26,1.0,
202400010155,155 763 866,A01,3.0,30.0,0,2,3,9,1.0,
202400010156,155 763 863,A01,1.0,7.0,0,2,8,22,1.0,
202400010157,155 763 862,A01,2.0,7.0,0,2,3,1,1.0,
202400010158,155 763 856,B01,1.0,7.0,0,0,1,13,2.0,
202400010159,155 763 858,A01,1.0,7.0,0,2,1,26,1.0,
202400010160,155 763 853,A01,1.0,7.0,0,9,2,15,1.0,
202400010161,155 763 852,B01,2.0,7.0,0,2,4,1,2.0,
202400010162,155 763 851,A01,1.0,7.0,13,0,9,14,1.0,
202400010163,155 763 848,A01,1.0,30.0,0,2,1,26,1.0,
202400010164,155 763 845,A01,1.0,7.0,0,2,1,26,1.0,
202400010165,155 763 841,B01,1.0,13.0,4,2,3,1,1.0,
202400010166,155 763 840,A01,1.0,30.0,12,0,2,1,1.0,
202400010167,155 763 838,C01,1.0,99.0,0,2,1,1,,
202400010168,155 763 843,A01,1.0,7.0,0,9,3,15,1.0,
202400010169,155 763 836,A01,3.0,7.0,6,0,1,1,1.0,
202400010170,155 763 837,A01,2.0,33.0,0,0,8,0,1.0,
202400010171,155 763 833,A01,1.0,7.0,0,9,0,0,1.0,
202400010172,155 763 830,A01,2.0,7.0,0,1,3,1,1.0,
202400010173,155 763 829,A01,2.0,10.0,0,2,2,15,1.0,
202400010174,155 763 828,A01,1.0,7.0,9,0,1,14,1.0,
202400010175,155 763 832,A01,2.0,7.0,0,2,3,10,1.0,
202400010176,155 763 827,A01,2.0,1.0,0,0,-1,24,5.0,
202400010177,155 763 825,A01,1.0,7.0,0,2,5,2,1.0,
202400010178,155 763 824,A01,3.0,7.0,0,1,3,1,1.0,
202400010179,155 763 823,A01,1.0,2.0,3,0,8,0,1.0,
202400010180,155 763 821,A01,2.0,50.0,0,2,1,1,3.0,
202400010181,155 763 818,A01,2.0,7.0,0,2,1,1,1.0,
202400010182,155 763 817,A01,1.0,2.0,0,1,1,3,1.0,
202400010183,155 763 814,A01,1.0,7.0,0,2,1,15,1.0,
202400010184,155 763 813,A01,3.0,7.0,1,0,1,21,1.0,
202400010185,155 763 812,A01,1.0,7.0,13,0,1,1,1.0,
202400010186,155 763 809,A01,2.0,7.0,0,2,4,12,1.0,
202400010187,155 763 815,A01,3.0,1.0,0,2,1,1,5.0,
202400010188,155 763 807,A01,1.0,31.0,0,0,0,14,1.0,
202400010189,155 763 803,Z01,1.0,7.0,15,2,1,15,0.0,
202400010190,155 763 804,A01,2.0,7.0,0,2,7,15,1.0,
202400010191,155 763 802,A01,3.0,7.0,0,1,1,1,1.0,
202400010192,155 763 799,A01,2.0,3.0,0,2,1,1,3.0,
202400010193,155 763 800,A01,1.0,7.0,6,0,3,13,0.0,
202400010194,155 763 796,A01,3.0,7.0,0,2,0,15,1.0,
202400010195,155 763 792,A01,1.0,7.0,0,1,7,26,1.0,
202400010196,155 763 794,B01,1.0,30.0,0,2,1,1,1.0,
202400010197,155 763 793,A01,1.0,7.0,2,0,2,2,1.0,
202400010198,155 763 797,B01,1.0,7.0,0,1,1,1,1.0,
202400010199,155 763 788,A01,2.0,7.0,0,2,1,1,1.0,
202400010200,155 763 789,A01,1.0,13.0,3,0,2,1,1.0,
202400010201,155 763 786,A01,1.0,7.0,0,1,3,15,1.0,
202400010202,155 763 783,B01,2.0,7.0,6,0,4,1,1.0,
202400010203,155 763 781,A01,1.0,7.0,0,1,3,0,1.0,
202400010204,155 763 777,A01,1.0,7.0,0,2,2,0,1.0,
202400010205,155 763 775,A01,2.0,7.0,0,2,3,1,1.0,
202400010206,155 763 774,B01,1.0,1.0,0,2,3,15,5.0,
202400010207,155 763 772,B01,1.0,32.0,0,2,2,1,1.0,
202400010208,155 763 776,B01,1.0,7.0,0,2,1,1,0.0,
202400010209,155 763 771,A01,1.0,33.0,3,0,7,1,1.0,
202400010210,155 763 769,A01,1.0,7.0,0,2,7,15,1.0,
202400010211,155 763 767,B01,2.0,1.0,0,2,4,1,5.0,
202400010212,155 763 764,A01,1.0,7.0,0,9,1,1,1.0,
202400010213,155 763 761,A01,3.0,33.0,0,1,1,26,1.0,
202400010214,155 763 760,A01,2.0,7.0,2,0,8,2,1.0,
202400010215,155 763 759,A01,3.0,7.0,0,1,1,1,1.0,
202400010216,155 763 756,A01,3.0,31.0,0,2,1,2,1.0,
202400010217,155 763 753,A01,2.0,3.0,0,2,2,2,1.0,
202400010218,155 763 752,A01,2.0,14.0,0,2,1,2,1.0,
202400010219,155 763 750,A01,1.0,7.0,0,2,1,5,1.0,
202400010220,155 763 749,A01,1.0,7.0,13,0,9,26,1.0,
202400010221,155 763 755,B01,1.0,14.0,0,2,8,22,1.0,
202400010222,155 763 748,A01,3.0,7.0,15,1,1,21,1.0,
202400010223,155 763 746,A01,3.0,31.0,0,2,2,17,1.0,
202400010224,155 763 742,A01,3.0,7.0,0,1,3,9,1.0,
202400010225,155 763 743,B01,3.0,7.0,0,2,6,9,0.0,
202400010226,155 763 741,A01,2.0,10.0,0,1,1,1,1.0,
202400010227,155 763 740,A01,1.0,7.0,8,0,1,13,1.0,
202400010228,155 763 738,A01,2.0,43.0,0,1,3,21,1.0,
202400010229,155 763 739,A01,2.0,7.0,0,1,3,1,1.0,
202400010230,155 763 732,A01,3.0,7.0,0,1,1,20,1.0,
202400010231,155 763 731,A01,1.0,50.0,0,2,1,1,3.0,
202400010232,155 763 734,B01,1.0,7.0,0,0,1,2,1.0,
202400010233,155 763 729,B01,0.0,31.0,0,2,1,2,1.0,
202400010234,155 763 728,A01,2.0,33.0,0,1,8,21,1.0,
202400010235,155 763 726,A01,3.0,2.0,0,6,1,0,1.0,
202400010236,155 763 725,A01,0.0,31.0,12,0,2,14,1.0,
202400010237,155 763 723,A01,1.0,33.0,0,2,1,26,1.0,
202400010238,155 763 721,A01,1.0,7.0,0,2,3,15,1.0,
202400010239,155 763 718,A01,3.0,7.0,0,2,2,19,2.0,
202400010240,155 763 717,A01,3.0,7.0,0,1,2,1,1.0,
202400010241,155 763 719,B01,2.0,31.0,0,0,1,1,1.0,
202400010242,155 763 714,A01,3.0,50.0,1,0,1,1,3.0,
202400010243,155 763 713,A01,1.0,10.0,0,2,1,1,1.0,
202400010244,155 763 711,Z01,1.0,7.0,0,2,1,1,0.0,
202400010245,155 763 709,A01,1.0,7.0,0,2,1,26,1.0,
202400010246,155 763 707,A01,3.0,33.0,0,0,9,19,1.0,
202400010247,155 763 708,A01,1.0,7.0,0,2,1,1,1.0,
202400010248,155 763 704,A01,3.0,7.0,0,2,3,1,1.0,
202400010249,155 763 701,B01,2.0,33.0,0,2,1,3,1.0,
202400010250,155 763 699,A01,2.0,7.0,0,1,1,1,1.0,
202400010251,155 763 696,B01,1.0,7.0,0,2,8,1,1.0,
202400010252,155 763 697,B01,1.0,2.0,0,0,7,15,1.0,
202400010253,155 763 692,A01,1.0,7.0,0,1,3,1,1.0,
202400010254,155 763 693,A01,1.0,7.0,0,2,7,16,1.0,
202400010255,155 763 690,A01,1.0,7.0,13,0,0,0,1.0,
202400010256,155 763 691,B01,1.0,7.0,0,2,3,1,1.0,
202400010257,155 763 687,A01,1.0,7.0,0,2,8,22,1.0,
202400010258,155 763 686,B01,2.0,7.0,0,0,1,1,1.0,
202400010259,155 763 684,A01,2.0,7.0,4,0,1,13,1.0,
202400010260,155 763 683,B01,1.0,80.0,0,2,1,1,3.0,
202400010261,155 763 681,A01,2.0,33.0,0,0,8,17,1.0,
202400010262,155 763 680,A01,1.0,14.0,0,1,3,1,1.0,
202400010263,155 763 678,A01,1.0,31.0,13,0,0,0,0.0,
202400010264,155 763 677,B01,2.0,7.0,0,2,6,23,1.0,
202400010265,155 763 676,A01,1.0,7.0,0,5,9,1,1.0,
202400010266,155 763 674,A01,1.0,7.0,0,1,1,16,1.0,
202400010267,155 763 673,A01,2.0,7.0,13,0,3,15,1.0,
202400010268,155 763 672,A01,1.0,7.0,0,2,3,13,1.0,
202400010269,155 763 671,A01,1.0,7.0,1,0,2,0,1.0,
202400010270,155 763 669,A01,2.0,7.0,0,1,7,1,1.0,
202400010271,155 763 667,B01,1.0,1.0,0,2,7,2,5.0,
202400010272,155 763 665,A01,3.0,7.0,0,2,4,2,1.0,
202400010273,155 763 662,A01,3.0,2.0,0,2,1,13,1.0,
202400010274,155 763 661,A01,2.0,7.0,0,2,6,19,1.0,
202400010275,155 763 655,A01,2.0,7.0,0,1,2,26,1.0,
202400010276,155 763 658,A01,1.0,7.0,0,2,5,15,1.0,
202400010277,155 763 654,A01,1.0,7.0,0,2,2,17,1.0,
202400010278,155 763 653,A01,1.0,1.0,0,0,0,15,5.0,
202400010279,155 763 651,A01,2.0,7.0,0,0,7,14,1.0,
202400010280,155 763 648,A01,2.0,10.0,0,1,2,15,1.0,
202400010281,155 763 645,A01,1.0,80.0,0,2,1,13,3.0,
202400010282,155 763 644,A01,1.0,7.0,0,1,2,1,1.0,
202400010283,155 763 642,A01,2.0,7.0,0,2,1,13,1.0,
202400010284,155 763 641,A01,2.0,7.0,0,2,1,2,1.0,
202400010285,155 763 637,A01,2.0,99.0,0,2,0,9,5.0,
202400010286,155 763 638,A01,1.0,7.0,0,1,3,1,1.0,
202400010287,155 763 636,B01,3.0,33.0,0,2,7,0,1.0,
202400010288,155 763 634,A01,2.0,7.0,0,1,1,16,1.0,
202400010289,155 763 632,A01,1.0,7.0,0,1,7,1,1.0,
202400010290,155 763 630,B01,1.0,1.0,0,2,1,1,5.0,
202400010291,155 763 629,A01,1.0,2.0,0,0,8,1,1.0,
202400010292,155 763 627,A01,1.0,7.0,0,1,3,1,1.0,
202400010293,155 763 625,B01,3.0,50.0,0,2,1,1,3.0,
202400010294,155 763 626,A01,2.0,7.0,0,1,2,1,2.0,
202400010295,155 763 620,B01,0.0,7.0,16,0,3,1,1.0,
202400010296,155 763 619,A01,1.0,1.0,0,2,1,1,5.0,
202400010297,155 763 618,B01,2.0,7.0,0,2,3,11,1.0,
202400010298,155 763 617,B01,2.0,7.0,0,2,2,1,1.0,
202400010299,155 763 614,B01,3.0,50.0,0,2,7,1,3.0,
202400010300,155 763 613,B01,1.0,33.0,0,2,2,1,1.0,
202400010301,155 763 608,B01,1.0,10.0,0,2,3,1,1.0,
202400010302,155 763 610,A01,2.0,14.0,0,2,2,16,1.0,
202400010303,155 763 606,A01,2.0,33.0,0,2,2,17,1.0,
202400010304,155 763 607,A01,1.0,10.0,0,1,1,1,1.0,
202400010305,155 763 601,A01,1.0,7.0,0,2,2,16,1.0,
202400010306,155 763 602,A01,2.0,7.0,0,2,8,1,1.0,
202400010307,155 763 600,A01,1.0,7.0,0,1,3,1,1.0,
202400010308,155 763 604,A01,1.0,17.0,0,1,1,1,1.0,
202400010309,155 763 598,A01,1.0,32.0,2,0,1,1,1.0,
202400010310,155 763 595,A01,3.0,10.0,0,2,7,16,1.0,
202400010311,155 763 594,A01,3.0,7.0,0,2,0,0,1.0,
202400010312,155 763 590,A01,3.0,10.0,0,1,2,26,3.0,
202400010313,155 763 589,A01,3.0,7.0,0,1,1,15,2.0,
202400010314,155 763 588,A01,1.0,10.0,0,2,1,0,1.0,
202400010315,155 763 587,A01,2.0,15.0,13,0,1,14,1.0,
202400010316,155 763 585,A01,2.0,31.0,0,0,3,26,1.0,
202400010317,155 763 583,B01,2.0,7.0,0,2,7,15,1.0,
202400010318,155 763 582,A01,1.0,7.0,0,2,1,9,,
202400010319,155 763 579,A01,1.0,10.0,0,2,8,13,1.0,
202400010320,155 763 577,A01,2.0,7.0,0,2,1,15,1.0,
202400010321,155 763 575,B01,3.0,1.0,1,2,1,1,5.0,
202400010322,155 763 571,B01,1.0,7.0,0,2,2,21,1.0,
202400010323,155 763 569,A01,3.0,7.0,0,1,8,26,2.0,