Num_Acc,id_vehicule,num_veh,senc,catv,obs,obsm,choc,manv,motor,occutc
202400010324,155 763 570,A01,0.0,7.0,0,2,3,20,1.0,
202400010325,155 763 568,B01,1.0,7.0,0,2,3,1,1.0,
202400010326,155 763 567,A01,2.0,15.0,13,0,7,1,1.0,
202400010327,155 763 565,A01,1.0,32.0,0,0,0,0,1.0,
202400010328,155 763 564,B01,2.0,7.0,0,1,4,26,1.0,
202400010329,155 763 563,A01,2.0,7.0,13,0,7,13,1.0,
202400010330,155 763 562,A01,3.0,7.0,0,1,2,1,1.0,
202400010331,155 763 560,A01,1.0,1.0,0,2,4,2,5.0,
202400010332,155 763 557,A01,2.0,7.0,0,2,1,13,1.0,
202400010333,155 763 556,B01,2.0,80.0,0,2,1,1,3.0,
202400010334,155 763 555,A01,1.0,7.0,0,1,2,1,1.0,
202400010335,155 763 554,A01,1.0,7.0,0,2,1,1,1.0,
202400010336,155 763 550,A01,1.0,7.0,0,2,7,16,1.0,
202400010337,155 763 548,A01,0.0,30.0,0,0,8,26,1.0,
202400010338,155 763 547,B01,3.0,7.0,0,2,1,1,2.0,
202400010339,155 763 546,A01,2.0,32.0,0,2,8,1,0.0,
202400010340,155 763 542,A01,2.0,7.0,8,2,3,13,1.0,
202400010341,155 763 540,A01,1.0,7.0,2,0,3,13,1.0,
202400010342,155 763 539,B01,1.0,7.0,0,2,3,0,0.0,
202400010343,155 763 541,A01,3.0,7.0,0,2,6,9,1.0,
202400010344,155 763 538,A01,3.0,10.0,13,0,3,0,6.0,
202400010345,155 763 537,A01,1.0,7.0,13,0,7,1,1.0,
202400010346,155 763 534,Z01,1.0,7.0,0,2,2,2,0.0,
202400010347,155 763 532,A01,0.0,1.0,0,0,0,1,0.0,
202400010348,155 763 531,B01,2.0,7.0,0,2,2,16,1.0,
202400010349,155 763 530,A01,1.0,7.0,0,2,1,13,1.0,
202400010350,155 763 528,A01,2.0,7.0,6,0,1,1,1.0,
202400010351,155 763 526,A01,2.0,2.0,0,2,1,1,1.0,
202400010352,155 763 525,A01,2.0,7.0,0,2,1,13,1.0,
202400010353,155 763 522,A01,2.0,7.0,0,2,1,1,1.0,
202400010354,155 763 521,B01,1.0,1.0,0,2,0,19,5.0,
202400010355,155 763 518,B01,1.0,2.0,0,2,1,1,1.0,
202400010356,155 763 517,A01,1.0,32.0,0,0,0,1,1.0,
202400010357,155 763 516,B01,2.0,1.0,0,2,1,1,5.0,
202400010358,155 763 515,A01,2.0,7.0,0,1,3,1,1.0,
202400010359,155 763 511,B01,3.0,1.0,0,2,8,19,5.0,
202400010360,155 763 510,B01,0.0,2.0,0,0,0,1,1.0,
202400010361,155 763 509,A01,2.0,7.0,0,2,2,6,1.0,
202400010362,155 763 504,A01,1.0,7.0,2,0,1,14,1.0,
202400010363,155 763 503,A01,2.0,7.0,0,0,1,1,1.0,
202400010364,155 763 502,A01,3.0,7.0,0,2,1,2,1.0,
202400010365,155 763 498,A01,2.0,32.0,0,2,8,1,1.0,
202400010366,155 763 499,B01,1.0,2.0,0,2,1,1,1.0,
202400010367,155 763 495,A01,2.0,7.0,4,0,0,1,1.0,
202400010368,155 763 496,A01,3.0,7.0,0,2,1,15,1.0,
202400010369,155 763 493,A01,2.0,10.0,0,9,4,20,1.0,
202400010370,155 763 489,A01,1.0,7.0,12,0,0,1,1.0,
202400010371,155 763 488,B01,1.0,7.0,0,2,4,2,1.0,
202400010372,155 763 487,B01,2.0,14.0,0,2,7,2,1.0,
202400010373,155 763 486,A01,2.0,7.0,8,0,1,14,1.0,
202400010374,155 763 484,A01,1.0,7.0,0,2,3,15,1.0,
202400010375,155 763 483,A01,2.0,7.0,0,2,1,2,1.0,
202400010376,155 763 477,A01,2.0,7.0,0,2,1,1,1.0,
202400010377,155 763 478,A01,2.0,33.0,10,0,8,1,1.0,
202400010378,155 763 479,A01,3.0,7.0,0,1,4,0,1.0,
202400010379,155 763 474,B01,2.0,32.0,0,2,2,3,1.0,
202400010380,155 763 473,A01,2.0,7.0,0,0,3,2,1.0,
202400010381,155 763 471,A01,2.0,14.0,3,2,2,1,1.0,
202400010382,155 763 468,A01,2.0,7.0,0,2,3,1,1.0,
202400010383,155 763 467,A01,2.0,7.0,17,0,2,14,1.0,
202400010384,155 763 464,A01,1.0,7.0,15,0,0,0,1.0,
202400010385,155 763 460,C01,1.0,10.0,0,2,7,1,1.0,
202400010386,155 763 461,A01,1.0,7.0,0,1,3,1,1.0,
202400010387,155 763 459,A01,1.0,32.0,3,0,0,0,1.0,
202400010388,155 763 458,A01,1.0,7.0,4,0,1,1,1.0,
202400010389,155 763 455,A01,3.0,7.0,0,2,7,15,1.0,
202400010390,155 763 454,A01,1.0,7.0,0,2,3,5,1.0,
202400010391,155 763 452,A01,2.0,7.0,3,2,1,21,1.0,
202400010392,155 763 447,A01,1.0,10.0,13,0,1,1,1.0,
202400010393,155 763 445,A01,1.0,33.0,0,2,1,1,1.0,
202400010394,155 763 443,A01,3.0,7.0,0,1,1,1,1.0,
202400010395,155 763 442,A01,1.0,7.0,0,2,8,11,1.0,
202400010396,155 763 441,A01,2.0,33.0,0,1,1,1,1.0,
202400010397,155 763 440,A01,1.0,7.0,0,1,3,1,1.0,
202400010398,155 763 438,A01,2.0,7.0,0,1,3,21,1.0,
202400010399,155 763 437,A01,2.0,7.0,0,1,1,15,1.0,
202400010400,155 763 434,A01,1.0,14.0,0,2,1,1,6.0,
202400010401,155 763 431,C01,3.0,7.0,0,2,3,2,1.0,
202400010402,155 763 430,A01,0.0,2.0,0,2,7,1,1.0,
202400010403,155 763 429,A01,1.0,30.0,3,0,2,14,1.0,
202400010404,155 763 428,A01,1.0,50.0,0,1,1,1,3.0,
202400010405,155 763 425,A01,0.0,99.0,0,2,0,0,,
202400010406,155 763 423,A01,2.0,7.0,6,0,8,26,1.0,
202400010407,155 763 420,B01,3.0,7.0,0,2,1,0,0.0,
202400010408,155 763 417,A01,1.0,30.0,0,2,1,17,0.0,
202400010409,155 763 416,A01,3.0,7.0,0,2,2,1,1.0,
202400010410,155 763 415,A01,1.0,33.0,0,1,9,21,1.0,
202400010411,155 763 413,A01,1.0,33.0,16,0,5,26,1.0,
202400010412,155 763 412,A01,1.0,7.0,0,2,1,2,1.0,
202400010413,155 763 410,B01,1.0,7.0,13,2,3,1,2.0,
202400010414,155 763 407,A01,1.0,7.0,0,0,9,26,1.0,
202400010415,155 763 408,A01,3.0,7.0,0,2,3,15,1.0,
202400010416,155 763 402,A01,1.0,50.0,0,2,8,19,3.0,
202400010417,155 763 403,B01,1.0,7.0,0,2,6,1,1.0,
202400010418,155 763 401,A01,3.0,33.0,0,2,1,1,1.0,
202400010419,155 763 399,A01,0.0,50.0,0,9,7,2,3.0,
202400010420,155 763 397,A01,1.0,7.0,0,2,4,4,1.0,
202400010421,155 763 396,A01,3.0,10.0,0,2,1,1,3.0,
202400010422,155 763 394,A01,3.0,34.0,0,2,1,13,1.0,
202400010423,155 763 393,A01,2.0,10.0,0,1,3,1,3.0,
202400010424,155 763 391,B01,0.0,50.0,0,0,0,0,3.0,
202400010425,155 763 390,A01,2.0,50.0,0,0,7,16,3.0,
202400010426,155 763 388,B01,2.0,7.0,0,2,8,15,1.0,
202400010427,155 763 385,A01,3.0,7.0,0,2,1,26,1.0,
202400010428,155 763 384,A01,1.0,2.0,1,0,1,15,1.0,
202400010429,155 763 382,A01,2.0,7.0,0,2,1,2,1.0,
202400010430,155 763 381,A01,1.0,7.0,6,0,3,1,3.0,
202400010431,155 763 379,A01,2.0,7.0,0,2,6,17,1.0,
202400010432,155 763 378,A01,3.0,33.0,3,0,1,16,0.0,
202400010433,155 763 377,A01,1.0,7.0,1,0,0,14,1.0,
202400010434,155 763 376,A01,1.0,7.0,0,1,3,1,1.0,
202400010435,155 763 374,A01,2.0,7.0,0,2,3,11,3.0,
202400010436,155 763 373,A01,1.0,33.0,0,0,1,0,1.0,
202400010437,155 763 370,A01,1.0,7.0,1,0,1,1,1.0,
202400010438,155 763 369,A01,1.0,32.0,0,2,1,2,1.0,
202400010439,155 763 367,A01,1.0,33.0,0,2,2,1,1.0,
202400010440,155 763 366,A01,2.0,7.0,15,0,1,14,1.0,
202400010441,155 763 363,C01,1.0,7.0,0,2,4,2,1.0,
202400010442,155 763 361,A01,2.0,7.0,0,1,2,1,1.0,
202400010443,155 763 360,A01,2.0,7.0,3,2,4,11,1.0,
202400010444,155 763 356,A01,2.0,7.0,0,2,1,2,1.0,
202400010445,155 763 355,B01,2.0,34.0,0,2,1,1,1.0,
202400010446,155 763 354,B01,1.0,7.0,2,2,3,1,1.0,
202400010447,155 763 353,A01,1.0,31.0,12,0,1,1,1.0,
202400010448,155 763 351,A01,1.0,34.0,0,2,7,18,1.0,
202400010449,155 763 348,A01,2.0,2.0,0,0,0,13,0.0,
202400010450,155 763 346,A01,1.0,7.0,0,2,1,9,1.0,
202400010451,155 763 344,A01,3.0,7.0,0,1,1,19,1.0,
202400010452,155 763 343,A01,1.0,10.0,0,0,1,17,1.0,
202400010453,155 763 337,B01,2.0,7.0,0,2,4,0,1.0,
202400010454,155 763 336,A01,3.0,7.0,0,1,3,1,1.0,
202400010455,155 763 331,A01,1.0,7.0,0,2,1,26,1.0,
202400010456,155 763 329,A01,2.0,7.0,0,0,0,10,1.0,
202400010457,155 763 328,E01,1.0,7.0,0,2,5,1,1.0,
202400010458,155 763 327,A01,1.0,32.0,0,0,3,1,1.0,
202400010459,155 763 321,A01,3.0,7.0,0,2,3,19,1.0,
202400010460,155 763 320,C01,2.0,7.0,4,2,2,2,1.0,
202400010461,155 763 318,D01,2.0,14.0,0,2,8,1,1.0,
202400010462,155 763 315,A01,1.0,7.0,0,9,3,16,1.0,
202400010463,155 763 308,Z01,0.0,7.0,0,2,1,15,1.0,
202400010464,155 763 307,A01,1.0,10.0,0,1,2,1,1.0,
202400010465,155 763 303,B01,1.0,7.0,0,2,5,1,1.0,
202400010466,155 763 301,A01,1.0,7.0,0,2,1,1,1.0,
202400010467,155 763 302,A01,0.0,7.0,1,0,0,22,1.0,
202400010468,155 763 300,A01,3.0,7.0,0,1,1,1,1.0,
202400010469,155 763 299,A01,1.0,1.0,0,1,1,1,5.0,
202400010470,155 763 293,A01,1.0,7.0,0,2,1,5,1.0,
202400010471,155 763 294,A01,3.0,7.0,0,2,1,2,1.0,
202400010472,155 763 292,A01,2.0,1.0,0,2,5,1,5.0,
202400010473,155 763 289,A01,1.0,7.0,0,2,8,15,1.0,
202400010474,155 763 288,A01,3.0,10.0,8,0,7,1,1.0,
202400010475,155 763 286,A01,1.0,7.0,0,1,2,1,1.0,
202400010476,155 763 285,A01,2.0,33.0,0,2,7,26,1.0,
202400010477,155 763 282,A01,3.0,7.0,0,2,0,0,1.0,
202400010478,155 763 281,A01,2.0,7.0,0,2,3,13,1.0,
202400010479,155 763 279,A01,2.0,7.0,2,0,1,1,1.0,
202400010480,155 763 278,A01,1.0,31.0,0,2,1,17,1.0,
202400010481,155 763 277,A01,2.0,7.0,2,0,1,5,1.0,
202400010482,155 763 276,A01,3.0,7.0,1,0,8,14,1.0,
202400010483,155 763 275,A01,1.0,33.0,0,6,1,1,1.0,
202400010484,155 763 272,A01,2.0,7.0,0,2,1,26,1.0,
202400010485,155 763 271,B01,2.0,1.0,0,0,0,2,5.0,
202400010486,155 763 270,A01,1.0,33.0,0,0,8,1,1.0,
202400010487,155 763 268,B01,1.0,7.0,6,2,8,1,0.0,
202400010488,155 763 266,A01,1.0,7.0,0,2,1,5,1.0,
202400010489,155 763 265,A01,0.0,80.0,0,0,8,1,3.0,
202400010490,155 763 264,A01,2.0,33.0,0,0,0,1,1.0,
202400010491,155 763 262,B01,1.0,1.0,0,2,1,1,5.0,
202400010492,155 763 260,B01,1.0,7.0,0,2,1,1,1.0,
202400010493,155 763 258,A01,1.0,7.0,0,2,7,15,1.0,
202400010494,155 763 256,A01,2.0,7.0,0,2,3,13,1.0,
202400010495,155 763 254,B01,1.0,13.0,1,0,1,2,1.0,
202400010496,155 763 253,A01,1.0,33.0,0,2,9,13,1.0,
202400010497,155 763 250,B01,2.0,37.0,0,2,7,1,1.0,1
202400010498,155 763 249,A01,3.0,7.0,0,2,2,0,1.0,
202400010499,155 763 248,A01,1.0,7.0,0,1,2,0,1.0,
202400010500,155 763 246,B01,1.0,32.0,0,2,1,1,1.0,
202400010501,155 763 245,A01,1.0,7.0,0,1,1,1,1.0,
202400010502,155 763 243,B01,1.0,7.0,0,9,3,1,1.0,
202400010503,155 763 240,A01,2.0,7.0,0,1,1,1,3.0,
202400010504,155 763 241,A01,2.0,7.0,3,0,9,1,1.0,
202400010505,155 763 238,B01,1.0,2.0,0,0,7,15,1.0,
202400010506,155 763 236,A01,3.0,2.0,0,0,0,1,1.0,
202400010507,155 763 235,B01,1.0,7.0,0,2,3,1,1.0,
202400010508,155 763 233,A01,1.0,32.0,0,2,1,1,1.0,
202400010509,155 763 232,A01,1.0,33.0,0,0,8,2,1.0,
202400010510,155 763 231,A01,3.0,1.0,0,0,0,1,5.0,
202400010511,155 763 229,A01,2.0,31.0,0,2,3,3,1.0,
202400010512,155 763 226,B01,1.0,31.0,0,2,1,1,1.0,
202400010513,155 763 225,A01,1.0,7.0,1,1,1,14,1.0,
202400010514,155 763 223,A01,1.0,7.0,0,9,2,2,1.0,
202400010515,155 763 221,Z01,2.0,7.0,0,2,0,0,0.0,
202400010516,155 763 219,A01,3.0,7.0,0,9,3,1,1.0,
202400010517,155 763 218,A01,2.0,50.0,15,0,1,26,3.0,
202400010518,155 763 217,A01,3.0,50.0,0,0,0,1,3.0,
202400010519,155 763 215,A01,1.0,37.0,0,2,2,1,2.0,1
202400010520,155 763 213,A01,1.0,7.0,0,2,1,2,1.0,
202400010521,155 763 211,A01,3.0,7.0,15,9,2,14,1.0,
202400010522,155 763 210,A01,2.0,7.0,0,2,3,10,1.0,
202400010523,155 763 209,A01,1.0,7.0,15,0,1,0,1.0,
202400010524,155 763 208,A01,3.0,60.0,0,0,0,1,5.0,
202400010525,155 763 206,A01,1.0,32.0,0,0,0,3,1.0,
202400010526,155 763 207,A01,3.0,7.0,0,1,2,0,1.0,
202400010527,155 763 204,A01,1.0,1.0,0,1,1,1,5.0,
202400010528,155 763 202,A01,2.0,10.0,0,2,2,15,0.0,
202400010529,155 763 201,A01,1.0,7.0,0,0,6,2,1.0,
202400010530,155 763 199,B01,1.0,7.0,0,2,3,15,2.0,
202400010531,155 763 197,A01,3.0,7.0,0,2,2,16,1.0,
202400010532,155 763 196,A01,1.0,7.0,0,1,2,1,2.0,
202400010533,155 763 194,B01,2.0,7.0,0,2,4,2,2.0,
202400010534,155 763 192,A01,0.0,7.0,0,1,0,0,1.0,
202400010535,155 763 191,A01,1.0,7.0,1,2,3,9,1.0,
202400010536,155 763 185,A01,2.0,7.0,0,2,0,0,1.0,
202400010537,155 763 188,A01,2.0,50.0,0,2,1,17,3.0,
202400010538,155 763 186,A01,0.0,50.0,0,2,1,0,3.0,
202400010539,155 763 183,B01,2.0,7.0,0,2,3,1,2.0,
202400010540,155 763 179,A01,1.0,7.0,0,2,7,24,2.0,
202400010541,155 763 180,B01,3.0,7.0,0,2,7,15,1.0,
202400010542,155 763 177,A01,1.0,7.0,0,2,1,1,1.0,
202400010543,155 763 175,B01,2.0,7.0,0,2,2,16,2.0,
202400010544,155 763 172,A01,1.0,10.0,0,2,1,13,1.0,
202400010545,155 763 171,A01,1.0,7.0,0,9,1,15,1.0,
202400010546,155 763 166,A01,1.0,7.0,0,2,3,15,1.0,
202400010547,155 763 167,B01,2.0,1.0,16,2,0,0,5.0,
202400010548,155 763 165,B01,3.0,33.0,13,2,8,1,1.0,
202400010549,155 763 163,A01,1.0,10.0,13,0,3,0,1.0,
202400010550,155 763 161,B01,1.0,33.0,14,2,1,11,1.0,
202400010551,155 763 162,A01,2.0,7.0,0,1,7,2,1.0,
202400010552,155 763 160,A01,1.0,7.0,13,0,2,14,1.0,
202400010553,155 763 158,A01,2.0,10.0,0,2,1,0,1.0,
202400010554,155 763 157,A01,1.0,7.0,13,0,0,1,1.0,
202400010555,155 763 156,A01,3.0,7.0,0,2,2,15,1.0,
202400010556,155 763 154,A01,3.0,7.0,0,1,1,1,2.0,
202400010557,155 763 153,B01,2.0,15.0,0,2,3,1,1.0,
202400010558,155 763 150,A01,2.0,10.0,0,0,0,0,1.0,
202400010559,155 763 149,A01,0.0,7.0,14,0,1,26,1.0,
202400010560,155 763 148,B01,0.0,7.0,0,2,4,2,1.0,
202400010561,155 763 147,A01,1.0,33.0,16,0,3,15,1.0,
202400010562,155 763 145,A01,1.0,7.0,0,2,1,21,1.0,
202400010563,155 763 142,A01,1.0,50.0,0,2,8,1,3.0,
202400010564,155 763 141,A01,2.0,7.0,0,2,3,1,1.0,
202400010565,155 763 140,A01,2.0,7.0,0,1,1,1,1.0,
202400010566,155 763 137,A01,1.0,1.0,0,0,3,1,5.0,
202400010567,155 763 136,B01,1.0,7.0,0,0,3,1,1.0,
202400010568,155 763 135,A01,1.0,7.0,0,2,2,16,1.0,
202400010569,155 763 131,A01,3.0,17.0,0,1,3,23,1.0,
202400010570,155 763 133,B01,2.0,33.0,13,2,3,1,1.0,
202400010571,155 763 130,B01,0.0,7.0,0,9,6,15,2.0,
202400010572,155 763 127,A01,2.0,7.0,0,2,3,2,1.0,
202400010573,155 763 126,B01,2.0,2.0,0,2,1,1,1.0,
202400010574,155 763 124,A01,0.0,7.0,0,1,4,26,1.0,
202400010575,155 763 123,B01,2.0,50.0,0,2,8,1,3.0,
202400010576,155 763 120,A01,1.0,32.0,0,2,1,14,1.0,
202400010577,155 763 119,A01,2.0,7.0,0,0,8,15,1.0,
202400010578,155 763 118,A01,1.0,7.0,13,0,1,1,1.0,
202400010579,155 763 117,A01,1.0,7.0,8,0,1,1,1.0,
202400010580,155 763 115,A01,2.0,7.0,0,2,1,1,1.0,
202400010581,155 763 113,A01,3.0,15.0,0,2,3,9,6.0,
202400010582,155 763 112,A01,3.0,33.0,14,0,1,1,1.0,
202400010583,155 763 111,A01,1.0,1.0,0,0,0,2,5.0,
202400010584,155 763 108,B01,2.0,2.0,0,2,3,1,1.0,
202400010585,155 763 105,B01,1.0,7.0,0,2,1,1,1.0,
202400010586,155 763 107,A01,2.0,7.0,0,2,3,13,1.0,
202400010587,155 763 103,A01,1.0,7.0,0,2,2,19,1.0,
202400010588,155 763 101,A01,1.0,7.0,0,2,1,13,1.0,
202400010589,155 763 100,A01,2.0,33.0,8,0,0,1,1.0,
202400010590,155 763 098,A01,1.0,7.0,2,0,8,13,1.0,
202400010591,155 763 097,A01,2.0,10.0,0,1,3,1,1.0,
202400010592,155 763 096,B01,1.0,33.0,0,2,3,0,1.0,
202400010593,155 763 095,A01,1.0,7.0,8,0,1,1,1.0,
202400010594,155 763 094,A01,1.0,33.0,5,0,7,0,1.0,
202400010595,155 763 093,A01,2.0,7.0,6,0,1,1,1.0,
202400010596,155 763 092,A01,1.0,2.0,16,0,0,14,1.0,
202400010597,155 763 091,A01,3.0,33.0,8,0,1,14,1.0,
202400010598,155 763 090,A01,2.0,7.0,0,1,1,1,1.0,
202400010599,155 763 088,A01,1.0,2.0,0,2,1,5,0.0,
202400010600,155 763 087,A01,2.0,7.0,13,0,9,15,1.0,
202400010601,155 763 085,A01,1.0,7.0,0,2,1,15,1.0,
202400010602,155 763 084,A01,1.0,7.0,2,0,3,13,1.0,
202400010603,155 763 082,A01,2.0,7.0,13,0,2,1,1.0,
202400010604,155 763 081,A01,1.0,7.0,0,2,2,15,1.0,
202400010605,155 763 079,B01,1.0,7.0,0,2,8,1,1.0,
202400010606,155 763 077,A01,2.0,10.0,0,2,1,2,1.0,
202400010607,155 763 076,A01,1.0,10.0,2,0,2,14,1.0,
202400010608,155 763 075,A01,1.0,7.0,2,0,7,1,1.0,
202400010609,155 763 073,A01,1.0,7.0,2,0,1,26,1.0,
202400010610,155 763 072,A01,2.0,7.0,3,2,1,14,1.0,
202400010611,155 763 070,B01,0.0,7.0,0,2,1,1,2.0,
202400010612,155 763 066,A01,0.0,7.0,0,1,3,1,1.0,
202400010613,155 763 068,A01,1.0,7.0,0,2,4,1,1.0,
202400010614,155 763 064,A01,1.0,7.0,0,0,0,14,2.0,
202400010615,155 763 065,B01,2.0,7.0,0,2,3,1,1.0,
202400010616,155 763 062,A01,3.0,1.0,0,0,0,26,5.0,
202400010617,155 763 061,B01,1.0,15.0,0,2,1,1,1.0,
202400010618,155 763 058,A01,2.0,7.0,0,2,3,15,2.0,
202400010619,155 763 059,A01,0.0,33.0,1,0,1,1,0.0,
202400010620,155 763 056,A01,1.0,33.0,0,6,1,1,1.0,
202400010621,155 763 055,A01,2.0,33.0,13,0,1,17,1.0,
202400010622,155 763 054,A01,1.0,7.0,0,1,2,1,2.0,
202400010623,155 763 052,A01,2.0,7.0,0,2,1,17,1.0,
202400010624,155 763 051,A01,2.0,33.0,0,0,0,0,1.0,
202400010625,155 763 050,A01,1.0,7.0,0,1,8,1,1.0,
202400010626,155 763 048,A01,2.0,10.0,0,0,0,0,1.0,
202400010627,155 763 046,A01,2.0,7.0,0,1,8,1,1.0,
202400010628,155 763 045,A01,1.0,7.0,7,0,1,14,1.0,
202400010629,155 763 043,A01,1.0,7.0,0,2,1,13,1.0,
202400010630,155 763 042,A01,3.0,7.0,0,1,3,1,1.0,
202400010631,155 763 040,A01,1.0,33.0,0,2,1,0,1.0,
202400010632,155 763 037,B01,2.0,33.0,0,2,3,1,1.0,
202400010633,155 763 036,A01,1.0,10.0,0,2,2,17,1.0,
202400010634,155 763 035,A01,1.0,7.0,0,1,4,0,1.0,
202400010635,155 763 032,B01,3.0,7.0,0,2,1,1,1.0,
202400010636,155 763 033,A01,2.0,7.0,6,0,1,1,1.0,
202400010637,155 763 027,A01,2.0,7.0,0,2,4,1,1.0,
202400010638,155 763 028,A01,2.0,7.0,0,1,2,1,1.0,
202400010639,155 763 030,B01,1.0,7.0,0,2,1,1,1.0,
202400010640,155 763 025,A01,2.0,33.0,0,0,0,14,1.0,
202400010641,155 763 024,B01,1.0,1.0,0,2,1,17,5.0,
202400010642,155 763 019,A01,2.0,2.0,0,0,4,2,1.0,
202400010643,155 763 018,A01,1.0,7.0,0,2,1,2,1.0,
202400010644,155 763 017,A01,1.0,7.0,0,2,3,2,2.0,
202400010645,155 763 015,A01,3.0,34.0,4,0,1,21,1.0,
202400010646,155 763 014,A01,1.0,10.0,0,1,2,15,1.0,
202400010647,155 763 013,A01,2.0,7.0,0,2,5,17,1.0,
202400010648,155 763 012,A01,1.0,7.0,13,0,1,1,1.0,
202400010649,155 763 010,A01,1.0,10.0,3,0,1,1,1.0,
202400010650,155 763 009,B01,2.0,10.0,0,2,1,1,1.0,
202400010651,155 763 008,A01,0.0,7.0,0,1,1,1,1.0,
202400010652,155 763 005,A01,2.0,7.0,0,2,7,1,1.0,
202400010653,155 763 004,A01,1.0,7.0,0,9,2,15,1.0,
202400010654,155 763 001,A01,1.0,33.0,0,0,1,1,1.0,
202400010655,155 763 003,A01,2.0,7.0,1,0,0,0,1.0,
202400010656,155 763 000,A01,2.0,7.0,0,2,2,19,1.0,
202400010657,155 762 999,A01,1.0,7.0,13,0,1,1,1.0,
202400010658,155 762 997,A01,2.0,7.0,0,2,7,1,1.0,
202400010659,155 762 996,A01,1.0,33.0,0,1,1,1,0.0,
202400010660,155 762 994,A01,1.0,7.0,0,2,1,1,1.0,
202400010661,155 762 992,A01,2.0,7.0,8,1,1,15,1.0,
202400010662,155 762 991,A01,1.0,7.0,0,2,3,13,1.0,
202400010663,155 762 990,A01,2.0,7.0,13,0,1,1,1.0,
202400010664,155 762 984,B01,1.0,7.0,0,2,3,1,1.0,
202400010665,155 762 983,A01,1.0,7.0,0,2,2,15,1.0,
202400010666,155 762 981,A01,0.0,7.0,0,1,1,20,1.0,
202400010667,155 762 979,A01,2.0,7.0,0,2,3,13,1.0,
202400010668,155 762 978,A01,1.0,7.0,0,1,1,15,1.0,
202400010669,155 762 976,A01,1.0,7.0,0,2,4,1,1.0,
202400010670,155 762 974,A01,1.0,7.0,0,2,3,1,1.0,
202400010671,155 762 971,A01,3.0,7.0,14,0,1,14,1.0,
202400010672,155 762 972,A01,2.0,7.0,0,2,3,1,1.0,
202400010673,155 762 969,A01,2.0,7.0,0,2,6,1,1.0,
202400010674,155 762 968,A01,2.0,7.0,0,1,3,1,0.0,
202400010675,155 762 965,A01,2.0,7.0,0,2,1,13,1.0,
202400010676,155 762 964,A01,1.0,7.0,0,2,1,1,1.0,
202400010677,155 762 959,A01,2.0,7.0,0,2,1,13,1.0,
202400010678,155 762 957,A01,3.0,7.0,0,2,1,13,1.0,
202400010679,155 762 955,A01,2.0,1.0,0,0,0,1,5.0,
202400010680,155 762 954,A01,2.0,7.0,0,2,4,2,1.0,
202400010681,155 762 953,A01,3.0,7.0,0,1,1,15,1.0,
202400010682,155 762 950,A01,3.0,13.0,0,0,0,1,1.0,
202400010683,155 762 949,B01,1.0,7.0,0,2,2,1,1.0,
202400010684,155 762 947,A01,1.0,33.0,0,0,8,1,1.0,
202400010685,155 762 943,A01,2.0,7.0,2,0,3,1,1.0,
202400010686,155 762 942,A01,1.0,7.0,0,2,1,1,1.0,
202400010687,155 762 940,A01,2.0,7.0,4,0,5,23,1.0,
202400010688,155 762 941,A01,0.0,34.0,15,0,8,1,1.0,
202400010689,155 762 939,A01,1.0,7.0,0,1,1,1,1.0,
202400010690,155 762 936,A01,2.0,7.0,1,2,1,2,1.0,
202400010691,155 762 934,A01,2.0,7.0,0,1,1,1,1.0,
202400010692,155 762 935,B01,3.0,7.0,0,2,7,1,1.0,
202400010693,155 762 933,A01,1.0,31.0,3,0,7,2,1.0,
202400010694,155 762 931,A01,1.0,7.0,13,0,1,2,1.0,
202400010695,155 762 930,A01,3.0,7.0,0,2,1,15,2.0,
202400010696,155 762 928,B01,1.0,7.0,13,0,1,16,1.0,
202400010697,155 762 926,A01,1.0,7.0,12,0,3,0,1.0,
202400010698,155 762 925,A01,1.0,7.0,0,1,1,11,1.0,
202400010699,155 762 922,A01,1.0,43.0,3,0,0,0,1.0,
202400010700,155 762 921,B01,1.0,7.0,0,2,4,14,0.0,
202400010701,155 762 920,A01,2.0,33.0,0,0,7,17,1.0,
202400010702,155 762 916,A01,1.0,33.0,9,0,1,0,1.0,
202400010703,155 762 912,A01,2.0,7.0,0,2,9,18,1.0,
202400010704,155 762 913,A01,1.0,38.0,0,2,1,15,1.0,1
202400010705,155 762 911,A01,1.0,30.0,12,0,1,1,1.0,
202400010706,155 762 909,A01,2.0,7.0,0,2,6,11,1.0,
202400010707,155 762 908,A01,1.0,31.0,0,0,3,1,3.0,
202400010708,155 762 905,B01,3.0,50.0,0,2,1,1,3.0,
202400010709,155 762 901,C01,2.0,7.0,0,2,1,1,1.0,
202400010710,155 762 902,A01,1.0,33.0,0,2,1,1,1.0,
202400010711,155 762 899,A01,3.0,7.0,0,2,7,16,1.0,
202400010712,155 762 898,A01,2.0,1.0,0,0,0,26,5.0,
202400010713,155 762 896,A01,1.0,7.0,0,2,3,13,1.0,
202400010714,155 762 895,A01,1.0,30.0,0,0,1,1,1.0,
202400010715,155 762 894,A01,2.0,7.0,8,0,1,26,2.0,
202400010716,155 762 890,B01,1.0,50.0,0,2,8,1,3.0,
202400010717,155 762 889,B01,2.0,7.0,0,2,2,19,1.0,
202400010718,155 762 888,A01,1.0,31.0,0,2,1,1,1.0,
202400010719,155 762 886,A01,1.0,33.0,11,0,1,1,1.0,
202400010720,155 762 885,B01,1.0,80.0,16,2,1,2,2.0,