Num_Acc,id_vehicule,num_veh,senc,catv,obs,obsm,choc,manv,motor,occutc
202400010721,155 762 883,A01,1.0,7.0,0,2,1,5,1.0,
202400010722,155 762 881,A01,3.0,7.0,0,2,1,2,1.0,
202400010723,155 762 880,A01,1.0,7.0,0,1,0,0,0.0,
202400010724,155 762 877,B01,1.0,1.0,0,2,6,15,5.0,
202400010725,155 762 874,B01,1.0,7.0,0,2,8,1,2.0,
202400010726,155 762 875,A01,1.0,21.0,0,0,6,19,1.0,
202400010727,155 762 873,A01,2.0,7.0,0,1,2,17,1.0,
202400010728,155 762 872,A01,2.0,1.0,0,0,0,1,5.0,
202400010729,155 762 871,A01,1.0,7.0,0,1,1,1,1.0,
202400010730,155 762 867,A01,1.0,33.0,0,0,5,1,1.0,
202400010731,155 762 866,A01,3.0,50.0,0,2,3,25,3.0,
202400010732,155 762 865,B01,3.0,7.0,0,2,1,9,1.0,
202400010733,155 762 862,A01,1.0,7.0,14,0,1,2,1.0,
202400010734,155 762 860,B01,2.0,7.0,0,0,8,1,1.0,
202400010735,155 762 859,A01,3.0,7.0,8,2,1,1,1.0,
202400010736,155 762 858,A01,1.0,7.0,3,0,3,9,2.0,
202400010737,155 762 855,A01,3.0,10.0,0,1,0,25,1.0,
202400010738,155 762 856,B01,1.0,33.0,0,2,1,17,1.0,
202400010739,155 762 854,A01,2.0,7.0,9,0,3,1,2.0,
202400010740,155 762 852,A01,3.0,7.0,8,0,1,6,1.0,
202400010741,155 762 850,A01,3.0,7.0,6,0,1,13,1.0,
202400010742,155 762 849,C01,1.0,7.0,0,2,3,1,1.0,
202400010743,155 762 847,A01,3.0,7.0,0,1,1,1,1.0,
202400010744,155 762 845,B01,1.0,80.0,0,2,7,2,3.0,
202400010745,155 762 846,A01,2.0,10.0,13,0,2,14,1.0,
202400010746,155 762 843,D01,2.0,7.0,0,2,1,1,1.0,
202400010747,155 762 842,A01,2.0,7.0,1,0,2,1,1.0,
202400010748,155 762 841,A01,2.0,33.0,13,0,0,21,1.0,
202400010749,155 762 837,A01,2.0,7.0,0,2,1,13,1.0,
202400010750,155 762 834,C01,0.0,7.0,4,2,4,2,1.0,
202400010751,155 762 833,B01,1.0,2.0,0,2,2,2,0.0,
202400010752,155 762 831,A01,3.0,7.0,0,2,3,13,0.0,
202400010753,155 762 828,A01,3.0,7.0,0,2,1,5,1.0,
202400010754,155 762 825,C01,3.0,7.0,0,2,3,1,1.0,
202400010755,155 762 822,B01,2.0,7.0,0,2,3,1,1.0,
202400010756,155 762 820,B01,1.0,7.0,0,2,3,15,1.0,
202400010757,155 762 818,B01,2.0,10.0,0,2,2,1,1.0,
202400010758,155 762 817,A01,3.0,14.0,0,1,0,16,1.0,
202400010759,155 762 812,B01,2.0,37.0,0,2,3,15,1.0,1
202400010760,155 762 811,A01,3.0,7.0,0,2,1,0,1.0,
202400010761,155 762 808,A01,2.0,30.0,0,2,1,17,1.0,
202400010762,155 762 807,B01,1.0,10.0,0,2,1,1,1.0,
202400010763,155 762 805,A01,3.0,7.0,0,1,0,16,1.0,
202400010764,155 762 804,B01,1.0,7.0,0,2,4,1,0.0,
202400010765,155 762 802,A01,2.0,30.0,1,0,1,1,1.0,
202400010766,155 762 799,A01,2.0,7.0,0,1,0,1,1.0,
202400010767,155 762 800,A01,2.0,36.0,0,9,2,15,1.0,
202400010768,155 762 797,A01,1.0,7.0,0,1,3,1,1.0,
202400010769,155 762 796,B01,2.0,7.0,0,2,4,2,1.0,
202400010770,155 762 795,A01,1.0,3.0,1,0,1,1,1.0,
202400010771,155 762 793,B01,1.0,7.0,0,2,7,2,1.0,
202400010772,155 762 792,A01,3.0,37.0,0,0,0,23,1.0,3
202400010773,155 762 791,A01,3.0,33.0,0,0,8,16,1.0,
202400010774,155 762 789,A01,1.0,7.0,0,2,5,20,1.0,
202400010775,155 762 787,A01,3.0,7.0,0,2,1,1,1.0,
202400010776,155 762 785,A01,2.0,50.0,0,2,1,1,3.0,
202400010777,155 762 783,A01,1.0,7.0,0,2,8,15,1.0,
202400010778,155 762 780,A01,1.0,7.0,0,2,3,15,1.0,
202400010779,155 762 778,C01,1.0,7.0,0,2,1,23,1.0,
202400010780,155 762 776,A01,1.0,33.0,0,2,1,1,1.0,
202400010781,155 762 772,A01,2.0,7.0,0,2,7,15,1.0,
202400010782,155 762 771,B01,2.0,7.0,0,2,3,15,1.0,
202400010783,155 762 768,A01,2.0,7.0,1,2,3,1,1.0,
202400010784,155 762 767,B01,1.0,7.0,0,2,4,2,2.0,
202400010785,155 762 764,A01,0.0,7.0,0,2,2,1,3.0,
202400010786,155 762 761,A01,2.0,7.0,15,0,1,1,1.0,
202400010787,155 762 762,A01,2.0,10.0,0,2,4,4,1.0,
202400010788,155 762 760,A01,1.0,80.0,0,1,1,1,3.0,
202400010789,155 762 758,A01,1.0,7.0,0,2,1,15,1.0,
202400010790,155 762 755,B01,1.0,7.0,0,2,4,1,3.0,
202400010791,155 762 754,A01,2.0,7.0,0,2,2,1,3.0,
202400010792,155 762 752,A01,1.0,7.0,0,2,1,13,1.0,
202400010793,155 762 751,A01,1.0,7.0,0,1,2,1,1.0,
202400010794,155 762 749,A01,1.0,7.0,0,2,1,26,1.0,
202400010795,155 762 747,A01,2.0,7.0,0,2,1,1,1.0,
202400010796,155 762 744,A01,1.0,7.0,8,2,1,1,1.0,
202400010797,155 762 743,A01,3.0,7.0,0,2,1,16,1.0,
202400010798,155 762 742,A01,1.0,7.0,1,1,6,4,1.0,
202400010799,155 762 740,A01,3.0,7.0,0,2,4,23,0.0,
202400010800,155 762 738,A01,2.0,7.0,0,2,6,20,1.0,
202400010801,155 762 736,B01,2.0,31.0,0,2,1,17,1.0,
202400010802,155 762 734,B01,2.0,10.0,0,2,7,23,0.0,
202400010803,155 762 732,A01,1.0,32.0,0,2,1,9,1.0,
202400010804,155 762 731,A01,2.0,10.0,0,1,2,1,1.0,
202400010805,155 762 729,B01,1.0,43.0,0,2,1,1,1.0,
202400010806,155 762 727,A01,2.0,7.0,0,0,6,23,1.0,
202400010807,155 762 726,A01,1.0,7.0,3,0,7,1,1.0,
202400010808,155 762 725,A01,3.0,7.0,0,0,9,1,1.0,
202400010809,155 762 724,A01,2.0,7.0,0,0,9,0,1.0,
202400010810,155 762 723,A01,1.0,7.0,2,0,9,14,1.0,
202400010811,155 762 721,A01,2.0,7.0,0,2,1,13,1.0,
202400010812,155 762 719,A01,2.0,31.0,0,2,1,5,1.0,
202400010813,155 762 717,A01,2.0,7.0,0,2,1,1,1.0,
202400010814,155 762 715,A01,1.0,10.0,0,2,3,15,1.0,
202400010815,155 762 713,B01,2.0,7.0,0,2,4,2,1.0,
202400010816,155 762 712,A01,2.0,7.0,4,0,0,1,1.0,
202400010817,155 762 711,A01,2.0,7.0,3,0,0,1,1.0,
202400010818,155 762 709,A01,2.0,7.0,4,2,6,23,1.0,
202400010819,155 762 708,A01,1.0,7.0,4,0,1,16,1.0,
202400010820,155 762 706,B01,2.0,15.0,0,2,4,2,1.0,
202400010821,155 762 704,B01,2.0,7.0,0,2,6,12,3.0,
202400010822,155 762 702,B01,3.0,7.0,0,2,1,1,1.0,
202400010823,155 762 701,A01,1.0,7.0,0,1,1,26,1.0,
202400010824,155 762 699,A01,0.0,7.0,0,2,1,5,,
202400010825,155 762 698,A01,1.0,30.0,0,0,7,0,1.0,
202400010826,155 762 696,A01,2.0,7.0,0,2,3,15,2.0,
202400010827,155 762 694,A01,1.0,7.0,0,2,1,14,1.0,
202400010828,155 762 693,A01,1.0,33.0,0,1,1,1,1.0,
202400010829,155 762 692,A01,1.0,10.0,1,0,1,24,1.0,
202400010830,155 762 691,A01,2.0,7.0,1,0,2,14,1.0,
202400010831,155 762 689,A01,0.0,7.0,0,2,1,15,1.0,
202400010832,155 762 687,A01,1.0,7.0,0,2,1,15,2.0,
202400010833,155 762 686,A01,1.0,7.0,0,1,2,1,1.0,
202400010834,155 762 684,A01,1.0,7.0,0,2,1,13,1.0,
202400010835,155 762 682,B01,1.0,10.0,0,2,7,19,1.0,
202400010836,155 762 681,A01,2.0,7.0,2,0,7,1,1.0,
202400010837,155 762 679,A01,0.0,7.0,0,2,1,1,1.0,
202400010838,155 762 677,A01,1.0,7.0,0,0,6,1,1.0,
202400010839,155 762 676,A01,2.0,7.0,0,0,9,13,1.0,
202400010840,155 762 673,A01,2.0,7.0,0,2,3,17,1.0,
202400010841,155 762 672,A01,3.0,1.0,0,0,0,0,5.0,
202400010842,155 762 671,A01,1.0,7.0,2,0,3,1,0.0,
202400010843,155 762 669,A01,1.0,7.0,0,2,3,13,1.0,
202400010844,155 762 668,A01,1.0,33.0,2,0,9,14,1.0,
202400010845,155 762 666,A01,1.0,35.0,0,2,8,15,1.0,
202400010846,155 762 663,A01,2.0,33.0,1,0,1,13,1.0,
202400010847,155 762 662,A01,2.0,33.0,0,6,1,0,1.0,
202400010848,155 762 660,A01,2.0,7.0,0,0,0,15,1.0,
202400010849,155 762 659,A01,1.0,20.0,13,0,7,14,1.0,
202400010850,155 762 657,A01,1.0,7.0,0,0,4,1,2.0,
202400010851,155 762 655,A01,3.0,21.0,0,2,3,13,1.0,
202400010852,155 762 653,A01,3.0,7.0,0,2,1,2,1.0,
202400010853,155 762 652,A01,2.0,34.0,0,0,9,14,1.0,
202400010854,155 762 650,A01,0.0,7.0,0,2,3,15,1.0,
202400010855,155 762 649,A01,1.0,30.0,0,0,0,1,1.0,
202400010856,155 762 646,B01,1.0,7.0,0,2,6,26,1.0,
202400010857,155 762 644,A01,2.0,7.0,3,2,8,5,1.0,
202400010858,155 762 642,A01,1.0,7.0,0,2,3,15,1.0,
202400010859,155 762 641,A01,2.0,7.0,2,0,1,14,1.0,
202400010860,155 762 639,A01,1.0,33.0,0,2,2,3,1.0,
202400010861,155 762 638,A01,1.0,10.0,11,0,1,2,1.0,
202400010862,155 762 636,B01,2.0,43.0,0,2,2,1,3.0,
202400010863,155 762 635,A01,2.0,33.0,3,0,8,13,1.0,
202400010864,155 762 633,A01,1.0,33.0,0,2,2,1,1.0,
202400010865,155 762 631,A01,2.0,15.0,1,0,2,2,1.0,
202400010866,155 762 628,A01,1.0,7.0,4,0,1,1,1.0,
202400010867,155 762 627,A01,2.0,33.0,3,0,1,0,1.0,
202400010868,155 762 624,B01,0.0,7.0,0,2,3,1,1.0,
202400010869,155 762 623,A01,2.0,7.0,13,0,1,1,1.0,
202400010870,155 762 620,A01,3.0,7.0,8,0,2,1,1.0,
202400010871,155 762 618,B01,1.0,7.0,0,2,3,5,1.0,
202400010872,155 762 617,A01,2.0,7.0,13,0,3,13,1.0,
202400010873,155 762 615,B01,1.0,1.0,0,2,7,2,5.0,
202400010874,155 762 612,C01,1.0,10.0,0,0,3,15,1.0,
202400010875,155 762 610,B01,1.0,7.0,0,2,1,1,1.0,
202400010876,155 762 608,A01,0.0,10.0,0,2,6,1,1.0,
202400010877,155 762 606,B01,2.0,14.0,0,2,3,1,1.0,
202400010878,155 762 604,A01,1.0,7.0,0,2,6,10,1.0,
202400010879,155 762 600,A01,2.0,7.0,0,2,4,2,1.0,
202400010880,155 762 596,A01,1.0,7.0,4,2,4,11,1.0,
202400010881,155 762 597,B01,2.0,7.0,3,2,1,1,1.0,
202400010882,155 762 593,A01,2.0,7.0,0,2,4,11,1.0,
202400010883,155 762 594,A01,1.0,33.0,0,0,0,0,1.0,
202400010884,155 762 592,A01,2.0,7.0,0,2,1,1,1.0,
202400010885,155 762 589,A01,2.0,7.0,0,2,3,11,1.0,
202400010886,155 762 588,A01,2.0,10.0,11,2,1,15,1.0,
202400010887,155 762 585,A01,1.0,7.0,0,2,1,1,1.0,
202400010888,155 762 583,A01,1.0,33.0,3,0,4,18,1.0,
202400010889,155 762 582,A01,1.0,7.0,0,2,3,15,1.0,
202400010890,155 762 580,A01,1.0,7.0,4,2,3,1,1.0,
202400010891,155 762 578,A01,1.0,10.0,0,2,8,1,1.0,
202400010892,155 762 576,A01,2.0,7.0,0,2,1,21,0.0,
202400010893,155 762 574,A01,3.0,7.0,13,0,3,9,1.0,
202400010894,155 762 573,A01,2.0,7.0,0,2,7,15,1.0,
202400010895,155 762 572,A01,1.0,7.0,14,0,0,0,1.0,
202400010896,155 762 571,A01,1.0,1.0,0,0,0,0,5.0,
202400010897,155 762 570,A01,1.0,7.0,0,1,3,1,3.0,
202400010898,155 762 568,B01,1.0,7.0,0,2,4,1,1.0,
202400010899,155 762 566,A01,2.0,7.0,8,0,0,0,1.0,
202400010900,155 762 567,A01,0.0,33.0,0,0,8,1,1.0,
202400010901,155 762 564,A01,2.0,7.0,0,2,7,16,1.0,
202400010902,155 762 563,A01,3.0,7.0,0,1,1,15,1.0,
202400010903,155 762 562,A01,3.0,7.0,0,1,1,1,1.0,
202400010904,155 762 560,A01,0.0,10.0,0,2,1,1,1.0,
202400010905,155 762 558,A01,2.0,7.0,0,9,1,1,,
202400010906,155 762 557,A01,3.0,7.0,0,1,1,0,1.0,
202400010907,155 762 556,A01,3.0,10.0,0,1,1,1,1.0,
202400010908,155 762 554,B01,2.0,10.0,0,2,4,1,,
202400010909,155 762 550,A01,1.0,10.0,0,9,8,2,1.0,
202400010910,155 762 551,A01,1.0,7.0,0,9,1,13,0.0,
202400010911,155 762 549,A01,1.0,7.0,0,1,1,1,1.0,
202400010912,155 762 548,A01,2.0,7.0,2,0,1,0,1.0,
202400010913,155 762 546,A01,1.0,7.0,0,2,3,15,1.0,
202400010914,155 762 545,A01,2.0,7.0,0,1,1,15,1.0,
202400010915,155 762 542,A01,1.0,2.0,0,2,1,2,1.0,
202400010916,155 762 541,A01,0.0,7.0,0,1,1,0,0.0,
202400010917,155 762 538,A01,2.0,7.0,0,1,2,1,1.0,
202400010918,155 762 539,B01,1.0,50.0,0,2,7,1,3.0,
202400010919,155 762 536,B01,1.0,2.0,0,2,0,0,1.0,
202400010920,155 762 533,A01,1.0,30.0,0,2,8,1,1.0,
202400010921,155 762 532,A01,3.0,7.0,0,2,2,15,1.0,
202400010922,155 762 529,B01,2.0,32.0,0,2,3,0,1.0,
202400010923,155 762 528,A01,3.0,2.0,14,0,1,21,1.0,
202400010924,155 762 525,B01,1.0,7.0,0,2,1,1,1.0,
202400010925,155 762 524,B01,1.0,7.0,0,2,3,15,1.0,
202400010926,155 762 522,A01,1.0,7.0,0,2,1,2,1.0,
202400010927,155 762 521,A01,3.0,7.0,0,1,1,19,1.0,
202400010928,155 762 518,A01,3.0,7.0,0,2,6,11,1.0,
202400010929,155 762 519,A01,3.0,10.0,0,1,1,15,1.0,
202400010930,155 762 516,A01,1.0,33.0,0,2,1,3,1.0,
202400010931,155 762 514,A01,1.0,7.0,0,2,8,11,1.0,
202400010932,155 762 513,A01,2.0,33.0,0,1,1,1,1.0,
202400010933,155 762 510,A01,1.0,10.0,0,2,6,15,1.0,
202400010934,155 762 509,B01,1.0,7.0,2,2,6,1,1.0,
202400010935,155 762 507,Z01,1.0,10.0,0,2,7,1,1.0,
202400010936,155 762 503,B01,3.0,7.0,8,0,7,1,1.0,
202400010937,155 762 504,B01,0.0,50.0,0,0,0,0,3.0,
202400010938,155 762 499,A01,1.0,7.0,0,2,1,1,1.0,
202400010939,155 762 500,A01,3.0,7.0,0,2,2,1,0.0,
202400010940,155 762 497,A01,0.0,32.0,0,2,3,13,1.0,
202400010941,155 762 496,A01,2.0,7.0,13,0,1,13,1.0,
202400010942,155 762 494,A01,1.0,7.0,0,2,3,23,1.0,
202400010943,155 762 493,A01,1.0,7.0,0,1,2,1,1.0,
202400010944,155 762 491,B01,3.0,50.0,0,2,5,23,3.0,
202400010945,155 762 487,A01,1.0,7.0,0,2,6,1,1.0,
202400010946,155 762 486,A01,1.0,7.0,0,0,5,23,2.0,
202400010947,155 762 483,A01,1.0,7.0,0,1,0,1,1.0,
202400010948,155 762 481,A01,3.0,31.0,12,2,1,1,1.0,
202400010949,155 762 478,A01,3.0,7.0,0,2,8,1,1.0,
202400010950,155 762 474,B01,2.0,7.0,0,2,1,15,1.0,
202400010951,155 762 473,B01,1.0,50.0,0,2,7,1,3.0,
202400010952,155 762 470,B01,1.0,1.0,0,2,3,19,5.0,
202400010953,155 762 468,B01,1.0,33.0,0,2,1,1,1.0,
202400010954,155 762 467,A01,1.0,7.0,0,2,1,9,1.0,
202400010955,155 762 465,A01,1.0,7.0,0,2,1,1,1.0,
202400010956,155 762 461,A01,3.0,7.0,16,0,3,15,0.0,
202400010957,155 762 462,A01,0.0,13.0,0,2,1,1,1.0,
202400010958,155 762 458,B01,2.0,7.0,0,2,1,0,1.0,
202400010959,155 762 457,A01,2.0,10.0,0,2,1,1,1.0,
202400010960,155 762 455,A01,1.0,1.0,14,2,3,26,5.0,
202400010961,155 762 452,A01,1.0,7.0,0,2,1,11,1.0,
202400010962,155 762 453,A01,2.0,7.0,0,1,2,1,3.0,
202400010963,155 762 449,B01,2.0,7.0,0,2,4,1,1.0,
202400010964,155 762 450,Y01,1.0,7.0,0,1,3,26,4.0,
202400010965,155 762 448,A01,1.0,7.0,8,0,1,5,1.0,
202400010966,155 762 443,A01,3.0,7.0,14,0,1,2,1.0,
202400010967,155 762 444,B01,1.0,7.0,0,5,4,2,1.0,
202400010968,155 762 439,B01,1.0,7.0,0,2,4,0,1.0,
202400010969,155 762 440,A01,1.0,7.0,0,2,2,15,1.0,
202400010970,155 762 435,B01,3.0,50.0,0,2,0,0,3.0,
202400010971,155 762 434,C01,1.0,7.0,1,0,6,24,1.0,
202400010972,155 762 431,A01,3.0,3.0,0,2,2,1,1.0,
202400010973,155 762 430,B01,3.0,7.0,0,2,1,15,1.0,
202400010974,155 762 429,A01,1.0,7.0,3,0,1,1,1.0,
202400010975,155 762 427,A01,3.0,7.0,6,0,1,0,3.0,
202400010976,155 762 426,A01,2.0,1.0,0,2,7,1,5.0,
202400010977,155 762 421,A01,3.0,7.0,0,2,1,15,1.0,
202400010978,155 762 418,B01,1.0,7.0,0,2,1,1,1.0,
202400010979,155 762 417,B01,3.0,1.0,0,2,7,1,5.0,
202400010980,155 762 416,A01,3.0,7.0,0,1,1,1,1.0,
202400010981,155 762 412,B01,2.0,1.0,0,2,1,1,5.0,
202400010982,155 762 414,A01,3.0,7.0,0,2,1,9,1.0,
202400010983,155 762 410,A01,1.0,34.0,0,2,0,17,1.0,
202400010984,155 762 409,A01,3.0,3.0,0,1,2,1,3.0,
202400010985,155 762 408,Z01,2.0,7.0,0,1,0,19,0.0,
202400010986,155 762 405,A01,1.0,30.0,0,1,3,25,1.0,
202400010987,155 762 404,B01,1.0,7.0,0,2,8,23,1.0,
202400010988,155 762 402,A01,2.0,7.0,0,1,1,1,1.0,
202400010989,155 762 401,A01,0.0,7.0,0,2,8,15,1.0,
202400010990,155 762 399,A01,2.0,7.0,0,2,1,15,1.0,
202400010991,155 762 398,A01,0.0,32.0,0,0,7,14,1.0,
202400010992,155 762 397,A01,3.0,33.0,12,0,1,1,1.0,
202400010993,155 762 396,A01,2.0,7.0,13,0,9,1,1.0,
202400010994,155 762 393,A01,0.0,7.0,0,2,2,26,1.0,
202400010995,155 762 392,A01,3.0,7.0,0,2,1,2,1.0,
202400010996,155 762 390,A01,3.0,7.0,0,1,1,1,1.0,
202400010997,155 762 391,A01,1.0,7.0,1,0,2,17,1.0,
202400010998,155 762 387,B01,1.0,7.0,0,2,8,1,1.0,
202400010999,155 762 388,Z01,1.0,10.0,0,1,1,0,0.0,
202400011000,155 762 386,A01,3.0,37.0,0,1,2,1,1.0,1
202400011001,155 762 383,A01,1.0,7.0,0,2,1,2,1.0,
202400011002,155 762 382,A01,1.0,7.0,0,2,5,15,1.0,
202400011003,155 762 380,A01,3.0,7.0,0,1,1,0,1.0,
202400011004,155 762 379,A01,1.0,7.0,0,2,1,15,1.0,
202400011005,155 762 378,A01,3.0,7.0,0,1,4,20,1.0,
202400011006,155 762 376,A01,1.0,30.0,0,2,1,13,1.0,
202400011007,155 762 374,A01,1.0,10.0,0,2,2,11,1.0,
202400011008,155 762 373,A01,0.0,7.0,0,1,2,1,1.0,
202400011009,155 762 371,A01,1.0,10.0,0,9,1,15,1.0,
202400011010,155 762 368,A01,3.0,7.0,0,2,8,15,1.0,
202400011011,155 762 367,B01,1.0,33.0,0,2,1,2,1.0,
202400011012,155 762 365,A01,1.0,10.0,0,0,7,1,3.0,
202400011013,155 762 363,A01,3.0,10.0,0,2,3,15,1.0,
202400011014,155 762 362,A01,1.0,7.0,0,1,1,1,3.0,
202400011015,155 762 361,A01,2.0,7.0,0,1,4,4,1.0,
202400011016,155 762 359,A01,2.0,32.0,0,2,2,17,1.0,
202400011017,155 762 357,A01,1.0,7.0,0,2,5,14,1.0,
202400011018,155 762 355,A01,1.0,1.0,0,2,7,1,5.0,
202400011019,155 762 353,B01,2.0,33.0,0,2,5,1,1.0,
202400011020,155 762 350,A01,1.0,7.0,0,2,1,1,1.0,
202400011021,155 762 349,A01,1.0,7.0,0,2,6,11,1.0,
202400011022,155 762 348,A01,1.0,1.0,0,1,1,1,5.0,
202400011023,155 762 347,A01,2.0,50.0,1,0,1,26,3.0,
202400011024,155 762 343,A01,2.0,7.0,0,2,3,15,2.0,
202400011025,155 762 344,A01,2.0,7.0,0,2,8,24,1.0,
202400011026,155 762 342,A01,1.0,37.0,0,1,8,1,3.0,1
202400011027,155 762 340,A01,1.0,7.0,0,2,4,12,1.0,
202400011028,155 762 338,Z01,3.0,13.0,0,0,8,26,0.0,
202400011029,155 762 334,B01,2.0,30.0,14,2,1,1,3.0,
202400011030,155 762 333,B01,3.0,7.0,0,2,3,15,1.0,
202400011031,155 762 330,A01,1.0,7.0,0,2,2,10,0.0,
202400011032,155 762 329,A01,1.0,1.0,0,2,2,17,5.0,
202400011033,155 762 326,B01,3.0,50.0,0,2,8,1,3.0,
202400011034,155 762 325,A01,2.0,7.0,1,2,1,1,1.0,
202400011035,155 762 323,A01,1.0,33.0,0,2,7,1,1.0,
202400011036,155 762 322,A01,3.0,7.0,12,0,0,14,0.0,
202400011037,155 762 318,A01,3.0,7.0,0,2,1,2,1.0,
202400011038,155 762 317,A01,1.0,7.0,0,2,3,15,1.0,
202400011039,155 762 313,A01,1.0,7.0,0,2,8,22,1.0,
202400011040,155 762 314,A01,3.0,33.0,0,2,4,1,1.0,
202400011041,155 762 310,A01,2.0,60.0,1,0,7,1,5.0,
202400011042,155 762 309,B01,2.0,7.0,1,2,2,1,1.0,
202400011043,155 762 306,B01,3.0,10.0,0,2,1,2,0.0,
202400011044,155 762 305,A01,2.0,33.0,0,2,5,1,1.0,
202400011045,155 762 304,A01,0.0,50.0,9,0,1,0,3.0,
202400011046,155 762 302,A01,1.0,31.0,0,2,2,15,1.0,
202400011047,155 762 299,A01,1.0,7.0,0,2,1,1,1.0,
202400011048,155 762 300,A01,1.0,7.0,0,1,4,20,2.0,
202400011049,155 762 297,A01,1.0,7.0,2,0,1,1,1.0,
202400011050,155 762 296,B01,1.0,33.0,0,2,8,1,1.0,
202400011051,155 762 295,A01,1.0,7.0,6,0,1,13,0.0,
202400011052,155 762 294,Y01,1.0,1.0,0,2,5,21,5.0,
202400011053,155 762 292,A01,1.0,7.0,0,2,3,24,1.0,
202400011054,155 762 290,B01,1.0,7.0,0,0,1,1,1.0,
202400011055,155 762 289,A01,1.0,10.0,2,0,1,1,1.0,
202400011056,155 762 288,A01,3.0,33.0,0,0,9,1,1.0,
202400011057,155 762 286,B01,3.0,7.0,0,2,8,15,0.0,
202400011058,155 762 284,A01,1.0,7.0,0,2,8,9,1.0,
202400011059,155 762 282,C01,0.0,50.0,0,2,0,19,3.0,
202400011060,155 762 281,A01,1.0,7.0,2,0,3,1,1.0,
202400011061,155 762 280,A01,3.0,37.0,0,1,2,1,1.0,1
202400011062,155 762 278,B01,1.0,2.0,0,2,1,1,1.0,
202400011063,155 762 276,B01,2.0,7.0,0,2,4,1,1.0,
202400011064,155 762 275,A01,0.0,7.0,2,0,1,1,1.0,
202400011065,155 762 274,A01,0.0,7.0,0,1,1,1,2.0,
202400011066,155 762 272,B01,2.0,50.0,0,2,7,25,3.0,
202400011067,155 762 269,B01,1.0,1.0,0,2,4,1,5.0,
202400011068,155 762 268,B01,1.0,7.0,13,2,2,2,1.0,
202400011069,155 762 267,A01,1.0,60.0,0,0,2,25,5.0,
202400011070,155 762 265,A01,2.0,7.0,0,2,3,15,1.0,
202400011071,155 762 263,B01,0.0,1.0,0,2,2,0,5.0,
202400011072,155 762 261,A01,3.0,33.0,0,2,7,21,1.0,
202400011073,155 762 260,A01,2.0,2.0,0,2,1,1,1.0,
202400011074,155 762 258,A01,3.0,7.0,0,1,1,2,1.0,
202400011075,155 762 257,B01,3.0,2.0,1,2,1,1,3.0,
202400011076,155 762 254,A01,2.0,2.0,0,2,1,13,1.0,
202400011077,155 762 253,B01,3.0,50.0,0,2,8,1,3.0,
202400011078,155 762 250,A01,1.0,7.0,0,2,1,1,1.0,
202400011079,155 762 249,A01,1.0,7.0,0,2,3,9,1.0,
202400011080,155 762 247,A01,1.0,33.0,0,0,9,1,1.0,
202400011081,155 762 246,B01,3.0,7.0,0,2,3,0,1.0,
202400011082,155 762 245,A01,2.0,21.0,0,1,1,1,0.0,
202400011083,155 762 244,A01,3.0,7.0,2,0,9,2,4.0,
202400011084,155 762 242,A01,3.0,7.0,0,0,9,14,1.0,
202400011085,155 762 241,A01,2.0,33.0,0,2,2,2,3.0,
202400011086,155 762 238,A01,1.0,10.0,0,2,3,15,1.0,
202400011087,155 762 237,A01,2.0,7.0,0,2,1,19,1.0,
202400011088,155 762 236,A01,1.0,7.0,6,0,8,1,1.0,
202400011089,155 762 232,A01,2.0,7.0,13,0,6,1,1.0,
202400011090,155 762 233,A01,1.0,10.0,1,0,3,1,1.0,
202400011091,155 762 226,A01,1.0,7.0,0,2,1,13,1.0,
202400011092,155 762 224,A01,1.0,7.0,0,2,3,13,1.0,
202400011093,155 762 221,A01,3.0,31.0,0,1,1,1,0.0,
202400011094,155 762 220,B01,2.0,17.0,0,0,4,2,1.0,
202400011095,155 762 217,A01,3.0,50.0,0,2,3,25,3.0,
202400011096,155 762 216,A01,1.0,7.0,0,2,1,2,1.0,
202400011097,155 762 215,A01,1.0,7.0,13,0,7,14,1.0,
202400011098,155 762 213,A01,1.0,7.0,0,2,6,15,1.0,
202400011099,155 762 211,A01,1.0,33.0,0,2,1,17,1.0,
202400011100,155 762 209,A01,1.0,36.0,0,2,2,5,1.0,
202400011101,155 762 207,A01,1.0,7.0,4,2,3,14,1.0,
202400011102,155 762 206,A01,2.0,7.0,2,0,8,1,1.0,
202400011103,155 762 204,B01,1.0,7.0,0,2,1,1,1.0,
202400011104,155 762 203,A01,1.0,7.0,2,0,1,14,1.0,
202400011105,155 762 200,A01,2.0,7.0,0,2,1,9,1.0,
202400011106,155 762 199,B01,1.0,7.0,0,0,3,1,1.0,
202400011107,155 762 195,B01,3.0,7.0,0,0,8,0,1.0,
202400011108,155 762 194,C01,1.0,7.0,0,2,3,19,1.0,
202400011109,155 762 193,A01,2.0,7.0,3,0,1,1,1.0,
202400011110,155 762 191,A01,1.0,7.0,0,2,1,13,1.0,
202400011111,155 762 189,A01,2.0,7.0,0,2,1,1,3.0,
202400011112,155 762 187,A01,2.0,7.0,0,2,5,10,1.0,
202400011113,155 762 182,A01,1.0,7.0,0,2,2,15,1.0,
202400011114,155 762 181,D01,1.0,7.0,0,0,4,1,1.0,
202400011115,155 762 179,A01,2.0,7.0,13,0,2,14,1.0,
202400011116,155 762 178,B01,2.0,7.0,0,2,1,1,1.0,
202400011117,155 762 174,B01,2.0,7.0,0,2,1,1,1.0,