Num_Acc,id_vehicule,num_veh,senc,catv,obs,obsm,choc,manv,motor,occutc
202400011118,155 762 172,B01,1.0,7.0,0,2,1,0,1.0,
202400011119,155 762 168,A01,1.0,7.0,0,2,3,9,1.0,
202400011120,155 762 166,A01,1.0,33.0,0,0,0,1,1.0,
202400011121,155 762 163,A01,2.0,7.0,0,2,3,13,1.0,
202400011122,155 762 162,A01,2.0,7.0,0,2,5,15,1.0,
202400011123,155 762 160,A01,1.0,10.0,2,0,8,1,1.0,
202400011124,155 762 159,A01,1.0,7.0,0,2,8,1,1.0,
202400011125,155 762 158,A01,2.0,7.0,13,0,2,14,1.0,
202400011126,155 762 157,A01,1.0,7.0,1,0,2,1,1.0,
202400011127,155 762 155,A01,2.0,7.0,1,0,1,1,1.0,
202400011128,155 762 154,A01,3.0,2.0,0,0,1,1,1.0,
202400011129,155 762 153,A01,1.0,1.0,0,0,0,0,5.0,
202400011130,155 762 152,A01,1.0,1.0,0,0,0,1,5.0,
202400011131,155 762 149,B01,3.0,99.0,0,0,4,2,6.0,
202400011132,155 762 148,A01,3.0,7.0,6,0,1,1,1.0,
202400011133,155 762 147,A01,1.0,7.0,0,0,0,2,0.0,
202400011134,155 762 146,A01,2.0,7.0,17,0,8,1,1.0,
202400011135,155 762 144,B01,2.0,33.0,0,2,1,0,1.0,
202400011136,155 762 143,A01,1.0,10.0,0,1,2,1,0.0,
202400011137,155 762 141,A01,2.0,7.0,0,2,1,2,1.0,
202400011138,155 762 140,A01,3.0,7.0,0,0,0,2,1.0,
202400011139,155 762 138,A01,2.0,34.0,0,2,1,11,1.0,
202400011140,155 762 136,A01,2.0,7.0,3,0,3,0,1.0,
202400011141,155 762 135,A01,1.0,7.0,0,2,3,19,1.0,
202400011142,155 762 132,A01,2.0,33.0,0,2,3,2,1.0,
202400011143,155 762 131,A01,1.0,7.0,0,2,1,9,1.0,
202400011144,155 762 129,A01,2.0,7.0,0,2,7,0,1.0,
202400011145,155 762 126,A01,1.0,13.0,0,2,1,13,1.0,
202400011146,155 762 124,A01,1.0,7.0,0,2,4,0,1.0,
202400011147,155 762 122,A01,2.0,2.0,0,2,1,1,1.0,
202400011148,155 762 121,A01,1.0,7.0,4,0,1,1,1.0,
202400011149,155 762 120,A01,1.0,7.0,13,0,0,1,1.0,
202400011150,155 762 119,A01,2.0,7.0,0,0,9,1,1.0,
202400011151,155 762 118,A01,1.0,7.0,13,0,9,14,1.0,
202400011152,155 762 116,A01,1.0,7.0,9,2,2,15,1.0,
202400011153,155 762 112,A01,1.0,33.0,0,2,3,3,1.0,
202400011154,155 762 110,B01,2.0,17.0,0,0,4,1,1.0,
202400011155,155 762 108,A01,2.0,2.0,0,2,7,9,1.0,
202400011156,155 762 107,A01,3.0,7.0,6,0,2,14,1.0,
202400011157,155 762 106,A01,2.0,7.0,2,0,9,1,1.0,
202400011158,155 762 104,A01,2.0,7.0,0,2,3,13,1.0,
202400011159,155 762 102,B01,1.0,7.0,0,2,8,1,1.0,
202400011160,155 762 100,A01,1.0,7.0,0,2,3,13,1.0,
202400011161,155 762 098,A01,1.0,2.0,0,2,0,1,1.0,
202400011162,155 762 097,A01,1.0,7.0,0,0,0,1,1.0,
202400011163,155 762 095,A01,1.0,10.0,0,2,7,19,1.0,
202400011164,155 762 093,B01,3.0,7.0,6,2,2,1,1.0,
202400011165,155 762 092,A01,3.0,7.0,0,1,1,1,1.0,
202400011166,155 762 087,A01,1.0,7.0,0,0,2,13,1.0,
202400011167,155 762 085,A01,1.0,7.0,0,2,4,1,3.0,
202400011168,155 762 083,B01,1.0,7.0,0,2,4,2,1.0,
202400011169,155 762 081,B01,2.0,7.0,0,2,1,0,1.0,
202400011170,155 762 079,A01,2.0,33.0,0,2,1,26,1.0,
202400011171,155 762 077,A01,2.0,31.0,0,2,2,3,1.0,
202400011172,155 762 075,A01,2.0,14.0,0,2,2,2,1.0,
202400011173,155 762 073,A01,2.0,34.0,0,2,1,2,1.0,
202400011174,155 762 072,A01,2.0,7.0,4,0,1,1,1.0,
202400011175,155 762 070,A01,1.0,7.0,0,2,7,12,1.0,
202400011176,155 762 067,C01,1.0,7.0,0,2,4,2,1.0,
202400011177,155 762 065,A01,1.0,7.0,0,2,1,1,1.0,
202400011178,155 762 062,A01,2.0,33.0,0,2,7,3,1.0,
202400011179,155 762 060,B01,1.0,37.0,0,2,3,1,1.0,1
202400011180,155 762 058,B01,1.0,17.0,0,2,1,0,1.0,
202400011181,155 762 056,A01,3.0,43.0,0,2,1,26,1.0,
202400011182,155 762 054,A01,1.0,7.0,0,9,7,1,1.0,
202400011183,155 762 052,B01,2.0,36.0,0,2,0,2,1.0,
202400011184,155 762 051,A01,3.0,7.0,0,1,0,0,0.0,
202400011185,155 762 050,A01,2.0,7.0,13,9,2,1,1.0,
202400011186,155 762 048,A01,1.0,99.0,0,2,1,1,1.0,
202400011187,155 762 046,B01,1.0,7.0,0,2,2,16,1.0,
202400011188,155 762 045,A01,0.0,7.0,0,1,2,1,1.0,
202400011189,155 762 044,Z01,3.0,50.0,0,0,0,1,3.0,
202400011190,155 762 042,B01,3.0,37.0,0,2,8,1,2.0,1
202400011191,155 762 040,A01,1.0,10.0,0,9,2,15,1.0,
202400011192,155 762 039,A01,2.0,30.0,0,0,0,0,1.0,
202400011193,155 762 036,A01,2.0,1.0,0,2,1,13,5.0,
202400011194,155 762 034,A01,1.0,7.0,0,2,3,13,1.0,
202400011195,155 762 032,A01,1.0,99.0,2,2,7,17,1.0,
202400011196,155 762 030,A01,0.0,7.0,0,2,1,1,1.0,
202400011197,155 762 029,A01,1.0,33.0,13,0,1,1,1.0,
202400011198,155 762 027,B01,2.0,33.0,0,2,7,1,1.0,
202400011199,155 762 026,A01,1.0,3.0,0,0,9,1,1.0,
202400011200,155 762 024,A01,1.0,10.0,0,9,3,17,1.0,
202400011201,155 762 022,A01,1.0,7.0,0,2,1,15,1.0,
202400011202,155 762 020,A01,1.0,7.0,0,2,1,17,1.0,
202400011203,155 762 019,A01,3.0,7.0,6,0,2,1,1.0,
202400011204,155 762 017,B01,1.0,1.0,0,2,9,1,5.0,
202400011205,155 762 016,A01,1.0,7.0,17,0,2,2,1.0,
202400011206,155 762 015,A01,2.0,50.0,0,0,0,0,3.0,
202400011207,155 762 013,A01,1.0,7.0,0,2,3,1,1.0,
202400011208,155 762 012,A01,1.0,7.0,0,0,8,2,1.0,
202400011209,155 762 010,A01,1.0,7.0,0,0,4,2,,
202400011210,155 762 009,A01,1.0,42.0,0,0,0,0,1.0,
202400011211,155 762 007,B01,1.0,37.0,0,2,2,1,1.0,1
202400011212,155 762 006,A01,3.0,30.0,12,0,6,1,1.0,
202400011213,155 762 005,A01,1.0,7.0,0,1,1,15,1.0,
202400011214,155 762 004,A01,2.0,7.0,15,0,2,16,1.0,
202400011215,155 762 003,A01,1.0,30.0,0,0,7,1,1.0,
202400011216,155 762 000,C01,2.0,7.0,0,2,1,1,2.0,
202400011217,155 761 998,A01,1.0,30.0,1,0,1,1,1.0,
202400011218,155 761 997,A01,1.0,7.0,0,0,9,1,1.0,
202400011219,155 761 995,B01,2.0,7.0,0,2,1,21,1.0,
202400011220,155 761 992,B01,2.0,33.0,15,2,0,1,1.0,
202400011221,155 761 991,A01,2.0,2.0,0,0,0,1,1.0,
202400011222,155 761 989,A01,3.0,7.0,0,2,1,5,1.0,
202400011223,155 761 988,A01,1.0,7.0,0,0,9,13,1.0,
202400011224,155 761 986,A01,1.0,7.0,0,2,5,12,1.0,
202400011225,155 761 985,A01,2.0,2.0,9,0,1,14,1.0,
202400011226,155 761 983,A01,2.0,31.0,0,2,8,1,1.0,
202400011227,155 761 981,B01,1.0,7.0,8,2,3,1,1.0,
202400011228,155 761 980,A01,2.0,7.0,0,1,1,1,1.0,
202400011229,155 761 979,A01,2.0,7.0,7,0,0,1,1.0,
202400011230,155 761 977,B01,0.0,7.0,0,2,1,0,1.0,
202400011231,155 761 976,A01,3.0,7.0,11,0,3,0,1.0,
202400011232,155 761 974,A01,2.0,2.0,0,2,1,5,1.0,
202400011233,155 761 973,A01,2.0,17.0,0,0,2,2,1.0,
202400011234,155 761 971,A01,1.0,7.0,0,2,1,1,1.0,
202400011235,155 761 969,A01,3.0,7.0,0,2,3,0,1.0,
202400011236,155 761 967,B01,1.0,7.0,0,2,8,13,1.0,
202400011237,155 761 965,B01,2.0,7.0,0,2,3,15,1.0,
202400011238,155 761 963,B01,0.0,33.0,0,2,1,2,1.0,
202400011239,155 761 961,A01,1.0,7.0,0,0,4,15,1.0,
202400011240,155 761 960,A01,2.0,7.0,0,0,9,1,1.0,
202400011241,155 761 959,A01,1.0,7.0,4,0,1,0,1.0,
202400011242,155 761 957,A01,3.0,2.0,1,0,7,1,3.0,
202400011243,155 761 955,A01,0.0,99.0,0,2,1,13,3.0,
202400011244,155 761 953,A01,2.0,2.0,0,2,1,1,6.0,
202400011245,155 761 951,A01,1.0,7.0,0,2,2,17,1.0,
202400011246,155 761 949,A01,1.0,7.0,0,2,1,13,1.0,
202400011247,155 761 948,A01,2.0,7.0,0,1,3,1,1.0,
202400011248,155 761 946,B01,2.0,1.0,0,2,3,21,5.0,
202400011249,155 761 945,A01,1.0,15.0,2,0,1,1,1.0,
202400011250,155 761 944,A01,2.0,7.0,13,0,1,1,1.0,
202400011251,155 761 942,A01,0.0,7.0,0,9,1,2,1.0,
202400011252,155 761 937,A01,2.0,7.0,0,2,4,2,1.0,
202400011253,155 761 935,A01,1.0,7.0,3,9,2,2,1.0,
202400011254,155 761 934,A01,2.0,7.0,4,0,8,1,1.0,
202400011255,155 761 932,B01,2.0,7.0,0,2,4,1,1.0,
202400011256,155 761 931,A01,1.0,10.0,3,0,9,1,1.0,
202400011257,155 761 929,A01,1.0,10.0,0,2,1,1,1.0,
202400011258,155 761 928,A01,2.0,7.0,4,0,1,1,1.0,
202400011259,155 761 927,A01,1.0,33.0,4,0,1,1,1.0,
202400011260,155 761 923,B01,2.0,7.0,0,2,4,2,1.0,
202400011261,155 761 921,A01,2.0,10.0,3,2,1,1,1.0,
202400011262,155 761 920,A01,1.0,7.0,2,0,1,0,1.0,
202400011263,155 761 919,A01,1.0,13.0,4,0,2,0,1.0,
202400011264,155 761 917,A01,2.0,10.0,0,2,3,10,1.0,
202400011265,155 761 915,B01,1.0,7.0,0,2,1,15,1.0,
202400011266,155 761 913,A01,3.0,34.0,0,2,1,17,1.0,
202400011267,155 761 911,A01,1.0,31.0,0,2,1,11,1.0,
202400011268,155 761 909,B01,2.0,7.0,0,0,0,0,1.0,
202400011269,155 761 908,A01,3.0,7.0,0,1,1,15,1.0,
202400011270,155 761 905,B01,1.0,7.0,1,2,3,1,1.0,
202400011271,155 761 904,A01,1.0,7.0,0,2,1,5,1.0,
202400011272,155 761 903,A01,1.0,30.0,0,0,1,0,1.0,
202400011273,155 761 901,A01,2.0,7.0,0,2,1,1,1.0,
202400011274,155 761 900,A01,3.0,50.0,0,1,1,25,3.0,
202400011275,155 761 897,A01,3.0,1.0,0,0,0,0,5.0,
202400011276,155 761 898,B01,1.0,10.0,0,2,4,2,1.0,
202400011277,155 761 895,B01,1.0,7.0,0,2,4,2,2.0,
202400011278,155 761 893,A01,1.0,30.0,0,2,0,0,0.0,
202400011279,155 761 890,A01,3.0,30.0,0,1,1,1,1.0,
202400011280,155 761 891,B01,3.0,3.0,0,0,0,0,3.0,
202400011281,155 761 888,A01,2.0,7.0,0,2,3,1,1.0,
202400011282,155 761 884,C01,1.0,7.0,0,2,4,2,1.0,
202400011283,155 761 883,B01,2.0,33.0,0,2,1,1,1.0,
202400011284,155 761 880,A01,2.0,7.0,0,2,2,26,1.0,
202400011285,155 761 881,A01,0.0,80.0,0,2,1,0,0.0,
202400011286,155 761 877,A01,3.0,2.0,0,2,1,9,1.0,
202400011287,155 761 876,B01,1.0,7.0,0,2,2,16,1.0,
202400011288,155 761 874,A01,2.0,33.0,0,2,1,13,1.0,
202400011289,155 761 873,A01,1.0,30.0,12,0,1,1,1.0,
202400011290,155 761 872,A01,2.0,32.0,0,0,8,1,1.0,
202400011291,155 761 871,A01,1.0,7.0,0,1,1,1,1.0,
202400011292,155 761 869,B01,2.0,7.0,0,2,2,15,1.0,
202400011293,155 761 868,A01,3.0,30.0,1,1,1,1,1.0,
202400011294,155 761 866,A01,1.0,7.0,0,2,1,2,1.0,
202400011295,155 761 864,A01,1.0,7.0,0,2,1,13,1.0,
202400011296,155 761 863,A01,1.0,7.0,2,0,2,13,0.0,
202400011297,155 761 861,A01,1.0,10.0,0,2,4,1,1.0,
202400011298,155 761 859,B01,1.0,15.0,0,2,5,1,0.0,
202400011299,155 761 855,B01,2.0,7.0,0,2,6,1,1.0,
202400011300,155 761 852,A01,2.0,10.0,0,2,2,15,1.0,
202400011301,155 761 851,B01,2.0,1.0,0,2,1,1,5.0,
202400011302,155 761 849,A01,2.0,7.0,0,1,1,1,1.0,
202400011303,155 761 848,A01,2.0,7.0,0,2,1,1,1.0,
202400011304,155 761 846,A01,3.0,7.0,0,2,1,26,1.0,
202400011305,155 761 845,A01,3.0,1.0,0,0,0,26,5.0,
202400011306,155 761 842,B01,1.0,33.0,0,2,7,1,0.0,
202400011307,155 761 841,B01,1.0,2.0,0,2,0,1,1.0,
202400011308,155 761 839,B01,2.0,80.0,0,2,1,1,3.0,
202400011309,155 761 837,B01,2.0,7.0,0,2,4,26,1.0,
202400011310,155 761 835,A01,1.0,2.0,0,0,7,1,1.0,
202400011311,155 761 834,A01,1.0,7.0,0,2,3,13,1.0,
202400011312,155 761 831,A01,1.0,7.0,8,0,2,26,1.0,
202400011313,155 761 829,A01,3.0,7.0,0,1,1,1,1.0,
202400011314,155 761 826,B01,2.0,10.0,0,2,2,0,1.0,
202400011315,155 761 825,A01,1.0,7.0,0,2,3,15,1.0,
202400011316,155 761 824,A01,2.0,7.0,0,1,2,26,1.0,
202400011317,155 761 822,A01,3.0,7.0,0,2,7,19,1.0,
202400011318,155 761 821,A01,1.0,7.0,0,2,6,14,1.0,
202400011319,155 761 818,A01,2.0,7.0,0,2,1,19,2.0,
202400011320,155 761 817,A01,2.0,10.0,0,2,4,2,1.0,
202400011321,155 761 816,A01,2.0,7.0,0,1,0,1,1.0,
202400011322,155 761 814,A01,2.0,7.0,0,2,1,2,1.0,
202400011323,155 761 812,A01,2.0,34.0,0,2,2,17,1.0,
202400011324,155 761 808,B01,1.0,33.0,0,2,1,1,1.0,
202400011325,155 761 807,B01,2.0,7.0,0,2,8,9,1.0,
202400011326,155 761 806,A01,0.0,7.0,0,1,1,1,0.0,
202400011327,155 761 804,A01,1.0,32.0,0,2,1,3,1.0,
202400011328,155 761 802,A01,2.0,7.0,0,2,8,13,1.0,
202400011329,155 761 800,B01,1.0,33.0,0,2,8,3,3.0,
202400011330,155 761 798,B01,3.0,7.0,0,2,1,0,1.0,
202400011331,155 761 796,A01,1.0,7.0,0,2,5,14,2.0,
202400011332,155 761 794,B01,2.0,32.0,0,2,3,2,1.0,
202400011333,155 761 792,A01,1.0,33.0,0,2,8,3,1.0,
202400011334,155 761 790,A01,1.0,7.0,8,2,1,13,1.0,
202400011335,155 761 788,A01,3.0,33.0,0,0,8,26,1.0,
202400011336,155 761 789,A01,2.0,7.0,0,1,2,1,1.0,
202400011337,155 761 785,A01,3.0,7.0,0,2,2,1,1.0,
202400011338,155 761 784,A01,3.0,7.0,0,2,2,16,1.0,
202400011339,155 761 782,B01,0.0,33.0,0,2,7,1,1.0,
202400011340,155 761 780,A01,1.0,7.0,8,0,1,1,1.0,
202400011341,155 761 779,A01,3.0,1.0,0,2,7,15,5.0,
202400011342,155 761 778,A01,1.0,30.0,2,0,1,0,1.0,
202400011343,155 761 777,A01,2.0,7.0,0,1,1,1,1.0,
202400011344,155 761 776,A01,2.0,31.0,0,1,1,1,1.0,
202400011345,155 761 774,B01,1.0,7.0,0,2,8,1,3.0,
202400011346,155 761 772,A01,1.0,50.0,0,2,1,5,3.0,
202400011347,155 761 770,A01,2.0,1.0,0,2,1,1,5.0,
202400011348,155 761 769,A01,2.0,1.0,13,0,1,1,5.0,
202400011349,155 761 768,A01,2.0,1.0,1,0,1,1,5.0,
202400011350,155 761 766,A01,3.0,7.0,0,2,1,1,1.0,
202400011351,155 761 765,A01,3.0,33.0,0,1,7,1,1.0,
202400011352,155 761 762,B01,3.0,80.0,0,2,4,1,3.0,
202400011353,155 761 761,B01,2.0,7.0,0,2,7,1,2.0,
202400011354,155 761 760,A01,3.0,1.0,0,1,1,1,5.0,
202400011355,155 761 758,B01,1.0,7.0,0,9,3,26,1.0,
202400011356,155 761 757,Z01,3.0,32.0,0,1,1,1,0.0,
202400011357,155 761 756,A01,1.0,31.0,0,0,2,1,1.0,
202400011358,155 761 753,A01,3.0,7.0,0,2,3,1,3.0,
202400011359,155 761 752,A01,3.0,2.0,0,2,1,26,3.0,
202400011360,155 761 751,A01,1.0,2.0,8,0,1,21,1.0,
202400011361,155 761 750,A01,3.0,7.0,0,1,3,1,2.0,
202400011362,155 761 748,B01,3.0,80.0,0,2,1,1,3.0,
202400011363,155 761 746,A01,1.0,80.0,0,2,1,1,3.0,
202400011364,155 761 745,Z01,2.0,1.0,0,1,1,25,5.0,
202400011365,155 761 744,A01,2.0,2.0,0,0,0,1,3.0,
202400011366,155 761 742,B01,1.0,7.0,0,2,2,16,1.0,
202400011367,155 761 740,B01,1.0,33.0,0,2,8,1,1.0,
202400011368,155 761 737,B01,1.0,7.0,0,2,4,2,1.0,
202400011369,155 761 736,B01,3.0,7.0,0,2,7,2,0.0,
202400011370,155 761 734,A01,1.0,10.0,12,0,1,1,1.0,
202400011371,155 761 733,A01,1.0,10.0,0,2,1,1,0.0,
202400011372,155 761 730,A01,1.0,7.0,0,2,7,1,1.0,
202400011373,155 761 729,A01,3.0,50.0,0,9,1,13,3.0,
202400011374,155 761 727,B01,3.0,7.0,0,2,2,1,0.0,
202400011375,155 761 725,B01,1.0,10.0,0,2,1,1,1.0,
202400011376,155 761 723,A01,3.0,10.0,0,2,2,16,1.0,
202400011377,155 761 722,A01,2.0,34.0,0,1,2,26,0.0,
202400011378,155 761 720,A01,1.0,7.0,0,2,0,0,1.0,
202400011379,155 761 718,A01,1.0,7.0,0,2,4,20,1.0,
202400011380,155 761 716,A01,1.0,7.0,0,2,2,16,2.0,
202400011381,155 761 715,A01,3.0,34.0,0,1,1,1,0.0,
202400011382,155 761 713,B01,3.0,14.0,0,0,0,0,1.0,
202400011383,155 761 711,B01,3.0,50.0,0,2,7,5,3.0,
202400011384,155 761 710,A01,2.0,7.0,6,0,3,13,1.0,
202400011385,155 761 708,A01,2.0,7.0,1,0,2,1,1.0,
202400011386,155 761 707,A01,2.0,7.0,0,2,1,1,1.0,
202400011387,155 761 706,A01,1.0,31.0,0,0,8,1,1.0,
202400011388,155 761 704,A01,1.0,31.0,0,0,0,1,1.0,
202400011389,155 761 705,A01,1.0,15.0,0,1,7,1,1.0,
202400011390,155 761 700,A01,2.0,7.0,0,2,1,1,1.0,
202400011391,155 761 701,A01,1.0,7.0,0,2,3,2,1.0,
202400011392,155 761 696,A01,3.0,7.0,0,2,1,15,1.0,
202400011393,155 761 697,A01,1.0,7.0,0,2,1,1,1.0,
202400011394,155 761 694,A01,1.0,33.0,6,2,3,17,0.0,
202400011395,155 761 693,A01,1.0,7.0,0,1,1,16,1.0,
202400011396,155 761 692,A01,1.0,7.0,4,0,8,2,1.0,
202400011397,155 761 689,A01,1.0,7.0,0,2,1,26,1.0,
202400011398,155 761 687,A01,1.0,7.0,0,2,2,13,1.0,
202400011399,155 761 685,B01,3.0,33.0,0,2,1,1,1.0,
202400011400,155 761 684,A01,1.0,7.0,2,0,2,1,1.0,
202400011401,155 761 682,A01,2.0,34.0,0,1,1,1,1.0,
202400011402,155 761 681,A01,1.0,7.0,0,2,3,9,1.0,
202400011403,155 761 678,A01,3.0,43.0,0,2,3,9,1.0,
202400011404,155 761 676,B01,2.0,2.0,0,2,1,13,1.0,
202400011405,155 761 674,A01,1.0,7.0,0,2,8,11,1.0,
202400011406,155 761 673,A01,1.0,7.0,6,0,1,15,1.0,
202400011407,155 761 672,A01,0.0,2.0,6,0,1,1,1.0,
202400011408,155 761 671,A01,1.0,7.0,0,0,1,13,1.0,
202400011409,155 761 668,B01,1.0,7.0,0,2,1,1,1.0,
202400011410,155 761 666,A01,2.0,10.0,0,2,2,2,1.0,
202400011411,155 761 664,A01,1.0,7.0,0,2,2,1,1.0,
202400011412,155 761 662,B01,2.0,33.0,0,2,8,1,1.0,
202400011413,155 761 661,A01,1.0,2.0,12,0,1,1,1.0,
202400011414,155 761 657,B01,1.0,2.0,0,2,8,15,1.0,
202400011415,155 761 656,A01,1.0,7.0,0,2,3,13,1.0,
202400011416,155 761 655,A01,1.0,2.0,3,0,8,13,1.0,
202400011417,155 761 653,B01,1.0,21.0,0,2,1,1,0.0,
202400011418,155 761 652,A01,1.0,7.0,13,0,3,0,1.0,
202400011419,155 761 651,A01,2.0,31.0,12,0,7,1,1.0,
202400011420,155 761 650,A01,1.0,36.0,0,0,0,1,1.0,
202400011421,155 761 649,A01,2.0,2.0,3,0,1,0,1.0,
202400011422,155 761 648,A01,1.0,7.0,0,1,0,1,1.0,
202400011423,155 761 647,A01,1.0,7.0,4,0,1,17,1.0,
202400011424,155 761 646,A01,1.0,1.0,12,0,0,0,5.0,
202400011425,155 761 645,A01,1.0,7.0,0,1,3,21,1.0,
202400011426,155 761 644,A01,2.0,1.0,5,0,2,1,5.0,
202400011427,155 761 640,A01,3.0,1.0,0,2,7,1,5.0,
202400011428,155 761 641,A01,1.0,7.0,2,0,3,13,1.0,
202400011429,155 761 639,A01,2.0,7.0,15,0,1,1,1.0,
202400011430,155 761 637,A01,2.0,7.0,3,2,3,1,1.0,
202400011431,155 761 636,A01,2.0,37.0,0,1,1,15,3.0,1
202400011432,155 761 635,A01,1.0,7.0,1,0,2,1,1.0,
202400011433,155 761 632,A01,1.0,7.0,0,1,1,16,1.0,
202400011434,155 761 631,A01,2.0,33.0,8,0,1,1,1.0,
202400011435,155 761 628,A01,1.0,7.0,13,0,9,14,1.0,
202400011436,155 761 627,A01,1.0,7.0,13,2,1,1,1.0,
202400011437,155 761 626,A01,1.0,7.0,13,0,9,0,1.0,
202400011438,155 761 625,A01,1.0,7.0,15,9,1,1,1.0,
202400011439,155 761 622,A01,1.0,10.0,0,2,3,13,1.0,
202400011440,155 761 621,A01,1.0,7.0,0,2,3,13,1.0,
202400011441,155 761 618,B01,2.0,7.0,0,2,7,1,1.0,
202400011442,155 761 617,A01,1.0,10.0,0,2,2,1,1.0,
202400011443,155 761 615,A01,1.0,7.0,0,2,1,1,1.0,
202400011444,155 761 613,A01,1.0,2.0,0,2,1,26,1.0,
202400011445,155 761 609,B01,1.0,10.0,0,9,3,1,1.0,
202400011446,155 761 605,A01,1.0,7.0,0,2,2,17,1.0,
202400011447,155 761 603,B01,1.0,7.0,4,0,4,1,1.0,
202400011448,155 761 602,A01,2.0,7.0,13,0,9,2,1.0,
202400011449,155 761 600,B01,1.0,7.0,0,0,3,15,1.0,
202400011450,155 761 599,A01,3.0,33.0,12,1,3,26,1.0,
202400011451,155 761 598,A01,3.0,36.0,13,0,2,15,1.0,
202400011452,155 761 596,A01,2.0,7.0,13,0,1,1,1.0,
202400011453,155 761 597,A01,2.0,33.0,0,0,9,9,1.0,
202400011454,155 761 593,A01,3.0,34.0,0,2,1,2,1.0,
202400011455,155 761 592,B01,1.0,7.0,0,2,3,1,1.0,
202400011456,155 761 589,A01,1.0,14.0,0,2,2,1,1.0,
202400011457,155 761 588,B01,1.0,10.0,0,9,5,15,1.0,
202400011458,155 761 586,A01,1.0,33.0,0,2,1,1,1.0,
202400011459,155 761 585,A01,0.0,7.0,2,0,1,26,1.0,
202400011460,155 761 584,A01,2.0,2.0,16,0,8,13,1.0,
202400011461,155 761 583,A01,1.0,7.0,0,0,0,6,1.0,
202400011462,155 761 582,A01,1.0,33.0,0,5,1,1,1.0,
202400011463,155 761 580,A01,1.0,7.0,0,2,1,17,1.0,
202400011464,155 761 578,A01,1.0,7.0,0,2,1,13,1.0,
202400011465,155 761 575,A01,2.0,7.0,0,2,8,9,6.0,
202400011466,155 761 574,A01,2.0,17.0,0,0,0,0,0.0,
202400011467,155 761 571,A01,1.0,7.0,0,0,2,15,1.0,
202400011468,155 761 570,A01,2.0,7.0,0,2,2,15,1.0,
202400011469,155 761 569,A01,3.0,1.0,0,0,-1,23,5.0,
202400011470,155 761 567,A01,2.0,7.0,0,2,1,0,1.0,
202400011471,155 761 565,A01,1.0,7.0,0,0,8,19,1.0,
202400011472,155 761 561,C01,2.0,7.0,0,0,4,1,2.0,
202400011473,155 761 560,B01,1.0,33.0,15,0,1,1,1.0,
202400011474,155 761 559,A01,3.0,7.0,14,0,1,2,1.0,
202400011475,155 761 558,A01,2.0,36.0,8,0,9,1,1.0,
202400011476,155 761 557,A01,1.0,7.0,0,9,1,1,1.0,
202400011477,155 761 556,A01,1.0,7.0,16,0,1,0,1.0,
202400011478,155 761 553,A01,1.0,7.0,0,2,1,2,1.0,
202400011479,155 761 552,A01,2.0,10.0,0,2,1,17,1.0,
202400011480,155 761 551,A01,1.0,33.0,16,0,1,16,1.0,
202400011481,155 761 548,A01,1.0,7.0,4,2,1,14,1.0,
202400011482,155 761 547,B01,1.0,33.0,0,2,1,1,1.0,
202400011483,155 761 544,B01,2.0,7.0,0,2,6,13,1.0,
202400011484,155 761 543,A01,2.0,7.0,0,2,2,19,1.0,
202400011485,155 761 541,A01,1.0,7.0,4,2,1,9,3.0,
202400011486,155 761 538,A01,1.0,7.0,3,0,1,1,1.0,
202400011487,155 761 536,A01,1.0,7.0,0,2,1,1,1.0,
202400011488,155 761 532,A01,2.0,10.0,2,0,1,0,1.0,
202400011489,155 761 533,A01,2.0,33.0,0,2,2,3,1.0,
202400011490,155 761 530,A01,2.0,7.0,4,0,1,1,1.0,
202400011491,155 761 529,A01,1.0,21.0,0,2,3,13,1.0,
202400011492,155 761 524,A01,1.0,30.0,0,2,1,17,1.0,
202400011493,155 761 522,A01,1.0,33.0,15,0,8,1,1.0,
202400011494,155 761 520,C01,2.0,7.0,0,2,4,2,1.0,
202400011495,155 761 518,A01,1.0,7.0,0,2,1,1,1.0,
202400011496,155 761 517,A01,2.0,7.0,0,1,2,2,1.0,
202400011497,155 761 516,A01,1.0,7.0,16,0,0,1,1.0,
202400011498,155 761 513,B01,3.0,7.0,0,2,3,1,1.0,
202400011499,155 761 512,A01,1.0,7.0,0,9,2,16,1.0,
202400011500,155 761 511,A01,2.0,32.0,8,0,1,1,1.0,
202400011501,155 761 509,A01,2.0,1.0,0,2,1,1,5.0,
202400011502,155 761 507,B01,2.0,33.0,0,2,7,1,1.0,
202400011503,155 761 505,A01,1.0,33.0,0,2,1,17,1.0,
202400011504,155 761 503,A01,2.0,2.0,0,2,1,5,1.0,
202400011505,155 761 501,A01,1.0,50.0,0,2,0,0,3.0,
202400011506,155 761 499,B01,2.0,2.0,0,2,1,1,1.0,
202400011507,155 761 496,A01,1.0,7.0,0,2,1,19,1.0,
202400011508,155 761 495,B01,2.0,1.0,0,2,1,5,5.0,
202400011509,155 761 492,A01,2.0,33.0,0,2,3,17,1.0,
202400011510,155 761 491,B01,3.0,7.0,0,2,1,1,1.0,
202400011511,155 761 489,A01,1.0,2.0,0,2,2,1,1.0,
202400011512,155 761 487,A01,1.0,34.0,0,2,1,17,1.0,
202400011513,155 761 486,A01,1.0,7.0,0,1,2,1,1.0,
202400011514,155 761 485,A01,1.0,10.0,0,1,2,1,1.0,