Num_Acc,id_vehicule,num_veh,senc,catv,obs,obsm,choc,manv,motor,occutc
202400011515,155 761 481,A01,2.0,7.0,1,0,4,1,1.0,
202400011516,155 761 480,A01,2.0,2.0,0,2,8,1,3.0,
202400011517,155 761 478,B01,1.0,7.0,0,2,3,1,1.0,
202400011518,155 761 476,A01,2.0,7.0,0,2,0,0,1.0,
202400011519,155 761 474,A01,2.0,7.0,13,2,2,13,1.0,
202400011520,155 761 473,Z01,3.0,0.0,0,0,0,0,0.0,
202400011521,155 761 471,A01,2.0,7.0,0,2,7,13,1.0,
202400011522,155 761 470,A01,1.0,7.0,0,1,2,21,1.0,
202400011523,155 761 468,A01,1.0,7.0,0,2,2,15,1.0,
202400011524,155 761 467,B01,0.0,50.0,1,0,3,0,3.0,
202400011525,155 761 465,A01,2.0,7.0,0,2,3,6,3.0,
202400011526,155 761 464,A01,2.0,10.0,0,1,1,1,1.0,
202400011527,155 761 463,A01,2.0,31.0,13,0,0,1,1.0,
202400011528,155 761 459,A01,1.0,7.0,0,0,1,1,1.0,
202400011529,155 761 458,C01,2.0,7.0,0,2,1,23,2.0,
202400011530,155 761 456,A01,1.0,7.0,0,0,4,9,1.0,
202400011531,155 761 453,B01,1.0,7.0,0,2,3,1,1.0,
202400011532,155 761 451,A01,1.0,31.0,0,2,1,13,1.0,
202400011533,155 761 447,A01,3.0,7.0,0,2,1,9,1.0,
202400011534,155 761 445,A01,1.0,7.0,0,0,3,9,1.0,
202400011535,155 761 444,A01,1.0,7.0,0,0,-1,1,1.0,
202400011536,155 761 440,A01,1.0,7.0,0,2,2,16,1.0,
202400011537,155 761 441,B01,2.0,33.0,0,2,1,1,1.0,
202400011538,155 761 436,A01,2.0,7.0,0,2,2,15,1.0,
202400011539,155 761 437,A01,2.0,7.0,0,2,1,17,1.0,
202400011540,155 761 435,A01,3.0,7.0,2,0,1,26,1.0,
202400011541,155 761 434,A01,1.0,33.0,0,0,8,1,1.0,
202400011542,155 761 431,A01,0.0,50.0,0,2,1,7,3.0,
202400011543,155 761 430,A01,3.0,1.0,0,2,3,13,5.0,
202400011544,155 761 427,A01,1.0,80.0,0,2,1,1,3.0,
202400011545,155 761 422,B01,1.0,1.0,0,2,2,0,5.0,
202400011546,155 761 419,D01,2.0,7.0,0,0,1,0,0.0,
202400011547,155 761 415,A01,1.0,2.0,0,2,7,1,1.0,
202400011548,155 761 414,A01,1.0,33.0,0,2,1,17,1.0,
202400011549,155 761 410,B01,1.0,7.0,0,0,8,1,1.0,
202400011550,155 761 411,A01,2.0,33.0,0,2,2,18,1.0,
202400011551,155 761 406,A01,2.0,7.0,15,2,7,15,1.0,
202400011552,155 761 405,A01,1.0,7.0,0,1,2,1,1.0,
202400011553,155 761 402,A01,2.0,7.0,0,2,1,13,1.0,
202400011554,155 761 401,A01,2.0,2.0,0,0,0,1,1.0,
202400011555,155 761 399,B01,1.0,1.0,0,0,4,2,5.0,
202400011556,155 761 397,B01,2.0,7.0,3,2,2,14,1.0,
202400011557,155 761 394,C01,1.0,7.0,0,2,1,1,1.0,
202400011558,155 761 388,B01,1.0,7.0,1,0,1,14,1.0,
202400011559,155 761 387,A01,1.0,7.0,5,0,2,14,1.0,
202400011560,155 761 385,A01,2.0,33.0,0,2,5,2,1.0,
202400011561,155 761 383,A01,1.0,7.0,0,2,0,12,1.0,
202400011562,155 761 380,C01,1.0,7.0,0,2,4,2,1.0,
202400011563,155 761 378,B01,1.0,17.0,0,2,4,2,1.0,
202400011564,155 761 376,A01,2.0,7.0,5,0,2,1,1.0,
202400011565,155 761 373,A01,2.0,10.0,0,2,1,1,1.0,
202400011566,155 761 372,A01,1.0,7.0,4,0,1,21,1.0,
202400011567,155 761 370,A01,2.0,7.0,0,2,8,11,1.0,
202400011568,155 761 369,B01,1.0,7.0,6,0,1,1,1.0,
202400011569,155 761 367,A01,1.0,43.0,0,2,2,3,1.0,
202400011570,155 761 365,A01,1.0,7.0,0,2,1,2,1.0,
202400011571,155 761 362,A01,1.0,33.0,0,2,1,3,1.0,
202400011572,155 761 360,A01,1.0,7.0,4,2,2,1,1.0,
202400011573,155 761 358,A01,2.0,33.0,0,2,3,3,1.0,
202400011574,155 761 356,A01,2.0,7.0,0,2,1,2,1.0,
202400011575,155 761 354,B01,2.0,43.0,0,2,1,3,1.0,
202400011576,155 761 352,B01,1.0,7.0,0,2,1,2,1.0,
202400011577,155 761 350,B01,1.0,10.0,0,2,4,2,1.0,
202400011578,155 761 349,A01,1.0,7.0,0,1,1,15,1.0,
202400011579,155 761 348,A01,1.0,30.0,13,0,1,1,1.0,
202400011580,155 761 346,A01,2.0,7.0,0,2,0,0,1.0,
202400011581,155 761 344,A01,1.0,7.0,0,2,8,15,1.0,
202400011582,155 761 342,A01,1.0,7.0,0,1,3,1,1.0,
202400011583,155 761 340,A01,0.0,30.0,14,2,1,17,1.0,
202400011584,155 761 338,A01,1.0,7.0,0,2,3,22,2.0,
202400011585,155 761 337,A01,0.0,7.0,0,1,4,4,1.0,
202400011586,155 761 336,A01,2.0,7.0,0,1,3,15,2.0,
202400011587,155 761 334,B01,3.0,1.0,0,2,8,19,5.0,
202400011588,155 761 332,A01,1.0,7.0,8,2,1,15,1.0,
202400011589,155 761 331,A01,2.0,7.0,0,1,3,1,1.0,
202400011590,155 761 329,A01,1.0,7.0,4,0,2,14,3.0,
202400011591,155 761 328,A01,2.0,33.0,0,0,8,1,1.0,
202400011592,155 761 326,A01,1.0,7.0,1,2,1,14,1.0,
202400011593,155 761 323,C01,2.0,7.0,0,2,2,1,1.0,
202400011594,155 761 322,A01,2.0,37.0,0,1,2,21,2.0,1
202400011595,155 761 320,A01,1.0,14.0,0,2,2,9,1.0,
202400011596,155 761 318,A01,1.0,50.0,0,2,1,9,3.0,
202400011597,155 761 316,B01,3.0,1.0,0,2,1,26,5.0,
202400011598,155 761 315,A01,3.0,7.0,0,1,1,1,1.0,
202400011599,155 761 313,A01,2.0,7.0,0,2,7,15,1.0,
202400011600,155 761 311,A01,3.0,7.0,0,9,8,15,1.0,
202400011601,155 761 309,B01,2.0,31.0,0,2,1,1,1.0,
202400011602,155 761 307,A01,2.0,7.0,0,2,3,13,3.0,
202400011603,155 761 305,B01,2.0,7.0,0,2,7,1,0.0,
202400011604,155 761 304,A01,2.0,7.0,2,0,1,13,1.0,
202400011605,155 761 302,A01,2.0,31.0,0,2,0,9,1.0,
202400011606,155 761 300,A01,2.0,2.0,0,2,1,1,1.0,
202400011607,155 761 299,A01,2.0,7.0,0,1,3,15,1.0,
202400011608,155 761 298,A01,3.0,7.0,6,0,1,1,1.0,
202400011609,155 761 296,A01,2.0,7.0,0,2,3,15,1.0,
202400011610,155 761 293,B01,0.0,7.0,0,0,0,0,0.0,
202400011611,155 761 291,A01,1.0,7.0,1,2,8,15,1.0,
202400011612,155 761 289,A01,3.0,43.0,0,2,7,17,1.0,
202400011613,155 761 286,A01,2.0,33.0,0,2,1,1,1.0,
202400011614,155 761 285,A01,0.0,32.0,0,2,2,17,1.0,
202400011615,155 761 283,A01,3.0,7.0,0,2,1,26,6.0,
202400011616,155 761 281,B01,2.0,7.0,8,2,7,10,1.0,
202400011617,155 761 280,A01,1.0,7.0,0,1,2,1,1.0,
202400011618,155 761 278,B01,2.0,7.0,0,2,6,1,1.0,
202400011619,155 761 276,A01,2.0,43.0,0,2,1,3,1.0,
202400011620,155 761 274,A01,1.0,31.0,0,2,2,1,1.0,
202400011621,155 761 272,A01,2.0,1.0,0,0,0,0,5.0,
202400011622,155 761 271,A01,1.0,32.0,0,1,7,1,1.0,
202400011623,155 761 270,A01,1.0,1.0,1,0,1,21,5.0,
202400011624,155 761 268,A01,3.0,30.0,9,2,3,17,3.0,
202400011625,155 761 266,A01,2.0,7.0,0,2,3,13,1.0,
202400011626,155 761 265,A01,2.0,2.0,0,0,0,1,3.0,
202400011627,155 761 264,A01,1.0,7.0,1,0,2,1,1.0,
202400011628,155 761 263,A01,1.0,7.0,9,0,1,26,1.0,
202400011629,155 761 261,B01,1.0,33.0,0,2,2,1,1.0,
202400011630,155 761 260,A01,3.0,7.0,0,1,1,26,0.0,
202400011631,155 761 258,A01,0.0,37.0,0,0,0,0,4.0,1
202400011632,155 761 256,B01,3.0,7.0,0,2,1,1,3.0,
202400011633,155 761 254,B01,0.0,7.0,0,0,6,1,1.0,
202400011634,155 761 253,A01,1.0,7.0,0,1,3,1,1.0,
202400011635,155 761 251,A01,2.0,32.0,0,2,7,1,1.0,
202400011636,155 761 250,A01,0.0,7.0,0,1,2,16,1.0,
202400011637,155 761 248,A01,1.0,7.0,0,2,1,9,1.0,
202400011638,155 761 246,A01,1.0,32.0,0,2,0,1,1.0,
202400011639,155 761 245,A01,2.0,33.0,0,0,3,1,1.0,
202400011640,155 761 244,A01,1.0,7.0,3,0,9,2,1.0,
202400011641,155 761 243,A01,2.0,7.0,2,0,2,17,1.0,
202400011642,155 761 242,A01,2.0,32.0,0,0,0,13,1.0,
202400011643,155 761 241,A01,3.0,2.0,0,0,9,2,1.0,
202400011644,155 761 239,A01,1.0,7.0,0,2,1,0,1.0,
202400011645,155 761 238,A01,2.0,7.0,3,1,2,1,1.0,
202400011646,155 761 236,B01,1.0,33.0,0,2,2,17,1.0,
202400011647,155 761 234,A01,1.0,38.0,0,0,4,2,1.0,1
202400011648,155 761 232,B01,2.0,10.0,0,0,8,1,1.0,
202400011649,155 761 230,B01,2.0,2.0,0,2,3,1,1.0,
202400011650,155 761 228,A01,2.0,33.0,0,2,2,17,1.0,
202400011651,155 761 227,A01,1.0,7.0,13,0,9,1,1.0,
202400011652,155 761 226,A01,2.0,7.0,2,0,1,1,1.0,
202400011653,155 761 224,B01,1.0,33.0,0,2,7,1,1.0,
202400011654,155 761 223,A01,2.0,7.0,2,0,1,13,0.0,
202400011655,155 761 222,A01,1.0,7.0,13,0,9,1,1.0,
202400011656,155 761 220,B01,2.0,1.0,0,2,8,1,5.0,
202400011657,155 761 217,C01,2.0,7.0,0,2,1,0,1.0,
202400011658,155 761 214,A01,2.0,33.0,0,2,1,1,1.0,
202400011659,155 761 212,B01,3.0,7.0,16,2,8,2,1.0,
202400011660,155 761 210,B01,1.0,7.0,5,0,3,13,1.0,
202400011661,155 761 208,A01,2.0,7.0,0,2,1,13,1.0,
202400011662,155 761 207,A01,2.0,7.0,0,9,2,19,1.0,
202400011663,155 761 206,A01,1.0,33.0,0,0,0,0,1.0,
202400011664,155 761 204,A01,1.0,80.0,0,0,0,1,3.0,
202400011665,155 761 201,D01,1.0,1.0,0,2,3,1,5.0,
202400011666,155 761 199,B01,3.0,7.0,0,2,6,9,1.0,
202400011667,155 761 197,A01,1.0,10.0,0,1,4,4,1.0,
202400011668,155 761 194,B01,1.0,1.0,0,2,4,13,5.0,
202400011669,155 761 193,A01,2.0,7.0,3,0,1,2,1.0,
202400011670,155 761 190,A01,2.0,7.0,0,2,1,1,2.0,
202400011671,155 761 189,B01,2.0,40.0,0,2,1,1,3.0,
202400011672,155 761 188,A01,1.0,10.0,2,0,3,1,0.0,
202400011673,155 761 187,A01,1.0,32.0,0,1,1,21,1.0,
202400011674,155 761 186,A01,2.0,7.0,13,0,0,13,0.0,
202400011675,155 761 185,A01,1.0,7.0,0,1,7,1,1.0,
202400011676,155 761 184,A01,3.0,33.0,6,0,1,1,0.0,
202400011677,155 761 183,A01,0.0,50.0,12,0,3,11,3.0,
202400011678,155 761 180,B01,2.0,7.0,6,0,4,2,1.0,
202400011679,155 761 179,A01,0.0,7.0,0,2,3,15,1.0,
202400011680,155 761 177,B01,1.0,7.0,0,2,2,2,1.0,
202400011681,155 761 173,A01,1.0,7.0,2,0,1,0,1.0,
202400011682,155 761 172,A01,1.0,7.0,0,2,1,1,0.0,
202400011683,155 761 169,A01,1.0,7.0,0,0,2,23,1.0,
202400011684,155 761 170,A01,2.0,7.0,0,1,1,1,1.0,
202400011685,155 761 168,A01,0.0,2.0,0,0,0,1,3.0,
202400011686,155 761 167,A01,1.0,33.0,1,0,1,14,1.0,
202400011687,155 761 165,A01,2.0,7.0,0,2,1,13,1.0,
202400011688,155 761 163,A01,1.0,33.0,0,2,3,11,1.0,
202400011689,155 761 162,A01,0.0,7.0,0,1,2,1,1.0,
202400011690,155 761 159,B01,1.0,7.0,0,2,4,2,1.0,
202400011691,155 761 158,B01,2.0,7.0,0,2,1,1,2.0,
202400011692,155 761 156,A01,2.0,7.0,0,2,8,11,2.0,
202400011693,155 761 154,A01,1.0,33.0,0,2,1,1,1.0,
202400011694,155 761 150,C01,1.0,7.0,0,2,4,2,1.0,
202400011695,155 761 149,A01,1.0,7.0,0,2,1,5,1.0,
202400011696,155 761 147,A01,2.0,30.0,0,1,1,26,1.0,
202400011697,155 761 148,A01,1.0,7.0,0,1,2,9,1.0,
202400011698,155 761 146,A01,3.0,7.0,0,1,3,1,1.0,
202400011699,155 761 145,A01,1.0,10.0,0,1,1,15,3.0,
202400011700,155 761 142,A01,2.0,7.0,0,0,6,1,1.0,
202400011701,155 761 141,A01,1.0,7.0,0,2,3,15,1.0,
202400011702,155 761 137,A01,1.0,33.0,0,2,2,17,1.0,
202400011703,155 761 138,A01,2.0,7.0,0,2,1,5,1.0,
202400011704,155 761 135,A01,2.0,50.0,0,2,2,1,3.0,
202400011705,155 761 133,A01,2.0,50.0,0,1,1,1,3.0,
202400011706,155 761 134,A01,1.0,7.0,6,0,9,17,1.0,
202400011707,155 761 132,A01,1.0,7.0,2,0,7,1,1.0,
202400011708,155 761 131,A01,1.0,14.0,0,1,1,1,1.0,
202400011709,155 761 130,A01,1.0,10.0,0,1,3,16,1.0,
202400011710,155 761 129,A01,1.0,7.0,0,1,1,1,1.0,
202400011711,155 761 127,A01,1.0,7.0,0,2,7,1,2.0,
202400011712,155 761 125,A01,1.0,7.0,0,2,3,15,1.0,
202400011713,155 761 123,A01,1.0,33.0,0,0,0,21,0.0,
202400011714,155 761 120,A01,1.0,7.0,12,2,2,9,2.0,
202400011715,155 761 118,A01,2.0,7.0,0,1,1,19,1.0,
202400011716,155 761 119,A01,3.0,31.0,0,2,4,1,1.0,
202400011717,155 761 117,A01,2.0,32.0,0,1,1,1,1.0,
202400011718,155 761 115,A01,2.0,10.0,0,5,1,1,1.0,
202400011719,155 761 116,A01,1.0,7.0,3,0,1,13,1.0,
202400011720,155 761 113,A01,2.0,7.0,0,0,9,0,1.0,
202400011721,155 761 112,A01,3.0,7.0,0,2,3,10,2.0,
202400011722,155 761 111,A01,3.0,7.0,0,0,2,1,1.0,
202400011723,155 761 109,A01,1.0,31.0,0,2,1,1,1.0,
202400011724,155 761 107,A01,3.0,7.0,0,1,1,1,1.0,
202400011725,155 761 106,B01,2.0,33.0,0,2,4,1,1.0,
202400011726,155 761 103,A01,2.0,10.0,0,1,1,16,1.0,
202400011727,155 761 100,A01,2.0,7.0,0,2,4,23,1.0,
202400011728,155 761 099,B01,3.0,7.0,0,2,6,15,1.0,
202400011729,155 761 095,A01,1.0,7.0,0,2,8,15,1.0,
202400011730,155 761 094,A01,0.0,1.0,0,1,1,1,5.0,
202400011731,155 761 092,A01,3.0,7.0,0,1,1,1,1.0,
202400011732,155 761 089,B01,2.0,7.0,0,2,4,1,0.0,
202400011733,155 761 088,A01,3.0,7.0,0,2,2,16,1.0,
202400011734,155 761 086,A01,1.0,10.0,0,2,2,21,1.0,
202400011735,155 761 084,A01,1.0,37.0,0,1,1,15,2.0,1
202400011736,155 761 083,Z01,0.0,7.0,0,0,1,1,2.0,
202400011737,155 761 080,A01,2.0,33.0,0,2,8,3,1.0,
202400011738,155 761 079,A01,3.0,7.0,0,2,9,1,1.0,
202400011739,155 761 077,B01,1.0,7.0,0,2,3,1,1.0,
202400011740,155 761 075,A01,2.0,10.0,3,2,1,2,1.0,
202400011741,155 761 072,B01,2.0,2.0,0,2,2,2,1.0,
202400011742,155 761 071,A01,2.0,50.0,4,0,2,0,3.0,
202400011743,155 761 069,A01,1.0,32.0,0,1,1,1,1.0,
202400011744,155 761 068,B01,3.0,32.0,1,0,1,0,1.0,
202400011745,155 761 070,B01,2.0,7.0,0,2,3,15,1.0,
202400011746,155 761 067,A01,1.0,31.0,0,0,8,16,1.0,
202400011747,155 761 064,B01,3.0,1.0,0,0,5,1,5.0,
202400011748,155 761 063,B01,3.0,7.0,15,2,8,1,1.0,
202400011749,155 761 060,A01,1.0,33.0,0,2,8,1,1.0,
202400011750,155 761 058,A01,3.0,30.0,0,2,1,26,1.0,
202400011751,155 761 056,A01,2.0,7.0,1,0,1,13,1.0,
202400011752,155 761 055,B01,2.0,7.0,0,1,3,1,1.0,
202400011753,155 761 054,A01,1.0,34.0,0,1,1,1,1.0,
202400011754,155 761 051,A01,1.0,7.0,0,2,3,1,1.0,
202400011755,155 761 050,A01,1.0,34.0,1,2,1,21,1.0,
202400011756,155 761 048,B01,1.0,7.0,0,2,1,20,0.0,
202400011757,155 761 047,A01,2.0,7.0,0,9,9,1,1.0,
202400011758,155 761 046,A01,1.0,7.0,0,1,1,1,2.0,
202400011759,155 761 043,B01,1.0,2.0,0,2,3,1,1.0,
202400011760,155 761 042,A01,1.0,7.0,0,2,2,16,1.0,
202400011761,155 761 038,A01,2.0,50.0,0,2,3,26,3.0,
202400011762,155 761 039,A01,3.0,7.0,0,2,3,16,1.0,
202400011763,155 761 036,B01,2.0,7.0,0,2,2,0,1.0,
202400011764,155 761 035,A01,1.0,7.0,4,0,1,1,1.0,
202400011765,155 761 033,A01,3.0,7.0,0,2,8,15,1.0,
202400011766,155 761 030,A01,2.0,7.0,0,2,3,22,1.0,
202400011767,155 761 028,B01,2.0,7.0,0,2,4,2,1.0,
202400011768,155 761 027,A01,3.0,7.0,0,2,5,17,1.0,
202400011769,155 761 024,A01,1.0,33.0,0,2,1,3,1.0,
202400011770,155 761 023,A01,0.0,7.0,0,0,2,0,1.0,
202400011771,155 761 022,A01,1.0,7.0,0,2,1,14,1.0,
202400011772,155 761 021,A01,1.0,7.0,17,0,1,14,1.0,
202400011773,155 761 020,A01,1.0,7.0,4,0,3,13,1.0,
202400011774,155 761 016,B01,1.0,7.0,0,2,2,1,1.0,
202400011775,155 761 015,A01,3.0,7.0,0,0,5,19,1.0,
202400011776,155 761 014,B01,1.0,43.0,0,2,1,1,1.0,
202400011777,155 761 011,B01,1.0,7.0,0,2,2,16,1.0,
202400011778,155 761 009,B01,2.0,33.0,0,2,1,1,1.0,
202400011779,155 761 008,A01,1.0,31.0,0,2,2,1,1.0,
202400011780,155 761 005,A01,1.0,7.0,0,1,0,1,0.0,
202400011781,155 761 006,A01,1.0,33.0,0,2,1,1,1.0,
202400011782,155 761 001,A01,1.0,7.0,0,1,2,21,1.0,
202400011783,155 760 999,C01,3.0,7.0,0,2,7,16,1.0,
202400011784,155 760 998,B01,1.0,15.0,0,2,1,1,1.0,
202400011785,155 760 996,B01,2.0,50.0,0,0,0,0,3.0,
202400011786,155 760 992,B01,2.0,7.0,0,2,1,2,1.0,
202400011787,155 760 995,A01,1.0,37.0,0,0,0,21,1.0,3
202400011788,155 760 989,A01,2.0,7.0,0,1,1,15,1.0,
202400011789,155 760 988,A01,1.0,7.0,0,2,3,22,1.0,
202400011790,155 760 987,A01,3.0,7.0,2,0,3,13,1.0,
202400011791,155 760 986,A01,2.0,7.0,0,0,2,1,1.0,
202400011792,155 760 983,A01,3.0,31.0,0,0,0,1,1.0,
202400011793,155 760 982,A01,3.0,7.0,0,1,3,26,1.0,
202400011794,155 760 984,A01,3.0,3.0,0,2,7,1,1.0,
202400011795,155 760 978,A01,2.0,7.0,5,0,2,1,1.0,
202400011796,155 760 979,B01,1.0,7.0,0,2,3,1,1.0,
202400011797,155 760 977,A01,3.0,7.0,0,2,2,12,1.0,
202400011798,155 760 975,A01,2.0,50.0,0,0,8,1,3.0,
202400011799,155 760 974,B01,3.0,1.0,0,2,7,1,5.0,
202400011800,155 760 970,A01,1.0,31.0,0,2,1,1,1.0,
202400011801,155 760 969,A01,3.0,2.0,0,2,1,13,1.0,
202400011802,155 760 966,A01,2.0,7.0,0,1,3,1,1.0,
202400011803,155 760 964,A01,1.0,10.0,0,2,1,1,1.0,
202400011804,155 760 963,A01,2.0,7.0,0,0,2,1,1.0,
202400011805,155 760 961,A01,1.0,50.0,1,0,1,1,3.0,
202400011806,155 760 958,A01,1.0,33.0,0,2,2,1,1.0,
202400011807,155 760 957,A01,1.0,1.0,0,2,5,16,5.0,
202400011808,155 760 953,A01,3.0,7.0,0,2,1,11,1.0,
202400011809,155 760 955,A01,2.0,32.0,0,2,1,5,1.0,
202400011810,155 760 951,B01,1.0,37.0,0,2,4,23,3.0,1
202400011811,155 760 948,A01,3.0,7.0,0,0,7,15,2.0,
202400011812,155 760 947,B01,2.0,7.0,0,2,1,2,1.0,
202400011813,155 760 946,A01,2.0,80.0,0,1,7,13,3.0,
202400011814,155 760 944,A01,1.0,7.0,0,1,4,4,1.0,
202400011815,155 760 943,A01,2.0,33.0,0,2,1,17,1.0,
202400011816,155 760 941,A01,1.0,1.0,0,0,0,15,5.0,
202400011817,155 760 940,B01,1.0,50.0,0,2,1,1,3.0,
202400011818,155 760 938,A01,1.0,7.0,0,2,3,9,1.0,
202400011819,155 760 935,A01,1.0,7.0,0,2,1,15,1.0,
202400011820,155 760 934,A01,3.0,7.0,0,1,4,4,1.0,
202400011821,155 760 933,B01,1.0,1.0,0,2,8,1,5.0,
202400011822,155 760 929,A01,0.0,2.0,0,2,1,1,1.0,
202400011823,155 760 928,A01,1.0,30.0,0,0,2,16,1.0,
202400011824,155 760 930,B01,2.0,7.0,0,0,5,17,1.0,
202400011825,155 760 925,B01,1.0,2.0,14,0,1,1,1.0,
202400011826,155 760 923,A01,3.0,31.0,0,2,3,15,3.0,
202400011827,155 760 921,A01,1.0,7.0,0,1,1,1,1.0,
202400011828,155 760 922,B01,1.0,2.0,0,0,0,1,1.0,
202400011829,155 760 917,A01,1.0,7.0,0,2,5,1,1.0,
202400011830,155 760 916,A01,1.0,7.0,0,2,1,1,1.0,
202400011831,155 760 915,B01,3.0,7.0,0,2,1,0,1.0,
202400011832,155 760 913,A01,2.0,7.0,0,0,9,26,1.0,
202400011833,155 760 912,A01,1.0,7.0,0,2,1,9,1.0,
202400011834,155 760 910,A01,1.0,37.0,0,2,8,18,0.0,1
202400011835,155 760 908,A01,3.0,7.0,0,1,1,9,1.0,
202400011836,155 760 907,A01,1.0,7.0,0,2,8,1,1.0,
202400011837,155 760 906,A01,2.0,33.0,8,0,1,1,1.0,
202400011838,155 760 904,A01,1.0,7.0,0,1,4,4,1.0,
202400011839,155 760 902,C01,1.0,7.0,0,2,1,2,1.0,
202400011840,155 760 901,A01,3.0,7.0,15,0,1,1,3.0,
202400011841,155 760 900,A01,0.0,10.0,0,1,8,9,0.0,
202400011842,155 760 898,A01,2.0,7.0,3,0,7,1,1.0,
202400011843,155 760 897,A01,0.0,7.0,0,2,1,1,1.0,
202400011844,155 760 893,B01,2.0,10.0,0,2,4,12,1.0,
202400011845,155 760 894,A01,2.0,7.0,0,2,4,4,2.0,
202400011846,155 760 891,A01,2.0,7.0,0,2,4,23,1.0,
202400011847,155 760 888,A01,2.0,7.0,0,2,1,1,1.0,
202400011848,155 760 887,B01,3.0,50.0,0,2,7,19,3.0,
202400011849,155 760 884,A01,3.0,7.0,0,9,2,1,2.0,
202400011850,155 760 881,A01,1.0,7.0,0,2,1,1,1.0,
202400011851,155 760 880,B01,2.0,2.0,0,2,8,15,1.0,
202400011852,155 760 877,B01,1.0,50.0,0,2,1,1,3.0,
202400011853,155 760 876,B01,2.0,7.0,0,2,6,11,1.0,
202400011854,155 760 874,B01,1.0,33.0,0,2,8,16,1.0,
202400011855,155 760 870,A01,1.0,7.0,0,2,7,21,1.0,
202400011856,155 760 866,A01,1.0,7.0,0,2,4,2,1.0,
202400011857,155 760 864,B01,2.0,7.0,0,2,1,1,3.0,
202400011858,155 760 862,A01,1.0,7.0,0,1,7,0,0.0,
202400011859,155 760 861,B01,2.0,43.0,0,2,4,3,1.0,
202400011860,155 760 859,B01,1.0,10.0,0,2,7,1,1.0,
202400011861,155 760 857,B01,1.0,99.0,0,2,8,26,0.0,
202400011862,155 760 855,A01,2.0,10.0,0,2,2,12,1.0,
202400011863,155 760 854,A01,0.0,10.0,8,0,1,2,1.0,
202400011864,155 760 853,A01,1.0,60.0,0,0,0,26,5.0,
202400011865,155 760 849,A01,1.0,7.0,0,2,8,13,1.0,
202400011866,155 760 851,A01,3.0,2.0,0,0,8,21,1.0,
202400011867,155 760 848,B01,0.0,30.0,0,2,1,13,1.0,
202400011868,155 760 846,A01,1.0,7.0,1,1,3,12,1.0,
202400011869,155 760 847,A01,3.0,33.0,0,0,0,26,6.0,
202400011870,155 760 844,B01,1.0,33.0,0,2,7,17,1.0,
202400011871,155 760 842,A01,2.0,31.0,1,0,2,0,1.0,
202400011872,155 760 843,A01,1.0,7.0,4,0,1,1,1.0,
202400011873,155 760 840,A01,1.0,7.0,0,2,6,1,2.0,
202400011874,155 760 837,A01,3.0,3.0,0,1,3,1,1.0,
202400011875,155 760 835,B01,1.0,7.0,0,2,8,1,1.0,
202400011876,155 760 834,A01,0.0,7.0,0,2,3,15,1.0,
202400011877,155 760 832,A01,2.0,7.0,0,1,3,1,1.0,
202400011878,155 760 831,A01,3.0,7.0,14,2,6,16,0.0,
202400011879,155 760 828,A01,2.0,1.0,0,1,1,2,5.0,
202400011880,155 760 829,B01,1.0,50.0,0,2,1,2,3.0,
202400011881,155 760 826,A01,1.0,30.0,0,2,1,18,1.0,
202400011882,155 760 822,B01,2.0,31.0,0,2,1,1,1.0,
202400011883,155 760 820,A01,2.0,50.0,0,2,8,1,3.0,
202400011884,155 760 819,B01,1.0,50.0,0,2,5,1,3.0,
202400011885,155 760 816,A01,0.0,30.0,14,0,0,2,1.0,
202400011886,155 760 815,A01,1.0,7.0,13,0,2,2,1.0,
202400011887,155 760 814,A01,1.0,7.0,0,2,6,23,1.0,
202400011888,155 760 813,A01,2.0,50.0,12,0,1,26,3.0,
202400011889,155 760 810,A01,1.0,2.0,0,2,3,13,1.0,
202400011890,155 760 809,A01,1.0,34.0,0,2,2,2,1.0,
202400011891,155 760 808,A01,1.0,7.0,0,1,4,20,1.0,
202400011892,155 760 806,A01,2.0,10.0,0,1,7,1,1.0,
202400011893,155 760 805,A01,3.0,7.0,0,2,8,9,1.0,
202400011894,155 760 801,B01,1.0,7.0,0,2,6,15,2.0,
202400011895,155 760 802,A01,1.0,7.0,0,2,4,20,1.0,
202400011896,155 760 800,A01,0.0,7.0,4,0,2,1,1.0,
202400011897,155 760 797,A01,1.0,7.0,0,0,2,26,2.0,
202400011898,155 760 796,A01,1.0,10.0,0,2,2,16,1.0,
202400011899,155 760 795,A01,2.0,7.0,0,2,2,1,1.0,
202400011900,155 760 791,B01,1.0,30.0,0,9,4,7,1.0,
202400011901,155 760 790,A01,1.0,7.0,0,0,4,23,1.0,
202400011902,155 760 789,A01,3.0,10.0,0,1,1,1,0.0,
202400011903,155 760 787,A01,1.0,34.0,0,1,1,26,6.0,
202400011904,155 760 785,A01,1.0,7.0,0,2,1,2,1.0,
202400011905,155 760 784,A01,1.0,7.0,0,0,3,1,1.0,
202400011906,155 760 780,A01,1.0,7.0,0,2,3,17,1.0,
202400011907,155 760 779,A01,2.0,33.0,0,2,7,26,1.0,
202400011908,155 760 778,A01,2.0,7.0,0,2,1,1,0.0,
202400011909,155 760 776,A01,1.0,7.0,15,0,1,14,1.0,
202400011910,155 760 774,B01,2.0,33.0,16,2,1,17,1.0,
202400011911,155 760 773,B01,2.0,7.0,0,2,6,2,1.0,