Num_Acc,id_vehicule,num_veh,senc,catv,obs,obsm,choc,manv,motor,occutc
202400011912,155 760 771,A01,3.0,33.0,8,2,3,26,1.0,
202400011913,155 760 770,B01,3.0,7.0,0,2,2,17,1.0,
202400011914,155 760 766,A01,2.0,10.0,0,1,1,15,1.0,
202400011915,155 760 765,A01,2.0,7.0,1,0,4,2,1.0,
202400011916,155 760 764,C01,2.0,38.0,0,2,3,5,6.0,5
202400011917,155 760 761,B01,1.0,50.0,0,2,1,5,3.0,
202400011918,155 760 760,A01,1.0,7.0,0,2,7,15,1.0,
202400011919,155 760 759,A01,1.0,7.0,0,1,3,1,1.0,
202400011920,155 760 757,B01,1.0,31.0,0,2,4,1,0.0,
202400011921,155 760 755,A01,3.0,7.0,10,9,1,1,1.0,
202400011922,155 760 756,A01,0.0,7.0,0,1,2,1,1.0,
202400011923,155 760 754,A01,2.0,33.0,7,0,2,14,1.0,
202400011924,155 760 751,A01,3.0,10.0,0,2,7,12,1.0,
202400011925,155 760 752,A01,1.0,37.0,0,2,0,1,1.0,5
202400011926,155 760 748,A01,3.0,7.0,0,1,0,16,1.0,
202400011927,155 760 749,A01,1.0,15.0,0,1,3,2,1.0,
202400011928,155 760 747,A01,1.0,7.0,0,2,7,1,1.0,
202400011929,155 760 746,A01,3.0,7.0,1,1,1,1,1.0,
202400011930,155 760 743,A01,3.0,7.0,0,2,8,15,2.0,
202400011931,155 760 742,B01,2.0,1.0,0,2,7,11,5.0,
202400011932,155 760 741,Z01,1.0,0.0,0,1,3,0,0.0,
202400011933,155 760 738,B01,2.0,2.0,0,2,3,2,1.0,
202400011934,155 760 737,A01,0.0,33.0,12,0,7,1,1.0,
202400011935,155 760 736,A01,3.0,7.0,0,2,1,17,1.0,
202400011936,155 760 733,A01,1.0,7.0,0,2,1,17,1.0,
202400011937,155 760 732,B01,2.0,0.0,0,2,1,1,,
202400011938,155 760 731,A01,2.0,7.0,0,1,3,15,1.0,
202400011939,155 760 729,B01,2.0,30.0,0,2,1,1,1.0,
202400011940,155 760 727,A01,2.0,10.0,0,2,3,15,1.0,
202400011941,155 760 726,A01,2.0,33.0,0,0,0,1,1.0,
202400011942,155 760 725,A01,1.0,7.0,8,0,1,1,1.0,
202400011943,155 760 724,A01,2.0,32.0,16,0,0,1,1.0,
202400011944,155 760 723,A01,1.0,33.0,0,0,9,14,1.0,
202400011945,155 760 721,B01,1.0,7.0,0,2,1,1,5.0,
202400011946,155 760 720,A01,3.0,7.0,0,1,4,20,1.0,
202400011947,155 760 719,A01,0.0,2.0,0,1,1,1,1.0,
202400011948,155 760 716,A01,2.0,33.0,0,2,2,17,1.0,
202400011949,155 760 715,B01,1.0,33.0,0,2,1,1,1.0,
202400011950,155 760 709,A01,1.0,7.0,0,2,3,15,1.0,
202400011951,155 760 708,B01,2.0,38.0,0,2,3,1,1.0,3
202400011952,155 760 705,A01,2.0,1.0,0,2,8,9,5.0,
202400011953,155 760 704,C01,1.0,33.0,1,2,1,17,1.0,
202400011954,155 760 703,A01,2.0,10.0,2,0,7,1,1.0,
202400011955,155 760 697,B01,2.0,7.0,0,2,4,13,1.0,
202400011956,155 760 694,A01,2.0,7.0,0,2,1,26,1.0,
202400011957,155 760 693,A01,3.0,7.0,2,0,3,0,1.0,
202400011958,155 760 692,A01,2.0,7.0,0,2,3,2,1.0,
202400011959,155 760 690,A01,0.0,33.0,0,0,2,1,1.0,
202400011960,155 760 688,B01,1.0,1.0,0,2,5,1,5.0,
202400011961,155 760 691,A01,1.0,10.0,13,0,8,1,1.0,
202400011962,155 760 686,A01,1.0,10.0,0,2,3,19,1.0,
202400011963,155 760 685,A01,1.0,33.0,0,0,4,1,1.0,
202400011964,155 760 684,A01,2.0,2.0,14,9,1,1,1.0,
202400011965,155 760 683,A01,3.0,33.0,13,0,1,1,1.0,
202400011966,155 760 681,B01,2.0,7.0,0,0,1,1,,
202400011967,155 760 679,A01,1.0,7.0,8,0,0,17,1.0,
202400011968,155 760 677,B01,2.0,10.0,0,0,3,15,1.0,
202400011969,155 760 676,A01,1.0,2.0,16,0,1,1,1.0,
202400011970,155 760 675,A01,0.0,10.0,0,2,1,1,0.0,
202400011971,155 760 674,A01,2.0,7.0,8,0,1,0,1.0,
202400011972,155 760 673,A01,3.0,21.0,13,0,3,1,1.0,
202400011973,155 760 669,A01,1.0,7.0,0,2,1,1,1.0,
202400011974,155 760 670,B01,2.0,50.0,0,2,1,1,3.0,
202400011975,155 760 668,A01,1.0,7.0,10,0,2,14,1.0,
202400011976,155 760 667,A01,3.0,7.0,13,0,1,1,1.0,
202400011977,155 760 665,A01,3.0,7.0,0,2,1,1,1.0,
202400011978,155 760 664,A01,1.0,7.0,13,0,0,1,1.0,
202400011979,155 760 663,A01,1.0,33.0,0,0,8,1,1.0,
202400011980,155 760 661,A01,1.0,7.0,0,2,3,1,1.0,
202400011981,155 760 659,A01,2.0,7.0,6,0,1,13,1.0,
202400011982,155 760 658,A01,2.0,7.0,0,9,5,2,1.0,
202400011983,155 760 656,A01,2.0,7.0,13,0,2,1,1.0,
202400011984,155 760 655,B01,1.0,50.0,0,9,1,1,3.0,
202400011985,155 760 653,A01,1.0,7.0,0,9,8,1,0.0,
202400011986,155 760 651,A01,1.0,7.0,0,2,2,5,1.0,
202400011987,155 760 648,A01,2.0,7.0,0,0,1,1,1.0,
202400011988,155 760 647,B01,0.0,33.0,0,2,1,1,1.0,
202400011989,155 760 646,B01,1.0,7.0,0,2,4,2,1.0,
202400011990,155 760 645,A01,3.0,7.0,16,0,1,1,1.0,
202400011991,155 760 642,B01,2.0,7.0,0,0,1,1,1.0,
202400011992,155 760 641,A01,1.0,33.0,0,2,1,1,1.0,
202400011993,155 760 639,A01,1.0,7.0,0,2,3,9,1.0,
202400011994,155 760 637,A01,1.0,7.0,6,0,3,0,1.0,
202400011995,155 760 636,A01,2.0,7.0,4,2,0,0,1.0,
202400011996,155 760 630,B01,1.0,7.0,0,2,3,2,1.0,
202400011997,155 760 631,A01,1.0,7.0,0,0,1,15,1.0,
202400011998,155 760 628,A01,2.0,30.0,0,2,1,2,1.0,
202400011999,155 760 626,A01,2.0,2.0,16,0,1,1,1.0,
202400012000,155 760 623,D01,2.0,7.0,0,9,1,1,1.0,
202400012001,155 760 622,A01,2.0,7.0,8,0,1,0,1.0,
202400012002,155 760 617,B01,2.0,2.0,0,2,1,2,1.0,
202400012003,155 760 616,A01,1.0,7.0,0,2,4,23,1.0,
202400012004,155 760 615,A01,1.0,2.0,0,2,1,1,1.0,
202400012005,155 760 612,A01,1.0,33.0,4,0,8,17,1.0,
202400012006,155 760 610,B01,0.0,7.0,0,0,7,26,1.0,
202400012007,155 760 611,B01,2.0,1.0,0,2,0,1,5.0,
202400012008,155 760 608,A01,2.0,7.0,13,0,1,1,1.0,
202400012009,155 760 607,A01,2.0,7.0,0,2,2,1,1.0,
202400012010,155 760 605,A01,1.0,7.0,1,0,8,26,1.0,
202400012011,155 760 604,A01,2.0,7.0,0,1,3,15,1.0,
202400012012,155 760 602,A01,1.0,7.0,0,0,1,15,3.0,
202400012013,155 760 598,A01,2.0,1.0,0,2,1,15,5.0,
202400012014,155 760 599,A01,3.0,7.0,0,2,2,15,0.0,
202400012015,155 760 596,B01,2.0,7.0,13,2,1,1,1.0,
202400012016,155 760 594,A01,1.0,7.0,17,0,0,14,1.0,
202400012017,155 760 592,A01,1.0,7.0,8,0,3,13,1.0,
202400012018,155 760 593,B01,2.0,37.0,0,0,0,0,0.0,1
202400012019,155 760 590,A01,1.0,80.0,0,2,8,1,3.0,
202400012020,155 760 589,A01,1.0,7.0,1,0,1,20,2.0,
202400012021,155 760 587,A01,1.0,10.0,0,2,2,15,1.0,
202400012022,155 760 586,A01,1.0,7.0,6,0,2,1,1.0,
202400012023,155 760 585,A01,2.0,7.0,0,1,1,1,3.0,
202400012024,155 760 582,B01,0.0,1.0,0,0,8,25,5.0,
202400012025,155 760 581,A01,2.0,10.0,0,2,1,13,1.0,
202400012026,155 760 579,A01,1.0,7.0,0,2,1,1,1.0,
202400012027,155 760 577,A01,1.0,7.0,0,2,2,19,1.0,
202400012028,155 760 575,A01,1.0,7.0,8,2,1,1,1.0,
202400012029,155 760 574,A01,1.0,7.0,2,0,1,1,1.0,
202400012030,155 760 572,B01,0.0,50.0,0,2,8,17,3.0,
202400012031,155 760 570,B01,1.0,7.0,0,2,1,2,1.0,
202400012032,155 760 569,A01,2.0,7.0,1,0,5,1,1.0,
202400012033,155 760 565,B01,2.0,1.0,0,2,1,1,5.0,
202400012034,155 760 566,A01,1.0,7.0,0,2,6,1,1.0,
202400012035,155 760 564,A01,1.0,60.0,12,0,1,1,5.0,
202400012036,155 760 562,A01,1.0,7.0,0,2,6,1,1.0,
202400012037,155 760 560,B01,2.0,37.0,0,1,7,23,1.0,1
202400012038,155 760 557,A01,1.0,50.0,0,2,8,10,3.0,
202400012039,155 760 554,A01,1.0,7.0,0,2,4,23,1.0,
202400012040,155 760 553,B01,2.0,50.0,0,2,2,25,3.0,
202400012041,155 760 550,A01,3.0,7.0,0,0,0,0,0.0,
202400012042,155 760 548,A01,1.0,7.0,0,2,1,2,3.0,
202400012043,155 760 546,A01,3.0,1.0,0,2,0,9,5.0,
202400012044,155 760 545,A01,2.0,7.0,11,0,1,1,1.0,
202400012045,155 760 542,A01,2.0,7.0,0,2,1,1,1.0,
202400012046,155 760 539,A01,3.0,7.0,0,2,1,26,1.0,
202400012047,155 760 538,A01,2.0,33.0,0,2,2,3,1.0,
202400012048,155 760 537,Z01,1.0,99.0,0,1,5,26,6.0,
202400012049,155 760 535,A01,1.0,7.0,0,2,1,2,1.0,
202400012050,155 760 534,A01,3.0,7.0,0,1,6,20,1.0,
202400012051,155 760 532,A01,2.0,33.0,8,0,1,1,1.0,
202400012052,155 760 529,A01,1.0,33.0,0,0,8,13,1.0,
202400012053,155 760 528,A01,0.0,7.0,0,0,1,13,1.0,
202400012054,155 760 525,B01,1.0,7.0,0,2,6,1,1.0,
202400012055,155 760 524,A01,1.0,33.0,12,2,7,1,1.0,
202400012056,155 760 521,B01,2.0,17.0,0,2,5,1,1.0,
202400012057,155 760 519,A01,2.0,33.0,0,2,1,1,1.0,
202400012058,155 760 517,A01,2.0,32.0,0,2,1,1,1.0,
202400012059,155 760 516,A01,3.0,7.0,9,0,3,13,1.0,
202400012060,155 760 514,A01,1.0,7.0,0,1,1,1,1.0,
202400012061,155 760 513,B01,1.0,7.0,0,2,4,23,1.0,
202400012062,155 760 512,A01,1.0,7.0,6,0,1,1,1.0,
202400012063,155 760 511,A01,1.0,7.0,0,1,3,1,1.0,
202400012064,155 760 510,A01,1.0,31.0,14,0,1,1,1.0,
202400012065,155 760 508,A01,1.0,33.0,0,2,1,1,1.0,
202400012066,155 760 507,A01,1.0,2.0,0,0,0,1,1.0,
202400012067,155 760 506,A01,1.0,7.0,13,0,8,1,1.0,
202400012068,155 760 503,A01,1.0,7.0,0,2,1,1,1.0,
202400012069,155 760 501,A01,0.0,7.0,0,2,1,13,1.0,
202400012070,155 760 497,A01,1.0,7.0,0,2,1,5,1.0,
202400012071,155 760 496,A01,1.0,7.0,0,2,1,1,1.0,
202400012072,155 760 495,A01,0.0,7.0,0,1,2,1,1.0,
202400012073,155 760 494,A01,2.0,7.0,8,0,1,1,1.0,
202400012074,155 760 492,A01,2.0,7.0,2,0,0,1,1.0,
202400012075,155 760 491,A01,1.0,33.0,0,2,1,2,1.0,
202400012076,155 760 488,A01,0.0,7.0,0,2,7,1,1.0,
202400012077,155 760 487,B01,2.0,7.0,0,2,5,1,1.0,
202400012078,155 760 485,A01,1.0,10.0,8,0,1,2,1.0,
202400012079,155 760 484,B01,1.0,10.0,0,2,5,1,1.0,
202400012080,155 760 482,A01,1.0,7.0,1,0,3,26,1.0,
202400012081,155 760 481,B01,1.0,10.0,0,2,3,1,1.0,
202400012082,155 760 480,A01,1.0,33.0,13,0,1,1,1.0,
202400012083,155 760 479,A01,3.0,7.0,16,0,2,11,1.0,
202400012084,155 760 477,A01,1.0,1.0,0,0,1,26,5.0,
202400012085,155 760 474,A01,3.0,7.0,0,2,1,9,1.0,
202400012086,155 760 472,A01,2.0,10.0,0,0,4,1,1.0,
202400012087,155 760 469,A01,1.0,38.0,0,0,6,23,1.0,1
202400012088,155 760 468,A01,1.0,7.0,0,2,1,19,1.0,
202400012089,155 760 466,A01,2.0,7.0,0,2,1,2,1.0,
202400012090,155 760 465,A01,1.0,7.0,13,0,2,14,1.0,
202400012091,155 760 464,A01,2.0,7.0,0,0,2,0,1.0,
202400012092,155 760 461,A01,1.0,7.0,7,2,8,14,1.0,
202400012093,155 760 459,A01,1.0,7.0,0,0,3,6,1.0,
202400012094,155 760 457,B01,0.0,1.0,0,2,7,19,5.0,
202400012095,155 760 453,A01,1.0,10.0,0,2,1,1,1.0,
202400012096,155 760 449,A01,2.0,33.0,15,2,3,1,1.0,
202400012097,155 760 451,A01,0.0,7.0,0,2,2,16,1.0,
202400012098,155 760 447,A01,1.0,7.0,0,2,1,12,1.0,
202400012099,155 760 445,A01,1.0,7.0,2,0,1,14,1.0,
202400012100,155 760 444,A01,3.0,2.0,0,0,0,1,1.0,
202400012101,155 760 446,A01,3.0,7.0,0,1,5,4,1.0,
202400012102,155 760 443,A01,2.0,7.0,2,0,3,1,1.0,
202400012103,155 760 441,A01,2.0,7.0,6,0,1,1,1.0,
202400012104,155 760 439,A01,3.0,7.0,2,0,1,1,1.0,
202400012105,155 760 440,A01,1.0,10.0,16,0,3,10,1.0,
202400012106,155 760 436,A01,3.0,7.0,6,0,1,26,1.0,
202400012107,155 760 435,A01,1.0,7.0,0,2,1,19,1.0,
202400012108,155 760 434,A01,1.0,7.0,0,0,2,9,1.0,
202400012109,155 760 431,A01,1.0,10.0,0,0,3,19,1.0,
202400012110,155 760 430,A01,2.0,7.0,0,1,1,15,1.0,
202400012111,155 760 429,A01,2.0,7.0,0,2,2,5,1.0,
202400012112,155 760 425,A01,1.0,7.0,0,2,0,9,1.0,
202400012113,155 760 424,A01,0.0,7.0,9,1,1,1,1.0,
202400012114,155 760 422,A01,2.0,33.0,4,2,0,1,1.0,
202400012115,155 760 421,A01,1.0,80.0,0,2,0,1,3.0,
202400012116,155 760 420,A01,3.0,7.0,6,2,1,15,2.0,
202400012117,155 760 418,A01,1.0,33.0,0,2,1,3,1.0,
202400012118,155 760 415,A01,1.0,2.0,0,1,1,1,1.0,
202400012119,155 760 416,A01,3.0,7.0,11,2,7,7,1.0,
202400012120,155 760 413,B01,1.0,7.0,0,2,1,1,1.0,
202400012121,155 760 412,A01,1.0,7.0,0,1,0,1,1.0,
202400012122,155 760 411,A01,2.0,7.0,0,1,7,26,1.0,
202400012123,155 760 409,B01,1.0,33.0,0,2,8,3,1.0,
202400012124,155 760 407,A01,3.0,7.0,0,1,1,1,2.0,
202400012125,155 760 405,A01,2.0,7.0,0,2,6,11,1.0,
202400012126,155 760 403,B01,0.0,7.0,0,2,1,1,0.0,
202400012127,155 760 401,B01,3.0,7.0,0,2,4,2,2.0,
202400012128,155 760 399,B01,2.0,7.0,0,2,1,2,1.0,
202400012129,155 760 398,A01,2.0,7.0,0,1,1,0,2.0,
202400012130,155 760 395,A01,2.0,7.0,6,0,1,1,1.0,
202400012131,155 760 397,A01,2.0,7.0,0,1,1,0,1.0,
202400012132,155 760 394,A01,1.0,7.0,0,2,1,1,1.0,
202400012133,155 760 388,B01,1.0,7.0,0,2,4,2,2.0,
202400012134,155 760 383,A01,1.0,32.0,0,2,1,2,1.0,
202400012135,155 760 381,C01,1.0,7.0,0,2,4,2,1.0,
202400012136,155 760 380,A01,2.0,1.0,12,0,3,1,5.0,
202400012137,155 760 379,A01,2.0,7.0,0,2,4,0,1.0,
202400012138,155 760 377,A01,1.0,7.0,0,2,1,1,2.0,
202400012139,155 760 375,A01,3.0,7.0,0,1,2,26,1.0,
202400012140,155 760 374,A01,1.0,7.0,0,2,3,26,1.0,
202400012141,155 760 373,A01,1.0,80.0,0,1,1,21,3.0,
202400012142,155 760 372,A01,2.0,43.0,4,0,1,1,1.0,
202400012143,155 760 370,A01,1.0,7.0,8,0,8,1,1.0,
202400012144,155 760 369,A01,1.0,80.0,12,0,2,1,3.0,
202400012145,155 760 368,A01,2.0,7.0,0,0,0,15,1.0,
202400012146,155 760 367,A01,1.0,32.0,0,0,0,1,1.0,
202400012147,155 760 366,A01,2.0,7.0,0,0,0,13,1.0,
202400012148,155 760 363,A01,3.0,32.0,0,2,1,1,1.0,
202400012149,155 760 362,A01,2.0,7.0,0,2,7,16,1.0,
202400012150,155 760 359,A01,1.0,31.0,0,2,7,2,1.0,
202400012151,155 760 358,A01,2.0,7.0,0,2,1,2,1.0,
202400012152,155 760 356,A01,1.0,1.0,1,2,6,1,5.0,
202400012153,155 760 355,A01,2.0,7.0,0,1,1,1,1.0,
202400012154,155 760 354,A01,1.0,7.0,13,0,0,14,1.0,
202400012155,155 760 352,A01,1.0,15.0,0,2,2,9,1.0,
202400012156,155 760 351,A01,2.0,30.0,0,1,1,0,1.0,
202400012157,155 760 350,A01,1.0,7.0,0,1,2,1,1.0,
202400012158,155 760 349,Z01,2.0,7.0,0,1,8,0,0.0,
202400012159,155 760 348,A01,0.0,50.0,0,0,0,1,3.0,
202400012160,155 760 345,A01,1.0,7.0,1,0,3,22,1.0,
202400012161,155 760 346,A01,3.0,7.0,0,2,5,15,1.0,
202400012162,155 760 344,A01,1.0,7.0,12,0,1,6,1.0,
202400012163,155 760 342,B01,1.0,43.0,1,0,1,1,1.0,
202400012164,155 760 341,A01,3.0,7.0,0,1,1,1,1.0,
202400012165,155 760 337,B01,3.0,50.0,0,2,3,9,3.0,
202400012166,155 760 330,A01,3.0,7.0,0,1,2,16,1.0,
202400012167,155 760 332,A01,2.0,7.0,0,2,8,15,1.0,
202400012168,155 760 329,C01,2.0,7.0,0,2,4,2,1.0,
202400012169,155 760 328,B01,2.0,7.0,0,2,4,26,1.0,
202400012170,155 760 325,B01,1.0,50.0,0,2,1,1,3.0,
202400012171,155 760 324,B01,1.0,7.0,0,2,1,1,1.0,
202400012172,155 760 319,A01,1.0,7.0,0,2,2,9,1.0,
202400012173,155 760 317,A01,3.0,10.0,0,2,3,9,1.0,
202400012174,155 760 318,C01,3.0,7.0,0,2,6,0,2.0,
202400012175,155 760 314,A01,1.0,33.0,0,2,1,1,1.0,
202400012176,155 760 312,A01,3.0,7.0,0,2,1,17,1.0,
202400012177,155 760 311,A01,3.0,7.0,0,2,1,2,1.0,
202400012178,155 760 309,A01,2.0,7.0,0,1,3,12,1.0,
202400012179,155 760 308,A01,2.0,7.0,0,2,1,15,1.0,
202400012180,155 760 305,B01,3.0,1.0,0,9,7,1,5.0,
202400012181,155 760 304,A01,0.0,7.0,0,2,1,1,1.0,
202400012182,155 760 303,A01,1.0,7.0,0,0,2,26,1.0,
202400012183,155 760 302,A01,1.0,7.0,2,0,2,1,1.0,
202400012184,155 760 301,A01,1.0,2.0,0,0,1,1,3.0,
202400012185,155 760 299,A01,1.0,2.0,12,0,1,0,1.0,
202400012186,155 760 298,A01,1.0,2.0,0,0,2,14,1.0,
202400012187,155 760 297,B01,2.0,33.0,0,2,4,2,1.0,
202400012188,155 760 295,A01,1.0,7.0,13,0,1,0,2.0,
202400012189,155 760 294,A01,3.0,31.0,0,2,1,1,0.0,
202400012190,155 760 292,A01,3.0,7.0,0,1,1,1,1.0,
202400012191,155 760 293,A01,3.0,33.0,1,0,1,26,1.0,
202400012192,155 760 290,A01,3.0,7.0,8,0,1,16,1.0,
202400012193,155 760 288,A01,3.0,33.0,0,2,6,9,1.0,
202400012194,155 760 286,A01,2.0,7.0,2,0,3,14,1.0,
202400012195,155 760 283,A01,1.0,34.0,0,1,1,1,1.0,
202400012196,155 760 280,B01,2.0,7.0,0,2,4,2,1.0,
202400012197,155 760 279,B01,3.0,1.0,0,2,1,26,5.0,
202400012198,155 760 276,A01,1.0,7.0,0,2,1,15,2.0,
202400012199,155 760 272,A01,0.0,10.0,0,2,2,16,1.0,
202400012200,155 760 273,A01,3.0,7.0,0,2,4,23,1.0,
202400012201,155 760 270,A01,0.0,2.0,0,0,9,1,1.0,
202400012202,155 760 268,A01,2.0,50.0,0,2,4,1,3.0,
202400012203,155 760 266,A01,2.0,7.0,0,0,5,0,1.0,
202400012204,155 760 264,A01,2.0,31.0,0,2,1,13,1.0,
202400012205,155 760 259,A01,1.0,40.0,0,2,2,1,3.0,
202400012206,155 760 257,A01,1.0,1.0,0,2,3,2,5.0,
202400012207,155 760 256,B01,2.0,10.0,0,2,3,1,1.0,
202400012208,155 760 258,A01,3.0,7.0,0,2,1,1,1.0,
202400012209,155 760 255,A01,1.0,7.0,0,0,9,6,0.0,
202400012210,155 760 254,A01,2.0,7.0,13,0,1,1,1.0,
202400012211,155 760 253,A01,3.0,32.0,0,1,8,26,1.0,
202400012212,155 760 250,A01,3.0,7.0,0,1,7,0,1.0,
202400012213,155 760 251,B01,3.0,7.0,0,2,8,2,1.0,
202400012214,155 760 246,A01,2.0,33.0,0,2,1,2,1.0,
202400012215,155 760 244,B01,2.0,33.0,0,2,1,1,1.0,
202400012216,155 760 243,B01,3.0,7.0,0,2,1,1,1.0,
202400012217,155 760 241,A01,1.0,38.0,0,1,2,16,1.0,1
202400012218,155 760 239,B01,1.0,30.0,0,2,7,1,1.0,
202400012219,155 760 238,A01,0.0,7.0,0,2,3,0,1.0,
202400012220,155 760 236,A01,1.0,7.0,0,2,5,18,1.0,
202400012221,155 760 234,A01,1.0,7.0,0,1,1,0,1.0,
202400012222,155 760 232,B01,1.0,33.0,0,2,1,0,1.0,
202400012223,155 760 230,B01,1.0,7.0,0,2,3,1,1.0,
202400012224,155 760 227,A01,1.0,7.0,13,0,1,16,1.0,
202400012225,155 760 226,B01,2.0,33.0,0,2,7,2,1.0,
202400012226,155 760 224,B01,2.0,7.0,0,2,3,13,2.0,
202400012227,155 760 228,A01,0.0,7.0,1,0,1,1,1.0,
202400012228,155 760 220,A01,2.0,14.0,0,2,1,9,1.0,
202400012229,155 760 218,A01,1.0,34.0,0,2,1,5,1.0,
202400012230,155 760 217,A01,1.0,10.0,6,0,1,17,1.0,
202400012231,155 760 216,A01,1.0,7.0,0,2,4,2,1.0,
202400012232,155 760 213,B01,2.0,10.0,0,2,2,1,1.0,
202400012233,155 760 211,B01,2.0,15.0,0,0,7,19,0.0,
202400012234,155 760 210,A01,1.0,7.0,6,0,1,1,1.0,
202400012235,155 760 209,B01,1.0,7.0,0,9,1,1,1.0,
202400012236,155 760 207,A01,1.0,7.0,0,1,2,1,2.0,
202400012237,155 760 208,A01,1.0,10.0,0,2,1,1,1.0,
202400012238,155 760 205,A01,1.0,7.0,0,1,1,11,1.0,
202400012239,155 760 203,A01,1.0,33.0,0,2,2,1,1.0,
202400012240,155 760 198,B01,2.0,1.0,0,2,0,21,5.0,
202400012241,155 760 199,A01,1.0,7.0,0,2,5,15,1.0,
202400012242,155 760 193,A01,3.0,7.0,0,2,4,23,1.0,
202400012243,155 760 192,A01,2.0,30.0,0,0,7,1,1.0,
202400012244,155 760 190,A01,2.0,50.0,0,2,1,19,3.0,
202400012245,155 760 191,A01,2.0,7.0,0,2,8,11,1.0,
202400012246,155 760 187,B01,3.0,7.0,0,2,1,1,1.0,
202400012247,155 760 188,A01,2.0,7.0,0,1,1,1,1.0,
202400012248,155 760 185,A01,2.0,7.0,0,2,2,19,1.0,
202400012249,155 760 180,A01,2.0,7.0,8,0,9,1,1.0,
202400012250,155 760 181,A01,0.0,39.0,0,1,1,1,3.0,
202400012251,155 760 179,A01,3.0,30.0,0,2,1,19,1.0,
202400012252,155 760 182,B01,1.0,7.0,0,2,4,2,1.0,
202400012253,155 760 178,A01,1.0,7.0,4,0,1,13,1.0,
202400012254,155 760 174,A01,2.0,7.0,0,2,8,10,1.0,
202400012255,155 760 172,A01,1.0,7.0,0,0,0,1,1.0,
202400012256,155 760 171,A01,1.0,33.0,0,2,1,11,1.0,
202400012257,155 760 168,A01,2.0,7.0,13,0,1,1,1.0,
202400012258,155 760 169,A01,3.0,7.0,0,1,1,15,1.0,
202400012259,155 760 167,A01,1.0,33.0,0,2,1,1,1.0,
202400012260,155 760 164,A01,3.0,7.0,0,0,1,1,1.0,
202400012261,155 760 166,A01,1.0,7.0,0,2,1,14,1.0,
202400012262,155 760 163,A01,2.0,7.0,0,2,3,0,1.0,
202400012263,155 760 160,A01,2.0,2.0,0,1,1,1,1.0,
202400012264,155 760 161,C01,1.0,7.0,0,2,1,16,1.0,
202400012265,155 760 157,A01,1.0,7.0,0,2,1,0,1.0,
202400012266,155 760 159,A01,1.0,30.0,0,0,8,1,1.0,
202400012267,155 760 155,A01,0.0,50.0,12,0,1,1,3.0,
202400012268,155 760 154,A01,2.0,7.0,0,0,0,1,1.0,
202400012269,155 760 153,B01,1.0,1.0,0,2,5,1,5.0,
202400012270,155 760 150,A01,1.0,33.0,6,0,1,1,1.0,
202400012271,155 760 151,A01,2.0,33.0,0,2,3,3,1.0,
202400012272,155 760 149,A01,2.0,50.0,8,0,1,1,3.0,
202400012273,155 760 148,A01,2.0,7.0,2,0,1,13,1.0,
202400012274,155 760 146,B01,2.0,1.0,0,2,6,1,5.0,
202400012275,155 760 143,A01,3.0,7.0,0,1,3,15,2.0,
202400012276,155 760 144,A01,2.0,10.0,0,1,3,15,3.0,
202400012277,155 760 141,A01,1.0,43.0,1,0,7,14,2.0,
202400012278,155 760 140,A01,2.0,7.0,0,0,8,15,1.0,
202400012279,155 760 139,A01,1.0,7.0,0,0,1,14,1.0,
202400012280,155 760 134,A01,2.0,7.0,0,2,2,13,1.0,
202400012281,155 760 135,A01,2.0,7.0,0,1,2,18,1.0,
202400012282,155 760 133,A01,3.0,7.0,0,2,3,1,1.0,
202400012283,155 760 132,B01,1.0,7.0,0,2,3,1,1.0,
202400012284,155 760 128,A01,2.0,7.0,0,2,2,1,1.0,
202400012285,155 760 127,A01,2.0,34.0,0,2,1,17,1.0,
202400012286,155 760 126,A01,2.0,7.0,0,2,2,16,2.0,
202400012287,155 760 124,A01,1.0,1.0,0,2,0,19,5.0,
202400012288,155 760 121,A01,2.0,7.0,0,2,3,1,1.0,
202400012289,155 760 118,A01,1.0,2.0,0,2,1,13,1.0,
202400012290,155 760 117,A01,3.0,33.0,0,2,8,1,1.0,
202400012291,155 760 119,A01,1.0,33.0,0,1,3,1,1.0,
202400012292,155 760 114,A01,3.0,30.0,12,0,2,14,1.0,
202400012293,155 760 115,B01,2.0,33.0,0,2,1,1,1.0,
202400012294,155 760 113,A01,1.0,7.0,3,0,8,13,1.0,
202400012295,155 760 111,B01,2.0,7.0,0,2,2,23,2.0,
202400012296,155 760 106,A01,3.0,7.0,0,2,1,13,1.0,
202400012297,155 760 107,A01,2.0,30.0,0,2,1,1,1.0,
202400012298,155 760 105,A01,2.0,7.0,0,0,7,0,1.0,
202400012299,155 760 100,A01,1.0,7.0,8,0,1,17,1.0,
202400012300,155 760 098,A01,1.0,7.0,0,2,7,2,1.0,
202400012301,155 760 097,B01,1.0,32.0,0,2,0,0,1.0,
202400012302,155 760 101,A01,2.0,10.0,0,2,2,10,1.0,
202400012303,155 760 094,A01,3.0,31.0,14,0,1,1,1.0,
202400012304,155 760 093,A01,3.0,7.0,0,9,0,2,3.0,
202400012305,155 760 091,B01,3.0,7.0,0,2,1,21,1.0,
202400012306,155 760 086,B01,1.0,50.0,0,2,8,19,3.0,
202400012307,155 760 087,A01,2.0,10.0,0,0,6,15,1.0,
202400012308,155 760 090,A01,,7.0,0,2,8,15,1.0,