Num_Acc,id_vehicule,num_veh,senc,catv,obs,obsm,choc,manv,motor,occutc
202400012309,155 760 082,A01,3.0,7.0,0,1,1,1,1.0,
202400012310,155 760 079,A01,1.0,7.0,0,2,1,14,1.0,
202400012311,155 760 078,A01,1.0,1.0,0,1,1,0,5.0,
202400012312,155 760 077,B01,3.0,33.0,0,2,1,1,1.0,
202400012313,155 760 075,A01,1.0,7.0,16,0,0,1,1.0,
202400012314,155 760 074,A01,2.0,7.0,0,1,1,1,1.0,
202400012315,155 760 073,A01,3.0,7.0,0,2,1,1,1.0,
202400012316,155 760 072,A01,1.0,40.0,0,1,7,1,3.0,
202400012317,155 760 069,A01,2.0,7.0,15,0,2,0,1.0,
202400012318,155 760 067,A01,2.0,7.0,0,2,3,20,1.0,
202400012319,155 760 066,A01,2.0,7.0,0,1,2,1,2.0,
202400012320,155 760 063,B01,1.0,7.0,0,2,1,1,1.0,
202400012321,155 760 060,C01,1.0,2.0,0,0,0,2,1.0,
202400012322,155 760 059,A01,1.0,7.0,0,2,2,21,1.0,
202400012323,155 760 058,A01,2.0,1.0,0,0,1,1,5.0,
202400012324,155 760 056,A01,1.0,7.0,13,0,1,14,1.0,
202400012325,155 760 055,A01,2.0,31.0,0,2,2,17,1.0,
202400012326,155 760 054,A01,1.0,34.0,1,1,0,0,1.0,
202400012327,155 760 051,A01,1.0,7.0,0,1,1,16,1.0,
202400012328,155 760 050,B01,2.0,31.0,0,2,3,11,1.0,
202400012329,155 760 048,A01,1.0,10.0,0,2,1,2,1.0,
202400012330,155 760 046,A01,2.0,7.0,2,0,1,1,1.0,
202400012331,155 760 045,B01,3.0,33.0,0,2,3,1,1.0,
202400012332,155 760 041,A01,0.0,7.0,0,1,3,1,1.0,
202400012333,155 760 042,B01,2.0,10.0,0,2,4,23,1.0,
202400012334,155 760 040,A01,1.0,21.0,0,1,0,15,1.0,
202400012335,155 760 039,A01,2.0,7.0,0,2,1,1,1.0,
202400012336,155 760 035,C01,1.0,7.0,0,0,0,0,3.0,
202400012337,155 760 036,A01,1.0,37.0,0,1,2,7,2.0,1
202400012338,155 760 031,A01,2.0,7.0,0,2,8,9,1.0,
202400012339,155 760 028,B01,1.0,7.0,0,2,8,1,1.0,
202400012340,155 760 026,B01,2.0,2.0,0,2,1,1,1.0,
202400012341,155 760 024,B01,1.0,80.0,15,2,5,18,3.0,
202400012342,155 760 022,B01,1.0,7.0,0,2,3,1,1.0,
202400012343,155 760 021,A01,1.0,7.0,2,0,7,1,0.0,
202400012344,155 760 019,A01,3.0,7.0,0,2,1,1,1.0,
202400012345,155 760 018,A01,1.0,1.0,0,2,1,1,5.0,
202400012346,155 760 017,A01,1.0,7.0,0,1,1,9,1.0,
202400012347,155 760 016,A01,0.0,2.0,0,1,4,4,3.0,
202400012348,155 760 013,B01,1.0,37.0,0,2,0,1,1.0,1
202400012349,155 760 008,A01,1.0,10.0,0,2,1,17,1.0,
202400012350,155 760 007,B01,1.0,7.0,6,2,1,1,1.0,
202400012351,155 760 009,B01,1.0,33.0,0,2,1,1,1.0,
202400012352,155 760 005,A01,3.0,7.0,2,0,1,14,1.0,
202400012353,155 760 001,A01,2.0,30.0,14,0,7,12,1.0,
202400012354,155 760 002,B01,1.0,33.0,0,2,7,17,1.0,
202400012355,155 759 999,A01,3.0,10.0,8,0,1,1,1.0,
202400012356,155 759 998,D01,1.0,1.0,0,2,1,2,5.0,
202400012357,155 759 997,A01,3.0,2.0,0,0,0,2,1.0,
202400012358,155 759 995,B01,3.0,80.0,0,2,5,2,3.0,
202400012359,155 759 993,A01,1.0,7.0,13,0,0,1,1.0,
202400012360,155 759 994,A01,1.0,7.0,17,0,1,1,1.0,
202400012361,155 759 990,A01,3.0,1.0,0,2,3,1,5.0,
202400012362,155 759 989,B01,3.0,2.0,0,2,3,0,1.0,
202400012363,155 759 988,A01,1.0,7.0,13,0,3,13,1.0,
202400012364,155 759 987,A01,3.0,33.0,0,0,0,1,1.0,
202400012365,155 759 986,A01,1.0,7.0,2,0,3,0,1.0,
202400012366,155 759 984,A01,1.0,7.0,0,2,3,2,1.0,
202400012367,155 759 983,A01,1.0,10.0,3,0,1,1,1.0,
202400012368,155 759 982,A01,2.0,7.0,13,0,2,0,1.0,
202400012369,155 759 980,A01,1.0,7.0,0,2,1,15,1.0,
202400012370,155 759 978,A01,3.0,7.0,12,1,2,4,1.0,
202400012371,155 759 976,A01,2.0,7.0,0,9,1,13,1.0,
202400012372,155 759 975,A01,1.0,7.0,13,0,1,2,1.0,
202400012373,155 759 973,B01,0.0,50.0,0,2,1,0,3.0,
202400012374,155 759 972,A01,1.0,7.0,10,0,8,13,1.0,
202400012375,155 759 971,A01,3.0,7.0,2,0,1,15,1.0,
202400012376,155 759 967,B01,3.0,7.0,0,2,8,1,1.0,
202400012377,155 759 966,A01,2.0,7.0,0,2,7,14,1.0,
202400012378,155 759 965,B01,3.0,50.0,0,2,1,19,3.0,
202400012379,155 759 962,A01,1.0,7.0,0,2,4,2,1.0,
202400012380,155 759 961,Z01,3.0,7.0,0,9,0,19,0.0,
202400012381,155 759 959,A01,3.0,7.0,0,2,7,13,1.0,
202400012382,155 759 954,A01,2.0,7.0,0,2,8,13,1.0,
202400012383,155 759 957,A01,1.0,3.0,0,1,1,15,1.0,
202400012384,155 759 953,A01,1.0,7.0,4,0,2,1,1.0,
202400012385,155 759 951,A01,1.0,7.0,0,1,7,14,2.0,
202400012386,155 759 950,B01,2.0,7.0,0,2,1,14,1.0,
202400012387,155 759 948,A01,1.0,7.0,0,1,1,1,1.0,
202400012388,155 759 947,A01,1.0,7.0,0,2,2,2,1.0,
202400012389,155 759 944,A01,2.0,7.0,3,0,1,1,1.0,
202400012390,155 759 945,A01,1.0,7.0,0,1,3,9,1.0,
202400012391,155 759 939,A01,1.0,33.0,0,2,0,1,1.0,
202400012392,155 759 938,B01,2.0,7.0,0,2,3,1,1.0,
202400012393,155 759 936,A01,1.0,7.0,0,2,1,1,1.0,
202400012394,155 759 935,A01,1.0,7.0,3,0,7,26,1.0,
202400012395,155 759 932,A01,1.0,7.0,0,2,7,12,1.0,
202400012396,155 759 930,A01,2.0,7.0,0,2,1,11,0.0,
202400012397,155 759 929,A01,1.0,7.0,0,2,1,1,1.0,
202400012398,155 759 927,A01,2.0,10.0,0,1,7,1,1.0,
202400012399,155 759 928,A01,2.0,50.0,0,0,2,1,3.0,
202400012400,155 759 925,A01,3.0,33.0,0,2,1,1,1.0,
202400012401,155 759 923,A01,2.0,7.0,0,1,1,26,1.0,
202400012402,155 759 922,A01,1.0,7.0,0,2,4,1,1.0,
202400012403,155 759 919,A01,1.0,7.0,0,2,3,9,1.0,
202400012404,155 759 918,A01,1.0,7.0,12,0,9,26,1.0,
202400012405,155 759 917,A01,3.0,7.0,0,9,1,15,0.0,
202400012406,155 759 912,A01,3.0,7.0,0,9,3,1,1.0,
202400012407,155 759 911,A01,2.0,10.0,0,2,1,19,1.0,
202400012408,155 759 909,A01,3.0,2.0,0,1,3,2,1.0,
202400012409,155 759 908,B01,2.0,10.0,0,2,1,15,1.0,
202400012410,155 759 906,A01,3.0,7.0,0,2,3,1,1.0,
202400012411,155 759 903,A01,2.0,2.0,0,2,8,1,1.0,
202400012412,155 759 902,A01,1.0,7.0,0,2,1,15,1.0,
202400012413,155 759 899,A01,1.0,7.0,0,1,3,2,0.0,
202400012414,155 759 898,A01,3.0,7.0,0,1,4,4,1.0,
202400012415,155 759 894,A01,1.0,7.0,0,2,4,12,1.0,
202400012416,155 759 893,A01,2.0,7.0,2,0,1,1,1.0,
202400012417,155 759 890,F01,2.0,15.0,0,2,3,1,1.0,
202400012418,155 759 888,A01,3.0,3.0,0,2,2,15,1.0,
202400012419,155 759 887,A01,3.0,7.0,0,2,3,13,1.0,
202400012420,155 759 885,A01,3.0,1.0,0,2,0,2,5.0,
202400012421,155 759 884,A01,1.0,50.0,0,1,1,1,3.0,
202400012422,155 759 882,A01,1.0,7.0,0,0,0,1,1.0,
202400012423,155 759 880,A01,2.0,10.0,0,2,1,1,1.0,
202400012424,155 759 879,B01,1.0,32.0,0,2,8,9,1.0,
202400012425,155 759 873,B01,0.0,7.0,0,2,3,12,1.0,
202400012426,155 759 872,C01,2.0,7.0,0,0,4,2,1.0,
202400012427,155 759 870,A01,0.0,7.0,0,2,2,5,1.0,
202400012428,155 759 869,A01,3.0,7.0,0,1,1,26,1.0,
202400012429,155 759 863,A01,2.0,7.0,0,2,3,9,1.0,
202400012430,155 759 865,A01,1.0,10.0,0,1,1,1,1.0,
202400012431,155 759 862,A01,1.0,7.0,0,2,4,1,1.0,
202400012432,155 759 859,A01,1.0,7.0,0,2,2,13,1.0,
202400012433,155 759 857,B01,1.0,7.0,0,2,1,1,1.0,
202400012434,155 759 854,B01,2.0,7.0,0,2,1,1,1.0,
202400012435,155 759 856,A01,2.0,10.0,0,1,8,15,1.0,
202400012436,155 759 852,A01,1.0,7.0,0,2,3,1,1.0,
202400012437,155 759 851,A01,3.0,7.0,0,2,7,19,1.0,
202400012438,155 759 849,A01,2.0,7.0,2,0,1,1,1.0,
202400012439,155 759 847,B01,3.0,7.0,0,2,3,15,3.0,
202400012440,155 759 850,A01,2.0,7.0,0,1,1,1,1.0,
202400012441,155 759 845,B01,1.0,2.0,13,0,6,1,1.0,
202400012442,155 759 843,A01,2.0,2.0,0,0,9,1,1.0,
202400012443,155 759 841,A01,2.0,30.0,0,2,1,1,1.0,
202400012444,155 759 844,A01,2.0,10.0,0,1,1,1,1.0,
202400012445,155 759 839,A01,1.0,7.0,8,2,3,1,1.0,
202400012446,155 759 835,A01,1.0,7.0,0,2,3,13,1.0,
202400012447,155 759 833,B01,2.0,1.0,0,2,1,1,5.0,
202400012448,155 759 832,A01,1.0,7.0,3,2,1,2,1.0,
202400012449,155 759 830,A01,1.0,2.0,0,1,1,1,3.0,
202400012450,155 759 829,A01,2.0,7.0,0,2,1,2,1.0,
202400012451,155 759 823,B01,1.0,7.0,0,2,4,26,1.0,
202400012452,155 759 824,B01,1.0,7.0,0,2,2,15,1.0,
202400012453,155 759 817,A01,1.0,7.0,12,2,1,1,1.0,
202400012454,155 759 816,B01,1.0,32.0,0,2,7,1,1.0,
202400012455,155 759 815,A01,1.0,7.0,0,2,1,2,2.0,
202400012456,155 759 812,A01,2.0,7.0,0,2,1,10,1.0,
202400012457,155 759 810,B01,1.0,31.0,-1,-1,-1,0,,
202400012458,155 759 811,A01,1.0,7.0,0,1,1,15,1.0,
202400012459,155 759 808,A01,0.0,43.0,0,0,0,1,1.0,
202400012460,155 759 806,A01,2.0,50.0,0,2,7,1,3.0,
202400012461,155 759 805,B01,1.0,50.0,0,2,1,1,3.0,
202400012462,155 759 803,A01,2.0,7.0,0,2,5,11,1.0,
202400012463,155 759 801,A01,2.0,10.0,0,1,1,16,1.0,
202400012464,155 759 800,B01,2.0,7.0,0,2,6,15,1.0,
202400012465,155 759 798,A01,1.0,7.0,0,1,1,1,1.0,
202400012466,155 759 797,B01,1.0,33.0,0,2,8,1,1.0,
202400012467,155 759 796,A01,2.0,2.0,0,1,1,1,1.0,
202400012468,155 759 794,A01,2.0,10.0,0,1,1,1,1.0,
202400012469,155 759 792,B01,0.0,7.0,0,2,1,1,1.0,
202400012470,155 759 790,A01,2.0,13.0,1,0,3,13,1.0,
202400012471,155 759 791,A01,2.0,50.0,0,2,1,1,3.0,
202400012472,155 759 789,A01,3.0,17.0,0,0,7,1,1.0,
202400012473,155 759 788,A01,2.0,7.0,0,1,4,4,1.0,
202400012474,155 759 787,A01,3.0,33.0,14,0,1,26,1.0,
202400012475,155 759 786,A01,0.0,7.0,0,1,1,1,1.0,
202400012476,155 759 783,A01,1.0,7.0,1,2,2,1,1.0,
202400012477,155 759 781,B01,0.0,7.0,0,2,3,2,1.0,
202400012478,155 759 780,B01,1.0,50.0,0,2,1,19,3.0,
202400012479,155 759 779,A01,1.0,7.0,4,0,3,1,1.0,
202400012480,155 759 775,A01,1.0,33.0,0,2,1,13,1.0,
202400012481,155 759 774,A01,2.0,50.0,0,2,1,1,3.0,
202400012482,155 759 773,A01,2.0,7.0,0,2,6,20,1.0,
202400012483,155 759 771,A01,3.0,31.0,0,2,8,15,1.0,
202400012484,155 759 769,A01,1.0,37.0,1,0,1,13,1.0,2
202400012485,155 759 767,B01,2.0,10.0,0,2,5,0,0.0,
202400012486,155 759 766,B01,3.0,38.0,0,2,8,1,1.0,1
202400012487,155 759 763,B01,3.0,1.0,0,2,4,1,5.0,
202400012488,155 759 760,B01,2.0,10.0,0,2,4,1,1.0,
202400012489,155 759 761,A01,3.0,7.0,0,1,3,2,2.0,
202400012490,155 759 758,A01,0.0,50.0,0,2,1,19,3.0,
202400012491,155 759 757,A01,1.0,31.0,0,1,1,0,1.0,
202400012492,155 759 756,A01,1.0,7.0,0,1,1,15,1.0,
202400012493,155 759 755,A01,2.0,7.0,8,0,3,26,1.0,
202400012494,155 759 753,A01,0.0,7.0,0,1,3,0,1.0,
202400012495,155 759 751,A01,1.0,7.0,1,0,1,1,1.0,
202400012496,155 759 752,B01,1.0,7.0,0,2,4,23,1.0,
202400012497,155 759 750,A01,3.0,7.0,15,0,2,14,1.0,
202400012498,155 759 747,B01,3.0,7.0,0,2,2,0,1.0,
202400012499,155 759 745,A01,2.0,10.0,0,2,1,1,1.0,
202400012500,155 759 744,A01,0.0,7.0,0,2,1,15,3.0,
202400012501,155 759 743,A01,3.0,7.0,0,0,2,9,2.0,
202400012502,155 759 742,A01,1.0,7.0,0,1,2,15,1.0,
202400012503,155 759 739,A01,1.0,7.0,0,2,1,1,1.0,
202400012504,155 759 738,B01,0.0,33.0,2,2,1,2,1.0,
202400012505,155 759 737,A01,3.0,7.0,1,0,1,14,0.0,
202400012506,155 759 735,A01,2.0,99.0,0,1,2,1,0.0,
202400012507,155 759 734,B01,1.0,7.0,0,2,3,1,1.0,
202400012508,155 759 732,A01,0.0,33.0,0,2,2,9,1.0,
202400012509,155 759 729,B01,1.0,7.0,0,2,1,15,1.0,
202400012510,155 759 727,A01,3.0,7.0,0,2,8,15,1.0,
202400012511,155 759 726,A01,2.0,7.0,0,2,1,1,2.0,
202400012512,155 759 721,A01,1.0,7.0,0,2,1,2,1.0,
202400012513,155 759 722,A01,3.0,43.0,0,2,5,1,1.0,
202400012514,155 759 720,A01,3.0,7.0,0,2,1,9,1.0,
202400012515,155 759 716,A01,3.0,30.0,0,2,4,17,1.0,
202400012516,155 759 717,A01,1.0,7.0,13,0,3,13,1.0,
202400012517,155 759 715,B01,2.0,50.0,0,2,8,1,3.0,
202400012518,155 759 714,A01,1.0,7.0,0,1,3,9,1.0,
202400012519,155 759 711,A01,1.0,7.0,0,2,1,2,2.0,
202400012520,155 759 710,A01,2.0,33.0,12,0,1,14,1.0,
202400012521,155 759 709,A01,1.0,10.0,0,2,1,1,1.0,
202400012522,155 759 708,A01,2.0,7.0,12,0,1,19,1.0,
202400012523,155 759 707,A01,1.0,7.0,3,0,1,2,1.0,
202400012524,155 759 703,A01,1.0,3.0,0,2,7,19,1.0,
202400012525,155 759 701,B01,1.0,7.0,0,2,1,0,1.0,
202400012526,155 759 700,A01,1.0,7.0,0,1,3,0,1.0,
202400012527,155 759 699,A01,0.0,0.0,0,1,0,0,0.0,
202400012528,155 759 697,A01,3.0,7.0,0,2,2,1,1.0,
202400012529,155 759 695,A01,3.0,10.0,0,1,1,1,1.0,
202400012530,155 759 693,AB01,2.0,7.0,0,2,2,16,,
202400012531,155 759 691,A01,2.0,7.0,0,2,1,15,1.0,
202400012532,155 759 687,A01,1.0,7.0,0,0,0,1,1.0,
202400012533,155 759 688,A01,3.0,7.0,0,2,1,16,1.0,
202400012534,155 759 686,B01,1.0,7.0,0,2,2,1,1.0,
202400012535,155 759 685,A01,3.0,7.0,0,1,8,16,1.0,
202400012536,155 759 684,A01,3.0,7.0,0,1,3,5,1.0,
202400012537,155 759 682,B01,1.0,7.0,0,2,5,12,1.0,
202400012538,155 759 680,A01,1.0,7.0,0,1,3,1,1.0,
202400012539,155 759 679,B01,2.0,33.0,0,2,7,17,1.0,
202400012540,155 759 677,B01,1.0,7.0,0,2,1,1,1.0,
202400012541,155 759 676,A01,1.0,7.0,0,1,1,1,1.0,
202400012542,155 759 675,A01,1.0,7.0,0,1,2,1,1.0,
202400012543,155 759 673,A01,1.0,7.0,0,2,1,15,1.0,
202400012544,155 759 670,A01,2.0,10.0,0,2,1,12,1.0,
202400012545,155 759 669,B01,1.0,1.0,0,2,7,1,5.0,
202400012546,155 759 667,A01,1.0,7.0,0,2,1,15,1.0,
202400012547,155 759 666,A01,1.0,7.0,12,0,1,9,1.0,
202400012548,155 759 665,A01,1.0,7.0,13,0,2,19,1.0,
202400012549,155 759 663,A01,2.0,33.0,0,6,8,21,1.0,
202400012550,155 759 662,A01,2.0,1.0,0,1,1,1,5.0,
202400012551,155 759 661,B01,1.0,50.0,0,2,0,1,3.0,
202400012552,155 759 657,A01,2.0,2.0,0,2,3,19,1.0,
202400012553,155 759 656,A01,1.0,50.0,0,2,1,1,3.0,
202400012554,155 759 655,A01,3.0,7.0,0,2,8,10,3.0,
202400012555,155 759 653,A01,1.0,7.0,0,2,1,13,2.0,
202400012556,155 759 650,A01,3.0,7.0,0,2,1,2,1.0,
202400012557,155 759 649,A01,3.0,7.0,0,2,1,2,1.0,
202400012558,155 759 648,A01,1.0,7.0,0,0,0,12,1.0,
202400012559,155 759 645,B01,1.0,10.0,0,2,6,1,1.0,
202400012560,155 759 643,A01,2.0,7.0,0,2,1,2,1.0,
202400012561,155 759 644,A01,1.0,7.0,9,0,1,5,1.0,
202400012562,155 759 640,A01,1.0,1.0,0,0,0,1,5.0,
202400012563,155 759 638,A01,3.0,7.0,0,2,1,1,1.0,
202400012564,155 759 637,A01,3.0,7.0,0,2,7,9,1.0,
202400012565,155 759 633,A01,2.0,50.0,0,2,3,15,3.0,
202400012566,155 759 634,A01,2.0,7.0,0,2,0,15,1.0,
202400012567,155 759 631,A01,2.0,7.0,0,2,0,0,0.0,
202400012568,155 759 629,B01,2.0,80.0,0,2,8,13,3.0,
202400012569,155 759 626,A01,3.0,1.0,0,2,1,15,5.0,
202400012570,155 759 625,A01,2.0,1.0,0,0,0,11,5.0,
202400012571,155 759 624,A01,1.0,7.0,0,2,1,2,2.0,
202400012572,155 759 621,A01,2.0,7.0,0,2,1,16,1.0,
202400012573,155 759 622,A01,3.0,7.0,9,0,1,1,3.0,
202400012574,155 759 619,A01,1.0,2.0,0,2,3,18,3.0,
202400012575,155 759 616,A01,2.0,7.0,2,0,3,1,1.0,
202400012576,155 759 617,A01,1.0,7.0,15,0,3,19,1.0,
202400012577,155 759 615,A01,2.0,7.0,0,2,3,26,1.0,
202400012578,155 759 613,A01,1.0,7.0,2,0,1,0,1.0,
202400012579,155 759 612,A01,2.0,7.0,0,2,1,5,1.0,
202400012580,155 759 611,A01,2.0,7.0,3,0,1,9,1.0,
202400012581,155 759 609,A01,1.0,7.0,2,0,1,14,1.0,
202400012582,155 759 607,A01,1.0,7.0,9,0,0,1,1.0,
202400012583,155 759 608,B01,1.0,7.0,0,2,3,1,1.0,
202400012584,155 759 605,A01,2.0,7.0,0,2,3,19,1.0,
202400012585,155 759 603,A01,2.0,7.0,0,1,3,15,1.0,
202400012586,155 759 602,A01,0.0,7.0,0,1,1,1,1.0,
202400012587,155 759 600,A01,2.0,7.0,13,2,6,17,1.0,
202400012588,155 759 598,A01,1.0,7.0,16,0,9,21,1.0,
202400012589,155 759 599,A01,2.0,7.0,0,2,3,15,1.0,
202400012590,155 759 596,A01,2.0,7.0,2,0,1,26,1.0,
202400012591,155 759 594,A01,2.0,2.0,0,2,1,2,1.0,
202400012592,155 759 593,A01,3.0,7.0,0,2,3,13,1.0,
202400012593,155 759 592,A01,2.0,36.0,15,0,1,1,1.0,
202400012594,155 759 591,A01,2.0,3.0,13,0,9,14,1.0,
202400012595,155 759 589,A01,0.0,7.0,2,0,1,1,1.0,
202400012596,155 759 588,B01,1.0,32.0,0,2,1,17,1.0,
202400012597,155 759 587,A01,2.0,33.0,11,0,6,17,1.0,
202400012598,155 759 585,A01,1.0,30.0,0,0,3,1,3.0,
202400012599,155 759 583,A01,2.0,31.0,13,0,1,1,1.0,
202400012600,155 759 576,B01,1.0,7.0,0,2,2,15,2.0,
202400012601,155 759 575,A01,2.0,7.0,0,2,1,2,1.0,
202400012602,155 759 577,A01,3.0,80.0,0,0,1,0,3.0,
202400012603,155 759 573,A01,3.0,31.0,9,0,1,1,1.0,
202400012604,155 759 571,A01,2.0,10.0,0,6,2,1,1.0,
202400012605,155 759 570,A01,1.0,7.0,9,2,1,1,1.0,
202400012606,155 759 563,A01,2.0,21.0,0,2,3,13,1.0,
202400012607,155 759 562,A01,1.0,33.0,0,2,1,0,1.0,
202400012608,155 759 564,A01,3.0,7.0,0,2,7,16,1.0,
202400012609,155 759 561,A01,2.0,7.0,2,0,1,1,1.0,
202400012610,155 759 558,A01,2.0,7.0,0,2,1,17,1.0,
202400012611,155 759 557,A01,1.0,10.0,0,2,3,9,1.0,
202400012612,155 759 555,B01,1.0,7.0,0,2,1,1,1.0,
202400012613,155 759 552,A01,2.0,7.0,4,2,0,0,1.0,
202400012614,155 759 550,A01,1.0,50.0,0,0,0,26,3.0,
202400012615,155 759 549,A01,2.0,7.0,4,0,8,0,1.0,
202400012616,155 759 548,A01,1.0,2.0,0,2,1,1,1.0,
202400012617,155 759 547,A01,1.0,7.0,9,0,1,19,1.0,
202400012618,155 759 544,A01,1.0,2.0,0,2,1,3,1.0,
202400012619,155 759 543,B01,1.0,1.0,0,2,1,0,5.0,
202400012620,155 759 541,B01,1.0,7.0,0,2,4,23,1.0,
202400012621,155 759 538,A01,1.0,10.0,0,2,3,13,1.0,
202400012622,155 759 539,A01,3.0,7.0,0,1,2,1,2.0,
202400012623,155 759 536,A01,3.0,7.0,0,2,1,1,1.0,
202400012624,155 759 533,B01,1.0,7.0,0,2,1,1,1.0,
202400012625,155 759 531,A01,1.0,43.0,14,0,1,1,1.0,
202400012626,155 759 530,A01,3.0,50.0,0,0,0,21,3.0,
202400012627,155 759 532,B01,1.0,33.0,0,2,1,1,1.0,
202400012628,155 759 522,B01,2.0,2.0,0,2,1,1,1.0,
202400012629,155 759 521,A01,2.0,2.0,0,2,1,13,1.0,
202400012630,155 759 520,D01,1.0,7.0,0,2,1,13,0.0,
202400012631,155 759 518,A01,1.0,7.0,0,0,9,0,1.0,
202400012632,155 759 517,A01,3.0,7.0,0,0,0,13,1.0,
202400012633,155 759 512,A01,2.0,7.0,0,2,7,1,1.0,
202400012634,155 759 511,A01,1.0,33.0,3,0,2,0,1.0,
202400012635,155 759 509,A01,1.0,7.0,2,0,1,13,1.0,
202400012636,155 759 508,A01,0.0,3.0,0,2,1,11,1.0,
202400012637,155 759 506,B01,2.0,7.0,0,2,1,1,1.0,
202400012638,155 759 504,A01,1.0,7.0,13,0,3,13,1.0,
202400012639,155 759 503,B01,2.0,7.0,0,2,4,1,1.0,
202400012640,155 759 500,A01,1.0,7.0,0,1,7,2,1.0,
202400012641,155 759 499,A01,2.0,7.0,0,2,1,5,2.0,
202400012642,155 759 498,A01,1.0,7.0,0,9,7,1,1.0,
202400012643,155 759 495,A01,3.0,10.0,0,2,0,15,1.0,
202400012644,155 759 494,B01,1.0,20.0,0,2,5,15,1.0,
202400012645,155 759 490,A01,1.0,7.0,0,2,1,2,1.0,
202400012646,155 759 488,A01,1.0,33.0,0,2,1,3,1.0,
202400012647,155 759 486,A01,0.0,7.0,0,0,2,19,1.0,
202400012648,155 759 484,B01,2.0,7.0,4,2,4,0,1.0,
202400012649,155 759 481,A01,3.0,7.0,1,0,0,1,1.0,
202400012650,155 759 482,A01,1.0,7.0,1,2,5,15,1.0,
202400012651,155 759 480,A01,2.0,7.0,4,0,1,1,1.0,
202400012652,155 759 479,A01,1.0,2.0,6,0,8,1,1.0,
202400012653,155 759 473,A01,2.0,7.0,0,2,4,9,1.0,
202400012654,155 759 474,A01,2.0,7.0,0,2,1,13,1.0,
202400012655,155 759 472,B01,2.0,7.0,0,2,1,1,1.0,
202400012656,155 759 470,A01,1.0,15.0,0,0,0,1,1.0,
202400012657,155 759 468,A01,2.0,7.0,0,2,1,2,1.0,
202400012658,155 759 467,B01,1.0,7.0,0,2,4,12,1.0,
202400012659,155 759 466,A01,1.0,33.0,13,0,9,1,1.0,
202400012660,155 759 465,A01,0.0,7.0,2,0,1,0,1.0,
202400012661,155 759 463,A01,2.0,7.0,0,0,9,1,1.0,
202400012662,155 759 461,A01,1.0,7.0,0,2,1,1,1.0,
202400012663,155 759 460,B01,2.0,7.0,0,2,2,12,1.0,
202400012664,155 759 458,A01,2.0,2.0,3,0,0,14,1.0,
202400012665,155 759 457,B01,1.0,7.0,0,2,1,15,1.0,
202400012666,155 759 455,B01,2.0,7.0,0,2,2,16,1.0,
202400012667,155 759 454,A01,1.0,7.0,0,1,3,1,1.0,
202400012668,155 759 452,A01,1.0,7.0,0,0,4,1,1.0,
202400012669,155 759 449,A01,1.0,10.0,0,2,3,15,1.0,
202400012670,155 759 448,A01,1.0,7.0,4,0,1,1,1.0,
202400012671,155 759 447,A01,1.0,7.0,0,2,1,17,0.0,
202400012672,155 759 444,A01,2.0,7.0,10,0,1,2,0.0,
202400012673,155 759 443,A01,2.0,7.0,0,2,2,15,1.0,
202400012674,155 759 441,A01,2.0,7.0,0,1,2,1,1.0,
202400012675,155 759 440,A01,3.0,36.0,0,0,1,1,1.0,
202400012676,155 759 438,B01,2.0,7.0,3,0,4,1,1.0,
202400012677,155 759 434,C01,1.0,7.0,0,2,4,23,1.0,
202400012678,155 759 435,A01,1.0,7.0,0,1,1,21,1.0,
202400012679,155 759 430,A01,1.0,33.0,17,0,1,0,1.0,
202400012680,155 759 431,A01,3.0,7.0,0,2,1,1,1.0,
202400012681,155 759 429,A01,2.0,7.0,0,2,3,11,1.0,
202400012682,155 759 427,A01,1.0,33.0,0,0,8,21,1.0,
202400012683,155 759 425,A01,1.0,7.0,3,2,2,17,1.0,
202400012684,155 759 424,A01,3.0,7.0,0,2,1,15,0.0,
202400012685,155 759 423,A01,1.0,37.0,0,2,3,1,1.0,1
202400012686,155 759 421,A01,2.0,7.0,0,2,3,13,1.0,
202400012687,155 759 419,B01,1.0,2.0,0,2,8,1,1.0,
202400012688,155 759 417,A01,1.0,33.0,0,2,8,17,1.0,
202400012689,155 759 414,A01,1.0,7.0,0,2,3,13,1.0,
202400012690,155 759 413,A01,1.0,7.0,0,2,1,15,1.0,
202400012691,155 759 410,B01,1.0,10.0,0,2,1,1,1.0,
202400012692,155 759 407,C01,3.0,7.0,0,9,1,1,1.0,
202400012693,155 759 406,B01,1.0,7.0,0,2,8,1,1.0,
202400012694,155 759 404,A01,0.0,7.0,0,2,5,12,1.0,
202400012695,155 759 401,A01,1.0,7.0,0,2,1,1,1.0,
202400012696,155 759 399,A01,2.0,1.0,0,2,3,15,5.0,
202400012697,155 759 398,A01,0.0,10.0,0,2,3,15,1.0,
202400012698,155 759 394,A01,3.0,7.0,0,0,3,1,1.0,
202400012699,155 759 395,A01,1.0,7.0,0,2,5,1,1.0,
202400012700,155 759 393,A01,2.0,31.0,4,0,1,0,1.0,
202400012701,155 759 391,A01,2.0,7.0,2,0,1,2,1.0,
202400012702,155 759 390,A01,0.0,7.0,2,0,1,1,1.0,
202400012703,155 759 389,A01,1.0,7.0,0,2,1,16,1.0,
202400012704,155 759 388,A01,0.0,10.0,0,1,6,0,0.0,
202400012705,155 759 386,A01,3.0,7.0,0,1,3,15,1.0,