Num_Acc,id_vehicule,num_veh,senc,catv,obs,obsm,choc,manv,motor,occutc
202400012706,155 759 385,A01,1.0,32.0,0,0,1,6,1.0,
202400012707,155 759 384,A01,1.0,7.0,0,2,1,1,1.0,
202400012708,155 759 381,B01,0.0,1.0,0,0,1,0,5.0,
202400012709,155 759 380,A01,2.0,2.0,0,2,1,9,1.0,
202400012710,155 759 379,A01,1.0,34.0,12,0,0,14,1.0,
202400012711,155 759 378,A01,1.0,7.0,0,0,9,1,1.0,
202400012712,155 759 376,A01,2.0,31.0,0,1,1,1,1.0,
202400012713,155 759 375,A01,2.0,17.0,3,0,0,2,1.0,
202400012714,155 759 374,A01,2.0,7.0,0,2,2,17,1.0,
202400012715,155 759 372,A01,3.0,50.0,0,2,1,0,3.0,
202400012716,155 759 369,B01,1.0,7.0,4,2,8,15,1.0,
202400012717,155 759 368,B01,3.0,1.0,0,2,7,1,5.0,
202400012718,155 759 366,B01,1.0,33.0,0,2,1,1,1.0,
202400012719,155 759 365,A01,1.0,1.0,0,0,0,1,5.0,
202400012720,155 759 362,A01,2.0,7.0,0,2,8,15,1.0,
202400012721,155 759 361,A01,0.0,2.0,0,2,1,1,1.0,
202400012722,155 759 360,A01,3.0,1.0,6,0,1,1,5.0,
202400012723,155 759 359,A01,3.0,7.0,0,1,1,17,1.0,
202400012724,155 759 358,A01,2.0,7.0,13,0,1,1,1.0,
202400012725,155 759 355,A01,3.0,7.0,14,2,3,15,1.0,
202400012726,155 759 354,A01,1.0,7.0,0,2,1,15,1.0,
202400012727,155 759 353,A01,1.0,7.0,3,0,3,1,3.0,
202400012728,155 759 351,B01,2.0,7.0,0,2,3,1,1.0,
202400012729,155 759 350,A01,1.0,33.0,0,0,8,1,1.0,
202400012730,155 759 348,A01,3.0,7.0,6,0,1,26,1.0,
202400012731,155 759 347,A01,2.0,7.0,0,2,1,2,1.0,
202400012732,155 759 345,B01,3.0,33.0,0,2,1,15,1.0,
202400012733,155 759 342,A01,1.0,31.0,15,2,1,17,1.0,
202400012734,155 759 341,A01,1.0,7.0,0,2,1,2,1.0,
202400012735,155 759 340,A01,1.0,7.0,0,1,8,1,1.0,
202400012736,155 759 337,A01,3.0,7.0,0,1,3,26,1.0,
202400012737,155 759 338,A01,1.0,1.0,1,0,1,1,5.0,
202400012738,155 759 336,A01,1.0,7.0,3,0,2,1,1.0,
202400012739,155 759 335,A01,1.0,7.0,1,1,2,14,1.0,
202400012740,155 759 333,A01,2.0,7.0,1,1,1,9,1.0,
202400012741,155 759 334,A01,3.0,10.0,0,2,2,9,1.0,
202400012742,155 759 332,A01,2.0,7.0,12,0,2,1,1.0,
202400012743,155 759 330,A01,3.0,10.0,1,0,2,26,1.0,
202400012744,155 759 329,B01,3.0,1.0,0,2,7,1,5.0,
202400012745,155 759 328,A01,2.0,7.0,6,0,1,2,1.0,
202400012746,155 759 327,A01,2.0,10.0,0,0,3,26,1.0,
202400012747,155 759 326,A01,1.0,33.0,0,0,0,1,1.0,
202400012748,155 759 324,B01,1.0,50.0,0,2,2,1,3.0,
202400012749,155 759 321,A01,1.0,7.0,0,2,4,23,1.0,
202400012750,155 759 320,A01,1.0,7.0,0,0,9,0,1.0,
202400012751,155 759 317,A01,3.0,7.0,1,2,1,4,1.0,
202400012752,155 759 314,A01,1.0,7.0,2,0,2,1,1.0,
202400012753,155 759 312,E01,1.0,7.0,0,2,1,1,1.0,
202400012754,155 759 310,A01,2.0,30.0,0,2,1,1,1.0,
202400012755,155 759 309,A01,3.0,7.0,0,1,3,1,1.0,
202400012756,155 759 306,B01,2.0,32.0,0,2,1,17,1.0,
202400012757,155 759 305,B01,1.0,7.0,0,2,2,1,1.0,
202400012758,155 759 303,A01,3.0,7.0,0,2,1,26,1.0,
202400012759,155 759 302,A01,2.0,7.0,0,1,1,1,1.0,
202400012760,155 759 301,A01,0.0,33.0,14,0,0,1,1.0,
202400012761,155 759 299,B01,1.0,7.0,0,2,3,17,1.0,
202400012762,155 759 298,A01,2.0,7.0,0,1,1,1,1.0,
202400012763,155 759 297,A01,2.0,7.0,12,0,1,13,1.0,
202400012764,155 759 296,A01,2.0,7.0,0,1,1,15,2.0,
202400012765,155 759 294,A01,1.0,7.0,0,2,4,1,1.0,
202400012766,155 759 293,A01,2.0,33.0,0,0,7,16,1.0,
202400012767,155 759 291,A01,3.0,2.0,0,2,2,26,6.0,
202400012768,155 759 290,OA01,3.0,34.0,0,1,1,1,1.0,
202400012769,155 759 288,A01,3.0,7.0,0,2,3,15,1.0,
202400012770,155 759 286,B01,3.0,7.0,0,9,8,16,1.0,
202400012771,155 759 284,B01,1.0,2.0,0,2,1,16,1.0,
202400012772,155 759 282,A01,1.0,7.0,0,2,2,16,1.0,
202400012773,155 759 280,B01,1.0,1.0,0,2,1,1,5.0,
202400012774,155 759 278,B01,3.0,10.0,0,2,1,19,1.0,
202400012775,155 759 276,A01,1.0,10.0,0,2,3,16,1.0,
202400012776,155 759 274,A01,1.0,7.0,4,0,5,24,1.0,
202400012777,155 759 272,A01,1.0,7.0,0,2,3,15,1.0,
202400012778,155 759 271,A01,3.0,7.0,0,1,1,1,1.0,
202400012779,155 759 270,A01,2.0,7.0,0,1,2,1,1.0,
202400012780,155 759 268,A01,2.0,7.0,0,2,1,1,1.0,
202400012781,155 759 266,A01,2.0,31.0,0,2,1,1,1.0,
202400012782,155 759 264,A01,2.0,7.0,0,2,8,9,1.0,
202400012783,155 759 263,A01,1.0,30.0,3,0,0,14,1.0,
202400012784,155 759 261,B01,3.0,2.0,0,2,7,1,1.0,
202400012785,155 759 259,B01,2.0,7.0,0,2,3,1,1.0,
202400012786,155 759 257,A01,1.0,7.0,0,2,7,15,1.0,
202400012787,155 759 256,A01,1.0,33.0,4,0,1,13,1.0,
202400012788,155 759 254,A01,1.0,2.0,0,2,3,9,1.0,
202400012789,155 759 252,B01,1.0,7.0,0,2,4,1,1.0,
202400012790,155 759 251,A01,1.0,7.0,0,1,1,1,1.0,
202400012791,155 759 250,A01,1.0,7.0,5,0,7,14,2.0,
202400012792,155 759 249,A01,1.0,7.0,0,1,3,17,2.0,
202400012793,155 759 245,A01,0.0,30.0,0,2,5,1,1.0,
202400012794,155 759 243,A01,3.0,7.0,0,2,1,1,1.0,
202400012795,155 759 241,B01,1.0,7.0,1,2,5,0,1.0,
202400012796,155 759 239,A01,1.0,1.0,0,2,1,15,5.0,
202400012797,155 759 237,A01,1.0,7.0,0,2,0,15,1.0,
202400012798,155 759 236,A01,1.0,50.0,0,0,0,26,3.0,
202400012799,155 759 234,A01,1.0,7.0,0,2,1,2,1.0,
202400012800,155 759 233,A01,2.0,7.0,0,1,1,1,1.0,
202400012801,155 759 230,B01,3.0,50.0,0,0,0,0,3.0,
202400012802,155 759 228,A01,1.0,50.0,0,2,0,0,3.0,
202400012803,155 759 227,A01,1.0,7.0,0,1,3,1,1.0,
202400012804,155 759 225,A01,3.0,7.0,0,2,3,9,1.0,
202400012805,155 759 223,A01,1.0,7.0,0,2,2,1,1.0,
202400012806,155 759 221,A01,1.0,7.0,0,2,1,1,1.0,
202400012807,155 759 219,B01,3.0,50.0,0,2,1,1,3.0,
202400012808,155 759 218,A01,2.0,7.0,0,1,2,1,1.0,
202400012809,155 759 215,C01,2.0,7.0,0,2,1,1,1.0,
202400012810,155 759 213,A01,3.0,7.0,0,2,2,15,1.0,
202400012811,155 759 212,A01,1.0,3.0,0,1,2,26,0.0,
202400012812,155 759 211,A01,1.0,7.0,15,0,1,15,1.0,
202400012813,155 759 209,A01,3.0,14.0,14,2,1,26,1.0,
202400012814,155 759 208,A01,1.0,7.0,0,1,2,1,1.0,
202400012815,155 759 206,B01,2.0,1.0,0,2,1,1,5.0,
202400012816,155 759 205,A01,2.0,7.0,8,0,2,1,1.0,
202400012817,155 759 202,C01,2.0,7.0,0,2,8,24,1.0,
202400012818,155 759 201,A01,3.0,7.0,3,1,1,16,1.0,
202400012819,155 759 199,A01,0.0,7.0,0,2,2,23,1.0,
202400012820,155 759 197,A01,3.0,7.0,0,2,1,1,1.0,
202400012821,155 759 195,A01,2.0,7.0,0,2,3,0,1.0,
202400012822,155 759 193,B01,1.0,37.0,1,2,1,1,1.0,1
202400012823,155 759 191,A01,3.0,30.0,1,0,8,1,1.0,
202400012824,155 759 189,A01,0.0,7.0,0,2,2,1,1.0,
202400012825,155 759 187,A01,2.0,7.0,15,2,3,6,1.0,
202400012826,155 759 185,A01,2.0,33.0,0,0,0,1,1.0,
202400012827,155 759 184,A01,1.0,7.0,0,1,4,4,1.0,
202400012828,155 759 181,B01,1.0,7.0,0,2,3,1,1.0,
202400012829,155 759 179,A01,1.0,7.0,0,2,2,1,1.0,
202400012830,155 759 178,Z01,3.0,34.0,0,0,0,0,0.0,
202400012831,155 759 176,B01,1.0,7.0,9,2,6,1,1.0,
202400012832,155 759 174,B01,1.0,7.0,0,2,4,23,1.0,
202400012833,155 759 172,A01,2.0,7.0,0,2,1,1,1.0,
202400012834,155 759 171,A01,2.0,7.0,0,1,1,15,1.0,
202400012835,155 759 170,A01,3.0,7.0,0,1,2,1,1.0,
202400012836,155 759 168,A01,1.0,7.0,0,2,1,1,1.0,
202400012837,155 759 166,B01,1.0,2.0,0,2,0,2,1.0,
202400012838,155 759 165,A01,1.0,7.0,0,1,1,26,1.0,
202400012839,155 759 164,A01,0.0,7.0,0,1,7,2,1.0,
202400012840,155 759 163,A01,2.0,7.0,0,1,1,1,2.0,
202400012841,155 759 162,A01,1.0,7.0,0,1,1,1,1.0,
202400012842,155 759 161,A01,3.0,2.0,0,0,0,18,1.0,
202400012843,155 759 159,A01,1.0,60.0,0,2,1,1,5.0,
202400012844,155 759 158,A01,1.0,31.0,0,0,8,1,1.0,
202400012845,155 759 156,A01,2.0,33.0,0,2,1,5,1.0,
202400012846,155 759 154,B01,1.0,33.0,0,2,4,2,1.0,
202400012847,155 759 152,A01,2.0,7.0,0,2,5,22,3.0,
202400012848,155 759 151,A01,2.0,34.0,0,1,5,17,1.0,
202400012849,155 759 148,B01,0.0,7.0,0,2,4,23,1.0,
202400012850,155 759 147,A01,1.0,30.0,1,0,7,1,1.0,
202400012851,155 759 145,A01,1.0,7.0,0,2,1,26,1.0,
202400012852,155 759 143,A01,3.0,7.0,0,2,4,23,2.0,
202400012853,155 759 141,A01,1.0,80.0,12,2,8,1,3.0,
202400012854,155 759 140,A01,3.0,7.0,0,2,1,1,1.0,
202400012855,155 759 138,B01,1.0,7.0,0,2,2,21,1.0,
202400012856,155 759 136,A01,3.0,7.0,0,2,2,17,1.0,
202400012857,155 759 135,A01,1.0,1.0,0,1,1,1,5.0,
202400012858,155 759 133,A01,3.0,7.0,0,2,3,2,1.0,
202400012859,155 759 131,A01,1.0,10.0,0,2,4,1,1.0,
202400012860,155 759 129,A01,1.0,7.0,0,2,1,9,1.0,
202400012861,155 759 127,B01,2.0,33.0,12,2,1,1,1.0,
202400012862,155 759 125,A01,1.0,7.0,0,9,5,26,1.0,
202400012863,155 759 123,A01,1.0,7.0,0,2,3,1,1.0,
202400012864,155 759 121,A01,2.0,7.0,0,2,3,13,1.0,
202400012865,155 759 119,A01,2.0,31.0,0,2,7,1,1.0,
202400012866,155 759 117,A01,2.0,7.0,0,2,1,5,1.0,
202400012867,155 759 116,A01,2.0,33.0,16,0,1,1,1.0,
202400012868,155 759 115,A01,1.0,7.0,8,0,3,1,1.0,
202400012869,155 759 114,A01,2.0,33.0,0,0,0,1,1.0,
202400012870,155 759 113,A01,3.0,10.0,0,1,4,4,1.0,
202400012871,155 759 111,B01,1.0,99.0,0,0,0,0,1.0,
202400012872,155 759 110,A01,1.0,33.0,6,0,1,15,1.0,
202400012873,155 759 109,A01,2.0,33.0,15,0,2,14,1.0,
202400012874,155 759 106,B01,2.0,7.0,0,2,4,23,1.0,
202400012875,155 759 105,A01,2.0,7.0,8,0,1,13,1.0,
202400012876,155 759 102,A01,2.0,7.0,2,0,1,13,1.0,
202400012877,155 759 100,B01,1.0,33.0,0,2,0,1,1.0,
202400012878,155 759 098,A01,2.0,7.0,2,0,2,14,1.0,
202400012879,155 759 095,B01,1.0,7.0,0,2,1,1,1.0,
202400012880,155 759 097,A01,2.0,50.0,0,2,1,15,3.0,
202400012881,155 759 093,B01,2.0,7.0,0,2,1,17,1.0,
202400012882,155 759 092,A01,1.0,7.0,2,0,1,2,1.0,
202400012883,155 759 088,A01,1.0,7.0,0,2,3,15,1.0,
202400012884,155 759 089,A01,2.0,37.0,0,2,0,1,2.0,4
202400012885,155 759 086,B01,1.0,10.0,0,2,7,1,1.0,
202400012886,155 759 082,B01,3.0,10.0,8,0,3,0,1.0,
202400012887,155 759 084,B01,2.0,7.0,0,2,3,15,1.0,
202400012888,155 759 080,A01,1.0,2.0,0,2,2,26,1.0,
202400012889,155 759 078,A01,2.0,7.0,13,0,3,1,1.0,
202400012890,155 759 075,A01,1.0,7.0,7,0,1,13,1.0,
202400012891,155 759 074,A01,3.0,33.0,8,0,1,1,1.0,
202400012892,155 759 076,B01,3.0,50.0,0,2,2,21,3.0,
202400012893,155 759 072,A01,1.0,7.0,0,2,3,17,1.0,
202400012894,155 759 070,A01,3.0,7.0,0,1,3,0,1.0,
202400012895,155 759 069,A01,2.0,33.0,0,0,1,1,1.0,
202400012896,155 759 068,B01,0.0,60.0,0,2,7,17,5.0,
202400012897,155 759 066,A01,1.0,7.0,13,0,4,2,1.0,
202400012898,155 759 064,A01,2.0,7.0,14,0,1,26,1.0,
202400012899,155 759 065,A01,2.0,50.0,0,0,0,1,3.0,
202400012900,155 759 063,A01,1.0,33.0,8,0,1,14,1.0,
202400012901,155 759 062,A01,1.0,7.0,13,0,9,2,1.0,
202400012902,155 759 061,A01,2.0,7.0,17,0,0,0,1.0,
202400012903,155 759 057,B01,0.0,2.0,0,2,1,9,1.0,
202400012904,155 759 056,A01,1.0,7.0,13,0,1,1,1.0,
202400012905,155 759 054,B01,2.0,1.0,0,0,9,1,5.0,
202400012906,155 759 053,A01,1.0,7.0,0,1,8,23,1.0,
202400012907,155 759 051,A01,1.0,7.0,0,2,1,2,2.0,
202400012908,155 759 049,A01,1.0,7.0,0,2,7,1,1.0,
202400012909,155 759 044,A01,2.0,7.0,0,2,8,13,1.0,
202400012910,155 759 042,A01,1.0,7.0,0,1,1,1,1.0,
202400012911,155 759 041,B01,1.0,7.0,0,2,4,23,1.0,
202400012912,155 759 040,A01,2.0,7.0,13,0,1,0,1.0,
202400012913,155 759 038,A01,2.0,33.0,0,1,3,18,1.0,
202400012914,155 759 035,A01,1.0,7.0,0,2,8,1,1.0,
202400012915,155 759 037,A01,0.0,31.0,0,2,1,1,1.0,
202400012916,155 759 033,A01,1.0,33.0,0,2,1,1,1.0,
202400012917,155 759 032,A01,1.0,33.0,0,0,8,1,1.0,
202400012918,155 759 030,A01,1.0,7.0,16,0,9,1,1.0,
202400012919,155 759 028,A01,2.0,7.0,8,0,0,0,1.0,
202400012920,155 759 029,B01,2.0,2.0,0,2,1,1,1.0,
202400012921,155 759 026,A01,3.0,2.0,0,2,1,25,1.0,
202400012922,155 759 022,B01,1.0,7.0,0,0,3,15,1.0,
202400012923,155 759 020,A01,3.0,7.0,0,0,3,2,1.0,
202400012924,155 759 017,A01,1.0,7.0,0,2,3,1,1.0,
202400012925,155 759 016,B01,1.0,7.0,0,2,3,1,1.0,
202400012926,155 759 013,A01,2.0,7.0,0,2,4,1,1.0,
202400012927,155 759 011,B01,2.0,7.0,0,2,2,14,1.0,
202400012928,155 759 010,A01,2.0,33.0,9,0,9,1,1.0,
202400012929,155 759 007,A01,1.0,7.0,0,2,4,1,1.0,
202400012930,155 759 003,A01,2.0,7.0,0,2,8,1,1.0,
202400012931,155 759 004,B01,3.0,10.0,0,2,2,15,1.0,
202400012932,155 759 001,B01,2.0,7.0,0,2,3,14,1.0,
202400012933,155 758 996,C01,2.0,10.0,0,2,2,9,1.0,
202400012934,155 758 999,A01,3.0,7.0,0,2,3,15,2.0,
202400012935,155 758 995,A01,2.0,10.0,3,0,1,26,1.0,
202400012936,155 758 993,A01,0.0,10.0,0,1,1,26,1.0,
202400012937,155 758 992,A01,1.0,33.0,0,2,7,0,1.0,
202400012938,155 758 987,A01,1.0,7.0,0,2,1,1,1.0,
202400012939,155 758 984,A01,1.0,33.0,0,2,1,3,1.0,
202400012940,155 758 986,A01,1.0,7.0,0,2,1,13,1.0,
202400012941,155 758 983,A01,1.0,7.0,4,0,1,26,0.0,
202400012942,155 758 981,B01,2.0,7.0,0,2,8,21,1.0,
202400012943,155 758 979,B01,3.0,50.0,0,2,7,1,3.0,
202400012944,155 758 976,A01,2.0,33.0,0,2,3,3,1.0,
202400012945,155 758 977,A01,2.0,10.0,0,1,3,1,1.0,
202400012946,155 758 974,B01,3.0,1.0,0,2,0,0,5.0,
202400012947,155 758 972,A01,1.0,7.0,0,2,1,26,1.0,
202400012948,155 758 969,B01,2.0,7.0,0,2,2,1,2.0,
202400012949,155 758 966,A01,2.0,7.0,0,2,3,15,1.0,
202400012950,155 758 968,A01,2.0,10.0,1,2,5,1,1.0,
202400012951,155 758 964,A01,1.0,33.0,0,2,1,26,1.0,
202400012952,155 758 958,A01,1.0,7.0,0,2,1,2,1.0,
202400012953,155 758 959,B01,2.0,30.0,0,2,1,1,1.0,
202400012954,155 758 957,A01,3.0,7.0,0,1,1,9,1.0,
202400012955,155 758 954,A01,3.0,7.0,4,0,1,1,1.0,
202400012956,155 758 955,A01,3.0,7.0,0,2,1,15,1.0,
202400012957,155 758 952,A01,0.0,32.0,0,2,1,17,1.0,
202400012958,155 758 949,A01,2.0,1.0,0,2,4,11,5.0,
202400012959,155 758 946,A01,0.0,7.0,0,2,5,1,1.0,
202400012960,155 758 948,B01,0.0,7.0,0,0,0,0,0.0,
202400012961,155 758 943,A01,2.0,1.0,1,0,1,21,5.0,
202400012962,155 758 942,A01,1.0,37.0,0,2,2,21,1.0,1
202400012963,155 758 939,B01,2.0,7.0,0,2,2,1,1.0,
202400012964,155 758 937,B01,0.0,7.0,0,2,3,9,1.0,
202400012965,155 758 935,A01,1.0,38.0,0,1,5,20,1.0,1
202400012966,155 758 934,B01,1.0,7.0,0,2,3,10,1.0,
202400012967,155 758 931,A01,2.0,7.0,0,2,7,19,1.0,
202400012968,155 758 930,B01,1.0,30.0,0,2,2,17,1.0,
202400012969,155 758 929,A01,1.0,7.0,2,0,7,0,1.0,
202400012970,155 758 926,B01,2.0,7.0,0,2,1,26,1.0,
202400012971,155 758 927,A01,3.0,7.0,0,2,1,15,1.0,
202400012972,155 758 925,A01,1.0,50.0,1,1,1,0,3.0,
202400012973,155 758 923,A01,3.0,2.0,0,0,0,13,1.0,
202400012974,155 758 922,B01,3.0,14.0,0,2,3,23,1.0,
202400012975,155 758 920,B01,3.0,1.0,0,2,0,0,5.0,
202400012976,155 758 918,A01,3.0,7.0,2,1,1,20,1.0,
202400012977,155 758 916,A01,3.0,7.0,0,1,1,16,1.0,
202400012978,155 758 917,A01,1.0,7.0,0,2,3,1,1.0,
202400012979,155 758 914,A01,2.0,7.0,0,2,1,1,1.0,
202400012980,155 758 912,B01,3.0,1.0,0,4,7,19,5.0,
202400012981,155 758 909,A01,1.0,40.0,0,1,1,1,3.0,
202400012982,155 758 908,C01,2.0,7.0,0,2,4,0,1.0,
202400012983,155 758 906,B01,3.0,7.0,0,2,4,23,1.0,
202400012984,155 758 904,A01,3.0,1.0,0,4,5,19,5.0,
202400012985,155 758 903,A01,0.0,7.0,0,1,1,1,1.0,
202400012986,155 758 902,A01,1.0,30.0,1,0,1,13,1.0,
202400012987,155 758 899,A01,3.0,7.0,8,0,2,13,2.0,
202400012988,155 758 900,B01,3.0,2.0,0,2,4,23,1.0,
202400012989,155 758 897,A01,1.0,7.0,0,1,2,26,1.0,
202400012990,155 758 896,B01,3.0,50.0,0,2,1,26,3.0,
202400012991,155 758 892,A01,1.0,33.0,0,0,7,26,1.0,
202400012992,155 758 891,C01,2.0,7.0,0,2,1,1,1.0,
202400012993,155 758 888,A01,2.0,33.0,0,2,1,17,1.0,
202400012994,155 758 889,A01,3.0,7.0,0,1,2,1,1.0,
202400012995,155 758 886,A01,1.0,2.0,0,2,2,1,1.0,
202400012996,155 758 884,B01,2.0,80.0,0,2,1,1,3.0,
202400012997,155 758 881,C01,3.0,7.0,0,2,0,0,1.0,
202400012998,155 758 880,A01,1.0,7.0,0,1,1,1,1.0,
202400012999,155 758 879,A01,2.0,37.0,0,1,3,15,1.0,1
202400013000,155 758 877,B01,3.0,33.0,0,2,1,1,1.0,
202400013001,155 758 871,A01,0.0,7.0,0,1,5,20,2.0,
202400013002,155 758 869,A01,0.0,7.0,0,2,1,2,1.0,
202400013003,155 758 868,A01,1.0,7.0,3,0,1,0,1.0,
202400013004,155 758 866,B01,1.0,1.0,0,2,1,26,5.0,
202400013005,155 758 864,A01,1.0,7.0,0,2,3,16,1.0,
202400013006,155 758 862,A01,1.0,7.0,0,2,2,15,1.0,
202400013007,155 758 860,A01,1.0,7.0,0,2,8,15,1.0,
202400013008,155 758 858,A01,3.0,13.0,0,9,2,2,1.0,
202400013009,155 758 856,A01,1.0,10.0,0,2,7,1,1.0,
202400013010,155 758 854,A01,1.0,10.0,0,2,3,15,1.0,
202400013011,155 758 853,A01,2.0,33.0,1,0,1,21,1.0,
202400013012,155 758 851,A01,1.0,10.0,0,2,8,11,1.0,
202400013013,155 758 849,A01,2.0,7.0,0,2,1,2,1.0,
202400013014,155 758 847,B01,1.0,1.0,0,2,1,13,5.0,
202400013015,155 758 846,A01,2.0,10.0,0,1,3,5,1.0,
202400013016,155 758 844,A01,2.0,7.0,0,2,8,22,1.0,
202400013017,155 758 842,A01,3.0,30.0,0,2,1,26,1.0,
202400013018,155 758 841,Z01,1.0,10.0,0,1,0,17,0.0,
202400013019,155 758 840,A01,1.0,7.0,0,1,1,1,2.0,
202400013020,155 758 839,A01,2.0,10.0,0,1,4,20,1.0,
202400013021,155 758 837,B01,3.0,7.0,0,2,3,16,1.0,
202400013022,155 758 835,A01,2.0,7.0,8,2,7,13,1.0,
202400013023,155 758 834,A01,1.0,31.0,0,2,1,21,1.0,
202400013024,155 758 832,B01,2.0,1.0,0,2,2,9,5.0,
202400013025,155 758 830,A01,3.0,1.0,0,2,1,19,5.0,
202400013026,155 758 828,A01,1.0,7.0,1,2,8,22,2.0,
202400013027,155 758 826,A01,1.0,7.0,0,2,3,15,1.0,
202400013028,155 758 824,B01,2.0,33.0,0,2,1,1,1.0,
202400013029,155 758 821,A01,0.0,32.0,0,2,1,3,1.0,
202400013030,155 758 819,A01,0.0,7.0,0,2,3,15,1.0,
202400013031,155 758 817,A01,2.0,30.0,0,2,1,1,3.0,
202400013032,155 758 815,A01,3.0,10.0,0,9,3,2,1.0,
202400013033,155 758 813,B01,3.0,50.0,0,2,1,25,3.0,
202400013034,155 758 812,A01,1.0,32.0,0,1,1,1,1.0,
202400013035,155 758 811,A01,1.0,7.0,0,1,2,1,2.0,
202400013036,155 758 809,A01,2.0,7.0,0,2,1,15,1.0,
202400013037,155 758 807,A01,1.0,7.0,0,2,8,22,2.0,
202400013038,155 758 806,A01,0.0,7.0,0,1,1,1,0.0,
202400013039,155 758 805,A01,2.0,7.0,0,1,1,16,1.0,
202400013040,155 758 804,A01,2.0,7.0,0,1,3,15,2.0,
202400013041,155 758 802,B01,3.0,10.0,0,2,6,1,0.0,
202400013042,155 758 800,B01,1.0,80.0,0,2,6,0,3.0,
202400013043,155 758 798,A01,0.0,7.0,0,2,2,15,1.0,
202400013044,155 758 796,B01,2.0,7.0,0,2,1,15,1.0,
202400013045,155 758 794,B01,1.0,1.0,0,2,4,2,5.0,
202400013046,155 758 792,A01,1.0,14.0,0,2,7,1,1.0,
202400013047,155 758 790,A01,1.0,31.0,0,2,1,1,1.0,
202400013048,155 758 789,A01,1.0,10.0,13,0,1,13,1.0,
202400013049,155 758 787,A01,2.0,7.0,0,2,3,15,1.0,
202400013050,155 758 785,A01,2.0,7.0,0,2,3,19,1.0,
202400013051,155 758 784,A01,1.0,7.0,0,1,2,2,2.0,
202400013052,155 758 782,A01,1.0,33.0,11,0,1,1,1.0,
202400013053,155 758 781,A01,3.0,1.0,0,9,0,16,5.0,
202400013054,155 758 779,A01,2.0,7.0,0,0,4,2,1.0,
202400013055,155 758 778,A01,2.0,33.0,12,0,2,1,1.0,
202400013056,155 758 777,A01,1.0,30.0,12,0,1,1,1.0,
202400013057,155 758 776,A01,2.0,7.0,8,0,8,1,1.0,
202400013058,155 758 774,A01,2.0,7.0,0,2,3,11,1.0,
202400013059,155 758 773,A01,1.0,10.0,2,0,1,1,1.0,
202400013060,155 758 772,A01,2.0,10.0,0,1,1,1,1.0,
202400013061,155 758 770,A01,1.0,7.0,0,2,1,13,1.0,
202400013062,155 758 768,B01,3.0,7.0,0,2,3,1,1.0,
202400013063,155 758 766,A01,3.0,7.0,0,2,3,16,1.0,
202400013064,155 758 765,A01,2.0,7.0,13,0,3,1,1.0,
202400013065,155 758 763,B01,3.0,7.0,0,2,3,1,1.0,
202400013066,155 758 762,A01,1.0,7.0,13,0,2,0,1.0,
202400013067,155 758 760,A01,0.0,7.0,0,0,7,1,0.0,
202400013068,155 758 759,A01,0.0,33.0,6,0,7,1,1.0,
202400013069,155 758 757,B01,1.0,33.0,0,2,8,14,1.0,
202400013070,155 758 756,A01,1.0,10.0,6,0,2,1,1.0,
202400013071,155 758 754,C01,1.0,7.0,15,2,1,1,1.0,
202400013072,155 758 753,A01,0.0,0.0,0,1,0,0,0.0,
202400013073,155 758 751,A01,2.0,7.0,0,0,4,2,1.0,
202400013074,155 758 750,A01,1.0,7.0,2,0,9,17,1.0,
202400013075,155 758 748,A01,0.0,10.0,0,2,3,9,1.0,
202400013076,155 758 746,A01,3.0,7.0,0,2,7,1,1.0,
202400013077,155 758 745,A01,2.0,7.0,2,0,1,1,1.0,
202400013078,155 758 743,A01,1.0,7.0,0,0,5,19,1.0,
202400013079,155 758 741,B01,2.0,7.0,0,2,5,12,1.0,
202400013080,155 758 739,A01,1.0,33.0,0,2,1,1,1.0,
202400013081,155 758 737,A01,2.0,7.0,3,2,7,12,1.0,
202400013082,155 758 735,B01,2.0,7.0,0,2,8,2,1.0,
202400013083,155 758 733,A01,1.0,7.0,0,2,7,12,1.0,
202400013084,155 758 731,B01,1.0,7.0,0,2,2,1,1.0,
202400013085,155 758 728,C01,1.0,7.0,0,2,4,0,1.0,
202400013086,155 758 727,A01,1.0,7.0,1,0,1,12,1.0,
202400013087,155 758 725,B01,1.0,33.0,0,2,0,3,1.0,
202400013088,155 758 723,A01,2.0,10.0,0,2,7,12,3.0,
202400013089,155 758 721,A01,2.0,7.0,0,2,7,12,2.0,
202400013090,155 758 720,A01,2.0,7.0,4,0,5,14,1.0,
202400013091,155 758 718,C01,0.0,7.0,0,2,8,15,1.0,
202400013092,155 758 716,A01,1.0,7.0,0,2,1,1,1.0,
202400013093,155 758 714,A01,2.0,7.0,0,2,1,17,1.0,
202400013094,155 758 712,A01,2.0,7.0,0,2,3,10,1.0,
202400013095,155 758 710,A01,2.0,7.0,0,2,2,0,1.0,
202400013096,155 758 709,A01,3.0,7.0,0,1,2,15,1.0,
202400013097,155 758 706,B01,1.0,33.0,0,2,2,17,1.0,
202400013098,155 758 704,A01,2.0,10.0,0,2,1,15,1.0,
202400013099,155 758 702,A01,1.0,33.0,0,2,1,2,1.0,
202400013100,155 758 701,A01,3.0,7.0,9,0,1,26,1.0,
202400013101,155 758 699,A01,2.0,33.0,0,2,1,0,1.0,
202400013102,155 758 696,A01,3.0,13.0,4,0,1,1,0.0,