Num_Acc,id_vehicule,num_veh,senc,catv,obs,obsm,choc,manv,motor,occutc
202400013103,155 758 694,A01,3.0,7.0,0,2,1,1,1.0,
202400013104,155 758 692,A01,1.0,34.0,0,2,1,1,,
202400013105,155 758 690,A01,1.0,7.0,0,0,3,9,1.0,
202400013106,155 758 688,A01,3.0,7.0,0,2,3,19,1.0,
202400013107,155 758 686,B01,2.0,7.0,0,2,8,1,1.0,
202400013108,155 758 684,A01,1.0,30.0,0,2,3,1,1.0,
202400013109,155 758 682,B01,1.0,33.0,0,2,5,1,1.0,
202400013110,155 758 680,B01,2.0,30.0,0,2,1,1,1.0,
202400013111,155 758 678,A01,1.0,30.0,0,2,5,1,1.0,
202400013112,155 758 676,A01,1.0,10.0,9,2,7,1,1.0,
202400013113,155 758 674,A01,1.0,1.0,0,2,3,2,5.0,
202400013114,155 758 672,A01,2.0,7.0,0,2,7,26,1.0,
202400013115,155 758 670,B01,3.0,7.0,0,2,1,1,1.0,
202400013116,155 758 668,B01,1.0,7.0,0,2,2,1,1.0,
202400013117,155 758 666,A01,1.0,7.0,0,2,2,16,1.0,
202400013118,155 758 665,A01,0.0,30.0,0,1,1,1,1.0,
202400013119,155 758 663,A01,2.0,7.0,0,2,1,2,1.0,
202400013120,155 758 661,A01,0.0,30.0,0,2,1,2,1.0,
202400013121,155 758 659,B01,2.0,50.0,0,2,0,19,3.0,
202400013122,155 758 658,A01,3.0,10.0,0,1,1,1,2.0,
202400013123,155 758 656,A01,1.0,32.0,0,2,1,1,1.0,
202400013124,155 758 655,A01,1.0,33.0,0,0,7,1,1.0,
202400013125,155 758 653,A01,1.0,43.0,0,1,1,1,1.0,
202400013126,155 758 652,A01,2.0,10.0,0,1,1,14,1.0,
202400013127,155 758 649,A01,1.0,33.0,0,2,1,17,1.0,
202400013128,155 758 647,A01,1.0,7.0,0,2,3,15,1.0,
202400013129,155 758 645,A01,1.0,10.0,0,2,3,1,1.0,
202400013130,155 758 640,A01,3.0,7.0,0,1,2,1,1.0,
202400013131,155 758 638,A01,1.0,7.0,0,2,1,2,1.0,
202400013132,155 758 636,B01,2.0,15.0,0,2,6,1,1.0,
202400013133,155 758 634,B01,1.0,7.0,0,2,3,16,1.0,
202400013134,155 758 632,A01,2.0,1.0,0,2,6,1,5.0,
202400013135,155 758 630,A01,0.0,7.0,0,1,1,26,0.0,
202400013136,155 758 629,A01,1.0,33.0,0,2,1,19,1.0,
202400013137,155 758 626,A01,1.0,7.0,0,2,1,15,1.0,
202400013138,155 758 625,B01,3.0,50.0,0,2,8,19,3.0,
202400013139,155 758 623,B01,1.0,7.0,0,2,2,2,1.0,
202400013140,155 758 622,B01,2.0,7.0,0,2,3,1,1.0,
202400013141,155 758 619,A01,3.0,7.0,0,2,1,15,2.0,
202400013142,155 758 618,A01,2.0,7.0,0,2,3,15,1.0,
202400013143,155 758 617,A01,1.0,40.0,0,1,2,1,3.0,
202400013144,155 758 615,B01,2.0,7.0,0,2,2,1,2.0,
202400013145,155 758 613,A01,3.0,7.0,0,2,0,0,1.0,
202400013146,155 758 609,A01,2.0,10.0,0,9,2,16,1.0,
202400013147,155 758 608,C01,2.0,7.0,0,0,4,23,0.0,
202400013148,155 758 607,A01,0.0,30.0,0,0,0,26,1.0,
202400013149,155 758 606,A01,1.0,7.0,15,0,1,16,1.0,
202400013150,155 758 603,B01,1.0,7.0,0,2,3,15,1.0,
202400013151,155 758 604,A01,1.0,7.0,0,1,1,26,1.0,
202400013152,155 758 599,A01,2.0,33.0,0,2,1,1,1.0,
202400013153,155 758 600,B01,2.0,31.0,0,2,7,1,1.0,
202400013154,155 758 596,A01,3.0,7.0,0,2,6,10,1.0,
202400013155,155 758 595,A01,1.0,7.0,0,2,5,12,1.0,
202400013156,155 758 592,B01,1.0,1.0,0,2,8,1,5.0,
202400013157,155 758 591,A01,1.0,33.0,0,2,2,17,1.0,
202400013158,155 758 590,A01,2.0,1.0,12,0,2,14,5.0,
202400013159,155 758 588,A01,2.0,14.0,0,2,3,26,1.0,
202400013160,155 758 587,A01,1.0,7.0,0,1,1,15,1.0,
202400013161,155 758 586,A01,1.0,7.0,0,1,1,1,1.0,
202400013162,155 758 584,B01,2.0,2.0,0,2,7,16,1.0,
202400013163,155 758 583,A01,3.0,1.0,0,1,1,25,5.0,
202400013164,155 758 581,B01,3.0,33.0,0,2,0,1,1.0,
202400013165,155 758 579,A01,1.0,7.0,0,0,0,5,0.0,
202400013166,155 758 578,A01,1.0,7.0,2,0,1,13,1.0,
202400013167,155 758 576,A01,2.0,7.0,0,2,1,1,1.0,
202400013168,155 758 575,A01,3.0,7.0,0,2,0,1,1.0,
202400013169,155 758 573,B01,1.0,7.0,0,2,1,1,1.0,
202400013170,155 758 569,A01,3.0,7.0,0,2,2,1,6.0,
202400013171,155 758 568,A01,1.0,33.0,2,0,1,15,1.0,
202400013172,155 758 566,A01,1.0,7.0,0,2,3,15,1.0,
202400013173,155 758 564,A01,1.0,7.0,0,9,1,16,1.0,
202400013174,155 758 562,A01,1.0,7.0,0,2,3,19,1.0,
202400013175,155 758 561,A01,1.0,7.0,0,1,2,17,1.0,
202400013176,155 758 560,A01,3.0,7.0,5,0,1,1,1.0,
202400013177,155 758 559,A01,3.0,7.0,0,1,1,1,1.0,
202400013178,155 758 558,Z01,3.0,31.0,0,1,0,0,0.0,
202400013179,155 758 556,A01,1.0,7.0,0,2,1,2,1.0,
202400013180,155 758 554,B01,0.0,33.0,0,2,2,1,1.0,
202400013181,155 758 553,A01,0.0,33.0,0,0,8,16,1.0,
202400013182,155 758 548,A01,3.0,7.0,0,2,1,1,1.0,
202400013183,155 758 547,A01,3.0,7.0,1,0,3,1,1.0,
202400013184,155 758 545,A01,1.0,17.0,0,2,7,12,1.0,
202400013185,155 758 543,A01,1.0,30.0,0,2,8,1,1.0,
202400013186,155 758 541,A01,1.0,7.0,0,2,1,2,1.0,
202400013187,155 758 540,A01,2.0,7.0,3,0,8,17,1.0,
202400013188,155 758 539,A01,3.0,42.0,0,1,3,1,1.0,
202400013189,155 758 537,A01,3.0,33.0,0,2,2,16,1.0,
202400013190,155 758 535,A01,3.0,7.0,0,2,3,13,1.0,
202400013191,155 758 533,A01,2.0,33.0,0,2,1,1,1.0,
202400013192,155 758 532,A01,3.0,50.0,0,1,1,19,3.0,
202400013193,155 758 531,A01,1.0,7.0,0,1,3,1,1.0,
202400013194,155 758 530,A01,2.0,10.0,0,1,1,15,1.0,
202400013195,155 758 529,A01,2.0,7.0,0,1,1,1,1.0,
202400013196,155 758 528,A01,2.0,34.0,12,0,1,1,1.0,
202400013197,155 758 527,A01,2.0,3.0,6,0,3,10,3.0,
202400013198,155 758 525,B01,2.0,7.0,0,2,3,1,3.0,
202400013199,155 758 524,Z01,0.0,34.0,0,0,0,17,1.0,
202400013200,155 758 522,A01,2.0,10.0,0,2,3,10,1.0,
202400013201,155 758 521,A01,1.0,1.0,0,1,1,1,5.0,
202400013202,155 758 520,A01,1.0,80.0,13,0,1,2,3.0,
202400013203,155 758 519,A01,2.0,10.0,0,1,1,1,1.0,
202400013204,155 758 518,A01,2.0,1.0,0,0,8,1,5.0,
202400013205,155 758 516,A01,2.0,33.0,0,2,1,1,1.0,
202400013206,155 758 515,Z01,0.0,7.0,0,1,3,1,0.0,
202400013207,155 758 514,A01,1.0,7.0,0,1,7,1,2.0,
202400013208,155 758 513,A01,1.0,30.0,0,1,2,1,3.0,
202400013209,155 758 512,A01,2.0,7.0,0,1,2,1,2.0,
202400013210,155 758 510,A01,2.0,10.0,0,2,1,2,1.0,
202400013211,155 758 507,A01,1.0,7.0,0,2,2,1,1.0,
202400013212,155 758 506,A01,2.0,2.0,8,0,1,1,1.0,
202400013213,155 758 505,Z01,1.0,7.0,0,1,1,1,1.0,
202400013214,155 758 503,A01,1.0,80.0,0,2,8,1,3.0,
202400013215,155 758 501,A01,1.0,7.0,0,2,8,22,1.0,
202400013216,155 758 499,A01,3.0,7.0,0,2,1,15,1.0,
202400013217,155 758 498,A01,3.0,10.0,0,2,1,1,1.0,
202400013218,155 758 496,A01,3.0,30.0,12,0,0,1,1.0,
202400013219,155 758 495,A01,1.0,10.0,0,2,1,1,1.0,
202400013220,155 758 492,B01,3.0,50.0,0,2,1,1,3.0,
202400013221,155 758 491,A01,2.0,7.0,1,2,2,1,1.0,
202400013222,155 758 490,A01,1.0,7.0,6,0,2,1,1.0,
202400013223,155 758 489,A01,2.0,7.0,0,1,1,1,1.0,
202400013224,155 758 486,B01,2.0,1.0,0,2,1,1,5.0,
202400013225,155 758 485,A01,2.0,7.0,0,2,5,4,1.0,
202400013226,155 758 482,B01,3.0,7.0,0,2,5,1,1.0,
202400013227,155 758 481,A01,1.0,7.0,0,2,1,1,1.0,
202400013228,155 758 479,A01,2.0,1.0,0,0,0,21,5.0,
202400013229,155 758 478,B01,0.0,7.0,0,0,0,9,0.0,
202400013230,155 758 474,B01,2.0,80.0,0,0,0,0,3.0,
202400013231,155 758 473,B01,0.0,7.0,0,2,0,0,,
202400013232,155 758 471,B01,2.0,37.0,0,2,3,1,0.0,1
202400013233,155 758 469,A01,1.0,80.0,0,2,1,15,3.0,
202400013234,155 758 467,B01,0.0,33.0,0,2,3,1,1.0,
202400013235,155 758 466,A01,3.0,7.0,0,1,3,1,2.0,
202400013236,155 758 464,A01,1.0,0.0,14,1,1,1,0.0,
202400013237,155 758 463,A01,2.0,7.0,0,2,4,26,1.0,
202400013238,155 758 460,A01,0.0,7.0,0,1,2,1,1.0,
202400013239,155 758 461,B01,1.0,50.0,0,2,1,9,3.0,
202400013240,155 758 459,A01,1.0,30.0,1,0,1,1,3.0,
202400013241,155 758 457,A01,2.0,1.0,1,0,4,2,5.0,
202400013242,155 758 454,A01,2.0,80.0,0,2,1,15,3.0,
202400013243,155 758 453,A01,0.0,7.0,0,2,2,1,1.0,
202400013244,155 758 450,A01,2.0,7.0,0,2,7,15,1.0,
202400013245,155 758 449,A01,3.0,37.0,0,2,1,1,1.0,2
202400013246,155 758 448,A01,2.0,7.0,6,0,1,26,1.0,
202400013247,155 758 446,A01,1.0,1.0,0,2,3,1,5.0,
202400013248,155 758 444,A01,3.0,7.0,0,2,1,9,1.0,
202400013249,155 758 442,A01,1.0,33.0,0,2,2,1,1.0,
202400013250,155 758 438,A01,3.0,10.0,0,2,3,26,1.0,
202400013251,155 758 437,A01,1.0,7.0,0,1,1,1,1.0,
202400013252,155 758 436,A01,1.0,7.0,15,0,3,5,1.0,
202400013253,155 758 434,A01,3.0,7.0,0,0,2,14,1.0,
202400013254,155 758 432,A01,2.0,7.0,0,2,1,1,2.0,
202400013255,155 758 431,A01,1.0,7.0,0,1,3,16,1.0,
202400013256,155 758 429,B01,1.0,7.0,0,0,3,9,1.0,
202400013257,155 758 428,A01,1.0,7.0,0,1,1,2,1.0,
202400013258,155 758 427,A01,2.0,33.0,3,0,1,13,1.0,
202400013259,155 758 426,A01,2.0,7.0,0,1,4,26,1.0,
202400013260,155 758 423,A01,2.0,7.0,0,2,1,2,1.0,
202400013261,155 758 422,A01,1.0,7.0,0,2,1,13,1.0,
202400013262,155 758 419,B01,1.0,33.0,13,2,1,1,1.0,
202400013263,155 758 418,B01,2.0,37.0,0,2,1,1,1.0,2
202400013264,155 758 416,A01,1.0,7.0,0,2,1,13,0.0,
202400013265,155 758 415,A01,2.0,10.0,0,1,1,1,1.0,
202400013266,155 758 413,A01,1.0,31.0,6,0,1,1,1.0,
202400013267,155 758 412,A01,1.0,10.0,0,2,2,12,1.0,
202400013268,155 758 410,A01,2.0,33.0,0,0,7,3,1.0,
202400013269,155 758 409,A01,2.0,7.0,0,2,3,13,1.0,
202400013270,155 758 407,B01,1.0,7.0,0,2,6,1,2.0,
202400013271,155 758 405,A01,2.0,7.0,0,2,1,15,1.0,
202400013272,155 758 403,A01,3.0,7.0,0,2,3,1,3.0,
202400013273,155 758 401,B01,2.0,7.0,0,0,0,15,1.0,
202400013274,155 758 398,Z01,2.0,30.0,0,2,2,1,1.0,
202400013275,155 758 397,A01,1.0,10.0,0,2,6,11,1.0,
202400013276,155 758 396,A01,1.0,80.0,0,0,0,5,3.0,
202400013277,155 758 395,A01,1.0,34.0,2,0,1,14,1.0,
202400013278,155 758 392,A01,2.0,7.0,0,2,3,13,1.0,
202400013279,155 758 391,A01,2.0,30.0,0,2,2,19,3.0,
202400013280,155 758 390,A01,2.0,7.0,15,0,2,2,1.0,
202400013281,155 758 389,A01,1.0,30.0,0,5,1,1,1.0,
202400013282,155 758 387,B01,2.0,7.0,0,2,2,19,1.0,
202400013283,155 758 385,B01,2.0,7.0,0,2,7,1,1.0,
202400013284,155 758 384,A01,0.0,36.0,0,0,2,0,1.0,
202400013285,155 758 383,A01,1.0,33.0,2,0,1,1,1.0,
202400013286,155 758 381,A01,1.0,34.0,0,2,8,1,1.0,
202400013287,155 758 380,A01,1.0,7.0,8,0,7,0,1.0,
202400013288,155 758 378,A01,1.0,7.0,0,1,0,1,1.0,
202400013289,155 758 377,A01,2.0,7.0,0,2,1,0,1.0,
202400013290,155 758 376,A01,2.0,7.0,2,0,1,1,1.0,
202400013291,155 758 375,A01,3.0,7.0,0,1,1,1,1.0,
202400013292,155 758 373,A01,2.0,10.0,0,2,1,1,1.0,
202400013293,155 758 371,A01,3.0,10.0,0,2,1,6,0.0,
202400013294,155 758 369,A01,2.0,7.0,0,2,1,17,1.0,
202400013295,155 758 367,A01,1.0,7.0,0,2,1,26,1.0,
202400013296,155 758 366,A01,2.0,33.0,3,0,1,0,1.0,
202400013297,155 758 364,B01,2.0,37.0,0,2,5,0,1.0,1
202400013298,155 758 362,A01,2.0,7.0,0,2,1,1,1.0,
202400013299,155 758 360,B01,1.0,7.0,0,2,7,1,1.0,
202400013300,155 758 357,A01,2.0,7.0,0,0,3,14,1.0,
202400013301,155 758 356,A01,2.0,32.0,0,2,1,17,1.0,
202400013302,155 758 353,B01,1.0,31.0,9,9,1,17,1.0,
202400013303,155 758 352,A01,1.0,10.0,0,2,8,1,0.0,
202400013304,155 758 347,B01,1.0,7.0,0,2,5,1,2.0,
202400013305,155 758 348,A01,2.0,7.0,0,2,8,15,1.0,
202400013306,155 758 345,A01,2.0,7.0,0,2,1,15,1.0,
202400013307,155 758 344,A01,2.0,7.0,0,1,7,1,1.0,
202400013308,155 758 342,A01,2.0,7.0,0,9,3,15,1.0,
202400013309,155 758 339,A01,1.0,10.0,6,0,1,1,0.0,
202400013310,155 758 338,A01,3.0,7.0,0,2,1,1,1.0,
202400013311,155 758 334,A01,2.0,7.0,0,2,8,15,1.0,
202400013312,155 758 335,B01,1.0,2.0,0,0,1,1,1.0,
202400013313,155 758 332,A01,0.0,2.0,0,0,0,0,1.0,
202400013314,155 758 331,A01,1.0,10.0,0,0,2,19,3.0,
202400013315,155 758 328,A01,2.0,7.0,0,2,1,2,1.0,
202400013316,155 758 329,A01,1.0,1.0,12,0,7,21,5.0,
202400013317,155 758 327,A01,3.0,7.0,13,0,1,0,1.0,
202400013318,155 758 325,A01,1.0,7.0,13,0,1,1,1.0,
202400013319,155 758 326,A01,3.0,33.0,0,0,4,26,1.0,
202400013320,155 758 322,B01,1.0,7.0,0,2,1,21,1.0,
202400013321,155 758 319,A01,2.0,7.0,0,2,1,13,1.0,
202400013322,155 758 317,A01,3.0,7.0,0,1,1,1,1.0,
202400013323,155 758 316,A01,1.0,7.0,0,1,2,1,1.0,
202400013324,155 758 313,A01,1.0,33.0,0,2,8,9,1.0,
202400013325,155 758 312,A01,3.0,2.0,0,0,9,1,0.0,
202400013326,155 758 311,A01,1.0,2.0,0,0,0,1,1.0,
202400013327,155 758 308,A01,2.0,7.0,0,2,6,9,1.0,
202400013328,155 758 310,A01,1.0,2.0,4,0,7,1,1.0,
202400013329,155 758 306,A01,2.0,1.0,0,2,1,2,5.0,
202400013330,155 758 304,A01,2.0,7.0,13,0,0,1,1.0,
202400013331,155 758 305,A01,2.0,17.0,4,0,3,1,1.0,
202400013332,155 758 303,A01,3.0,31.0,0,0,0,26,1.0,
202400013333,155 758 301,A01,2.0,33.0,0,2,1,1,1.0,
202400013334,155 758 298,A01,3.0,7.0,0,2,3,26,1.0,
202400013335,155 758 300,A01,2.0,7.0,3,0,2,1,2.0,
202400013336,155 758 295,A01,1.0,10.0,0,2,1,1,1.0,
202400013337,155 758 292,A01,1.0,7.0,2,0,1,1,1.0,
202400013338,155 758 293,B01,2.0,7.0,0,2,6,12,1.0,
202400013339,155 758 290,A01,3.0,7.0,0,0,8,1,1.0,
202400013340,155 758 288,A01,1.0,7.0,0,2,8,1,1.0,
202400013341,155 758 285,A01,1.0,7.0,0,2,3,13,1.0,
202400013342,155 758 287,A01,1.0,7.0,4,0,1,0,1.0,
202400013343,155 758 283,A01,2.0,7.0,0,2,8,11,1.0,
202400013344,155 758 281,A01,2.0,33.0,0,0,0,1,1.0,
202400013345,155 758 280,A01,1.0,33.0,0,2,1,0,1.0,
202400013346,155 758 277,B01,2.0,60.0,0,2,1,1,5.0,
202400013347,155 758 275,A01,2.0,33.0,6,0,0,0,1.0,
202400013348,155 758 273,A01,2.0,10.0,16,0,9,0,0.0,
202400013349,155 758 274,A01,2.0,7.0,0,2,3,11,1.0,
202400013350,155 758 272,A01,2.0,33.0,0,0,8,1,1.0,
202400013351,155 758 269,A01,2.0,7.0,0,2,2,15,1.0,
202400013352,155 758 268,A01,1.0,7.0,0,2,6,11,1.0,
202400013353,155 758 266,B01,1.0,1.0,0,2,8,13,5.0,
202400013354,155 758 265,A01,1.0,7.0,4,0,1,1,1.0,
202400013355,155 758 264,A01,3.0,2.0,0,0,4,1,1.0,
202400013356,155 758 262,B01,1.0,7.0,0,2,5,1,1.0,
202400013357,155 758 260,A01,2.0,7.0,0,2,3,15,1.0,
202400013358,155 758 257,C01,1.0,33.0,0,2,4,3,1.0,
202400013359,155 758 256,A01,3.0,7.0,6,0,1,1,2.0,
202400013360,155 758 255,A01,2.0,2.0,6,0,2,1,1.0,
202400013361,155 758 254,A01,2.0,33.0,0,0,0,1,1.0,
202400013362,155 758 252,A01,3.0,7.0,0,1,4,4,2.0,
202400013363,155 758 253,A01,2.0,7.0,0,1,1,1,1.0,
202400013364,155 758 250,A01,3.0,34.0,0,2,0,19,1.0,
202400013365,155 758 248,A01,3.0,31.0,0,2,3,13,1.0,
202400013366,155 758 245,A01,2.0,7.0,0,2,3,15,1.0,
202400013367,155 758 244,A01,1.0,7.0,0,2,2,1,1.0,
202400013368,155 758 241,B01,3.0,30.0,0,2,1,1,1.0,
202400013369,155 758 240,B01,2.0,31.0,0,2,1,1,1.0,
202400013370,155 758 236,A01,3.0,7.0,0,0,4,17,1.0,
202400013371,155 758 235,A01,2.0,10.0,0,2,1,1,1.0,
202400013372,155 758 233,A01,1.0,7.0,0,1,1,1,1.0,
202400013373,155 758 232,A01,1.0,7.0,0,2,3,15,1.0,
202400013374,155 758 231,A01,2.0,10.0,0,1,1,1,1.0,
202400013375,155 758 229,A01,0.0,10.0,0,2,2,2,1.0,
202400013376,155 758 227,B01,3.0,50.0,0,2,1,2,3.0,
202400013377,155 758 226,A01,3.0,2.0,0,1,1,13,1.0,
202400013378,155 758 224,B01,1.0,7.0,0,2,2,1,1.0,
202400013379,155 758 223,A01,1.0,7.0,0,1,1,1,1.0,
202400013380,155 758 220,B01,2.0,7.0,0,2,3,12,1.0,
202400013381,155 758 219,B01,1.0,7.0,0,0,5,1,2.0,
202400013382,155 758 216,B01,2.0,10.0,0,2,5,1,1.0,
202400013383,155 758 215,A01,2.0,33.0,0,2,1,15,1.0,
202400013384,155 758 212,A01,1.0,7.0,0,2,3,13,1.0,
202400013385,155 758 211,A01,2.0,7.0,6,2,1,21,1.0,
202400013386,155 758 210,A01,3.0,7.0,11,0,1,2,1.0,
202400013387,155 758 206,B01,1.0,7.0,0,2,1,1,1.0,
202400013388,155 758 207,A01,1.0,10.0,1,2,1,14,1.0,
202400013389,155 758 204,B01,1.0,34.0,0,2,1,1,1.0,
202400013390,155 758 203,B01,1.0,7.0,0,1,1,1,1.0,
202400013391,155 758 201,B01,2.0,33.0,0,2,1,2,1.0,
202400013392,155 758 199,A01,3.0,7.0,0,2,1,2,1.0,
202400013393,155 758 197,A01,1.0,33.0,0,2,1,1,1.0,
202400013394,155 758 195,A01,3.0,7.0,0,2,2,16,1.0,
202400013395,155 758 193,A01,3.0,7.0,7,0,1,13,1.0,
202400013396,155 758 191,B01,1.0,33.0,0,0,8,11,1.0,
202400013397,155 758 190,A01,3.0,7.0,0,2,1,1,1.0,
202400013398,155 758 189,A01,1.0,33.0,8,0,9,14,1.0,
202400013399,155 758 187,A01,2.0,7.0,0,0,1,0,2.0,
202400013400,155 758 185,A01,3.0,34.0,0,2,1,1,1.0,
202400013401,155 758 183,B01,1.0,10.0,0,2,1,1,1.0,
202400013402,155 758 182,A01,0.0,7.0,0,1,1,16,1.0,
202400013403,155 758 181,A01,1.0,7.0,2,0,1,1,1.0,
202400013404,155 758 180,A01,2.0,33.0,6,0,1,1,1.0,
202400013405,155 758 179,A01,1.0,7.0,0,1,1,1,1.0,
202400013406,155 758 176,A01,3.0,7.0,0,2,3,1,1.0,
202400013407,155 758 175,A01,1.0,7.0,0,0,6,1,1.0,
202400013408,155 758 172,A01,0.0,7.0,0,4,7,1,1.0,
202400013409,155 758 171,A01,2.0,7.0,0,2,3,17,1.0,
202400013410,155 758 168,A01,1.0,7.0,0,2,2,14,1.0,
202400013411,155 758 167,A01,1.0,7.0,0,2,1,1,1.0,
202400013412,155 758 166,A01,1.0,33.0,0,0,1,26,0.0,
202400013413,155 758 163,B01,2.0,7.0,0,2,2,0,1.0,
202400013414,155 758 162,A01,1.0,7.0,0,2,1,1,1.0,
202400013415,155 758 161,A01,1.0,7.0,2,9,3,1,1.0,
202400013416,155 758 160,A01,0.0,50.0,0,1,0,1,3.0,
202400013417,155 758 159,A01,2.0,7.0,16,0,9,13,1.0,
202400013418,155 758 157,A01,1.0,7.0,0,2,3,13,1.0,
202400013419,155 758 155,A01,1.0,7.0,0,9,3,16,1.0,
202400013420,155 758 152,A01,1.0,10.0,0,2,2,16,1.0,
202400013421,155 758 149,A01,1.0,7.0,0,2,6,1,1.0,
202400013422,155 758 146,A01,2.0,7.0,0,2,1,1,1.0,
202400013423,155 758 145,A01,1.0,7.0,3,0,1,1,1.0,
202400013424,155 758 144,A01,1.0,7.0,0,1,2,1,2.0,
202400013425,155 758 142,A01,1.0,7.0,0,2,1,2,1.0,
202400013426,155 758 139,B01,1.0,15.0,0,2,6,1,0.0,
202400013427,155 758 138,A01,3.0,7.0,0,2,2,9,1.0,
202400013428,155 758 135,B01,2.0,32.0,0,2,8,1,1.0,
202400013429,155 758 134,B01,3.0,1.0,0,2,1,15,5.0,
202400013430,155 758 132,B01,2.0,33.0,0,2,8,3,1.0,
202400013431,155 758 129,B01,2.0,7.0,0,2,4,2,1.0,
202400013432,155 758 128,A01,1.0,17.0,0,2,1,1,1.0,
202400013433,155 758 125,A01,1.0,7.0,0,2,0,0,1.0,
202400013434,155 758 124,A01,2.0,7.0,0,2,2,15,1.0,
202400013435,155 758 122,B01,2.0,7.0,0,2,4,2,1.0,
202400013436,155 758 121,A01,0.0,33.0,0,0,0,1,1.0,
202400013437,155 758 119,B01,1.0,7.0,0,2,5,23,1.0,
202400013438,155 758 118,A01,3.0,7.0,0,1,3,1,1.0,
202400013439,155 758 116,B01,2.0,1.0,0,2,4,1,5.0,
202400013440,155 758 112,B01,3.0,50.0,0,2,1,25,3.0,
202400013441,155 758 113,A01,1.0,7.0,0,2,1,1,1.0,
202400013442,155 758 109,B01,1.0,1.0,0,2,1,1,5.0,
202400013443,155 758 108,A01,2.0,7.0,0,0,0,14,1.0,
202400013444,155 758 107,A01,1.0,3.0,3,0,2,1,1.0,
202400013445,155 758 105,A01,2.0,30.0,15,0,1,17,1.0,
202400013446,155 758 103,A01,0.0,7.0,0,2,1,1,1.0,
202400013447,155 758 101,A01,3.0,7.0,15,0,1,1,1.0,
202400013448,155 758 102,A01,1.0,7.0,0,1,2,16,1.0,
202400013449,155 758 099,A01,1.0,1.0,0,2,7,1,5.0,
202400013450,155 758 097,A01,0.0,7.0,0,2,1,1,1.0,
202400013451,155 758 096,A01,3.0,37.0,0,1,2,26,1.0,1
202400013452,155 758 095,A01,0.0,7.0,0,1,1,18,1.0,
202400013453,155 758 093,B01,3.0,99.0,0,2,3,1,1.0,
202400013454,155 758 092,A01,2.0,7.0,0,1,3,1,1.0,
202400013455,155 758 089,A01,3.0,7.0,0,2,1,16,1.0,
202400013456,155 758 088,A01,3.0,7.0,0,2,1,1,1.0,
202400013457,155 758 087,A01,1.0,7.0,0,1,8,1,2.0,
202400013458,155 758 086,A01,2.0,7.0,6,0,1,19,2.0,
202400013459,155 758 084,B01,2.0,7.0,0,0,4,1,2.0,
202400013460,155 758 083,A01,0.0,7.0,8,0,2,1,1.0,
202400013461,155 758 080,A01,1.0,1.0,0,2,1,2,5.0,
202400013462,155 758 078,B01,2.0,7.0,0,2,4,1,1.0,
202400013463,155 758 076,A01,1.0,7.0,0,2,1,0,1.0,
202400013464,155 758 075,A01,2.0,7.0,0,1,2,0,1.0,
202400013465,155 758 072,A01,2.0,7.0,0,2,1,1,1.0,
202400013466,155 758 068,A01,2.0,7.0,0,2,3,0,1.0,
202400013467,155 758 069,A01,1.0,7.0,0,2,3,15,1.0,
202400013468,155 758 066,A01,1.0,7.0,0,2,1,2,1.0,
202400013469,155 758 063,A01,2.0,1.0,0,2,1,1,5.0,
202400013470,155 758 062,B01,2.0,33.0,0,2,1,26,1.0,
202400013471,155 758 061,A01,1.0,50.0,0,1,1,1,3.0,
202400013472,155 758 058,B01,3.0,7.0,0,2,1,15,2.0,
202400013473,155 758 057,B01,1.0,2.0,0,2,3,0,1.0,
202400013474,155 758 056,A01,1.0,7.0,0,9,3,1,1.0,
202400013475,155 758 051,C01,1.0,7.0,0,2,1,1,1.0,
202400013476,155 758 050,B01,1.0,7.0,0,2,6,1,1.0,
202400013477,155 758 048,A01,1.0,31.0,8,0,0,14,0.0,
202400013478,155 758 047,B01,2.0,7.0,0,2,4,23,1.0,
202400013479,155 758 044,B01,1.0,50.0,0,2,1,1,3.0,
202400013480,155 758 043,A01,3.0,10.0,0,2,3,1,1.0,
202400013481,155 758 041,A01,1.0,7.0,0,2,3,15,2.0,
202400013482,155 758 038,B01,1.0,7.0,0,2,3,15,1.0,
202400013483,155 758 037,A01,1.0,7.0,0,9,7,15,0.0,
202400013484,155 758 035,B01,2.0,60.0,0,2,0,19,5.0,
202400013485,155 758 033,Y01,1.0,1.0,0,2,7,1,5.0,
202400013486,155 758 032,A01,0.0,50.0,0,1,0,1,3.0,
202400013487,155 758 030,A01,1.0,7.0,0,2,3,9,1.0,
202400013488,155 758 029,A01,1.0,7.0,4,0,3,13,1.0,
202400013489,155 758 027,A01,1.0,7.0,0,2,3,15,2.0,
202400013490,155 758 026,A01,1.0,13.0,0,1,2,16,3.0,
202400013491,155 758 024,B01,3.0,7.0,0,2,3,1,1.0,
202400013492,155 758 021,A01,2.0,10.0,0,2,1,1,1.0,
202400013493,155 758 018,B01,3.0,7.0,0,2,4,1,1.0,
202400013494,155 758 017,A01,3.0,7.0,13,0,1,1,1.0,
202400013495,155 758 015,B01,3.0,7.0,0,2,6,1,1.0,
202400013496,155 758 013,B01,2.0,33.0,0,2,1,2,1.0,
202400013497,155 758 011,B01,1.0,33.0,0,2,1,1,1.0,
202400013498,155 758 010,A01,3.0,7.0,12,0,0,1,1.0,
202400013499,155 758 007,A01,2.0,7.0,0,2,3,1,1.0,