Num_Acc,id_vehicule,num_veh,senc,catv,obs,obsm,choc,manv,motor,occutc
202400013500,155 758 005,A01,1.0,33.0,0,2,2,3,1.0,
202400013501,155 758 002,B01,1.0,7.0,0,2,1,2,2.0,
202400013502,155 758 001,A01,1.0,30.0,0,0,1,0,1.0,
202400013503,155 757 998,C01,1.0,7.0,0,2,2,1,1.0,
202400013504,155 757 996,A01,3.0,7.0,0,2,3,21,1.0,
202400013505,155 757 994,A01,1.0,7.0,0,9,7,17,1.0,
202400013506,155 757 993,A01,3.0,7.0,6,0,1,26,1.0,
202400013507,155 757 991,B01,3.0,80.0,0,2,2,26,3.0,
202400013508,155 757 990,A01,1.0,7.0,8,0,1,19,1.0,
202400013509,155 757 988,A01,3.0,50.0,0,2,0,1,3.0,
202400013510,155 757 986,B01,3.0,7.0,0,2,4,2,1.0,
202400013511,155 757 984,A01,1.0,7.0,0,2,3,17,1.0,
202400013512,155 757 982,A01,1.0,10.0,0,2,1,15,1.0,
202400013513,155 757 980,B01,3.0,7.0,0,2,1,9,1.0,
202400013514,155 757 978,A01,3.0,10.0,0,2,1,2,1.0,
202400013515,155 757 976,A01,2.0,7.0,0,2,7,23,1.0,
202400013516,155 757 974,A01,3.0,7.0,0,2,3,1,1.0,
202400013517,155 757 972,A01,1.0,7.0,0,2,3,26,1.0,
202400013518,155 757 970,B01,1.0,50.0,0,2,1,1,3.0,
202400013519,155 757 968,A01,3.0,7.0,0,2,6,9,1.0,
202400013520,155 757 967,A01,3.0,7.0,0,1,1,15,1.0,
202400013521,155 757 966,A01,2.0,7.0,0,1,1,16,1.0,
202400013522,155 757 964,B01,2.0,2.0,0,2,3,18,1.0,
202400013523,155 757 960,B01,1.0,7.0,0,2,4,1,1.0,
202400013524,155 757 957,C01,2.0,7.0,0,2,5,0,1.0,
202400013525,155 757 955,A01,3.0,7.0,0,2,2,26,1.0,
202400013526,155 757 952,A01,2.0,7.0,0,2,4,2,1.0,
202400013527,155 757 949,A01,1.0,7.0,0,2,1,1,1.0,
202400013528,155 757 948,B01,1.0,32.0,0,2,2,1,1.0,
202400013529,155 757 945,A01,2.0,7.0,0,1,1,1,1.0,
202400013530,155 757 944,A01,2.0,7.0,0,2,2,12,1.0,
202400013531,155 757 941,A01,1.0,7.0,0,2,2,13,2.0,
202400013532,155 757 939,A01,2.0,7.0,0,2,1,1,1.0,
202400013533,155 757 937,A01,3.0,7.0,0,2,2,19,1.0,
202400013534,155 757 934,A01,2.0,7.0,0,2,1,1,1.0,
202400013535,155 757 931,A01,1.0,7.0,0,2,1,2,0.0,
202400013536,155 757 929,A01,1.0,7.0,0,2,8,15,1.0,
202400013537,155 757 927,A01,2.0,7.0,0,2,2,2,1.0,
202400013538,155 757 925,A01,2.0,7.0,4,0,1,2,1.0,
202400013539,155 757 923,A01,2.0,7.0,3,0,1,12,2.0,
202400013540,155 757 922,A01,2.0,7.0,0,2,8,10,1.0,
202400013541,155 757 919,A01,1.0,7.0,0,2,1,2,1.0,
202400013542,155 757 918,A01,1.0,7.0,0,9,8,9,1.0,
202400013543,155 757 916,Z01,3.0,7.0,0,1,0,0,0.0,
202400013544,155 757 915,A01,3.0,7.0,0,2,8,15,1.0,
202400013545,155 757 911,B01,3.0,30.0,0,2,7,17,1.0,
202400013546,155 757 912,B01,2.0,7.0,0,2,4,1,1.0,
202400013547,155 757 907,A01,1.0,7.0,0,9,3,1,2.0,
202400013548,155 757 906,A01,1.0,7.0,0,2,1,26,1.0,
202400013549,155 757 904,A01,1.0,7.0,0,1,1,1,1.0,
202400013550,155 757 903,A01,1.0,7.0,0,2,3,9,1.0,
202400013551,155 757 901,A01,1.0,33.0,0,9,1,1,1.0,
202400013552,155 757 900,A01,2.0,10.0,2,0,1,14,1.0,
202400013553,155 757 898,B01,2.0,2.0,0,2,1,1,1.0,
202400013554,155 757 896,B01,1.0,7.0,0,2,1,1,1.0,
202400013555,155 757 894,B01,2.0,7.0,1,2,2,1,2.0,
202400013556,155 757 892,B01,1.0,7.0,0,2,2,2,1.0,
202400013557,155 757 891,A01,1.0,7.0,0,1,3,1,2.0,
202400013558,155 757 890,A01,1.0,7.0,0,1,1,1,1.0,
202400013559,155 757 888,B01,2.0,7.0,0,2,3,15,1.0,
202400013560,155 757 887,A01,1.0,32.0,0,0,0,15,1.0,
202400013561,155 757 886,A01,0.0,7.0,0,1,4,0,2.0,
202400013562,155 757 885,A01,2.0,7.0,0,1,3,15,2.0,
202400013563,155 757 884,A01,3.0,7.0,0,1,3,15,1.0,
202400013564,155 757 883,A01,3.0,80.0,0,1,1,1,2.0,
202400013565,155 757 880,A01,1.0,7.0,1,2,1,26,1.0,
202400013566,155 757 879,A01,1.0,7.0,0,1,1,15,1.0,
202400013567,155 757 877,A01,2.0,7.0,0,2,1,1,1.0,
202400013568,155 757 875,A01,2.0,7.0,0,2,1,26,1.0,
202400013569,155 757 873,A01,3.0,7.0,14,2,1,26,1.0,
202400013570,155 757 869,A01,1.0,31.0,0,2,2,1,1.0,
202400013571,155 757 868,A01,1.0,7.0,0,1,2,1,6.0,
202400013572,155 757 866,A01,2.0,7.0,0,2,3,21,1.0,
202400013573,155 757 864,B01,2.0,7.0,0,2,8,1,1.0,
202400013574,155 757 862,A01,1.0,7.0,0,2,1,0,1.0,
202400013575,155 757 860,A01,3.0,7.0,0,2,1,13,1.0,
202400013576,155 757 859,A01,3.0,7.0,12,0,2,26,1.0,
202400013577,155 757 858,Z01,2.0,7.0,0,1,0,15,0.0,
202400013578,155 757 855,B01,2.0,7.0,0,0,0,0,1.0,
202400013579,155 757 854,A01,2.0,7.0,1,0,1,1,1.0,
202400013580,155 757 852,B01,3.0,7.0,0,9,2,1,1.0,
202400013581,155 757 851,A01,1.0,32.0,11,0,1,1,1.0,
202400013582,155 757 850,A01,1.0,30.0,0,0,0,1,1.0,
202400013583,155 757 849,A01,3.0,1.0,0,0,0,16,5.0,
202400013584,155 757 847,A01,2.0,7.0,0,2,6,13,1.0,
202400013585,155 757 844,A01,1.0,7.0,0,2,1,2,1.0,
202400013586,155 757 842,A01,2.0,7.0,0,2,1,1,1.0,
202400013587,155 757 840,B01,1.0,1.0,0,2,8,1,5.0,
202400013588,155 757 839,A01,1.0,7.0,0,1,1,16,1.0,
202400013589,155 757 837,A01,1.0,7.0,0,2,8,15,1.0,
202400013590,155 757 835,B01,1.0,31.0,0,2,1,1,1.0,
202400013591,155 757 834,A01,1.0,50.0,0,0,0,1,3.0,
202400013592,155 757 833,A01,3.0,7.0,0,1,1,1,1.0,
202400013593,155 757 831,B01,0.0,1.0,0,2,1,1,5.0,
202400013594,155 757 829,A01,3.0,7.0,0,2,1,1,1.0,
202400013595,155 757 828,A01,1.0,7.0,0,1,3,15,1.0,
202400013596,155 757 827,A01,1.0,7.0,0,1,2,16,1.0,
202400013597,155 757 825,A01,3.0,7.0,0,2,0,9,1.0,
202400013598,155 757 824,A01,1.0,7.0,0,1,3,1,1.0,
202400013599,155 757 822,B01,1.0,1.0,0,2,1,1,5.0,
202400013600,155 757 820,A01,2.0,7.0,0,2,3,1,1.0,
202400013601,155 757 818,A01,3.0,7.0,0,0,5,10,1.0,
202400013602,155 757 816,B01,3.0,33.0,0,2,8,1,0.0,
202400013603,155 757 815,A01,1.0,33.0,0,0,7,19,1.0,
202400013604,155 757 813,B01,2.0,7.0,0,2,5,17,1.0,
202400013605,155 757 811,A01,3.0,7.0,0,2,1,1,1.0,
202400013606,155 757 809,A01,3.0,7.0,0,2,2,1,1.0,
202400013607,155 757 807,B01,1.0,1.0,0,2,7,1,5.0,
202400013608,155 757 803,B01,1.0,31.0,0,2,1,1,1.0,
202400013609,155 757 804,A01,3.0,7.0,0,2,1,1,1.0,
202400013610,155 757 799,A01,1.0,7.0,0,2,8,1,1.0,
202400013611,155 757 798,B01,1.0,7.0,3,2,3,1,3.0,
202400013612,155 757 794,B01,2.0,1.0,0,2,8,5,5.0,
202400013613,155 757 792,A01,3.0,33.0,0,2,8,17,1.0,
202400013614,155 757 790,A01,1.0,7.0,0,1,2,1,1.0,
202400013615,155 757 789,B01,2.0,34.0,0,2,8,2,1.0,
202400013616,155 757 788,A01,3.0,36.0,15,0,2,1,1.0,
202400013617,155 757 786,A01,2.0,7.0,0,2,6,16,1.0,
202400013618,155 757 784,A01,1.0,33.0,0,2,1,1,1.0,
202400013619,155 757 782,B01,1.0,30.0,0,2,4,23,3.0,
202400013620,155 757 780,B01,1.0,80.0,0,2,3,1,3.0,
202400013621,155 757 779,A01,2.0,7.0,12,0,1,1,1.0,
202400013622,155 757 778,A01,1.0,7.0,0,1,0,1,,
202400013623,155 757 777,A01,1.0,7.0,0,0,6,0,1.0,
202400013624,155 757 776,A01,1.0,7.0,0,1,2,26,1.0,
202400013625,155 757 774,B01,2.0,7.0,0,2,4,23,1.0,
202400013626,155 757 773,A01,1.0,7.0,13,0,0,1,0.0,
202400013627,155 757 770,B01,0.0,7.0,0,2,4,1,1.0,
202400013628,155 757 769,A01,3.0,7.0,0,2,7,1,1.0,
202400013629,155 757 767,A01,1.0,7.0,0,1,1,17,1.0,
202400013630,155 757 764,A01,1.0,7.0,0,2,1,16,1.0,
202400013631,155 757 766,B01,1.0,7.0,0,2,7,1,1.0,
202400013632,155 757 762,A01,1.0,33.0,0,2,1,17,1.0,
202400013633,155 757 760,B01,0.0,7.0,0,0,6,2,2.0,
202400013634,155 757 757,A01,3.0,7.0,0,2,6,23,1.0,
202400013635,155 757 759,A01,3.0,7.0,0,1,1,2,1.0,
202400013636,155 757 756,A01,2.0,30.0,14,0,1,5,3.0,
202400013637,155 757 752,A01,1.0,7.0,6,0,1,21,1.0,
202400013638,155 757 750,A01,2.0,7.0,6,0,3,1,1.0,
202400013639,155 757 749,A01,1.0,30.0,0,1,1,25,1.0,
202400013640,155 757 746,A01,3.0,7.0,0,2,1,1,1.0,
202400013641,155 757 745,B01,1.0,7.0,0,2,8,1,1.0,
202400013642,155 757 741,B01,3.0,7.0,0,2,1,15,1.0,
202400013643,155 757 742,A01,0.0,7.0,0,2,3,15,1.0,
202400013644,155 757 740,A01,3.0,31.0,0,0,7,16,1.0,
202400013645,155 757 737,A01,1.0,7.0,1,0,1,1,1.0,
202400013646,155 757 738,A01,2.0,30.0,0,2,1,1,1.0,
202400013647,155 757 736,A01,0.0,7.0,1,0,3,16,1.0,
202400013648,155 757 734,Z01,2.0,7.0,0,1,1,15,1.0,
202400013649,155 757 731,A01,1.0,7.0,0,2,3,13,1.0,
202400013650,155 757 730,A01,3.0,7.0,0,2,1,1,1.0,
202400013651,155 757 727,A01,2.0,7.0,0,2,1,1,1.0,
202400013652,155 757 726,B01,2.0,43.0,0,2,1,1,1.0,
202400013653,155 757 725,A01,1.0,7.0,0,1,3,1,1.0,
202400013654,155 757 723,B01,1.0,7.0,0,2,3,0,1.0,
202400013655,155 757 722,A01,2.0,7.0,0,1,3,15,1.0,
202400013656,155 757 719,B01,1.0,3.0,0,2,7,1,1.0,
202400013657,155 757 718,A01,3.0,7.0,0,2,9,13,1.0,
202400013658,155 757 714,A01,1.0,7.0,0,2,1,1,1.0,
202400013659,155 757 715,B01,2.0,2.0,0,2,7,1,1.0,
202400013660,155 757 713,A01,1.0,7.0,0,1,1,1,1.0,
202400013661,155 757 711,A01,1.0,7.0,0,2,2,9,1.0,
202400013662,155 757 709,A01,2.0,7.0,0,2,3,13,1.0,
202400013663,155 757 707,B01,1.0,7.0,0,2,8,10,1.0,
202400013664,155 757 704,A01,1.0,33.0,0,2,2,1,1.0,
202400013665,155 757 703,A01,0.0,7.0,0,2,5,16,1.0,
202400013666,155 757 701,A01,1.0,34.0,0,1,1,0,1.0,
202400013667,155 757 700,A01,3.0,7.0,0,2,3,15,1.0,
202400013668,155 757 698,B01,2.0,43.0,0,2,1,2,1.0,
202400013669,155 757 693,A01,1.0,13.0,0,2,2,1,1.0,
202400013670,155 757 692,A01,1.0,10.0,0,2,4,2,1.0,
202400013671,155 757 689,A01,2.0,7.0,4,2,1,9,1.0,
202400013672,155 757 688,B01,1.0,7.0,0,2,4,23,1.0,
202400013673,155 757 687,A01,2.0,33.0,14,0,2,26,1.0,
202400013674,155 757 685,A01,1.0,30.0,0,2,3,1,1.0,
202400013675,155 757 683,B01,2.0,7.0,0,2,3,1,2.0,
202400013676,155 757 682,A01,1.0,7.0,0,1,3,1,1.0,
202400013677,155 757 680,Z01,1.0,1.0,0,9,1,1,5.0,
202400013678,155 757 674,A01,1.0,7.0,0,2,3,15,1.0,
202400013679,155 757 675,A01,1.0,7.0,1,2,1,9,1.0,
202400013680,155 757 672,A01,1.0,50.0,1,0,2,1,3.0,
202400013681,155 757 671,A01,1.0,10.0,1,1,2,1,1.0,
202400013682,155 757 668,A01,1.0,7.0,0,2,2,16,2.0,
202400013683,155 757 669,A01,1.0,7.0,11,0,3,1,1.0,
202400013684,155 757 665,B01,1.0,1.0,1,2,1,2,5.0,
202400013685,155 757 664,A01,1.0,7.0,0,2,5,22,2.0,
202400013686,155 757 663,Z01,2.0,7.0,0,1,1,1,2.0,
202400013687,155 757 662,A01,2.0,80.0,0,1,1,5,3.0,
202400013688,155 757 660,C01,1.0,7.0,0,2,0,10,,
202400013689,155 757 658,B01,1.0,10.0,0,2,8,2,0.0,
202400013690,155 757 657,A01,3.0,7.0,9,0,1,1,1.0,
202400013691,155 757 656,A01,2.0,1.0,0,9,0,1,5.0,
202400013692,155 757 654,A01,1.0,37.0,0,2,2,16,2.0,1
202400013693,155 757 653,A01,2.0,7.0,0,1,1,1,1.0,
202400013694,155 757 651,A01,1.0,7.0,0,2,4,9,1.0,
202400013695,155 757 650,Z01,1.0,10.0,0,1,1,15,3.0,
202400013696,155 757 648,A01,1.0,7.0,0,2,2,12,1.0,
202400013697,155 757 644,A01,1.0,7.0,0,2,2,15,2.0,
202400013698,155 757 645,A01,2.0,7.0,0,2,3,1,1.0,
202400013699,155 757 643,A01,3.0,32.0,0,0,1,1,1.0,
202400013700,155 757 642,A01,3.0,7.0,0,1,1,20,1.0,
202400013701,155 757 641,A01,1.0,10.0,2,0,1,1,1.0,
202400013702,155 757 640,A01,1.0,30.0,0,0,0,1,1.0,
202400013703,155 757 635,A01,1.0,7.0,12,2,3,23,1.0,
202400013704,155 757 634,A01,2.0,30.0,12,1,1,1,1.0,
202400013705,155 757 633,A01,1.0,33.0,13,0,3,14,1.0,
202400013706,155 757 631,B01,1.0,31.0,0,2,1,1,1.0,
202400013707,155 757 629,A01,1.0,2.0,0,2,2,12,1.0,
202400013708,155 757 625,A01,2.0,7.0,0,2,1,1,1.0,
202400013709,155 757 626,A01,3.0,7.0,0,2,2,16,1.0,
202400013710,155 757 622,A01,2.0,7.0,0,2,5,1,1.0,
202400013711,155 757 621,B01,3.0,10.0,0,2,2,1,1.0,
202400013712,155 757 620,A01,1.0,7.0,13,0,2,1,1.0,
202400013713,155 757 615,D01,3.0,10.0,14,0,2,1,0.0,
202400013714,155 757 614,B01,0.0,7.0,0,2,3,1,1.0,
202400013715,155 757 612,A01,0.0,34.0,0,0,7,1,1.0,
202400013716,155 757 613,A01,1.0,7.0,1,0,2,1,1.0,
202400013717,155 757 608,A01,2.0,7.0,0,2,7,17,1.0,
202400013718,155 757 609,B01,0.0,7.0,0,2,5,14,1.0,
202400013719,155 757 605,A01,1.0,7.0,0,2,1,1,1.0,
202400013720,155 757 603,A01,1.0,7.0,0,2,3,15,2.0,
202400013721,155 757 602,A01,1.0,7.0,5,0,3,12,1.0,
202400013722,155 757 600,B01,3.0,21.0,0,2,1,1,1.0,
202400013723,155 757 597,A01,3.0,30.0,0,2,4,2,1.0,
202400013724,155 757 595,A01,1.0,7.0,15,0,9,1,1.0,
202400013725,155 757 594,B01,2.0,7.0,0,2,3,23,0.0,
202400013726,155 757 592,B01,3.0,37.0,0,1,1,2,1.0,1
202400013727,155 757 590,A01,1.0,7.0,0,2,2,1,2.0,
202400013728,155 757 589,A01,1.0,33.0,0,2,7,15,1.0,
202400013729,155 757 587,A01,3.0,10.0,0,1,7,1,1.0,
202400013730,155 757 585,A01,1.0,7.0,13,0,1,1,1.0,
202400013731,155 757 586,A01,2.0,33.0,0,2,1,17,1.0,
202400013732,155 757 584,A01,1.0,7.0,8,2,0,0,1.0,
202400013733,155 757 582,A01,3.0,7.0,1,1,0,1,3.0,
202400013734,155 757 581,A01,2.0,7.0,0,2,4,1,1.0,
202400013735,155 757 579,A01,1.0,7.0,9,0,1,1,1.0,
202400013736,155 757 578,A01,2.0,31.0,13,0,1,14,1.0,
202400013737,155 757 577,B01,3.0,50.0,0,2,7,6,3.0,
202400013738,155 757 575,A01,2.0,7.0,10,0,1,1,1.0,
202400013739,155 757 574,A01,2.0,1.0,0,1,1,1,5.0,
202400013740,155 757 573,A01,2.0,7.0,1,2,2,16,0.0,
202400013741,155 757 571,A01,0.0,7.0,0,1,1,9,3.0,
202400013742,155 757 570,A01,1.0,7.0,0,2,2,1,1.0,
202400013743,155 757 569,A01,2.0,7.0,0,1,3,15,1.0,
202400013744,155 757 565,A01,3.0,7.0,0,2,7,19,1.0,
202400013745,155 757 566,A01,3.0,10.0,0,2,0,0,1.0,
202400013746,155 757 564,A01,2.0,14.0,0,2,3,1,1.0,
202400013747,155 757 563,A01,1.0,1.0,0,1,1,1,5.0,
202400013748,155 757 560,B01,1.0,7.0,0,2,3,1,1.0,
202400013749,155 757 559,A01,1.0,7.0,0,2,3,13,1.0,
202400013750,155 757 558,A01,1.0,30.0,0,0,0,0,1.0,
202400013751,155 757 556,A01,2.0,31.0,0,2,3,0,1.0,
202400013752,155 757 555,A01,2.0,7.0,0,1,1,1,1.0,
202400013753,155 757 553,B01,3.0,33.0,0,2,3,1,1.0,
202400013754,155 757 552,A01,1.0,10.0,9,0,1,1,1.0,
202400013755,155 757 549,A01,3.0,7.0,2,0,1,1,1.0,
202400013756,155 757 550,A01,1.0,30.0,0,2,6,2,1.0,
202400013757,155 757 547,A01,1.0,7.0,0,2,3,1,1.0,
202400013758,155 757 545,A01,2.0,7.0,0,2,1,9,1.0,
202400013759,155 757 544,A01,1.0,7.0,0,1,4,4,0.0,
202400013760,155 757 542,A01,1.0,2.0,0,2,3,1,1.0,
202400013761,155 757 540,A01,1.0,32.0,0,0,7,1,1.0,
202400013762,155 757 539,A01,3.0,10.0,0,2,3,9,1.0,
202400013763,155 757 536,A01,2.0,10.0,13,0,3,1,1.0,
202400013764,155 757 535,A01,1.0,7.0,0,1,2,26,3.0,
202400013765,155 757 532,A01,2.0,7.0,0,2,8,19,1.0,
202400013766,155 757 529,B01,1.0,7.0,0,0,3,2,0.0,
202400013767,155 757 528,B01,1.0,50.0,0,2,4,1,3.0,
202400013768,155 757 527,A01,2.0,10.0,2,0,7,1,1.0,
202400013769,155 757 524,A01,1.0,33.0,0,2,5,2,1.0,
202400013770,155 757 522,A01,2.0,33.0,0,2,1,1,1.0,
202400013771,155 757 520,A01,1.0,33.0,0,0,0,1,0.0,
202400013772,155 757 521,A01,1.0,2.0,0,0,4,1,3.0,
202400013773,155 757 516,A01,1.0,7.0,0,2,3,9,1.0,
202400013774,155 757 517,A01,2.0,7.0,0,2,2,2,1.0,
202400013775,155 757 515,A01,2.0,7.0,6,0,1,0,1.0,
202400013776,155 757 514,A01,2.0,33.0,0,0,7,0,1.0,
202400013777,155 757 513,A01,1.0,31.0,5,0,0,14,1.0,
202400013778,155 757 512,A01,1.0,43.0,4,1,1,1,1.0,
202400013779,155 757 511,A01,2.0,7.0,17,0,1,12,1.0,
202400013780,155 757 506,B01,1.0,7.0,0,2,8,11,1.0,
202400013781,155 757 504,A01,1.0,7.0,0,0,1,13,1.0,
202400013782,155 757 503,B01,1.0,7.0,0,2,4,2,1.0,
202400013783,155 757 500,A01,1.0,7.0,0,2,1,26,1.0,
202400013784,155 757 499,A01,1.0,7.0,0,2,3,1,1.0,
202400013785,155 757 496,A01,2.0,7.0,0,2,2,2,1.0,
202400013786,155 757 495,B01,2.0,7.0,0,2,1,1,2.0,
202400013787,155 757 492,A01,1.0,7.0,0,2,1,2,1.0,
202400013788,155 757 490,A01,1.0,10.0,0,2,1,6,1.0,
202400013789,155 757 487,A01,1.0,10.0,0,2,1,0,1.0,
202400013790,155 757 486,A01,1.0,2.0,0,2,1,1,1.0,
202400013791,155 757 484,A01,1.0,7.0,0,2,3,9,1.0,
202400013792,155 757 483,A01,2.0,7.0,3,0,1,2,1.0,
202400013793,155 757 480,A01,2.0,7.0,0,0,2,0,1.0,
202400013794,155 757 479,B01,2.0,7.0,0,2,3,20,3.0,
202400013795,155 757 478,A01,1.0,10.0,0,2,2,0,1.0,
202400013796,155 757 475,A01,1.0,7.0,0,2,1,1,1.0,
202400013797,155 757 474,A01,1.0,7.0,9,0,7,13,1.0,
202400013798,155 757 473,B01,3.0,31.0,0,2,8,15,0.0,
202400013799,155 757 472,A01,0.0,1.0,0,1,1,1,5.0,
202400013800,155 757 468,B01,1.0,7.0,0,2,1,2,1.0,
202400013801,155 757 466,A01,2.0,7.0,0,2,3,0,1.0,
202400013802,155 757 467,A01,1.0,10.0,0,2,1,1,1.0,
202400013803,155 757 464,A01,1.0,10.0,7,0,3,1,1.0,
202400013804,155 757 462,A01,2.0,7.0,13,2,3,15,1.0,
202400013805,155 757 461,A01,1.0,33.0,0,2,8,0,1.0,
202400013806,155 757 459,B01,1.0,7.0,0,0,1,1,1.0,
202400013807,155 757 457,A01,1.0,7.0,2,0,1,1,1.0,
202400013808,155 757 456,A01,1.0,7.0,0,2,3,11,1.0,
202400013809,155 757 455,A01,1.0,7.0,2,0,7,1,1.0,
202400013810,155 757 452,B01,1.0,7.0,0,2,1,1,1.0,
202400013811,155 757 450,A01,1.0,7.0,0,0,1,1,1.0,
202400013812,155 757 449,B01,1.0,2.0,0,2,2,1,1.0,
202400013813,155 757 448,A01,1.0,1.0,0,0,0,0,5.0,
202400013814,155 757 446,B01,2.0,17.0,4,0,8,21,1.0,
202400013815,155 757 443,B01,2.0,50.0,0,2,4,2,3.0,
202400013816,155 757 440,A01,2.0,7.0,11,2,3,6,1.0,
202400013817,155 757 439,A01,2.0,7.0,0,0,2,14,1.0,
202400013818,155 757 438,A01,3.0,7.0,13,0,1,1,1.0,
202400013819,155 757 434,A01,1.0,7.0,0,2,1,13,1.0,
202400013820,155 757 433,A01,1.0,7.0,17,0,2,14,1.0,
202400013821,155 757 435,A01,1.0,7.0,0,2,4,9,1.0,
202400013822,155 757 431,A01,2.0,7.0,0,1,8,15,1.0,
202400013823,155 757 429,A01,1.0,7.0,0,2,3,0,1.0,
202400013824,155 757 428,A01,2.0,33.0,0,2,1,15,1.0,
202400013825,155 757 425,A01,3.0,7.0,0,2,2,9,1.0,
202400013826,155 757 424,A01,1.0,7.0,7,0,1,1,1.0,
202400013827,155 757 423,B01,1.0,80.0,0,2,8,1,3.0,
202400013828,155 757 422,A01,2.0,43.0,3,0,1,2,1.0,
202400013829,155 757 421,A01,3.0,7.0,13,0,3,0,1.0,
202400013830,155 757 418,A01,3.0,7.0,0,0,4,1,1.0,
202400013831,155 757 416,A01,0.0,7.0,0,2,1,13,1.0,
202400013832,155 757 415,A01,2.0,15.0,3,0,1,1,1.0,
202400013833,155 757 414,B01,3.0,7.0,0,2,3,15,1.0,
202400013834,155 757 412,A01,1.0,7.0,0,2,2,2,1.0,
202400013835,155 757 411,A01,2.0,7.0,0,0,0,19,1.0,
202400013836,155 757 409,A01,2.0,7.0,6,2,8,1,1.0,
202400013837,155 757 408,A01,3.0,10.0,0,1,2,0,1.0,
202400013838,155 757 407,A01,1.0,10.0,1,1,2,0,1.0,
202400013839,155 757 405,A01,2.0,7.0,4,0,9,1,1.0,
202400013840,155 757 403,A01,1.0,10.0,2,0,1,1,1.0,
202400013841,155 757 404,A01,1.0,7.0,0,2,4,2,1.0,
202400013842,155 757 397,A01,1.0,7.0,0,2,1,5,1.0,
202400013843,155 757 396,A01,2.0,7.0,0,2,4,23,1.0,
202400013844,155 757 394,A01,1.0,7.0,0,2,5,2,1.0,
202400013845,155 757 393,A01,1.0,7.0,13,5,1,1,1.0,
202400013846,155 757 391,A01,1.0,7.0,0,2,1,2,1.0,
202400013847,155 757 387,A01,2.0,10.0,7,2,1,1,1.0,
202400013848,155 757 385,A01,1.0,7.0,0,2,6,1,1.0,
202400013849,155 757 386,A01,1.0,33.0,2,2,1,12,1.0,
202400013850,155 757 384,A01,1.0,7.0,8,0,1,14,1.0,
202400013851,155 757 381,A01,3.0,7.0,0,2,3,0,1.0,
202400013852,155 757 378,A01,1.0,10.0,4,2,4,2,1.0,
202400013853,155 757 379,A01,0.0,7.0,14,0,1,1,1.0,
202400013854,155 757 377,A01,1.0,33.0,13,0,0,1,1.0,
202400013855,155 757 376,A01,2.0,33.0,0,0,0,3,1.0,
202400013856,155 757 375,A01,2.0,2.0,0,0,0,2,1.0,
202400013857,155 757 373,A01,2.0,15.0,0,1,0,0,1.0,
202400013858,155 757 370,B01,1.0,17.0,0,2,2,1,1.0,
202400013859,155 757 369,A01,2.0,7.0,4,0,1,0,1.0,
202400013860,155 757 368,B01,1.0,7.0,10,0,4,13,1.0,
202400013861,155 757 365,A01,1.0,33.0,0,2,7,3,1.0,
202400013862,155 757 363,A01,1.0,7.0,0,2,1,14,1.0,
202400013863,155 757 362,A01,3.0,7.0,0,9,2,21,1.0,
202400013864,155 757 357,B01,1.0,16.0,0,0,8,24,1.0,
202400013865,155 757 360,B01,1.0,7.0,0,2,3,24,1.0,
202400013866,155 757 355,A01,1.0,33.0,3,0,2,0,1.0,
202400013867,155 757 352,A01,1.0,10.0,0,0,2,2,6.0,
202400013868,155 757 348,C01,1.0,7.0,0,2,1,1,1.0,
202400013869,155 757 346,B01,0.0,2.0,0,2,1,5,1.0,
202400013870,155 757 345,B01,2.0,33.0,0,2,1,1,1.0,
202400013871,155 757 344,A01,2.0,7.0,0,1,1,1,1.0,
202400013872,155 757 341,A01,3.0,1.0,0,9,1,1,5.0,
202400013873,155 757 340,B01,1.0,7.0,0,2,1,26,1.0,
202400013874,155 757 339,A01,0.0,7.0,0,1,3,16,1.0,
202400013875,155 757 338,A01,1.0,7.0,13,0,9,1,1.0,
202400013876,155 757 337,A01,0.0,7.0,1,1,3,15,1.0,
202400013877,155 757 335,A01,3.0,7.0,0,1,1,1,1.0,
202400013878,155 757 336,A01,0.0,17.0,0,1,0,16,1.0,
202400013879,155 757 333,A01,1.0,31.0,12,2,1,14,1.0,
202400013880,155 757 332,A01,3.0,80.0,0,1,1,1,3.0,
202400013881,155 757 331,A01,1.0,10.0,6,0,1,6,1.0,
202400013882,155 757 330,A01,1.0,31.0,0,0,0,1,1.0,
202400013883,155 757 327,A01,1.0,7.0,0,2,3,15,1.0,
202400013884,155 757 325,A01,1.0,7.0,8,0,1,2,1.0,
202400013885,155 757 324,B01,1.0,7.0,0,2,7,1,1.0,
202400013886,155 757 323,A01,2.0,7.0,0,6,3,1,1.0,
202400013887,155 757 320,B01,2.0,33.0,0,2,1,2,1.0,
202400013888,155 757 317,D01,2.0,7.0,0,2,0,0,1.0,
202400013889,155 757 319,A01,1.0,7.0,6,0,2,2,1.0,
202400013890,155 757 312,A01,3.0,30.0,0,2,8,13,1.0,
202400013891,155 757 314,A01,2.0,7.0,0,2,1,15,1.0,
202400013892,155 757 309,B01,3.0,7.0,0,2,6,15,1.0,
202400013893,155 757 306,A01,1.0,7.0,0,2,1,13,1.0,
202400013894,155 757 308,B01,1.0,7.0,0,2,4,2,1.0,
202400013895,155 757 302,A01,3.0,7.0,0,2,8,24,3.0,
202400013896,155 757 303,A01,1.0,7.0,0,2,2,19,2.0,