Num_Acc,id_vehicule,num_veh,senc,catv,obs,obsm,choc,manv,motor,occutc
202400013897,155 757 298,A01,3.0,7.0,0,2,1,1,0.0,
202400013898,155 757 299,B01,2.0,7.0,0,2,1,2,1.0,
202400013899,155 757 296,B01,1.0,17.0,0,0,0,1,0.0,
202400013900,155 757 289,A01,2.0,7.0,0,2,1,2,1.0,
202400013901,155 757 290,B01,2.0,7.0,0,2,2,0,1.0,
202400013902,155 757 288,C01,2.0,7.0,0,2,1,2,1.0,
202400013903,155 757 285,A01,2.0,30.0,0,0,0,14,1.0,
202400013904,155 757 284,A01,2.0,7.0,0,2,1,1,1.0,
202400013905,155 757 282,A01,1.0,7.0,0,2,1,12,1.0,
202400013906,155 757 280,A01,1.0,37.0,0,1,0,2,0.0,1
202400013907,155 757 278,B01,1.0,10.0,0,2,9,23,1.0,
202400013908,155 757 272,A01,2.0,33.0,0,2,1,21,1.0,
202400013909,155 757 273,T01,2.0,7.0,0,0,0,0,1.0,
202400013910,155 757 271,A01,1.0,7.0,0,2,3,15,0.0,
202400013911,155 757 269,B01,1.0,33.0,0,2,8,3,1.0,
202400013912,155 757 267,A01,1.0,14.0,0,2,1,14,1.0,
202400013913,155 757 266,B01,3.0,7.0,0,1,3,1,1.0,
202400013914,155 757 264,A01,2.0,7.0,0,2,6,9,1.0,
202400013915,155 757 259,B01,1.0,15.0,0,2,6,24,1.0,
202400013916,155 757 257,A01,1.0,7.0,0,2,1,12,1.0,
202400013917,155 757 255,A01,0.0,10.0,0,1,1,1,1.0,
202400013918,155 757 254,E01,1.0,15.0,0,2,8,1,1.0,
202400013919,155 757 252,A01,3.0,33.0,0,9,1,26,1.0,
202400013920,155 757 248,B01,1.0,7.0,0,2,1,15,1.0,
202400013921,155 757 247,A01,1.0,7.0,0,0,3,21,1.0,
202400013922,155 757 245,A01,1.0,7.0,0,1,3,15,1.0,
202400013923,155 757 241,B01,3.0,7.0,0,2,9,1,1.0,
202400013924,155 757 242,A01,2.0,7.0,0,2,7,1,,
202400013925,155 757 239,A01,1.0,7.0,0,2,3,1,1.0,
202400013926,155 757 236,A01,1.0,7.0,0,2,4,2,1.0,
202400013927,155 757 235,A01,3.0,33.0,0,2,1,1,1.0,
202400013928,155 757 234,A01,1.0,7.0,0,1,2,16,1.0,
202400013929,155 757 233,A01,3.0,7.0,0,1,1,1,1.0,
202400013930,155 757 231,A01,0.0,2.0,0,2,1,18,1.0,
202400013931,155 757 229,A01,1.0,32.0,0,0,7,17,1.0,
202400013932,155 757 228,D01,1.0,7.0,0,2,4,0,2.0,
202400013933,155 757 226,A01,1.0,7.0,0,9,2,1,1.0,
202400013934,155 757 222,A01,1.0,43.0,0,2,0,17,1.0,
202400013935,155 757 221,Z01,3.0,2.0,0,1,1,1,0.0,
202400013936,155 757 217,A01,1.0,34.0,11,0,2,16,1.0,
202400013937,155 757 214,A01,1.0,32.0,8,0,3,13,1.0,
202400013938,155 757 213,A01,1.0,33.0,0,2,3,3,1.0,
202400013939,155 757 212,D01,2.0,10.0,0,2,1,2,1.0,
202400013940,155 757 210,A01,1.0,37.0,0,2,6,15,3.0,1
202400013941,155 757 208,B01,1.0,1.0,0,2,4,23,5.0,
202400013942,155 757 204,A01,1.0,7.0,0,2,3,1,1.0,
202400013943,155 757 203,A01,1.0,33.0,0,2,8,12,1.0,
202400013944,155 757 201,A01,2.0,7.0,0,2,2,16,1.0,
202400013945,155 757 200,A01,3.0,7.0,0,2,1,1,1.0,
202400013946,155 757 195,C01,1.0,7.0,0,2,1,1,1.0,
202400013947,155 757 194,A01,2.0,7.0,0,2,5,2,1.0,
202400013948,155 757 191,B01,3.0,50.0,0,2,4,2,3.0,
202400013949,155 757 189,A01,1.0,7.0,0,2,8,0,1.0,
202400013950,155 757 190,B01,2.0,7.0,0,2,2,20,1.0,
202400013951,155 757 186,A01,2.0,43.0,1,0,1,14,1.0,
202400013952,155 757 187,A01,1.0,30.0,0,2,1,17,1.0,
202400013953,155 757 185,B01,1.0,7.0,0,2,3,15,1.0,
202400013954,155 757 183,A01,1.0,7.0,4,0,1,1,2.0,
202400013955,155 757 182,B01,3.0,7.0,0,2,4,23,0.0,
202400013956,155 757 179,A01,1.0,34.0,0,1,1,1,1.0,
202400013957,155 757 175,C01,2.0,7.0,0,2,4,1,1.0,
202400013958,155 757 174,A01,3.0,7.0,14,0,1,2,1.0,
202400013959,155 757 172,B01,1.0,7.0,0,2,6,1,1.0,
202400013960,155 757 170,C01,1.0,33.0,4,0,8,2,1.0,
202400013961,155 757 169,A01,2.0,30.0,0,2,1,1,1.0,
202400013962,155 757 166,A01,2.0,0.0,0,2,1,1,0.0,
202400013963,155 757 165,A01,2.0,10.0,1,0,0,0,1.0,
202400013964,155 757 163,A01,1.0,7.0,0,1,3,16,2.0,
202400013965,155 757 162,A01,1.0,33.0,0,0,7,1,1.0,
202400013966,155 757 160,A01,2.0,21.0,7,0,7,15,1.0,
202400013967,155 757 161,A01,3.0,7.0,0,2,2,13,1.0,
202400013968,155 757 158,A01,1.0,7.0,0,9,2,20,1.0,
202400013969,155 757 154,B01,2.0,33.0,0,2,1,15,1.0,
202400013970,155 757 152,A01,2.0,33.0,0,2,2,3,1.0,
202400013971,155 757 151,A01,2.0,7.0,9,0,1,0,3.0,
202400013972,155 757 150,B01,2.0,42.0,0,2,1,1,1.0,
202400013973,155 757 149,A01,3.0,7.0,1,0,1,1,1.0,
202400013974,155 757 147,A01,1.0,7.0,8,0,1,1,1.0,
202400013975,155 757 144,B01,2.0,32.0,0,2,7,1,1.0,
202400013976,155 757 143,A01,1.0,34.0,0,2,2,17,1.0,
202400013977,155 757 141,A01,1.0,7.0,0,2,3,15,1.0,
202400013978,155 757 142,A01,3.0,7.0,6,0,5,20,1.0,
202400013979,155 757 138,A01,2.0,7.0,0,2,2,16,1.0,
202400013980,155 757 137,A01,1.0,17.0,0,2,1,1,1.0,
202400013981,155 757 133,Z01,1.0,7.0,0,1,1,1,1.0,
202400013982,155 757 134,A01,2.0,7.0,0,2,4,2,2.0,
202400013983,155 757 132,A01,1.0,33.0,0,0,0,1,1.0,
202400013984,155 757 131,A01,1.0,7.0,4,0,7,1,1.0,
202400013985,155 757 130,B01,2.0,7.0,0,0,2,2,1.0,
202400013986,155 757 128,A01,1.0,33.0,0,0,7,1,1.0,
202400013987,155 757 125,A01,2.0,7.0,0,2,8,14,1.0,
202400013988,155 757 123,A01,1.0,7.0,1,0,1,17,1.0,
202400013989,155 757 122,B01,1.0,7.0,0,2,4,2,2.0,
202400013990,155 757 121,B01,2.0,33.0,0,2,3,3,1.0,
202400013991,155 757 120,A01,1.0,33.0,0,6,1,1,1.0,
202400013992,155 757 119,A01,3.0,33.0,0,1,2,1,1.0,
202400013993,155 757 117,A01,2.0,7.0,0,1,3,18,1.0,
202400013994,155 757 116,A01,1.0,7.0,8,0,3,13,1.0,
202400013995,155 757 114,B01,3.0,7.0,0,2,3,2,2.0,
202400013996,155 757 110,A01,2.0,1.0,0,2,1,1,5.0,
202400013997,155 757 108,A01,1.0,7.0,0,2,3,15,1.0,
202400013998,155 757 107,A01,3.0,50.0,0,2,7,11,3.0,
202400013999,155 757 106,A01,1.0,7.0,0,1,3,1,1.0,
202400014000,155 757 102,A01,2.0,7.0,0,2,4,1,1.0,
202400014001,155 757 098,B01,2.0,7.0,4,2,2,12,1.0,
202400014002,155 757 099,A01,1.0,7.0,0,1,1,1,1.0,
202400014003,155 757 100,A01,2.0,7.0,0,2,1,15,1.0,
202400014004,155 757 097,B01,2.0,7.0,0,2,1,13,1.0,
202400014005,155 757 094,A01,2.0,7.0,2,0,1,1,1.0,
202400014006,155 757 093,A01,3.0,7.0,1,2,3,15,1.0,
202400014007,155 757 091,B01,1.0,7.0,0,2,3,5,1.0,
202400014008,155 757 088,A01,3.0,7.0,0,2,1,9,1.0,
202400014009,155 757 087,A01,3.0,2.0,0,2,3,11,1.0,
202400014010,155 757 085,A01,1.0,7.0,0,1,2,26,1.0,
202400014011,155 757 084,A01,1.0,33.0,0,2,1,2,1.0,
202400014012,155 757 082,A01,1.0,7.0,0,2,1,1,1.0,
202400014013,155 757 081,A01,3.0,7.0,0,1,7,26,1.0,
202400014014,155 757 077,A01,1.0,7.0,0,2,2,15,1.0,
202400014015,155 757 076,A01,1.0,30.0,0,0,0,26,1.0,
202400014016,155 757 075,B01,0.0,33.0,0,2,3,3,1.0,
202400014017,155 757 073,A01,1.0,10.0,0,1,3,24,1.0,
202400014018,155 757 072,A01,1.0,7.0,0,2,1,2,0.0,
202400014019,155 757 070,A01,1.0,7.0,0,2,1,1,1.0,
202400014020,155 757 068,A01,1.0,7.0,0,0,9,0,1.0,
202400014021,155 757 069,A01,3.0,32.0,0,2,8,0,1.0,
202400014022,155 757 066,A01,2.0,1.0,0,1,1,1,5.0,
202400014023,155 757 065,A01,2.0,33.0,0,5,1,1,1.0,
202400014024,155 757 064,A01,2.0,7.0,0,2,3,19,2.0,
202400014025,155 757 062,A01,1.0,7.0,3,0,0,1,2.0,
202400014026,155 757 061,A01,0.0,7.0,1,1,1,1,1.0,
202400014027,155 757 058,A01,2.0,7.0,0,2,2,1,1.0,
202400014028,155 757 056,A01,2.0,7.0,0,1,6,0,1.0,
202400014029,155 757 055,A01,1.0,7.0,0,2,4,15,1.0,
202400014030,155 757 054,A01,1.0,7.0,1,0,2,14,1.0,
202400014031,155 757 052,B01,3.0,15.0,0,2,7,16,1.0,
202400014032,155 757 051,A01,0.0,7.0,0,1,0,1,1.0,
202400014033,155 757 050,A01,2.0,7.0,6,0,7,1,3.0,
202400014034,155 757 048,A01,0.0,7.0,3,0,0,1,1.0,
202400014035,155 757 047,A01,0.0,7.0,0,1,1,25,1.0,
202400014036,155 757 045,A01,2.0,7.0,13,0,1,1,1.0,
202400014037,155 757 046,A01,0.0,10.0,0,2,1,1,1.0,
202400014038,155 757 042,A01,2.0,3.0,4,0,1,1,1.0,
202400014039,155 757 041,A01,0.0,7.0,0,2,0,16,1.0,
202400014040,155 757 040,A01,3.0,7.0,0,1,1,26,2.0,
202400014041,155 757 039,A01,3.0,7.0,0,2,2,26,1.0,
202400014042,155 757 036,A01,2.0,7.0,0,0,0,1,1.0,
202400014043,155 757 037,A01,1.0,10.0,0,1,1,19,6.0,
202400014044,155 757 035,A01,3.0,7.0,7,2,5,1,1.0,
202400014045,155 757 033,A01,1.0,7.0,0,0,8,13,1.0,
202400014046,155 757 032,A01,3.0,7.0,2,0,1,14,2.0,
202400014047,155 757 030,A01,1.0,7.0,0,1,8,15,2.0,
202400014048,155 757 028,A01,1.0,7.0,0,1,2,1,1.0,
202400014049,155 757 027,A01,1.0,7.0,0,1,2,1,2.0,
202400014050,155 757 023,A01,3.0,10.0,13,0,2,15,1.0,
202400014051,155 757 025,B01,0.0,50.0,0,2,8,19,3.0,
202400014052,155 757 020,B01,3.0,1.0,0,2,2,0,5.0,
202400014053,155 757 019,A01,2.0,7.0,0,2,1,9,1.0,
202400014054,155 757 018,A01,1.0,7.0,2,0,1,0,1.0,
202400014055,155 757 016,A01,1.0,7.0,0,1,1,1,1.0,
202400014056,155 757 011,B01,1.0,7.0,0,2,3,1,1.0,
202400014057,155 757 010,C01,1.0,7.0,0,2,1,0,1.0,
202400014058,155 757 008,A01,0.0,7.0,0,2,7,19,1.0,
202400014059,155 757 007,A01,1.0,7.0,11,0,1,1,1.0,
202400014060,155 757 003,A01,2.0,7.0,0,2,2,3,1.0,
202400014061,155 757 001,A01,1.0,7.0,0,2,1,15,1.0,
202400014062,155 757 000,A01,1.0,7.0,0,2,1,1,1.0,
202400014063,155 756 995,B01,1.0,7.0,0,2,3,15,1.0,
202400014064,155 756 993,A01,3.0,7.0,0,2,0,10,1.0,
202400014065,155 756 992,B01,1.0,10.0,0,2,6,1,1.0,
202400014066,155 756 989,A01,3.0,7.0,12,0,1,13,1.0,
202400014067,155 756 987,A01,1.0,50.0,0,1,1,1,3.0,
202400014068,155 756 988,A01,1.0,7.0,0,2,3,10,1.0,
202400014069,155 756 986,A01,2.0,7.0,0,2,2,17,1.0,
202400014070,155 756 985,A01,2.0,7.0,6,0,1,0,1.0,
202400014071,155 756 983,A01,3.0,7.0,0,1,1,1,2.0,
202400014072,155 756 980,B01,2.0,33.0,9,2,1,1,1.0,
202400014073,155 756 982,B01,2.0,1.0,0,2,7,1,5.0,
202400014074,155 756 977,A01,1.0,7.0,0,2,2,17,1.0,
202400014075,155 756 976,A01,2.0,7.0,0,2,3,13,1.0,
202400014076,155 756 975,A01,1.0,7.0,4,0,9,2,2.0,
202400014077,155 756 974,A01,3.0,7.0,0,1,2,1,1.0,
202400014078,155 756 972,A01,2.0,99.0,0,1,3,16,1.0,
202400014079,155 756 973,A01,1.0,7.0,1,0,6,14,0.0,
202400014080,155 756 970,Z01,1.0,7.0,0,1,2,14,1.0,
202400014081,155 756 968,B01,1.0,7.0,0,0,4,1,2.0,
202400014082,155 756 966,A01,3.0,7.0,0,2,3,0,1.0,
202400014083,155 756 965,A01,1.0,7.0,0,2,2,9,1.0,
202400014084,155 756 960,B01,2.0,7.0,0,2,1,1,1.0,
202400014085,155 756 961,A01,2.0,7.0,0,2,7,15,1.0,
202400014086,155 756 958,B01,2.0,2.0,0,2,0,26,1.0,
202400014087,155 756 964,A01,1.0,10.0,0,1,1,1,1.0,
202400014088,155 756 954,A01,2.0,7.0,0,0,2,0,1.0,
202400014089,155 756 955,A01,1.0,2.0,0,2,1,15,1.0,
202400014090,155 756 952,A01,3.0,7.0,15,0,0,0,1.0,
202400014091,155 756 950,A01,3.0,32.0,0,0,2,16,1.0,
202400014092,155 756 951,A01,1.0,7.0,0,9,3,19,3.0,
202400014093,155 756 946,B01,2.0,7.0,0,2,3,1,1.0,
202400014094,155 756 943,Z01,1.0,7.0,0,2,1,2,0.0,
202400014095,155 756 942,B01,2.0,7.0,0,2,1,1,1.0,
202400014096,155 756 939,A01,1.0,7.0,0,2,3,1,1.0,
202400014097,155 756 936,B01,1.0,2.0,0,2,1,1,1.0,
202400014098,155 756 934,Z01,2.0,7.0,0,2,3,11,0.0,
202400014099,155 756 933,A01,0.0,7.0,0,0,9,1,1.0,
202400014100,155 756 932,A01,2.0,7.0,1,2,9,1,1.0,
202400014101,155 756 931,A01,1.0,10.0,15,0,1,0,1.0,
202400014102,155 756 930,A01,1.0,80.0,0,1,7,21,3.0,
202400014103,155 756 927,A01,0.0,7.0,0,2,3,9,1.0,
202400014104,155 756 924,A01,2.0,7.0,0,2,3,15,1.0,
202400014105,155 756 923,A01,1.0,32.0,0,2,1,1,1.0,
202400014106,155 756 921,A01,3.0,7.0,0,1,2,15,1.0,
202400014107,155 756 918,A01,0.0,7.0,8,0,2,14,1.0,
202400014108,155 756 916,A01,1.0,7.0,0,2,3,1,1.0,
202400014109,155 756 917,A01,1.0,7.0,0,2,2,13,1.0,
202400014110,155 756 913,A01,1.0,1.0,1,0,3,1,5.0,
202400014111,155 756 911,B01,0.0,33.0,0,0,0,0,1.0,
202400014112,155 756 909,A01,2.0,7.0,0,2,1,2,1.0,
202400014113,155 756 908,A01,0.0,14.0,0,2,8,9,1.0,
202400014114,155 756 906,A01,2.0,7.0,0,0,6,15,2.0,
202400014115,155 756 903,A01,1.0,7.0,4,0,2,1,1.0,
202400014116,155 756 900,A01,3.0,40.0,0,1,1,1,3.0,
202400014117,155 756 899,C01,2.0,7.0,0,2,4,26,1.0,
202400014118,155 756 898,A01,1.0,7.0,7,0,1,14,1.0,
202400014119,155 756 901,A01,0.0,7.0,0,2,1,1,1.0,
202400014120,155 756 894,A01,1.0,10.0,0,2,7,16,1.0,
202400014121,155 756 892,B01,1.0,7.0,0,2,4,23,1.0,
202400014122,155 756 891,A01,1.0,31.0,0,2,1,1,1.0,
202400014123,155 756 887,A01,1.0,7.0,0,1,1,19,0.0,
202400014124,155 756 886,A01,2.0,7.0,0,0,0,2,1.0,
202400014125,155 756 884,B01,2.0,7.0,3,2,3,21,1.0,
202400014126,155 756 883,A01,1.0,7.0,0,1,1,19,1.0,
202400014127,155 756 882,A01,2.0,36.0,8,0,0,0,1.0,
202400014128,155 756 880,A01,2.0,80.0,12,0,1,1,3.0,
202400014129,155 756 877,B01,2.0,7.0,0,2,2,1,1.0,
202400014130,155 756 876,A01,2.0,13.0,0,2,1,14,1.0,
202400014131,155 756 875,A01,0.0,7.0,6,0,1,1,1.0,
202400014132,155 756 874,B01,2.0,2.0,0,2,1,1,1.0,
202400014133,155 756 873,A01,0.0,2.0,0,0,0,0,1.0,
202400014134,155 756 871,A01,2.0,32.0,1,0,1,12,3.0,
202400014135,155 756 869,A01,1.0,30.0,12,0,0,1,1.0,
202400014136,155 756 870,A01,3.0,7.0,0,9,0,1,1.0,
202400014137,155 756 867,A01,3.0,7.0,4,2,1,5,1.0,
202400014138,155 756 862,A01,2.0,7.0,0,2,1,2,1.0,
202400014139,155 756 861,A01,2.0,7.0,0,9,2,16,1.0,
202400014140,155 756 858,B01,1.0,17.0,0,2,8,1,0.0,
202400014141,155 756 857,A01,2.0,1.0,0,2,1,2,5.0,
202400014142,155 756 856,A01,1.0,7.0,0,0,3,1,1.0,
202400014143,155 756 851,B01,1.0,50.0,0,2,1,5,3.0,
202400014144,155 756 852,B01,3.0,7.0,0,2,3,0,1.0,
202400014145,155 756 850,A01,1.0,7.0,0,2,8,26,1.0,
202400014146,155 756 848,B01,2.0,7.0,0,2,1,1,1.0,
202400014147,155 756 847,A01,1.0,7.0,4,0,8,2,1.0,
202400014148,155 756 846,A01,2.0,7.0,0,1,1,1,1.0,
202400014149,155 756 845,A01,1.0,7.0,0,0,9,0,1.0,
202400014150,155 756 842,A01,2.0,7.0,0,2,8,11,1.0,
202400014151,155 756 840,A01,1.0,7.0,0,2,3,15,1.0,
202400014152,155 756 839,A01,1.0,33.0,0,0,2,2,1.0,
202400014153,155 756 838,A01,2.0,7.0,4,0,3,1,1.0,
202400014154,155 756 837,A01,3.0,7.0,13,0,3,13,1.0,
202400014155,155 756 836,A01,2.0,7.0,0,1,2,1,1.0,
202400014156,155 756 835,A01,2.0,10.0,0,0,9,1,1.0,
202400014157,155 756 830,A01,3.0,10.0,0,2,4,4,1.0,
202400014158,155 756 828,A01,3.0,50.0,0,2,3,13,3.0,
202400014159,155 756 827,A01,3.0,7.0,0,2,1,1,1.0,
202400014160,155 756 825,A01,1.0,33.0,0,0,7,2,1.0,
202400014161,155 756 824,A01,3.0,33.0,0,2,0,0,1.0,
202400014162,155 756 822,A01,2.0,7.0,0,2,2,1,1.0,
202400014163,155 756 817,B01,2.0,7.0,4,2,9,17,1.0,
202400014164,155 756 818,B01,1.0,7.0,0,2,1,1,1.0,
202400014165,155 756 813,A01,3.0,2.0,0,0,7,19,1.0,
202400014166,155 756 812,B01,1.0,7.0,0,2,2,2,1.0,
202400014167,155 756 810,C01,1.0,7.0,0,2,4,1,2.0,
202400014168,155 756 809,A01,3.0,7.0,0,0,2,1,1.0,
202400014169,155 756 807,B01,2.0,7.0,0,2,6,0,1.0,
202400014170,155 756 805,A01,1.0,7.0,2,0,7,1,1.0,
202400014171,155 756 804,A01,2.0,32.0,0,2,1,17,1.0,
202400014172,155 756 803,A01,1.0,7.0,0,1,1,0,1.0,
202400014173,155 756 802,A01,3.0,7.0,0,1,3,5,1.0,
202400014174,155 756 799,A01,1.0,33.0,12,2,1,2,1.0,
202400014175,155 756 797,B01,2.0,7.0,0,2,1,1,3.0,
202400014176,155 756 796,A01,1.0,43.0,7,0,1,1,1.0,
202400014177,155 756 794,A01,1.0,7.0,0,1,2,1,1.0,
202400014178,155 756 793,A01,3.0,7.0,0,2,2,16,1.0,
202400014179,155 756 792,A01,1.0,7.0,2,0,9,1,1.0,
202400014180,155 756 790,A01,1.0,7.0,0,2,6,1,1.0,
202400014181,155 756 788,A01,1.0,32.0,0,1,1,0,1.0,
202400014182,155 756 787,A01,0.0,7.0,1,9,3,24,1.0,
202400014183,155 756 786,A01,3.0,7.0,15,0,1,15,1.0,
202400014184,155 756 785,A01,3.0,14.0,0,1,2,9,1.0,
202400014185,155 756 783,A01,1.0,7.0,0,2,2,12,1.0,
202400014186,155 756 781,A01,1.0,7.0,0,1,2,14,1.0,
202400014187,155 756 777,A01,1.0,7.0,0,1,2,1,1.0,
202400014188,155 756 778,A01,3.0,7.0,0,2,2,17,1.0,
202400014189,155 756 776,A01,1.0,7.0,0,0,9,26,1.0,
202400014190,155 756 773,B01,1.0,14.0,0,2,3,1,1.0,
202400014191,155 756 772,A01,2.0,7.0,0,2,1,13,1.0,
202400014192,155 756 770,B01,2.0,7.0,0,2,1,1,1.0,
202400014193,155 756 768,A01,3.0,10.0,17,0,1,1,0.0,
202400014194,155 756 769,A01,1.0,80.0,0,1,4,26,3.0,
202400014195,155 756 767,A01,1.0,7.0,0,1,3,2,1.0,
202400014196,155 756 765,A01,2.0,7.0,8,0,1,9,1.0,
202400014197,155 756 763,A01,1.0,10.0,0,1,2,0,1.0,
202400014198,155 756 764,A01,2.0,7.0,0,2,1,13,1.0,
202400014199,155 756 762,A01,3.0,7.0,0,1,7,2,1.0,
202400014200,155 756 761,A01,3.0,7.0,0,1,1,15,1.0,
202400014201,155 756 757,A01,2.0,33.0,0,2,1,1,1.0,
202400014202,155 756 758,A01,1.0,30.0,0,0,3,0,1.0,
202400014203,155 756 753,A01,3.0,7.0,0,2,1,2,1.0,
202400014204,155 756 752,A01,1.0,10.0,8,0,2,6,1.0,
202400014205,155 756 750,A01,2.0,7.0,1,1,1,1,1.0,
202400014206,155 756 749,B01,3.0,10.0,0,2,3,15,1.0,
202400014207,155 756 744,A01,1.0,7.0,0,2,4,1,1.0,
202400014208,155 756 743,A01,2.0,10.0,0,2,7,26,1.0,
202400014209,155 756 742,A01,2.0,7.0,0,2,7,15,1.0,
202400014210,155 756 741,A01,2.0,7.0,14,0,1,0,1.0,
202400014211,155 756 735,A01,1.0,7.0,0,2,2,12,1.0,
202400014212,155 756 734,A01,1.0,7.0,0,2,1,13,1.0,
202400014213,155 756 733,C01,2.0,7.0,0,2,4,1,3.0,
202400014214,155 756 730,A01,1.0,10.0,4,0,3,13,1.0,
202400014215,155 756 729,A01,1.0,80.0,0,4,0,14,3.0,
202400014216,155 756 728,A01,1.0,60.0,0,2,3,5,5.0,
202400014217,155 756 724,B01,2.0,7.0,0,2,8,1,1.0,
202400014218,155 756 725,B01,1.0,33.0,0,2,1,1,1.0,
202400014219,155 756 722,A01,3.0,7.0,0,2,3,13,1.0,
202400014220,155 756 720,A01,1.0,2.0,0,0,0,26,1.0,
202400014221,155 756 719,A01,2.0,15.0,0,2,1,2,1.0,
202400014222,155 756 715,D01,2.0,14.0,0,2,5,1,1.0,
202400014223,155 756 712,A01,2.0,7.0,0,2,3,11,1.0,
202400014224,155 756 713,A01,0.0,7.0,0,9,7,9,1.0,
202400014225,155 756 711,A01,2.0,33.0,13,0,0,13,1.0,
202400014226,155 756 708,B01,1.0,31.0,0,2,1,1,1.0,
202400014227,155 756 707,A01,2.0,7.0,4,2,1,1,1.0,
202400014228,155 756 703,A01,1.0,33.0,0,2,1,0,1.0,
202400014229,155 756 704,A01,2.0,30.0,0,2,1,1,1.0,
202400014230,155 756 702,A01,2.0,17.0,3,0,7,1,1.0,
202400014231,155 756 701,A01,2.0,7.0,0,1,8,15,1.0,
202400014232,155 756 700,A01,2.0,7.0,4,0,2,14,1.0,
202400014233,155 756 699,A01,3.0,30.0,0,0,0,1,1.0,
202400014234,155 756 697,A01,1.0,1.0,0,2,1,1,5.0,
202400014235,155 756 694,A01,1.0,7.0,0,2,1,1,1.0,
202400014236,155 756 693,B01,1.0,33.0,0,2,6,12,1.0,
202400014237,155 756 691,A01,1.0,7.0,0,0,8,1,1.0,
202400014238,155 756 686,B01,2.0,7.0,0,2,2,1,2.0,
202400014239,155 756 685,A01,2.0,10.0,0,2,3,13,1.0,
202400014240,155 756 684,A01,1.0,7.0,0,2,2,1,1.0,
202400014241,155 756 681,A01,2.0,14.0,4,2,7,12,1.0,
202400014242,155 756 679,A01,3.0,7.0,1,0,2,14,1.0,
202400014243,155 756 678,B01,2.0,33.0,0,2,7,1,1.0,
202400014244,155 756 676,B01,3.0,7.0,0,2,1,1,1.0,
202400014245,155 756 675,A01,0.0,7.0,0,1,1,1,1.0,
202400014246,155 756 671,A01,1.0,7.0,0,2,1,9,1.0,
202400014247,155 756 670,A01,0.0,7.0,0,1,1,1,1.0,
202400014248,155 756 672,A01,1.0,2.0,0,2,2,7,3.0,
202400014249,155 756 668,A01,1.0,10.0,0,2,6,2,1.0,
202400014250,155 756 667,A01,3.0,7.0,0,1,8,15,1.0,
202400014251,155 756 666,A01,1.0,37.0,0,1,2,7,3.0,1
202400014252,155 756 664,A01,3.0,7.0,6,0,1,13,3.0,
202400014253,155 756 662,B01,2.0,99.0,0,2,2,8,3.0,
202400014254,155 756 661,A01,3.0,31.0,0,0,1,3,1.0,
202400014255,155 756 660,B01,1.0,7.0,1,2,1,21,1.0,
202400014256,155 756 658,A01,1.0,7.0,0,1,1,1,1.0,
202400014257,155 756 657,A01,2.0,7.0,0,1,4,4,1.0,
202400014258,155 756 654,A01,1.0,33.0,12,0,1,1,1.0,
202400014259,155 756 652,A01,2.0,1.0,0,0,0,1,5.0,
202400014260,155 756 650,A01,1.0,7.0,0,2,2,1,1.0,
202400014261,155 756 649,B01,1.0,7.0,0,2,6,23,1.0,
202400014262,155 756 647,B01,1.0,7.0,0,2,8,15,1.0,
202400014263,155 756 644,A01,1.0,7.0,0,1,1,21,1.0,
202400014264,155 756 643,A01,2.0,14.0,0,2,8,15,1.0,
202400014265,155 756 641,B01,1.0,7.0,0,2,1,1,1.0,
202400014266,155 756 640,A01,1.0,33.0,0,2,2,15,1.0,
202400014267,155 756 638,A01,1.0,7.0,0,2,4,19,1.0,
202400014268,155 756 637,A01,1.0,10.0,0,1,1,16,1.0,
202400014269,155 756 636,A01,2.0,7.0,0,1,2,1,2.0,
202400014270,155 756 634,A01,1.0,10.0,0,1,4,4,1.0,
202400014271,155 756 633,A01,1.0,7.0,0,1,2,1,1.0,
202400014272,155 756 632,A01,1.0,32.0,0,2,3,1,1.0,
202400014273,155 756 631,A01,1.0,7.0,0,1,1,1,1.0,
202400014274,155 756 627,Z01,1.0,10.0,0,2,1,1,0.0,
202400014275,155 756 626,A01,1.0,31.0,0,2,2,14,1.0,
202400014276,155 756 624,A01,2.0,7.0,0,2,2,22,3.0,
202400014277,155 756 625,A01,1.0,7.0,0,1,3,1,1.0,
202400014278,155 756 623,A01,2.0,33.0,0,1,1,1,1.0,
202400014279,155 756 621,A01,1.0,7.0,0,1,3,1,1.0,
202400014280,155 756 620,A01,3.0,1.0,0,1,1,16,5.0,
202400014281,155 756 618,A01,2.0,7.0,4,0,8,10,1.0,
202400014282,155 756 612,A01,1.0,33.0,0,2,6,11,1.0,
202400014283,155 756 611,Z01,1.0,10.0,0,1,4,4,0.0,
202400014284,155 756 607,A01,3.0,7.0,0,2,1,1,1.0,
202400014285,155 756 602,A01,1.0,7.0,0,2,1,1,0.0,
202400014286,155 756 601,A01,3.0,7.0,0,2,1,1,1.0,
202400014287,155 756 599,A01,1.0,17.0,0,2,1,2,1.0,
202400014288,155 756 595,A01,2.0,7.0,0,2,2,1,1.0,
202400014289,155 756 592,A01,3.0,7.0,0,1,4,20,2.0,
202400014290,155 756 593,A01,1.0,50.0,0,2,1,1,3.0,
202400014291,155 756 594,A01,3.0,34.0,0,2,5,1,1.0,
202400014292,155 756 591,A01,3.0,15.0,1,1,5,20,1.0,
202400014293,155 756 588,B01,2.0,7.0,0,2,4,2,1.0,
202400014294,155 756 586,A01,2.0,7.0,0,9,3,16,2.0,