Num_Acc,id_vehicule,num_veh,senc,catv,obs,obsm,choc,manv,motor,occutc
202400014295,155 756 585,A01,1.0,7.0,0,2,2,5,1.0,
202400014296,155 756 582,A01,3.0,10.0,0,2,1,1,3.0,
202400014297,155 756 581,A01,2.0,7.0,1,0,2,26,1.0,
202400014298,155 756 579,A01,2.0,7.0,0,2,5,26,1.0,
202400014299,155 756 578,A01,2.0,10.0,0,2,1,15,3.0,
202400014300,155 756 573,A01,3.0,7.0,0,2,3,13,1.0,
202400014301,155 756 571,B01,3.0,7.0,0,2,1,1,1.0,
202400014302,155 756 569,C01,1.0,7.0,0,2,1,1,1.0,
202400014303,155 756 570,B01,2.0,7.0,9,2,3,1,1.0,
202400014304,155 756 568,A01,1.0,7.0,12,0,2,2,1.0,
202400014305,155 756 566,A01,2.0,10.0,12,0,9,2,1.0,
202400014306,155 756 565,A01,0.0,10.0,1,0,1,1,1.0,
202400014307,155 756 564,A01,1.0,7.0,0,9,2,1,1.0,
202400014308,155 756 562,Z01,2.0,7.0,0,2,2,17,1.0,
202400014309,155 756 557,A01,3.0,33.0,0,0,0,1,1.0,
202400014310,155 756 560,A01,0.0,33.0,0,2,7,26,1.0,
202400014311,155 756 558,A01,1.0,7.0,0,1,3,1,1.0,
202400014312,155 756 555,B01,1.0,32.0,0,2,8,1,1.0,
202400014313,155 756 553,A01,1.0,99.0,8,2,1,21,1.0,
202400014314,155 756 551,B01,0.0,1.0,0,2,8,1,5.0,
202400014315,155 756 549,A01,0.0,50.0,8,0,1,13,3.0,
202400014316,155 756 547,B01,0.0,7.0,0,2,4,15,1.0,
202400014317,155 756 543,A01,3.0,7.0,0,1,1,1,1.0,
202400014318,155 756 545,A01,0.0,7.0,0,2,1,1,1.0,
202400014319,155 756 542,A01,1.0,7.0,0,2,2,15,1.0,
202400014320,155 756 540,A01,1.0,7.0,-1,0,1,26,1.0,
202400014321,155 756 537,B01,3.0,7.0,0,2,1,1,1.0,
202400014322,155 756 535,B01,1.0,7.0,0,2,2,13,1.0,
202400014323,155 756 536,A01,2.0,7.0,0,2,4,2,1.0,
202400014324,155 756 534,A01,1.0,7.0,0,1,2,15,0.0,
202400014325,155 756 532,B01,1.0,33.0,0,2,0,1,1.0,
202400014326,155 756 531,B01,2.0,7.0,0,2,1,26,1.0,
202400014327,155 756 530,A01,1.0,7.0,0,1,7,16,1.0,
202400014328,155 756 528,A01,1.0,30.0,12,0,7,14,1.0,
202400014329,155 756 525,A01,1.0,7.0,0,2,1,1,1.0,
202400014330,155 756 523,B01,3.0,7.0,0,2,1,2,1.0,
202400014331,155 756 524,B01,2.0,2.0,0,2,7,15,1.0,
202400014332,155 756 520,B01,1.0,33.0,0,2,4,1,1.0,
202400014333,155 756 519,B01,0.0,32.0,0,2,1,1,1.0,
202400014334,155 756 517,A01,0.0,7.0,0,1,1,18,1.0,
202400014335,155 756 513,B01,3.0,30.0,0,2,1,1,1.0,
202400014336,155 756 512,B01,3.0,7.0,0,2,7,10,1.0,
202400014337,155 756 511,A01,1.0,33.0,0,1,1,19,1.0,
202400014338,155 756 506,A01,3.0,7.0,0,2,1,13,1.0,
202400014339,155 756 507,A01,1.0,7.0,0,2,2,16,1.0,
202400014340,155 756 504,B01,0.0,32.0,0,1,1,2,1.0,
202400014341,155 756 503,A01,2.0,7.0,0,2,1,1,1.0,
202400014342,155 756 501,B01,1.0,38.0,0,2,4,2,1.0,1
202400014343,155 756 500,A01,2.0,7.0,0,1,1,1,1.0,
202400014344,155 756 497,A01,2.0,7.0,0,2,3,9,1.0,
202400014345,155 756 498,A01,2.0,33.0,0,1,2,1,1.0,
202400014346,155 756 495,A01,2.0,31.0,0,2,8,15,1.0,
202400014347,155 756 493,B01,2.0,7.0,0,2,3,1,1.0,
202400014348,155 756 492,A01,1.0,37.0,9,1,7,9,1.0,1
202400014349,155 756 488,B01,1.0,7.0,0,2,4,1,1.0,
202400014350,155 756 487,B01,2.0,34.0,0,2,1,1,1.0,
202400014351,155 756 485,B01,3.0,80.0,0,2,1,0,2.0,
202400014352,155 756 486,A01,1.0,7.0,0,1,0,13,1.0,
202400014353,155 756 481,B01,1.0,33.0,0,2,2,20,0.0,
202400014354,155 756 479,B01,2.0,50.0,0,2,1,1,3.0,
202400014355,155 756 480,A01,1.0,33.0,0,2,8,18,1.0,
202400014356,155 756 476,A01,2.0,50.0,0,0,0,14,3.0,
202400014357,155 756 477,B01,3.0,7.0,0,2,0,0,1.0,
202400014358,155 756 474,B01,3.0,30.0,0,2,1,1,1.0,
202400014359,155 756 472,A01,2.0,7.0,0,0,1,1,1.0,
202400014360,155 756 470,A01,3.0,7.0,0,1,5,1,1.0,
202400014361,155 756 471,B01,1.0,3.0,0,0,0,13,0.0,
202400014362,155 756 468,A01,3.0,7.0,0,2,0,1,1.0,
202400014363,155 756 465,B01,1.0,80.0,0,2,1,1,3.0,
202400014364,155 756 464,A01,1.0,7.0,0,2,3,19,2.0,
202400014365,155 756 463,A01,3.0,50.0,15,1,1,1,3.0,
202400014366,155 756 459,A01,1.0,33.0,0,0,0,0,1.0,
202400014367,155 756 458,A01,2.0,31.0,0,2,3,2,1.0,
202400014368,155 756 456,B01,2.0,7.0,0,2,3,1,1.0,
202400014369,155 756 455,A01,1.0,7.0,0,2,1,0,1.0,
202400014370,155 756 454,A01,2.0,10.0,0,1,1,2,1.0,
202400014371,155 756 448,B01,3.0,50.0,0,2,1,1,3.0,
202400014372,155 756 446,A01,1.0,7.0,0,2,8,1,1.0,
202400014373,155 756 447,B01,2.0,15.0,0,2,3,1,1.0,
202400014374,155 756 444,C01,2.0,7.0,0,2,5,2,1.0,
202400014375,155 756 438,A01,3.0,33.0,0,2,3,1,1.0,
202400014376,155 756 440,A01,3.0,7.0,0,2,1,2,2.0,
202400014377,155 756 441,A01,1.0,33.0,8,0,1,0,1.0,
202400014378,155 756 437,A01,1.0,33.0,0,2,7,3,1.0,
202400014379,155 756 433,A01,1.0,30.0,0,0,2,1,1.0,
202400014380,155 756 434,A01,1.0,7.0,2,0,1,13,1.0,
202400014381,155 756 431,A01,1.0,3.0,0,2,6,26,1.0,
202400014382,155 756 432,B01,1.0,32.0,0,2,7,1,1.0,
202400014383,155 756 429,A01,1.0,7.0,0,1,7,1,2.0,
202400014384,155 756 428,A01,1.0,32.0,0,0,0,0,1.0,
202400014385,155 756 430,A01,1.0,7.0,13,0,1,1,1.0,
202400014386,155 756 426,A01,1.0,7.0,0,2,6,13,1.0,
202400014387,155 756 423,B01,0.0,33.0,0,2,0,0,1.0,
202400014388,155 756 422,A01,1.0,33.0,0,0,7,2,1.0,
202400014389,155 756 421,A01,2.0,7.0,0,2,3,19,1.0,
202400014390,155 756 420,A01,1.0,7.0,0,1,2,1,1.0,
202400014391,155 756 416,A01,3.0,33.0,0,0,7,1,1.0,
202400014392,155 756 415,A01,2.0,7.0,1,2,1,13,1.0,
202400014393,155 756 412,A01,2.0,7.0,0,1,3,1,1.0,
202400014394,155 756 411,A01,0.0,7.0,0,2,0,0,1.0,
202400014395,155 756 409,A01,2.0,50.0,0,2,1,13,3.0,
202400014396,155 756 407,C01,2.0,15.0,0,0,3,1,1.0,
202400014397,155 756 406,A01,1.0,13.0,2,0,1,14,1.0,
202400014398,155 756 404,A01,1.0,7.0,0,2,1,5,1.0,
202400014399,155 756 403,A01,3.0,7.0,0,1,3,19,2.0,
202400014400,155 756 402,A01,2.0,7.0,13,0,1,1,1.0,
202400014401,155 756 400,A01,1.0,7.0,6,0,1,1,1.0,
202400014402,155 756 399,A01,2.0,33.0,13,0,1,16,1.0,
202400014403,155 756 398,B01,1.0,30.0,0,2,1,1,1.0,
202400014404,155 756 394,B01,1.0,60.0,0,2,2,19,5.0,
202400014405,155 756 393,A01,2.0,7.0,0,2,3,1,1.0,
202400014406,155 756 389,A01,3.0,7.0,0,2,1,1,1.0,
202400014407,155 756 390,B01,2.0,7.0,0,2,1,1,1.0,
202400014408,155 756 385,A01,0.0,7.0,0,0,4,23,1.0,
202400014409,155 756 383,B01,1.0,38.0,0,0,0,0,1.0,1
202400014410,155 756 381,A01,2.0,7.0,4,0,3,17,1.0,
202400014411,155 756 380,A01,1.0,7.0,0,1,1,1,1.0,
202400014412,155 756 378,A01,1.0,7.0,0,2,1,2,1.0,
202400014413,155 756 377,B01,3.0,7.0,0,2,2,1,1.0,
202400014414,155 756 376,A01,1.0,7.0,0,1,1,1,1.0,
202400014415,155 756 374,B01,1.0,7.0,0,2,6,20,1.0,
202400014416,155 756 373,A01,1.0,33.0,13,0,1,1,1.0,
202400014417,155 756 371,A01,2.0,7.0,13,0,1,1,1.0,
202400014418,155 756 370,A01,0.0,1.0,0,2,1,2,5.0,
202400014419,155 756 369,A01,3.0,7.0,0,2,2,15,1.0,
202400014420,155 756 368,A01,2.0,7.0,0,0,9,2,1.0,
202400014421,155 756 367,A01,2.0,1.0,0,0,0,1,5.0,
202400014422,155 756 365,A01,0.0,33.0,0,2,1,13,1.0,
202400014423,155 756 364,A01,3.0,37.0,0,1,3,1,1.0,1
202400014424,155 756 362,B01,3.0,7.0,0,2,1,1,0.0,
202400014425,155 756 360,A01,1.0,7.0,0,1,1,1,1.0,
202400014426,155 756 359,A01,2.0,50.0,0,1,1,1,3.0,
202400014427,155 756 357,A01,2.0,14.0,0,2,1,2,1.0,
202400014428,155 756 353,A01,1.0,7.0,0,2,1,2,1.0,
202400014429,155 756 352,A01,1.0,2.0,13,2,1,17,1.0,
202400014430,155 756 351,B01,2.0,99.0,0,2,8,26,6.0,
202400014431,155 756 350,A01,2.0,33.0,0,0,0,1,1.0,
202400014432,155 756 348,A01,2.0,7.0,0,2,7,15,1.0,
202400014433,155 756 347,A01,0.0,7.0,0,1,0,0,1.0,
202400014434,155 756 343,B01,2.0,1.0,0,2,3,1,5.0,
202400014435,155 756 342,B01,1.0,7.0,0,2,1,13,1.0,
202400014436,155 756 341,A01,3.0,7.0,0,2,2,9,1.0,
202400014437,155 756 340,A01,2.0,7.0,0,1,1,1,1.0,
202400014438,155 756 339,A01,2.0,7.0,2,0,3,13,1.0,
202400014439,155 756 338,A01,3.0,37.0,0,1,2,1,1.0,1
202400014440,155 756 337,A01,1.0,7.0,16,9,1,1,1.0,
202400014441,155 756 334,B01,3.0,99.0,0,9,0,0,5.0,
202400014442,155 756 333,A01,2.0,7.0,0,2,1,1,1.0,
202400014443,155 756 330,B01,0.0,10.0,0,2,8,0,1.0,
202400014444,155 756 328,A01,1.0,7.0,13,0,3,1,1.0,
202400014445,155 756 331,A01,3.0,7.0,2,0,8,16,1.0,
202400014446,155 756 327,B01,2.0,7.0,0,2,4,23,1.0,
202400014447,155 756 323,A01,1.0,2.0,0,2,3,0,1.0,
202400014448,155 756 321,A01,3.0,7.0,0,2,6,9,1.0,
202400014449,155 756 320,A01,3.0,7.0,0,2,3,1,1.0,
202400014450,155 756 318,B01,1.0,14.0,0,2,3,1,1.0,
202400014451,155 756 315,B01,1.0,7.0,0,2,1,1,3.0,
202400014452,155 756 314,A01,1.0,33.0,0,2,1,21,1.0,
202400014453,155 756 312,A01,1.0,2.0,1,0,1,1,1.0,
202400014454,155 756 309,A01,2.0,7.0,3,2,1,2,1.0,
202400014455,155 756 306,A01,2.0,7.0,8,0,1,1,1.0,
202400014456,155 756 305,A01,3.0,7.0,0,2,3,15,1.0,
202400014457,155 756 307,A01,1.0,30.0,0,2,1,1,3.0,
202400014458,155 756 304,A01,2.0,33.0,14,0,1,1,1.0,
202400014459,155 756 302,B01,2.0,80.0,0,2,8,10,3.0,
202400014460,155 756 299,B01,2.0,7.0,0,2,0,1,1.0,
202400014461,155 756 298,A01,1.0,7.0,16,0,0,1,1.0,
202400014462,155 756 295,A01,1.0,14.0,8,2,3,5,1.0,
202400014463,155 756 294,B01,1.0,7.0,0,2,1,1,1.0,
202400014464,155 756 291,B01,1.0,33.0,13,0,0,21,1.0,
202400014465,155 756 292,A01,1.0,7.0,0,2,3,13,1.0,
202400014466,155 756 289,A01,3.0,7.0,0,2,1,9,1.0,
202400014467,155 756 286,A01,2.0,7.0,0,2,8,9,1.0,
202400014468,155 756 285,A01,1.0,7.0,0,2,2,13,1.0,
202400014469,155 756 283,A01,3.0,1.0,0,2,1,1,5.0,
202400014470,155 756 282,A01,1.0,7.0,13,0,0,1,1.0,
202400014471,155 756 281,A01,3.0,7.0,2,0,1,14,1.0,
202400014472,155 756 280,A01,1.0,7.0,0,1,1,1,1.0,
202400014473,155 756 278,A01,3.0,50.0,0,1,1,1,3.0,
202400014474,155 756 277,A01,1.0,7.0,0,2,2,15,1.0,
202400014475,155 756 274,A01,3.0,0.0,0,2,3,13,0.0,
202400014476,155 756 276,A01,1.0,7.0,0,1,1,1,1.0,
202400014477,155 756 273,A01,2.0,7.0,2,0,1,0,1.0,
202400014478,155 756 272,A01,1.0,33.0,0,0,1,1,1.0,
202400014479,155 756 270,A01,1.0,7.0,0,0,0,0,1.0,
202400014480,155 756 268,A01,3.0,7.0,0,2,3,26,1.0,
202400014481,155 756 267,A01,2.0,7.0,0,9,2,11,1.0,
202400014482,155 756 265,B01,1.0,7.0,0,2,6,9,1.0,
202400014483,155 756 264,A01,2.0,7.0,0,1,1,15,1.0,
202400014484,155 756 263,A01,2.0,7.0,2,0,1,2,1.0,
202400014485,155 756 262,A01,3.0,7.0,0,1,1,26,1.0,
202400014486,155 756 260,A01,1.0,7.0,17,0,1,14,1.0,
202400014487,155 756 259,A01,2.0,2.0,0,2,1,17,1.0,
202400014488,155 756 252,A01,2.0,1.0,0,9,3,1,5.0,
202400014489,155 756 251,A01,3.0,7.0,0,2,1,2,1.0,
202400014490,155 756 250,A01,2.0,7.0,0,2,3,17,1.0,
202400014491,155 756 249,A01,2.0,33.0,0,0,0,1,1.0,
202400014492,155 756 248,A01,1.0,10.0,14,0,1,1,1.0,
202400014493,155 756 243,A01,1.0,7.0,0,2,3,0,1.0,
202400014494,155 756 247,A01,2.0,7.0,12,0,2,1,1.0,
202400014495,155 756 241,A01,2.0,2.0,0,6,1,0,1.0,
202400014496,155 756 240,A01,0.0,7.0,0,0,7,1,1.0,
202400014497,155 756 237,A01,1.0,33.0,0,6,8,21,1.0,
202400014498,155 756 238,A01,3.0,7.0,0,2,2,20,1.0,
202400014499,155 756 236,A01,1.0,14.0,5,0,7,14,1.0,
202400014500,155 756 232,A01,1.0,7.0,0,2,1,1,1.0,
202400014501,155 756 230,A01,1.0,7.0,0,2,1,17,1.0,
202400014502,155 756 231,A01,2.0,30.0,0,2,1,1,1.0,
202400014503,155 756 226,B01,2.0,7.0,0,2,3,1,1.0,
202400014504,155 756 224,A01,3.0,7.0,0,2,3,1,1.0,
202400014505,155 756 222,A01,1.0,7.0,0,2,1,13,1.0,
202400014506,155 756 220,B01,1.0,7.0,0,0,5,3,1.0,
202400014507,155 756 217,A01,3.0,1.0,0,2,3,15,5.0,
202400014508,155 756 216,A01,3.0,10.0,14,2,2,1,1.0,
202400014509,155 756 215,A01,3.0,7.0,-1,-1,-1,-1,1.0,
202400014510,155 756 213,A01,0.0,7.0,0,2,7,9,1.0,
202400014511,155 756 208,A01,2.0,7.0,0,2,1,1,1.0,
202400014512,155 756 209,B01,2.0,7.0,0,2,1,1,1.0,
202400014513,155 756 206,B01,2.0,7.0,0,2,3,1,1.0,
202400014514,155 756 204,A01,1.0,7.0,2,0,1,19,1.0,
202400014515,155 756 203,B01,2.0,7.0,4,0,6,2,1.0,
202400014516,155 756 199,A01,1.0,7.0,0,2,3,13,1.0,
202400014517,155 756 196,A01,1.0,7.0,0,0,1,2,1.0,
202400014518,155 756 195,D01,3.0,32.0,0,0,0,23,1.0,
202400014519,155 756 194,A01,1.0,7.0,3,0,1,14,1.0,
202400014520,155 756 193,A01,3.0,10.0,0,1,2,1,1.0,
202400014521,155 756 192,A01,1.0,7.0,0,1,1,16,2.0,
202400014522,155 756 191,A01,1.0,7.0,8,0,2,1,1.0,
202400014523,155 756 189,B01,1.0,7.0,0,0,4,0,1.0,
202400014524,155 756 186,B01,3.0,7.0,0,9,1,1,1.0,
202400014525,155 756 185,A01,3.0,7.0,0,2,3,1,1.0,
202400014526,155 756 182,A01,2.0,32.0,0,2,3,1,1.0,
202400014527,155 756 178,A01,1.0,7.0,0,0,4,1,1.0,
202400014528,155 756 177,A01,1.0,7.0,0,2,1,1,1.0,
202400014529,155 756 176,A01,1.0,7.0,0,2,1,9,1.0,
202400014530,155 756 175,A01,2.0,7.0,13,0,1,1,1.0,
202400014531,155 756 174,A01,2.0,7.0,13,0,0,0,1.0,
202400014532,155 756 173,A01,1.0,7.0,0,1,2,2,1.0,
202400014533,155 756 171,B01,2.0,38.0,0,2,1,1,1.0,1
202400014534,155 756 169,A01,1.0,10.0,0,2,1,11,1.0,
202400014535,155 756 166,A01,2.0,7.0,0,2,7,12,1.0,
202400014536,155 756 164,B01,3.0,7.0,0,2,3,1,1.0,
202400014537,155 756 165,A01,1.0,2.0,0,0,0,13,1.0,
202400014538,155 756 162,B01,1.0,7.0,0,2,1,1,2.0,
202400014539,155 756 160,A01,2.0,7.0,0,2,2,21,1.0,
202400014540,155 756 163,A01,2.0,7.0,4,0,3,13,1.0,
202400014541,155 756 157,A01,3.0,7.0,0,2,1,16,1.0,
202400014542,155 756 154,A01,1.0,7.0,0,2,1,1,1.0,
202400014543,155 756 152,A01,1.0,7.0,0,2,3,1,1.0,
202400014544,155 756 151,B01,1.0,7.0,0,2,5,1,1.0,
202400014545,155 756 148,A01,1.0,37.0,0,1,3,1,3.0,2
202400014546,155 756 146,A01,2.0,10.0,0,2,3,1,1.0,
202400014547,155 756 147,B01,2.0,1.0,0,2,1,1,5.0,
202400014548,155 756 145,A01,1.0,80.0,0,0,0,1,3.0,
202400014549,155 756 144,A01,2.0,7.0,0,1,2,1,2.0,
202400014550,155 756 143,A01,2.0,7.0,0,1,3,5,1.0,
202400014551,155 756 140,A01,1.0,7.0,0,0,7,1,1.0,
202400014552,155 756 139,A01,0.0,7.0,0,1,7,26,1.0,
202400014553,155 756 138,B01,1.0,7.0,14,0,4,23,3.0,
202400014554,155 756 134,A01,1.0,33.0,0,2,8,3,1.0,
202400014555,155 756 132,B01,1.0,7.0,0,2,1,15,1.0,
202400014556,155 756 130,B01,1.0,1.0,0,2,1,1,5.0,
202400014557,155 756 128,A01,1.0,7.0,0,2,1,2,1.0,
202400014558,155 756 126,Z01,0.0,30.0,0,2,2,17,0.0,
202400014559,155 756 123,A01,1.0,7.0,0,2,4,2,1.0,
202400014560,155 756 122,A01,1.0,7.0,0,2,2,1,1.0,
202400014561,155 756 120,A01,1.0,10.0,4,0,8,1,1.0,
202400014562,155 756 121,A01,2.0,50.0,0,1,1,5,3.0,
202400014563,155 756 118,B01,2.0,2.0,3,0,1,1,1.0,
202400014564,155 756 117,A01,2.0,3.0,4,0,1,1,3.0,
202400014565,155 756 115,A01,1.0,7.0,0,2,8,10,1.0,
202400014566,155 756 114,A01,2.0,33.0,4,0,1,0,1.0,
202400014567,155 756 113,A01,1.0,7.0,0,1,1,1,1.0,
202400014568,155 756 112,Z01,2.0,10.0,0,1,2,1,0.0,
202400014569,155 756 109,A01,2.0,7.0,0,2,9,1,1.0,
202400014570,155 756 108,B01,0.0,7.0,0,2,1,5,1.0,
202400014571,155 756 107,A01,2.0,7.0,0,1,1,1,2.0,
202400014572,155 756 102,A01,2.0,7.0,0,2,1,1,1.0,
202400014573,155 756 101,A01,3.0,1.0,0,2,2,12,5.0,
202400014574,155 756 099,A01,1.0,7.0,4,0,3,21,1.0,
202400014575,155 756 098,A01,2.0,7.0,0,2,1,2,1.0,
202400014576,155 756 095,A01,1.0,43.0,0,2,8,13,1.0,
202400014577,155 756 096,A01,2.0,10.0,0,1,1,1,1.0,
202400014578,155 756 092,C01,1.0,7.0,0,2,4,2,0.0,
202400014579,155 756 089,A01,1.0,10.0,0,2,1,2,1.0,
202400014580,155 756 087,B01,2.0,7.0,0,2,4,23,3.0,
202400014581,155 756 086,A01,1.0,7.0,0,2,1,5,1.0,
202400014582,155 756 085,A01,3.0,2.0,16,0,1,0,1.0,
202400014583,155 756 084,A01,1.0,7.0,13,0,1,1,1.0,
202400014584,155 756 083,A01,2.0,40.0,0,1,3,1,3.0,
202400014585,155 756 081,A01,3.0,2.0,0,2,2,3,1.0,
202400014586,155 756 079,A01,2.0,7.0,0,2,1,21,1.0,
202400014587,155 756 078,A01,3.0,33.0,13,0,1,16,1.0,
202400014588,155 756 076,A01,2.0,7.0,0,2,5,15,1.0,
202400014589,155 756 075,A01,1.0,1.0,0,0,1,1,5.0,
202400014590,155 756 074,A01,2.0,7.0,4,0,1,12,1.0,
202400014591,155 756 073,Z01,1.0,37.0,0,1,7,1,1.0,1
202400014592,155 756 070,A01,1.0,7.0,0,2,1,2,1.0,
202400014593,155 756 068,A01,1.0,7.0,0,1,1,14,1.0,
202400014594,155 756 065,A01,3.0,10.0,16,0,2,15,2.0,
202400014595,155 756 064,A01,1.0,7.0,0,2,3,1,1.0,
202400014596,155 756 062,A01,2.0,33.0,13,0,1,1,1.0,
202400014597,155 756 063,A01,3.0,7.0,0,1,0,19,0.0,
202400014598,155 756 060,A01,1.0,31.0,0,2,7,1,1.0,
202400014599,155 756 057,B01,1.0,1.0,0,2,8,9,5.0,
202400014600,155 756 055,A01,1.0,7.0,6,0,1,1,1.0,
202400014601,155 756 054,A01,1.0,7.0,0,2,6,17,1.0,
202400014602,155 756 051,A01,1.0,30.0,0,2,1,1,1.0,
202400014603,155 756 050,B01,1.0,32.0,0,2,1,1,1.0,
202400014604,155 756 049,A01,1.0,1.0,14,0,0,0,5.0,
202400014605,155 756 047,A01,1.0,7.0,2,1,1,15,1.0,
202400014606,155 756 046,A01,2.0,7.0,0,2,6,9,1.0,
202400014607,155 756 043,B01,2.0,7.0,0,0,3,15,1.0,
202400014608,155 756 042,Z01,1.0,7.0,12,2,3,5,1.0,
202400014609,155 756 041,A01,1.0,7.0,12,0,1,1,1.0,
202400014610,155 756 038,A01,2.0,7.0,0,2,1,1,1.0,
202400014611,155 756 037,A01,3.0,7.0,0,2,2,9,1.0,
202400014612,155 756 035,A01,3.0,7.0,0,2,8,2,1.0,
202400014613,155 756 034,A01,1.0,7.0,8,1,1,26,1.0,
202400014614,155 756 032,A01,1.0,50.0,0,2,1,1,3.0,
202400014615,155 756 031,A01,1.0,10.0,0,1,2,5,0.0,
202400014616,155 756 028,A01,3.0,7.0,1,0,8,1,1.0,
202400014617,155 756 027,A01,2.0,7.0,0,1,2,26,1.0,
202400014618,155 756 026,A01,2.0,80.0,0,1,1,1,3.0,
202400014619,155 756 025,A01,1.0,0.0,0,1,1,1,0.0,
202400014620,155 756 023,A01,2.0,7.0,0,1,6,20,1.0,
202400014621,155 756 022,B01,2.0,32.0,0,2,1,0,1.0,
202400014622,155 756 020,A01,1.0,10.0,0,2,2,1,3.0,
202400014623,155 756 019,A01,2.0,7.0,1,0,2,1,3.0,
202400014624,155 756 018,A01,2.0,33.0,14,0,1,0,1.0,
202400014625,155 756 015,B01,1.0,17.0,0,2,1,1,1.0,
202400014626,155 756 014,A01,1.0,7.0,0,2,7,1,1.0,
202400014627,155 756 013,A01,1.0,1.0,0,0,9,1,5.0,
202400014628,155 756 012,A01,3.0,7.0,13,0,1,14,1.0,
202400014629,155 756 011,A01,2.0,30.0,1,5,1,21,1.0,
202400014630,155 756 010,A01,3.0,7.0,0,1,2,2,1.0,
202400014631,155 756 008,A01,1.0,14.0,0,2,1,1,1.0,
202400014632,155 756 006,B01,1.0,80.0,0,2,1,19,3.0,
202400014633,155 756 004,A01,3.0,13.0,0,2,3,15,1.0,
202400014634,155 756 002,B01,3.0,7.0,0,2,7,1,1.0,
202400014635,155 756 001,A01,3.0,7.0,9,0,1,1,1.0,
202400014636,155 755 999,A01,1.0,7.0,0,2,1,1,1.0,
202400014637,155 755 998,A01,2.0,7.0,2,0,2,1,1.0,
202400014638,155 755 997,A01,2.0,7.0,0,1,3,1,1.0,
202400014639,155 755 993,C01,2.0,7.0,0,0,6,1,3.0,
202400014640,155 755 992,A01,3.0,40.0,0,1,5,1,0.0,
202400014641,155 755 990,A01,1.0,10.0,0,2,8,22,1.0,
202400014642,155 755 988,A01,3.0,7.0,0,2,2,18,1.0,
202400014643,155 755 986,A01,1.0,32.0,0,2,1,17,1.0,
202400014644,155 755 984,Z01,2.0,7.0,0,2,1,0,0.0,
202400014645,155 755 982,A01,1.0,32.0,0,2,0,1,1.0,
202400014646,155 755 979,C01,1.0,7.0,9,2,4,24,2.0,
202400014647,155 755 978,A01,2.0,33.0,14,0,1,1,1.0,
202400014648,155 755 974,D01,1.0,7.0,0,2,4,2,1.0,
202400014649,155 755 973,A01,2.0,7.0,12,0,1,15,1.0,
202400014650,155 755 972,A01,1.0,50.0,11,0,0,0,3.0,
202400014651,155 755 970,B01,1.0,80.0,0,2,7,1,3.0,
202400014652,155 755 968,B01,3.0,7.0,0,2,1,21,1.0,
202400014653,155 755 966,A01,1.0,7.0,0,2,3,15,1.0,
202400014654,155 755 965,A01,3.0,7.0,2,0,9,1,1.0,
202400014655,155 755 963,A01,2.0,7.0,0,2,1,1,1.0,
202400014656,155 755 961,A01,1.0,10.0,0,2,3,13,1.0,
202400014657,155 755 960,A01,1.0,7.0,12,0,2,14,1.0,
202400014658,155 755 959,A01,2.0,10.0,0,1,1,1,1.0,
202400014659,155 755 958,A01,1.0,7.0,12,1,2,1,1.0,
202400014660,155 755 956,Z01,1.0,7.0,0,2,5,12,0.0,
202400014661,155 755 954,B01,1.0,33.0,0,2,8,1,1.0,
202400014662,155 755 953,B01,1.0,32.0,0,1,1,19,3.0,
202400014663,155 755 951,A01,1.0,7.0,0,9,1,26,1.0,
202400014664,155 755 949,B01,3.0,1.0,0,2,8,1,5.0,
202400014665,155 755 948,Z01,1.0,7.0,0,1,2,1,1.0,
202400014666,155 755 946,A01,1.0,7.0,0,2,3,13,1.0,
202400014667,155 755 944,B01,0.0,34.0,0,2,3,1,1.0,
202400014668,155 755 943,A01,1.0,50.0,12,0,1,13,3.0,
202400014669,155 755 941,A01,1.0,7.0,0,2,1,23,0.0,
202400014670,155 755 938,A01,3.0,7.0,4,2,3,17,1.0,
202400014671,155 755 936,A01,2.0,7.0,0,2,0,0,0.0,
202400014672,155 755 932,C01,0.0,7.0,0,2,2,0,1.0,
202400014673,155 755 930,B01,0.0,37.0,0,2,4,0,1.0,1
202400014674,155 755 928,B01,1.0,7.0,0,2,6,15,2.0,
202400014675,155 755 927,A01,2.0,7.0,0,1,1,1,1.0,
202400014676,155 755 925,B01,2.0,50.0,0,2,1,5,3.0,
202400014677,155 755 924,A01,1.0,7.0,0,1,1,1,1.0,
202400014678,155 755 922,A01,3.0,7.0,0,2,2,16,0.0,
202400014679,155 755 921,A01,1.0,30.0,0,0,0,2,1.0,
202400014680,155 755 920,A01,3.0,7.0,0,2,7,1,2.0,
202400014681,155 755 918,A01,3.0,7.0,0,2,0,26,0.0,
202400014682,155 755 916,A01,2.0,7.0,0,2,1,1,1.0,
202400014683,155 755 915,A01,2.0,33.0,0,0,1,0,1.0,
202400014684,155 755 913,A01,2.0,7.0,0,2,2,13,1.0,
202400014685,155 755 911,B01,2.0,7.0,0,2,2,1,1.0,
202400014686,155 755 909,A01,3.0,7.0,0,2,6,15,1.0,
202400014687,155 755 907,A01,1.0,30.0,9,0,1,14,1.0,
202400014688,155 755 903,B01,1.0,80.0,0,2,3,0,3.0,
202400014689,155 755 902,A01,1.0,7.0,0,2,1,2,1.0,
202400014690,155 755 900,A01,1.0,1.0,0,2,2,10,5.0,