Num_Acc,id_vehicule,num_veh,senc,catv,obs,obsm,choc,manv,motor,occutc
202400014691,155 755 899,A01,1.0,31.0,0,0,9,1,1.0,
202400014692,155 755 897,A01,2.0,1.0,0,9,4,15,5.0,
202400014693,155 755 896,A01,1.0,33.0,0,0,1,1,1.0,
202400014694,155 755 895,A01,1.0,34.0,0,0,1,1,1.0,
202400014695,155 755 894,A01,1.0,43.0,0,0,9,13,1.0,
202400014696,155 755 892,A01,1.0,7.0,0,2,8,9,1.0,
202400014697,155 755 889,B01,1.0,7.0,0,2,3,1,1.0,
202400014698,155 755 888,A01,2.0,50.0,0,2,1,1,3.0,
202400014699,155 755 886,A01,1.0,7.0,0,9,3,13,1.0,
202400014700,155 755 884,B01,3.0,7.0,0,2,1,1,1.0,
202400014701,155 755 882,A01,1.0,7.0,7,0,2,14,1.0,
202400014702,155 755 881,B01,1.0,7.0,0,2,8,11,1.0,
202400014703,155 755 880,A01,1.0,7.0,1,0,4,26,2.0,
202400014704,155 755 879,A01,1.0,7.0,0,0,1,2,1.0,
202400014705,155 755 876,B01,2.0,31.0,0,2,2,5,1.0,
202400014706,155 755 875,A01,1.0,10.0,0,2,3,1,1.0,
202400014707,155 755 873,A01,1.0,7.0,0,1,2,1,1.0,
202400014708,155 755 872,B01,2.0,99.0,0,2,3,0,6.0,
202400014709,155 755 870,B01,2.0,50.0,0,2,1,1,3.0,
202400014710,155 755 869,A01,1.0,7.0,2,0,5,14,1.0,
202400014711,155 755 868,A01,1.0,15.0,0,1,1,0,1.0,
202400014712,155 755 866,B01,2.0,50.0,0,2,8,1,3.0,
202400014713,155 755 865,A01,3.0,7.0,0,1,3,17,1.0,
202400014714,155 755 864,A01,2.0,7.0,0,1,2,1,1.0,
202400014715,155 755 862,A01,0.0,7.0,13,0,1,1,1.0,
202400014716,155 755 861,A01,1.0,7.0,0,2,2,16,1.0,
202400014717,155 755 860,A01,1.0,36.0,0,0,7,15,1.0,
202400014718,155 755 858,A01,3.0,7.0,0,2,8,15,1.0,
202400014719,155 755 857,A01,1.0,7.0,0,0,0,0,2.0,
202400014720,155 755 855,A01,1.0,10.0,0,2,3,19,1.0,
202400014721,155 755 853,B01,1.0,33.0,0,2,8,9,1.0,
202400014722,155 755 850,A01,1.0,33.0,0,0,0,0,1.0,
202400014723,155 755 849,B01,3.0,7.0,0,2,7,1,1.0,
202400014724,155 755 847,A01,2.0,30.0,0,2,1,2,1.0,
202400014725,155 755 846,A01,1.0,1.0,0,1,2,21,5.0,
202400014726,155 755 845,A01,3.0,32.0,0,1,0,26,0.0,
202400014727,155 755 844,A01,3.0,32.0,6,0,9,1,1.0,
202400014728,155 755 842,B01,2.0,7.0,0,2,8,15,1.0,
202400014729,155 755 840,B01,3.0,2.0,0,2,1,3,3.0,
202400014730,155 755 838,A01,1.0,14.0,0,2,7,16,1.0,
202400014731,155 755 837,A01,2.0,50.0,0,1,3,16,3.0,
202400014732,155 755 835,A01,1.0,1.0,0,2,7,19,5.0,
202400014733,155 755 833,B01,2.0,33.0,0,2,1,1,1.0,
202400014734,155 755 831,A01,1.0,10.0,0,2,3,15,1.0,
202400014735,155 755 827,A01,2.0,30.0,0,2,1,18,1.0,
202400014736,155 755 825,B01,1.0,7.0,0,2,6,15,1.0,
202400014737,155 755 823,A01,2.0,7.0,1,2,1,1,1.0,
202400014738,155 755 821,B01,3.0,60.0,0,2,1,19,5.0,
202400014739,155 755 819,A01,3.0,7.0,0,2,7,15,1.0,
202400014740,155 755 818,A01,1.0,7.0,0,1,0,1,1.0,
202400014741,155 755 816,B01,3.0,0.0,0,2,0,0,0.0,
202400014742,155 755 815,A01,1.0,7.0,0,1,1,1,1.0,
202400014743,155 755 813,B01,3.0,33.0,0,2,1,17,1.0,
202400014744,155 755 811,A01,3.0,10.0,1,0,4,20,1.0,
202400014745,155 755 809,A01,1.0,50.0,0,2,7,1,3.0,
202400014746,155 755 807,B01,3.0,7.0,0,2,2,1,1.0,
202400014747,155 755 805,B01,2.0,33.0,0,2,5,16,1.0,
202400014748,155 755 803,A01,1.0,34.0,0,2,7,1,3.0,
202400014749,155 755 801,B01,2.0,7.0,0,2,4,1,1.0,
202400014750,155 755 799,B01,2.0,7.0,0,2,3,1,1.0,
202400014751,155 755 797,A01,2.0,33.0,0,2,3,3,1.0,
202400014752,155 755 795,A01,2.0,31.0,0,2,1,3,1.0,
202400014753,155 755 792,C01,1.0,33.0,2,0,7,2,1.0,
202400014754,155 755 790,A01,1.0,10.0,0,2,2,1,1.0,
202400014755,155 755 789,A01,1.0,7.0,0,1,3,1,2.0,
202400014756,155 755 788,A01,2.0,31.0,0,0,7,1,1.0,
202400014757,155 755 786,B01,2.0,33.0,0,2,7,1,1.0,
202400014758,155 755 785,A01,3.0,99.0,0,1,1,25,3.0,
202400014759,155 755 783,B01,3.0,7.0,0,2,1,2,1.0,
202400014760,155 755 781,B01,3.0,10.0,0,2,3,1,1.0,
202400014761,155 755 779,A01,2.0,50.0,0,2,4,15,3.0,
202400014762,155 755 777,B01,3.0,7.0,0,2,4,2,2.0,
202400014763,155 755 774,C01,1.0,33.0,0,2,4,1,1.0,
202400014764,155 755 772,A01,0.0,7.0,0,2,1,1,1.0,
202400014765,155 755 771,A01,1.0,80.0,11,0,8,11,3.0,
202400014766,155 755 769,A01,1.0,50.0,0,2,8,1,3.0,
202400014767,155 755 768,A01,1.0,80.0,0,0,2,2,3.0,
202400014768,155 755 766,A01,1.0,7.0,0,2,2,16,1.0,
202400014769,155 755 765,A01,1.0,7.0,0,1,2,17,1.0,
202400014770,155 755 764,A01,1.0,7.0,1,0,2,14,1.0,
202400014771,155 755 761,A01,2.0,7.0,0,2,1,1,1.0,
202400014772,155 755 759,A01,2.0,7.0,0,2,1,2,1.0,
202400014773,155 755 757,A01,3.0,7.0,0,2,2,21,1.0,
202400014774,155 755 756,A01,1.0,7.0,0,1,3,1,1.0,
202400014775,155 755 754,A01,1.0,7.0,0,2,1,1,1.0,
202400014776,155 755 753,A01,2.0,7.0,1,0,1,16,1.0,
202400014777,155 755 752,A01,2.0,7.0,0,1,1,2,1.0,
202400014778,155 755 750,B01,1.0,7.0,0,2,0,0,1.0,
202400014779,155 755 749,A01,1.0,14.0,0,1,3,19,1.0,
202400014780,155 755 748,A01,1.0,31.0,0,1,1,21,3.0,
202400014781,155 755 746,A01,1.0,10.0,0,2,4,19,1.0,
202400014782,155 755 745,A01,1.0,50.0,0,0,0,1,3.0,
202400014783,155 755 743,B01,3.0,1.0,0,2,1,2,5.0,
202400014784,155 755 741,A01,3.0,7.0,16,2,3,19,1.0,
202400014785,155 755 740,A01,2.0,30.0,0,0,7,16,1.0,
202400014786,155 755 738,A01,1.0,7.0,0,2,2,1,1.0,
202400014787,155 755 736,A01,3.0,30.0,0,2,1,1,1.0,
202400014788,155 755 734,A01,1.0,7.0,0,2,7,19,1.0,
202400014789,155 755 733,A01,2.0,7.0,15,0,1,1,1.0,
202400014790,155 755 732,A01,1.0,33.0,9,0,1,1,1.0,
202400014791,155 755 731,A01,2.0,38.0,13,0,2,1,1.0,8
202400014792,155 755 729,B01,1.0,33.0,0,2,1,1,1.0,
202400014793,155 755 728,A01,1.0,7.0,13,0,2,13,1.0,
202400014794,155 755 726,A01,3.0,7.0,6,2,8,13,1.0,
202400014795,155 755 723,A01,1.0,7.0,0,2,1,17,1.0,
202400014796,155 755 721,B01,1.0,7.0,0,2,3,1,1.0,
202400014797,155 755 719,B01,2.0,80.0,0,2,8,1,3.0,
202400014798,155 755 717,A01,3.0,1.0,0,2,1,1,5.0,
202400014799,155 755 716,A01,0.0,7.0,15,0,1,0,1.0,
202400014800,155 755 714,A01,1.0,7.0,0,0,8,16,1.0,
202400014801,155 755 712,A01,1.0,7.0,0,0,3,15,1.0,
202400014802,155 755 710,B01,2.0,7.0,0,2,2,1,1.0,
202400014803,155 755 708,A01,2.0,33.0,0,2,3,13,1.0,
202400014804,155 755 707,A01,2.0,7.0,2,0,2,1,1.0,
202400014805,155 755 706,A01,2.0,7.0,3,0,3,13,1.0,
202400014806,155 755 704,A01,1.0,7.0,0,2,3,13,1.0,
202400014807,155 755 701,A01,1.0,7.0,0,2,1,21,1.0,
202400014808,155 755 700,A01,2.0,33.0,0,0,9,1,1.0,
202400014809,155 755 699,A01,2.0,33.0,3,0,8,0,1.0,
202400014810,155 755 698,A01,2.0,10.0,13,0,2,0,1.0,
202400014811,155 755 696,A01,1.0,2.0,14,2,1,1,1.0,
202400014812,155 755 693,A01,1.0,14.0,0,1,8,1,1.0,
202400014813,155 755 691,A01,1.0,7.0,0,2,3,19,1.0,
202400014814,155 755 689,A01,3.0,33.0,0,2,1,17,1.0,
202400014815,155 755 687,A01,1.0,7.0,0,2,1,19,1.0,
202400014816,155 755 685,B01,2.0,30.0,0,2,9,2,1.0,
202400014817,155 755 683,A01,3.0,2.0,0,2,1,13,1.0,
202400014818,155 755 681,A01,1.0,7.0,0,2,1,13,1.0,
202400014819,155 755 679,B01,1.0,2.0,0,2,7,17,1.0,
202400014820,155 755 677,A01,2.0,7.0,0,1,2,1,1.0,
202400014821,155 755 675,A01,3.0,1.0,0,2,1,5,5.0,
202400014822,155 755 673,A01,0.0,10.0,0,2,1,15,1.0,
202400014823,155 755 672,A01,3.0,32.0,12,0,7,1,1.0,
202400014824,155 755 669,A01,0.0,7.0,0,2,1,13,1.0,
202400014825,155 755 668,A01,0.0,50.0,0,0,0,1,3.0,
202400014826,155 755 666,A01,1.0,2.0,0,0,7,15,1.0,
202400014827,155 755 664,B01,2.0,33.0,5,2,1,1,1.0,
202400014828,155 755 663,A01,1.0,7.0,2,0,8,13,1.0,
202400014829,155 755 662,A01,2.0,7.0,2,0,1,2,1.0,
202400014830,155 755 661,A01,2.0,7.0,13,0,2,2,2.0,
202400014831,155 755 659,B01,1.0,7.0,0,2,8,2,1.0,
202400014832,155 755 658,A01,1.0,7.0,13,0,1,1,1.0,
202400014833,155 755 657,A01,0.0,7.0,0,1,2,16,1.0,
202400014834,155 755 656,A01,1.0,2.0,0,1,1,17,1.0,
202400014835,155 755 655,A01,2.0,7.0,3,0,9,26,1.0,
202400014836,155 755 653,A01,2.0,7.0,0,2,6,11,1.0,
202400014837,155 755 651,A01,2.0,7.0,0,2,5,23,1.0,
202400014838,155 755 649,B01,1.0,10.0,0,2,1,2,1.0,
202400014839,155 755 647,B01,1.0,10.0,0,2,7,1,1.0,
202400014840,155 755 644,B01,1.0,7.0,0,2,4,2,1.0,
202400014841,155 755 642,A01,1.0,7.0,0,2,1,1,1.0,
202400014842,155 755 640,A01,1.0,33.0,0,2,2,1,1.0,
202400014843,155 755 636,A01,1.0,10.0,0,2,0,1,1.0,
202400014844,155 755 635,A01,2.0,7.0,4,0,8,1,2.0,
202400014845,155 755 630,B01,2.0,7.0,0,2,4,1,1.0,
202400014846,155 755 628,A01,1.0,10.0,0,2,1,2,1.0,
202400014847,155 755 625,A01,1.0,7.0,0,2,0,0,1.0,
202400014848,155 755 623,A01,1.0,7.0,4,2,5,12,1.0,
202400014849,155 755 622,A01,2.0,7.0,4,0,1,26,1.0,
202400014850,155 755 620,A01,1.0,7.0,0,2,1,26,1.0,
202400014851,155 755 619,A01,2.0,7.0,4,0,1,15,1.0,
202400014852,155 755 618,A01,1.0,7.0,4,0,3,1,1.0,
202400014853,155 755 616,B01,2.0,33.0,0,2,7,3,1.0,
202400014854,155 755 613,C01,2.0,7.0,0,2,4,0,1.0,
202400014855,155 755 611,A01,2.0,32.0,0,2,1,3,1.0,
202400014856,155 755 609,B01,2.0,31.0,0,2,0,0,1.0,
202400014857,155 755 608,A01,1.0,7.0,0,1,0,1,1.0,
202400014858,155 755 606,A01,1.0,7.0,0,2,0,1,1.0,
202400014859,155 755 604,B01,1.0,7.0,0,2,6,11,1.0,
202400014860,155 755 602,A01,1.0,7.0,0,2,7,16,2.0,
202400014861,155 755 600,B01,1.0,1.0,0,2,1,26,5.0,
202400014862,155 755 598,A01,3.0,7.0,13,2,3,0,1.0,
202400014863,155 755 596,A01,1.0,7.0,0,2,6,17,1.0,
202400014864,155 755 595,A01,1.0,7.0,0,1,2,0,1.0,
202400014865,155 755 593,A01,3.0,7.0,0,2,3,15,1.0,
202400014866,155 755 591,A01,1.0,50.0,0,2,1,1,3.0,
202400014867,155 755 589,A01,1.0,7.0,0,2,2,2,1.0,
202400014868,155 755 587,A01,1.0,50.0,0,0,0,2,3.0,
202400014869,155 755 586,A01,1.0,7.0,0,1,3,2,1.0,
202400014870,155 755 584,A01,1.0,7.0,0,2,1,1,1.0,
202400014871,155 755 582,A01,2.0,7.0,0,2,1,15,1.0,
202400014872,155 755 581,A01,1.0,7.0,0,1,1,1,1.0,
202400014873,155 755 579,C01,2.0,1.0,0,2,6,21,0.0,
202400014874,155 755 578,A01,1.0,7.0,0,2,2,1,1.0,
202400014875,155 755 576,A01,1.0,14.0,0,0,0,15,1.0,
202400014876,155 755 574,A01,2.0,7.0,0,1,1,26,1.0,
202400014877,155 755 573,A01,1.0,7.0,0,2,1,1,1.0,
202400014878,155 755 570,A01,1.0,33.0,0,2,0,21,1.0,
202400014879,155 755 569,A01,2.0,50.0,0,2,1,1,3.0,
202400014880,155 755 566,B01,2.0,99.0,0,2,1,26,3.0,
202400014881,155 755 564,A01,1.0,10.0,15,0,0,1,0.0,
202400014882,155 755 562,A01,3.0,7.0,0,1,1,16,1.0,
202400014883,155 755 557,B01,2.0,7.0,0,2,1,1,1.0,
202400014884,155 755 558,A01,3.0,7.0,0,2,2,9,2.0,
202400014885,155 755 555,A01,2.0,7.0,0,2,1,2,1.0,
202400014886,155 755 554,A01,2.0,7.0,7,0,1,1,1.0,
202400014887,155 755 553,A01,2.0,50.0,12,0,7,1,3.0,
202400014888,155 755 550,A01,3.0,10.0,0,2,2,20,1.0,
202400014889,155 755 549,A01,1.0,7.0,12,2,1,1,1.0,
202400014890,155 755 545,A01,1.0,31.0,0,2,7,17,1.0,
202400014891,155 755 546,B01,3.0,50.0,0,2,1,11,3.0,
202400014892,155 755 544,A01,1.0,7.0,9,0,1,1,1.0,
202400014893,155 755 540,A01,2.0,7.0,0,2,7,15,1.0,
202400014894,155 755 541,B01,1.0,34.0,0,2,1,1,1.0,
202400014895,155 755 539,A01,1.0,7.0,0,1,1,1,1.0,
202400014896,155 755 535,A01,3.0,30.0,0,2,1,2,1.0,
202400014897,155 755 536,B01,1.0,7.0,0,2,1,1,3.0,
202400014898,155 755 532,A01,2.0,7.0,0,2,3,9,1.0,
202400014899,155 755 533,A01,2.0,30.0,0,0,7,1,3.0,
202400014900,155 755 530,A01,3.0,1.0,0,2,1,2,5.0,
202400014901,155 755 527,A01,3.0,7.0,0,2,1,15,1.0,
202400014902,155 755 526,A01,3.0,10.0,0,2,1,9,1.0,
202400014903,155 755 525,A01,2.0,7.0,1,0,3,1,1.0,
202400014904,155 755 524,A01,1.0,7.0,0,1,7,1,1.0,
202400014905,155 755 522,A01,1.0,37.0,0,2,1,1,1.0,2
202400014906,155 755 519,A01,3.0,10.0,0,2,7,0,0.0,
202400014907,155 755 518,A01,3.0,7.0,14,1,2,1,1.0,
202400014908,155 755 516,B01,1.0,50.0,0,2,1,19,3.0,
202400014909,155 755 514,B01,2.0,33.0,0,2,1,1,1.0,
202400014910,155 755 512,A01,3.0,7.0,0,2,1,26,1.0,
202400014911,155 755 510,A01,3.0,7.0,14,0,1,1,2.0,
202400014912,155 755 508,A01,3.0,7.0,0,2,2,15,1.0,
202400014913,155 755 506,A01,3.0,38.0,8,2,2,26,1.0,8
202400014914,155 755 505,A01,2.0,2.0,0,1,1,17,1.0,
202400014915,155 755 504,Z01,3.0,0.0,0,1,4,26,0.0,
202400014916,155 755 507,A01,1.0,7.0,0,1,2,10,1.0,
202400014917,155 755 502,B01,3.0,1.0,0,2,7,1,5.0,
202400014918,155 755 501,A01,3.0,7.0,0,1,8,26,0.0,
202400014919,155 755 500,A01,2.0,7.0,0,0,9,2,1.0,
202400014920,155 755 497,A01,0.0,10.0,1,2,1,1,1.0,
202400014921,155 755 496,A01,1.0,10.0,0,2,1,2,1.0,
202400014922,155 755 494,A01,1.0,7.0,0,2,8,11,1.0,
202400014923,155 755 492,A01,2.0,50.0,0,2,1,0,3.0,
202400014924,155 755 490,A01,2.0,7.0,0,2,2,15,1.0,
202400014925,155 755 488,A01,1.0,7.0,0,2,7,24,2.0,
202400014926,155 755 487,A01,1.0,7.0,0,1,1,1,2.0,
202400014927,155 755 486,A01,2.0,7.0,0,1,8,1,1.0,
202400014928,155 755 484,A01,1.0,7.0,0,2,1,1,1.0,
202400014929,155 755 482,B01,1.0,2.0,0,2,1,15,1.0,
202400014930,155 755 481,B01,2.0,1.0,0,1,1,1,5.0,
202400014931,155 755 479,A01,1.0,7.0,0,0,2,19,2.0,
202400014932,155 755 477,B01,1.0,10.0,0,2,3,1,1.0,
202400014933,155 755 475,B01,1.0,33.0,0,2,6,1,1.0,
202400014934,155 755 473,A01,1.0,10.0,0,2,7,15,1.0,
202400014935,155 755 471,A01,3.0,10.0,0,2,3,13,1.0,
202400014936,155 755 469,B01,3.0,33.0,0,2,1,1,1.0,
202400014937,155 755 467,B01,3.0,37.0,0,2,6,8,0.0,2
202400014938,155 755 465,B01,1.0,50.0,0,2,8,1,3.0,
202400014939,155 755 463,B01,3.0,50.0,0,2,8,0,3.0,
202400014940,155 755 461,A01,1.0,7.0,0,2,3,15,1.0,
202400014941,155 755 460,A01,0.0,7.0,15,0,1,1,3.0,
202400014942,155 755 458,A01,3.0,7.0,0,2,7,26,1.0,
202400014943,155 755 457,A01,1.0,43.0,0,1,1,1,1.0,
202400014944,155 755 455,A01,2.0,7.0,0,9,3,22,1.0,
202400014945,155 755 453,B01,1.0,50.0,16,0,0,0,3.0,
202400014946,155 755 450,A01,2.0,31.0,0,2,7,26,3.0,
202400014947,155 755 449,A01,2.0,7.0,8,0,1,1,1.0,
202400014948,155 755 447,A01,1.0,7.0,0,2,3,1,2.0,
202400014949,155 755 445,A01,3.0,7.0,0,2,3,9,1.0,
202400014950,155 755 443,A01,1.0,10.0,0,2,3,1,1.0,
202400014951,155 755 441,B01,1.0,15.0,0,2,1,1,1.0,
202400014952,155 755 440,A01,1.0,33.0,0,0,2,1,1.0,
202400014953,155 755 438,B01,2.0,15.0,0,0,3,1,0.0,
202400014954,155 755 436,A01,1.0,7.0,0,2,6,11,1.0,
202400014955,155 755 434,B01,1.0,7.0,0,2,3,1,1.0,
202400014956,155 755 433,A01,2.0,7.0,0,0,9,14,1.0,
202400014957,155 755 429,A01,1.0,7.0,0,2,4,2,1.0,
202400014958,155 755 428,A01,1.0,14.0,0,1,0,1,1.0,
202400014959,155 755 427,A01,1.0,7.0,2,0,2,14,1.0,
202400014960,155 755 426,A01,3.0,1.0,0,0,0,1,5.0,
202400014961,155 755 424,B01,3.0,7.0,8,1,8,23,1.0,
202400014962,155 755 423,A01,2.0,7.0,2,0,1,14,1.0,
202400014963,155 755 421,A01,2.0,7.0,0,0,2,15,1.0,
202400014964,155 755 419,A01,2.0,7.0,0,2,1,1,1.0,
202400014965,155 755 418,A01,1.0,10.0,13,0,3,13,1.0,
202400014966,155 755 416,B01,2.0,80.0,0,2,1,1,3.0,
202400014967,155 755 415,A01,0.0,7.0,0,1,0,0,1.0,
202400014968,155 755 414,A01,1.0,10.0,2,0,1,2,1.0,
202400014969,155 755 412,A01,1.0,2.0,0,2,1,17,1.0,
202400014970,155 755 410,A01,2.0,7.0,7,2,1,1,1.0,
202400014971,155 755 408,A01,1.0,2.0,0,2,1,17,1.0,
202400014972,155 755 406,B01,1.0,15.0,0,0,4,1,1.0,
202400014973,155 755 404,A01,1.0,17.0,1,0,2,1,1.0,
202400014974,155 755 403,A01,1.0,7.0,0,1,1,1,1.0,
202400014975,155 755 401,A01,1.0,7.0,0,2,3,9,1.0,
202400014976,155 755 400,A01,1.0,7.0,0,1,3,16,1.0,
202400014977,155 755 398,A01,3.0,7.0,0,2,1,15,1.0,
202400014978,155 755 396,A01,1.0,7.0,0,2,7,17,1.0,
202400014979,155 755 395,A01,1.0,7.0,8,0,2,13,1.0,
202400014980,155 755 394,A01,1.0,7.0,15,0,1,14,1.0,
202400014981,155 755 392,A01,2.0,7.0,0,2,1,19,1.0,
202400014982,155 755 391,A01,0.0,36.0,13,0,1,0,1.0,
202400014983,155 755 390,A01,3.0,7.0,0,1,2,25,1.0,
202400014984,155 755 388,A01,1.0,7.0,2,2,3,9,1.0,
202400014985,155 755 387,A01,2.0,7.0,16,0,1,1,1.0,
202400014986,155 755 385,B01,2.0,1.0,1,0,1,1,5.0,
202400014987,155 755 384,B01,3.0,10.0,0,1,5,20,1.0,
202400014988,155 755 380,D01,1.0,10.0,0,2,6,1,0.0,
202400014989,155 755 379,A01,2.0,10.0,0,1,2,1,1.0,
202400014990,155 755 378,A01,3.0,7.0,4,0,3,1,1.0,
202400014991,155 755 377,A01,3.0,7.0,0,1,2,1,2.0,
202400014992,155 755 375,B01,3.0,15.0,0,2,3,1,1.0,
202400014993,155 755 373,A01,1.0,10.0,0,2,2,10,1.0,
202400014994,155 755 370,C01,2.0,33.0,0,2,1,1,1.0,
202400014995,155 755 367,B01,2.0,10.0,0,2,4,2,1.0,
202400014996,155 755 364,B01,2.0,7.0,0,2,1,2,1.0,
202400014997,155 755 362,A01,2.0,7.0,0,0,6,11,1.0,
202400014998,155 755 360,A01,1.0,15.0,0,2,1,2,1.0,
202400014999,155 755 358,B01,1.0,7.0,0,2,5,2,0.0,
202400015000,155 755 356,A01,2.0,10.0,0,2,2,1,1.0,
202400015001,155 755 355,A01,3.0,99.0,4,0,1,6,1.0,
202400015002,155 755 353,A01,1.0,10.0,14,0,1,26,1.0,
202400015003,155 755 351,A01,3.0,7.0,0,2,2,16,1.0,
202400015004,155 755 350,A01,1.0,1.0,0,0,7,1,5.0,
202400015005,155 755 349,A01,3.0,7.0,0,1,3,20,1.0,
202400015006,155 755 348,A01,3.0,7.0,0,1,0,15,1.0,
202400015007,155 755 347,A01,2.0,7.0,0,1,1,19,0.0,
202400015008,155 755 345,A01,1.0,7.0,0,2,3,15,1.0,
202400015009,155 755 341,A01,1.0,7.0,0,0,0,1,1.0,
202400015010,155 755 339,A01,2.0,7.0,0,2,6,17,1.0,
202400015011,155 755 338,A01,1.0,7.0,0,9,3,1,1.0,
202400015012,155 755 336,A01,3.0,10.0,0,2,8,15,1.0,
202400015013,155 755 335,A01,2.0,7.0,0,0,1,1,1.0,
202400015014,155 755 333,B01,2.0,7.0,0,2,8,1,1.0,
202400015015,155 755 331,A01,2.0,7.0,14,0,2,5,1.0,
202400015016,155 755 329,A01,3.0,7.0,0,2,3,15,1.0,
202400015017,155 755 327,B01,3.0,7.0,0,2,4,1,1.0,
202400015018,155 755 325,A01,1.0,7.0,0,2,1,1,1.0,
202400015019,155 755 323,A01,1.0,7.0,0,2,1,1,1.0,
202400015020,155 755 321,A01,1.0,50.0,0,9,1,2,3.0,
202400015021,155 755 319,B01,3.0,30.0,0,2,1,1,1.0,
202400015022,155 755 318,A01,1.0,7.0,2,0,3,13,1.0,
202400015023,155 755 317,A01,3.0,7.0,8,1,0,1,2.0,
202400015024,155 755 315,A01,2.0,50.0,0,2,1,1,3.0,
202400015025,155 755 313,B01,3.0,30.0,0,2,1,1,1.0,
202400015026,155 755 311,A01,1.0,7.0,0,2,3,10,1.0,
202400015027,155 755 309,A01,1.0,80.0,0,2,1,2,3.0,
202400015028,155 755 307,A01,2.0,3.0,0,2,1,13,1.0,
202400015029,155 755 304,B01,1.0,7.0,0,2,4,23,1.0,
202400015030,155 755 302,B01,1.0,7.0,0,9,1,1,0.0,
202400015031,155 755 300,A01,3.0,50.0,0,2,1,25,3.0,
202400015032,155 755 298,A01,3.0,1.0,0,2,8,15,5.0,
202400015033,155 755 297,A01,2.0,35.0,1,0,2,1,1.0,
202400015034,155 755 296,A01,1.0,7.0,0,1,1,1,1.0,
202400015035,155 755 294,B01,2.0,13.0,0,2,5,16,,
202400015036,155 755 292,B01,1.0,7.0,0,2,6,16,1.0,
202400015037,155 755 290,B01,1.0,33.0,0,2,1,1,1.0,
202400015038,155 755 289,A01,1.0,7.0,0,1,3,1,1.0,
202400015039,155 755 288,A01,2.0,7.0,0,1,1,1,1.0,
202400015040,155 755 287,A01,2.0,7.0,1,0,1,1,1.0,
202400015041,155 755 286,A01,3.0,7.0,0,1,4,26,1.0,
202400015042,155 755 285,A01,2.0,7.0,0,0,9,1,1.0,
202400015043,155 755 284,A01,1.0,7.0,0,1,3,1,1.0,
202400015044,155 755 282,A01,2.0,7.0,0,2,2,15,1.0,
202400015045,155 755 280,A01,1.0,30.0,0,2,1,0,1.0,
202400015046,155 755 279,A01,2.0,7.0,13,0,2,14,1.0,
202400015047,155 755 277,B01,2.0,7.0,0,2,8,9,1.0,
202400015048,155 755 274,B01,1.0,7.0,0,9,3,1,1.0,
202400015049,155 755 272,A01,0.0,7.0,0,1,2,1,1.0,
202400015050,155 755 270,A01,1.0,32.0,0,2,1,17,0.0,
202400015051,155 755 269,A01,3.0,7.0,0,1,3,1,1.0,
202400015052,155 755 267,A01,2.0,7.0,0,2,4,21,1.0,
202400015053,155 755 266,A01,0.0,7.0,0,2,0,14,1.0,
202400015054,155 755 264,B01,1.0,10.0,0,2,6,1,1.0,
202400015055,155 755 263,A01,1.0,1.0,0,0,1,1,5.0,
202400015056,155 755 261,B01,2.0,7.0,0,2,4,23,2.0,
202400015057,155 755 259,B01,0.0,7.0,0,2,4,23,2.0,
202400015058,155 755 257,Z01,2.0,1.0,0,2,1,1,5.0,
202400015059,155 755 254,C01,2.0,7.0,1,0,6,24,1.0,
202400015060,155 755 252,B01,2.0,50.0,0,2,8,1,3.0,
202400015061,155 755 251,A01,0.0,37.0,0,1,3,1,1.0,1
202400015062,155 755 249,A01,2.0,33.0,9,2,7,2,1.0,
202400015063,155 755 246,A01,1.0,10.0,0,1,6,15,1.0,
202400015064,155 755 244,A01,2.0,50.0,0,2,1,1,3.0,
202400015065,155 755 242,Z01,1.0,7.0,0,2,8,0,0.0,
202400015066,155 755 241,A01,1.0,33.0,0,0,0,0,1.0,
202400015067,155 755 240,A01,1.0,1.0,5,0,1,26,5.0,
202400015068,155 755 239,A01,1.0,1.0,0,0,0,1,5.0,
202400015069,155 755 238,A01,1.0,7.0,4,0,1,1,1.0,
202400015070,155 755 235,B01,2.0,34.0,12,2,4,9,1.0,
202400015071,155 755 232,A01,1.0,7.0,0,2,1,1,1.0,
202400015072,155 755 231,A01,1.0,7.0,0,1,1,1,1.0,
202400015073,155 755 229,A01,3.0,7.0,0,2,2,15,1.0,
202400015074,155 755 228,A01,3.0,34.0,1,1,1,2,1.0,
202400015075,155 755 227,A01,3.0,32.0,8,0,0,0,1.0,
202400015076,155 755 225,A01,1.0,10.0,0,2,5,21,1.0,
202400015077,155 755 221,A01,1.0,7.0,0,2,1,15,1.0,
202400015078,155 755 220,A01,1.0,50.0,0,1,1,1,3.0,
202400015079,155 755 218,B01,0.0,2.0,0,0,0,0,0.0,
202400015080,155 755 216,B01,1.0,7.0,0,2,2,12,1.0,
202400015081,155 755 215,A01,3.0,7.0,0,1,3,0,0.0,
202400015082,155 755 213,B01,1.0,1.0,1,2,2,26,5.0,
202400015083,155 755 211,A01,1.0,7.0,0,2,2,8,1.0,
202400015084,155 755 207,B01,1.0,1.0,0,0,8,1,5.0,
202400015085,155 755 206,B01,3.0,7.0,0,2,0,24,1.0,
202400015086,155 755 203,A01,1.0,2.0,0,2,1,1,1.0,
202400015087,155 755 201,B01,2.0,7.0,0,2,6,0,1.0,