Num_Acc,id_vehicule,num_veh,senc,catv,obs,obsm,choc,manv,motor,occutc
202400015088,155 755 200,A01,2.0,38.0,0,2,2,19,1.0,8
202400015089,155 755 199,A01,2.0,7.0,0,1,1,1,1.0,
202400015090,155 755 196,A01,1.0,7.0,0,2,2,14,1.0,
202400015091,155 755 195,B01,2.0,2.0,12,0,5,15,1.0,
202400015092,155 755 193,A01,1.0,32.0,0,0,1,1,1.0,
202400015093,155 755 192,B01,2.0,7.0,7,0,3,1,1.0,
202400015094,155 755 190,A01,1.0,33.0,0,2,1,13,1.0,
202400015095,155 755 189,A01,1.0,7.0,0,1,1,1,3.0,
202400015096,155 755 187,B01,1.0,7.0,0,2,5,1,1.0,
202400015097,155 755 185,A01,1.0,7.0,0,2,1,13,1.0,
202400015098,155 755 184,A01,3.0,1.0,5,1,1,21,5.0,
202400015099,155 755 181,A01,2.0,60.0,0,2,8,18,5.0,
202400015100,155 755 180,A01,2.0,10.0,0,2,8,15,1.0,
202400015101,155 755 178,A01,1.0,31.0,0,2,6,15,1.0,
202400015102,155 755 176,A01,2.0,33.0,0,2,1,18,1.0,
202400015103,155 755 175,A01,1.0,7.0,13,0,1,1,1.0,
202400015104,155 755 172,A01,2.0,7.0,0,2,3,20,3.0,
202400015105,155 755 173,A01,1.0,33.0,0,0,7,1,1.0,
202400015106,155 755 169,A01,1.0,30.0,0,2,3,17,1.0,
202400015107,155 755 168,A01,2.0,7.0,0,2,0,17,1.0,
202400015108,155 755 167,A01,3.0,1.0,0,9,0,1,5.0,
202400015109,155 755 166,A01,2.0,7.0,0,1,3,15,1.0,
202400015110,155 755 165,A01,1.0,80.0,0,1,7,1,3.0,
202400015111,155 755 164,A01,2.0,50.0,0,0,1,21,3.0,
202400015112,155 755 163,A01,2.0,7.0,0,1,1,1,1.0,
202400015113,155 755 162,A01,2.0,10.0,0,1,2,1,1.0,
202400015114,155 755 160,A01,2.0,7.0,0,2,2,14,0.0,
202400015115,155 755 158,Z01,1.0,7.0,0,2,5,24,1.0,
202400015116,155 755 156,A01,2.0,33.0,0,2,1,2,1.0,
202400015117,155 755 154,A01,1.0,43.0,0,2,2,2,1.0,
202400015118,155 755 152,A01,1.0,7.0,0,2,5,7,1.0,
202400015119,155 755 151,A01,1.0,10.0,8,0,1,14,1.0,
202400015120,155 755 149,A01,1.0,10.0,0,2,2,14,1.0,
202400015121,155 755 146,A01,2.0,60.0,8,0,1,21,5.0,
202400015122,155 755 144,C01,1.0,7.0,0,2,4,1,1.0,
202400015123,155 755 143,A01,1.0,7.0,1,0,1,15,1.0,
202400015124,155 755 139,A01,1.0,10.0,0,2,2,1,1.0,
202400015125,155 755 138,A01,1.0,7.0,3,0,3,23,1.0,
202400015126,155 755 135,B01,2.0,80.0,0,2,7,1,3.0,
202400015127,155 755 134,B01,1.0,1.0,0,2,1,1,5.0,
202400015128,155 755 132,A01,2.0,10.0,0,1,3,1,1.0,
202400015129,155 755 133,Z01,1.0,10.0,0,1,0,0,0.0,
202400015130,155 755 129,Z01,3.0,10.0,0,2,8,9,0.0,
202400015131,155 755 128,B01,1.0,7.0,0,2,7,24,1.0,
202400015132,155 755 127,Z01,1.0,30.0,0,1,1,1,0.0,
202400015133,155 755 126,A01,3.0,10.0,0,1,0,20,1.0,
202400015134,155 755 125,A01,1.0,43.0,0,1,1,1,1.0,
202400015135,155 755 123,A01,3.0,7.0,0,2,3,13,1.0,
202400015136,155 755 122,A01,3.0,7.0,12,1,1,21,1.0,
202400015137,155 755 119,A01,1.0,33.0,0,2,1,1,1.0,
202400015138,155 755 118,B01,1.0,34.0,0,2,1,1,1.0,
202400015139,155 755 116,A01,2.0,30.0,0,2,1,17,1.0,
202400015140,155 755 114,B01,2.0,7.0,0,2,3,0,1.0,
202400015141,155 755 113,Z01,2.0,13.0,0,1,7,1,0.0,
202400015142,155 755 111,B01,1.0,1.0,0,2,0,0,5.0,
202400015143,155 755 108,A01,1.0,30.0,0,2,1,1,3.0,
202400015144,155 755 107,B01,3.0,7.0,0,2,3,1,1.0,
202400015145,155 755 105,A01,1.0,43.0,0,2,1,21,1.0,
202400015146,155 755 103,A01,1.0,7.0,12,0,1,9,2.0,
202400015147,155 755 101,A01,2.0,33.0,0,2,7,10,1.0,
202400015148,155 755 097,A01,2.0,80.0,0,2,2,1,3.0,
202400015149,155 755 098,A01,1.0,1.0,0,2,1,2,5.0,
202400015150,155 755 095,A01,2.0,10.0,0,1,1,5,1.0,
202400015151,155 755 094,B01,2.0,1.0,0,2,3,2,5.0,
202400015152,155 755 091,A01,3.0,7.0,0,2,7,17,1.0,
202400015153,155 755 090,B01,2.0,32.0,0,2,8,1,1.0,
202400015154,155 755 087,B01,3.0,33.0,0,2,7,0,1.0,
202400015155,155 755 086,A01,3.0,7.0,0,9,7,17,1.0,
202400015156,155 755 083,A01,1.0,50.0,0,1,1,1,3.0,
202400015157,155 755 084,B01,1.0,33.0,0,2,1,1,1.0,
202400015158,155 755 082,A01,2.0,50.0,0,1,1,5,3.0,
202400015159,155 755 080,B01,1.0,2.0,0,2,8,2,3.0,
202400015160,155 755 077,B01,3.0,7.0,0,2,4,23,1.0,
202400015161,155 755 076,B01,1.0,7.0,0,2,3,1,2.0,
202400015162,155 755 075,A01,3.0,7.0,0,1,3,1,3.0,
202400015163,155 755 073,B01,2.0,21.0,0,2,3,9,1.0,
202400015164,155 755 072,A01,0.0,33.0,0,0,0,26,1.0,
202400015165,155 755 071,A01,1.0,7.0,2,0,2,1,2.0,
202400015166,155 755 069,A01,3.0,7.0,0,2,1,1,1.0,
202400015167,155 755 068,A01,2.0,7.0,0,1,1,1,1.0,
202400015168,155 755 065,A01,2.0,7.0,0,2,1,2,2.0,
202400015169,155 755 064,A01,2.0,1.0,0,2,1,21,5.0,
202400015170,155 755 062,A01,1.0,7.0,0,1,2,1,2.0,
202400015171,155 755 061,B01,1.0,10.0,0,2,3,1,1.0,
202400015172,155 755 059,A01,2.0,50.0,0,2,7,1,3.0,
202400015173,155 755 057,B01,1.0,17.0,0,2,3,13,1.0,
202400015174,155 755 054,A01,2.0,43.0,0,2,8,3,1.0,
202400015175,155 755 053,B01,1.0,7.0,0,0,6,6,3.0,
202400015176,155 755 050,A01,0.0,50.0,0,2,1,25,3.0,
202400015177,155 755 049,B01,1.0,2.0,0,0,0,17,1.0,
202400015178,155 755 047,B01,1.0,7.0,0,2,3,15,1.0,
202400015179,155 755 045,A01,1.0,10.0,0,2,7,15,1.0,
202400015180,155 755 043,A01,1.0,7.0,2,0,2,1,1.0,
202400015181,155 755 042,A01,2.0,7.0,0,2,1,1,1.0,
202400015182,155 755 040,A01,2.0,7.0,0,2,6,17,1.0,
202400015183,155 755 038,B01,2.0,7.0,0,2,1,0,1.0,
202400015184,155 755 036,A01,1.0,3.0,0,0,4,1,1.0,
202400015185,155 755 034,Y01,1.0,60.0,0,2,4,19,5.0,
202400015186,155 755 031,A01,2.0,7.0,0,2,3,1,1.0,
202400015187,155 755 030,A01,1.0,14.0,0,2,7,16,1.0,
202400015188,155 755 027,A01,2.0,7.0,0,2,3,1,1.0,
202400015189,155 755 026,B01,3.0,15.0,0,2,1,16,1.0,
202400015190,155 755 025,A01,2.0,33.0,4,0,7,14,1.0,
202400015191,155 755 023,B01,1.0,7.0,0,2,6,20,3.0,
202400015192,155 755 022,A01,2.0,7.0,13,0,1,13,1.0,
202400015193,155 755 019,A01,3.0,36.0,0,0,0,16,1.0,
202400015194,155 755 020,B01,1.0,7.0,0,2,2,14,1.0,
202400015195,155 755 015,A01,2.0,7.0,0,2,1,1,1.0,
202400015196,155 755 016,A01,1.0,30.0,0,2,1,1,1.0,
202400015197,155 755 014,A01,1.0,7.0,5,0,1,1,1.0,
202400015198,155 755 013,A01,3.0,33.0,0,0,0,2,0.0,
202400015199,155 755 011,A01,1.0,1.0,8,0,1,12,5.0,
202400015200,155 755 010,B01,2.0,31.0,0,2,1,1,1.0,
202400015201,155 755 009,A01,2.0,60.0,0,0,7,1,5.0,
202400015202,155 755 008,A01,3.0,7.0,0,1,1,1,1.0,
202400015203,155 755 004,A01,1.0,43.0,1,2,2,11,0.0,
202400015204,155 755 002,A01,2.0,7.0,0,2,1,17,1.0,
202400015205,155 755 001,A01,1.0,1.0,1,0,1,26,5.0,
202400015206,155 754 999,A01,1.0,1.0,0,0,1,2,5.0,
202400015207,155 754 998,A01,2.0,2.0,0,2,1,16,1.0,
202400015208,155 754 997,A01,1.0,7.0,0,1,1,1,1.0,
202400015209,155 754 996,A01,2.0,33.0,0,1,2,1,1.0,
202400015210,155 754 994,A01,1.0,7.0,0,2,3,2,1.0,
202400015211,155 754 993,A01,3.0,7.0,0,1,2,1,1.0,
202400015212,155 754 989,A01,0.0,10.0,0,2,1,15,1.0,
202400015213,155 754 990,B01,1.0,7.0,0,2,4,15,1.0,
202400015214,155 754 986,A01,1.0,7.0,1,0,7,1,1.0,
202400015215,155 754 985,B01,2.0,7.0,0,2,9,26,1.0,
202400015216,155 754 982,B01,2.0,7.0,0,2,1,0,1.0,
202400015217,155 754 981,A01,2.0,7.0,0,2,3,1,1.0,
202400015218,155 754 980,A01,1.0,7.0,13,0,1,1,1.0,
202400015219,155 754 978,A01,1.0,15.0,0,0,6,11,1.0,
202400015220,155 754 977,A01,1.0,7.0,6,0,1,1,1.0,
202400015221,155 754 975,A01,1.0,34.0,0,6,2,0,1.0,
202400015222,155 754 973,A01,1.0,7.0,0,0,4,15,1.0,
202400015223,155 754 972,A01,2.0,7.0,0,1,1,1,1.0,
202400015224,155 754 970,B01,0.0,33.0,0,2,1,1,1.0,
202400015225,155 754 969,A01,1.0,1.0,0,0,1,1,5.0,
202400015226,155 754 968,A01,3.0,50.0,0,1,1,25,3.0,
202400015227,155 754 966,A01,2.0,7.0,0,2,3,15,1.0,
202400015228,155 754 965,A01,1.0,7.0,0,1,3,1,1.0,
202400015229,155 754 964,A01,2.0,7.0,0,0,3,0,1.0,
202400015230,155 754 962,A01,1.0,7.0,0,2,1,1,1.0,
202400015231,155 754 961,A01,2.0,7.0,13,0,9,1,1.0,
202400015232,155 754 960,A01,1.0,7.0,2,0,1,0,1.0,
202400015233,155 754 957,A01,2.0,7.0,3,0,7,1,1.0,
202400015234,155 754 958,A01,2.0,7.0,0,2,5,15,1.0,
202400015235,155 754 954,B01,2.0,99.0,0,2,2,1,1.0,
202400015236,155 754 953,A01,1.0,2.0,0,2,3,9,1.0,
202400015237,155 754 952,A01,0.0,33.0,0,0,0,26,1.0,
202400015238,155 754 951,A01,3.0,33.0,0,0,0,1,1.0,
202400015239,155 754 949,A01,1.0,7.0,2,0,7,0,1.0,
202400015240,155 754 950,A01,3.0,1.0,13,0,7,1,5.0,
202400015241,155 754 947,A01,1.0,7.0,0,0,4,1,1.0,
202400015242,155 754 946,A01,2.0,7.0,2,0,1,1,1.0,
202400015243,155 754 943,A01,0.0,7.0,0,2,1,1,1.0,
202400015244,155 754 942,A01,2.0,7.0,0,2,2,17,1.0,
202400015245,155 754 941,A01,1.0,1.0,0,9,1,1,5.0,
202400015246,155 754 940,A01,1.0,7.0,0,1,2,2,1.0,
202400015247,155 754 939,A01,2.0,33.0,11,0,1,1,1.0,
202400015248,155 754 937,B01,0.0,30.0,0,0,8,1,1.0,
202400015249,155 754 935,A01,3.0,7.0,9,2,1,5,1.0,
202400015250,155 754 933,A01,1.0,7.0,2,2,3,5,1.0,
202400015251,155 754 931,A01,2.0,33.0,10,0,1,17,1.0,
202400015252,155 754 930,B01,1.0,7.0,0,2,2,1,1.0,
202400015253,155 754 928,A01,3.0,7.0,2,0,7,13,1.0,
202400015254,155 754 927,A01,3.0,33.0,0,2,3,13,1.0,
202400015255,155 754 925,A01,0.0,7.0,0,1,3,2,1.0,
202400015256,155 754 924,B01,1.0,50.0,0,2,1,1,3.0,
202400015257,155 754 920,A01,2.0,7.0,0,2,5,18,1.0,
202400015258,155 754 918,A01,2.0,32.0,14,0,0,17,1.0,
202400015259,155 754 913,A01,2.0,7.0,0,2,2,14,1.0,
202400015260,155 754 914,A01,2.0,3.0,8,0,1,1,1.0,
202400015261,155 754 912,A01,1.0,7.0,6,0,1,1,1.0,
202400015262,155 754 910,A01,2.0,7.0,3,9,1,2,2.0,
202400015263,155 754 909,A01,1.0,7.0,4,0,3,1,1.0,
202400015264,155 754 908,A01,2.0,1.0,13,0,0,14,5.0,
202400015265,155 754 905,A01,2.0,7.0,0,2,5,15,1.0,
202400015266,155 754 904,A01,2.0,2.0,0,0,1,1,1.0,
202400015267,155 754 902,A01,1.0,13.0,0,1,5,1,1.0,
202400015268,155 754 901,A01,1.0,7.0,0,2,3,5,1.0,
202400015269,155 754 896,C01,2.0,1.0,0,9,8,1,5.0,
202400015270,155 754 895,A01,2.0,7.0,13,0,2,1,1.0,
202400015271,155 754 894,A01,1.0,36.0,2,0,0,1,1.0,
202400015272,155 754 891,A01,2.0,7.0,0,2,1,13,1.0,
202400015273,155 754 890,A01,2.0,7.0,0,2,7,1,1.0,
202400015274,155 754 888,A01,1.0,2.0,0,1,1,1,1.0,
202400015275,155 754 887,A01,1.0,7.0,0,2,2,19,1.0,
202400015276,155 754 885,B01,1.0,7.0,0,0,0,17,0.0,
202400015277,155 754 883,B01,2.0,1.0,0,2,0,0,5.0,
202400015278,155 754 882,A01,1.0,7.0,0,1,2,1,1.0,
202400015279,155 754 881,A01,1.0,7.0,0,1,1,1,1.0,
202400015280,155 754 876,A01,2.0,33.0,0,2,1,17,1.0,
202400015281,155 754 874,B01,2.0,7.0,0,2,2,1,1.0,
202400015282,155 754 871,A01,2.0,7.0,0,2,1,1,1.0,
202400015283,155 754 869,A01,1.0,7.0,0,2,8,1,1.0,
202400015284,155 754 866,A01,2.0,7.0,0,2,1,2,1.0,
202400015285,155 754 865,B01,2.0,15.0,0,2,1,1,1.0,
202400015286,155 754 863,A01,2.0,7.0,2,9,9,21,2.0,
202400015287,155 754 862,B01,1.0,1.0,0,2,3,15,5.0,
202400015288,155 754 860,A01,1.0,33.0,0,2,1,1,1.0,
202400015289,155 754 858,A01,2.0,1.0,0,2,0,1,5.0,
202400015290,155 754 857,A01,2.0,33.0,0,0,1,0,1.0,
202400015291,155 754 854,A01,2.0,10.0,0,2,5,9,1.0,
202400015292,155 754 853,A01,2.0,7.0,0,2,3,1,1.0,
202400015293,155 754 851,A01,0.0,32.0,0,2,2,1,1.0,
202400015294,155 754 849,A01,1.0,7.0,0,2,6,10,1.0,
202400015295,155 754 847,A01,2.0,7.0,0,2,3,1,1.0,
202400015296,155 754 844,B01,1.0,30.0,0,2,2,0,1.0,
202400015297,155 754 843,A01,2.0,33.0,0,9,5,1,1.0,
202400015298,155 754 840,A01,1.0,33.0,0,2,1,1,1.0,
202400015299,155 754 838,C01,2.0,1.0,0,2,1,1,5.0,
202400015300,155 754 836,A01,3.0,7.0,0,1,2,1,1.0,
202400015301,155 754 833,A01,3.0,7.0,0,2,2,9,1.0,
202400015302,155 754 832,A01,0.0,33.0,0,0,2,2,1.0,
202400015303,155 754 830,A01,1.0,7.0,0,2,3,13,1.0,
202400015304,155 754 826,A01,1.0,10.0,7,2,2,11,1.0,
202400015305,155 754 825,A01,2.0,7.0,0,2,8,1,1.0,
202400015306,155 754 823,A01,2.0,7.0,0,2,3,9,1.0,
202400015307,155 754 821,B01,1.0,10.0,0,2,1,2,1.0,
202400015308,155 754 819,A01,3.0,10.0,0,2,3,19,1.0,
202400015309,155 754 815,C01,2.0,7.0,0,2,1,2,3.0,
202400015310,155 754 814,B01,2.0,7.0,0,0,0,19,1.0,
202400015311,155 754 812,A01,1.0,7.0,0,2,7,12,1.0,
202400015312,155 754 810,A01,3.0,7.0,0,2,3,9,1.0,
202400015313,155 754 805,A01,2.0,10.0,4,2,5,14,1.0,
202400015314,155 754 804,A01,3.0,36.0,13,0,0,1,1.0,
202400015315,155 754 800,A01,1.0,7.0,0,2,4,2,1.0,
202400015316,155 754 799,C01,2.0,7.0,0,2,5,1,1.0,
202400015317,155 754 797,A01,2.0,7.0,0,2,4,2,1.0,
202400015318,155 754 795,A01,2.0,10.0,0,2,3,11,1.0,
202400015319,155 754 793,A01,1.0,7.0,0,2,2,2,1.0,
202400015320,155 754 792,A01,1.0,31.0,14,0,1,1,1.0,
202400015321,155 754 790,A01,1.0,10.0,6,0,2,15,1.0,
202400015322,155 754 788,A01,1.0,7.0,0,2,1,2,1.0,
202400015323,155 754 787,A01,2.0,32.0,0,0,0,2,1.0,
202400015324,155 754 785,A01,2.0,33.0,0,2,1,1,1.0,
202400015325,155 754 783,A01,1.0,7.0,4,0,8,13,1.0,
202400015326,155 754 782,B01,1.0,32.0,0,2,2,9,1.0,
202400015327,155 754 779,B01,1.0,17.0,0,2,6,0,1.0,
202400015328,155 754 777,A01,1.0,14.0,0,2,1,2,1.0,
202400015329,155 754 773,C01,2.0,7.0,4,2,4,1,1.0,
202400015330,155 754 772,A01,1.0,33.0,0,2,1,2,1.0,
202400015331,155 754 771,A01,1.0,32.0,4,0,1,3,1.0,
202400015332,155 754 767,A01,2.0,33.0,0,2,1,3,1.0,
202400015333,155 754 768,B01,1.0,7.0,0,2,8,1,2.0,
202400015334,155 754 764,A01,1.0,7.0,4,2,1,12,1.0,
202400015335,155 754 763,A01,1.0,7.0,4,0,3,1,1.0,
202400015336,155 754 758,A01,2.0,7.0,0,0,2,14,1.0,
202400015337,155 754 757,D01,1.0,7.0,0,2,4,0,1.0,
202400015338,155 754 753,A01,1.0,33.0,0,2,1,1,1.0,
202400015339,155 754 752,B01,1.0,7.0,0,2,4,2,1.0,
202400015340,155 754 748,B01,1.0,7.0,0,2,2,12,1.0,
202400015341,155 754 749,A01,2.0,30.0,0,2,4,1,1.0,
202400015342,155 754 746,A01,1.0,33.0,0,0,7,11,1.0,
202400015343,155 754 745,A01,2.0,31.0,0,2,3,0,1.0,
202400015344,155 754 743,A01,1.0,2.0,0,0,8,1,1.0,
202400015345,155 754 742,B01,2.0,7.0,0,2,4,23,1.0,
202400015346,155 754 740,A01,2.0,33.0,0,1,3,26,1.0,
202400015347,155 754 739,A01,0.0,7.0,0,0,1,1,1.0,
202400015348,155 754 737,B01,1.0,2.0,0,2,7,1,1.0,
202400015349,155 754 736,A01,3.0,10.0,0,1,3,15,1.0,
202400015350,155 754 735,A01,2.0,50.0,0,0,1,1,3.0,
202400015351,155 754 734,A01,2.0,7.0,0,1,0,1,1.0,
202400015352,155 754 730,A01,1.0,7.0,0,2,3,1,1.0,
202400015353,155 754 732,A01,1.0,7.0,0,2,4,26,1.0,
202400015354,155 754 728,A01,2.0,30.0,0,2,3,17,1.0,
202400015355,155 754 726,A01,1.0,10.0,0,2,1,2,1.0,
202400015356,155 754 725,A01,2.0,50.0,0,2,1,1,3.0,
202400015357,155 754 724,A01,1.0,7.0,0,0,0,1,1.0,
202400015358,155 754 722,B01,3.0,1.0,0,2,1,1,5.0,
202400015359,155 754 721,A01,1.0,7.0,8,0,8,1,1.0,
202400015360,155 754 719,A01,2.0,7.0,0,2,1,9,1.0,
202400015361,155 754 717,A01,0.0,7.0,0,2,0,0,1.0,
202400015362,155 754 714,A01,3.0,7.0,0,2,6,0,0.0,
202400015363,155 754 715,A01,2.0,7.0,0,1,3,15,1.0,
202400015364,155 754 711,A01,1.0,10.0,0,2,3,19,1.0,
202400015365,155 754 710,A01,1.0,80.0,0,2,0,21,3.0,
202400015366,155 754 708,A01,3.0,7.0,0,1,3,16,1.0,
202400015367,155 754 707,A01,2.0,7.0,0,2,3,10,1.0,
202400015368,155 754 704,A01,2.0,7.0,0,1,2,15,1.0,
202400015369,155 754 703,A01,1.0,7.0,0,2,1,1,1.0,
202400015370,155 754 700,A01,1.0,7.0,0,2,2,21,1.0,
202400015371,155 754 699,A01,2.0,37.0,0,2,8,17,2.0,2
202400015372,155 754 696,A01,1.0,7.0,0,2,3,13,1.0,
202400015373,155 754 695,A01,3.0,7.0,0,9,3,15,2.0,
202400015374,155 754 692,A01,3.0,7.0,0,2,3,1,1.0,
202400015375,155 754 691,A01,2.0,7.0,0,2,3,1,1.0,
202400015376,155 754 690,A01,2.0,7.0,2,0,1,14,1.0,
202400015377,155 754 687,A01,0.0,7.0,0,2,1,1,1.0,
202400015378,155 754 685,A01,3.0,32.0,0,1,1,1,1.0,
202400015379,155 754 686,B01,0.0,1.0,1,0,1,0,5.0,
202400015380,155 754 682,A01,3.0,7.0,0,2,3,15,1.0,
202400015381,155 754 681,B01,2.0,7.0,0,2,2,1,1.0,
202400015382,155 754 679,A01,1.0,31.0,0,2,7,17,1.0,
202400015383,155 754 678,A01,3.0,10.0,0,1,6,20,1.0,
202400015384,155 754 676,A01,1.0,40.0,0,1,7,2,3.0,
202400015385,155 754 675,A01,2.0,7.0,0,2,0,15,1.0,
202400015386,155 754 673,Z01,0.0,1.0,0,0,0,26,5.0,
202400015387,155 754 672,A01,1.0,1.0,0,2,6,2,5.0,
202400015388,155 754 671,A01,0.0,7.0,1,0,1,16,1.0,
202400015389,155 754 669,A01,2.0,7.0,0,1,1,1,1.0,
202400015390,155 754 666,B01,1.0,7.0,0,2,1,1,1.0,
202400015391,155 754 665,B01,3.0,7.0,0,2,4,2,1.0,
202400015392,155 754 663,A01,2.0,31.0,0,2,1,1,1.0,
202400015393,155 754 662,A01,2.0,10.0,0,1,2,16,1.0,
202400015394,155 754 659,A01,2.0,7.0,0,2,8,9,1.0,
202400015395,155 754 661,A01,3.0,7.0,0,1,0,1,0.0,
202400015396,155 754 657,B01,3.0,7.0,0,2,4,23,2.0,
202400015397,155 754 655,A01,2.0,30.0,12,0,0,1,1.0,
202400015398,155 754 656,A01,2.0,32.0,0,1,1,1,1.0,
202400015399,155 754 653,A01,3.0,7.0,0,1,1,1,1.0,
202400015400,155 754 652,A01,3.0,7.0,0,2,1,1,1.0,
202400015401,155 754 649,B01,3.0,7.0,0,2,3,1,1.0,
202400015402,155 754 648,B01,1.0,7.0,0,2,3,0,1.0,
202400015403,155 754 645,B01,1.0,30.0,0,2,4,23,1.0,
202400015404,155 754 644,B01,2.0,7.0,0,0,0,0,1.0,
202400015405,155 754 643,A01,2.0,7.0,0,1,0,1,1.0,
202400015406,155 754 641,B01,1.0,7.0,0,2,7,16,1.0,
202400015407,155 754 637,A01,1.0,10.0,0,2,4,1,0.0,
202400015408,155 754 638,B01,3.0,7.0,0,2,3,1,1.0,
202400015409,155 754 635,A01,3.0,7.0,0,1,-1,1,,
202400015410,155 754 634,A01,1.0,32.0,0,2,7,15,1.0,
202400015411,155 754 633,A01,1.0,7.0,0,1,1,1,1.0,
202400015412,155 754 632,A01,3.0,7.0,0,0,1,0,0.0,
202400015413,155 754 629,A01,1.0,30.0,0,2,2,17,3.0,
202400015414,155 754 627,A01,3.0,7.0,15,2,1,1,1.0,
202400015415,155 754 625,B01,3.0,10.0,7,2,2,15,1.0,
202400015416,155 754 624,A01,1.0,7.0,0,1,1,1,1.0,
202400015417,155 754 619,C01,3.0,7.0,0,2,4,2,1.0,
202400015418,155 754 618,A01,2.0,7.0,0,2,1,13,1.0,
202400015419,155 754 616,A01,3.0,7.0,0,2,3,15,1.0,
202400015420,155 754 615,A01,2.0,7.0,0,1,2,1,1.0,
202400015421,155 754 612,A01,1.0,7.0,0,2,3,15,1.0,
202400015422,155 754 611,B01,1.0,7.0,0,2,3,0,1.0,
202400015423,155 754 609,A01,2.0,7.0,0,2,3,10,1.0,
202400015424,155 754 607,A01,1.0,60.0,0,2,1,19,5.0,
202400015425,155 754 604,A01,1.0,7.0,0,2,6,0,1.0,
202400015426,155 754 602,C01,1.0,7.0,0,2,4,2,1.0,
202400015427,155 754 601,A01,1.0,10.0,0,1,2,1,1.0,
202400015428,155 754 600,A01,1.0,7.0,0,1,1,16,1.0,
202400015429,155 754 599,A01,3.0,7.0,0,1,1,15,1.0,
202400015430,155 754 595,B01,1.0,50.0,0,2,1,1,3.0,
202400015431,155 754 596,A01,3.0,10.0,0,2,4,4,1.0,
202400015432,155 754 593,A01,1.0,7.0,0,2,7,15,1.0,
202400015433,155 754 590,A01,1.0,7.0,0,2,3,13,1.0,
202400015434,155 754 588,A01,3.0,50.0,0,2,8,19,3.0,
202400015435,155 754 587,A01,3.0,7.0,2,0,1,1,1.0,
202400015436,155 754 586,A01,2.0,50.0,0,0,1,0,3.0,
202400015437,155 754 583,A01,1.0,7.0,0,2,1,17,1.0,
202400015438,155 754 582,A01,1.0,10.0,3,2,4,14,1.0,
202400015439,155 754 581,A01,1.0,33.0,0,1,1,1,1.0,
202400015440,155 754 579,B01,1.0,7.0,0,2,1,1,1.0,
202400015441,155 754 578,A01,2.0,13.0,0,1,3,1,1.0,
202400015442,155 754 576,B01,2.0,31.0,0,2,2,2,1.0,
202400015443,155 754 574,A01,2.0,33.0,0,2,1,5,1.0,
202400015444,155 754 572,A01,1.0,7.0,0,2,1,2,1.0,
202400015445,155 754 570,A01,2.0,7.0,0,2,7,16,1.0,
202400015446,155 754 568,A01,1.0,38.0,0,2,3,15,1.0,1
202400015447,155 754 566,A01,2.0,7.0,0,2,8,15,1.0,
202400015448,155 754 563,A01,2.0,7.0,0,2,1,5,1.0,
202400015449,155 754 561,A01,0.0,33.0,0,2,3,3,1.0,
202400015450,155 754 559,A01,3.0,1.0,0,2,3,11,5.0,
202400015451,155 754 558,A01,1.0,7.0,13,0,1,14,1.0,
202400015452,155 754 557,A01,1.0,30.0,0,1,1,26,1.0,
202400015453,155 754 556,A01,0.0,7.0,0,1,7,1,1.0,
202400015454,155 754 554,A01,0.0,7.0,0,2,1,26,1.0,
202400015455,155 754 552,A01,3.0,7.0,0,0,0,0,1.0,
202400015456,155 754 550,A01,3.0,7.0,0,2,2,14,1.0,
202400015457,155 754 548,A01,3.0,7.0,0,2,1,1,1.0,
202400015458,155 754 544,B01,3.0,7.0,0,2,6,16,1.0,
202400015459,155 754 542,A01,3.0,7.0,0,2,1,1,1.0,
202400015460,155 754 541,A01,3.0,7.0,0,1,1,26,1.0,
202400015461,155 754 540,Z01,3.0,10.0,0,0,0,0,0.0,
202400015462,155 754 538,A01,2.0,7.0,0,2,1,0,1.0,
202400015463,155 754 536,A01,3.0,7.0,0,2,5,16,1.0,
202400015464,155 754 535,A01,1.0,7.0,13,0,1,14,1.0,
202400015465,155 754 533,A01,2.0,7.0,2,2,2,1,1.0,
202400015466,155 754 531,A01,1.0,7.0,0,2,1,1,1.0,
202400015467,155 754 529,A01,2.0,1.0,0,2,8,15,5.0,
202400015468,155 754 527,B01,2.0,80.0,0,2,1,1,3.0,
202400015469,155 754 525,B01,1.0,2.0,0,2,1,17,3.0,
202400015470,155 754 523,B01,3.0,7.0,0,2,8,1,1.0,
202400015471,155 754 520,C01,3.0,7.0,0,0,3,24,1.0,
202400015472,155 754 519,A01,2.0,50.0,0,0,1,1,3.0,
202400015473,155 754 517,A01,1.0,2.0,0,0,7,1,1.0,
202400015474,155 754 516,A01,2.0,17.0,2,2,1,2,1.0,
202400015475,155 754 513,B01,1.0,10.0,0,2,6,1,1.0,
202400015476,155 754 512,A01,2.0,7.0,0,2,7,23,1.0,
202400015477,155 754 509,B01,1.0,7.0,4,2,6,2,1.0,
202400015478,155 754 508,A01,2.0,7.0,0,9,7,23,3.0,
202400015479,155 754 507,A01,1.0,7.0,4,0,6,13,1.0,
202400015480,155 754 505,A01,2.0,1.0,0,2,1,1,5.0,
202400015481,155 754 503,A01,1.0,7.0,0,2,7,14,2.0,
202400015482,155 754 500,A01,2.0,32.0,0,2,8,1,1.0,
202400015483,155 754 499,A01,1.0,7.0,0,9,2,9,1.0,
202400015484,155 754 496,B01,1.0,7.0,0,2,1,1,2.0,