Num_Acc,id_vehicule,num_veh,senc,catv,obs,obsm,choc,manv,motor,occutc
202400015485,155 754 495,A01,1.0,7.0,0,2,2,7,1.0,
202400015486,155 754 491,Z01,1.0,33.0,0,2,3,16,1.0,
202400015487,155 754 490,AC01,0.0,7.0,0,2,0,0,1.0,
202400015488,155 754 489,A01,2.0,7.0,0,1,2,16,2.0,
202400015489,155 754 488,A01,1.0,1.0,0,0,8,1,5.0,
202400015490,155 754 487,A01,1.0,7.0,10,0,1,1,1.0,
202400015491,155 754 486,A01,1.0,10.0,0,1,8,15,1.0,
202400015492,155 754 484,B01,2.0,7.0,0,2,3,1,1.0,
202400015493,155 754 483,A01,1.0,7.0,0,1,2,1,1.0,
202400015494,155 754 482,A01,1.0,7.0,0,1,1,1,1.0,
202400015495,155 754 479,B01,2.0,7.0,0,2,1,23,1.0,
202400015496,155 754 476,A01,2.0,7.0,0,2,1,2,1.0,
202400015497,155 754 475,A01,1.0,7.0,0,1,0,1,1.0,
202400015498,155 754 474,A01,0.0,7.0,0,0,9,1,1.0,
202400015499,155 754 472,A01,1.0,7.0,0,2,7,17,1.0,
202400015500,155 754 470,B01,1.0,7.0,0,2,3,1,1.0,
202400015501,155 754 469,A01,3.0,37.0,0,1,7,1,1.0,1
202400015502,155 754 467,A01,0.0,7.0,0,9,1,16,1.0,
202400015503,155 754 465,A01,0.0,7.0,0,2,1,26,1.0,
202400015504,155 754 464,A01,3.0,7.0,0,1,1,2,1.0,
202400015505,155 754 462,B01,2.0,7.0,0,2,1,1,1.0,
202400015506,155 754 461,A01,2.0,7.0,0,1,1,1,1.0,
202400015507,155 754 460,A01,1.0,7.0,0,1,1,1,0.0,
202400015508,155 754 458,A01,3.0,7.0,0,2,6,9,1.0,
202400015509,155 754 456,B01,3.0,7.0,0,2,3,2,1.0,
202400015510,155 754 455,A01,2.0,30.0,9,9,0,26,0.0,
202400015511,155 754 452,A01,3.0,7.0,0,2,1,2,1.0,
202400015512,155 754 451,A01,0.0,7.0,14,0,1,1,1.0,
202400015513,155 754 450,A01,1.0,7.0,0,1,2,1,1.0,
202400015514,155 754 448,B01,1.0,7.0,0,2,1,1,1.0,
202400015515,155 754 447,A01,3.0,7.0,1,0,1,14,1.0,
202400015516,155 754 446,A01,1.0,7.0,0,1,1,1,1.0,
202400015517,155 754 444,A01,2.0,7.0,0,9,3,9,1.0,
202400015518,155 754 443,A01,1.0,10.0,0,1,1,1,1.0,
202400015519,155 754 440,A01,1.0,7.0,13,2,1,17,1.0,
202400015520,155 754 438,A01,2.0,50.0,0,2,0,2,3.0,
202400015521,155 754 436,A01,2.0,7.0,0,2,3,15,1.0,
202400015522,155 754 434,A01,2.0,37.0,0,2,1,2,3.0,2
202400015523,155 754 432,A01,2.0,10.0,0,2,3,1,1.0,
202400015524,155 754 430,A01,3.0,10.0,0,2,8,9,1.0,
202400015525,155 754 429,A01,1.0,7.0,0,1,3,1,1.0,
202400015526,155 754 426,A01,1.0,7.0,0,2,1,2,1.0,
202400015527,155 754 424,A01,1.0,7.0,0,2,1,13,1.0,
202400015528,155 754 423,A01,3.0,7.0,0,1,1,15,0.0,
202400015529,155 754 422,A01,2.0,37.0,0,1,1,1,1.0,1
202400015530,155 754 421,A01,3.0,30.0,0,0,7,16,1.0,
202400015531,155 754 420,Z01,1.0,7.0,0,1,3,20,1.0,
202400015532,155 754 419,A01,2.0,7.0,8,0,1,1,1.0,
202400015533,155 754 417,A01,2.0,7.0,0,2,1,15,1.0,
202400015534,155 754 415,A01,2.0,50.0,0,2,1,13,3.0,
202400015535,155 754 414,A01,3.0,7.0,0,2,1,1,1.0,
202400015536,155 754 412,A01,1.0,7.0,0,2,2,19,1.0,
202400015537,155 754 410,A01,0.0,7.0,0,2,1,1,1.0,
202400015538,155 754 409,A01,0.0,7.0,0,1,1,1,1.0,
202400015539,155 754 407,A01,2.0,7.0,0,2,2,1,1.0,
202400015540,155 754 406,A01,1.0,7.0,0,2,1,0,1.0,
202400015541,155 754 405,A01,2.0,7.0,0,1,1,15,1.0,
202400015542,155 754 403,B01,1.0,50.0,0,2,8,1,3.0,
202400015543,155 754 402,A01,1.0,50.0,0,1,0,0,3.0,
202400015544,155 754 399,A01,1.0,7.0,0,1,2,16,1.0,
202400015545,155 754 397,B01,3.0,1.0,0,0,0,0,5.0,
202400015546,155 754 396,A01,2.0,7.0,0,1,3,1,1.0,
202400015547,155 754 394,A01,3.0,2.0,0,2,1,15,1.0,
202400015548,155 754 393,A01,1.0,43.0,0,1,1,2,1.0,
202400015549,155 754 392,A01,2.0,34.0,0,1,0,1,3.0,
202400015550,155 754 391,A01,1.0,10.0,0,1,4,20,1.0,
202400015551,155 754 390,A01,3.0,3.0,0,1,8,2,3.0,
202400015552,155 754 389,A01,3.0,32.0,0,1,1,16,1.0,
202400015553,155 754 387,A01,3.0,7.0,0,2,3,1,1.0,
202400015554,155 754 386,A01,1.0,1.0,0,1,1,1,5.0,
202400015555,155 754 385,A01,2.0,10.0,0,1,2,16,1.0,
202400015556,155 754 383,A01,1.0,50.0,0,2,1,13,3.0,
202400015557,155 754 381,A01,2.0,7.0,0,2,6,22,2.0,
202400015558,155 754 379,A01,1.0,1.0,2,0,2,17,5.0,
202400015559,155 754 378,A01,1.0,37.0,0,1,3,7,2.0,1
202400015560,155 754 377,A01,1.0,50.0,0,0,0,1,3.0,
202400015561,155 754 376,A01,3.0,7.0,0,1,1,9,1.0,
202400015562,155 754 374,A01,1.0,7.0,0,2,3,0,1.0,
202400015563,155 754 373,A01,1.0,32.0,0,1,7,21,1.0,
202400015564,155 754 371,B01,1.0,33.0,4,2,1,1,1.0,
202400015565,155 754 369,A01,1.0,7.0,0,2,1,1,1.0,
202400015566,155 754 367,A01,2.0,7.0,0,2,4,2,1.0,
202400015567,155 754 365,A01,2.0,7.0,0,2,2,2,3.0,
202400015568,155 754 364,A01,1.0,10.0,0,1,1,9,1.0,
202400015569,155 754 362,X01,1.0,50.0,0,2,1,1,3.0,
202400015570,155 754 361,A01,1.0,34.0,0,1,1,6,0.0,
202400015571,155 754 359,A01,1.0,0.0,0,2,0,0,0.0,
202400015572,155 754 357,A01,2.0,30.0,0,2,1,1,1.0,
202400015573,155 754 355,B01,0.0,50.0,1,0,1,1,3.0,
202400015574,155 754 354,A01,2.0,7.0,0,1,3,15,1.0,
202400015575,155 754 352,A01,1.0,7.0,0,2,2,1,1.0,
202400015576,155 754 350,B01,2.0,10.0,0,2,1,1,1.0,
202400015577,155 754 348,A01,2.0,7.0,0,2,2,12,1.0,
202400015578,155 754 346,A01,1.0,7.0,0,2,3,4,1.0,
202400015579,155 754 344,A01,2.0,7.0,0,2,3,1,1.0,
202400015580,155 754 342,A01,2.0,7.0,0,2,2,15,1.0,
202400015581,155 754 341,A01,2.0,7.0,14,0,1,1,1.0,
202400015582,155 754 339,A01,1.0,7.0,0,2,3,9,1.0,
202400015583,155 754 338,A01,1.0,10.0,13,0,1,1,1.0,
202400015584,155 754 336,A01,2.0,7.0,0,9,2,1,1.0,
202400015585,155 754 335,A01,0.0,7.0,13,6,3,23,1.0,
202400015586,155 754 334,A01,1.0,7.0,0,0,3,1,1.0,
202400015587,155 754 331,C01,1.0,7.0,0,0,0,13,1.0,
202400015588,155 754 329,A01,2.0,7.0,16,2,3,1,1.0,
202400015589,155 754 327,A01,3.0,7.0,0,2,3,13,2.0,
202400015590,155 754 326,A01,2.0,7.0,10,0,1,26,1.0,
202400015591,155 754 325,A01,2.0,7.0,0,1,2,1,1.0,
202400015592,155 754 322,B01,1.0,10.0,0,0,0,14,1.0,
202400015593,155 754 321,A01,2.0,7.0,0,1,2,15,1.0,
202400015594,155 754 317,A01,2.0,7.0,15,2,1,15,1.0,
202400015595,155 754 316,A01,1.0,7.0,0,1,2,1,1.0,
202400015596,155 754 315,A01,1.0,7.0,0,1,3,1,0.0,
202400015597,155 754 313,A01,1.0,7.0,0,2,0,1,1.0,
202400015598,155 754 311,B01,2.0,2.0,0,2,7,6,1.0,
202400015599,155 754 310,A01,1.0,7.0,6,0,7,1,1.0,
202400015600,155 754 308,B01,2.0,7.0,0,2,1,19,1.0,
202400015601,155 754 304,A01,1.0,7.0,3,0,1,0,1.0,
202400015602,155 754 303,A01,2.0,7.0,0,1,1,1,1.0,
202400015603,155 754 302,A01,2.0,7.0,2,0,1,1,1.0,
202400015604,155 754 301,A01,0.0,7.0,0,1,1,1,1.0,
202400015605,155 754 299,B01,1.0,33.0,0,2,4,1,1.0,
202400015606,155 754 298,A01,1.0,7.0,14,0,1,1,1.0,
202400015607,155 754 296,B01,1.0,7.0,0,2,1,1,1.0,
202400015608,155 754 294,A01,2.0,32.0,0,2,1,1,1.0,
202400015609,155 754 293,A01,3.0,7.0,0,1,1,1,1.0,
202400015610,155 754 292,A01,1.0,50.0,0,2,1,1,3.0,
202400015611,155 754 291,A01,1.0,7.0,0,9,1,1,1.0,
202400015612,155 754 289,A01,2.0,7.0,0,2,2,1,1.0,
202400015613,155 754 288,A01,2.0,7.0,13,0,3,1,2.0,
202400015614,155 754 285,A01,1.0,7.0,7,2,2,19,1.0,
202400015615,155 754 281,C01,1.0,15.0,0,0,6,23,1.0,
202400015616,155 754 282,A01,3.0,33.0,0,0,0,1,1.0,
202400015617,155 754 278,B01,1.0,7.0,0,2,3,15,1.0,
202400015618,155 754 276,A01,2.0,7.0,0,2,2,1,1.0,
202400015619,155 754 275,A01,3.0,10.0,16,0,0,1,1.0,
202400015620,155 754 272,A01,2.0,7.0,0,0,9,0,1.0,
202400015621,155 754 273,A01,1.0,32.0,0,2,8,1,1.0,
202400015622,155 754 271,A01,1.0,33.0,0,0,0,0,1.0,
202400015623,155 754 269,B01,1.0,38.0,0,2,3,1,1.0,1
202400015624,155 754 268,A01,2.0,7.0,0,1,3,1,3.0,
202400015625,155 754 266,A01,1.0,7.0,0,0,3,15,0.0,
202400015626,155 754 263,B01,3.0,33.0,0,2,3,1,1.0,
202400015627,155 754 260,A01,2.0,7.0,0,0,1,13,1.0,
202400015628,155 754 259,A01,1.0,7.0,4,2,9,17,1.0,
202400015629,155 754 258,A01,2.0,7.0,0,1,2,1,1.0,
202400015630,155 754 249,B01,2.0,7.0,0,2,1,1,1.0,
202400015631,155 754 248,B01,2.0,7.0,0,2,3,1,1.0,
202400015632,155 754 245,A01,2.0,7.0,0,2,3,9,1.0,
202400015633,155 754 244,A01,2.0,15.0,13,0,4,1,1.0,
202400015634,155 754 239,C01,1.0,10.0,14,1,2,21,1.0,
202400015635,155 754 236,A01,1.0,7.0,0,2,1,1,1.0,
202400015636,155 754 235,B01,1.0,7.0,0,0,0,11,0.0,
202400015637,155 754 233,B01,2.0,21.0,0,2,3,1,1.0,
202400015638,155 754 232,A01,2.0,7.0,3,0,1,21,1.0,
202400015639,155 754 231,A01,1.0,33.0,15,0,1,1,1.0,
202400015640,155 754 229,A01,2.0,7.0,0,2,4,2,1.0,
202400015641,155 754 228,A01,0.0,10.0,13,0,0,0,1.0,
202400015642,155 754 227,A01,3.0,2.0,0,0,0,0,1.0,
202400015643,155 754 223,A01,1.0,7.0,0,2,1,9,1.0,
202400015644,155 754 221,A01,2.0,7.0,15,0,1,1,1.0,
202400015645,155 754 222,A01,2.0,7.0,13,0,0,1,1.0,
202400015646,155 754 220,A01,1.0,10.0,3,0,1,1,1.0,
202400015647,155 754 219,A01,0.0,7.0,0,1,3,1,1.0,
202400015648,155 754 218,A01,2.0,7.0,0,0,0,0,1.0,
202400015649,155 754 216,A01,1.0,10.0,0,2,3,1,1.0,
202400015650,155 754 215,A01,1.0,7.0,13,0,9,17,1.0,
202400015651,155 754 214,A01,3.0,7.0,0,1,2,15,1.0,
202400015652,155 754 213,A01,2.0,33.0,0,0,2,14,1.0,
202400015653,155 754 212,A01,1.0,7.0,2,0,3,1,1.0,
202400015654,155 754 211,A01,2.0,7.0,6,0,1,13,1.0,
202400015655,155 754 210,A01,1.0,21.0,6,9,1,1,0.0,
202400015656,155 754 209,A01,1.0,7.0,0,1,3,1,1.0,
202400015657,155 754 208,A01,1.0,7.0,0,1,3,1,1.0,
202400015658,155 754 205,A01,2.0,7.0,0,2,2,2,1.0,
202400015659,155 754 204,A01,1.0,7.0,0,2,8,1,1.0,
202400015660,155 754 202,B01,1.0,7.0,0,2,4,2,1.0,
202400015661,155 754 201,A01,1.0,7.0,0,1,1,1,1.0,
202400015662,155 754 197,A01,1.0,15.0,0,2,1,2,1.0,
202400015663,155 754 196,A01,1.0,7.0,0,2,1,2,1.0,
202400015664,155 754 194,A01,2.0,7.0,0,2,2,12,1.0,
202400015665,155 754 193,A01,1.0,7.0,13,0,1,1,1.0,
202400015666,155 754 191,A01,2.0,10.0,0,2,1,1,1.0,
202400015667,155 754 189,B01,2.0,7.0,0,2,3,1,1.0,
202400015668,155 754 187,B01,2.0,10.0,0,2,5,1,1.0,
202400015669,155 754 185,A01,2.0,10.0,4,0,1,1,1.0,
202400015670,155 754 186,A01,1.0,7.0,1,0,3,13,1.0,
202400015671,155 754 181,A01,1.0,31.0,0,2,1,1,1.0,
202400015672,155 754 179,C01,1.0,7.0,0,2,1,1,1.0,
202400015673,155 754 176,B01,1.0,1.0,0,2,4,2,5.0,
202400015674,155 754 175,A01,2.0,7.0,0,2,3,9,1.0,
202400015675,155 754 172,A01,1.0,7.0,0,2,1,9,1.0,
202400015676,155 754 171,A01,1.0,7.0,0,2,3,5,1.0,
202400015677,155 754 168,B01,1.0,7.0,0,2,2,1,1.0,
202400015678,155 754 167,A01,1.0,7.0,0,2,1,17,1.0,
202400015679,155 754 164,A01,1.0,7.0,0,2,4,1,1.0,
202400015680,155 754 162,A01,1.0,7.0,0,2,1,13,1.0,
202400015681,155 754 156,C01,2.0,7.0,0,2,1,1,1.0,
202400015682,155 754 155,A01,1.0,10.0,0,2,4,1,1.0,
202400015683,155 754 154,A01,1.0,10.0,4,0,1,0,1.0,
202400015684,155 754 153,A01,0.0,50.0,0,0,1,0,3.0,
202400015685,155 754 151,A01,2.0,7.0,14,0,1,1,1.0,
202400015686,155 754 150,C01,1.0,7.0,0,2,1,19,1.0,
202400015687,155 754 147,B01,1.0,1.0,0,0,4,2,5.0,
202400015688,155 754 146,A01,1.0,7.0,0,2,3,15,1.0,
202400015689,155 754 143,A01,3.0,7.0,0,9,2,1,1.0,
202400015690,155 754 142,B01,3.0,1.0,0,0,0,0,5.0,
202400015691,155 754 138,A01,3.0,7.0,0,2,8,1,1.0,
202400015692,155 754 139,A01,3.0,7.0,0,2,1,1,1.0,
202400015693,155 754 137,A01,1.0,7.0,14,0,1,1,1.0,
202400015694,155 754 135,B01,1.0,31.0,0,0,0,0,1.0,
202400015695,155 754 134,A01,2.0,36.0,8,0,9,13,1.0,
202400015696,155 754 132,A01,2.0,7.0,13,0,1,14,1.0,
202400015697,155 754 131,A01,2.0,7.0,0,2,1,9,1.0,
202400015698,155 754 129,A01,2.0,7.0,0,2,8,1,1.0,
202400015699,155 754 127,A01,1.0,7.0,6,0,1,0,1.0,
202400015700,155 754 125,A01,2.0,50.0,1,0,0,1,3.0,
202400015701,155 754 122,A01,2.0,33.0,15,0,0,14,1.0,
202400015702,155 754 123,C01,2.0,7.0,0,2,4,2,1.0,
202400015703,155 754 119,A01,1.0,7.0,0,9,2,1,1.0,
202400015704,155 754 118,B01,1.0,7.0,0,2,6,2,1.0,
202400015705,155 754 117,A01,0.0,7.0,13,0,9,0,1.0,
202400015706,155 754 116,A01,2.0,33.0,3,0,0,17,1.0,
202400015707,155 754 114,A01,1.0,33.0,6,0,8,1,1.0,
202400015708,155 754 113,A01,1.0,7.0,0,2,7,1,1.0,
202400015709,155 754 111,A01,1.0,7.0,0,2,1,2,1.0,
202400015710,155 754 110,A01,1.0,33.0,4,0,3,17,1.0,
202400015711,155 754 108,B01,3.0,7.0,0,2,3,13,0.0,
202400015712,155 754 107,A01,2.0,7.0,8,0,1,0,1.0,
202400015713,155 754 104,A01,1.0,7.0,0,0,0,12,1.0,
202400015714,155 754 103,B01,1.0,7.0,0,2,3,1,1.0,
202400015715,155 754 101,A01,1.0,7.0,0,9,3,19,1.0,
202400015716,155 754 099,A01,2.0,7.0,1,2,8,9,1.0,
202400015717,155 754 097,A01,2.0,50.0,0,2,3,5,3.0,
202400015718,155 754 094,B01,1.0,1.0,0,2,7,1,5.0,
202400015719,155 754 093,B01,2.0,2.0,0,2,2,1,1.0,
202400015720,155 754 092,A01,1.0,7.0,0,1,1,17,1.0,
202400015721,155 754 090,A01,2.0,7.0,0,1,2,1,1.0,
202400015722,155 754 091,A01,1.0,7.0,0,1,3,15,1.0,
202400015723,155 754 088,A01,1.0,7.0,0,2,1,1,1.0,
202400015724,155 754 085,B01,1.0,7.0,0,2,2,2,1.0,
202400015725,155 754 087,A01,3.0,7.0,0,1,4,20,1.0,
202400015726,155 754 084,A01,1.0,50.0,0,0,8,1,3.0,
202400015727,155 754 082,B01,2.0,2.0,0,2,1,1,1.0,
202400015728,155 754 079,A01,3.0,7.0,0,2,0,15,1.0,
202400015729,155 754 081,A01,2.0,7.0,8,0,3,1,1.0,
202400015730,155 754 077,A01,1.0,33.0,0,2,7,1,1.0,
202400015731,155 754 075,A01,1.0,7.0,0,1,1,1,1.0,
202400015732,155 754 072,A01,2.0,10.0,0,2,3,1,1.0,
202400015733,155 754 074,A01,2.0,7.0,0,2,1,15,1.0,
202400015734,155 754 070,A01,2.0,7.0,0,2,2,1,1.0,
202400015735,155 754 068,A01,2.0,7.0,0,1,1,1,1.0,
202400015736,155 754 067,B01,2.0,33.0,0,2,7,1,1.0,
202400015737,155 754 065,B01,1.0,34.0,0,2,0,0,1.0,
202400015738,155 754 063,A01,2.0,50.0,0,2,1,2,3.0,
202400015739,155 754 060,A01,1.0,7.0,0,2,8,0,1.0,
202400015740,155 754 058,B01,1.0,2.0,0,2,4,1,1.0,
202400015741,155 754 057,A01,1.0,50.0,0,1,1,1,3.0,
202400015742,155 754 055,A01,1.0,2.0,0,2,7,1,1.0,
202400015743,155 754 052,A01,1.0,7.0,0,2,0,0,1.0,
202400015744,155 754 050,A01,2.0,7.0,0,2,3,13,2.0,
202400015745,155 754 049,A01,2.0,7.0,3,0,9,0,1.0,
202400015746,155 754 048,A01,2.0,10.0,6,0,1,21,1.0,
202400015747,155 754 046,A01,3.0,7.0,0,2,8,15,1.0,
202400015748,155 754 044,B01,2.0,80.0,0,2,7,2,3.0,
202400015749,155 754 041,B01,2.0,7.0,0,2,3,1,1.0,
202400015750,155 754 039,A01,1.0,10.0,0,2,3,1,1.0,
202400015751,155 754 038,A01,1.0,10.0,3,0,1,26,1.0,
202400015752,155 754 037,A01,2.0,1.0,0,0,0,1,5.0,
202400015753,155 754 035,A01,1.0,3.0,0,2,2,15,1.0,
202400015754,155 754 033,B01,2.0,50.0,0,2,1,1,3.0,
202400015755,155 754 032,A01,2.0,2.0,12,0,1,1,1.0,
202400015756,155 754 030,A01,0.0,7.0,0,2,7,16,1.0,
202400015757,155 754 029,A01,2.0,34.0,0,1,1,1,1.0,
202400015758,155 754 027,A01,1.0,7.0,0,2,1,15,6.0,
202400015759,155 754 026,A01,1.0,10.0,0,1,0,0,1.0,
202400015760,155 754 025,A01,2.0,80.0,0,0,7,1,3.0,
202400015761,155 754 024,A01,1.0,7.0,0,1,2,1,1.0,
202400015762,155 754 023,A01,1.0,7.0,6,2,1,14,1.0,
202400015763,155 754 018,A01,0.0,33.0,0,2,3,17,1.0,
202400015764,155 754 016,A01,1.0,7.0,0,2,3,3,1.0,
202400015765,155 754 014,A01,3.0,7.0,0,2,3,15,1.0,
202400015766,155 754 012,B01,3.0,7.0,0,2,5,12,1.0,
202400015767,155 754 011,A01,3.0,7.0,0,1,2,1,1.0,
202400015768,155 754 009,A01,2.0,7.0,0,2,1,1,1.0,
202400015769,155 754 008,A01,2.0,32.0,0,1,3,12,1.0,
202400015770,155 754 006,B01,1.0,7.0,0,2,1,1,2.0,
202400015771,155 754 005,A01,1.0,7.0,0,1,1,1,2.0,
202400015772,155 754 003,A01,1.0,7.0,0,2,5,16,1.0,
202400015773,155 754 002,A01,1.0,7.0,3,9,1,13,1.0,
202400015774,155 754 001,A01,1.0,7.0,0,1,1,1,1.0,
202400015775,155 754 000,A01,1.0,10.0,0,1,2,16,1.0,
202400015776,155 753 997,C01,2.0,33.0,10,0,8,24,1.0,
202400015777,155 753 995,A01,2.0,2.0,0,2,1,1,1.0,
202400015778,155 753 993,A01,1.0,7.0,0,2,4,14,0.0,
202400015779,155 753 991,B01,3.0,2.0,0,2,1,0,1.0,
202400015780,155 753 989,A01,2.0,7.0,0,2,3,1,1.0,
202400015781,155 753 988,A01,2.0,7.0,1,0,8,1,1.0,
202400015782,155 753 986,B01,0.0,1.0,0,2,4,1,5.0,
202400015783,155 753 985,A01,1.0,10.0,10,0,1,26,0.0,
202400015784,155 753 984,A01,3.0,0.0,0,1,7,26,0.0,
202400015785,155 753 982,A01,1.0,7.0,0,1,2,1,0.0,
202400015786,155 753 981,A01,1.0,30.0,0,2,1,1,1.0,
202400015787,155 753 979,B01,1.0,1.0,1,0,1,1,5.0,
202400015788,155 753 978,A01,2.0,7.0,3,0,7,14,1.0,
202400015789,155 753 975,A01,2.0,32.0,0,2,1,17,1.0,
202400015790,155 753 970,A01,1.0,7.0,0,2,1,1,1.0,
202400015791,155 753 968,A01,3.0,2.0,0,2,8,1,1.0,
202400015792,155 753 967,A01,1.0,10.0,0,1,1,1,1.0,
202400015793,155 753 969,B01,2.0,33.0,0,0,5,26,1.0,
202400015794,155 753 966,A01,2.0,1.0,0,0,0,1,5.0,
202400015795,155 753 965,A01,1.0,50.0,0,1,1,1,3.0,
202400015796,155 753 964,A01,1.0,2.0,0,0,0,1,1.0,
202400015797,155 753 962,A01,2.0,7.0,0,2,1,1,1.0,
202400015798,155 753 961,A01,1.0,7.0,0,1,1,1,1.0,
202400015799,155 753 959,B01,1.0,7.0,0,2,4,23,1.0,
202400015800,155 753 955,A01,1.0,7.0,0,2,2,16,0.0,
202400015801,155 753 956,B01,2.0,10.0,0,0,3,1,1.0,
202400015802,155 753 953,A01,2.0,7.0,0,2,2,1,1.0,
202400015803,155 753 952,A01,1.0,7.0,0,1,4,1,1.0,
202400015804,155 753 951,A01,1.0,10.0,13,0,1,2,1.0,
202400015805,155 753 950,A01,1.0,7.0,6,0,1,6,1.0,
202400015806,155 753 948,A01,3.0,2.0,0,0,0,13,1.0,
202400015807,155 753 947,B01,1.0,7.0,0,2,1,1,1.0,
202400015808,155 753 944,A01,3.0,7.0,0,1,1,2,1.0,
202400015809,155 753 939,A01,1.0,7.0,0,2,2,15,1.0,
202400015810,155 753 941,A01,2.0,33.0,0,2,1,2,1.0,
202400015811,155 753 938,A01,1.0,7.0,0,2,8,1,1.0,
202400015812,155 753 933,A01,1.0,7.0,17,6,1,1,1.0,
202400015813,155 753 931,A01,2.0,7.0,0,1,1,1,1.0,
202400015814,155 753 932,A01,2.0,7.0,0,2,6,11,1.0,
202400015815,155 753 927,B01,1.0,1.0,0,0,8,1,5.0,
202400015816,155 753 925,A01,3.0,50.0,0,2,0,0,3.0,
202400015817,155 753 924,A01,1.0,10.0,0,1,2,0,3.0,
202400015818,155 753 923,A01,3.0,7.0,13,0,3,13,1.0,
202400015819,155 753 921,A01,1.0,7.0,3,0,0,1,1.0,
202400015820,155 753 918,A01,1.0,7.0,0,2,1,1,1.0,
202400015821,155 753 917,A01,1.0,7.0,8,0,1,1,1.0,
202400015822,155 753 912,A01,1.0,2.0,1,0,5,2,1.0,
202400015823,155 753 911,B01,2.0,7.0,0,2,8,15,1.0,
202400015824,155 753 910,B01,2.0,7.0,4,0,9,0,1.0,
202400015825,155 753 907,B01,3.0,31.0,0,0,0,0,0.0,
202400015826,155 753 906,B01,2.0,2.0,0,2,7,1,1.0,
202400015827,155 753 905,A01,1.0,10.0,0,1,8,26,1.0,
202400015828,155 753 901,B01,1.0,7.0,0,9,2,1,1.0,
202400015829,155 753 899,A01,3.0,33.0,0,2,1,18,1.0,
202400015830,155 753 900,A01,1.0,7.0,0,2,1,19,1.0,
202400015831,155 753 896,A01,3.0,7.0,0,2,3,9,2.0,
202400015832,155 753 894,A01,1.0,7.0,0,2,8,9,1.0,
202400015833,155 753 893,A01,1.0,7.0,0,0,4,2,1.0,
202400015834,155 753 890,A01,2.0,7.0,0,2,1,2,1.0,
202400015835,155 753 889,A01,2.0,1.0,0,2,3,15,5.0,
202400015836,155 753 888,A01,2.0,7.0,2,0,1,1,1.0,
202400015837,155 753 885,A01,1.0,7.0,0,2,3,9,1.0,
202400015838,155 753 884,B01,2.0,30.0,0,2,1,1,1.0,
202400015839,155 753 880,A01,1.0,7.0,0,2,8,1,1.0,
202400015840,155 753 881,A01,3.0,33.0,0,0,8,1,1.0,
202400015841,155 753 877,A01,1.0,7.0,6,0,1,1,1.0,
202400015842,155 753 878,B01,0.0,7.0,0,2,1,0,1.0,
202400015843,155 753 873,B01,2.0,10.0,0,2,4,23,1.0,
202400015844,155 753 874,A01,2.0,2.0,0,2,1,1,1.0,
202400015845,155 753 869,A01,3.0,7.0,0,2,1,5,1.0,
202400015846,155 753 868,A01,3.0,1.0,0,0,0,1,5.0,
202400015847,155 753 866,B01,1.0,33.0,0,2,3,1,1.0,
202400015848,155 753 863,C01,2.0,7.0,0,2,1,10,0.0,
202400015849,155 753 860,A01,1.0,7.0,8,2,2,1,1.0,
202400015850,155 753 859,B01,0.0,33.0,0,2,2,16,1.0,
202400015851,155 753 858,A01,2.0,7.0,0,1,3,1,1.0,
202400015852,155 753 854,B01,0.0,7.0,0,2,2,1,1.0,
202400015853,155 753 853,A01,1.0,33.0,0,2,1,3,1.0,
202400015854,155 753 848,B01,2.0,33.0,0,2,1,1,1.0,
202400015855,155 753 850,A01,3.0,7.0,0,2,2,15,1.0,
202400015856,155 753 847,B01,1.0,80.0,0,2,8,1,3.0,
202400015857,155 753 846,A01,3.0,7.0,7,0,9,26,1.0,
202400015858,155 753 844,A01,2.0,10.0,0,2,5,15,1.0,
202400015859,155 753 839,A01,1.0,7.0,0,2,2,1,1.0,
202400015860,155 753 838,B01,1.0,33.0,0,2,0,0,1.0,
202400015861,155 753 835,A01,0.0,7.0,0,0,3,26,1.0,
202400015862,155 753 834,A01,2.0,7.0,0,2,1,1,1.0,
202400015863,155 753 833,A01,1.0,2.0,0,2,5,17,1.0,
202400015864,155 753 831,A01,1.0,7.0,0,2,3,15,2.0,
202400015865,155 753 828,A01,3.0,7.0,0,2,3,0,2.0,
202400015866,155 753 827,A01,1.0,30.0,0,0,1,0,1.0,
202400015867,155 753 825,A01,1.0,7.0,0,1,2,2,1.0,
202400015868,155 753 823,A01,2.0,10.0,0,2,3,1,1.0,
202400015869,155 753 822,B01,1.0,2.0,0,2,8,1,1.0,
202400015870,155 753 821,Z01,2.0,7.0,1,0,0,20,1.0,
202400015871,155 753 820,A01,3.0,2.0,0,0,7,1,1.0,
202400015872,155 753 817,A01,1.0,7.0,0,2,2,2,2.0,
202400015873,155 753 816,B01,2.0,7.0,0,2,6,19,1.0,
202400015874,155 753 814,B01,2.0,33.0,0,2,1,2,1.0,
202400015875,155 753 813,A01,1.0,7.0,4,0,1,1,1.0,
202400015876,155 753 811,A01,1.0,34.0,0,2,1,1,1.0,
202400015877,155 753 810,A01,2.0,10.0,0,2,7,1,1.0,
202400015878,155 753 805,B01,1.0,7.0,0,2,4,2,1.0,
202400015879,155 753 803,A01,3.0,37.0,0,2,1,1,3.0,4
202400015880,155 753 802,A01,1.0,31.0,7,0,2,2,1.0,
202400015881,155 753 800,A01,2.0,33.0,0,2,1,1,1.0,