Num_Acc,id_vehicule,num_veh,senc,catv,obs,obsm,choc,manv,motor,occutc
202400015882,155 753 797,A01,3.0,7.0,0,2,1,1,1.0,
202400015883,155 753 798,A01,3.0,7.0,0,1,1,15,1.0,
202400015884,155 753 794,A01,2.0,7.0,0,1,3,1,2.0,
202400015885,155 753 791,A01,3.0,33.0,0,2,1,1,1.0,
202400015886,155 753 792,A01,2.0,10.0,0,2,1,2,1.0,
202400015887,155 753 789,A01,2.0,7.0,0,2,1,2,2.0,
202400015888,155 753 786,B01,1.0,1.0,0,2,1,17,5.0,
202400015889,155 753 784,A01,1.0,33.0,12,0,1,21,1.0,
202400015890,155 753 783,C01,1.0,7.0,0,2,4,2,1.0,
202400015891,155 753 779,A01,1.0,7.0,0,2,3,16,2.0,
202400015892,155 753 778,C01,2.0,7.0,0,2,3,22,1.0,
202400015893,155 753 776,A01,2.0,7.0,0,2,6,11,1.0,
202400015894,155 753 773,Z01,2.0,32.0,0,9,1,26,0.0,
202400015895,155 753 772,A01,2.0,7.0,4,0,3,13,1.0,
202400015896,155 753 771,B01,2.0,80.0,0,2,1,1,3.0,
202400015897,155 753 766,A01,1.0,7.0,0,2,5,16,1.0,
202400015898,155 753 767,A01,1.0,7.0,0,2,4,24,1.0,
202400015899,155 753 762,A01,2.0,7.0,0,2,2,12,1.0,
202400015900,155 753 759,A01,1.0,2.0,0,2,1,9,1.0,
202400015901,155 753 760,A01,1.0,1.0,0,0,0,1,5.0,
202400015902,155 753 758,B01,1.0,7.0,0,0,5,2,1.0,
202400015903,155 753 755,A01,1.0,31.0,0,0,8,26,1.0,
202400015904,155 753 754,B01,2.0,7.0,0,2,4,2,1.0,
202400015905,155 753 752,B01,2.0,33.0,0,2,1,26,1.0,
202400015906,155 753 751,Z01,3.0,10.0,0,2,2,1,0.0,
202400015907,155 753 748,A01,1.0,33.0,0,0,0,0,1.0,
202400015908,155 753 750,A01,1.0,7.0,3,0,1,1,1.0,
202400015909,155 753 747,A01,2.0,31.0,0,2,1,1,3.0,
202400015910,155 753 745,A01,2.0,7.0,4,0,1,16,1.0,
202400015911,155 753 743,B01,2.0,7.0,0,2,0,0,1.0,
202400015912,155 753 741,A01,2.0,7.0,4,0,1,2,1.0,
202400015913,155 753 739,A01,1.0,7.0,6,2,7,19,1.0,
202400015914,155 753 740,B01,2.0,33.0,0,9,1,1,1.0,
202400015915,155 753 738,A01,1.0,37.0,1,1,7,11,1.0,1
202400015916,155 753 735,A01,2.0,17.0,0,2,1,9,1.0,
202400015917,155 753 733,A01,2.0,99.0,0,2,6,23,1.0,
202400015918,155 753 732,B01,1.0,50.0,0,2,7,1,3.0,
202400015919,155 753 728,A01,2.0,7.0,0,2,2,26,2.0,
202400015920,155 753 726,A01,1.0,30.0,0,2,3,15,1.0,
202400015921,155 753 725,A01,2.0,31.0,0,2,1,12,1.0,
202400015922,155 753 720,A01,3.0,0.0,0,1,0,0,0.0,
202400015923,155 753 722,A01,1.0,32.0,0,2,3,21,1.0,
202400015924,155 753 719,Z01,1.0,10.0,0,2,1,1,1.0,
202400015925,155 753 718,A01,3.0,7.0,6,0,1,0,0.0,
202400015926,155 753 716,A01,2.0,31.0,0,2,8,11,1.0,
202400015927,155 753 715,A01,0.0,32.0,0,0,0,1,1.0,
202400015928,155 753 713,B01,0.0,0.0,0,2,0,2,1.0,
202400015929,155 753 712,A01,3.0,10.0,0,1,1,1,0.0,
202400015930,155 753 710,A01,1.0,15.0,0,2,2,12,1.0,
202400015931,155 753 706,A01,1.0,7.0,4,0,1,26,1.0,
202400015932,155 753 704,A01,2.0,10.0,0,2,2,15,1.0,
202400015933,155 753 707,A01,3.0,7.0,0,2,3,1,1.0,
202400015934,155 753 703,B01,1.0,7.0,0,2,8,1,1.0,
202400015935,155 753 700,A01,2.0,10.0,4,0,3,26,1.0,
202400015936,155 753 698,B01,3.0,2.0,0,2,4,23,3.0,
202400015937,155 753 699,A01,1.0,7.0,15,0,1,1,1.0,
202400015938,155 753 697,B01,0.0,99.0,0,2,1,0,0.0,
202400015939,155 753 696,A01,2.0,7.0,0,0,0,1,1.0,
202400015940,155 753 693,A01,3.0,7.0,2,0,1,1,1.0,
202400015941,155 753 691,B01,1.0,7.0,0,2,2,5,0.0,
202400015942,155 753 690,A01,2.0,7.0,0,0,4,1,1.0,
202400015943,155 753 688,B01,3.0,2.0,0,2,1,17,1.0,
202400015944,155 753 687,A01,3.0,7.0,0,1,0,16,0.0,
202400015945,155 753 683,A01,1.0,7.0,0,2,0,15,1.0,
202400015946,155 753 684,A01,3.0,7.0,0,2,6,2,0.0,
202400015947,155 753 680,A01,2.0,7.0,0,2,1,2,1.0,
202400015948,155 753 679,A01,3.0,7.0,2,2,5,9,1.0,
202400015949,155 753 674,A01,1.0,7.0,0,2,3,13,1.0,
202400015950,155 753 673,B01,1.0,7.0,0,2,1,1,1.0,
202400015951,155 753 672,B01,1.0,7.0,0,2,1,2,1.0,
202400015952,155 753 671,A01,3.0,7.0,0,2,2,1,1.0,
202400015953,155 753 670,A01,2.0,15.0,0,0,7,1,1.0,
202400015954,155 753 668,A01,3.0,7.0,0,9,2,15,1.0,
202400015955,155 753 666,A01,1.0,32.0,0,2,1,17,1.0,
202400015956,155 753 662,A01,2.0,7.0,0,2,1,17,1.0,
202400015957,155 753 661,A01,2.0,7.0,4,0,4,23,1.0,
202400015958,155 753 660,A01,2.0,30.0,0,1,1,26,3.0,
202400015959,155 753 657,A01,1.0,7.0,13,0,1,1,1.0,
202400015960,155 753 658,C01,2.0,10.0,0,2,4,23,1.0,
202400015961,155 753 655,A01,1.0,7.0,0,1,0,1,1.0,
202400015962,155 753 653,A01,0.0,7.0,0,2,3,0,1.0,
202400015963,155 753 651,A01,1.0,14.0,0,2,3,13,1.0,
202400015964,155 753 650,B01,0.0,7.0,0,2,1,9,1.0,
202400015965,155 753 648,A01,1.0,7.0,0,2,1,1,1.0,
202400015966,155 753 646,A01,1.0,7.0,8,0,1,14,1.0,
202400015967,155 753 645,A01,1.0,2.0,0,0,4,1,1.0,
202400015968,155 753 641,B01,2.0,32.0,0,0,0,5,0.0,
202400015969,155 753 639,B01,1.0,2.0,0,2,8,1,1.0,
202400015970,155 753 638,A01,2.0,34.0,0,2,1,17,1.0,
202400015971,155 753 637,B01,2.0,7.0,0,0,4,15,1.0,
202400015972,155 753 636,A01,3.0,2.0,0,0,0,1,1.0,
202400015973,155 753 634,B01,3.0,33.0,0,2,1,1,1.0,
202400015974,155 753 633,A01,1.0,7.0,0,1,1,1,1.0,
202400015975,155 753 630,A01,1.0,7.0,0,2,3,13,1.0,
202400015976,155 753 631,A01,1.0,7.0,2,0,8,1,1.0,
202400015977,155 753 629,A01,3.0,7.0,0,1,1,16,1.0,
202400015978,155 753 628,A01,1.0,7.0,13,0,0,0,1.0,
202400015979,155 753 624,A01,1.0,10.0,0,2,2,10,1.0,
202400015980,155 753 623,A01,2.0,7.0,0,2,7,1,1.0,
202400015981,155 753 619,A01,1.0,7.0,5,0,1,1,1.0,
202400015982,155 753 621,B01,1.0,1.0,0,2,0,0,5.0,
202400015983,155 753 618,A01,1.0,7.0,0,0,4,23,1.0,
202400015984,155 753 616,A01,3.0,7.0,14,1,3,0,1.0,
202400015985,155 753 613,A01,1.0,7.0,0,1,6,4,1.0,
202400015986,155 753 614,A01,0.0,7.0,0,2,3,16,0.0,
202400015987,155 753 612,A01,1.0,7.0,0,2,1,2,0.0,
202400015988,155 753 611,A01,1.0,2.0,0,0,0,1,1.0,
202400015989,155 753 610,A01,3.0,7.0,3,0,1,1,2.0,
202400015990,155 753 608,A01,3.0,1.0,0,0,9,13,5.0,
202400015991,155 753 606,Z01,3.0,7.0,1,0,0,26,1.0,
202400015992,155 753 605,A01,2.0,7.0,13,2,1,17,1.0,
202400015993,155 753 604,A01,3.0,7.0,0,1,3,15,1.0,
202400015994,155 753 603,A01,1.0,7.0,0,1,1,1,1.0,
202400015995,155 753 600,A01,1.0,7.0,15,0,3,19,1.0,
202400015996,155 753 599,A01,2.0,7.0,0,2,3,1,1.0,
202400015997,155 753 597,A01,1.0,7.0,0,2,2,15,1.0,
202400015998,155 753 596,B01,2.0,10.0,13,2,1,2,1.0,
202400015999,155 753 593,B01,1.0,1.0,0,2,0,0,5.0,
202400016000,155 753 594,A01,1.0,7.0,15,0,1,1,1.0,
202400016001,155 753 590,B01,1.0,7.0,0,9,5,15,2.0,
202400016002,155 753 589,B01,1.0,7.0,0,2,3,1,1.0,
202400016003,155 753 588,A01,1.0,33.0,0,0,0,1,1.0,
202400016004,155 753 584,B01,1.0,10.0,0,2,8,9,1.0,
202400016005,155 753 583,A01,1.0,10.0,0,2,3,1,1.0,
202400016006,155 753 581,A01,1.0,7.0,14,0,9,5,1.0,
202400016007,155 753 579,B01,0.0,7.0,0,0,1,1,1.0,
202400016008,155 753 580,A01,1.0,7.0,0,9,1,1,1.0,
202400016009,155 753 578,A01,2.0,7.0,4,0,3,1,1.0,
202400016010,155 753 574,A01,2.0,7.0,0,2,2,1,1.0,
202400016011,155 753 573,A01,0.0,33.0,0,2,0,1,1.0,
202400016012,155 753 572,A01,1.0,7.0,2,0,9,0,1.0,
202400016013,155 753 571,A01,1.0,7.0,0,9,2,1,1.0,
202400016014,155 753 567,A01,1.0,7.0,16,0,9,1,1.0,
202400016015,155 753 566,B01,1.0,7.0,0,2,1,1,1.0,
202400016016,155 753 565,A01,1.0,7.0,0,2,2,16,1.0,
202400016017,155 753 564,A01,0.0,33.0,0,2,1,18,1.0,
202400016018,155 753 558,A01,1.0,7.0,0,2,1,5,1.0,
202400016019,155 753 557,B01,2.0,7.0,0,2,5,2,1.0,
202400016020,155 753 556,B01,2.0,7.0,0,2,2,15,1.0,
202400016021,155 753 552,A01,2.0,7.0,0,2,1,13,1.0,
202400016022,155 753 550,A01,1.0,7.0,0,2,1,26,1.0,
202400016023,155 753 551,A01,2.0,7.0,0,2,1,1,1.0,
202400016024,155 753 547,A01,2.0,10.0,0,2,3,13,1.0,
202400016025,155 753 546,A01,1.0,7.0,0,2,1,0,1.0,
202400016026,155 753 545,A01,1.0,32.0,0,0,1,1,1.0,
202400016027,155 753 543,A01,1.0,7.0,0,1,1,15,2.0,
202400016028,155 753 542,A01,3.0,7.0,0,0,9,1,1.0,
202400016029,155 753 540,A01,3.0,7.0,0,0,8,2,1.0,
202400016030,155 753 539,A01,2.0,10.0,0,2,8,1,1.0,
202400016031,155 753 538,A01,2.0,7.0,0,1,1,1,1.0,
202400016032,155 753 537,A01,2.0,7.0,0,1,2,1,1.0,
202400016033,155 753 533,A01,3.0,7.0,0,2,1,1,1.0,
202400016034,155 753 532,B01,0.0,50.0,0,2,0,0,3.0,
202400016035,155 753 530,A01,2.0,7.0,0,2,8,9,1.0,
202400016036,155 753 528,A01,0.0,7.0,0,2,3,1,1.0,
202400016037,155 753 525,A01,1.0,7.0,0,2,1,9,1.0,
202400016038,155 753 523,A01,2.0,31.0,0,2,1,13,1.0,
202400016039,155 753 522,A01,1.0,7.0,2,0,3,1,1.0,
202400016040,155 753 521,A01,2.0,1.0,0,2,7,17,5.0,
202400016041,155 753 520,Z01,1.0,0.0,0,0,0,26,0.0,
202400016042,155 753 514,A01,1.0,10.0,0,1,8,1,1.0,
202400016043,155 753 516,A01,1.0,7.0,0,0,1,11,1.0,
202400016044,155 753 513,A01,3.0,7.0,0,2,2,9,1.0,
202400016045,155 753 512,A01,1.0,7.0,0,2,6,1,3.0,
202400016046,155 753 511,A01,2.0,7.0,8,0,1,0,1.0,
202400016047,155 753 508,A01,2.0,7.0,2,0,3,14,1.0,
202400016048,155 753 506,A01,2.0,7.0,3,0,3,1,1.0,
202400016049,155 753 507,A01,2.0,7.0,0,2,2,15,1.0,
202400016050,155 753 503,A01,1.0,34.0,0,2,7,2,1.0,
202400016051,155 753 504,A01,1.0,7.0,2,0,2,1,1.0,
202400016052,155 753 502,A01,1.0,7.0,13,0,7,1,1.0,
202400016053,155 753 499,A01,1.0,3.0,0,1,2,1,1.0,
202400016054,155 753 498,A01,1.0,33.0,3,0,1,1,1.0,
202400016055,155 753 496,A01,2.0,7.0,13,0,0,19,1.0,
202400016056,155 753 495,B01,3.0,37.0,0,2,2,19,6.0,1
202400016057,155 753 492,A01,2.0,17.0,0,1,3,2,1.0,
202400016058,155 753 491,B01,2.0,7.0,13,2,3,1,0.0,
202400016059,155 753 489,A01,2.0,7.0,0,2,3,9,1.0,
202400016060,155 753 488,A01,3.0,7.0,0,2,1,2,1.0,
202400016061,155 753 486,A01,1.0,2.0,12,0,7,1,3.0,
202400016062,155 753 484,A01,2.0,10.0,3,2,1,2,1.0,
202400016063,155 753 483,A01,2.0,7.0,0,2,3,1,1.0,
202400016064,155 753 482,A01,2.0,1.0,0,0,1,1,5.0,
202400016065,155 753 478,B01,2.0,7.0,0,2,1,2,1.0,
202400016066,155 753 476,A01,2.0,33.0,0,2,1,3,1.0,
202400016067,155 753 475,A01,1.0,33.0,13,0,7,14,1.0,
202400016068,155 753 474,A01,1.0,7.0,0,1,3,1,1.0,
202400016069,155 753 471,A01,2.0,15.0,0,2,3,1,1.0,
202400016070,155 753 466,B01,2.0,7.0,0,2,3,1,1.0,
202400016071,155 753 464,A01,1.0,7.0,0,2,3,17,1.0,
202400016072,155 753 463,A01,2.0,7.0,0,2,5,13,1.0,
202400016073,155 753 461,A01,2.0,7.0,0,2,1,1,1.0,
202400016074,155 753 459,A01,1.0,7.0,13,0,3,13,1.0,
202400016075,155 753 460,A01,1.0,7.0,0,1,1,1,1.0,
202400016076,155 753 458,A01,1.0,7.0,0,1,2,1,1.0,
202400016077,155 753 456,A01,1.0,36.0,6,0,3,0,1.0,
202400016078,155 753 457,A01,2.0,7.0,2,0,1,13,0.0,
202400016079,155 753 455,B01,1.0,30.0,0,2,0,0,0.0,
202400016080,155 753 454,A01,3.0,7.0,0,1,3,1,1.0,
202400016081,155 753 453,A01,1.0,7.0,0,0,0,2,1.0,
202400016082,155 753 451,A01,2.0,7.0,15,0,1,13,1.0,
202400016083,155 753 449,A01,2.0,7.0,0,1,3,1,2.0,
202400016084,155 753 448,A01,1.0,7.0,16,2,2,13,1.0,
202400016085,155 753 447,B01,2.0,7.0,0,2,4,1,1.0,
202400016086,155 753 445,A01,3.0,7.0,0,2,3,1,1.0,
202400016087,155 753 441,Z01,2.0,30.0,0,1,1,1,1.0,
202400016088,155 753 442,A01,2.0,7.0,3,0,3,13,1.0,
202400016089,155 753 443,A01,1.0,10.0,15,0,1,1,1.0,
202400016090,155 753 439,C01,1.0,7.0,0,2,2,1,1.0,
202400016091,155 753 438,A01,2.0,43.0,12,0,0,1,1.0,
202400016092,155 753 435,A01,1.0,7.0,0,2,8,19,1.0,
202400016093,155 753 434,A01,1.0,7.0,1,1,2,1,1.0,
202400016094,155 753 433,A01,2.0,7.0,0,2,3,13,1.0,
202400016095,155 753 432,A01,1.0,33.0,13,0,8,1,1.0,
202400016096,155 753 431,A01,1.0,7.0,2,0,1,1,1.0,
202400016097,155 753 429,A01,1.0,7.0,0,1,3,4,1.0,
202400016098,155 753 428,A01,1.0,7.0,0,0,0,1,1.0,
202400016099,155 753 427,B01,2.0,7.0,0,2,8,1,1.0,
202400016100,155 753 426,A01,1.0,7.0,0,0,2,0,1.0,
202400016101,155 753 423,B01,0.0,50.0,0,2,1,1,3.0,
202400016102,155 753 421,A01,2.0,7.0,0,9,1,1,1.0,
202400016103,155 753 419,B01,2.0,10.0,0,2,1,17,1.0,
202400016104,155 753 418,A01,3.0,7.0,0,1,1,1,1.0,
202400016105,155 753 415,A01,2.0,7.0,13,2,1,5,1.0,
202400016106,155 753 413,B01,0.0,1.0,0,2,1,16,5.0,
202400016107,155 753 412,A01,3.0,7.0,0,2,8,1,1.0,
202400016108,155 753 411,A01,1.0,31.0,15,0,1,14,1.0,
202400016109,155 753 409,A01,1.0,7.0,6,0,1,14,1.0,
202400016110,155 753 408,A01,1.0,7.0,0,1,1,1,1.0,
202400016111,155 753 405,A01,1.0,7.0,0,2,3,9,2.0,
202400016112,155 753 403,A01,1.0,7.0,0,2,1,1,1.0,
202400016113,155 753 400,B01,3.0,7.0,0,0,3,15,1.0,
202400016114,155 753 391,C01,2.0,10.0,0,2,3,1,1.0,
202400016115,155 753 390,A01,1.0,7.0,14,0,1,26,1.0,
202400016116,155 753 389,D01,2.0,7.0,14,0,1,2,1.0,
202400016117,155 753 387,A01,1.0,7.0,0,2,1,19,1.0,
202400016118,155 753 385,A01,2.0,7.0,3,0,2,1,1.0,
202400016119,155 753 386,A01,3.0,31.0,12,0,1,13,1.0,
202400016120,155 753 383,A01,2.0,31.0,8,0,3,13,1.0,
202400016121,155 753 384,A01,3.0,7.0,0,1,1,1,1.0,
202400016122,155 753 382,A01,0.0,7.0,0,1,1,1,1.0,
202400016123,155 753 378,C01,1.0,7.0,0,2,4,2,1.0,
202400016124,155 753 377,A01,0.0,2.0,12,0,1,1,1.0,
202400016125,155 753 375,B01,3.0,7.0,0,2,2,15,1.0,
202400016126,155 753 371,B01,2.0,7.0,0,2,4,2,1.0,
202400016127,155 753 370,A01,1.0,7.0,0,1,7,1,1.0,
202400016128,155 753 369,B01,0.0,7.0,0,2,5,1,1.0,
202400016129,155 753 367,A01,2.0,7.0,0,2,4,1,1.0,
202400016130,155 753 366,A01,2.0,7.0,13,0,8,1,1.0,
202400016131,155 753 365,A01,1.0,7.0,7,0,1,16,2.0,
202400016132,155 753 361,A01,1.0,7.0,0,2,4,2,1.0,
202400016133,155 753 362,B01,1.0,7.0,0,2,2,1,1.0,
202400016134,155 753 359,A01,2.0,7.0,4,0,3,0,1.0,
202400016135,155 753 358,A01,1.0,33.0,0,2,8,3,1.0,
202400016136,155 753 357,A01,3.0,10.0,9,0,1,1,0.0,
202400016137,155 753 354,A01,1.0,7.0,14,0,3,12,1.0,
202400016138,155 753 350,D01,1.0,7.0,0,2,4,23,1.0,
202400016139,155 753 351,B01,3.0,7.0,0,2,1,1,1.0,
202400016140,155 753 347,A01,3.0,7.0,11,0,1,13,1.0,
202400016141,155 753 345,A01,1.0,33.0,0,2,1,1,1.0,
202400016142,155 753 344,A01,1.0,7.0,0,2,1,2,1.0,
202400016143,155 753 343,A01,1.0,7.0,0,1,2,1,1.0,
202400016144,155 753 341,A01,1.0,33.0,0,2,1,0,1.0,
202400016145,155 753 338,B01,1.0,7.0,0,2,5,1,1.0,
202400016146,155 753 339,A01,2.0,7.0,0,2,1,2,1.0,
202400016147,155 753 336,A01,3.0,7.0,0,2,1,1,1.0,
202400016148,155 753 334,A01,0.0,7.0,0,2,1,26,1.0,
202400016149,155 753 331,A01,2.0,30.0,0,2,1,2,1.0,
202400016150,155 753 332,A01,1.0,7.0,3,0,1,16,1.0,
202400016151,155 753 329,A01,1.0,30.0,0,0,0,15,1.0,
202400016152,155 753 325,A01,1.0,7.0,0,2,2,26,3.0,
202400016153,155 753 323,A01,1.0,7.0,0,2,8,15,1.0,
202400016154,155 753 321,A01,3.0,7.0,0,1,8,21,1.0,
202400016155,155 753 322,B01,2.0,7.0,0,2,4,21,1.0,
202400016156,155 753 319,B01,1.0,32.0,0,2,1,2,1.0,
202400016157,155 753 317,A01,2.0,30.0,0,2,1,2,1.0,
202400016158,155 753 315,A01,1.0,7.0,0,1,3,15,1.0,
202400016159,155 753 314,A01,2.0,7.0,0,2,1,2,1.0,
202400016160,155 753 311,A01,1.0,7.0,0,2,1,19,1.0,
202400016161,155 753 310,A01,2.0,31.0,0,2,1,1,1.0,
202400016162,155 753 308,A01,1.0,7.0,15,1,2,1,0.0,
202400016163,155 753 307,A01,1.0,7.0,0,1,1,1,2.0,
202400016164,155 753 305,C01,1.0,7.0,0,2,4,2,2.0,
202400016165,155 753 303,A01,3.0,37.0,0,0,0,9,1.0,1
202400016166,155 753 300,A01,2.0,30.0,0,2,1,17,1.0,
202400016167,155 753 299,B01,1.0,7.0,0,2,4,1,1.0,
202400016168,155 753 297,B01,1.0,30.0,0,2,1,1,1.0,
202400016169,155 753 296,A01,2.0,10.0,0,1,1,1,1.0,
202400016170,155 753 292,Z01,2.0,7.0,14,0,8,9,3.0,
202400016171,155 753 290,B01,1.0,34.0,0,2,1,17,1.0,
202400016172,155 753 291,B01,1.0,7.0,0,2,4,2,2.0,
202400016173,155 753 289,A01,3.0,7.0,0,1,2,1,1.0,
202400016174,155 753 288,A01,1.0,7.0,0,1,2,1,1.0,
202400016175,155 753 287,A01,1.0,10.0,0,1,2,2,1.0,
202400016176,155 753 283,A01,3.0,1.0,0,0,0,0,5.0,
202400016177,155 753 281,B01,1.0,7.0,0,2,1,0,1.0,
202400016178,155 753 282,A01,1.0,7.0,0,2,3,1,1.0,
202400016179,155 753 277,A01,1.0,7.0,0,2,1,15,1.0,
202400016180,155 753 278,B01,1.0,1.0,0,2,0,19,5.0,
202400016181,155 753 276,A01,2.0,7.0,0,1,4,26,0.0,
202400016182,155 753 275,A01,2.0,7.0,12,1,1,15,1.0,
202400016183,155 753 274,A01,1.0,7.0,1,0,3,1,1.0,
202400016184,155 753 273,A01,3.0,7.0,0,1,2,12,1.0,
202400016185,155 753 271,A01,2.0,50.0,0,2,1,1,3.0,
202400016186,155 753 268,A01,2.0,2.0,0,0,8,15,1.0,
202400016187,155 753 267,A01,3.0,10.0,0,2,2,1,0.0,
202400016188,155 753 259,B01,1.0,33.0,0,2,7,17,1.0,
202400016189,155 753 258,C01,2.0,10.0,0,2,2,2,1.0,
202400016190,155 753 257,B01,1.0,7.0,0,2,3,1,1.0,
202400016191,155 753 256,B01,3.0,7.0,0,2,7,1,1.0,
202400016192,155 753 254,B01,2.0,7.0,0,2,2,17,1.0,
202400016193,155 753 251,B01,1.0,50.0,0,2,1,2,3.0,
202400016194,155 753 249,A01,1.0,7.0,0,1,3,13,1.0,
202400016195,155 753 248,A01,0.0,50.0,12,0,1,0,3.0,
202400016196,155 753 245,A01,1.0,7.0,0,1,5,1,1.0,
202400016197,155 753 246,A01,0.0,10.0,0,2,3,10,1.0,
202400016198,155 753 244,A01,1.0,7.0,0,0,0,26,1.0,
202400016199,155 753 241,B01,2.0,33.0,0,2,1,13,1.0,
202400016200,155 753 239,B01,3.0,10.0,0,2,7,20,1.0,
202400016201,155 753 237,B01,2.0,7.0,0,2,1,1,1.0,
202400016202,155 753 238,A01,1.0,7.0,0,1,3,19,1.0,
202400016203,155 753 233,A01,1.0,10.0,0,2,2,21,1.0,
202400016204,155 753 232,B01,2.0,32.0,0,2,1,1,0.0,
202400016205,155 753 230,B01,2.0,50.0,0,2,7,1,3.0,
202400016206,155 753 229,A01,3.0,36.0,0,0,0,1,1.0,
202400016207,155 753 228,A01,1.0,3.0,0,2,1,1,1.0,
202400016208,155 753 225,B01,3.0,50.0,0,2,8,16,3.0,
202400016209,155 753 224,A01,2.0,7.0,13,0,1,1,1.0,
202400016210,155 753 219,Z01,3.0,7.0,0,2,0,14,0.0,
202400016211,155 753 218,A01,1.0,33.0,0,0,8,1,1.0,
202400016212,155 753 217,A01,2.0,7.0,0,1,1,1,0.0,
202400016213,155 753 214,A01,0.0,36.0,0,0,9,15,1.0,
202400016214,155 753 211,A01,1.0,7.0,0,2,1,1,3.0,
202400016215,155 753 212,A01,1.0,7.0,0,2,1,2,1.0,
202400016216,155 753 210,B01,2.0,7.0,0,2,1,1,1.0,
202400016217,155 753 209,A01,2.0,7.0,2,9,1,14,1.0,
202400016218,155 753 206,A01,1.0,7.0,3,2,2,13,1.0,
202400016219,155 753 204,A01,2.0,1.0,0,2,8,8,5.0,
202400016220,155 753 202,A01,2.0,7.0,2,0,1,1,1.0,
202400016221,155 753 203,B01,1.0,10.0,0,2,3,1,1.0,
202400016222,155 753 199,B01,2.0,80.0,0,2,1,1,2.0,
202400016223,155 753 196,A01,3.0,7.0,0,2,1,9,1.0,
202400016224,155 753 195,A01,2.0,2.0,0,2,1,1,1.0,
202400016225,155 753 194,A01,2.0,7.0,0,2,1,0,1.0,
202400016226,155 753 192,A01,1.0,7.0,0,0,0,26,1.0,
202400016227,155 753 193,A01,1.0,7.0,0,1,3,15,1.0,
202400016228,155 753 191,A01,2.0,7.0,6,0,1,14,1.0,
202400016229,155 753 189,B01,0.0,32.0,0,2,1,17,1.0,
202400016230,155 753 187,A01,1.0,7.0,0,2,5,1,1.0,
202400016231,155 753 184,A01,3.0,36.0,2,0,2,2,1.0,
202400016232,155 753 181,A01,1.0,30.0,0,2,1,17,1.0,
202400016233,155 753 180,B01,2.0,32.0,0,2,1,2,1.0,
202400016234,155 753 176,A01,3.0,50.0,0,0,0,0,3.0,
202400016235,155 753 174,A01,1.0,7.0,6,0,1,1,1.0,
202400016236,155 753 172,A01,2.0,7.0,0,2,1,2,1.0,
202400016237,155 753 170,A01,1.0,2.0,0,0,0,0,1.0,
202400016238,155 753 173,A01,1.0,30.0,0,1,1,1,1.0,
202400016239,155 753 169,A01,2.0,7.0,0,2,6,15,1.0,
202400016240,155 753 167,A01,1.0,33.0,0,0,6,1,1.0,
202400016241,155 753 165,A01,1.0,7.0,0,2,1,12,3.0,
202400016242,155 753 163,A01,3.0,7.0,0,2,2,15,1.0,
202400016243,155 753 161,A01,1.0,32.0,11,0,1,26,1.0,
202400016244,155 753 157,B01,1.0,7.0,0,2,7,1,1.0,
202400016245,155 753 156,A01,0.0,33.0,0,1,1,26,1.0,
202400016246,155 753 155,A01,1.0,7.0,15,0,8,1,1.0,
202400016247,155 753 153,B01,3.0,7.0,0,2,4,23,1.0,
202400016248,155 753 149,A01,1.0,7.0,0,2,1,16,1.0,
202400016249,155 753 148,A01,1.0,7.0,0,2,3,1,1.0,
202400016250,155 753 147,B01,3.0,33.0,0,2,1,1,0.0,
202400016251,155 753 146,A01,2.0,7.0,0,2,3,13,1.0,
202400016252,155 753 144,A01,2.0,7.0,9,0,2,1,1.0,
202400016253,155 753 143,A01,3.0,7.0,8,0,1,1,1.0,
202400016254,155 753 141,A01,1.0,50.0,0,2,1,1,3.0,
202400016255,155 753 140,A01,2.0,33.0,0,0,0,15,1.0,
202400016256,155 753 139,A01,2.0,1.0,0,0,0,26,5.0,
202400016257,155 753 137,A01,3.0,7.0,12,0,1,14,1.0,
202400016258,155 753 135,B01,1.0,7.0,0,2,2,17,1.0,
202400016259,155 753 134,B01,2.0,7.0,0,2,1,13,1.0,
202400016260,155 753 131,B01,1.0,10.0,0,2,1,1,1.0,
202400016261,155 753 130,A01,2.0,7.0,0,2,2,15,1.0,
202400016262,155 753 128,A01,1.0,7.0,12,0,1,1,1.0,
202400016263,155 753 127,A01,2.0,10.0,0,0,1,1,1.0,
202400016264,155 753 125,B01,1.0,1.0,0,2,6,1,5.0,
202400016265,155 753 123,A01,1.0,33.0,8,0,1,19,1.0,
202400016266,155 753 122,B01,1.0,33.0,0,2,2,17,1.0,
202400016267,155 753 119,A01,2.0,7.0,6,0,3,1,1.0,
202400016268,155 753 117,B01,2.0,7.0,0,2,3,1,2.0,
202400016269,155 753 116,A01,1.0,1.0,0,2,3,15,5.0,
202400016270,155 753 115,B01,1.0,50.0,0,2,1,0,3.0,
202400016271,155 753 110,B01,3.0,33.0,0,0,1,1,1.0,
202400016272,155 753 112,Z01,2.0,37.0,0,1,5,9,1.0,1
202400016273,155 753 109,A01,1.0,1.0,0,2,3,1,5.0,
202400016274,155 753 108,A01,2.0,7.0,0,2,2,15,1.0,
202400016275,155 753 101,A01,2.0,7.0,0,2,3,1,1.0,
202400016276,155 753 102,A01,3.0,7.0,0,2,6,15,1.0,
202400016277,155 753 100,A01,3.0,7.0,0,2,1,2,3.0,
202400016278,155 753 099,A01,1.0,1.0,0,2,1,1,5.0,