Num_Acc,id_vehicule,num_veh,senc,catv,obs,obsm,choc,manv,motor,occutc
202400016279,155 753 098,A01,2.0,7.0,0,0,9,26,1.0,
202400016280,155 753 094,A01,1.0,7.0,0,2,1,19,1.0,
202400016281,155 753 092,B01,1.0,7.0,0,2,6,17,1.0,
202400016282,155 753 093,A01,2.0,7.0,0,2,1,1,2.0,
202400016283,155 753 091,A01,1.0,10.0,0,1,1,1,3.0,
202400016284,155 753 087,A01,2.0,7.0,0,2,3,1,1.0,
202400016285,155 753 086,A01,0.0,7.0,0,2,3,9,0.0,
202400016286,155 753 085,A01,2.0,7.0,0,2,7,1,1.0,
202400016287,155 753 084,A01,3.0,7.0,0,1,1,1,1.0,
202400016288,155 753 081,B01,2.0,3.0,0,0,4,2,1.0,
202400016289,155 753 080,A01,3.0,7.0,0,1,1,2,0.0,
202400016290,155 753 078,A01,2.0,7.0,0,2,1,1,1.0,
202400016291,155 753 077,A01,3.0,7.0,0,2,1,1,1.0,
202400016292,155 753 074,A01,1.0,50.0,0,0,4,2,3.0,
202400016293,155 753 072,B01,3.0,7.0,0,0,3,1,1.0,
202400016294,155 753 071,B01,1.0,1.0,0,0,4,2,5.0,
202400016295,155 753 069,A01,1.0,7.0,0,1,2,1,1.0,
202400016296,155 753 066,A01,1.0,7.0,12,0,9,0,1.0,
202400016297,155 753 065,A01,0.0,10.0,0,9,3,26,1.0,
202400016298,155 753 064,A01,3.0,7.0,1,0,0,20,1.0,
202400016299,155 753 063,A01,0.0,33.0,0,6,1,1,1.0,
202400016300,155 753 061,A01,3.0,7.0,3,0,1,1,1.0,
202400016301,155 753 059,A01,2.0,33.0,13,0,0,0,1.0,
202400016302,155 753 058,A01,2.0,7.0,8,0,8,1,1.0,
202400016303,155 753 057,B01,1.0,7.0,0,2,1,1,1.0,
202400016304,155 753 054,B01,2.0,7.0,0,2,5,15,0.0,
202400016305,155 753 051,A01,1.0,17.0,0,0,6,1,1.0,
202400016306,155 753 050,A01,1.0,7.0,0,1,1,19,1.0,
202400016307,155 753 048,A01,2.0,30.0,0,1,1,1,0.0,
202400016308,155 753 047,A01,3.0,7.0,13,0,9,1,1.0,
202400016309,155 753 041,A01,1.0,7.0,0,2,5,1,1.0,
202400016310,155 753 040,A01,1.0,7.0,0,2,1,2,1.0,
202400016311,155 753 036,A01,1.0,7.0,0,2,3,21,1.0,
202400016312,155 753 034,B01,2.0,7.0,0,2,3,21,2.0,
202400016313,155 753 035,A01,1.0,10.0,6,0,2,14,1.0,
202400016314,155 753 037,B01,1.0,50.0,0,2,1,1,3.0,
202400016315,155 753 031,A01,3.0,10.0,0,2,6,15,1.0,
202400016316,155 753 030,A01,1.0,30.0,0,2,0,26,1.0,
202400016317,155 753 028,A01,2.0,7.0,3,0,1,0,1.0,
202400016318,155 753 025,A01,1.0,31.0,0,0,7,16,1.0,
202400016319,155 753 024,C01,1.0,1.0,0,2,4,1,5.0,
202400016320,155 753 023,A01,1.0,13.0,0,2,3,1,1.0,
202400016321,155 753 022,A01,1.0,7.0,0,0,9,14,1.0,
202400016322,155 753 021,A01,1.0,7.0,0,1,1,15,1.0,
202400016323,155 753 018,A01,2.0,33.0,0,0,8,12,1.0,
202400016324,155 753 017,A01,1.0,14.0,0,2,1,16,1.0,
202400016325,155 753 015,A01,2.0,30.0,0,2,1,17,1.0,
202400016326,155 753 012,A01,2.0,7.0,0,2,3,13,1.0,
202400016327,155 753 013,A01,2.0,7.0,3,2,9,14,1.0,
202400016328,155 753 010,A01,3.0,1.0,0,0,0,26,5.0,
202400016329,155 753 009,A01,1.0,10.0,0,2,2,1,1.0,
202400016330,155 753 005,A01,2.0,7.0,0,2,1,1,1.0,
202400016331,155 753 002,B01,2.0,14.0,0,2,3,13,1.0,
202400016332,155 753 001,A01,2.0,7.0,0,2,3,13,1.0,
202400016333,155 752 999,A01,1.0,33.0,0,0,0,1,1.0,
202400016334,155 752 998,B01,1.0,80.0,0,2,1,2,3.0,
202400016335,155 752 997,A01,1.0,2.0,1,0,2,14,1.0,
202400016336,155 752 994,B01,2.0,14.0,0,2,3,1,1.0,
202400016337,155 752 991,B01,1.0,33.0,0,2,3,1,1.0,
202400016338,155 752 990,A01,2.0,7.0,0,2,2,13,1.0,
202400016339,155 752 989,B01,2.0,1.0,1,0,1,13,5.0,
202400016340,155 752 987,A01,1.0,7.0,0,2,3,13,1.0,
202400016341,155 752 984,A01,2.0,7.0,0,2,1,1,1.0,
202400016342,155 752 983,A01,2.0,30.0,0,1,8,1,3.0,
202400016343,155 752 982,B01,2.0,7.0,0,2,4,1,1.0,
202400016344,155 752 979,A01,3.0,7.0,0,2,3,15,1.0,
202400016345,155 752 978,A01,1.0,33.0,14,0,1,17,3.0,
202400016346,155 752 976,A01,1.0,7.0,0,2,1,21,2.0,
202400016347,155 752 975,A01,1.0,2.0,6,0,0,5,1.0,
202400016348,155 752 973,A01,1.0,7.0,0,2,2,1,1.0,
202400016349,155 752 972,A01,1.0,31.0,12,0,2,14,3.0,
202400016350,155 752 968,B01,2.0,7.0,0,2,4,2,1.0,
202400016351,155 752 966,B01,2.0,7.0,0,2,3,1,1.0,
202400016352,155 752 964,A01,1.0,2.0,0,1,1,1,3.0,
202400016353,155 752 959,A01,1.0,7.0,2,2,3,13,1.0,
202400016354,155 752 958,B01,1.0,7.0,0,2,4,1,1.0,
202400016355,155 752 957,B01,2.0,7.0,0,0,3,23,1.0,
202400016356,155 752 955,B01,2.0,1.0,0,2,8,1,5.0,
202400016357,155 752 950,A01,1.0,7.0,0,2,3,0,1.0,
202400016358,155 752 949,A01,1.0,7.0,0,2,1,13,1.0,
202400016359,155 752 948,A01,2.0,38.0,0,2,2,2,1.0,1
202400016360,155 752 946,A01,1.0,33.0,0,0,0,0,1.0,
202400016361,155 752 945,A01,2.0,7.0,3,0,3,1,1.0,
202400016362,155 752 944,A01,3.0,10.0,0,2,5,15,1.0,
202400016363,155 752 943,A01,1.0,2.0,3,0,0,1,1.0,
202400016364,155 752 941,A01,3.0,7.0,2,0,1,26,1.0,
202400016365,155 752 940,A01,2.0,7.0,11,0,1,2,1.0,
202400016366,155 752 938,A01,3.0,33.0,0,0,9,1,1.0,
202400016367,155 752 937,A01,2.0,33.0,0,0,8,1,1.0,
202400016368,155 752 935,A01,3.0,30.0,2,2,1,3,1.0,
202400016369,155 752 934,A01,1.0,7.0,0,1,3,26,1.0,
202400016370,155 752 932,A01,2.0,7.0,0,2,1,26,1.0,
202400016371,155 752 929,A01,2.0,38.0,0,0,7,1,1.0,4
202400016372,155 752 928,B01,2.0,7.0,0,2,3,1,1.0,
202400016373,155 752 925,B01,0.0,7.0,0,0,0,0,0.0,
202400016374,155 752 924,A01,2.0,33.0,0,0,7,2,1.0,
202400016375,155 752 923,A01,1.0,7.0,0,2,1,1,3.0,
202400016376,155 752 919,C01,2.0,7.0,0,2,4,1,1.0,
202400016377,155 752 917,A01,3.0,1.0,0,2,0,0,5.0,
202400016378,155 752 918,A01,2.0,7.0,0,1,1,1,1.0,
202400016379,155 752 916,A01,1.0,7.0,12,1,1,15,1.0,
202400016380,155 752 915,A01,2.0,32.0,4,0,1,14,1.0,
202400016381,155 752 914,A01,1.0,7.0,3,0,3,21,1.0,
202400016382,155 752 912,B01,1.0,7.0,0,2,1,2,1.0,
202400016383,155 752 907,B01,1.0,17.0,0,2,6,1,1.0,
202400016384,155 752 908,A01,1.0,7.0,0,2,7,15,1.0,
202400016385,155 752 906,A01,1.0,7.0,6,0,3,1,1.0,
202400016386,155 752 904,A01,1.0,33.0,0,0,7,1,1.0,
202400016387,155 752 905,B01,3.0,7.0,9,2,8,1,1.0,
202400016388,155 752 903,A01,2.0,7.0,3,0,3,13,1.0,
202400016389,155 752 902,A01,1.0,7.0,0,0,1,1,1.0,
202400016390,155 752 899,A01,3.0,7.0,0,2,1,19,2.0,
202400016391,155 752 896,A01,2.0,7.0,5,0,2,1,1.0,
202400016392,155 752 897,B01,2.0,32.0,0,2,7,1,1.0,
202400016393,155 752 895,B01,2.0,7.0,0,2,1,1,1.0,
202400016394,155 752 891,B01,2.0,7.0,0,2,8,26,1.0,
202400016395,155 752 889,A01,1.0,31.0,0,5,1,1,1.0,
202400016396,155 752 888,A01,1.0,7.0,0,1,3,20,1.0,
202400016397,155 752 886,A01,2.0,7.0,13,0,0,14,1.0,
202400016398,155 752 885,A01,1.0,7.0,6,0,2,1,1.0,
202400016399,155 752 881,B01,2.0,7.0,0,2,3,1,2.0,
202400016400,155 752 882,A01,1.0,30.0,1,0,2,1,1.0,
202400016401,155 752 879,B01,2.0,2.0,0,2,8,18,1.0,
202400016402,155 752 878,A01,1.0,7.0,8,0,1,13,1.0,
202400016403,155 752 874,A01,2.0,7.0,0,6,1,1,1.0,
202400016404,155 752 872,A01,2.0,80.0,0,2,8,0,3.0,
202400016405,155 752 875,A01,1.0,7.0,0,2,4,9,1.0,
202400016406,155 752 869,A01,3.0,7.0,0,0,0,13,1.0,
202400016407,155 752 871,A01,0.0,7.0,0,2,1,19,1.0,
202400016408,155 752 868,A01,0.0,7.0,0,1,1,16,3.0,
202400016409,155 752 866,A01,1.0,7.0,0,0,0,1,1.0,
202400016410,155 752 865,A01,2.0,7.0,2,0,0,14,1.0,
202400016411,155 752 863,A01,2.0,7.0,0,2,7,15,1.0,
202400016412,155 752 867,B01,2.0,7.0,0,2,1,2,2.0,
202400016413,155 752 861,A01,1.0,37.0,0,2,2,15,1.0,1
202400016414,155 752 859,B01,2.0,7.0,14,0,3,9,1.0,
202400016415,155 752 858,B01,2.0,7.0,0,2,1,13,1.0,
202400016416,155 752 855,A01,2.0,7.0,13,0,2,1,1.0,
202400016417,155 752 853,B01,3.0,2.0,0,2,1,1,1.0,
202400016418,155 752 852,A01,1.0,7.0,4,2,4,17,1.0,
202400016419,155 752 850,A01,2.0,32.0,0,1,1,21,3.0,
202400016420,155 752 846,B01,1.0,7.0,0,2,3,0,1.0,
202400016421,155 752 845,A01,1.0,7.0,0,2,1,2,1.0,
202400016422,155 752 844,B01,3.0,7.0,0,2,1,1,1.0,
202400016423,155 752 842,B01,2.0,7.0,0,2,1,1,1.0,
202400016424,155 752 839,A01,1.0,7.0,6,0,2,0,1.0,
202400016425,155 752 838,B01,3.0,2.0,0,2,1,1,1.0,
202400016426,155 752 837,B01,1.0,7.0,0,0,6,23,1.0,
202400016427,155 752 836,A01,1.0,7.0,15,0,1,0,2.0,
202400016428,155 752 832,B01,3.0,7.0,0,2,3,1,1.0,
202400016429,155 752 831,A01,2.0,7.0,0,0,0,19,1.0,
202400016430,155 752 827,A01,2.0,7.0,0,2,5,17,1.0,
202400016431,155 752 826,A01,1.0,7.0,13,0,3,19,1.0,
202400016432,155 752 825,C01,2.0,7.0,0,2,6,5,1.0,
202400016433,155 752 824,A01,2.0,7.0,2,0,9,2,1.0,
202400016434,155 752 820,B01,0.0,7.0,0,2,1,1,0.0,
202400016435,155 752 819,A01,2.0,2.0,0,2,1,1,1.0,
202400016436,155 752 817,A01,1.0,7.0,8,0,1,15,1.0,
202400016437,155 752 816,A01,3.0,7.0,0,2,1,1,1.0,
202400016438,155 752 814,A01,2.0,33.0,0,0,9,17,1.0,
202400016439,155 752 813,A01,0.0,7.0,0,6,0,15,0.0,
202400016440,155 752 812,B01,0.0,1.0,0,2,0,1,5.0,
202400016441,155 752 811,A01,1.0,7.0,0,1,2,2,1.0,
202400016442,155 752 808,A01,1.0,33.0,13,0,9,14,1.0,
202400016443,155 752 807,A01,1.0,7.0,1,0,2,14,1.0,
202400016444,155 752 806,B01,2.0,2.0,0,2,1,5,1.0,
202400016445,155 752 805,B01,2.0,7.0,0,2,3,13,1.0,
202400016446,155 752 803,A01,2.0,7.0,6,0,1,1,1.0,
202400016447,155 752 799,B01,2.0,1.0,0,0,4,2,5.0,
202400016448,155 752 800,B01,3.0,7.0,0,2,6,1,1.0,
202400016449,155 752 798,A01,3.0,7.0,0,2,2,19,1.0,
202400016450,155 752 794,A01,1.0,7.0,0,2,1,1,1.0,
202400016451,155 752 792,A01,1.0,33.0,13,0,7,17,1.0,
202400016452,155 752 791,A01,1.0,7.0,0,2,1,1,1.0,
202400016453,155 752 789,A01,1.0,7.0,0,2,3,1,1.0,
202400016454,155 752 786,B01,1.0,7.0,0,2,3,1,1.0,
202400016455,155 752 785,B01,3.0,7.0,0,2,2,26,2.0,
202400016456,155 752 784,A01,1.0,7.0,0,1,1,15,1.0,
202400016457,155 752 780,A01,3.0,7.0,0,2,3,13,1.0,
202400016458,155 752 781,A01,2.0,7.0,0,2,5,15,1.0,
202400016459,155 752 779,A01,1.0,7.0,8,0,1,13,1.0,
202400016460,155 752 775,A01,1.0,7.0,0,2,2,15,1.0,
202400016461,155 752 774,A01,1.0,7.0,0,2,2,1,1.0,
202400016462,155 752 773,A01,1.0,7.0,0,0,0,17,1.0,
202400016463,155 752 770,A01,2.0,50.0,0,2,0,0,3.0,
202400016464,155 752 769,A01,3.0,7.0,0,1,2,19,1.0,
202400016465,155 752 768,A01,1.0,7.0,0,2,1,9,1.0,
202400016466,155 752 767,A01,3.0,33.0,0,0,7,1,1.0,
202400016467,155 752 766,A01,3.0,7.0,0,1,2,17,1.0,
202400016468,155 752 762,B01,2.0,7.0,0,2,0,1,1.0,
202400016469,155 752 760,B01,0.0,33.0,0,2,1,5,1.0,
202400016470,155 752 759,A01,1.0,7.0,0,2,3,11,1.0,
202400016471,155 752 756,A01,2.0,50.0,0,2,1,26,3.0,
202400016472,155 752 755,B01,1.0,7.0,0,2,1,1,1.0,
202400016473,155 752 751,A01,1.0,7.0,0,1,2,0,1.0,
202400016474,155 752 752,A01,1.0,7.0,14,2,1,1,1.0,
202400016475,155 752 750,A01,2.0,7.0,0,2,1,2,2.0,
202400016476,155 752 748,A01,3.0,7.0,0,1,1,16,1.0,
202400016477,155 752 747,B01,2.0,15.0,0,2,2,1,1.0,
202400016478,155 752 746,A01,1.0,7.0,6,0,1,1,1.0,
202400016479,155 752 745,A01,2.0,30.0,0,0,0,21,1.0,
202400016480,155 752 744,A01,2.0,33.0,0,0,0,1,1.0,
202400016481,155 752 743,A01,2.0,7.0,0,1,7,0,1.0,
202400016482,155 752 741,A01,1.0,43.0,13,0,0,2,1.0,
202400016483,155 752 740,Z01,1.0,7.0,0,2,1,1,0.0,
202400016484,155 752 738,A01,1.0,32.0,0,2,0,0,1.0,
202400016485,155 752 736,A01,2.0,7.0,2,0,1,1,1.0,
202400016486,155 752 735,B01,1.0,7.0,0,2,4,2,1.0,
202400016487,155 752 732,A01,1.0,33.0,0,0,0,26,1.0,
202400016488,155 752 731,A01,1.0,0.0,0,2,1,17,0.0,
202400016489,155 752 734,A01,2.0,33.0,2,0,1,0,1.0,
202400016490,155 752 729,A01,3.0,33.0,8,0,3,0,1.0,
202400016491,155 752 727,B01,2.0,7.0,0,2,1,1,1.0,
202400016492,155 752 726,A01,1.0,7.0,1,0,2,1,1.0,
202400016493,155 752 724,A01,0.0,33.0,15,0,0,15,1.0,
202400016494,155 752 723,A01,1.0,7.0,0,2,3,1,1.0,
202400016495,155 752 719,A01,2.0,31.0,0,2,2,17,1.0,
202400016496,155 752 718,B01,1.0,2.0,0,2,2,1,1.0,
202400016497,155 752 717,B01,0.0,33.0,0,2,1,1,1.0,
202400016498,155 752 714,A01,3.0,10.0,0,2,5,17,1.0,
202400016499,155 752 712,A01,2.0,7.0,0,2,2,19,1.0,
202400016500,155 752 711,A01,1.0,7.0,0,2,1,13,1.0,
202400016501,155 752 709,A01,3.0,7.0,13,0,1,1,1.0,
202400016502,155 752 708,B01,1.0,7.0,0,9,3,15,1.0,
202400016503,155 752 706,A01,1.0,7.0,0,1,3,16,1.0,
202400016504,155 752 705,A01,1.0,7.0,0,2,8,13,1.0,
202400016505,155 752 701,A01,2.0,7.0,0,2,1,1,1.0,
202400016506,155 752 697,A01,2.0,7.0,0,2,2,2,1.0,
202400016507,155 752 694,B01,2.0,33.0,0,2,7,1,1.0,
202400016508,155 752 690,A01,2.0,7.0,0,0,5,2,1.0,
202400016509,155 752 689,A01,2.0,7.0,9,2,2,1,1.0,
202400016510,155 752 687,A01,1.0,33.0,0,0,8,1,1.0,
202400016511,155 752 686,A01,3.0,7.0,0,2,3,9,1.0,
202400016512,155 752 682,A01,1.0,31.0,0,2,1,1,1.0,
202400016513,155 752 683,A01,1.0,7.0,0,2,1,1,1.0,
202400016514,155 752 680,A01,1.0,7.0,0,1,1,15,1.0,
202400016515,155 752 681,A01,2.0,33.0,0,0,7,21,1.0,
202400016516,155 752 677,A01,2.0,7.0,0,2,1,2,1.0,
202400016517,155 752 676,A01,3.0,7.0,0,2,3,0,1.0,
202400016518,155 752 675,A01,2.0,7.0,0,1,2,1,1.0,
202400016519,155 752 673,A01,2.0,7.0,8,0,1,1,1.0,
202400016520,155 752 672,A01,1.0,10.0,0,2,3,15,1.0,
202400016521,155 752 669,B01,2.0,7.0,0,2,3,1,1.0,
202400016522,155 752 668,B01,1.0,33.0,0,2,1,1,1.0,
202400016523,155 752 666,B01,1.0,7.0,0,2,0,10,1.0,
202400016524,155 752 663,A01,1.0,7.0,0,2,1,13,1.0,
202400016525,155 752 662,A01,1.0,7.0,0,2,6,19,1.0,
202400016526,155 752 661,A01,2.0,7.0,15,0,1,13,1.0,
202400016527,155 752 658,A01,1.0,7.0,0,2,1,2,1.0,
202400016528,155 752 657,B01,1.0,7.0,0,2,2,1,1.0,
202400016529,155 752 656,A01,3.0,10.0,0,1,1,1,0.0,
202400016530,155 752 654,A01,1.0,7.0,0,2,1,2,1.0,
202400016531,155 752 652,B01,2.0,10.0,0,0,0,0,1.0,
202400016532,155 752 651,A01,1.0,7.0,8,0,1,13,1.0,
202400016533,155 752 649,A01,1.0,7.0,0,0,9,1,1.0,
202400016534,155 752 645,A01,2.0,7.0,0,2,3,13,1.0,
202400016535,155 752 644,B01,1.0,37.0,0,2,1,1,1.0,3
202400016536,155 752 642,A01,3.0,30.0,15,0,2,0,1.0,
202400016537,155 752 641,A01,2.0,2.0,0,2,1,1,1.0,
202400016538,155 752 638,A01,1.0,7.0,0,2,3,1,1.0,
202400016539,155 752 637,A01,1.0,7.0,0,0,4,2,1.0,
202400016540,155 752 635,B01,3.0,50.0,0,2,1,1,3.0,
202400016541,155 752 634,B01,1.0,7.0,1,1,7,1,1.0,
202400016542,155 752 632,B01,2.0,7.0,0,2,1,1,1.0,
202400016543,155 752 631,A01,0.0,33.0,7,0,0,1,1.0,
202400016544,155 752 628,A01,2.0,7.0,0,2,2,14,1.0,
202400016545,155 752 627,B01,1.0,7.0,13,2,7,1,1.0,
202400016546,155 752 624,Z01,1.0,7.0,0,2,1,1,1.0,
202400016547,155 752 623,A01,2.0,7.0,0,2,1,1,1.0,
202400016548,155 752 622,A01,2.0,33.0,0,0,0,26,1.0,
202400016549,155 752 621,A01,1.0,7.0,0,0,0,15,1.0,
202400016550,155 752 618,C01,2.0,7.0,0,2,4,1,1.0,
202400016551,155 752 616,Z01,2.0,10.0,0,1,0,0,0.0,
202400016552,155 752 614,A01,2.0,3.0,0,2,1,9,1.0,
202400016553,155 752 612,A01,1.0,30.0,0,2,1,1,1.0,
202400016554,155 752 610,A01,3.0,7.0,0,2,6,20,1.0,
202400016555,155 752 608,B01,1.0,80.0,0,2,5,0,3.0,
202400016556,155 752 606,B01,0.0,1.0,0,2,8,19,5.0,
202400016557,155 752 603,A01,1.0,7.0,0,2,3,17,1.0,
202400016558,155 752 604,B01,2.0,50.0,0,2,6,1,3.0,
202400016559,155 752 602,A01,3.0,7.0,0,1,2,2,1.0,
202400016560,155 752 601,Z01,2.0,7.0,0,1,7,26,0.0,
202400016561,155 752 599,A01,2.0,7.0,1,0,1,26,1.0,
202400016562,155 752 597,A01,1.0,7.0,0,2,1,2,1.0,
202400016563,155 752 594,A01,1.0,7.0,0,2,2,19,2.0,
202400016564,155 752 591,C01,1.0,7.0,0,2,6,1,1.0,
202400016565,155 752 589,A01,2.0,33.0,0,2,1,3,1.0,
202400016566,155 752 587,A01,1.0,10.0,0,2,1,1,3.0,
202400016567,155 752 585,A01,1.0,7.0,0,2,8,13,2.0,
202400016568,155 752 582,B01,2.0,7.0,0,2,4,1,1.0,
202400016569,155 752 580,Z01,3.0,7.0,0,2,2,26,1.0,
202400016570,155 752 577,A01,2.0,7.0,0,2,1,1,2.0,
202400016571,155 752 575,A01,2.0,33.0,0,2,8,18,1.0,
202400016572,155 752 573,B01,3.0,7.0,0,2,1,7,1.0,
202400016573,155 752 572,A01,2.0,2.0,1,0,1,14,3.0,
202400016574,155 752 571,A01,2.0,7.0,0,1,1,15,1.0,
202400016575,155 752 569,B01,1.0,1.0,0,2,1,1,5.0,
202400016576,155 752 567,A01,1.0,7.0,0,2,1,15,0.0,
202400016577,155 752 566,Y01,1.0,1.0,1,0,1,1,5.0,
202400016578,155 752 564,A01,1.0,10.0,0,2,1,1,1.0,
202400016579,155 752 562,A01,2.0,33.0,0,2,8,1,1.0,
202400016580,155 752 560,B01,3.0,7.0,1,2,3,15,0.0,
202400016581,155 752 558,A01,1.0,7.0,0,2,8,19,1.0,
202400016582,155 752 556,A01,1.0,33.0,12,0,1,16,1.0,
202400016583,155 752 553,A01,1.0,7.0,0,2,4,1,2.0,
202400016584,155 752 551,A01,0.0,50.0,0,2,1,15,3.0,
202400016585,155 752 550,A01,1.0,33.0,14,0,1,1,1.0,
202400016586,155 752 548,A01,3.0,7.0,0,2,1,14,1.0,
202400016587,155 752 547,A01,1.0,32.0,0,0,7,14,1.0,
202400016588,155 752 545,B01,3.0,1.0,0,2,1,15,5.0,
202400016589,155 752 543,B01,1.0,7.0,0,0,0,2,1.0,
202400016590,155 752 542,A01,1.0,7.0,0,1,8,1,2.0,
202400016591,155 752 541,A01,3.0,43.0,12,0,3,13,1.0,
202400016592,155 752 540,A01,3.0,7.0,2,0,0,13,1.0,
202400016593,155 752 538,A01,2.0,21.0,0,2,7,15,1.0,
202400016594,155 752 536,A01,1.0,33.0,0,2,1,1,1.0,
202400016595,155 752 534,A01,3.0,7.0,0,2,1,1,1.0,
202400016596,155 752 533,A01,1.0,33.0,14,0,1,1,1.0,
202400016597,155 752 531,B01,2.0,1.0,0,2,1,1,5.0,
202400016598,155 752 530,A01,2.0,33.0,12,0,2,1,1.0,
202400016599,155 752 529,A01,1.0,32.0,12,0,0,17,1.0,
202400016600,155 752 527,B01,1.0,7.0,0,0,4,15,1.0,
202400016601,155 752 525,B01,1.0,15.0,0,2,6,1,1.0,
202400016602,155 752 523,B01,1.0,2.0,0,2,1,1,1.0,
202400016603,155 752 519,A01,1.0,10.0,0,2,1,2,1.0,
202400016604,155 752 517,B01,2.0,7.0,0,0,2,5,1.0,
202400016605,155 752 515,A01,1.0,43.0,0,2,1,5,1.0,
202400016606,155 752 513,B01,1.0,7.0,3,2,1,1,1.0,
202400016607,155 752 511,B01,2.0,7.0,0,2,1,1,3.0,
202400016608,155 752 509,A01,1.0,33.0,0,2,3,13,1.0,
202400016609,155 752 507,A01,1.0,7.0,0,2,3,5,1.0,
202400016610,155 752 506,A01,1.0,7.0,2,0,1,1,3.0,
202400016611,155 752 505,A01,3.0,7.0,2,0,1,14,1.0,
202400016612,155 752 503,B01,2.0,7.0,0,2,7,15,1.0,
202400016613,155 752 502,A01,2.0,7.0,13,0,1,13,1.0,
202400016614,155 752 501,A01,2.0,7.0,2,0,8,1,1.0,
202400016615,155 752 499,A01,2.0,7.0,13,0,1,13,1.0,
202400016616,155 752 497,B01,2.0,1.0,0,2,3,2,5.0,
202400016617,155 752 496,A01,1.0,33.0,7,0,3,1,1.0,
202400016618,155 752 495,A01,3.0,33.0,15,0,1,14,1.0,
202400016619,155 752 494,A01,1.0,33.0,13,0,1,16,1.0,
202400016620,155 752 493,A01,1.0,10.0,2,0,1,13,1.0,
202400016621,155 752 491,A01,2.0,7.0,0,2,3,5,3.0,
202400016622,155 752 490,A01,1.0,33.0,13,0,1,1,1.0,
202400016623,155 752 488,C01,0.0,7.0,0,2,3,1,2.0,
202400016624,155 752 487,A01,3.0,7.0,13,0,1,1,1.0,
202400016625,155 752 485,A01,2.0,7.0,0,2,6,11,1.0,
202400016626,155 752 484,A01,1.0,1.0,0,0,1,1,5.0,
202400016627,155 752 483,A01,2.0,7.0,0,1,1,1,1.0,
202400016628,155 752 481,A01,1.0,33.0,0,2,1,2,1.0,
202400016629,155 752 479,A01,3.0,33.0,0,2,1,2,1.0,
202400016630,155 752 478,A01,2.0,7.0,8,0,2,14,1.0,
202400016631,155 752 476,A01,3.0,7.0,0,2,5,16,1.0,
202400016632,155 752 473,B01,2.0,7.0,0,2,8,15,1.0,
202400016633,155 752 472,A01,3.0,7.0,5,2,4,26,1.0,
202400016634,155 752 469,A01,3.0,7.0,0,1,1,1,3.0,
202400016635,155 752 470,B01,3.0,50.0,0,0,4,16,3.0,
202400016636,155 752 467,A01,2.0,7.0,8,9,1,13,1.0,
202400016637,155 752 466,A01,1.0,7.0,0,2,1,15,1.0,
202400016638,155 752 463,A01,2.0,7.0,0,2,3,1,1.0,
202400016639,155 752 462,B01,3.0,10.0,0,2,1,16,1.0,
202400016640,155 752 460,A01,3.0,7.0,0,2,6,1,1.0,
202400016641,155 752 459,A01,2.0,7.0,0,1,6,4,1.0,
202400016642,155 752 457,B01,1.0,7.0,0,9,2,1,1.0,
202400016643,155 752 455,A01,1.0,7.0,0,2,2,26,1.0,
202400016644,155 752 454,A01,1.0,33.0,13,0,1,1,1.0,
202400016645,155 752 452,A01,2.0,7.0,4,0,0,0,1.0,
202400016646,155 752 451,A01,1.0,15.0,0,0,1,1,0.0,
202400016647,155 752 450,A01,3.0,7.0,0,1,1,1,2.0,
202400016648,155 752 447,B01,3.0,1.0,0,2,3,15,5.0,
202400016649,155 752 446,A01,3.0,7.0,0,2,1,19,1.0,
202400016650,155 752 445,A01,2.0,7.0,16,0,9,13,1.0,
202400016651,155 752 443,B01,3.0,7.0,0,2,3,1,1.0,
202400016652,155 752 442,A01,2.0,10.0,0,0,9,1,1.0,
202400016653,155 752 441,A01,0.0,33.0,2,0,1,1,1.0,
202400016654,155 752 440,A01,1.0,7.0,0,1,1,15,1.0,
202400016655,155 752 437,B01,1.0,7.0,0,2,4,1,1.0,
202400016656,155 752 436,A01,1.0,7.0,11,0,1,9,1.0,
202400016657,155 752 435,A01,1.0,7.0,0,1,3,19,1.0,
202400016658,155 752 433,A01,3.0,7.0,0,2,6,15,1.0,
202400016659,155 752 431,A01,2.0,30.0,0,2,1,2,1.0,
202400016660,155 752 430,A01,1.0,7.0,15,0,2,25,1.0,
202400016661,155 752 428,A01,3.0,10.0,0,2,3,25,1.0,
202400016662,155 752 426,A01,1.0,7.0,13,2,1,1,1.0,
202400016663,155 752 424,B01,2.0,7.0,0,2,3,1,1.0,
202400016664,155 752 422,A01,0.0,7.0,0,2,6,20,1.0,
202400016665,155 752 420,A01,0.0,32.0,0,2,1,17,1.0,
202400016666,155 752 419,A01,1.0,80.0,0,0,1,1,3.0,
202400016667,155 752 418,A01,3.0,7.0,8,0,1,1,1.0,
202400016668,155 752 417,A01,1.0,37.0,0,1,2,2,3.0,1
202400016669,155 752 416,A01,2.0,2.0,16,0,7,26,3.0,
202400016670,155 752 414,A01,1.0,7.0,14,2,7,1,1.0,
202400016671,155 752 412,A01,2.0,7.0,0,2,1,1,1.0,
202400016672,155 752 410,A01,2.0,32.0,0,2,8,1,1.0,
202400016673,155 752 409,A01,3.0,7.0,0,1,1,1,2.0,
202400016674,155 752 408,A01,2.0,2.0,0,0,0,1,3.0,
202400016675,155 752 406,A01,2.0,10.0,0,0,3,24,1.0,