Num_Acc,id_vehicule,num_veh,senc,catv,obs,obsm,choc,manv,motor,occutc
202400016676,155 752 405,A01,2.0,80.0,0,0,1,21,3.0,
202400016677,155 752 404,A01,2.0,1.0,0,1,8,19,5.0,
202400016678,155 752 403,A01,2.0,31.0,0,0,0,1,1.0,
202400016679,155 752 402,A01,1.0,1.0,0,1,1,1,5.0,
202400016680,155 752 400,A01,3.0,2.0,0,2,5,21,3.0,
202400016681,155 752 398,B01,2.0,7.0,0,9,1,1,2.0,
202400016682,155 752 396,B01,1.0,80.0,0,2,1,2,3.0,
202400016683,155 752 394,B01,3.0,33.0,0,2,1,1,1.0,
202400016684,155 752 392,B01,3.0,7.0,0,2,8,2,1.0,
202400016685,155 752 390,B01,3.0,1.0,0,2,7,25,5.0,
202400016686,155 752 388,A01,1.0,7.0,2,0,2,26,1.0,
202400016687,155 752 386,B01,2.0,7.0,1,2,4,23,1.0,
202400016688,155 752 385,A01,2.0,3.0,0,1,1,1,3.0,
202400016689,155 752 383,A01,1.0,7.0,0,2,1,15,2.0,
202400016690,155 752 382,A01,1.0,50.0,0,1,1,1,3.0,
202400016691,155 752 380,B01,3.0,33.0,0,2,1,0,1.0,
202400016692,155 752 379,A01,1.0,32.0,0,0,0,2,1.0,
202400016693,155 752 377,C01,0.0,7.0,1,2,3,24,3.0,
202400016694,155 752 375,A01,1.0,10.0,14,0,5,2,0.0,
202400016695,155 752 373,A01,1.0,32.0,0,2,2,9,1.0,
202400016696,155 752 371,B01,1.0,7.0,0,2,0,0,1.0,
202400016697,155 752 369,B01,2.0,60.0,0,2,1,1,5.0,
202400016698,155 752 367,A01,1.0,7.0,0,2,3,26,1.0,
202400016699,155 752 365,B01,1.0,30.0,0,2,7,9,1.0,
202400016700,155 752 364,A01,2.0,30.0,0,0,8,26,1.0,
202400016701,155 752 363,A01,2.0,33.0,0,0,0,1,1.0,
202400016702,155 752 362,A01,1.0,7.0,1,0,2,1,1.0,
202400016703,155 752 361,A01,2.0,2.0,8,0,0,1,1.0,
202400016704,155 752 359,B01,1.0,1.0,0,2,3,15,5.0,
202400016705,155 752 358,A01,1.0,33.0,2,0,1,14,1.0,
202400016706,155 752 357,A01,2.0,7.0,11,0,3,1,1.0,
202400016707,155 752 355,B01,3.0,7.0,0,2,8,1,1.0,
202400016708,155 752 353,B01,1.0,7.0,0,2,3,0,1.0,
202400016709,155 752 351,A01,2.0,10.0,8,2,2,19,1.0,
202400016710,155 752 349,A01,1.0,15.0,0,2,2,17,1.0,
202400016711,155 752 346,A01,2.0,36.0,7,2,7,19,1.0,
202400016712,155 752 344,B01,1.0,7.0,0,2,7,16,1.0,
202400016713,155 752 341,A01,1.0,31.0,3,2,0,9,1.0,
202400016714,155 752 340,A01,1.0,7.0,2,0,2,1,1.0,
202400016715,155 752 339,A01,1.0,7.0,17,0,3,13,1.0,
202400016716,155 752 337,A01,1.0,10.0,0,2,2,1,1.0,
202400016717,155 752 336,A01,1.0,7.0,1,0,2,1,1.0,
202400016718,155 752 334,B01,0.0,1.0,0,0,4,26,5.0,
202400016719,155 752 332,A01,1.0,33.0,0,0,0,1,1.0,
202400016720,155 752 330,B01,1.0,2.0,0,2,1,1,1.0,
202400016721,155 752 328,A01,2.0,99.0,0,2,3,13,1.0,
202400016722,155 752 327,A01,0.0,7.0,6,0,1,0,1.0,
202400016723,155 752 326,A01,1.0,7.0,2,0,1,13,1.0,
202400016724,155 752 324,A01,1.0,7.0,0,2,1,13,1.0,
202400016725,155 752 323,A01,3.0,7.0,9,1,4,4,1.0,
202400016726,155 752 322,A01,2.0,7.0,13,0,1,15,1.0,
202400016727,155 752 319,A01,3.0,10.0,0,2,3,16,1.0,
202400016728,155 752 317,A01,2.0,33.0,10,2,3,9,1.0,
202400016729,155 752 315,A01,1.0,7.0,0,2,3,13,1.0,
202400016730,155 752 313,A01,2.0,31.0,0,2,1,17,1.0,
202400016731,155 752 312,A01,1.0,33.0,0,0,1,1,1.0,
202400016732,155 752 310,A01,1.0,33.0,0,2,6,1,1.0,
202400016733,155 752 308,A01,1.0,7.0,0,9,1,0,1.0,
202400016734,155 752 307,A01,1.0,10.0,0,1,1,1,1.0,
202400016735,155 752 306,A01,1.0,31.0,2,0,2,1,1.0,
202400016736,155 752 305,A01,2.0,7.0,0,1,3,1,1.0,
202400016737,155 752 304,A01,0.0,7.0,0,1,2,1,1.0,
202400016738,155 752 302,A01,2.0,33.0,0,2,1,1,1.0,
202400016739,155 752 301,A01,1.0,80.0,0,1,0,26,3.0,
202400016740,155 752 300,A01,1.0,33.0,8,0,2,1,1.0,
202400016741,155 752 298,B01,2.0,7.0,0,2,1,19,1.0,
202400016742,155 752 297,A01,2.0,33.0,4,0,2,1,1.0,
202400016743,155 752 296,A01,1.0,7.0,0,0,7,1,1.0,
202400016744,155 752 294,B01,3.0,7.0,0,2,8,1,1.0,
202400016745,155 752 291,B01,1.0,7.0,0,2,3,15,1.0,
202400016746,155 752 289,A01,1.0,7.0,0,2,1,2,1.0,
202400016747,155 752 288,A01,1.0,33.0,1,2,0,1,1.0,
202400016748,155 752 287,A01,2.0,7.0,0,2,9,1,1.0,
202400016749,155 752 286,A01,1.0,7.0,4,0,0,1,1.0,
202400016750,155 752 284,A01,2.0,7.0,0,2,9,21,1.0,
202400016751,155 752 282,A01,1.0,31.0,0,2,3,3,1.0,
202400016752,155 752 280,B01,2.0,34.0,0,2,2,1,1.0,
202400016753,155 752 278,A01,2.0,7.0,0,2,7,12,1.0,
202400016754,155 752 276,A01,2.0,7.0,0,2,8,11,2.0,
202400016755,155 752 274,A01,2.0,10.0,0,2,3,11,1.0,
202400016756,155 752 272,A01,2.0,33.0,0,2,8,3,1.0,
202400016757,155 752 268,A01,2.0,37.0,4,2,3,9,1.0,1
202400016758,155 752 267,A01,2.0,43.0,4,2,3,3,1.0,
202400016759,155 752 265,B01,2.0,7.0,0,2,7,14,1.0,
202400016760,155 752 263,A01,1.0,33.0,0,2,1,3,1.0,
202400016761,155 752 260,B01,2.0,7.0,0,2,3,2,1.0,
202400016762,155 752 258,B01,3.0,34.0,0,2,1,17,0.0,
202400016763,155 752 257,A01,0.0,0.0,0,1,1,0,,
202400016764,155 752 256,A01,2.0,7.0,0,1,1,1,1.0,
202400016765,155 752 255,A01,0.0,3.0,0,0,9,1,1.0,
202400016766,155 752 253,A01,2.0,33.0,0,2,7,1,1.0,
202400016767,155 752 252,A01,2.0,7.0,13,0,1,1,1.0,
202400016768,155 752 250,A01,1.0,7.0,0,2,1,1,2.0,
202400016769,155 752 248,A01,1.0,10.0,0,2,2,9,1.0,
202400016770,155 752 245,A01,1.0,7.0,0,2,1,26,1.0,
202400016771,155 752 243,A01,3.0,7.0,0,2,2,1,1.0,
202400016772,155 752 242,Z01,3.0,31.0,0,1,4,25,1.0,
202400016773,155 752 240,A01,1.0,7.0,0,9,3,1,3.0,
202400016774,155 752 238,B01,1.0,7.0,0,0,0,2,1.0,
202400016775,155 752 236,A01,1.0,10.0,0,2,0,0,1.0,
202400016776,155 752 235,A01,2.0,50.0,0,1,1,1,3.0,
202400016777,155 752 234,A01,1.0,7.0,0,1,0,26,1.0,
202400016778,155 752 233,A01,2.0,0.0,0,0,0,16,1.0,
202400016779,155 752 232,A01,2.0,7.0,2,0,1,1,1.0,
202400016780,155 752 230,A01,1.0,7.0,0,2,3,13,1.0,
202400016781,155 752 228,A01,3.0,7.0,0,2,1,9,1.0,
202400016782,155 752 226,A01,2.0,7.0,0,2,8,11,1.0,
202400016783,155 752 225,A01,1.0,7.0,13,0,1,0,1.0,
202400016784,155 752 223,A01,2.0,7.0,0,2,7,13,1.0,
202400016785,155 752 221,A01,3.0,7.0,0,9,1,9,1.0,
202400016786,155 752 220,A01,1.0,33.0,0,6,1,1,1.0,
202400016787,155 752 219,A01,2.0,33.0,0,0,0,1,1.0,
202400016788,155 752 218,A01,1.0,30.0,0,0,7,18,1.0,
202400016789,155 752 214,A01,2.0,7.0,0,2,2,15,3.0,
202400016790,155 752 213,A01,1.0,1.0,12,0,1,2,5.0,
202400016791,155 752 212,A01,2.0,7.0,13,0,8,13,1.0,
202400016792,155 752 209,B01,2.0,21.0,0,9,8,23,0.0,
202400016793,155 752 210,A01,2.0,7.0,6,0,1,1,1.0,
202400016794,155 752 206,A01,0.0,7.0,6,2,7,1,1.0,
202400016795,155 752 205,B01,2.0,7.0,0,2,3,1,1.0,
202400016796,155 752 204,A01,2.0,43.0,11,0,1,2,1.0,
202400016797,155 752 202,B01,1.0,31.0,0,2,1,1,1.0,
202400016798,155 752 200,A01,1.0,7.0,0,2,3,15,1.0,
202400016799,155 752 199,P01,3.0,7.0,0,2,0,1,6.0,
202400016800,155 752 196,A01,3.0,21.0,0,2,3,1,0.0,
202400016801,155 752 197,A01,0.0,10.0,0,1,1,15,1.0,
202400016802,155 752 192,A01,2.0,33.0,0,2,1,1,1.0,
202400016803,155 752 190,A01,1.0,10.0,13,0,3,13,1.0,
202400016804,155 752 189,A01,2.0,10.0,0,2,3,1,1.0,
202400016805,155 752 187,A01,2.0,7.0,0,2,1,2,1.0,
202400016806,155 752 186,A01,3.0,7.0,0,1,3,1,1.0,
202400016807,155 752 183,A01,1.0,7.0,3,2,1,5,1.0,
202400016808,155 752 182,Z01,2.0,7.0,0,2,1,1,0.0,
202400016809,155 752 179,B01,2.0,7.0,0,2,6,24,1.0,
202400016810,155 752 178,B01,1.0,7.0,0,2,1,1,1.0,
202400016811,155 752 177,WX01,0.0,1.0,0,0,2,26,5.0,
202400016812,155 752 175,B01,2.0,10.0,0,0,5,23,1.0,
202400016813,155 752 174,A01,2.0,7.0,0,1,1,1,1.0,
202400016814,155 752 173,A01,1.0,7.0,0,1,2,0,1.0,
202400016815,155 752 170,A01,1.0,7.0,2,0,1,0,0.0,
202400016816,155 752 171,B01,2.0,10.0,0,2,4,23,1.0,
202400016817,155 752 166,B01,1.0,7.0,0,2,5,2,1.0,
202400016818,155 752 167,B01,2.0,7.0,0,2,8,15,1.0,
202400016819,155 752 159,C01,2.0,13.0,0,2,8,23,0.0,
202400016820,155 752 158,A01,1.0,2.0,0,2,1,1,1.0,
202400016821,155 752 157,A01,2.0,7.0,13,0,2,0,2.0,
202400016822,155 752 155,A01,3.0,7.0,0,2,1,16,1.0,
202400016823,155 752 152,A01,2.0,7.0,0,2,2,15,1.0,
202400016824,155 752 150,A01,1.0,7.0,0,2,1,1,1.0,
202400016825,155 752 149,B01,1.0,7.0,0,2,5,1,1.0,
202400016826,155 752 147,A01,2.0,7.0,3,2,1,2,2.0,
202400016827,155 752 145,A01,2.0,7.0,0,2,2,2,1.0,
202400016828,155 752 143,A01,2.0,2.0,0,2,2,17,1.0,
202400016829,155 752 141,B01,3.0,37.0,0,2,3,1,1.0,1
202400016830,155 752 139,A01,2.0,7.0,0,0,6,2,1.0,
202400016831,155 752 137,A01,1.0,33.0,0,2,1,3,1.0,
202400016832,155 752 135,A01,2.0,15.0,0,2,4,2,1.0,
202400016833,155 752 134,A01,1.0,31.0,0,0,3,15,1.0,
202400016834,155 752 131,A01,1.0,17.0,0,2,2,12,1.0,
202400016835,155 752 130,A01,1.0,7.0,0,2,1,2,1.0,
202400016836,155 752 128,A01,3.0,34.0,0,1,0,1,0.0,
202400016837,155 752 127,B01,2.0,7.0,0,2,3,15,1.0,
202400016838,155 752 124,B01,2.0,7.0,0,0,1,0,1.0,
202400016839,155 752 123,A01,2.0,10.0,0,2,2,12,1.0,
202400016840,155 752 120,A01,1.0,7.0,6,0,1,26,1.0,
202400016841,155 752 119,A01,2.0,7.0,0,0,6,1,1.0,
202400016842,155 752 116,B01,2.0,33.0,0,2,1,1,1.0,
202400016843,155 752 115,A01,1.0,7.0,0,2,1,13,1.0,
202400016844,155 752 113,A01,3.0,10.0,0,9,1,11,1.0,
202400016845,155 752 112,A01,0.0,7.0,0,1,3,15,1.0,
202400016846,155 752 111,A01,3.0,2.0,0,1,8,1,3.0,
202400016847,155 752 109,B01,2.0,7.0,0,2,3,0,1.0,
202400016848,155 752 108,A01,2.0,7.0,0,1,3,1,1.0,
202400016849,155 752 107,A01,1.0,7.0,2,0,1,1,1.0,
202400016850,155 752 104,B01,3.0,14.0,0,2,8,26,1.0,
202400016851,155 752 105,A01,1.0,33.0,0,0,0,1,1.0,
202400016852,155 752 102,A01,3.0,99.0,0,1,1,26,0.0,
202400016853,155 752 100,C01,2.0,14.0,0,2,6,20,1.0,
202400016854,155 752 097,A01,2.0,7.0,0,2,2,15,1.0,
202400016855,155 752 096,B01,1.0,30.0,0,2,1,1,1.0,
202400016856,155 752 095,A01,1.0,1.0,0,1,1,1,5.0,
202400016857,155 752 092,A01,2.0,7.0,0,2,2,13,1.0,
202400016858,155 752 091,B01,2.0,7.0,0,2,4,1,1.0,
202400016859,155 752 089,B01,1.0,7.0,0,2,1,1,1.0,
202400016860,155 752 086,B01,3.0,7.0,0,2,1,0,1.0,
202400016861,155 752 085,A01,2.0,7.0,13,0,3,13,1.0,
202400016862,155 752 083,B01,1.0,1.0,0,0,0,16,5.0,
202400016863,155 752 082,A01,2.0,10.0,0,2,7,9,1.0,
202400016864,155 752 079,B01,1.0,7.0,0,2,4,9,1.0,
202400016865,155 752 078,B01,1.0,31.0,0,2,1,1,1.0,
202400016866,155 752 076,A01,3.0,7.0,0,9,1,1,1.0,
202400016867,155 752 075,A01,1.0,7.0,16,0,0,26,1.0,
202400016868,155 752 074,A01,3.0,17.0,0,0,7,26,1.0,
202400016869,155 752 070,A01,0.0,32.0,0,2,2,1,1.0,
202400016870,155 752 071,B01,2.0,7.0,0,2,4,1,1.0,
202400016871,155 752 068,A01,2.0,7.0,0,1,0,1,1.0,
202400016872,155 752 066,A01,1.0,7.0,0,2,8,11,1.0,
202400016873,155 752 065,A01,1.0,7.0,2,0,1,1,1.0,
202400016874,155 752 062,A01,2.0,33.0,0,2,1,9,1.0,
202400016875,155 752 061,A01,1.0,10.0,0,2,8,1,1.0,
202400016876,155 752 059,B01,2.0,7.0,0,2,4,23,1.0,
202400016877,155 752 055,B01,2.0,33.0,3,2,7,2,1.0,
202400016878,155 752 054,C01,2.0,80.0,0,2,1,1,2.0,
202400016879,155 752 049,A01,1.0,7.0,0,2,5,12,1.0,
202400016880,155 752 050,B01,1.0,33.0,0,2,7,1,1.0,
202400016881,155 752 048,A01,1.0,7.0,13,0,1,1,1.0,
202400016882,155 752 046,B01,2.0,1.0,0,2,7,14,5.0,
202400016883,155 752 044,A01,1.0,7.0,0,2,1,2,1.0,
202400016884,155 752 041,A01,2.0,7.0,0,2,2,11,1.0,
202400016885,155 752 040,A01,1.0,7.0,0,2,1,21,1.0,
202400016886,155 752 038,A01,2.0,33.0,0,2,1,1,1.0,
202400016887,155 752 036,B01,1.0,15.0,0,2,2,0,1.0,
202400016888,155 752 034,B01,2.0,10.0,0,2,5,2,1.0,
202400016889,155 752 033,A01,1.0,32.0,0,0,0,26,3.0,
202400016890,155 752 031,A01,2.0,33.0,0,2,1,1,1.0,
202400016891,155 752 029,A01,1.0,10.0,1,0,2,1,1.0,
202400016892,155 752 027,B01,1.0,33.0,0,2,1,17,1.0,
202400016893,155 752 026,A01,2.0,7.0,0,1,3,1,1.0,
202400016894,155 752 024,A01,2.0,7.0,0,2,2,1,1.0,
202400016895,155 752 023,A01,1.0,7.0,0,9,3,2,1.0,
202400016896,155 752 021,A01,1.0,7.0,3,2,1,1,1.0,
202400016897,155 752 020,A01,0.0,36.0,12,0,1,1,1.0,
202400016898,155 752 019,A01,1.0,33.0,1,0,1,14,1.0,
202400016899,155 752 017,A01,1.0,7.0,3,0,3,1,1.0,
202400016900,155 752 016,A01,2.0,7.0,2,0,1,1,1.0,
202400016901,155 752 014,B01,2.0,33.0,0,2,1,1,1.0,
202400016902,155 752 013,Z01,3.0,7.0,0,1,1,0,0.0,
202400016903,155 752 012,A01,3.0,10.0,0,1,5,15,1.0,
202400016904,155 752 011,A01,3.0,7.0,0,1,2,19,1.0,
202400016905,155 752 009,A01,1.0,33.0,1,0,1,21,1.0,
202400016906,155 752 007,B01,3.0,7.0,0,2,1,1,1.0,
202400016907,155 752 005,B01,1.0,7.0,0,2,1,1,1.0,
202400016908,155 752 003,A01,1.0,7.0,0,2,1,13,1.0,
202400016909,155 752 001,A01,1.0,2.0,0,2,1,1,1.0,
202400016910,155 751 999,B01,3.0,7.0,0,2,2,1,1.0,
202400016911,155 751 997,A01,1.0,7.0,0,2,3,9,1.0,
202400016912,155 751 996,A01,1.0,7.0,0,1,1,1,1.0,
202400016913,155 751 995,A01,2.0,7.0,0,1,2,1,1.0,
202400016914,155 751 993,B01,1.0,7.0,0,2,4,1,1.0,
202400016915,155 751 990,A01,3.0,7.0,0,2,3,13,1.0,
202400016916,155 751 988,B01,3.0,33.0,0,2,1,1,1.0,
202400016917,155 751 987,A01,3.0,7.0,13,0,1,16,1.0,
202400016918,155 751 985,A01,3.0,7.0,0,2,3,13,1.0,
202400016919,155 751 983,A01,1.0,7.0,0,2,1,0,4.0,
202400016920,155 751 980,A01,2.0,7.0,0,2,1,2,1.0,
202400016921,155 751 976,A01,1.0,7.0,0,2,7,1,1.0,
202400016922,155 751 975,A01,1.0,7.0,0,1,6,20,1.0,
202400016923,155 751 973,A01,2.0,50.0,0,2,0,5,3.0,
202400016924,155 751 971,A01,1.0,30.0,0,2,8,10,1.0,
202400016925,155 751 968,A01,3.0,7.0,0,2,1,23,1.0,
202400016926,155 751 967,A01,1.0,7.0,0,1,1,1,1.0,
202400016927,155 751 964,A01,0.0,7.0,0,2,1,15,1.0,
202400016928,155 751 962,A01,3.0,7.0,0,2,1,13,1.0,
202400016929,155 751 961,A01,2.0,7.0,1,0,1,1,1.0,
202400016930,155 751 958,A01,2.0,7.0,0,2,1,1,1.0,
202400016931,155 751 956,B01,3.0,1.0,0,2,8,19,5.0,
202400016932,155 751 955,A01,1.0,7.0,3,0,1,19,2.0,
202400016933,155 751 953,A01,2.0,7.0,0,2,1,2,1.0,
202400016934,155 751 952,A01,2.0,50.0,14,0,1,14,3.0,
202400016935,155 751 949,B01,1.0,7.0,0,2,1,19,1.0,
202400016936,155 751 948,A01,3.0,43.0,0,1,1,1,1.0,
202400016937,155 751 947,A01,2.0,50.0,14,0,1,1,3.0,
202400016938,155 751 945,B01,2.0,1.0,0,2,1,1,5.0,
202400016939,155 751 944,A01,1.0,1.0,0,0,1,1,5.0,
202400016940,155 751 942,B01,1.0,10.0,0,2,5,15,1.0,
202400016941,155 751 941,A01,1.0,7.0,6,0,1,1,1.0,
202400016942,155 751 939,B01,2.0,1.0,0,2,1,15,5.0,
202400016943,155 751 937,A01,0.0,33.0,0,2,7,15,1.0,
202400016944,155 751 935,B01,1.0,7.0,0,2,1,2,1.0,
202400016945,155 751 933,A01,3.0,7.0,0,2,8,11,1.0,
202400016946,155 751 932,A01,3.0,7.0,0,1,4,20,1.0,
202400016947,155 751 931,A01,1.0,7.0,0,1,2,26,1.0,
202400016948,155 751 930,A01,3.0,7.0,0,1,1,1,0.0,
202400016949,155 751 928,A01,1.0,7.0,0,2,1,15,1.0,
202400016950,155 751 926,A01,2.0,7.0,0,2,2,9,1.0,
202400016951,155 751 924,A01,3.0,7.0,0,2,3,9,2.0,
202400016952,155 751 922,A01,1.0,7.0,0,2,1,9,1.0,
202400016953,155 751 920,A01,1.0,7.0,0,0,5,21,1.0,
202400016954,155 751 918,A01,2.0,7.0,0,2,1,1,1.0,
202400016955,155 751 916,B01,2.0,7.0,0,2,1,1,1.0,
202400016956,155 751 915,A01,1.0,7.0,0,0,9,1,1.0,
202400016957,155 751 914,A01,2.0,33.0,7,0,7,6,1.0,
202400016958,155 751 913,A01,3.0,7.0,8,0,1,1,1.0,
202400016959,155 751 911,A01,3.0,2.0,0,2,1,1,1.0,
202400016960,155 751 909,B01,3.0,50.0,0,2,1,15,3.0,
202400016961,155 751 908,A01,1.0,10.0,13,0,1,17,1.0,
202400016962,155 751 906,A01,2.0,31.0,16,0,1,1,1.0,
202400016963,155 751 905,A01,1.0,7.0,13,0,1,1,1.0,
202400016964,155 751 904,A01,2.0,7.0,8,0,1,1,3.0,
202400016965,155 751 902,A01,2.0,7.0,0,2,3,26,1.0,
202400016966,155 751 901,A01,1.0,33.0,8,0,7,1,1.0,
202400016967,155 751 898,C01,2.0,7.0,0,0,6,2,1.0,
202400016968,155 751 896,A01,3.0,7.0,0,0,2,9,1.0,
202400016969,155 751 895,A01,3.0,33.0,0,0,0,1,1.0,
202400016970,155 751 894,A01,1.0,7.0,2,0,1,14,1.0,
202400016971,155 751 893,A01,1.0,7.0,0,0,1,1,1.0,
202400016972,155 751 891,B01,1.0,2.0,0,2,1,1,1.0,
202400016973,155 751 889,A01,1.0,7.0,0,2,3,13,1.0,
202400016974,155 751 888,A01,2.0,1.0,0,0,0,1,5.0,
202400016975,155 751 886,A01,3.0,33.0,0,2,1,13,1.0,
202400016976,155 751 884,B01,1.0,7.0,0,2,2,15,1.0,
202400016977,155 751 883,A01,1.0,7.0,2,0,1,14,1.0,
202400016978,155 751 882,A01,0.0,7.0,0,0,2,1,1.0,
202400016979,155 751 881,A01,1.0,7.0,0,1,1,17,2.0,
202400016980,155 751 879,B01,1.0,99.0,0,2,1,1,1.0,
202400016981,155 751 878,A01,1.0,2.0,13,0,0,0,1.0,
202400016982,155 751 876,B01,2.0,30.0,0,2,5,26,0.0,
202400016983,155 751 874,B01,2.0,7.0,0,2,6,19,1.0,
202400016984,155 751 872,B01,1.0,7.0,0,0,4,2,1.0,
202400016985,155 751 870,A01,1.0,7.0,0,2,1,2,1.0,
202400016986,155 751 868,A01,2.0,7.0,3,0,9,0,1.0,
202400016987,155 751 866,B01,2.0,33.0,0,2,5,1,1.0,
202400016988,155 751 864,B01,2.0,7.0,0,2,4,1,3.0,
202400016989,155 751 862,A01,3.0,7.0,3,2,2,17,1.0,
202400016990,155 751 860,B01,2.0,7.0,0,2,1,1,1.0,
202400016991,155 751 858,F01,0.0,7.0,2,0,1,1,1.0,
202400016992,155 751 857,A01,1.0,7.0,9,0,1,15,1.0,
202400016993,155 751 856,A01,1.0,7.0,0,1,0,17,1.0,
202400016994,155 751 854,A01,1.0,7.0,0,9,1,1,1.0,
202400016995,155 751 852,B01,3.0,7.0,0,2,1,2,1.0,
202400016996,155 751 850,A01,1.0,7.0,0,2,3,13,1.0,
202400016997,155 751 848,A01,3.0,7.0,0,1,6,1,1.0,
202400016998,155 751 846,A01,3.0,7.0,0,9,0,0,0.0,
202400016999,155 751 845,A01,1.0,50.0,0,0,1,0,3.0,
202400017000,155 751 843,A01,2.0,7.0,0,2,1,13,1.0,
202400017001,155 751 841,A01,3.0,7.0,13,2,1,16,1.0,
202400017002,155 751 839,B01,2.0,7.0,0,2,9,1,1.0,
202400017003,155 751 838,A01,1.0,2.0,7,0,8,5,1.0,
202400017004,155 751 836,B01,1.0,33.0,0,0,1,1,1.0,
202400017005,155 751 834,B01,3.0,1.0,0,2,8,2,5.0,
202400017006,155 751 833,A01,3.0,1.0,0,1,1,1,5.0,
202400017007,155 751 831,A01,1.0,7.0,0,2,1,2,1.0,
202400017008,155 751 829,A01,1.0,7.0,0,2,7,1,1.0,
202400017009,155 751 827,B01,1.0,7.0,0,2,2,1,1.0,
202400017010,155 751 826,A01,3.0,33.0,4,0,2,1,1.0,
202400017011,155 751 825,A01,1.0,7.0,0,5,1,1,1.0,
202400017012,155 751 822,C01,1.0,7.0,0,0,9,1,1.0,
202400017013,155 751 819,B01,2.0,7.0,0,2,9,1,1.0,
202400017014,155 751 816,B01,1.0,7.0,0,2,4,1,2.0,
202400017015,155 751 815,A01,2.0,7.0,4,0,1,1,1.0,
202400017016,155 751 813,A01,2.0,7.0,0,2,1,2,1.0,
202400017017,155 751 811,A01,1.0,7.0,0,2,2,14,1.0,
202400017018,155 751 808,B01,1.0,7.0,0,2,3,1,1.0,
202400017019,155 751 805,A01,1.0,7.0,0,2,4,1,1.0,
202400017020,155 751 804,A01,2.0,7.0,4,0,3,1,2.0,
202400017021,155 751 799,A01,2.0,7.0,0,2,8,1,1.0,
202400017022,155 751 797,B01,2.0,7.0,0,2,4,1,1.0,
202400017023,155 751 795,B01,1.0,7.0,0,2,4,2,1.0,
202400017024,155 751 793,B01,1.0,7.0,0,2,4,1,1.0,
202400017025,155 751 790,C01,2.0,7.0,0,2,4,1,1.0,
202400017026,155 751 788,A01,2.0,7.0,0,2,2,2,1.0,
202400017027,155 751 786,A01,2.0,7.0,0,2,1,2,1.0,
202400017028,155 751 785,A01,2.0,7.0,0,1,1,15,1.0,
202400017029,155 751 783,A01,1.0,50.0,0,2,7,19,3.0,
202400017030,155 751 782,A01,3.0,7.0,0,1,1,1,1.0,
202400017031,155 751 780,B01,0.0,99.0,0,2,0,23,1.0,
202400017032,155 751 778,A01,2.0,10.0,0,2,2,16,1.0,
202400017033,155 751 777,A01,2.0,50.0,0,2,1,13,3.0,
202400017034,155 751 775,A01,1.0,32.0,0,2,7,1,1.0,
202400017035,155 751 774,A01,1.0,32.0,0,1,1,1,1.0,
202400017036,155 751 773,A01,1.0,1.0,0,0,1,1,5.0,
202400017037,155 751 772,A01,1.0,1.0,0,0,1,1,5.0,
202400017038,155 751 770,B01,1.0,1.0,0,2,1,26,5.0,
202400017039,155 751 769,A01,1.0,1.0,0,1,0,21,5.0,
202400017040,155 751 767,B01,3.0,30.0,0,2,8,1,3.0,
202400017041,155 751 765,B01,1.0,50.0,0,2,1,19,3.0,
202400017042,155 751 764,A01,2.0,31.0,0,1,2,3,1.0,
202400017043,155 751 763,A01,1.0,7.0,9,0,1,1,1.0,
202400017044,155 751 761,B01,0.0,30.0,0,2,2,1,1.0,
202400017045,155 751 760,A01,1.0,37.0,12,2,0,26,2.0,2
202400017046,155 751 759,A01,1.0,7.0,0,1,1,1,0.0,
202400017047,155 751 758,A01,1.0,7.0,0,1,1,1,1.0,
202400017048,155 751 756,A01,0.0,7.0,0,2,3,15,1.0,
202400017049,155 751 753,A01,1.0,7.0,0,0,0,22,1.0,
202400017050,155 751 752,B01,2.0,10.0,0,2,1,1,1.0,
202400017051,155 751 751,A01,3.0,3.0,0,1,1,0,1.0,
202400017052,155 751 749,B01,2.0,50.0,0,2,1,2,3.0,
202400017053,155 751 748,A01,2.0,7.0,0,1,7,1,1.0,
202400017054,155 751 746,A01,2.0,37.0,0,1,8,26,1.0,1
202400017055,155 751 745,A01,3.0,10.0,0,2,0,15,0.0,
202400017056,155 751 744,A01,2.0,7.0,13,0,9,13,1.0,
202400017057,155 751 742,A01,1.0,7.0,8,2,8,2,1.0,
202400017058,155 751 741,A01,1.0,7.0,0,1,3,0,1.0,
202400017059,155 751 738,B01,3.0,7.0,0,2,3,19,1.0,
202400017060,155 751 734,B01,2.0,33.0,0,2,1,1,1.0,
202400017061,155 751 733,B01,1.0,7.0,1,0,1,1,1.0,
202400017062,155 751 732,A01,2.0,7.0,9,0,1,1,1.0,
202400017063,155 751 730,B01,1.0,7.0,0,2,2,1,1.0,
202400017064,155 751 728,B01,1.0,32.0,0,2,1,1,1.0,
202400017065,155 751 727,A01,1.0,7.0,0,1,2,0,1.0,
202400017066,155 751 724,A01,3.0,7.0,0,2,1,1,0.0,
202400017067,155 751 723,A01,0.0,50.0,0,2,1,5,3.0,
202400017068,155 751 720,B01,3.0,7.0,0,2,3,1,1.0,
202400017069,155 751 718,A01,3.0,10.0,0,2,6,0,0.0,
202400017070,155 751 716,A01,1.0,7.0,0,2,3,15,0.0,
202400017071,155 751 713,A01,3.0,30.0,0,2,7,13,1.0,
202400017072,155 751 708,A01,3.0,7.0,0,2,2,20,1.0,