Num_Acc,id_vehicule,num_veh,senc,catv,obs,obsm,choc,manv,motor,occutc
202400017073,155 751 709,B01,1.0,7.0,0,2,0,15,2.0,
202400017074,155 751 707,A01,1.0,7.0,14,1,1,1,1.0,
202400017075,155 751 705,A01,2.0,33.0,15,0,7,1,1.0,
202400017076,155 751 704,B01,1.0,32.0,4,0,8,1,1.0,
202400017077,155 751 702,B01,1.0,1.0,6,2,3,1,5.0,
202400017078,155 751 700,A01,2.0,33.0,0,2,7,17,1.0,
202400017079,155 751 696,B01,1.0,7.0,0,9,3,16,3.0,
202400017080,155 751 695,A01,1.0,33.0,0,6,1,1,1.0,
202400017081,155 751 694,A01,2.0,7.0,1,0,2,1,1.0,
202400017082,155 751 692,A01,2.0,17.0,0,2,1,1,1.0,
202400017083,155 751 689,A01,2.0,7.0,0,2,3,15,1.0,
202400017084,155 751 690,A01,0.0,7.0,8,0,1,14,0.0,
202400017085,155 751 686,B01,1.0,15.0,0,0,6,1,1.0,
202400017086,155 751 685,B01,3.0,33.0,0,2,1,19,1.0,
202400017087,155 751 683,A01,1.0,2.0,0,2,1,5,1.0,
202400017088,155 751 681,A01,1.0,10.0,0,2,2,17,0.0,
202400017089,155 751 679,A01,1.0,7.0,0,2,1,21,1.0,
202400017090,155 751 677,B01,1.0,14.0,0,0,6,0,1.0,
202400017091,155 751 673,A01,2.0,1.0,0,0,0,1,5.0,
202400017092,155 751 671,A01,1.0,17.0,0,2,9,2,1.0,
202400017093,155 751 670,A01,1.0,33.0,12,0,0,1,1.0,
202400017094,155 751 669,A01,2.0,17.0,3,0,0,1,1.0,
202400017095,155 751 667,A01,2.0,7.0,2,0,2,1,1.0,
202400017096,155 751 665,B01,2.0,10.0,0,2,4,1,1.0,
202400017097,155 751 664,A01,1.0,1.0,0,0,0,0,5.0,
202400017098,155 751 663,A01,2.0,15.0,13,0,3,17,1.0,
202400017099,155 751 662,A01,2.0,43.0,0,0,0,16,1.0,
202400017100,155 751 661,A01,2.0,1.0,0,1,1,1,5.0,
202400017101,155 751 659,A01,1.0,7.0,0,2,2,0,1.0,
202400017102,155 751 658,A01,2.0,7.0,4,0,1,26,2.0,
202400017103,155 751 654,B01,1.0,7.0,0,2,1,1,1.0,
202400017104,155 751 653,B01,2.0,15.0,0,2,5,1,1.0,
202400017105,155 751 652,A01,1.0,33.0,2,0,1,13,1.0,
202400017106,155 751 647,A01,1.0,7.0,0,2,1,1,1.0,
202400017107,155 751 648,B01,2.0,32.0,0,2,7,3,1.0,
202400017108,155 751 643,A01,2.0,7.0,0,2,1,15,1.0,
202400017109,155 751 640,A01,2.0,17.0,0,0,4,1,1.0,
202400017110,155 751 639,A01,0.0,7.0,0,2,1,13,1.0,
202400017111,155 751 634,A01,1.0,7.0,0,2,3,1,1.0,
202400017112,155 751 633,A01,2.0,3.0,12,0,1,1,1.0,
202400017113,155 751 631,A01,2.0,50.0,12,0,1,26,3.0,
202400017114,155 751 630,A01,1.0,7.0,0,2,2,1,1.0,
202400017115,155 751 627,B01,2.0,1.0,0,2,4,2,5.0,
202400017116,155 751 626,B01,1.0,2.0,0,2,1,1,1.0,
202400017117,155 751 622,B01,1.0,50.0,0,2,7,1,3.0,
202400017118,155 751 623,A01,1.0,7.0,0,2,1,13,1.0,
202400017119,155 751 619,A01,1.0,7.0,0,2,3,13,1.0,
202400017120,155 751 618,B01,1.0,7.0,0,2,1,19,1.0,
202400017121,155 751 615,B01,1.0,50.0,0,2,8,16,3.0,
202400017122,155 751 614,A01,1.0,7.0,0,2,3,9,3.0,
202400017123,155 751 612,A01,1.0,7.0,0,2,2,15,1.0,
202400017124,155 751 611,A01,2.0,7.0,7,0,1,6,3.0,
202400017125,155 751 608,A01,1.0,7.0,0,2,1,2,1.0,
202400017126,155 751 607,B01,1.0,7.0,0,2,1,1,1.0,
202400017127,155 751 606,A01,2.0,7.0,13,0,3,21,1.0,
202400017128,155 751 605,A01,2.0,0.0,0,1,1,21,0.0,
202400017129,155 751 603,A01,1.0,7.0,0,2,2,13,1.0,
202400017130,155 751 601,A01,2.0,30.0,0,2,1,7,1.0,
202400017131,155 751 600,A01,2.0,33.0,0,1,1,17,1.0,
202400017132,155 751 599,A01,1.0,7.0,8,1,2,16,1.0,
202400017133,155 751 598,A01,2.0,33.0,0,6,1,1,1.0,
202400017134,155 751 597,A01,1.0,7.0,0,1,0,1,1.0,
202400017135,155 751 594,A01,2.0,7.0,0,2,3,13,1.0,
202400017136,155 751 593,B01,3.0,1.0,1,0,1,1,5.0,
202400017137,155 751 591,A01,1.0,7.0,0,1,3,1,1.0,
202400017138,155 751 589,A01,1.0,7.0,0,1,1,1,1.0,
202400017139,155 751 587,A01,1.0,10.0,0,2,1,1,0.0,
202400017140,155 751 585,A01,3.0,60.0,0,2,1,1,5.0,
202400017141,155 751 582,A01,2.0,7.0,0,2,3,13,1.0,
202400017142,155 751 581,A01,3.0,7.0,0,2,2,1,1.0,
202400017143,155 751 580,A01,0.0,21.0,6,0,3,1,3.0,
202400017144,155 751 579,A01,3.0,7.0,0,1,3,1,1.0,
202400017145,155 751 577,A01,3.0,7.0,0,2,3,1,1.0,
202400017146,155 751 576,A01,1.0,7.0,0,1,2,21,1.0,
202400017147,155 751 573,A01,1.0,7.0,0,2,3,9,1.0,
202400017148,155 751 572,A01,3.0,7.0,0,2,1,1,1.0,
202400017149,155 751 570,A01,3.0,10.0,0,1,2,1,1.0,
202400017150,155 751 569,B01,2.0,33.0,0,2,1,1,1.0,
202400017151,155 751 568,A01,3.0,7.0,0,1,1,1,1.0,
202400017152,155 751 565,A01,2.0,2.0,0,2,1,1,1.0,
202400017153,155 751 564,B01,1.0,7.0,0,2,1,2,1.0,
202400017154,155 751 561,B01,2.0,31.0,0,2,2,1,1.0,
202400017155,155 751 560,B01,3.0,7.0,0,2,3,1,1.0,
202400017156,155 751 555,A01,2.0,7.0,0,2,1,15,1.0,
202400017157,155 751 557,A01,2.0,30.0,0,2,2,15,1.0,
202400017158,155 751 554,Z01,1.0,3.0,0,1,1,16,1.0,
202400017159,155 751 552,A01,1.0,7.0,3,0,1,12,1.0,
202400017160,155 751 550,A01,1.0,7.0,0,2,2,9,1.0,
202400017161,155 751 548,A01,1.0,7.0,0,2,3,1,6.0,
202400017162,155 751 545,A01,3.0,7.0,0,2,3,1,1.0,
202400017163,155 751 544,A01,1.0,34.0,0,2,1,0,1.0,
202400017164,155 751 541,B01,2.0,7.0,0,2,3,1,1.0,
202400017165,155 751 540,B01,1.0,17.0,0,0,6,2,1.0,
202400017166,155 751 537,B01,1.0,13.0,0,2,3,1,6.0,
202400017167,155 751 536,A01,1.0,7.0,0,2,3,15,2.0,
202400017168,155 751 533,B01,1.0,33.0,0,2,1,15,0.0,
202400017169,155 751 534,A01,1.0,7.0,0,1,1,1,1.0,
202400017170,155 751 531,A01,2.0,33.0,0,2,3,13,1.0,
202400017171,155 751 527,A01,2.0,7.0,0,2,1,13,1.0,
202400017172,155 751 526,A01,2.0,7.0,13,0,9,1,1.0,
202400017173,155 751 525,A01,1.0,2.0,0,0,0,1,1.0,
202400017174,155 751 523,A01,2.0,7.0,0,2,3,9,1.0,
202400017175,155 751 522,A01,3.0,7.0,2,0,1,0,1.0,
202400017176,155 751 521,A01,1.0,7.0,0,0,9,1,1.0,
202400017177,155 751 519,A01,3.0,7.0,15,0,2,26,2.0,
202400017178,155 751 518,B01,1.0,21.0,0,2,1,1,1.0,
202400017179,155 751 517,A01,0.0,50.0,0,0,0,14,3.0,
202400017180,155 751 515,B01,3.0,50.0,0,2,1,16,3.0,
202400017181,155 751 512,A01,1.0,33.0,0,0,0,1,1.0,
202400017182,155 751 511,C01,1.0,13.0,0,2,4,1,1.0,
202400017183,155 751 509,A01,0.0,7.0,0,2,4,4,1.0,
202400017184,155 751 508,A01,1.0,10.0,0,2,3,13,1.0,
202400017185,155 751 506,A01,0.0,7.0,0,2,1,1,1.0,
202400017186,155 751 504,A01,1.0,10.0,0,2,3,0,1.0,
202400017187,155 751 502,B01,2.0,7.0,0,2,3,19,1.0,
202400017188,155 751 499,B01,2.0,30.0,0,2,1,1,1.0,
202400017189,155 751 498,A01,2.0,7.0,0,2,1,1,1.0,
202400017190,155 751 495,B01,3.0,7.0,0,2,4,2,1.0,
202400017191,155 751 493,A01,2.0,10.0,0,2,1,2,1.0,
202400017192,155 751 491,A01,2.0,1.0,0,2,1,5,5.0,
202400017193,155 751 490,A01,2.0,10.0,0,2,0,0,1.0,
202400017194,155 751 487,B01,2.0,33.0,0,2,2,3,1.0,
202400017195,155 751 486,A01,2.0,7.0,0,2,7,9,1.0,
202400017196,155 751 483,A01,1.0,7.0,0,2,1,5,1.0,
202400017197,155 751 481,A01,2.0,33.0,0,0,3,0,1.0,
202400017198,155 751 482,A01,3.0,33.0,0,2,3,2,1.0,
202400017199,155 751 479,A01,1.0,10.0,0,2,1,2,0.0,
202400017200,155 751 476,B01,2.0,33.0,0,2,1,3,1.0,
202400017201,155 751 472,A01,1.0,7.0,0,2,1,16,1.0,
202400017202,155 751 473,B01,1.0,7.0,0,2,5,2,0.0,
202400017203,155 751 469,B01,2.0,10.0,1,2,1,2,1.0,
202400017204,155 751 468,B01,2.0,37.0,0,2,7,1,1.0,2
202400017205,155 751 464,A01,1.0,33.0,4,0,0,1,1.0,
202400017206,155 751 462,A01,1.0,10.0,0,2,1,2,1.0,
202400017207,155 751 460,A01,1.0,7.0,0,2,1,10,1.0,
202400017208,155 751 457,A01,2.0,10.0,0,2,6,12,1.0,
202400017209,155 751 456,B01,1.0,7.0,0,2,2,1,1.0,
202400017210,155 751 452,A01,2.0,7.0,0,2,1,1,1.0,
202400017211,155 751 451,Z01,3.0,7.0,0,1,2,1,0.0,
202400017212,155 751 448,B01,2.0,7.0,0,0,4,2,1.0,
202400017213,155 751 446,A01,3.0,30.0,0,2,1,2,1.0,
202400017214,155 751 444,A01,1.0,7.0,0,1,1,16,1.0,
202400017215,155 751 442,A01,2.0,7.0,0,2,2,14,1.0,
202400017216,155 751 441,A01,2.0,7.0,0,1,1,1,1.0,
202400017217,155 751 438,B01,1.0,7.0,0,2,4,1,1.0,
202400017218,155 751 437,B01,2.0,7.0,0,2,4,0,1.0,
202400017219,155 751 433,A01,1.0,7.0,0,1,2,1,1.0,
202400017220,155 751 434,A01,1.0,7.0,4,0,7,13,4.0,
202400017221,155 751 430,A01,3.0,7.0,0,2,1,19,1.0,
202400017222,155 751 428,B01,2.0,7.0,0,2,3,2,1.0,
202400017223,155 751 426,A01,1.0,32.0,0,2,1,3,1.0,
202400017224,155 751 425,A01,2.0,0.0,0,1,0,0,0.0,
202400017225,155 751 423,A01,2.0,7.0,0,2,1,5,1.0,
202400017226,155 751 422,A01,0.0,7.0,0,1,1,12,0.0,
202400017227,155 751 420,A01,1.0,7.0,0,1,4,20,1.0,
202400017228,155 751 418,A01,1.0,14.0,0,2,5,16,1.0,
202400017229,155 751 414,A01,1.0,7.0,0,2,3,15,0.0,
202400017230,155 751 415,B01,2.0,1.0,0,2,0,1,5.0,
202400017231,155 751 412,B01,1.0,33.0,0,2,1,1,1.0,
202400017232,155 751 410,B01,1.0,1.0,0,2,0,1,5.0,
202400017233,155 751 408,Z01,3.0,7.0,0,2,0,13,0.0,
202400017234,155 751 405,B01,1.0,60.0,0,2,0,1,5.0,
202400017235,155 751 404,A01,2.0,7.0,0,2,6,0,1.0,
202400017236,155 751 403,A01,1.0,7.0,0,1,1,9,0.0,
202400017237,155 751 402,A01,3.0,7.0,0,1,1,13,1.0,
202400017238,155 751 400,B01,3.0,7.0,0,2,4,2,1.0,
202400017239,155 751 399,A01,2.0,7.0,15,0,1,13,1.0,
202400017240,155 751 397,A01,3.0,7.0,0,1,3,26,0.0,
202400017241,155 751 396,A01,1.0,7.0,0,2,3,15,1.0,
202400017242,155 751 392,A01,1.0,7.0,0,2,1,2,1.0,
202400017243,155 751 393,B01,2.0,31.0,0,2,2,0,1.0,
202400017244,155 751 391,A01,1.0,7.0,1,0,1,14,1.0,
202400017245,155 751 390,A01,2.0,7.0,8,0,3,13,1.0,
202400017246,155 751 389,A01,2.0,99.0,0,9,1,26,1.0,
202400017247,155 751 388,A01,3.0,10.0,0,1,1,16,0.0,
202400017248,155 751 386,A01,2.0,7.0,0,2,3,13,2.0,
202400017249,155 751 385,A01,1.0,7.0,0,1,3,16,2.0,
202400017250,155 751 383,A01,1.0,7.0,0,2,3,26,1.0,
202400017251,155 751 380,A01,2.0,7.0,0,2,2,16,1.0,
202400017252,155 751 379,A01,2.0,1.0,0,2,8,11,5.0,
202400017253,155 751 375,A01,1.0,7.0,0,2,2,1,1.0,
202400017254,155 751 376,A01,1.0,1.0,0,2,1,1,5.0,
202400017255,155 751 372,A01,1.0,2.0,0,0,0,14,3.0,
202400017256,155 751 371,A01,3.0,7.0,0,1,1,1,1.0,
202400017257,155 751 369,A01,3.0,13.0,0,2,2,2,1.0,
202400017258,155 751 368,A01,3.0,7.0,15,0,1,9,1.0,
202400017259,155 751 366,A01,0.0,7.0,0,0,1,13,1.0,
202400017260,155 751 365,A01,2.0,7.0,0,2,8,10,1.0,
202400017261,155 751 364,A01,0.0,7.0,8,0,1,1,1.0,
202400017262,155 751 361,A01,3.0,10.0,0,1,1,1,1.0,
202400017263,155 751 362,B01,3.0,10.0,0,2,1,1,1.0,
202400017264,155 751 360,A01,3.0,31.0,0,1,1,25,0.0,
202400017265,155 751 359,A01,1.0,7.0,0,1,8,1,1.0,
202400017266,155 751 356,A01,1.0,33.0,4,0,1,13,1.0,
202400017267,155 751 353,B01,3.0,7.0,0,2,3,1,1.0,
202400017268,155 751 354,A01,2.0,30.0,0,1,1,17,1.0,
202400017269,155 751 352,A01,3.0,1.0,14,0,1,1,5.0,
202400017270,155 751 351,A01,2.0,7.0,0,0,2,1,1.0,
202400017271,155 751 348,A01,3.0,7.0,0,2,1,2,1.0,
202400017272,155 751 350,A01,1.0,7.0,15,0,1,2,1.0,
202400017273,155 751 347,A01,0.0,1.0,0,0,1,1,5.0,
202400017274,155 751 344,B01,0.0,7.0,0,2,0,1,1.0,
202400017275,155 751 342,A01,1.0,7.0,0,1,1,1,1.0,
202400017276,155 751 341,A01,1.0,7.0,0,0,9,0,1.0,
202400017277,155 751 343,A01,1.0,7.0,0,0,4,26,1.0,
202400017278,155 751 340,A01,2.0,7.0,0,1,1,1,6.0,
202400017279,155 751 336,A01,3.0,99.0,0,2,3,15,1.0,
202400017280,155 751 335,A01,1.0,7.0,1,0,2,14,1.0,
202400017281,155 751 332,A01,1.0,7.0,0,2,1,16,1.0,
202400017282,155 751 331,A01,1.0,7.0,9,0,1,20,1.0,
202400017283,155 751 330,A01,1.0,50.0,12,0,0,2,3.0,
202400017284,155 751 326,A01,1.0,7.0,0,2,0,0,0.0,
202400017285,155 751 322,A01,2.0,10.0,0,1,6,4,1.0,
202400017286,155 751 321,B01,3.0,7.0,0,2,3,1,1.0,
202400017287,155 751 320,B01,3.0,2.0,0,2,1,1,1.0,
202400017288,155 751 316,B01,1.0,33.0,0,2,7,23,1.0,
202400017289,155 751 315,B01,3.0,33.0,0,2,7,15,1.0,
202400017290,155 751 314,A01,1.0,7.0,0,2,7,16,2.0,
202400017291,155 751 312,A01,1.0,7.0,3,1,1,1,1.0,
202400017292,155 751 310,A01,1.0,7.0,0,2,7,15,1.0,
202400017293,155 751 309,A01,1.0,7.0,0,9,2,16,2.0,
202400017294,155 751 307,A01,1.0,7.0,0,2,8,16,1.0,
202400017295,155 751 306,A01,2.0,7.0,0,1,1,1,1.0,
202400017296,155 751 305,A01,1.0,7.0,0,1,3,1,1.0,
202400017297,155 751 304,A01,3.0,7.0,5,0,4,10,1.0,
202400017298,155 751 303,A01,0.0,37.0,0,1,6,1,3.0,1
202400017299,155 751 301,A01,1.0,7.0,2,0,1,26,1.0,
202400017300,155 751 299,A01,1.0,7.0,0,2,5,26,1.0,
202400017301,155 751 298,A01,1.0,7.0,0,2,1,2,1.0,
202400017302,155 751 297,A01,2.0,7.0,0,1,1,1,1.0,
202400017303,155 751 296,A01,2.0,10.0,5,0,3,13,1.0,
202400017304,155 751 294,A01,2.0,33.0,0,2,1,2,1.0,
202400017305,155 751 292,A01,1.0,7.0,0,2,1,15,1.0,
202400017306,155 751 290,A01,3.0,7.0,0,2,1,1,1.0,
202400017307,155 751 288,A01,3.0,7.0,0,2,3,11,2.0,
202400017308,155 751 287,A01,3.0,7.0,0,1,1,15,2.0,
202400017309,155 751 285,A01,1.0,7.0,0,2,3,1,1.0,
202400017310,155 751 283,A01,2.0,7.0,0,2,8,10,1.0,
202400017311,155 751 282,A01,3.0,7.0,0,1,1,15,1.0,
202400017312,155 751 280,A01,1.0,1.0,12,0,1,9,5.0,
202400017313,155 751 278,A01,0.0,7.0,0,2,3,1,1.0,
202400017314,155 751 277,B01,2.0,10.0,0,0,0,0,0.0,
202400017315,155 751 274,A01,2.0,7.0,0,2,1,15,1.0,
202400017316,155 751 275,A01,1.0,43.0,7,0,1,9,1.0,
202400017317,155 751 273,A01,2.0,7.0,6,0,3,13,1.0,
202400017318,155 751 268,C01,3.0,1.0,0,2,1,2,5.0,
202400017319,155 751 270,A01,1.0,7.0,0,1,1,1,1.0,
202400017320,155 751 267,B01,2.0,7.0,0,2,1,1,1.0,
202400017321,155 751 265,B01,1.0,50.0,0,2,1,19,3.0,
202400017322,155 751 264,Z01,1.0,7.0,0,1,1,16,0.0,
202400017323,155 751 263,A01,1.0,7.0,6,0,2,1,1.0,
202400017324,155 751 260,A01,2.0,7.0,0,2,2,15,1.0,
202400017325,155 751 259,B01,1.0,7.0,0,2,4,23,1.0,
202400017326,155 751 256,A01,3.0,80.0,0,1,1,1,3.0,
202400017327,155 751 257,A01,2.0,7.0,0,2,2,15,1.0,
202400017328,155 751 254,B01,2.0,30.0,0,2,1,1,1.0,
202400017329,155 751 251,B01,2.0,7.0,0,2,4,2,2.0,
202400017330,155 751 250,B01,0.0,33.0,0,2,1,0,1.0,
202400017331,155 751 249,A01,1.0,7.0,0,0,0,0,1.0,
202400017332,155 751 248,A01,1.0,7.0,9,0,2,1,1.0,
202400017333,155 751 246,A01,2.0,33.0,0,2,1,2,0.0,
202400017334,155 751 245,A01,1.0,7.0,0,1,2,16,1.0,
202400017335,155 751 244,A01,3.0,7.0,0,1,2,15,1.0,
202400017336,155 751 241,A01,2.0,33.0,0,2,8,3,1.0,
202400017337,155 751 239,A01,1.0,7.0,0,2,2,19,1.0,
202400017338,155 751 238,Z01,1.0,0.0,0,2,1,1,0.0,
202400017339,155 751 236,A01,2.0,7.0,8,0,7,1,1.0,
202400017340,155 751 235,B01,0.0,1.0,0,9,0,1,5.0,
202400017341,155 751 233,A01,2.0,15.0,0,0,0,1,1.0,
202400017342,155 751 231,A01,1.0,7.0,0,2,1,1,1.0,
202400017343,155 751 230,B01,3.0,7.0,0,2,6,1,1.0,
202400017344,155 751 228,B01,2.0,7.0,0,2,1,1,1.0,
202400017345,155 751 226,A01,1.0,7.0,0,1,3,1,0.0,
202400017346,155 751 225,A01,2.0,7.0,0,2,5,9,1.0,
202400017347,155 751 224,A01,2.0,7.0,13,0,9,1,1.0,
202400017348,155 751 221,B01,2.0,7.0,0,2,2,1,1.0,
202400017349,155 751 218,A01,1.0,7.0,0,2,1,1,1.0,
202400017350,155 751 216,A01,1.0,7.0,1,0,1,1,2.0,
202400017351,155 751 217,B01,1.0,2.0,0,2,1,1,1.0,
202400017352,155 751 215,A01,2.0,30.0,0,0,3,1,3.0,
202400017353,155 751 214,A01,1.0,7.0,0,1,3,1,1.0,
202400017354,155 751 212,A01,2.0,1.0,0,2,1,1,5.0,
202400017355,155 751 210,A01,3.0,7.0,0,1,3,15,1.0,
202400017356,155 751 211,A01,1.0,15.0,0,1,2,9,1.0,
202400017357,155 751 208,A01,1.0,7.0,0,1,2,1,1.0,
202400017358,155 751 207,A01,1.0,7.0,2,0,1,14,1.0,
202400017359,155 751 206,B01,1.0,50.0,1,0,7,1,3.0,
202400017360,155 751 204,B01,1.0,7.0,0,2,3,19,1.0,
202400017361,155 751 201,A01,2.0,7.0,0,0,6,15,1.0,
202400017362,155 751 200,A01,1.0,7.0,0,2,1,1,1.0,
202400017363,155 751 199,A01,3.0,7.0,0,2,3,15,1.0,
202400017364,155 751 197,B01,2.0,7.0,0,2,3,1,1.0,
202400017365,155 751 194,A01,2.0,7.0,0,2,1,1,1.0,
202400017366,155 751 193,A01,2.0,10.0,0,2,2,15,1.0,
202400017367,155 751 190,A01,2.0,7.0,13,2,3,13,1.0,
202400017368,155 751 189,A01,1.0,7.0,0,2,1,1,1.0,
202400017369,155 751 187,A01,1.0,10.0,0,2,2,2,1.0,
202400017370,155 751 186,A01,1.0,7.0,13,0,2,1,1.0,
202400017371,155 751 185,Z01,1.0,31.0,0,1,1,1,0.0,
202400017372,155 751 181,A01,1.0,7.0,0,2,0,1,0.0,
202400017373,155 751 179,A01,3.0,1.0,0,2,1,13,5.0,
202400017374,155 751 177,B01,2.0,10.0,0,2,8,1,1.0,
202400017375,155 751 174,A01,1.0,7.0,0,2,1,1,1.0,
202400017376,155 751 173,A01,2.0,7.0,0,2,5,15,1.0,
202400017377,155 751 171,B01,1.0,7.0,0,2,1,1,1.0,
202400017378,155 751 169,A01,2.0,7.0,6,0,1,1,1.0,
202400017379,155 751 167,A01,1.0,7.0,13,2,2,17,1.0,
202400017380,155 751 166,B01,3.0,32.0,0,2,1,1,1.0,
202400017381,155 751 165,A01,2.0,33.0,2,0,0,1,1.0,
202400017382,155 751 162,A01,2.0,10.0,13,0,1,9,1.0,
202400017383,155 751 158,A01,1.0,7.0,13,0,1,1,1.0,
202400017384,155 751 157,C01,2.0,7.0,0,2,4,1,1.0,
202400017385,155 751 155,A01,1.0,31.0,0,2,1,13,1.0,
202400017386,155 751 152,B01,3.0,1.0,0,2,0,0,5.0,
202400017387,155 751 151,A01,3.0,7.0,0,2,3,1,1.0,
202400017388,155 751 150,A01,1.0,7.0,0,1,3,1,1.0,
202400017389,155 751 146,A01,1.0,7.0,3,0,9,26,1.0,
202400017390,155 751 145,A01,1.0,31.0,0,2,1,1,1.0,
202400017391,155 751 144,A01,1.0,33.0,0,2,1,2,1.0,
202400017392,155 751 142,A01,1.0,7.0,4,6,1,1,1.0,
202400017393,155 751 143,Z01,3.0,7.0,0,1,1,2,0.0,
202400017394,155 751 140,A01,1.0,7.0,0,0,3,2,1.0,
202400017395,155 751 139,A01,1.0,7.0,13,0,1,1,1.0,
202400017396,155 751 138,A01,3.0,7.0,0,1,1,1,1.0,
202400017397,155 751 134,A01,3.0,7.0,0,1,2,17,2.0,
202400017398,155 751 135,B01,3.0,21.0,0,0,0,1,1.0,
202400017399,155 751 133,A01,0.0,10.0,0,2,1,1,1.0,
202400017400,155 751 130,A01,1.0,10.0,2,0,1,1,1.0,
202400017401,155 751 129,A01,1.0,7.0,12,2,3,9,1.0,
202400017402,155 751 128,A01,1.0,10.0,0,2,7,2,1.0,
202400017403,155 751 127,A01,2.0,33.0,13,0,2,1,1.0,
202400017404,155 751 124,A01,2.0,7.0,6,0,1,1,1.0,
202400017405,155 751 123,B01,2.0,7.0,0,2,3,0,0.0,
202400017406,155 751 122,A01,1.0,7.0,0,2,1,1,1.0,
202400017407,155 751 119,A01,1.0,7.0,0,2,1,19,1.0,
202400017408,155 751 118,A01,1.0,10.0,13,0,3,13,1.0,
202400017409,155 751 117,A01,1.0,7.0,0,2,7,9,1.0,
202400017410,155 751 113,B01,2.0,43.0,0,2,1,1,1.0,
202400017411,155 751 115,A01,1.0,7.0,0,0,2,1,1.0,
202400017412,155 751 111,A01,3.0,7.0,0,1,4,4,1.0,
202400017413,155 751 112,A01,2.0,31.0,1,0,1,14,1.0,
202400017414,155 751 109,B01,2.0,15.0,0,0,6,1,1.0,
202400017415,155 751 104,C01,1.0,7.0,0,2,1,1,1.0,
202400017416,155 751 103,B01,1.0,7.0,0,2,1,1,1.0,
202400017417,155 751 102,A01,2.0,31.0,6,0,1,11,1.0,
202400017418,155 751 099,A01,1.0,15.0,3,0,7,1,1.0,
202400017419,155 751 098,A01,1.0,33.0,0,2,1,1,1.0,
202400017420,155 751 097,A01,2.0,10.0,0,2,1,13,1.0,
202400017421,155 751 093,A01,1.0,7.0,8,0,0,13,1.0,
202400017422,155 751 092,A01,2.0,7.0,0,2,2,1,3.0,
202400017423,155 751 091,A01,0.0,7.0,0,2,1,15,1.0,
202400017424,155 751 088,A01,2.0,7.0,0,2,1,2,1.0,
202400017425,155 751 087,A01,0.0,7.0,0,2,1,16,1.0,
202400017426,155 751 086,A01,3.0,7.0,0,1,2,2,1.0,
202400017427,155 751 084,A01,1.0,7.0,0,2,1,19,1.0,
202400017428,155 751 082,B01,3.0,7.0,0,2,5,1,2.0,
202400017429,155 751 081,A01,2.0,7.0,0,1,0,1,1.0,
202400017430,155 751 079,B01,1.0,10.0,0,2,1,1,1.0,
202400017431,155 751 076,A01,2.0,60.0,1,2,8,1,5.0,
202400017432,155 751 075,A01,1.0,99.0,0,2,1,1,1.0,
202400017433,155 751 071,A01,2.0,3.0,0,2,1,0,1.0,
202400017434,155 751 069,A01,1.0,7.0,0,2,3,15,1.0,
202400017435,155 751 067,A01,1.0,7.0,0,2,3,16,1.0,
202400017436,155 751 066,A01,2.0,10.0,0,1,3,1,1.0,
202400017437,155 751 070,A01,1.0,7.0,0,2,3,15,2.0,
202400017438,155 751 064,A01,1.0,7.0,3,0,1,1,1.0,
202400017439,155 751 063,A01,2.0,7.0,0,2,2,13,1.0,
202400017440,155 751 062,A01,2.0,7.0,0,1,1,2,1.0,
202400017441,155 751 060,A01,2.0,1.0,0,2,1,13,5.0,
202400017442,155 751 059,A01,1.0,33.0,8,0,2,1,1.0,
202400017443,155 751 058,A01,1.0,7.0,0,1,1,15,1.0,
202400017444,155 751 053,A01,2.0,7.0,0,2,2,16,1.0,
202400017445,155 751 052,A01,1.0,10.0,0,2,1,13,1.0,
202400017446,155 751 054,A01,1.0,7.0,0,9,3,26,1.0,
202400017447,155 751 050,A01,2.0,7.0,0,1,3,1,1.0,
202400017448,155 751 047,A01,1.0,7.0,0,2,2,15,1.0,
202400017449,155 751 048,A01,2.0,7.0,0,2,1,1,1.0,
202400017450,155 751 045,B01,1.0,33.0,0,2,3,3,1.0,
202400017451,155 751 043,A01,1.0,7.0,0,1,1,15,1.0,
202400017452,155 751 044,A01,1.0,7.0,13,0,1,1,1.0,
202400017453,155 751 041,A01,3.0,50.0,0,2,7,19,3.0,
202400017454,155 751 040,A01,1.0,34.0,0,1,1,21,1.0,
202400017455,155 751 037,A01,1.0,50.0,0,1,1,5,3.0,
202400017456,155 751 036,B01,2.0,7.0,0,2,3,1,1.0,
202400017457,155 751 035,B01,1.0,7.0,0,2,1,1,1.0,
202400017458,155 751 033,A01,3.0,32.0,0,2,1,1,3.0,
202400017459,155 751 031,A01,2.0,2.0,0,2,8,16,1.0,
202400017460,155 751 029,A01,1.0,7.0,0,1,1,1,1.0,
202400017461,155 751 030,A01,2.0,2.0,1,0,1,1,1.0,
202400017462,155 751 027,A01,2.0,7.0,10,0,1,11,1.0,
202400017463,155 751 026,A01,1.0,33.0,13,0,9,1,1.0,
202400017464,155 751 023,A01,1.0,7.0,0,9,2,1,1.0,
202400017465,155 751 022,A01,1.0,7.0,0,2,1,13,1.0,
202400017466,155 751 021,A01,0.0,1.0,6,0,1,1,5.0,
202400017467,155 751 019,A01,1.0,33.0,0,2,7,1,1.0,
202400017468,155 751 018,A01,3.0,7.0,0,1,5,1,1.0,
202400017469,155 751 017,A01,3.0,7.0,0,1,3,16,1.0,