Num_Acc,id_vehicule,num_veh,senc,catv,obs,obsm,choc,manv,motor,occutc
202400017470,155 751 016,A01,2.0,7.0,2,0,1,17,1.0,
202400017471,155 751 014,A01,3.0,21.0,0,0,1,1,1.0,
202400017472,155 751 013,A01,1.0,7.0,0,2,7,12,1.0,
202400017473,155 751 012,A01,2.0,33.0,0,1,1,1,1.0,
202400017474,155 751 011,A01,1.0,7.0,16,0,1,16,1.0,
202400017475,155 751 009,A01,1.0,7.0,0,1,1,1,1.0,
202400017476,155 751 008,A01,1.0,7.0,0,2,3,2,1.0,
202400017477,155 751 006,A01,3.0,31.0,14,0,1,0,1.0,
202400017478,155 751 005,B01,1.0,7.0,14,0,4,2,1.0,
202400017479,155 751 004,A01,1.0,10.0,0,0,8,0,1.0,
202400017480,155 751 003,A01,1.0,1.0,0,2,8,1,5.0,
202400017481,155 751 002,A01,2.0,15.0,0,1,3,23,1.0,
202400017482,155 751 000,A01,3.0,7.0,1,0,3,22,1.0,
202400017483,155 750 997,A01,3.0,7.0,0,2,1,9,1.0,
202400017484,155 750 996,A01,1.0,7.0,0,2,1,13,1.0,
202400017485,155 750 994,B01,2.0,7.0,0,0,3,1,2.0,
202400017486,155 750 992,B01,1.0,50.0,0,2,7,17,3.0,
202400017487,155 750 989,A01,2.0,7.0,0,0,4,2,1.0,
202400017488,155 750 987,A01,3.0,10.0,2,0,7,1,1.0,
202400017489,155 750 984,A01,1.0,43.0,3,0,2,1,1.0,
202400017490,155 750 985,A01,2.0,7.0,0,2,1,1,1.0,
202400017491,155 750 982,A01,2.0,7.0,2,0,2,0,1.0,
202400017492,155 750 981,A01,0.0,7.0,0,1,2,1,1.0,
202400017493,155 750 977,C01,2.0,7.0,0,2,1,1,1.0,
202400017494,155 750 976,A01,3.0,7.0,0,2,3,13,1.0,
202400017495,155 750 975,A01,3.0,7.0,0,1,1,17,1.0,
202400017496,155 750 973,B01,2.0,14.0,0,2,2,21,1.0,
202400017497,155 750 971,B01,1.0,33.0,0,2,1,1,1.0,
202400017498,155 750 970,A01,1.0,7.0,14,0,1,1,1.0,
202400017499,155 750 968,A01,1.0,7.0,0,2,1,15,1.0,
202400017500,155 750 966,A01,0.0,1.0,0,2,4,2,5.0,
202400017501,155 750 965,A01,3.0,2.0,0,0,0,16,3.0,
202400017502,155 750 964,A01,1.0,7.0,0,1,3,1,1.0,
202400017503,155 750 963,A01,1.0,1.0,14,0,1,1,5.0,
202400017504,155 750 962,A01,2.0,10.0,13,0,1,19,1.0,
202400017505,155 750 960,A01,1.0,7.0,3,2,3,13,1.0,
202400017506,155 750 958,B01,2.0,7.0,0,2,7,0,1.0,
202400017507,155 750 956,B01,1.0,2.0,0,2,1,9,1.0,
202400017508,155 750 954,A01,1.0,7.0,0,0,3,1,1.0,
202400017509,155 750 952,A01,1.0,7.0,0,2,8,9,1.0,
202400017510,155 750 950,B01,1.0,7.0,0,2,3,1,1.0,
202400017511,155 750 948,A01,1.0,7.0,0,2,1,13,1.0,
202400017512,155 750 947,A01,1.0,2.0,0,0,0,1,1.0,
202400017513,155 750 945,A01,1.0,7.0,1,2,2,2,1.0,
202400017514,155 750 944,A01,2.0,7.0,13,0,3,1,1.0,
202400017515,155 750 942,A01,2.0,7.0,0,1,2,1,1.0,
202400017516,155 750 940,A01,3.0,7.0,0,2,8,15,1.0,
202400017517,155 750 938,A01,2.0,7.0,0,2,1,17,1.0,
202400017518,155 750 937,A01,3.0,7.0,0,1,2,1,1.0,
202400017519,155 750 935,A01,2.0,7.0,0,2,3,9,1.0,
202400017520,155 750 932,A01,1.0,7.0,0,2,2,1,1.0,
202400017521,155 750 927,A01,1.0,10.0,0,1,2,1,1.0,
202400017522,155 750 925,A01,1.0,7.0,3,2,2,1,1.0,
202400017523,155 750 924,A01,1.0,7.0,3,0,2,1,1.0,
202400017524,155 750 922,A01,2.0,10.0,0,0,3,11,1.0,
202400017525,155 750 920,A01,3.0,7.0,15,0,3,1,1.0,
202400017526,155 750 919,A01,3.0,33.0,8,0,1,21,1.0,
202400017527,155 750 918,A01,1.0,7.0,0,1,3,21,1.0,
202400017528,155 750 917,A01,2.0,33.0,2,0,1,0,1.0,
202400017529,155 750 916,A01,2.0,1.0,13,0,0,19,5.0,
202400017530,155 750 914,A01,0.0,30.0,0,0,5,1,1.0,
202400017531,155 750 913,A01,3.0,7.0,0,1,3,15,3.0,
202400017532,155 750 911,B01,1.0,33.0,0,2,8,1,0.0,
202400017533,155 750 909,A01,2.0,7.0,0,2,1,1,1.0,
202400017534,155 750 908,A01,2.0,7.0,3,0,9,14,1.0,
202400017535,155 750 907,A01,2.0,10.0,0,1,3,15,1.0,
202400017536,155 750 905,A01,1.0,7.0,0,1,2,1,1.0,
202400017537,155 750 904,A01,2.0,7.0,3,0,1,1,1.0,
202400017538,155 750 903,A01,2.0,10.0,0,1,3,1,1.0,
202400017539,155 750 901,A01,3.0,7.0,0,2,3,16,2.0,
202400017540,155 750 899,B01,2.0,38.0,0,2,3,1,1.0,1
202400017541,155 750 897,B01,1.0,7.0,4,2,4,2,1.0,
202400017542,155 750 896,A01,1.0,33.0,0,2,7,3,1.0,
202400017543,155 750 894,A01,1.0,43.0,11,2,1,3,1.0,
202400017544,155 750 892,B01,2.0,33.0,0,2,7,1,1.0,
202400017545,155 750 886,D01,2.0,7.0,0,2,4,26,2.0,
202400017546,155 750 884,A01,2.0,7.0,0,2,6,11,1.0,
202400017547,155 750 882,A01,3.0,1.0,0,2,0,23,5.0,
202400017548,155 750 880,A01,2.0,7.0,0,2,1,1,1.0,
202400017549,155 750 879,A01,1.0,7.0,0,2,8,24,1.0,
202400017550,155 750 877,A01,2.0,10.0,0,2,3,13,1.0,
202400017551,155 750 875,B01,2.0,7.0,0,2,3,1,1.0,
202400017552,155 750 872,A01,1.0,7.0,8,1,1,26,1.0,
202400017553,155 750 871,A01,2.0,7.0,15,0,2,1,2.0,
202400017554,155 750 869,A01,1.0,7.0,0,1,4,4,1.0,
202400017555,155 750 867,B01,1.0,7.0,0,2,2,2,1.0,
202400017556,155 750 865,A01,2.0,7.0,0,2,1,1,1.0,
202400017557,155 750 864,A01,3.0,7.0,1,1,1,9,1.0,
202400017558,155 750 862,B01,1.0,33.0,0,2,1,1,1.0,
202400017559,155 750 860,B01,1.0,7.0,0,2,1,1,0.0,
202400017560,155 750 858,B01,3.0,10.0,15,2,2,9,1.0,
202400017561,155 750 857,A01,3.0,7.0,0,1,1,1,1.0,
202400017562,155 750 856,A01,2.0,7.0,0,1,1,0,1.0,
202400017563,155 750 855,A01,2.0,3.0,6,0,3,16,1.0,
202400017564,155 750 854,A01,0.0,50.0,0,9,0,26,3.0,
202400017565,155 750 853,A01,1.0,7.0,0,1,1,1,1.0,
202400017566,155 750 851,B01,1.0,38.0,0,2,8,1,0.0,1
202400017567,155 750 850,A01,1.0,7.0,0,1,1,1,1.0,
202400017568,155 750 838,B01,1.0,7.0,0,2,4,2,3.0,
202400017569,155 750 835,A01,1.0,10.0,0,2,1,2,1.0,
202400017570,155 750 834,A01,1.0,7.0,0,1,1,15,1.0,
202400017571,155 750 833,A01,0.0,7.0,0,1,1,1,1.0,
202400017572,155 750 831,B01,1.0,50.0,0,2,7,0,3.0,
202400017573,155 750 830,A01,2.0,37.0,0,1,1,1,1.0,1
202400017574,155 750 829,A01,3.0,7.0,0,1,3,15,1.0,
202400017575,155 750 828,A01,1.0,7.0,0,1,3,1,1.0,
202400017576,155 750 826,B01,3.0,50.0,0,2,1,1,3.0,
202400017577,155 750 824,A01,2.0,7.0,0,2,7,14,1.0,
202400017578,155 750 822,B01,2.0,7.0,0,2,5,15,1.0,
202400017579,155 750 819,A01,3.0,7.0,0,2,3,20,1.0,
202400017580,155 750 817,A01,1.0,7.0,0,2,1,1,2.0,
202400017581,155 750 816,A01,1.0,1.0,0,1,1,25,5.0,
202400017582,155 750 814,B01,3.0,7.0,0,2,2,1,1.0,
202400017583,155 750 812,B01,3.0,7.0,0,2,4,23,1.0,
202400017584,155 750 810,A01,3.0,7.0,0,2,3,9,2.0,
202400017585,155 750 808,B01,1.0,7.0,0,2,4,23,2.0,
202400017586,155 750 807,A01,2.0,30.0,1,0,1,1,1.0,
202400017587,155 750 805,B01,1.0,7.0,0,2,1,1,1.0,
202400017588,155 750 804,A01,1.0,7.0,0,1,1,15,1.0,
202400017589,155 750 803,A01,0.0,7.0,0,1,1,1,1.0,
202400017590,155 750 801,A01,3.0,7.0,0,2,1,0,1.0,
202400017591,155 750 800,A01,3.0,7.0,0,1,1,15,1.0,
202400017592,155 750 797,A01,1.0,7.0,0,2,2,2,1.0,
202400017593,155 750 796,A01,2.0,50.0,0,0,0,1,3.0,
202400017594,155 750 795,A01,1.0,7.0,0,1,1,16,1.0,
202400017595,155 750 793,B01,3.0,7.0,0,2,1,20,1.0,
202400017596,155 750 791,A01,1.0,10.0,0,2,1,9,1.0,
202400017597,155 750 789,A01,1.0,10.0,2,0,1,1,1.0,
202400017598,155 750 788,A01,3.0,7.0,0,1,1,2,1.0,
202400017599,155 750 787,A01,1.0,7.0,2,0,1,14,1.0,
202400017600,155 750 784,A01,2.0,7.0,0,2,9,1,1.0,
202400017601,155 750 782,B01,2.0,7.0,8,0,4,14,1.0,
202400017602,155 750 781,A01,2.0,7.0,2,0,2,21,1.0,
202400017603,155 750 780,A01,2.0,7.0,8,0,1,17,1.0,
202400017604,155 750 777,A01,1.0,7.0,0,2,6,15,1.0,
202400017605,155 750 775,A01,2.0,7.0,0,2,3,1,1.0,
202400017606,155 750 774,A01,2.0,33.0,0,0,7,14,1.0,
202400017607,155 750 773,A01,3.0,7.0,0,1,1,1,1.0,
202400017608,155 750 771,A01,2.0,7.0,0,2,3,13,1.0,
202400017609,155 750 770,A01,2.0,7.0,13,0,1,1,1.0,
202400017610,155 750 768,A01,1.0,7.0,0,2,1,14,1.0,
202400017611,155 750 766,A01,2.0,17.0,0,2,2,1,1.0,
202400017612,155 750 765,A01,2.0,7.0,16,0,9,17,1.0,
202400017613,155 750 763,A01,0.0,0.0,0,2,0,19,0.0,
202400017614,155 750 762,A01,0.0,33.0,0,1,0,0,1.0,
202400017615,155 750 760,A01,2.0,7.0,0,2,1,9,1.0,
202400017616,155 750 758,A01,1.0,7.0,0,2,6,20,1.0,
202400017617,155 750 757,A01,1.0,7.0,13,0,0,13,3.0,
202400017618,155 750 755,A01,1.0,7.0,0,2,1,1,1.0,
202400017619,155 750 753,B01,3.0,2.0,0,2,1,1,0.0,
202400017620,155 750 751,B01,2.0,7.0,0,0,5,1,2.0,
202400017621,155 750 750,A01,1.0,7.0,6,0,2,1,1.0,
202400017622,155 750 749,A01,2.0,33.0,13,0,2,13,1.0,
202400017623,155 750 747,B01,0.0,31.0,0,0,5,1,1.0,
202400017624,155 750 745,A01,2.0,7.0,0,2,5,16,1.0,
202400017625,155 750 744,A01,2.0,7.0,0,0,1,1,1.0,
202400017626,155 750 742,A01,2.0,31.0,0,2,1,2,1.0,
202400017627,155 750 740,A01,2.0,33.0,1,2,9,1,1.0,
202400017628,155 750 738,B01,1.0,7.0,0,2,6,1,1.0,
202400017629,155 750 736,A01,1.0,7.0,0,2,2,1,1.0,
202400017630,155 750 733,C01,1.0,7.0,0,2,4,2,1.0,
202400017631,155 750 731,A01,2.0,7.0,0,2,1,2,1.0,
202400017632,155 750 730,A01,2.0,7.0,13,0,1,2,1.0,
202400017633,155 750 726,B01,2.0,7.0,0,2,8,1,1.0,
202400017634,155 750 723,B01,1.0,7.0,0,2,4,1,1.0,
202400017635,155 750 721,A01,1.0,7.0,0,2,7,12,1.0,
202400017636,155 750 720,A01,2.0,7.0,4,0,3,21,1.0,
202400017637,155 750 718,A01,2.0,7.0,0,2,2,6,1.0,
202400017638,155 750 717,A01,1.0,7.0,4,0,3,1,1.0,
202400017639,155 750 715,B01,2.0,1.0,0,2,6,19,5.0,
202400017640,155 750 713,A01,1.0,7.0,15,2,1,13,1.0,
202400017641,155 750 711,A01,2.0,33.0,0,2,8,17,1.0,
202400017642,155 750 710,A01,2.0,7.0,0,1,3,1,3.0,
202400017643,155 750 708,Z01,1.0,7.0,0,2,7,1,1.0,
202400017644,155 750 705,A01,1.0,7.0,0,2,7,1,1.0,
202400017645,155 750 703,B01,1.0,2.0,0,2,1,1,0.0,
202400017646,155 750 701,A01,3.0,32.0,0,2,1,1,1.0,
202400017647,155 750 698,B01,2.0,7.0,0,2,4,1,1.0,
202400017648,155 750 696,A01,1.0,7.0,0,2,1,15,1.0,
202400017649,155 750 695,A01,1.0,7.0,0,1,2,15,1.0,
202400017650,155 750 693,B01,2.0,7.0,0,2,6,0,1.0,
202400017651,155 750 692,A01,1.0,7.0,0,1,1,1,1.0,
202400017652,155 750 691,A01,0.0,0.0,0,1,0,0,0.0,
202400017653,155 750 689,A01,3.0,7.0,0,1,2,15,2.0,
202400017654,155 750 688,A01,3.0,7.0,0,9,1,5,1.0,
202400017655,155 750 687,A01,0.0,3.0,6,0,1,15,3.0,
202400017656,155 750 686,A01,2.0,7.0,0,1,2,1,1.0,
202400017657,155 750 685,A01,3.0,7.0,0,1,4,4,1.0,
202400017658,155 750 683,A01,1.0,50.0,0,0,0,1,3.0,
202400017659,155 750 682,B01,2.0,7.0,0,2,4,1,1.0,
202400017660,155 750 681,A01,1.0,31.0,3,0,3,1,1.0,
202400017661,155 750 680,A01,1.0,7.0,3,0,2,1,1.0,
202400017662,155 750 679,A01,1.0,32.0,4,2,7,2,1.0,
202400017663,155 750 678,A01,2.0,37.0,0,1,5,7,2.0,1
202400017664,155 750 676,B01,1.0,7.0,14,0,4,23,1.0,
202400017665,155 750 673,A01,1.0,7.0,0,2,1,2,1.0,
202400017666,155 750 672,B01,0.0,50.0,0,2,0,0,3.0,
202400017667,155 750 671,A01,1.0,7.0,1,0,0,0,1.0,
202400017668,155 750 670,A01,1.0,30.0,0,0,2,14,1.0,
202400017669,155 750 667,B01,1.0,3.0,0,2,0,19,1.0,
202400017670,155 750 664,A01,0.0,1.0,0,2,0,0,5.0,
202400017671,155 750 663,A01,1.0,7.0,0,2,0,9,1.0,
202400017672,155 750 660,A01,1.0,7.0,0,2,1,0,1.0,
202400017673,155 750 658,C01,1.0,33.0,0,2,0,2,1.0,
202400017674,155 750 656,A01,1.0,7.0,0,2,1,13,1.0,
202400017675,155 750 654,A01,2.0,7.0,0,2,8,9,1.0,
202400017676,155 750 652,A01,2.0,13.0,0,2,3,15,1.0,
202400017677,155 750 648,A01,3.0,7.0,0,2,1,2,1.0,
202400017678,155 750 645,B01,0.0,7.0,0,2,1,1,1.0,
202400017679,155 750 644,A01,2.0,7.0,0,2,3,13,1.0,
202400017680,155 750 642,A01,3.0,50.0,12,0,1,1,3.0,
202400017681,155 750 641,B01,1.0,33.0,0,2,1,1,1.0,
202400017682,155 750 639,A01,2.0,7.0,0,2,7,1,1.0,
202400017683,155 750 638,A01,2.0,7.0,0,1,1,15,1.0,
202400017684,155 750 636,A01,1.0,7.0,8,0,1,26,1.0,
202400017685,155 750 635,B01,2.0,40.0,1,2,0,1,3.0,
202400017686,155 750 633,A01,1.0,32.0,0,2,8,3,1.0,
202400017687,155 750 630,B01,2.0,7.0,0,2,3,1,1.0,
202400017688,155 750 629,A01,1.0,38.0,0,1,4,4,1.0,1
202400017689,155 750 626,B01,2.0,10.0,0,2,0,0,1.0,
202400017690,155 750 625,A01,1.0,7.0,0,2,1,1,1.0,
202400017691,155 750 623,A01,3.0,7.0,0,2,3,15,1.0,
202400017692,155 750 622,A01,1.0,7.0,0,1,2,1,1.0,
202400017693,155 750 618,C01,2.0,7.0,0,2,3,1,3.0,
202400017694,155 750 617,A01,3.0,10.0,0,2,2,0,1.0,
202400017695,155 750 613,B01,2.0,7.0,0,2,3,1,2.0,
202400017696,155 750 612,A01,2.0,7.0,0,2,5,15,1.0,
202400017697,155 750 611,A01,1.0,7.0,0,1,3,1,1.0,
202400017698,155 750 610,A01,0.0,7.0,0,1,1,9,1.0,
202400017699,155 750 607,A01,1.0,10.0,0,2,1,2,1.0,
202400017700,155 750 608,A01,0.0,7.0,0,1,8,15,1.0,
202400017701,155 750 604,A01,1.0,7.0,0,2,1,13,1.0,
202400017702,155 750 603,A01,2.0,10.0,0,2,3,10,1.0,
202400017703,155 750 602,A01,3.0,7.0,0,1,1,1,2.0,
202400017704,155 750 600,B01,3.0,10.0,12,2,1,13,1.0,
202400017705,155 750 599,A01,1.0,7.0,0,1,2,1,1.0,
202400017706,155 750 597,B01,3.0,7.0,0,2,4,23,1.0,
202400017707,155 750 596,A01,1.0,7.0,0,1,1,16,1.0,
202400017708,155 750 595,A01,0.0,3.0,0,1,1,1,3.0,
202400017709,155 750 594,A01,1.0,7.0,1,0,2,1,1.0,
202400017710,155 750 591,B01,3.0,7.0,0,2,6,26,1.0,
202400017711,155 750 590,A01,3.0,7.0,0,2,3,1,1.0,
202400017712,155 750 588,A01,2.0,33.0,0,2,1,2,1.0,
202400017713,155 750 585,B01,3.0,7.0,0,2,1,2,1.0,
202400017714,155 750 584,A01,2.0,7.0,0,2,7,20,1.0,
202400017715,155 750 583,A01,1.0,7.0,0,1,2,16,1.0,
202400017716,155 750 581,A01,1.0,10.0,0,2,1,11,1.0,
202400017717,155 750 580,A01,1.0,3.0,0,1,3,1,1.0,
202400017718,155 750 579,A01,3.0,31.0,3,0,1,14,1.0,
202400017719,155 750 577,A01,1.0,7.0,8,5,1,14,1.0,
202400017720,155 750 575,A01,1.0,7.0,1,0,5,10,1.0,
202400017721,155 750 573,B01,1.0,2.0,0,2,7,1,1.0,
202400017722,155 750 571,A01,2.0,32.0,0,2,1,17,1.0,
202400017723,155 750 570,B01,1.0,7.0,0,2,3,15,1.0,
202400017724,155 750 568,A01,1.0,15.0,0,2,3,1,1.0,
202400017725,155 750 566,A01,3.0,7.0,0,2,7,15,1.0,
202400017726,155 750 564,A01,2.0,2.0,0,9,0,1,3.0,
202400017727,155 750 563,A01,3.0,7.0,0,2,1,1,1.0,
202400017728,155 750 562,A01,3.0,7.0,9,0,1,1,1.0,
202400017729,155 750 558,C01,1.0,10.0,0,2,8,1,1.0,
202400017730,155 750 557,A01,1.0,7.0,0,2,7,1,1.0,
202400017731,155 750 553,B01,2.0,7.0,0,2,3,1,1.0,
202400017732,155 750 551,V01,2.0,1.0,0,2,8,19,5.0,
202400017733,155 750 550,C01,1.0,7.0,0,2,1,1,1.0,
202400017734,155 750 548,B01,3.0,7.0,1,0,1,19,1.0,
202400017735,155 750 546,A01,2.0,7.0,0,2,3,15,1.0,
202400017736,155 750 544,A01,0.0,10.0,0,2,2,16,1.0,
202400017737,155 750 542,A01,1.0,7.0,0,1,1,26,1.0,
202400017738,155 750 540,A01,2.0,7.0,1,1,6,14,1.0,
202400017739,155 750 539,A01,1.0,10.0,0,2,3,15,6.0,
202400017740,155 750 537,A01,3.0,7.0,9,0,1,6,1.0,
202400017741,155 750 531,B01,3.0,7.0,0,2,4,23,1.0,
202400017742,155 750 529,A01,3.0,1.0,0,2,1,1,5.0,
202400017743,155 750 526,A01,1.0,7.0,0,2,3,26,1.0,
202400017744,155 750 525,A01,3.0,7.0,0,2,3,16,1.0,
202400017745,155 750 528,B01,1.0,7.0,0,2,4,2,1.0,
202400017746,155 750 521,A01,3.0,7.0,0,2,2,5,1.0,
202400017747,155 750 522,A01,2.0,7.0,0,2,2,2,1.0,
202400017748,155 750 519,B01,2.0,33.0,0,2,1,2,1.0,
202400017749,155 750 518,A01,0.0,30.0,0,1,1,25,1.0,
202400017750,155 750 515,A01,1.0,7.0,2,5,1,21,1.0,
202400017751,155 750 512,A01,2.0,50.0,0,2,1,1,3.0,
202400017752,155 750 513,C01,2.0,7.0,0,2,4,2,2.0,
202400017753,155 750 509,B01,2.0,33.0,0,2,1,1,1.0,
202400017754,155 750 506,A01,2.0,7.0,0,1,4,4,1.0,
202400017755,155 750 504,C01,1.0,7.0,0,0,4,2,1.0,
202400017756,155 750 505,A01,0.0,7.0,0,2,3,15,1.0,
202400017757,155 750 503,A01,0.0,50.0,12,0,1,14,3.0,
202400017758,155 750 499,B01,3.0,7.0,0,2,4,1,2.0,
202400017759,155 750 498,A01,1.0,7.0,0,2,3,2,1.0,
202400017760,155 750 497,A01,1.0,50.0,0,1,1,25,3.0,
202400017761,155 750 492,A01,3.0,7.0,0,1,1,1,2.0,
202400017762,155 750 490,A01,1.0,7.0,0,2,1,15,1.0,
202400017763,155 750 489,A01,2.0,10.0,9,2,3,11,1.0,
202400017764,155 750 485,A01,3.0,10.0,0,2,1,1,1.0,
202400017765,155 750 481,B01,1.0,7.0,0,2,1,1,1.0,
202400017766,155 750 482,C01,2.0,7.0,0,2,4,1,1.0,
202400017767,155 750 479,A01,2.0,14.0,0,0,0,2,1.0,
202400017768,155 750 480,A01,3.0,7.0,0,2,5,15,1.0,
202400017769,155 750 477,A01,2.0,50.0,0,1,1,2,3.0,
202400017770,155 750 476,A01,1.0,33.0,3,0,1,1,1.0,
202400017771,155 750 473,A01,2.0,7.0,0,2,1,2,1.0,
202400017772,155 750 471,A01,3.0,3.0,0,2,1,13,1.0,
202400017773,155 750 470,A01,2.0,7.0,0,1,1,15,0.0,
202400017774,155 750 469,A01,2.0,7.0,0,2,8,10,1.0,
202400017775,155 750 464,A01,3.0,7.0,0,1,1,20,1.0,
202400017776,155 750 461,B01,1.0,31.0,0,2,4,2,1.0,
202400017777,155 750 459,B01,1.0,10.0,0,2,4,2,1.0,
202400017778,155 750 458,B01,1.0,17.0,0,2,0,12,0.0,
202400017779,155 750 456,A01,1.0,7.0,0,2,1,15,1.0,
202400017780,155 750 451,A01,1.0,33.0,0,2,1,2,1.0,
202400017781,155 750 453,A01,3.0,7.0,0,2,3,15,1.0,
202400017782,155 750 450,B01,1.0,33.0,0,2,2,3,1.0,
202400017783,155 750 448,B01,3.0,30.0,0,2,1,0,1.0,
202400017784,155 750 445,A01,2.0,7.0,12,0,2,1,1.0,
202400017785,155 750 446,A01,1.0,7.0,4,0,1,2,1.0,
202400017786,155 750 444,B01,3.0,1.0,0,2,1,1,5.0,
202400017787,155 750 443,A01,3.0,7.0,0,0,0,26,1.0,
202400017788,155 750 439,A01,3.0,7.0,0,2,1,17,1.0,
202400017789,155 750 438,A01,1.0,7.0,0,2,1,26,1.0,
202400017790,155 750 434,A01,1.0,7.0,0,2,1,10,1.0,
202400017791,155 750 433,C01,2.0,7.0,0,2,4,23,1.0,
202400017792,155 750 431,A01,3.0,7.0,0,1,1,17,0.0,
202400017793,155 750 429,A01,1.0,7.0,0,2,3,11,1.0,
202400017794,155 750 428,A01,1.0,7.0,0,1,1,1,1.0,
202400017795,155 750 426,A01,1.0,50.0,0,1,1,0,3.0,
202400017796,155 750 425,B01,1.0,7.0,0,2,8,15,1.0,
202400017797,155 750 419,A01,1.0,7.0,0,2,1,2,1.0,
202400017798,155 750 418,Z01,2.0,7.0,0,2,1,15,1.0,
202400017799,155 750 417,A01,2.0,32.0,0,2,3,2,1.0,
202400017800,155 750 416,B01,3.0,50.0,0,2,4,15,3.0,
202400017801,155 750 412,A01,1.0,33.0,0,1,1,25,1.0,
202400017802,155 750 413,B01,1.0,7.0,0,2,4,11,1.0,
202400017803,155 750 411,A01,3.0,7.0,0,2,3,9,1.0,
202400017804,155 750 409,A01,1.0,7.0,0,2,1,1,1.0,
202400017805,155 750 404,B01,3.0,7.0,0,2,7,1,1.0,
202400017806,155 750 402,B01,1.0,7.0,0,2,4,1,1.0,
202400017807,155 750 403,A01,1.0,7.0,0,1,2,1,1.0,
202400017808,155 750 401,A01,3.0,7.0,0,0,3,15,1.0,
202400017809,155 750 400,A01,1.0,7.0,13,0,1,6,1.0,
202400017810,155 750 395,A01,1.0,33.0,0,2,8,3,1.0,
202400017811,155 750 393,A01,3.0,7.0,0,2,2,9,1.0,
202400017812,155 750 392,A01,1.0,7.0,14,0,1,2,1.0,
202400017813,155 750 388,A01,2.0,7.0,0,2,1,2,1.0,
202400017814,155 750 389,A01,1.0,7.0,6,0,1,1,1.0,
202400017815,155 750 387,A01,1.0,7.0,0,1,1,1,2.0,
202400017816,155 750 386,A01,1.0,10.0,0,1,1,1,1.0,
202400017817,155 750 385,B01,1.0,33.0,0,2,0,1,1.0,
202400017818,155 750 384,A01,1.0,7.0,2,9,9,15,1.0,
202400017819,155 750 382,A01,2.0,7.0,0,1,2,15,2.0,
202400017820,155 750 380,A01,3.0,7.0,0,2,2,1,1.0,
202400017821,155 750 379,A01,2.0,33.0,13,0,2,0,1.0,
202400017822,155 750 375,B01,2.0,31.0,0,2,8,3,1.0,
202400017823,155 750 373,A01,1.0,7.0,0,2,4,1,1.0,
202400017824,155 750 371,A01,1.0,7.0,0,2,2,20,1.0,
202400017825,155 750 370,A01,2.0,3.0,15,0,1,1,1.0,
202400017826,155 750 369,A01,1.0,30.0,0,0,1,26,1.0,
202400017827,155 750 366,D01,2.0,32.0,0,9,1,23,1.0,
202400017828,155 750 365,B01,2.0,7.0,0,2,1,2,1.0,
202400017829,155 750 364,A01,1.0,1.0,0,1,1,1,5.0,
202400017830,155 750 361,A01,1.0,7.0,0,2,4,1,1.0,
202400017831,155 750 359,A01,0.0,7.0,0,2,2,15,1.0,
202400017832,155 750 360,A01,1.0,50.0,0,1,1,1,3.0,
202400017833,155 750 357,A01,2.0,7.0,0,1,4,4,2.0,
202400017834,155 750 358,A01,1.0,7.0,0,1,6,4,1.0,
202400017835,155 750 354,A01,1.0,31.0,0,2,1,3,3.0,
202400017836,155 750 352,A01,2.0,33.0,0,2,3,7,1.0,
202400017837,155 750 351,A01,3.0,7.0,0,2,2,1,1.0,
202400017838,155 750 347,Z01,2.0,34.0,0,1,1,1,0.0,
202400017839,155 750 349,A01,2.0,7.0,0,1,8,1,2.0,
202400017840,155 750 345,A01,3.0,7.0,0,2,6,10,1.0,
202400017841,155 750 341,Z01,1.0,1.0,0,1,1,1,5.0,
202400017842,155 750 342,A01,3.0,1.0,0,2,1,5,5.0,
202400017843,155 750 340,A01,1.0,7.0,15,0,1,0,1.0,
202400017844,155 750 343,A01,2.0,40.0,0,1,1,1,3.0,
202400017845,155 750 339,A01,2.0,1.0,0,1,1,1,5.0,
202400017846,155 750 337,A01,1.0,7.0,9,0,1,1,1.0,
202400017847,155 750 336,A01,1.0,7.0,0,2,4,15,1.0,
202400017848,155 750 334,A01,2.0,60.0,0,1,1,1,5.0,
202400017849,155 750 333,A01,1.0,7.0,0,0,3,24,2.0,
202400017850,155 750 329,A01,1.0,7.0,0,9,3,2,1.0,
202400017851,155 750 328,A01,0.0,7.0,0,2,1,2,1.0,
202400017852,155 750 327,A01,1.0,30.0,0,2,1,2,1.0,
202400017853,155 750 325,A01,1.0,80.0,0,2,1,26,3.0,
202400017854,155 750 321,A01,1.0,31.0,0,2,2,17,1.0,
202400017855,155 750 323,A01,3.0,33.0,0,1,1,1,1.0,
202400017856,155 750 320,B01,1.0,1.0,0,2,1,1,5.0,
202400017857,155 750 316,B01,1.0,33.0,0,2,4,2,1.0,
202400017858,155 750 314,B01,1.0,30.0,0,2,1,1,3.0,
202400017859,155 750 313,A01,2.0,33.0,1,0,1,0,1.0,
202400017860,155 750 315,A01,1.0,7.0,0,0,0,13,0.0,
202400017861,155 750 312,A01,2.0,80.0,0,1,1,1,3.0,
202400017862,155 750 307,B01,1.0,1.0,0,2,1,17,5.0,
202400017863,155 750 309,A01,0.0,80.0,0,2,1,26,3.0,
202400017864,155 750 308,A01,2.0,7.0,12,0,2,11,1.0,
202400017865,155 750 306,Z01,1.0,1.0,0,1,1,1,5.0,
202400017866,155 750 304,A01,2.0,7.0,0,1,1,1,3.0,
202400017867,155 750 303,A01,3.0,31.0,0,0,0,1,1.0,