Num_Acc,id_vehicule,num_veh,senc,catv,obs,obsm,choc,manv,motor,occutc
202400017868,155 750 302,B01,2.0,7.0,0,9,3,1,1.0,
202400017869,155 750 298,B01,2.0,7.0,0,2,1,5,1.0,
202400017870,155 750 297,A01,1.0,7.0,0,2,2,16,2.0,
202400017871,155 750 295,A01,1.0,7.0,0,2,1,2,1.0,
202400017872,155 750 293,A01,1.0,7.0,0,2,2,1,1.0,
202400017873,155 750 291,A01,1.0,31.0,0,2,2,17,1.0,
202400017874,155 750 288,B01,3.0,7.0,0,2,4,1,1.0,
202400017875,155 750 286,B01,3.0,7.0,0,0,0,0,1.0,
202400017876,155 750 284,A01,1.0,10.0,0,2,2,1,1.0,
202400017877,155 750 283,B01,2.0,32.0,0,2,1,1,1.0,
202400017878,155 750 281,A01,1.0,7.0,2,0,1,26,1.0,
202400017879,155 750 278,A01,2.0,7.0,0,2,3,15,1.0,
202400017880,155 750 277,A01,1.0,10.0,0,2,2,1,1.0,
202400017881,155 750 276,A01,3.0,7.0,0,2,1,17,1.0,
202400017882,155 750 275,A01,1.0,10.0,13,0,1,26,1.0,
202400017883,155 750 272,A01,0.0,33.0,0,2,3,18,1.0,
202400017884,155 750 270,A01,0.0,7.0,0,2,3,13,1.0,
202400017885,155 750 269,A01,3.0,10.0,14,2,2,1,1.0,
202400017886,155 750 267,A01,3.0,7.0,0,2,1,1,1.0,
202400017887,155 750 265,A01,3.0,7.0,0,1,6,16,1.0,
202400017888,155 750 259,B01,1.0,7.0,0,2,6,1,1.0,
202400017889,155 750 262,A01,3.0,7.0,0,2,8,15,2.0,
202400017890,155 750 258,B01,3.0,1.0,0,2,7,19,5.0,
202400017891,155 750 257,A01,1.0,32.0,0,2,1,1,1.0,
202400017892,155 750 255,A01,1.0,7.0,0,1,2,1,1.0,
202400017893,155 750 254,A01,2.0,7.0,15,0,1,1,1.0,
202400017894,155 750 252,A01,2.0,7.0,4,0,1,1,1.0,
202400017895,155 750 251,A01,1.0,7.0,0,1,1,15,3.0,
202400017896,155 750 249,A01,3.0,7.0,0,2,1,2,1.0,
202400017897,155 750 250,B01,1.0,7.0,0,2,1,2,1.0,
202400017898,155 750 246,B01,3.0,33.0,0,2,2,1,1.0,
202400017899,155 750 244,B01,2.0,7.0,1,0,1,21,1.0,
202400017900,155 750 243,A01,3.0,30.0,0,2,1,16,1.0,
202400017901,155 750 242,A01,2.0,7.0,0,1,2,1,1.0,
202400017902,155 750 241,A01,1.0,7.0,0,0,1,1,1.0,
202400017903,155 750 239,A01,3.0,7.0,0,1,0,15,0.0,
202400017904,155 750 238,A01,2.0,31.0,0,2,7,16,1.0,
202400017905,155 750 234,C01,1.0,7.0,0,2,1,15,0.0,
202400017906,155 750 235,A01,3.0,7.0,6,0,3,1,1.0,
202400017907,155 750 233,A01,1.0,10.0,0,1,7,16,1.0,
202400017908,155 750 232,B01,0.0,7.0,0,2,7,1,1.0,
202400017909,155 750 229,B01,2.0,31.0,0,2,8,3,1.0,
202400017910,155 750 228,A01,1.0,50.0,8,2,1,2,3.0,
202400017911,155 750 224,A01,1.0,30.0,1,2,1,25,1.0,
202400017912,155 750 220,B01,2.0,10.0,0,2,5,2,1.0,
202400017913,155 750 219,A01,1.0,1.0,1,0,3,13,5.0,
202400017914,155 750 221,B01,2.0,7.0,0,2,1,1,1.0,
202400017915,155 750 218,A01,1.0,42.0,6,0,1,19,1.0,
202400017916,155 750 217,A01,1.0,7.0,13,0,7,1,1.0,
202400017917,155 750 211,A01,2.0,31.0,0,2,1,21,1.0,
202400017918,155 750 210,B01,0.0,7.0,0,2,1,19,1.0,
202400017919,155 750 212,B01,0.0,50.0,0,2,4,26,3.0,
202400017920,155 750 209,A01,1.0,7.0,6,0,3,1,1.0,
202400017921,155 750 207,A01,2.0,50.0,0,1,1,1,3.0,
202400017922,155 750 208,A01,1.0,33.0,0,1,2,1,1.0,
202400017923,155 750 204,B01,2.0,7.0,0,2,1,1,1.0,
202400017924,155 750 202,A01,1.0,7.0,6,0,8,13,1.0,
202400017925,155 750 201,A01,3.0,33.0,0,1,3,25,1.0,
202400017926,155 750 200,A01,1.0,37.0,0,2,1,2,0.0,3
202400017927,155 750 199,A01,1.0,7.0,4,0,0,0,1.0,
202400017928,155 750 196,A01,3.0,2.0,0,2,1,13,1.0,
202400017929,155 750 194,B01,3.0,1.0,0,2,1,1,5.0,
202400017930,155 750 192,A01,1.0,7.0,0,2,2,15,1.0,
202400017931,155 750 191,A01,2.0,32.0,0,2,1,1,1.0,
202400017932,155 750 190,A01,1.0,7.0,2,0,1,1,1.0,
202400017933,155 750 188,A01,3.0,1.0,0,1,1,26,5.0,
202400017934,155 750 187,A01,1.0,7.0,0,0,0,0,1.0,
202400017935,155 750 186,A01,2.0,30.0,14,0,1,1,1.0,
202400017936,155 750 185,B01,1.0,7.0,0,2,6,23,1.0,
202400017937,155 750 182,A01,2.0,10.0,0,2,4,4,1.0,
202400017938,155 750 178,A01,2.0,7.0,0,2,3,1,1.0,
202400017939,155 750 179,A01,2.0,7.0,0,2,1,1,1.0,
202400017940,155 750 176,A01,1.0,7.0,0,2,1,15,1.0,
202400017941,155 750 174,A01,3.0,7.0,6,0,1,1,1.0,
202400017942,155 750 172,A01,1.0,1.0,0,2,1,13,5.0,
202400017943,155 750 171,B01,3.0,7.0,0,9,1,1,1.0,
202400017944,155 750 167,A01,2.0,10.0,0,2,7,15,1.0,
202400017945,155 750 168,A01,2.0,33.0,0,0,0,26,1.0,
202400017946,155 750 164,A01,1.0,7.0,4,0,0,23,1.0,
202400017947,155 750 162,A01,1.0,7.0,0,2,1,1,1.0,
202400017948,155 750 159,A01,3.0,33.0,6,0,1,26,1.0,
202400017949,155 750 160,A01,2.0,10.0,0,2,1,1,1.0,
202400017950,155 750 158,A01,1.0,7.0,6,2,1,17,1.0,
202400017951,155 750 156,A01,1.0,2.0,1,0,1,1,3.0,
202400017952,155 750 153,A01,1.0,30.0,0,2,8,1,3.0,
202400017953,155 750 152,B01,3.0,99.0,0,2,1,2,3.0,
202400017954,155 750 148,B01,0.0,10.0,14,0,4,2,1.0,
202400017955,155 750 146,A01,1.0,7.0,2,0,1,1,1.0,
202400017956,155 750 147,A01,3.0,7.0,0,1,1,26,3.0,
202400017957,155 750 144,A01,0.0,7.0,0,0,1,0,1.0,
202400017958,155 750 143,A01,1.0,33.0,5,0,9,2,1.0,
202400017959,155 750 141,A01,0.0,1.0,0,0,1,14,5.0,
202400017960,155 750 139,A01,1.0,33.0,13,0,0,0,1.0,
202400017961,155 750 138,A01,3.0,7.0,1,2,3,16,1.0,
202400017962,155 750 135,A01,1.0,7.0,0,2,1,0,1.0,
202400017963,155 750 133,A01,3.0,7.0,0,1,6,20,1.0,
202400017964,155 750 131,A01,2.0,7.0,6,0,2,14,1.0,
202400017965,155 750 129,A01,2.0,7.0,0,1,3,1,1.0,
202400017966,155 750 128,B01,1.0,1.0,0,2,8,1,5.0,
202400017967,155 750 130,A01,1.0,7.0,0,2,3,11,1.0,
202400017968,155 750 122,A01,1.0,10.0,0,2,2,14,0.0,
202400017969,155 750 126,B01,2.0,7.0,0,2,1,2,1.0,
202400017970,155 750 121,A01,1.0,7.0,0,2,2,2,1.0,
202400017971,155 750 120,A01,1.0,7.0,0,2,1,2,1.0,
202400017972,155 750 119,A01,1.0,37.0,0,1,8,0,1.0,1
202400017973,155 750 118,A01,2.0,2.0,12,0,1,16,1.0,
202400017974,155 750 117,A01,0.0,7.0,0,1,1,15,3.0,
202400017975,155 750 115,A01,2.0,10.0,0,2,3,11,3.0,
202400017976,155 750 113,A01,0.0,80.0,0,0,2,1,3.0,
202400017977,155 750 112,A01,1.0,10.0,0,1,1,1,0.0,
202400017978,155 750 111,B01,2.0,7.0,0,2,8,1,1.0,
202400017979,155 750 107,A01,1.0,7.0,15,0,2,1,1.0,
202400017980,155 750 109,A01,3.0,37.0,0,1,2,1,2.0,1
202400017981,155 750 108,B01,2.0,50.0,0,2,1,1,3.0,
202400017982,155 750 105,B01,3.0,2.0,0,2,8,1,1.0,
202400017983,155 750 104,A01,3.0,33.0,0,0,8,1,1.0,
202400017984,155 750 100,A01,2.0,7.0,0,2,8,19,1.0,
202400017985,155 750 095,A01,1.0,7.0,0,0,1,2,1.0,
202400017986,155 750 097,A01,0.0,7.0,0,2,1,1,1.0,
202400017987,155 750 096,A01,1.0,7.0,0,2,1,1,1.0,
202400017988,155 750 094,A01,0.0,7.0,12,0,0,0,1.0,
202400017989,155 750 089,A01,1.0,33.0,0,2,2,17,1.0,
202400017990,155 750 090,B01,3.0,32.0,0,2,7,17,1.0,
202400017991,155 750 086,A01,1.0,7.0,0,2,1,15,1.0,
202400017992,155 750 085,C01,2.0,7.0,0,2,1,1,1.0,
202400017993,155 750 082,A01,1.0,1.0,0,2,3,19,5.0,
202400017994,155 750 080,A01,3.0,2.0,0,2,8,16,3.0,
202400017995,155 750 079,A01,1.0,7.0,0,1,3,1,3.0,
202400017996,155 750 077,B01,3.0,33.0,0,2,1,1,1.0,
202400017997,155 750 076,B01,2.0,7.0,0,2,4,1,2.0,
202400017998,155 750 073,A01,2.0,7.0,2,0,1,1,1.0,
202400017999,155 750 070,A01,1.0,7.0,0,2,7,22,2.0,
202400018000,155 750 068,A01,1.0,10.0,0,0,0,15,1.0,
202400018001,155 750 069,C01,1.0,7.0,1,0,1,1,1.0,
202400018002,155 750 066,A01,2.0,15.0,0,2,2,2,1.0,
202400018003,155 750 062,A01,1.0,7.0,0,0,3,1,1.0,
202400018004,155 750 060,A01,2.0,7.0,0,0,1,1,1.0,
202400018005,155 750 059,A01,1.0,7.0,0,2,2,2,1.0,
202400018006,155 750 061,A01,1.0,7.0,0,2,8,15,1.0,
202400018007,155 750 057,A01,2.0,2.0,0,0,7,10,1.0,
202400018008,155 750 058,A01,1.0,7.0,13,0,3,13,1.0,
202400018009,155 750 049,B01,2.0,33.0,0,2,1,1,1.0,
202400018010,155 750 048,B01,2.0,7.0,0,2,0,1,1.0,
202400018011,155 750 047,A01,2.0,7.0,0,2,3,1,2.0,
202400018012,155 750 046,A01,1.0,7.0,0,2,1,1,1.0,
202400018013,155 750 041,B01,1.0,33.0,0,2,1,1,1.0,
202400018014,155 750 040,A01,2.0,33.0,0,2,1,2,1.0,
202400018015,155 750 039,A01,1.0,33.0,0,2,1,2,1.0,
202400018016,155 750 038,A01,2.0,7.0,0,0,0,1,1.0,
202400018017,155 750 037,A01,3.0,7.0,0,1,1,0,1.0,
202400018018,155 750 033,A01,2.0,2.0,0,5,1,1,1.0,
202400018019,155 750 034,A01,1.0,7.0,0,2,1,2,1.0,
202400018020,155 750 032,A01,0.0,7.0,0,2,2,12,1.0,
202400018021,155 750 030,A01,1.0,7.0,7,0,3,1,1.0,
202400018022,155 750 028,A01,1.0,7.0,14,0,1,1,1.0,
202400018023,155 750 026,A01,2.0,99.0,0,2,3,13,0.0,
202400018024,155 750 024,A01,3.0,7.0,0,1,2,1,1.0,
202400018025,155 750 025,A01,2.0,7.0,0,2,1,2,1.0,
202400018026,155 750 021,A01,1.0,7.0,0,1,1,16,1.0,
202400018027,155 750 019,B01,3.0,10.0,0,2,3,1,1.0,
202400018028,155 750 017,A01,1.0,7.0,0,2,0,26,1.0,
202400018029,155 750 018,A01,1.0,7.0,0,2,2,15,1.0,
202400018030,155 750 016,A01,2.0,7.0,2,0,7,1,1.0,
202400018031,155 750 015,A01,2.0,33.0,0,2,7,0,1.0,
202400018032,155 750 014,A01,1.0,7.0,0,1,1,1,1.0,
202400018033,155 750 013,A01,1.0,33.0,6,0,1,1,1.0,
202400018034,155 750 010,A01,1.0,7.0,0,2,4,23,1.0,
202400018035,155 750 009,A01,2.0,7.0,3,2,3,13,1.0,
202400018036,155 750 006,B01,1.0,7.0,3,2,1,0,1.0,
202400018037,155 750 005,A01,1.0,21.0,0,2,6,19,1.0,
202400018038,155 750 003,A01,1.0,2.0,0,6,1,1,1.0,
202400018039,155 750 002,A01,1.0,43.0,0,2,1,1,1.0,
202400018040,155 750 001,A01,1.0,33.0,0,0,0,2,1.0,
202400018041,155 750 000,A01,1.0,7.0,2,0,5,1,1.0,
202400018042,155 749 997,A01,1.0,33.0,0,2,1,2,1.0,
202400018043,155 749 996,A01,2.0,33.0,13,0,7,1,1.0,
202400018044,155 749 995,A01,1.0,7.0,6,0,1,26,1.0,
202400018045,155 749 992,A01,1.0,7.0,0,2,3,13,1.0,
202400018046,155 749 991,B01,2.0,33.0,0,2,3,0,1.0,
202400018047,155 749 988,A01,2.0,31.0,0,0,1,1,1.0,
202400018048,155 749 987,B01,2.0,13.0,0,2,7,1,1.0,
202400018049,155 749 986,A01,2.0,33.0,5,0,7,0,1.0,
202400018050,155 749 984,B01,1.0,7.0,0,2,4,1,1.0,
202400018051,155 749 980,A01,0.0,7.0,0,2,1,1,1.0,
202400018052,155 749 979,A01,2.0,10.0,0,2,1,2,1.0,
202400018053,155 749 977,A01,2.0,33.0,0,2,8,15,1.0,
202400018054,155 749 976,A01,2.0,7.0,0,2,1,2,1.0,
202400018055,155 749 974,B01,2.0,7.0,0,2,2,1,1.0,
202400018056,155 749 971,B01,1.0,2.0,0,2,1,1,1.0,
202400018057,155 749 969,A01,2.0,7.0,0,2,1,5,1.0,
202400018058,155 749 967,A01,2.0,7.0,0,2,6,15,1.0,
202400018059,155 749 965,A01,1.0,32.0,0,2,1,1,1.0,
202400018060,155 749 963,A01,1.0,7.0,0,2,1,2,1.0,
202400018061,155 749 961,A01,1.0,7.0,13,0,2,14,1.0,
202400018062,155 749 959,B01,1.0,17.0,0,2,2,21,1.0,
202400018063,155 749 957,A01,1.0,7.0,0,2,1,2,1.0,
202400018064,155 749 958,A01,2.0,7.0,9,0,1,1,2.0,
202400018065,155 749 955,A01,1.0,2.0,8,0,1,14,1.0,
202400018066,155 749 956,A01,1.0,7.0,2,0,1,1,1.0,
202400018067,155 749 949,A01,1.0,7.0,13,2,2,1,1.0,
202400018068,155 749 950,B01,1.0,50.0,0,2,1,1,3.0,
202400018069,155 749 948,B01,1.0,1.0,0,2,1,1,5.0,
202400018070,155 749 947,A01,2.0,7.0,0,2,1,2,1.0,
202400018071,155 749 946,A01,1.0,32.0,0,0,0,0,6.0,
202400018072,155 749 944,A01,1.0,0.0,0,1,0,9,0.0,
202400018073,155 749 943,B01,1.0,17.0,3,0,7,1,0.0,
202400018074,155 749 942,B01,1.0,7.0,0,0,0,23,1.0,
202400018075,155 749 939,B01,0.0,13.0,0,0,8,15,1.0,
202400018076,155 749 937,A01,1.0,7.0,2,0,1,1,1.0,
202400018077,155 749 936,B01,3.0,50.0,15,2,7,1,3.0,
202400018078,155 749 932,A01,3.0,20.0,0,1,3,2,3.0,
202400018079,155 749 933,B01,3.0,80.0,0,2,4,1,3.0,
202400018080,155 749 935,A01,1.0,10.0,0,0,3,15,1.0,
202400018081,155 749 931,A01,2.0,7.0,0,1,2,15,1.0,
202400018082,155 749 928,A01,1.0,7.0,0,2,3,0,1.0,
202400018083,155 749 927,A01,2.0,32.0,4,2,4,14,1.0,
202400018084,155 749 926,B01,2.0,30.0,1,0,1,25,1.0,
202400018085,155 749 925,A01,1.0,7.0,6,0,3,2,1.0,
202400018086,155 749 923,A01,1.0,33.0,0,2,1,17,1.0,
202400018087,155 749 922,A01,3.0,2.0,8,0,7,10,3.0,
202400018088,155 749 920,A01,3.0,7.0,5,1,5,14,1.0,
202400018089,155 749 918,A01,1.0,7.0,2,0,2,14,1.0,
202400018090,155 749 919,B01,1.0,32.0,0,2,1,1,1.0,
202400018091,155 749 916,A01,2.0,99.0,2,1,2,2,1.0,
202400018092,155 749 915,A01,2.0,15.0,13,0,3,1,1.0,
202400018093,155 749 912,A01,2.0,7.0,0,2,1,17,1.0,
202400018094,155 749 913,A01,1.0,7.0,2,0,0,1,1.0,
202400018095,155 749 911,A01,1.0,7.0,0,1,2,1,1.0,
202400018096,155 749 909,A01,1.0,1.0,0,0,0,1,5.0,
202400018097,155 749 910,A01,2.0,33.0,0,0,0,1,1.0,
202400018098,155 749 908,A01,3.0,21.0,0,0,0,1,1.0,
202400018099,155 749 907,A01,2.0,7.0,15,0,2,1,1.0,
202400018100,155 749 906,A01,1.0,33.0,3,0,7,1,1.0,
202400018101,155 749 904,A01,1.0,7.0,0,2,1,1,1.0,
202400018102,155 749 903,A01,3.0,7.0,15,0,3,1,1.0,
202400018103,155 749 900,A01,1.0,7.0,0,2,3,13,1.0,
202400018104,155 749 898,A01,2.0,33.0,14,0,1,1,1.0,
202400018105,155 749 897,C01,1.0,7.0,0,2,1,2,1.0,
202400018106,155 749 896,A01,3.0,7.0,2,0,2,1,2.0,
202400018107,155 749 894,A01,3.0,7.0,0,2,3,1,1.0,
202400018108,155 749 893,A01,3.0,38.0,0,1,2,7,1.0,1
202400018109,155 749 892,A01,2.0,7.0,13,0,0,16,1.0,
202400018110,155 749 887,A01,1.0,2.0,16,0,8,2,1.0,
202400018111,155 749 886,A01,1.0,7.0,0,2,3,5,3.0,
202400018112,155 749 885,A01,1.0,7.0,0,2,0,0,1.0,
202400018113,155 749 884,A01,1.0,7.0,0,0,1,1,1.0,
202400018114,155 749 879,A01,1.0,7.0,0,1,1,15,1.0,
202400018115,155 749 880,A01,2.0,7.0,2,0,2,1,1.0,
202400018116,155 749 881,A01,1.0,7.0,0,2,1,1,1.0,
202400018117,155 749 875,A01,1.0,7.0,0,1,1,1,1.0,
202400018118,155 749 874,A01,1.0,7.0,0,2,1,17,1.0,
202400018119,155 749 873,A01,2.0,7.0,0,1,2,1,1.0,
202400018120,155 749 872,A01,1.0,7.0,0,2,4,1,1.0,
202400018121,155 749 871,A01,1.0,33.0,0,5,1,1,1.0,
202400018122,155 749 869,A01,2.0,7.0,16,0,9,1,1.0,
202400018123,155 749 866,B01,1.0,7.0,0,2,1,1,1.0,
202400018124,155 749 865,A01,1.0,7.0,0,2,3,19,1.0,
202400018125,155 749 864,A01,2.0,7.0,0,2,1,2,1.0,
202400018126,155 749 862,A01,1.0,7.0,0,2,1,2,1.0,
202400018127,155 749 858,A01,1.0,7.0,0,1,3,1,1.0,
202400018128,155 749 855,A01,2.0,7.0,2,0,3,13,1.0,
202400018129,155 749 857,B01,1.0,7.0,4,2,4,13,1.0,
202400018130,155 749 856,B01,1.0,7.0,13,0,0,0,1.0,
202400018131,155 749 852,A01,1.0,31.0,3,0,8,1,1.0,
202400018132,155 749 850,B01,3.0,7.0,0,2,6,1,1.0,
202400018133,155 749 849,B01,1.0,7.0,0,2,6,1,1.0,
202400018134,155 749 847,B01,1.0,10.0,0,2,5,1,1.0,
202400018135,155 749 841,B01,2.0,33.0,0,2,1,1,1.0,
202400018136,155 749 842,B01,1.0,33.0,4,2,9,2,1.0,
202400018137,155 749 843,B01,2.0,7.0,0,2,1,1,1.0,
202400018138,155 749 840,A01,2.0,7.0,4,0,3,1,1.0,
202400018139,155 749 834,A01,3.0,7.0,0,1,1,19,0.0,
202400018140,155 749 835,A01,1.0,99.0,13,0,7,14,1.0,
202400018141,155 749 833,A01,1.0,10.0,0,2,3,2,1.0,
202400018142,155 749 831,A01,1.0,7.0,0,2,2,2,1.0,
202400018143,155 749 830,A01,1.0,17.0,0,2,6,2,1.0,
202400018144,155 749 826,B01,1.0,1.0,0,5,1,1,5.0,
202400018145,155 749 824,B01,0.0,2.0,0,2,7,15,0.0,
202400018146,155 749 822,B01,1.0,7.0,0,2,4,2,1.0,
202400018147,155 749 821,A01,2.0,7.0,13,0,2,14,1.0,
202400018148,155 749 820,A01,1.0,36.0,13,0,8,1,3.0,
202400018149,155 749 819,A01,2.0,33.0,0,2,1,2,1.0,
202400018150,155 749 817,A01,3.0,7.0,4,0,1,0,1.0,
202400018151,155 749 818,A01,1.0,7.0,0,1,2,1,1.0,
202400018152,155 749 815,A01,1.0,33.0,0,0,0,26,1.0,
202400018153,155 749 813,A01,1.0,7.0,0,2,1,13,1.0,
202400018154,155 749 811,B01,1.0,10.0,0,2,3,15,1.0,
202400018155,155 749 808,A01,1.0,7.0,9,9,1,9,1.0,
202400018156,155 749 807,A01,2.0,7.0,0,2,1,1,1.0,
202400018157,155 749 805,A01,1.0,10.0,0,2,1,2,1.0,
202400018158,155 749 804,A01,3.0,7.0,0,1,6,15,1.0,
202400018159,155 749 801,A01,0.0,33.0,0,6,1,1,1.0,
202400018160,155 749 799,A01,2.0,2.0,0,2,1,2,1.0,
202400018161,155 749 798,B01,2.0,7.0,6,2,6,1,1.0,
202400018162,155 749 795,B01,2.0,30.0,0,2,3,1,1.0,
202400018163,155 749 794,A01,3.0,7.0,6,1,1,20,0.0,
202400018164,155 749 796,B01,1.0,10.0,0,2,4,1,1.0,
202400018165,155 749 793,A01,2.0,7.0,8,0,2,14,1.0,
202400018166,155 749 792,A01,3.0,7.0,0,1,1,0,1.0,
202400018167,155 749 791,A01,1.0,7.0,13,0,3,13,1.0,
202400018168,155 749 789,A01,2.0,7.0,1,0,1,2,1.0,
202400018169,155 749 788,A01,1.0,7.0,0,2,1,2,1.0,
202400018170,155 749 787,A01,2.0,2.0,3,0,0,2,1.0,
202400018171,155 749 784,A01,2.0,7.0,0,2,2,1,1.0,
202400018172,155 749 783,B01,2.0,7.0,0,2,1,1,1.0,
202400018173,155 749 782,A01,2.0,10.0,4,0,7,1,1.0,
202400018174,155 749 781,A01,1.0,36.0,6,0,2,26,1.0,
202400018175,155 749 780,A01,2.0,7.0,0,1,2,1,1.0,
202400018176,155 749 779,A01,3.0,7.0,0,1,2,16,1.0,
202400018177,155 749 777,A01,2.0,7.0,0,0,9,1,1.0,
202400018178,155 749 775,A01,3.0,7.0,0,1,4,4,1.0,
202400018179,155 749 774,B01,1.0,7.0,0,2,3,12,1.0,
202400018180,155 749 773,B01,1.0,21.0,0,2,1,1,1.0,
202400018181,155 749 768,A01,1.0,7.0,0,2,1,1,1.0,
202400018182,155 749 767,A01,2.0,7.0,0,2,1,8,1.0,
202400018183,155 749 766,B01,1.0,1.0,0,0,4,2,5.0,
202400018184,155 749 765,A01,3.0,7.0,0,0,0,15,1.0,
202400018185,155 749 764,A01,3.0,33.0,0,0,7,23,1.0,
202400018186,155 749 762,A01,2.0,7.0,0,1,1,1,1.0,
202400018187,155 749 760,A01,3.0,7.0,0,1,1,1,1.0,
202400018188,155 749 758,A01,1.0,10.0,0,1,3,1,1.0,
202400018189,155 749 757,A01,3.0,30.0,0,2,1,1,1.0,
202400018190,155 749 755,A01,1.0,2.0,0,2,4,18,1.0,
202400018191,155 749 752,A01,2.0,2.0,0,9,0,1,1.0,
202400018192,155 749 750,B01,2.0,7.0,0,2,1,5,1.0,
202400018193,155 749 751,A01,1.0,7.0,0,2,2,15,1.0,
202400018194,155 749 749,A01,3.0,7.0,0,1,1,15,1.0,
202400018195,155 749 748,A01,2.0,7.0,0,1,1,1,1.0,
202400018196,155 749 746,A01,0.0,7.0,2,0,1,1,1.0,
202400018197,155 749 743,A01,1.0,7.0,0,2,7,9,1.0,
202400018198,155 749 744,A01,2.0,7.0,0,0,1,1,1.0,
202400018199,155 749 741,A01,2.0,33.0,13,0,2,1,1.0,
202400018200,155 749 739,B01,2.0,7.0,1,0,2,1,1.0,
202400018201,155 749 738,A01,3.0,7.0,0,2,1,19,1.0,
202400018202,155 749 736,A01,1.0,33.0,0,0,0,16,1.0,
202400018203,155 749 735,A01,1.0,7.0,0,2,3,26,1.0,
202400018204,155 749 734,A01,1.0,7.0,0,2,3,1,1.0,
202400018205,155 749 733,A01,1.0,7.0,0,1,3,1,1.0,
202400018206,155 749 729,Z01,1.0,50.0,0,2,1,26,3.0,
202400018207,155 749 730,A01,1.0,7.0,16,0,0,1,1.0,
202400018208,155 749 728,A01,1.0,10.0,0,2,2,1,1.0,
202400018209,155 749 724,A01,1.0,30.0,0,2,1,26,3.0,
202400018210,155 749 725,A01,1.0,7.0,13,0,2,21,1.0,
202400018211,155 749 723,A01,2.0,7.0,0,2,1,1,1.0,
202400018212,155 749 718,A01,1.0,7.0,0,2,3,16,1.0,
202400018213,155 749 721,A01,2.0,1.0,0,0,9,1,5.0,
202400018214,155 749 717,B01,2.0,7.0,0,2,8,6,1.0,
202400018215,155 749 719,A01,3.0,31.0,13,0,0,14,1.0,
202400018216,155 749 715,B01,1.0,7.0,0,2,5,2,1.0,
202400018217,155 749 714,A01,1.0,7.0,8,0,2,1,1.0,
202400018218,155 749 712,A01,1.0,33.0,13,0,7,1,1.0,
202400018219,155 749 709,A01,0.0,10.0,0,1,2,2,1.0,
202400018220,155 749 710,B01,2.0,1.0,0,2,1,1,5.0,
202400018221,155 749 708,A01,3.0,7.0,0,2,5,15,2.0,
202400018222,155 749 705,A01,2.0,33.0,13,0,8,1,1.0,
202400018223,155 749 703,B01,0.0,2.0,0,2,1,1,1.0,
202400018224,155 749 702,A01,1.0,33.0,0,2,3,13,1.0,
202400018225,155 749 701,A01,1.0,7.0,14,0,1,1,1.0,
202400018226,155 749 700,A01,0.0,31.0,6,0,1,0,0.0,
202400018227,155 749 699,A01,2.0,7.0,0,1,4,4,1.0,
202400018228,155 749 698,A01,1.0,7.0,13,0,9,0,0.0,
202400018229,155 749 697,A01,1.0,7.0,0,1,1,1,1.0,
202400018230,155 749 693,A01,3.0,7.0,0,0,7,11,1.0,
202400018231,155 749 692,B01,0.0,10.0,0,2,9,1,1.0,
202400018232,155 749 691,A01,2.0,33.0,0,2,1,5,1.0,
202400018233,155 749 689,A01,3.0,7.0,0,2,1,10,1.0,
202400018234,155 749 688,A01,3.0,7.0,0,1,2,2,1.0,
202400018235,155 749 684,A01,1.0,7.0,0,2,1,13,1.0,
202400018236,155 749 683,A01,1.0,7.0,0,2,2,15,1.0,
202400018237,155 749 681,A01,1.0,7.0,0,0,9,1,1.0,
202400018238,155 749 680,A01,2.0,7.0,2,0,2,1,1.0,
202400018239,155 749 679,A01,1.0,7.0,4,2,2,1,1.0,
202400018240,155 749 676,A01,2.0,33.0,0,0,2,1,1.0,
202400018241,155 749 673,B01,3.0,33.0,0,2,3,1,1.0,
202400018242,155 749 677,A01,2.0,7.0,0,2,2,15,1.0,
202400018243,155 749 672,A01,1.0,7.0,0,2,1,1,1.0,
202400018244,155 749 669,A01,3.0,7.0,0,1,1,1,1.0,
202400018245,155 749 667,A01,0.0,33.0,0,2,8,1,1.0,
202400018246,155 749 666,A01,3.0,7.0,0,2,2,12,1.0,
202400018247,155 749 659,B01,2.0,1.0,0,2,7,1,5.0,
202400018248,155 749 661,A01,3.0,7.0,0,2,3,0,1.0,
202400018249,155 749 663,A01,1.0,7.0,0,2,1,19,2.0,
202400018250,155 749 660,B01,3.0,10.0,0,2,7,1,1.0,
202400018251,155 749 657,A01,2.0,7.0,0,1,3,1,1.0,
202400018252,155 749 653,A01,2.0,7.0,0,2,3,13,1.0,
202400018253,155 749 652,C01,2.0,7.0,0,2,6,1,2.0,
202400018254,155 749 651,B01,2.0,7.0,0,0,1,15,1.0,
202400018255,155 749 647,B01,2.0,34.0,0,2,3,1,1.0,
202400018256,155 749 646,Z01,1.0,7.0,0,2,1,2,1.0,
202400018257,155 749 645,A01,1.0,33.0,0,2,4,1,1.0,
202400018258,155 749 642,B01,1.0,10.0,13,2,8,1,1.0,
202400018259,155 749 639,A01,1.0,1.0,0,1,1,1,5.0,
202400018260,155 749 637,A01,0.0,10.0,0,2,2,1,1.0,
202400018261,155 749 636,C01,1.0,7.0,0,2,4,2,1.0,
202400018262,155 749 633,A01,2.0,7.0,0,1,1,1,1.0,
202400018263,155 749 634,B01,1.0,7.0,0,2,1,1,1.0,
202400018264,155 749 631,A01,1.0,7.0,1,0,1,1,1.0,