Num_Acc,id_vehicule,num_veh,senc,catv,obs,obsm,choc,manv,motor,occutc
202400018265,155 749 627,A01,1.0,7.0,0,1,4,26,1.0,
202400018266,155 749 626,B01,1.0,7.0,0,2,4,2,1.0,
202400018267,155 749 630,A01,1.0,7.0,8,0,1,1,1.0,
202400018268,155 749 625,A01,3.0,7.0,0,2,2,1,1.0,
202400018269,155 749 624,A01,1.0,7.0,0,1,2,26,1.0,
202400018270,155 749 623,A01,0.0,2.0,0,0,0,13,1.0,
202400018271,155 749 619,B01,3.0,7.0,0,2,2,19,1.0,
202400018272,155 749 616,A01,1.0,1.0,0,2,4,3,5.0,
202400018273,155 749 618,A01,2.0,7.0,0,2,7,1,1.0,
202400018274,155 749 615,B01,0.0,1.0,0,2,7,1,0.0,
202400018275,155 749 611,A01,2.0,7.0,0,0,2,26,1.0,
202400018276,155 749 610,C01,0.0,1.0,0,2,1,2,5.0,
202400018277,155 749 607,B01,3.0,7.0,0,2,1,2,1.0,
202400018278,155 749 608,A01,2.0,7.0,0,2,3,15,3.0,
202400018279,155 749 605,Z01,2.0,50.0,0,1,1,25,3.0,
202400018280,155 749 602,A01,1.0,7.0,0,2,2,24,1.0,
202400018281,155 749 596,A01,1.0,7.0,13,2,3,1,1.0,
202400018282,155 749 595,A01,3.0,7.0,0,2,7,9,1.0,
202400018283,155 749 594,B01,1.0,7.0,0,2,4,21,1.0,
202400018284,155 749 593,B01,2.0,7.0,0,2,4,23,1.0,
202400018285,155 749 591,A01,1.0,80.0,0,0,0,1,3.0,
202400018286,155 749 587,B01,1.0,7.0,0,2,4,23,1.0,
202400018287,155 749 586,A01,2.0,33.0,0,2,0,13,1.0,
202400018288,155 749 585,A01,2.0,10.0,0,1,1,15,1.0,
202400018289,155 749 584,B01,1.0,7.0,0,2,8,19,1.0,
202400018290,155 749 579,A01,1.0,1.0,0,2,4,2,5.0,
202400018291,155 749 577,B01,1.0,31.0,0,2,7,17,1.0,
202400018292,155 749 576,A01,1.0,7.0,0,2,1,2,1.0,
202400018293,155 749 575,B01,2.0,33.0,0,2,1,1,1.0,
202400018294,155 749 571,A01,2.0,33.0,0,0,0,2,1.0,
202400018295,155 749 572,B01,1.0,7.0,0,2,4,2,0.0,
202400018296,155 749 570,A01,1.0,7.0,1,0,1,11,1.0,
202400018297,155 749 568,A01,2.0,33.0,3,2,8,17,1.0,
202400018298,155 749 566,A01,3.0,7.0,0,1,0,1,2.0,
202400018299,155 749 564,A01,2.0,7.0,0,2,8,13,1.0,
202400018300,155 749 563,A01,1.0,7.0,4,0,2,1,1.0,
202400018301,155 749 562,A01,1.0,7.0,0,2,1,1,1.0,
202400018302,155 749 559,A01,2.0,7.0,0,1,3,9,1.0,
202400018303,155 749 558,A01,1.0,10.0,0,2,8,11,1.0,
202400018304,155 749 557,A01,3.0,7.0,0,2,3,13,1.0,
202400018305,155 749 555,B01,2.0,7.0,0,2,2,1,1.0,
202400018306,155 749 554,A01,1.0,1.0,0,0,0,14,5.0,
202400018307,155 749 553,A01,2.0,7.0,0,0,0,1,1.0,
202400018308,155 749 547,A01,3.0,7.0,0,2,2,15,1.0,
202400018309,155 749 545,B01,1.0,7.0,0,2,1,1,1.0,
202400018310,155 749 544,A01,1.0,7.0,0,2,1,1,1.0,
202400018311,155 749 542,D01,1.0,7.0,3,2,3,17,1.0,
202400018312,155 749 539,A01,1.0,33.0,4,0,3,18,1.0,
202400018313,155 749 537,A01,1.0,7.0,0,1,1,16,1.0,
202400018314,155 749 536,A01,2.0,7.0,0,2,3,2,1.0,
202400018315,155 749 535,C01,2.0,7.0,0,2,7,1,1.0,
202400018316,155 749 531,B01,1.0,7.0,0,0,4,2,1.0,
202400018317,155 749 532,A01,1.0,7.0,3,0,2,1,1.0,
202400018318,155 749 529,A01,2.0,2.0,0,2,2,1,1.0,
202400018319,155 749 528,B01,1.0,7.0,0,2,1,1,1.0,
202400018320,155 749 523,A01,1.0,7.0,0,2,1,13,1.0,
202400018321,155 749 524,A01,1.0,33.0,0,2,3,1,1.0,
202400018322,155 749 519,A01,1.0,10.0,0,2,1,16,1.0,
202400018323,155 749 518,B01,2.0,7.0,0,0,4,2,1.0,
202400018324,155 749 515,B01,1.0,7.0,0,2,2,16,2.0,
202400018325,155 749 513,A01,1.0,10.0,0,2,8,15,1.0,
202400018326,155 749 512,A01,1.0,7.0,0,0,0,1,1.0,
202400018327,155 749 514,A01,1.0,30.0,12,0,0,1,1.0,
202400018328,155 749 511,A01,2.0,7.0,1,0,1,14,1.0,
202400018329,155 749 506,A01,2.0,7.0,0,2,1,2,1.0,
202400018330,155 749 505,B01,2.0,7.0,0,2,8,15,1.0,
202400018331,155 749 504,A01,3.0,7.0,0,1,7,7,1.0,
202400018332,155 749 503,B01,3.0,10.0,0,2,8,1,1.0,
202400018333,155 749 502,A01,0.0,7.0,14,0,2,1,1.0,
202400018334,155 749 498,B01,1.0,10.0,1,2,2,16,1.0,
202400018335,155 749 496,B01,1.0,0.0,0,0,0,0,0.0,
202400018336,155 749 497,A01,3.0,7.0,8,2,2,19,1.0,
202400018337,155 749 495,A01,2.0,7.0,16,0,9,26,1.0,
202400018338,155 749 494,A01,1.0,32.0,0,1,1,18,1.0,
202400018339,155 749 492,A01,1.0,7.0,2,0,1,1,1.0,
202400018340,155 749 490,B01,1.0,7.0,0,2,2,12,1.0,
202400018341,155 749 487,C01,2.0,7.0,0,9,3,1,1.0,
202400018342,155 749 485,B01,3.0,7.0,0,2,6,1,3.0,
202400018343,155 749 484,A01,1.0,7.0,0,2,1,1,1.0,
202400018344,155 749 483,A01,2.0,7.0,0,1,1,1,1.0,
202400018345,155 749 482,A01,2.0,36.0,6,0,1,14,1.0,
202400018346,155 749 480,A01,3.0,1.0,0,2,1,16,5.0,
202400018347,155 749 477,A01,2.0,7.0,16,2,1,5,1.0,
202400018348,155 749 476,A01,1.0,14.0,0,2,0,17,1.0,
202400018349,155 749 473,A01,2.0,32.0,0,2,1,17,1.0,
202400018350,155 749 471,A01,1.0,2.0,0,0,4,11,1.0,
202400018351,155 749 470,A01,1.0,7.0,0,2,1,2,3.0,
202400018352,155 749 465,B01,1.0,33.0,0,2,2,17,1.0,
202400018353,155 749 464,Z01,3.0,99.0,0,2,7,17,0.0,
202400018354,155 749 462,B01,3.0,7.0,0,2,3,1,1.0,
202400018355,155 749 461,A01,2.0,7.0,13,0,1,14,1.0,
202400018356,155 749 460,A01,1.0,7.0,0,0,1,1,1.0,
202400018357,155 749 459,A01,1.0,7.0,8,0,1,14,1.0,
202400018358,155 749 455,A01,1.0,7.0,0,2,8,13,1.0,
202400018359,155 749 453,Z01,1.0,7.0,0,2,0,0,1.0,
202400018360,155 749 452,A01,0.0,50.0,2,0,0,1,3.0,
202400018361,155 749 449,B01,1.0,34.0,0,2,6,23,1.0,
202400018362,155 749 448,B01,1.0,50.0,0,2,1,1,3.0,
202400018363,155 749 446,A01,1.0,7.0,0,2,1,0,1.0,
202400018364,155 749 443,A01,1.0,33.0,0,2,3,1,0.0,
202400018365,155 749 442,A01,1.0,7.0,0,2,3,15,1.0,
202400018366,155 749 440,A01,1.0,7.0,0,9,2,2,1.0,
202400018367,155 749 438,A01,3.0,7.0,0,1,2,1,1.0,
202400018368,155 749 437,A01,3.0,50.0,8,0,1,26,3.0,
202400018369,155 749 436,A01,3.0,7.0,0,2,1,1,1.0,
202400018370,155 749 434,A01,0.0,33.0,0,0,0,2,1.0,
202400018371,155 749 433,B01,3.0,7.0,0,2,2,1,1.0,
202400018372,155 749 430,A01,2.0,34.0,9,0,8,1,0.0,
202400018373,155 749 429,A01,0.0,7.0,0,2,1,1,1.0,
202400018374,155 749 427,B01,2.0,1.0,0,2,3,1,5.0,
202400018375,155 749 425,A01,2.0,10.0,0,1,3,15,1.0,
202400018376,155 749 424,A01,1.0,33.0,0,2,0,0,1.0,
202400018377,155 749 423,A01,3.0,7.0,14,0,1,1,1.0,
202400018378,155 749 422,A01,0.0,7.0,0,1,2,1,3.0,
202400018379,155 749 421,A01,1.0,33.0,12,0,3,21,1.0,
202400018380,155 749 417,B01,2.0,80.0,0,2,4,1,3.0,
202400018381,155 749 418,A01,1.0,7.0,0,2,5,23,2.0,
202400018382,155 749 416,A01,1.0,7.0,8,0,2,1,1.0,
202400018383,155 749 411,A01,0.0,7.0,0,9,8,1,1.0,
202400018384,155 749 412,A01,1.0,33.0,0,2,7,1,1.0,
202400018385,155 749 410,A01,1.0,10.0,0,2,3,15,1.0,
202400018386,155 749 407,A01,1.0,7.0,6,0,2,14,1.0,
202400018387,155 749 406,B01,2.0,7.0,0,2,8,15,1.0,
202400018388,155 749 405,B01,1.0,7.0,0,2,3,1,2.0,
202400018389,155 749 400,A01,1.0,7.0,0,2,1,15,1.0,
202400018390,155 749 398,A01,2.0,7.0,0,2,1,1,1.0,
202400018391,155 749 402,A01,2.0,7.0,1,0,3,13,1.0,
202400018392,155 749 391,B01,2.0,7.0,14,2,7,23,1.0,
202400018393,155 749 393,B01,1.0,2.0,0,2,4,1,1.0,
202400018394,155 749 390,B01,3.0,7.0,0,2,7,1,1.0,
202400018395,155 749 386,B01,0.0,50.0,0,0,0,0,3.0,
202400018396,155 749 385,A01,2.0,7.0,0,2,2,17,1.0,
202400018397,155 749 384,B01,1.0,1.0,0,2,0,0,5.0,
202400018398,155 749 383,A01,1.0,15.0,14,0,2,1,1.0,
202400018399,155 749 381,A01,3.0,1.0,0,2,1,26,5.0,
202400018400,155 749 379,A01,1.0,7.0,1,0,2,1,1.0,
202400018401,155 749 378,A01,0.0,50.0,0,2,1,26,3.0,
202400018402,155 749 374,B01,2.0,2.0,0,2,7,1,1.0,
202400018403,155 749 375,B01,0.0,50.0,0,2,8,19,3.0,
202400018404,155 749 370,A01,1.0,7.0,0,2,3,19,1.0,
202400018405,155 749 371,A01,1.0,33.0,0,0,0,0,1.0,
202400018406,155 749 369,A01,2.0,10.0,0,2,2,1,1.0,
202400018407,155 749 368,A01,2.0,32.0,4,0,1,16,1.0,
202400018408,155 749 365,A01,2.0,7.0,4,0,2,1,1.0,
202400018409,155 749 361,A01,2.0,31.0,0,2,8,19,1.0,
202400018410,155 749 363,A01,3.0,7.0,0,2,2,19,1.0,
202400018411,155 749 360,A01,2.0,7.0,4,2,4,1,1.0,
202400018412,155 749 356,A01,3.0,7.0,0,2,7,9,1.0,
202400018413,155 749 355,A01,1.0,7.0,0,2,6,11,1.0,
202400018414,155 749 358,A01,3.0,7.0,0,0,1,1,,
202400018415,155 749 354,A01,1.0,7.0,1,0,1,15,1.0,
202400018416,155 749 350,A01,2.0,7.0,0,2,1,2,2.0,
202400018417,155 749 349,B01,0.0,38.0,0,2,7,1,1.0,1
202400018418,155 749 348,A01,1.0,7.0,0,1,7,1,0.0,
202400018419,155 749 345,A01,1.0,7.0,0,2,2,12,1.0,
202400018420,155 749 344,A01,1.0,7.0,0,2,3,11,1.0,
202400018421,155 749 342,A01,1.0,7.0,0,2,3,15,1.0,
202400018422,155 749 340,A01,2.0,7.0,0,1,1,1,1.0,
202400018423,155 749 338,C01,2.0,7.0,0,2,6,23,1.0,
202400018424,155 749 335,B01,1.0,50.0,0,2,7,19,3.0,
202400018425,155 749 331,B01,1.0,50.0,0,2,3,2,3.0,
202400018426,155 749 330,A01,2.0,7.0,1,0,1,26,1.0,
202400018427,155 749 329,A01,3.0,7.0,0,2,3,16,1.0,
202400018428,155 749 325,A01,2.0,33.0,0,2,0,3,0.0,
202400018429,155 749 324,A01,2.0,7.0,0,2,1,2,1.0,
202400018430,155 749 323,A01,1.0,50.0,0,2,3,19,3.0,
202400018431,155 749 322,A01,2.0,7.0,0,1,2,21,1.0,
202400018432,155 749 318,B01,2.0,7.0,0,2,7,1,2.0,
202400018433,155 749 317,A01,2.0,7.0,0,2,1,2,1.0,
202400018434,155 749 316,A01,1.0,7.0,0,2,1,2,1.0,
202400018435,155 749 313,B01,3.0,7.0,0,2,2,1,1.0,
202400018436,155 749 311,A01,3.0,10.0,0,0,1,1,1.0,
202400018437,155 749 310,A01,2.0,7.0,0,2,9,0,1.0,
202400018438,155 749 308,B01,3.0,10.0,0,2,2,24,1.0,
202400018439,155 749 306,A01,2.0,33.0,0,2,1,3,1.0,
202400018440,155 749 304,A01,1.0,1.0,0,2,1,26,5.0,
202400018441,155 749 302,A01,2.0,7.0,0,2,2,12,1.0,
202400018442,155 749 299,A01,1.0,7.0,6,2,1,17,1.0,
202400018443,155 749 298,B01,3.0,7.0,0,2,6,0,1.0,
202400018444,155 749 297,A01,1.0,30.0,0,2,7,1,1.0,
202400018445,155 749 295,A01,2.0,7.0,0,0,0,0,1.0,
202400018446,155 749 293,A01,2.0,7.0,0,2,2,2,1.0,
202400018447,155 749 291,B01,0.0,7.0,0,2,1,1,1.0,
202400018448,155 749 287,A01,1.0,7.0,0,2,1,1,1.0,
202400018449,155 749 286,A01,2.0,7.0,0,2,8,15,1.0,
202400018450,155 749 284,A01,1.0,33.0,0,2,1,1,1.0,
202400018451,155 749 282,B01,2.0,2.0,0,2,2,1,1.0,
202400018452,155 749 279,A01,1.0,7.0,0,2,3,1,1.0,
202400018453,155 749 278,A01,1.0,33.0,0,2,2,17,1.0,
202400018454,155 749 275,A01,2.0,37.0,12,1,2,14,3.0,1
202400018455,155 749 276,B01,2.0,7.0,0,2,1,2,1.0,
202400018456,155 749 273,A01,1.0,7.0,4,0,2,1,2.0,
202400018457,155 749 272,B01,1.0,7.0,0,2,2,1,1.0,
202400018458,155 749 270,A01,1.0,7.0,0,1,2,26,1.0,
202400018459,155 749 269,A01,2.0,32.0,0,2,7,17,1.0,
202400018460,155 749 266,A01,1.0,7.0,1,0,2,14,1.0,
202400018461,155 749 265,B01,3.0,7.0,0,2,1,9,0.0,
202400018462,155 749 263,A01,3.0,7.0,0,2,8,15,1.0,
202400018463,155 749 260,A01,3.0,7.0,0,0,0,9,1.0,
202400018464,155 749 259,B01,1.0,33.0,0,2,1,21,1.0,
202400018465,155 749 258,A01,2.0,32.0,0,0,1,26,1.0,
202400018466,155 749 255,A01,1.0,10.0,0,1,5,1,1.0,
202400018467,155 749 256,B01,1.0,7.0,0,2,3,1,1.0,
202400018468,155 749 254,A01,1.0,10.0,0,1,1,15,1.0,
202400018469,155 749 252,A01,3.0,7.0,0,2,1,13,1.0,
202400018470,155 749 251,A01,1.0,7.0,6,0,3,16,1.0,
202400018471,155 749 249,AB01,1.0,40.0,0,2,3,2,0.0,
202400018472,155 749 246,C01,1.0,10.0,0,2,4,2,1.0,
202400018473,155 749 244,A01,1.0,32.0,0,2,3,5,1.0,
202400018474,155 749 242,A01,2.0,33.0,0,2,4,1,1.0,
202400018475,155 749 240,B01,1.0,1.0,0,2,1,1,5.0,
202400018476,155 749 236,A01,1.0,7.0,0,2,1,19,1.0,
202400018477,155 749 237,A01,1.0,1.0,0,2,1,19,5.0,
202400018478,155 749 234,A01,2.0,32.0,0,2,2,15,1.0,
202400018479,155 749 233,A01,1.0,2.0,0,0,0,1,1.0,
202400018480,155 749 231,A01,1.0,50.0,1,0,1,2,3.0,
202400018481,155 749 230,A01,1.0,30.0,0,0,8,26,1.0,
202400018482,155 749 229,A01,2.0,50.0,12,0,1,25,3.0,
202400018483,155 749 227,A01,1.0,30.0,0,2,1,19,1.0,
202400018484,155 749 226,A01,3.0,7.0,0,1,2,1,2.0,
202400018485,155 749 222,A01,1.0,7.0,0,2,1,1,1.0,
202400018486,155 749 223,A01,1.0,7.0,0,2,4,16,1.0,
202400018487,155 749 220,A01,3.0,7.0,4,9,7,9,1.0,
202400018488,155 749 219,A01,1.0,1.0,1,0,0,1,5.0,
202400018489,155 749 215,A01,3.0,7.0,0,2,2,10,1.0,
202400018490,155 749 214,A01,1.0,7.0,15,0,4,1,1.0,
202400018491,155 749 212,B01,1.0,43.0,0,2,8,1,1.0,
202400018492,155 749 210,A01,1.0,30.0,0,1,1,19,1.0,
202400018493,155 749 209,A01,2.0,7.0,0,2,1,9,1.0,
202400018494,155 749 207,A01,2.0,30.0,0,2,6,20,1.0,
202400018495,155 749 206,A01,1.0,37.0,1,1,5,15,0.0,1
202400018496,155 749 205,A01,1.0,33.0,0,0,0,1,1.0,
202400018497,155 749 203,A01,1.0,7.0,0,2,1,1,2.0,
202400018498,155 749 200,A01,3.0,10.0,0,2,2,14,1.0,
202400018499,155 749 198,A01,1.0,33.0,0,2,2,26,1.0,
202400018500,155 749 197,A01,1.0,7.0,1,0,1,21,1.0,
202400018501,155 749 196,A01,3.0,1.0,0,0,1,1,5.0,
202400018502,155 749 194,A01,0.0,7.0,0,2,3,9,2.0,
202400018503,155 749 192,A01,3.0,7.0,0,2,2,1,1.0,
202400018504,155 749 190,B01,2.0,10.0,0,2,2,1,1.0,
202400018505,155 749 188,B01,1.0,32.0,0,2,3,0,1.0,
202400018506,155 749 187,A01,1.0,10.0,1,0,1,1,0.0,
202400018507,155 749 185,B01,2.0,1.0,0,2,7,1,5.0,
202400018508,155 749 184,A01,2.0,7.0,1,0,2,26,1.0,
202400018509,155 749 183,Z01,3.0,50.0,0,1,1,25,3.0,
202400018510,155 749 181,B01,2.0,7.0,0,0,4,23,1.0,
202400018511,155 749 179,A01,1.0,33.0,0,0,8,1,0.0,
202400018512,155 749 178,A01,1.0,7.0,13,0,9,1,1.0,
202400018513,155 749 177,A01,0.0,31.0,0,0,0,0,1.0,
202400018514,155 749 175,B01,2.0,7.0,0,0,6,2,1.0,
202400018515,155 749 173,B01,1.0,33.0,0,2,1,0,0.0,
202400018516,155 749 171,B01,1.0,33.0,0,0,1,2,1.0,
202400018517,155 749 170,A01,1.0,7.0,2,0,1,1,1.0,
202400018518,155 749 167,C01,1.0,7.0,0,2,3,2,2.0,
202400018519,155 749 166,A01,1.0,1.0,0,0,0,26,5.0,
202400018520,155 749 164,B01,1.0,7.0,5,0,4,15,1.0,
202400018521,155 749 162,A01,1.0,7.0,0,2,2,15,1.0,
202400018522,155 749 161,A01,3.0,7.0,5,0,0,26,1.0,
202400018523,155 749 160,A01,3.0,36.0,13,0,8,13,1.0,
202400018524,155 749 159,A01,1.0,33.0,13,0,9,1,1.0,
202400018525,155 749 157,A01,1.0,80.0,0,2,2,16,3.0,
202400018526,155 749 154,A01,2.0,7.0,0,2,1,1,1.0,
202400018527,155 749 153,A01,3.0,2.0,0,2,6,1,3.0,
202400018528,155 749 151,A01,2.0,7.0,0,2,2,19,1.0,
202400018529,155 749 150,A01,2.0,32.0,0,1,1,1,1.0,
202400018530,155 749 147,A01,2.0,7.0,6,0,4,15,1.0,
202400018531,155 749 148,A01,2.0,7.0,0,9,7,22,2.0,
202400018532,155 749 145,A01,2.0,80.0,14,0,1,1,3.0,
202400018533,155 749 142,A01,1.0,30.0,0,2,3,18,1.0,
202400018534,155 749 141,A01,3.0,10.0,6,2,1,19,1.0,
202400018535,155 749 139,A01,1.0,50.0,14,0,1,1,3.0,
202400018536,155 749 138,A01,2.0,7.0,0,2,8,24,1.0,
202400018537,155 749 136,B01,2.0,7.0,0,2,8,19,1.0,
202400018538,155 749 134,B01,3.0,2.0,0,2,6,1,3.0,
202400018539,155 749 132,A01,1.0,7.0,0,2,1,13,1.0,
202400018540,155 749 131,A01,1.0,7.0,0,1,2,1,2.0,
202400018541,155 749 130,A01,2.0,7.0,0,1,2,1,1.0,
202400018542,155 749 126,A01,2.0,7.0,0,2,3,1,1.0,
202400018543,155 749 127,A01,2.0,7.0,0,2,3,1,1.0,
202400018544,155 749 123,A01,1.0,7.0,0,2,1,2,1.0,
202400018545,155 749 122,A01,2.0,33.0,5,0,2,1,4.0,
202400018546,155 749 121,A01,1.0,33.0,0,0,0,2,1.0,
202400018547,155 749 119,A01,1.0,7.0,0,2,1,15,1.0,
202400018548,155 749 117,A01,1.0,7.0,0,2,3,13,1.0,
202400018549,155 749 115,A01,2.0,7.0,0,2,2,15,1.0,
202400018550,155 749 114,A01,1.0,7.0,0,1,1,1,2.0,
202400018551,155 749 112,A01,2.0,7.0,0,2,4,1,1.0,
202400018552,155 749 111,A01,2.0,33.0,9,0,1,21,1.0,
202400018553,155 749 109,A01,1.0,7.0,0,2,7,15,1.0,
202400018554,155 749 106,A01,2.0,33.0,0,2,8,13,1.0,
202400018555,155 749 102,D01,1.0,7.0,0,2,3,1,1.0,
202400018556,155 749 101,B01,1.0,1.0,0,2,8,19,5.0,
202400018557,155 749 098,B01,1.0,1.0,0,2,3,26,5.0,
202400018558,155 749 099,A01,1.0,7.0,0,1,3,1,1.0,
202400018559,155 749 095,B01,1.0,33.0,0,0,0,16,1.0,
202400018560,155 749 093,B01,2.0,7.0,0,2,7,0,1.0,
202400018561,155 749 091,A01,1.0,7.0,0,2,3,13,1.0,
202400018562,155 749 090,A01,3.0,10.0,0,1,4,4,0.0,
202400018563,155 749 087,A01,1.0,31.0,0,2,1,1,1.0,
202400018564,155 749 086,A01,0.0,7.0,0,9,2,14,1.0,
202400018565,155 749 084,A01,2.0,33.0,0,0,9,1,1.0,
202400018566,155 749 083,A01,2.0,10.0,0,2,3,2,1.0,
202400018567,155 749 079,B01,3.0,32.0,0,2,1,1,1.0,
202400018568,155 749 080,A01,3.0,1.0,0,2,0,1,5.0,
202400018569,155 749 078,A01,0.0,1.0,14,0,1,0,5.0,
202400018570,155 749 076,A01,0.0,50.0,0,0,0,21,3.0,
202400018571,155 749 075,B01,2.0,15.0,0,0,1,1,1.0,
202400018572,155 749 074,A01,2.0,37.0,0,1,1,0,2.0,1
202400018573,155 749 071,A01,1.0,7.0,0,2,1,13,1.0,
202400018574,155 749 070,B01,0.0,50.0,0,9,1,15,3.0,
202400018575,155 749 069,A01,3.0,30.0,14,0,1,6,0.0,
202400018576,155 749 068,A01,1.0,33.0,0,0,8,26,1.0,
202400018577,155 749 065,B01,1.0,50.0,0,2,1,2,3.0,
202400018578,155 749 064,A01,1.0,7.0,0,9,8,15,1.0,
202400018579,155 749 062,A01,2.0,7.0,9,0,9,17,1.0,
202400018580,155 749 061,A01,1.0,7.0,14,2,1,1,1.0,
202400018581,155 749 058,A01,1.0,50.0,0,2,1,13,3.0,
202400018582,155 749 057,A01,2.0,7.0,0,0,1,15,1.0,
202400018583,155 749 055,B01,1.0,1.0,0,2,3,1,5.0,
202400018584,155 749 054,A01,1.0,33.0,0,0,1,1,1.0,
202400018585,155 749 051,A01,2.0,43.0,0,2,0,1,1.0,
202400018586,155 749 050,B01,2.0,7.0,0,2,1,1,1.0,
202400018587,155 749 048,A01,1.0,33.0,0,0,1,1,1.0,
202400018588,155 749 047,A01,1.0,33.0,0,2,1,1,1.0,
202400018589,155 749 045,A01,2.0,7.0,0,2,1,13,1.0,
202400018590,155 749 044,A01,1.0,7.0,0,1,2,16,1.0,
202400018591,155 749 041,B01,1.0,7.0,0,0,7,15,1.0,
202400018592,155 749 040,A01,1.0,7.0,0,2,1,1,1.0,
202400018593,155 749 039,A01,0.0,2.0,14,0,0,1,1.0,
202400018594,155 749 038,A01,2.0,36.0,1,0,1,1,1.0,
202400018595,155 749 036,A01,2.0,7.0,0,2,1,0,1.0,
202400018596,155 749 034,B01,2.0,1.0,0,2,9,1,5.0,
202400018597,155 749 033,A01,1.0,33.0,0,6,0,1,1.0,
202400018598,155 749 032,A01,2.0,7.0,0,0,0,0,1.0,
202400018599,155 749 030,A01,1.0,7.0,0,2,3,5,1.0,
202400018600,155 749 029,A01,2.0,33.0,12,0,1,1,1.0,
202400018601,155 749 028,A01,1.0,33.0,0,0,8,1,1.0,
202400018602,155 749 026,B01,1.0,31.0,0,2,7,0,1.0,
202400018603,155 749 025,A01,2.0,7.0,2,0,1,0,1.0,
202400018604,155 749 022,A01,1.0,7.0,0,2,3,15,1.0,
202400018605,155 749 020,A01,1.0,7.0,7,0,2,0,1.0,
202400018606,155 749 019,A01,1.0,2.0,0,2,1,26,1.0,
202400018607,155 749 016,B01,0.0,20.0,0,2,1,1,0.0,
202400018608,155 749 015,A01,3.0,7.0,0,2,1,9,1.0,
202400018609,155 749 012,A01,1.0,7.0,9,2,3,9,1.0,
202400018610,155 749 011,Z01,2.0,7.0,0,2,2,12,0.0,
202400018611,155 749 009,A01,1.0,7.0,0,2,3,15,1.0,
202400018612,155 749 008,A01,2.0,10.0,4,0,1,1,1.0,
202400018613,155 749 007,A01,3.0,7.0,0,1,3,1,1.0,
202400018614,155 749 003,A01,3.0,10.0,0,0,2,15,1.0,
202400018615,155 749 000,A01,2.0,33.0,0,6,1,1,1.0,
202400018616,155 749 001,B01,1.0,10.0,0,2,4,2,1.0,
202400018617,155 748 997,A01,1.0,7.0,3,0,1,21,1.0,
202400018618,155 748 998,A01,1.0,7.0,0,0,5,15,1.0,
202400018619,155 748 994,B01,2.0,7.0,0,2,4,2,1.0,
202400018620,155 748 992,A01,2.0,33.0,0,2,1,17,1.0,
202400018621,155 748 989,B01,1.0,10.0,0,2,4,2,1.0,
202400018622,155 748 990,A01,2.0,10.0,0,1,7,1,1.0,
202400018623,155 748 984,A01,2.0,7.0,0,9,8,15,1.0,
202400018624,155 748 985,A01,1.0,14.0,6,2,1,21,1.0,
202400018625,155 748 981,A01,1.0,33.0,0,0,1,21,1.0,
202400018626,155 748 980,A01,2.0,10.0,0,2,2,11,1.0,
202400018627,155 748 979,A01,1.0,7.0,2,0,7,1,1.0,
202400018628,155 748 978,A01,2.0,31.0,4,0,3,1,3.0,
202400018629,155 748 976,A01,2.0,7.0,0,2,1,1,1.0,
202400018630,155 748 974,A01,1.0,33.0,0,2,1,3,1.0,
202400018631,155 748 973,A01,1.0,2.0,8,0,1,1,1.0,
202400018632,155 748 970,A01,1.0,7.0,6,0,1,1,1.0,
202400018633,155 748 969,B01,2.0,7.0,0,2,4,2,1.0,
202400018634,155 748 964,A01,1.0,7.0,3,0,2,14,1.0,
202400018635,155 748 965,C01,1.0,7.0,0,9,0,2,1.0,
202400018636,155 748 962,B01,1.0,31.0,0,2,1,17,1.0,
202400018637,155 748 961,A01,1.0,7.0,13,0,2,1,0.0,
202400018638,155 748 960,A01,1.0,33.0,13,0,1,0,1.0,
202400018639,155 748 959,A01,2.0,30.0,0,1,1,19,1.0,
202400018640,155 748 958,A01,2.0,7.0,2,0,1,11,1.0,
202400018641,155 748 957,A01,0.0,7.0,4,0,0,1,1.0,
202400018642,155 748 955,A01,2.0,14.0,9,2,1,6,1.0,
202400018643,155 748 953,A01,1.0,33.0,0,2,1,2,1.0,
202400018644,155 748 951,B01,2.0,7.0,0,2,7,1,1.0,
202400018645,155 748 949,A01,3.0,7.0,0,2,3,15,1.0,
202400018646,155 748 948,A01,1.0,7.0,16,0,0,0,1.0,
202400018647,155 748 947,A01,0.0,10.0,9,1,1,16,1.0,
202400018648,155 748 944,A01,1.0,7.0,0,2,4,1,3.0,
202400018649,155 748 941,A01,1.0,7.0,0,2,3,2,1.0,
202400018650,155 748 938,A01,2.0,14.0,1,2,6,1,1.0,
202400018651,155 748 936,B01,1.0,10.0,0,0,0,1,1.0,
202400018652,155 748 933,C01,2.0,7.0,0,2,4,1,1.0,
202400018653,155 748 930,A01,1.0,7.0,0,2,1,1,1.0,
202400018654,155 748 928,A01,1.0,33.0,0,2,1,3,1.0,
202400018655,155 748 925,B01,1.0,7.0,0,2,4,2,1.0,
202400018656,155 748 924,A01,2.0,7.0,8,0,1,13,1.0,
202400018657,155 748 923,A01,2.0,10.0,1,1,4,4,1.0,
202400018658,155 748 921,A01,2.0,7.0,0,2,7,15,1.0,
202400018659,155 748 919,A01,2.0,7.0,0,2,1,1,1.0,
202400018660,155 748 917,A01,3.0,10.0,0,2,4,4,1.0,