Num_Acc,id_vehicule,num_veh,senc,catv,obs,obsm,choc,manv,motor,occutc
202400018661,155 748 916,A01,3.0,7.0,0,1,3,1,1.0,
202400018662,155 748 914,A01,3.0,7.0,0,9,3,16,1.0,
202400018663,155 748 912,B01,2.0,7.0,0,2,1,1,1.0,
202400018664,155 748 911,A01,1.0,7.0,0,1,2,1,1.0,
202400018665,155 748 910,A01,3.0,31.0,0,1,1,21,1.0,
202400018666,155 748 909,A01,1.0,7.0,1,1,4,23,1.0,
202400018667,155 748 906,B01,1.0,7.0,0,2,4,2,1.0,
202400018668,155 748 904,B01,2.0,7.0,0,2,3,1,3.0,
202400018669,155 748 900,B01,1.0,7.0,0,2,3,1,1.0,
202400018670,155 748 899,A01,0.0,33.0,12,0,1,1,1.0,
202400018671,155 748 897,B01,2.0,7.0,0,2,1,1,1.0,
202400018672,155 748 895,A01,2.0,7.0,0,2,1,1,1.0,
202400018673,155 748 893,A01,1.0,50.0,0,2,1,1,3.0,
202400018674,155 748 891,B01,1.0,33.0,0,2,1,1,1.0,
202400018675,155 748 889,A01,1.0,7.0,0,2,1,1,1.0,
202400018676,155 748 888,A01,1.0,7.0,0,1,2,1,1.0,
202400018677,155 748 887,A01,1.0,30.0,0,0,0,1,1.0,
202400018678,155 748 885,A01,1.0,7.0,0,2,2,2,1.0,
202400018679,155 748 884,A01,2.0,7.0,0,1,0,0,1.0,
202400018680,155 748 883,A01,3.0,7.0,0,1,3,15,1.0,
202400018681,155 748 880,C01,3.0,7.0,0,2,6,1,1.0,
202400018682,155 748 878,A01,1.0,7.0,0,2,1,13,1.0,
202400018683,155 748 876,A01,2.0,7.0,0,2,3,26,1.0,
202400018684,155 748 874,A01,2.0,33.0,0,2,2,16,1.0,
202400018685,155 748 872,A01,3.0,7.0,0,2,1,1,1.0,
202400018686,155 748 870,A01,0.0,80.0,0,2,8,15,3.0,
202400018687,155 748 868,B01,1.0,34.0,0,2,1,1,1.0,
202400018688,155 748 866,B01,1.0,7.0,0,2,6,1,1.0,
202400018689,155 748 864,A01,1.0,7.0,0,2,1,0,1.0,
202400018690,155 748 863,A01,0.0,10.0,0,1,1,1,1.0,
202400018691,155 748 862,A01,1.0,7.0,1,0,2,14,1.0,
202400018692,155 748 860,B01,1.0,7.0,0,2,8,1,3.0,
202400018693,155 748 858,B01,2.0,7.0,0,2,1,0,1.0,
202400018694,155 748 856,A01,0.0,7.0,0,2,1,15,1.0,
202400018695,155 748 854,B01,2.0,15.0,0,2,1,1,1.0,
202400018696,155 748 852,A01,1.0,50.0,0,2,1,1,3.0,
202400018697,155 748 851,A01,1.0,7.0,6,0,1,15,1.0,
202400018698,155 748 850,A01,3.0,7.0,0,2,1,0,0.0,
202400018699,155 748 849,A01,3.0,7.0,2,0,1,13,1.0,
202400018700,155 748 845,A01,1.0,7.0,0,2,2,1,1.0,
202400018701,155 748 843,A01,0.0,10.0,0,2,1,13,1.0,
202400018702,155 748 841,A01,2.0,31.0,0,2,4,12,1.0,
202400018703,155 748 840,A01,2.0,7.0,0,1,1,1,1.0,
202400018704,155 748 838,Z01,2.0,7.0,0,2,2,12,0.0,
202400018705,155 748 836,A01,0.0,80.0,0,2,1,1,3.0,
202400018706,155 748 835,A01,2.0,33.0,0,1,1,17,1.0,
202400018707,155 748 834,A01,2.0,7.0,2,0,1,13,1.0,
202400018708,155 748 832,Y01,3.0,50.0,0,2,3,25,3.0,
202400018709,155 748 831,A01,3.0,7.0,0,1,1,26,3.0,
202400018710,155 748 829,A01,3.0,7.0,0,2,3,15,1.0,
202400018711,155 748 827,Z01,2.0,1.0,0,1,1,1,5.0,
202400018712,155 748 826,B01,2.0,50.0,0,2,2,2,3.0,
202400018713,155 748 824,A01,2.0,7.0,0,1,2,1,2.0,
202400018714,155 748 823,A01,3.0,7.0,0,1,2,2,3.0,
202400018715,155 748 821,Z01,2.0,50.0,0,1,1,1,3.0,
202400018716,155 748 820,B01,1.0,32.0,14,2,3,13,6.0,
202400018717,155 748 818,B01,3.0,7.0,0,2,1,0,1.0,
202400018718,155 748 816,A01,2.0,10.0,0,2,7,19,1.0,
202400018719,155 748 813,A01,2.0,7.0,14,2,4,1,1.0,
202400018720,155 748 811,A01,3.0,7.0,8,0,3,1,1.0,
202400018721,155 748 810,A01,1.0,33.0,0,2,1,2,1.0,
202400018722,155 748 808,A01,3.0,1.0,0,2,8,9,5.0,
202400018723,155 748 807,A01,3.0,99.0,15,0,8,26,0.0,
202400018724,155 748 803,C01,1.0,13.0,0,2,1,1,1.0,
202400018725,155 748 804,A01,2.0,2.0,0,1,1,0,1.0,
202400018726,155 748 801,B01,1.0,33.0,0,2,1,1,1.0,
202400018727,155 748 797,B01,1.0,31.0,0,2,2,21,1.0,
202400018728,155 748 798,A01,1.0,7.0,0,2,0,0,1.0,
202400018729,155 748 794,B01,3.0,7.0,0,2,3,15,1.0,
202400018730,155 748 792,Z01,3.0,0.0,0,2,2,1,0.0,
202400018731,155 748 791,A01,3.0,1.0,0,2,1,1,5.0,
202400018732,155 748 789,A01,2.0,7.0,0,2,3,13,1.0,
202400018733,155 748 787,A01,1.0,2.0,0,2,7,21,1.0,
202400018734,155 748 785,A01,3.0,50.0,0,2,1,19,3.0,
202400018735,155 748 784,A01,2.0,7.0,0,1,2,19,1.0,
202400018736,155 748 783,A01,3.0,1.0,0,0,1,1,5.0,
202400018737,155 748 781,A01,1.0,7.0,3,0,1,26,1.0,
202400018738,155 748 780,B01,2.0,1.0,0,2,1,1,5.0,
202400018739,155 748 777,B01,1.0,7.0,0,0,0,1,1.0,
202400018740,155 748 778,A01,2.0,33.0,15,0,2,14,1.0,
202400018741,155 748 776,A01,2.0,7.0,6,0,1,5,1.0,
202400018742,155 748 773,A01,1.0,33.0,0,2,1,13,1.0,
202400018743,155 748 771,C01,3.0,7.0,0,2,8,23,1.0,
202400018744,155 748 769,B01,2.0,15.0,0,2,8,1,1.0,
202400018745,155 748 766,A01,2.0,7.0,0,0,6,23,1.0,
202400018746,155 748 765,A01,0.0,7.0,6,0,3,1,1.0,
202400018747,155 748 764,A01,2.0,7.0,12,2,5,15,1.0,
202400018748,155 748 762,B01,0.0,1.0,0,2,0,0,5.0,
202400018749,155 748 761,A01,1.0,7.0,14,0,2,1,0.0,
202400018750,155 748 759,A01,2.0,7.0,0,2,8,11,1.0,
202400018751,155 748 756,A01,3.0,36.0,0,0,9,26,1.0,
202400018752,155 748 757,A01,1.0,7.0,0,9,3,15,1.0,
202400018753,155 748 755,A01,2.0,7.0,2,0,1,0,1.0,
202400018754,155 748 753,B01,1.0,10.0,0,2,0,0,1.0,
202400018755,155 748 752,A01,1.0,7.0,2,0,1,19,2.0,
202400018756,155 748 751,A01,3.0,7.0,0,0,0,2,1.0,
202400018757,155 748 749,A01,2.0,7.0,10,0,1,6,1.0,
202400018758,155 748 750,A01,2.0,7.0,0,1,1,1,1.0,
202400018759,155 748 747,A01,2.0,33.0,0,2,1,1,1.0,
202400018760,155 748 745,B01,1.0,33.0,0,2,3,1,1.0,
202400018761,155 748 743,A01,2.0,10.0,0,2,3,9,1.0,
202400018762,155 748 742,A01,1.0,7.0,2,0,1,14,1.0,
202400018763,155 748 741,A01,3.0,7.0,1,0,2,1,1.0,
202400018764,155 748 739,A01,2.0,2.0,1,0,1,0,1.0,
202400018765,155 748 736,A01,2.0,7.0,0,2,2,11,1.0,
202400018766,155 748 733,A01,1.0,7.0,10,0,2,14,1.0,
202400018767,155 748 734,A01,3.0,7.0,0,2,1,15,1.0,
202400018768,155 748 731,A01,1.0,7.0,0,2,2,15,1.0,
202400018769,155 748 730,A01,3.0,1.0,0,0,0,23,5.0,
202400018770,155 748 729,A01,1.0,7.0,15,0,1,13,1.0,
202400018771,155 748 727,A01,2.0,10.0,2,2,8,14,1.0,
202400018772,155 748 725,A01,1.0,7.0,8,1,1,15,1.0,
202400018773,155 748 723,A01,2.0,7.0,0,2,1,1,1.0,
202400018774,155 748 718,B01,1.0,7.0,0,0,8,15,1.0,
202400018775,155 748 715,A01,1.0,10.0,0,9,1,1,1.0,
202400018776,155 748 714,A01,1.0,43.0,14,0,0,0,1.0,
202400018777,155 748 711,A01,1.0,33.0,0,2,2,2,1.0,
202400018778,155 748 710,A01,3.0,50.0,0,2,1,1,3.0,
202400018779,155 748 707,A01,2.0,7.0,0,1,1,1,1.0,
202400018780,155 748 705,C01,1.0,33.0,0,2,1,1,1.0,
202400018781,155 748 703,B01,1.0,7.0,0,2,7,9,1.0,
202400018782,155 748 701,A01,2.0,7.0,0,2,3,1,1.0,
202400018783,155 748 700,A01,2.0,7.0,0,1,1,17,1.0,
202400018784,155 748 699,A01,1.0,7.0,8,0,2,1,1.0,
202400018785,155 748 697,A01,1.0,7.0,13,0,2,2,1.0,
202400018786,155 748 696,B01,1.0,7.0,0,2,4,1,1.0,
202400018787,155 748 694,A01,2.0,7.0,0,2,3,13,1.0,
202400018788,155 748 692,B01,2.0,30.0,0,2,1,1,1.0,
202400018789,155 748 690,A01,3.0,2.0,0,2,1,13,1.0,
202400018790,155 748 689,A01,3.0,7.0,0,1,4,4,1.0,
202400018791,155 748 687,B01,3.0,14.0,0,2,3,1,1.0,
202400018792,155 748 684,A01,1.0,7.0,0,2,3,19,1.0,
202400018793,155 748 683,A01,2.0,7.0,0,2,2,12,1.0,
202400018794,155 748 681,A01,3.0,7.0,0,2,5,15,1.0,
202400018795,155 748 679,A01,1.0,10.0,3,0,6,1,1.0,
202400018796,155 748 677,B01,1.0,7.0,0,2,6,26,1.0,
202400018797,155 748 676,A01,1.0,10.0,13,0,1,1,1.0,
202400018798,155 748 674,A01,1.0,7.0,0,2,5,13,3.0,
202400018799,155 748 671,A01,1.0,1.0,0,2,0,19,5.0,
202400018800,155 748 670,A01,1.0,7.0,4,2,3,11,1.0,
202400018801,155 748 668,A01,1.0,7.0,0,1,1,1,1.0,
202400018802,155 748 667,A01,2.0,33.0,0,2,1,3,1.0,
202400018803,155 748 665,A01,1.0,7.0,0,2,1,1,1.0,
202400018804,155 748 663,A01,2.0,10.0,0,2,1,13,1.0,
202400018805,155 748 661,A01,3.0,2.0,0,2,1,1,3.0,
202400018806,155 748 658,A01,1.0,2.0,8,0,1,1,1.0,
202400018807,155 748 659,A01,3.0,34.0,0,2,1,1,1.0,
202400018808,155 748 656,B01,2.0,7.0,0,2,3,21,1.0,
202400018809,155 748 652,A01,1.0,2.0,0,0,0,26,3.0,
202400018810,155 748 653,A01,1.0,34.0,12,2,7,3,1.0,
202400018811,155 748 651,A01,3.0,7.0,0,1,4,20,1.0,
202400018812,155 748 650,A01,3.0,7.0,0,1,2,5,1.0,
202400018813,155 748 648,A01,1.0,1.0,0,0,0,1,5.0,
202400018814,155 748 647,B01,3.0,7.0,0,2,5,1,2.0,
202400018815,155 748 646,A01,3.0,43.0,13,0,0,14,1.0,
202400018816,155 748 641,C01,2.0,7.0,0,2,4,23,1.0,
202400018817,155 748 640,B01,0.0,33.0,0,2,1,26,1.0,
202400018818,155 748 638,A01,1.0,7.0,16,9,1,1,1.0,
202400018819,155 748 636,A01,1.0,13.0,0,2,1,1,1.0,
202400018820,155 748 635,A01,0.0,35.0,1,0,1,0,1.0,
202400018821,155 748 633,A01,0.0,7.0,0,2,8,21,1.0,
202400018822,155 748 630,A01,1.0,10.0,0,1,2,1,1.0,
202400018823,155 748 631,A01,1.0,7.0,0,2,3,7,1.0,
202400018824,155 748 629,A01,3.0,7.0,0,1,2,1,1.0,
202400018825,155 748 627,A01,2.0,7.0,0,2,4,1,3.0,
202400018826,155 748 626,A01,2.0,7.0,1,0,3,13,1.0,
202400018827,155 748 624,A01,2.0,7.0,0,2,2,5,1.0,
202400018828,155 748 622,B01,2.0,7.0,0,2,8,0,1.0,
202400018829,155 748 620,A01,1.0,14.0,0,2,1,12,1.0,
202400018830,155 748 618,A01,1.0,7.0,0,2,1,1,1.0,
202400018831,155 748 617,A01,1.0,7.0,4,0,3,0,1.0,
202400018832,155 748 615,A01,3.0,30.0,0,4,1,1,1.0,
202400018833,155 748 613,A01,3.0,1.0,0,2,1,1,5.0,
202400018834,155 748 611,B01,2.0,10.0,0,2,7,15,1.0,
202400018835,155 748 608,B01,2.0,7.0,0,2,6,1,2.0,
202400018836,155 748 605,C01,1.0,7.0,0,2,8,1,1.0,
202400018837,155 748 604,A01,3.0,33.0,0,1,2,1,3.0,
202400018838,155 748 602,B01,2.0,30.0,0,2,1,1,1.0,
202400018839,155 748 600,B01,2.0,1.0,0,2,6,1,5.0,
202400018840,155 748 598,A01,3.0,7.0,0,2,1,1,1.0,
202400018841,155 748 596,A01,1.0,7.0,0,2,2,15,2.0,
202400018842,155 748 594,B01,2.0,60.0,0,2,1,1,5.0,
202400018843,155 748 593,A01,1.0,33.0,0,1,2,21,1.0,
202400018844,155 748 591,B01,3.0,1.0,0,2,2,1,5.0,
202400018845,155 748 589,A01,1.0,7.0,0,2,2,1,2.0,
202400018846,155 748 587,B01,3.0,50.0,0,2,2,1,3.0,
202400018847,155 748 586,A01,3.0,7.0,0,1,1,16,0.0,
202400018848,155 748 584,A01,3.0,7.0,0,2,5,15,1.0,
202400018849,155 748 583,A01,1.0,7.0,0,1,1,26,6.0,
202400018850,155 748 582,A01,2.0,7.0,0,1,1,15,1.0,
202400018851,155 748 580,B01,0.0,7.0,0,2,7,1,1.0,
202400018852,155 748 578,A01,3.0,7.0,0,2,1,26,2.0,
202400018853,155 748 576,A01,1.0,33.0,14,2,2,26,1.0,
202400018854,155 748 575,A01,2.0,7.0,0,1,1,15,2.0,
202400018855,155 748 574,A01,0.0,7.0,3,0,1,1,1.0,
202400018856,155 748 573,A01,1.0,7.0,0,1,1,19,1.0,
202400018857,155 748 571,A01,3.0,1.0,0,2,1,16,5.0,
202400018858,155 748 569,B01,2.0,2.0,0,2,1,2,1.0,
202400018859,155 748 566,B01,3.0,31.0,0,2,7,0,1.0,
202400018860,155 748 564,A01,3.0,33.0,0,2,1,1,1.0,
202400018861,155 748 562,B01,2.0,21.0,0,2,6,1,1.0,
202400018862,155 748 561,A01,1.0,10.0,2,0,1,1,1.0,
202400018863,155 748 560,A01,1.0,33.0,8,0,1,13,1.0,
202400018864,155 748 558,B01,2.0,7.0,0,2,1,1,3.0,
202400018865,155 748 557,A01,1.0,7.0,0,0,0,1,1.0,
202400018866,155 748 555,A01,2.0,7.0,0,2,3,2,1.0,
202400018867,155 748 552,C01,2.0,7.0,1,2,2,2,1.0,
202400018868,155 748 550,A01,1.0,7.0,0,2,8,15,2.0,
202400018869,155 748 549,A01,1.0,36.0,2,0,0,1,1.0,
202400018870,155 748 548,A01,1.0,7.0,0,1,2,1,1.0,
202400018871,155 748 547,A01,1.0,7.0,2,0,1,13,1.0,
202400018872,155 748 545,B01,2.0,33.0,0,2,1,1,1.0,
202400018873,155 748 542,A01,2.0,2.0,0,0,9,14,1.0,
202400018874,155 748 540,B01,2.0,7.0,0,2,2,15,1.0,
202400018875,155 748 538,A01,1.0,7.0,0,2,1,0,1.0,
202400018876,155 748 534,A01,3.0,7.0,0,2,1,9,1.0,
202400018877,155 748 532,A01,1.0,33.0,0,2,1,11,1.0,
202400018878,155 748 530,B01,3.0,2.0,0,9,2,1,1.0,
202400018879,155 748 529,A01,2.0,7.0,17,0,1,14,1.0,
202400018880,155 748 528,A01,2.0,33.0,15,0,7,1,1.0,
202400018881,155 748 527,A01,1.0,7.0,15,0,8,0,1.0,
202400018882,155 748 525,A01,2.0,14.0,4,2,3,1,1.0,
202400018883,155 748 523,B01,1.0,33.0,0,2,3,15,1.0,
202400018884,155 748 522,A01,2.0,33.0,0,0,1,1,1.0,
202400018885,155 748 520,A01,3.0,7.0,0,2,1,5,1.0,
202400018886,155 748 518,B01,1.0,2.0,0,2,2,2,1.0,
202400018887,155 748 517,A01,1.0,7.0,6,0,3,26,1.0,
202400018888,155 748 515,B01,2.0,7.0,0,2,2,1,0.0,
202400018889,155 748 513,A01,3.0,7.0,0,2,1,1,1.0,
202400018890,155 748 511,A01,2.0,7.0,0,1,2,1,1.0,
202400018891,155 748 510,A01,3.0,7.0,2,0,1,1,1.0,
202400018892,155 748 509,A01,2.0,2.0,2,0,2,1,1.0,
202400018893,155 748 508,A01,1.0,33.0,0,0,7,1,1.0,
202400018894,155 748 506,A01,2.0,33.0,0,2,8,13,1.0,
202400018895,155 748 504,B01,1.0,7.0,0,2,1,15,1.0,
202400018896,155 748 503,A01,1.0,7.0,0,1,3,0,1.0,
202400018897,155 748 502,A01,2.0,7.0,3,0,2,0,1.0,
202400018898,155 748 501,A01,2.0,7.0,13,0,9,1,1.0,
202400018899,155 748 500,A01,2.0,7.0,0,1,3,1,1.0,
202400018900,155 748 498,A01,2.0,7.0,4,2,1,11,1.0,
202400018901,155 748 496,A01,1.0,10.0,3,0,1,2,1.0,
202400018902,155 748 494,B01,2.0,7.0,0,0,6,1,1.0,
202400018903,155 748 492,B01,2.0,10.0,0,2,3,1,1.0,
202400018904,155 748 490,B01,1.0,7.0,0,2,1,1,1.0,
202400018905,155 748 487,A01,1.0,7.0,0,2,2,2,1.0,
202400018906,155 748 485,B01,1.0,7.0,0,2,2,1,1.0,
202400018907,155 748 484,A01,1.0,2.0,0,0,0,1,1.0,
202400018908,155 748 482,A01,1.0,33.0,0,2,1,2,1.0,
202400018909,155 748 481,A01,2.0,33.0,0,0,0,1,1.0,
202400018910,155 748 480,A01,2.0,7.0,0,0,9,13,1.0,
202400018911,155 748 479,A01,1.0,21.0,1,0,2,9,1.0,
202400018912,155 748 477,A01,1.0,7.0,0,2,3,16,1.0,
202400018913,155 748 476,A01,1.0,33.0,13,0,0,1,1.0,
202400018914,155 748 472,B01,1.0,1.0,0,0,6,2,5.0,
202400018915,155 748 470,A01,3.0,2.0,8,0,1,1,1.0,
202400018916,155 748 466,B01,1.0,7.0,1,0,1,2,1.0,
202400018917,155 748 464,B01,1.0,7.0,0,2,4,1,3.0,
202400018918,155 748 462,B01,2.0,7.0,0,2,5,1,1.0,
202400018919,155 748 460,B01,1.0,7.0,0,2,6,21,1.0,
202400018920,155 748 458,A01,2.0,7.0,4,2,3,11,1.0,
202400018921,155 748 456,A01,1.0,10.0,0,2,1,1,0.0,
202400018922,155 748 454,A01,2.0,7.0,4,0,3,1,1.0,
202400018923,155 748 452,A01,2.0,7.0,0,2,1,5,1.0,
202400018924,155 748 450,A01,2.0,7.0,0,2,1,2,1.0,
202400018925,155 748 449,A01,1.0,7.0,4,0,1,21,1.0,
202400018926,155 748 447,A01,1.0,33.0,0,2,3,3,1.0,
202400018927,155 748 445,A01,2.0,7.0,0,2,3,11,1.0,
202400018928,155 748 443,A01,2.0,33.0,0,2,3,3,1.0,
202400018929,155 748 441,A01,2.0,32.0,0,2,2,3,1.0,
202400018930,155 748 440,A01,0.0,7.0,0,1,1,1,1.0,
202400018931,155 748 439,A01,2.0,7.0,7,0,1,1,1.0,
202400018932,155 748 438,A01,1.0,7.0,0,1,2,1,1.0,
202400018933,155 748 437,A01,0.0,7.0,0,1,1,1,1.0,
202400018934,155 748 434,B01,2.0,7.0,0,2,1,6,1.0,
202400018935,155 748 432,B01,1.0,50.0,0,2,2,0,3.0,
202400018936,155 748 431,A01,2.0,7.0,0,1,1,1,1.0,
202400018937,155 748 429,A01,1.0,7.0,1,0,2,1,1.0,
202400018938,155 748 427,A01,3.0,10.0,0,2,4,2,1.0,
202400018939,155 748 426,A01,2.0,7.0,3,0,7,12,1.0,
202400018940,155 748 424,A01,3.0,10.0,0,9,7,15,1.0,
202400018941,155 748 422,B01,3.0,33.0,0,2,6,1,1.0,
202400018942,155 748 420,A01,2.0,7.0,0,2,3,10,1.0,
202400018943,155 748 418,B01,1.0,7.0,0,2,8,1,1.0,
202400018944,155 748 416,B01,1.0,30.0,0,2,1,1,1.0,
202400018945,155 748 415,A01,0.0,7.0,0,1,5,1,1.0,
202400018946,155 748 414,A01,1.0,30.0,0,0,0,1,1.0,
202400018947,155 748 412,A01,1.0,7.0,0,2,8,15,1.0,
202400018948,155 748 408,B01,2.0,33.0,0,2,7,3,1.0,
202400018949,155 748 406,B01,3.0,1.0,0,2,8,0,5.0,
202400018950,155 748 405,A01,3.0,7.0,0,1,5,20,2.0,
202400018951,155 748 404,A01,0.0,7.0,0,1,1,15,1.0,
202400018952,155 748 402,A01,2.0,7.0,0,2,3,26,1.0,
202400018953,155 748 399,A01,2.0,7.0,0,2,1,2,0.0,
202400018954,155 748 397,A01,3.0,7.0,0,2,4,2,1.0,
202400018955,155 748 395,A01,2.0,33.0,0,2,7,15,1.0,
202400018956,155 748 393,A01,2.0,7.0,0,2,3,15,1.0,
202400018957,155 748 392,A01,1.0,7.0,6,0,1,1,1.0,
202400018958,155 748 390,A01,1.0,7.0,0,2,3,15,1.0,
202400018959,155 748 388,B01,2.0,7.0,0,2,4,1,1.0,
202400018960,155 748 386,A01,2.0,7.0,0,2,3,15,1.0,
202400018961,155 748 385,A01,2.0,7.0,0,0,9,1,1.0,
202400018962,155 748 384,A01,2.0,7.0,8,9,1,1,1.0,
202400018963,155 748 382,A01,2.0,33.0,0,2,1,5,1.0,
202400018964,155 748 381,A01,2.0,7.0,2,0,2,15,1.0,
202400018965,155 748 380,A01,0.0,7.0,0,1,4,4,1.0,
202400018966,155 748 376,A01,1.0,7.0,0,2,1,11,1.0,
202400018967,155 748 373,B01,0.0,1.0,0,0,1,2,5.0,
202400018968,155 748 371,A01,3.0,31.0,0,0,3,2,1.0,
202400018969,155 748 369,A01,3.0,10.0,0,2,1,1,1.0,
202400018970,155 748 368,A01,3.0,36.0,13,0,9,1,1.0,
202400018971,155 748 365,B01,1.0,2.0,0,2,1,26,1.0,
202400018972,155 748 363,B01,1.0,10.0,0,0,3,0,1.0,
202400018973,155 748 361,A01,3.0,37.0,0,2,2,17,1.0,1
202400018974,155 748 359,A01,1.0,7.0,0,2,1,0,1.0,
202400018975,155 748 358,A01,1.0,33.0,0,0,9,1,1.0,
202400018976,155 748 356,A01,1.0,7.0,0,2,1,1,1.0,
202400018977,155 748 353,A01,1.0,7.0,0,2,4,1,1.0,
202400018978,155 748 352,A01,1.0,10.0,4,0,2,1,1.0,
202400018979,155 748 351,A01,1.0,7.0,4,0,1,0,1.0,
202400018980,155 748 350,A01,1.0,7.0,4,0,3,13,1.0,
202400018981,155 748 348,A01,2.0,7.0,0,2,1,2,1.0,
202400018982,155 748 346,B01,2.0,7.0,0,0,4,1,1.0,
202400018983,155 748 344,A01,1.0,7.0,0,1,3,12,1.0,
202400018984,155 748 341,C01,1.0,7.0,0,0,8,26,1.0,
202400018985,155 748 338,A01,1.0,7.0,2,0,1,0,0.0,
202400018986,155 748 337,A01,1.0,7.0,0,2,1,1,1.0,
202400018987,155 748 336,A01,1.0,7.0,8,0,0,26,1.0,
202400018988,155 748 335,A01,1.0,7.0,3,0,1,1,1.0,
202400018989,155 748 333,A01,2.0,7.0,0,2,5,12,1.0,
202400018990,155 748 331,A01,1.0,7.0,4,2,2,2,1.0,
202400018991,155 748 327,A01,2.0,7.0,0,2,4,1,1.0,
202400018992,155 748 326,A01,2.0,7.0,1,0,1,1,1.0,
202400018993,155 748 323,A01,2.0,15.0,0,2,4,1,1.0,
202400018994,155 748 322,A01,2.0,7.0,0,2,5,1,1.0,
202400018995,155 748 319,A01,2.0,7.0,0,2,4,1,1.0,
202400018996,155 748 316,A01,2.0,10.0,0,2,8,13,1.0,
202400018997,155 748 315,C01,1.0,17.0,0,2,6,23,1.0,
202400018998,155 748 312,A01,2.0,7.0,14,9,1,26,1.0,
202400018999,155 748 310,D01,0.0,7.0,0,0,0,0,1.0,
202400019000,155 748 307,A01,0.0,60.0,0,2,0,0,5.0,
202400019001,155 748 306,A01,2.0,7.0,0,2,3,2,1.0,
202400019002,155 748 303,A01,1.0,7.0,0,9,3,1,1.0,
202400019003,155 748 301,C01,2.0,7.0,1,0,1,1,1.0,
202400019004,155 748 300,A01,1.0,7.0,0,1,2,15,1.0,
202400019005,155 748 296,C01,1.0,10.0,0,2,1,2,1.0,
202400019006,155 748 295,A01,1.0,7.0,0,9,2,1,1.0,
202400019007,155 748 293,A01,3.0,7.0,0,1,1,18,1.0,
202400019008,155 748 291,A01,1.0,7.0,0,2,9,1,1.0,
202400019009,155 748 288,A01,3.0,7.0,0,2,2,15,1.0,
202400019010,155 748 285,A01,1.0,33.0,6,0,1,17,1.0,
202400019011,155 748 284,D01,2.0,10.0,0,2,1,2,1.0,
202400019012,155 748 282,A01,1.0,7.0,0,1,2,1,1.0,
202400019013,155 748 281,B01,1.0,7.0,0,2,1,2,1.0,
202400019014,155 748 279,B01,2.0,7.0,0,2,1,1,1.0,
202400019015,155 748 277,A01,2.0,7.0,0,2,7,12,1.0,
202400019016,155 748 276,A01,2.0,7.0,16,0,9,21,1.0,
202400019017,155 748 274,A01,1.0,33.0,0,2,1,1,1.0,
202400019018,155 748 272,A01,2.0,10.0,0,2,7,12,0.0,
202400019019,155 748 271,A01,2.0,33.0,4,0,1,15,1.0,
202400019020,155 748 268,A01,2.0,33.0,0,2,1,3,1.0,
202400019021,155 748 267,A01,2.0,7.0,4,0,1,21,1.0,
202400019022,155 748 266,A01,2.0,7.0,0,2,5,11,1.0,
202400019023,155 748 263,A01,2.0,7.0,4,0,1,1,1.0,
202400019024,155 748 262,B01,1.0,7.0,0,2,3,1,1.0,
202400019025,155 748 258,B01,1.0,1.0,1,0,1,0,5.0,
202400019026,155 748 257,C01,1.0,7.0,1,2,1,1,1.0,
202400019027,155 748 256,A01,1.0,7.0,0,0,0,14,1.0,
202400019028,155 748 254,A01,2.0,7.0,4,2,8,13,1.0,
202400019029,155 748 252,A01,1.0,33.0,0,0,0,0,1.0,
202400019030,155 748 251,A01,1.0,33.0,0,2,1,26,1.0,
202400019031,155 748 250,A01,1.0,41.0,0,0,0,0,1.0,
202400019032,155 748 249,A01,3.0,50.0,12,0,8,1,3.0,
202400019033,155 748 247,B01,2.0,7.0,0,2,4,23,1.0,
202400019034,155 748 245,A01,2.0,7.0,0,2,0,13,1.0,
202400019035,155 748 243,A01,1.0,43.0,0,2,1,12,1.0,
202400019036,155 748 238,B01,2.0,7.0,0,2,0,1,1.0,
202400019037,155 748 239,B01,2.0,7.0,0,2,8,11,1.0,
202400019038,155 748 237,B01,2.0,33.0,0,2,1,17,1.0,
202400019039,155 748 235,A01,1.0,7.0,0,1,8,1,1.0,
202400019040,155 748 234,A01,2.0,7.0,0,1,1,1,1.0,
202400019041,155 748 233,B01,1.0,10.0,15,2,4,15,1.0,
202400019042,155 748 232,A01,1.0,7.0,0,1,2,1,1.0,
202400019043,155 748 231,A01,2.0,7.0,0,1,2,26,1.0,
202400019044,155 748 230,A01,3.0,7.0,14,1,1,2,1.0,
202400019045,155 748 228,A01,1.0,34.0,8,2,2,17,1.0,
202400019046,155 748 227,A01,3.0,7.0,13,0,9,19,2.0,
202400019047,155 748 225,A01,3.0,7.0,2,0,2,17,1.0,
202400019048,155 748 223,B01,2.0,1.0,0,2,1,26,5.0,
202400019049,155 748 222,B01,3.0,7.0,0,2,1,1,1.0,
202400019050,155 748 221,A01,1.0,7.0,0,1,3,1,1.0,
202400019051,155 748 218,B01,3.0,7.0,0,2,2,15,1.0,
202400019052,155 748 217,A01,2.0,7.0,0,1,3,15,1.0,
202400019053,155 748 216,B01,2.0,33.0,0,2,1,1,1.0,
202400019054,155 748 215,A01,1.0,7.0,7,0,1,14,1.0,
202400019055,155 748 212,B01,2.0,7.0,0,2,1,1,1.0,
202400019056,155 748 211,A01,3.0,7.0,0,2,1,1,0.0,
202400019057,155 748 210,A01,1.0,34.0,0,1,1,1,1.0,