Num_Acc,id_vehicule,num_veh,senc,catv,obs,obsm,choc,manv,motor,occutc
202400019058,155 748 209,A01,1.0,50.0,0,0,1,1,3.0,
202400019059,155 748 208,A01,2.0,7.0,0,0,0,1,1.0,
202400019060,155 748 205,A01,3.0,32.0,0,2,1,16,1.0,
202400019061,155 748 203,C01,1.0,10.0,0,2,3,16,1.0,
202400019062,155 748 201,A01,1.0,7.0,0,2,4,2,1.0,
202400019063,155 748 200,B01,1.0,10.0,0,9,2,1,1.0,
202400019064,155 748 197,A01,3.0,33.0,0,2,1,1,1.0,
202400019065,155 748 196,B01,1.0,13.0,0,2,5,15,6.0,
202400019066,155 748 191,A01,1.0,7.0,0,2,1,2,1.0,
202400019067,155 748 190,A01,1.0,7.0,0,2,1,2,1.0,
202400019068,155 748 187,A01,0.0,7.0,0,1,4,26,2.0,
202400019069,155 748 184,B01,1.0,7.0,13,2,8,1,1.0,
202400019070,155 748 185,Z01,1.0,7.0,0,1,0,15,0.0,
202400019071,155 748 183,A01,3.0,7.0,0,0,2,0,1.0,
202400019072,155 748 179,A01,1.0,7.0,0,2,1,1,1.0,
202400019073,155 748 177,B01,3.0,7.0,0,2,1,1,1.0,
202400019074,155 748 176,A01,2.0,7.0,0,1,3,1,1.0,
202400019075,155 748 174,A01,3.0,7.0,15,0,1,1,1.0,
202400019076,155 748 173,A01,3.0,7.0,1,0,1,9,1.0,
202400019077,155 748 172,B01,1.0,33.0,0,2,1,1,1.0,
202400019078,155 748 166,A01,1.0,30.0,0,2,1,2,1.0,
202400019079,155 748 165,B01,2.0,2.0,0,2,2,17,1.0,
202400019080,155 748 158,A01,1.0,7.0,0,2,1,5,1.0,
202400019081,155 748 157,A01,2.0,7.0,0,2,7,17,1.0,
202400019082,155 748 154,A01,2.0,7.0,0,2,5,26,1.0,
202400019083,155 748 153,A01,2.0,33.0,0,2,1,1,1.0,
202400019084,155 748 152,A01,3.0,7.0,0,1,1,1,1.0,
202400019085,155 748 150,A01,2.0,7.0,1,0,1,14,1.0,
202400019086,155 748 148,A01,2.0,7.0,0,2,2,1,1.0,
202400019087,155 748 147,A01,1.0,7.0,1,0,1,1,1.0,
202400019088,155 748 146,B01,0.0,7.0,0,2,7,0,1.0,
202400019089,155 748 143,A01,1.0,7.0,0,2,1,0,1.0,
202400019090,155 748 142,B01,1.0,33.0,0,2,1,26,1.0,
202400019091,155 748 141,A01,1.0,7.0,0,1,1,1,1.0,
202400019092,155 748 136,A01,3.0,10.0,0,2,1,2,1.0,
202400019093,155 748 135,B01,3.0,50.0,0,2,6,2,3.0,
202400019094,155 748 134,A01,1.0,7.0,0,2,6,16,1.0,
202400019095,155 748 133,A01,2.0,7.0,0,1,3,1,3.0,
202400019096,155 748 132,A01,3.0,2.0,0,0,7,21,1.0,
202400019097,155 748 131,A01,2.0,7.0,4,0,3,21,1.0,
202400019098,155 748 129,B01,1.0,7.0,0,2,4,23,1.0,
202400019099,155 748 128,A01,1.0,7.0,0,1,1,19,1.0,
202400019100,155 748 127,A01,3.0,7.0,0,1,2,1,1.0,
202400019101,155 748 124,A01,1.0,30.0,0,2,1,1,1.0,
202400019102,155 748 122,A01,1.0,7.0,0,2,3,13,1.0,
202400019103,155 748 123,A01,3.0,7.0,8,0,1,6,0.0,
202400019104,155 748 120,B01,1.0,7.0,0,2,3,1,1.0,
202400019105,155 748 118,A01,1.0,7.0,0,1,1,26,1.0,
202400019106,155 748 117,A01,3.0,7.0,0,2,1,2,1.0,
202400019107,155 748 116,A01,1.0,7.0,1,0,2,1,1.0,
202400019108,155 748 115,A01,1.0,7.0,2,0,2,15,1.0,
202400019109,155 748 112,A01,2.0,7.0,0,2,1,13,1.0,
202400019110,155 748 110,A01,1.0,7.0,0,2,7,26,1.0,
202400019111,155 748 109,B01,1.0,2.0,0,2,1,1,1.0,
202400019112,155 748 107,A01,3.0,7.0,0,2,3,13,1.0,
202400019113,155 748 105,A01,3.0,7.0,3,0,9,13,1.0,
202400019114,155 748 104,A01,1.0,7.0,0,2,2,15,1.0,
202400019115,155 748 102,B01,1.0,7.0,9,2,1,1,1.0,
202400019116,155 748 098,A01,3.0,33.0,0,2,0,0,1.0,
202400019117,155 748 099,A01,2.0,1.0,0,2,0,0,5.0,
202400019118,155 748 096,B01,1.0,50.0,0,2,5,1,3.0,
202400019119,155 748 095,A01,1.0,50.0,0,9,1,1,3.0,
202400019120,155 748 093,A01,1.0,7.0,0,1,1,1,1.0,
202400019121,155 748 092,A01,1.0,7.0,1,0,2,1,1.0,
202400019122,155 748 090,A01,3.0,7.0,2,0,2,26,1.0,
202400019123,155 748 089,B01,1.0,7.0,0,2,5,1,1.0,
202400019124,155 748 088,A01,3.0,30.0,0,0,1,0,1.0,
202400019125,155 748 085,A01,1.0,1.0,0,0,0,0,5.0,
202400019126,155 748 086,A01,2.0,7.0,0,1,4,26,1.0,
202400019127,155 748 084,A01,2.0,7.0,0,2,1,1,1.0,
202400019128,155 748 082,A01,1.0,30.0,0,0,0,26,3.0,
202400019129,155 748 081,A01,3.0,7.0,0,1,1,16,1.0,
202400019130,155 748 076,C01,2.0,7.0,0,2,4,23,1.0,
202400019131,155 748 075,A01,2.0,7.0,0,2,3,1,2.0,
202400019132,155 748 071,D01,2.0,7.0,0,2,4,23,1.0,
202400019133,155 748 070,A01,2.0,99.0,0,2,1,1,0.0,
202400019134,155 748 069,A01,3.0,7.0,8,0,1,1,1.0,
202400019135,155 748 066,A01,1.0,7.0,0,9,1,2,1.0,
202400019136,155 748 065,A01,3.0,7.0,0,1,1,13,1.0,
202400019137,155 748 064,A01,1.0,32.0,0,2,1,2,1.0,
202400019138,155 748 060,B01,1.0,7.0,0,2,1,1,1.0,
202400019139,155 748 059,Z01,1.0,0.0,0,2,0,0,0.0,
202400019140,155 748 058,B01,1.0,50.0,0,2,5,15,3.0,
202400019141,155 748 057,A01,2.0,1.0,0,0,1,1,5.0,
202400019142,155 748 052,B01,2.0,32.0,1,2,2,1,1.0,
202400019143,155 748 048,A01,1.0,7.0,0,2,2,9,1.0,
202400019144,155 748 047,A01,2.0,32.0,0,0,0,1,1.0,
202400019145,155 748 049,A01,3.0,1.0,0,2,1,1,5.0,
202400019146,155 748 046,A01,1.0,7.0,6,0,1,13,1.0,
202400019147,155 748 044,A01,3.0,7.0,0,1,2,19,1.0,
202400019148,155 748 045,A01,1.0,7.0,8,0,1,1,1.0,
202400019149,155 748 042,B01,0.0,7.0,1,0,0,0,1.0,
202400019150,155 748 038,A01,2.0,7.0,0,2,3,15,1.0,
202400019151,155 748 036,A01,0.0,7.0,0,2,1,0,0.0,
202400019152,155 748 034,A01,2.0,7.0,13,0,8,1,1.0,
202400019153,155 748 032,B01,1.0,33.0,0,2,7,1,1.0,
202400019154,155 748 030,A01,1.0,7.0,0,2,1,1,1.0,
202400019155,155 748 029,A01,3.0,7.0,0,2,2,20,1.0,
202400019156,155 748 028,A01,3.0,7.0,0,1,1,16,3.0,
202400019157,155 748 026,A01,1.0,7.0,0,1,3,13,1.0,
202400019158,155 748 025,A01,2.0,7.0,0,2,8,13,1.0,
202400019159,155 748 022,A01,2.0,43.0,11,0,8,1,1.0,
202400019160,155 748 023,B01,3.0,7.0,0,2,7,15,2.0,
202400019161,155 748 020,A01,1.0,7.0,0,2,0,0,0.0,
202400019162,155 748 017,B01,1.0,1.0,0,2,2,3,5.0,
202400019163,155 748 016,A01,3.0,10.0,0,4,6,26,1.0,
202400019164,155 748 015,A01,2.0,7.0,2,0,1,17,1.0,
202400019165,155 748 014,A01,2.0,7.0,0,1,2,1,1.0,
202400019166,155 748 012,A01,3.0,7.0,1,1,4,20,1.0,
202400019167,155 748 010,A01,1.0,7.0,13,0,3,1,1.0,
202400019168,155 748 008,B01,2.0,7.0,0,9,4,1,1.0,
202400019169,155 748 003,A01,1.0,7.0,0,0,4,1,6.0,
202400019170,155 748 002,A01,2.0,13.0,0,2,2,12,1.0,
202400019171,155 748 000,A01,1.0,2.0,6,0,2,14,1.0,
202400019172,155 747 997,A01,1.0,7.0,0,2,1,1,2.0,
202400019173,155 747 995,A01,3.0,7.0,0,2,5,16,1.0,
202400019174,155 747 993,A01,2.0,33.0,0,2,1,3,1.0,
202400019175,155 747 999,A01,1.0,7.0,0,2,1,2,1.0,
202400019176,155 747 991,B01,1.0,7.0,0,2,3,1,1.0,
202400019177,155 747 989,A01,1.0,34.0,12,0,1,1,1.0,
202400019178,155 747 988,A01,0.0,7.0,0,1,1,26,1.0,
202400019179,155 747 986,A01,2.0,33.0,0,2,1,21,1.0,
202400019180,155 747 980,A01,1.0,80.0,1,0,7,1,3.0,
202400019181,155 747 979,A01,1.0,7.0,0,2,1,13,1.0,
202400019182,155 747 985,B01,0.0,60.0,0,2,1,19,5.0,
202400019183,155 747 978,A01,1.0,10.0,0,1,1,15,1.0,
202400019184,155 747 977,A01,2.0,7.0,0,1,2,1,2.0,
202400019185,155 747 976,A01,1.0,7.0,8,0,2,14,1.0,
202400019186,155 747 974,A01,2.0,10.0,0,0,9,1,1.0,
202400019187,155 747 971,A01,3.0,1.0,0,2,1,18,5.0,
202400019188,155 747 970,A01,1.0,36.0,0,6,1,0,1.0,
202400019189,155 747 972,B01,1.0,7.0,0,2,5,1,1.0,
202400019190,155 747 968,B01,3.0,7.0,0,2,2,15,0.0,
202400019191,155 747 967,A01,2.0,7.0,0,1,1,1,2.0,
202400019192,155 747 965,B01,2.0,7.0,0,2,1,1,1.0,
202400019193,155 747 963,B01,1.0,1.0,0,2,1,1,5.0,
202400019194,155 747 962,A01,1.0,7.0,0,1,2,1,1.0,
202400019195,155 747 960,A01,1.0,7.0,9,0,1,10,1.0,
202400019196,155 747 961,A01,3.0,7.0,8,0,2,16,1.0,
202400019197,155 747 959,A01,1.0,80.0,0,1,1,1,3.0,
202400019198,155 747 956,B01,2.0,3.0,4,2,1,1,1.0,
202400019199,155 747 954,A01,1.0,1.0,0,0,0,1,5.0,
202400019200,155 747 953,A01,1.0,7.0,0,1,3,1,1.0,
202400019201,155 747 951,A01,1.0,7.0,0,2,1,1,1.0,
202400019202,155 747 948,A01,2.0,7.0,0,2,1,1,1.0,
202400019203,155 747 949,Z01,2.0,1.0,0,1,1,1,5.0,
202400019204,155 747 944,B01,2.0,7.0,0,2,4,2,1.0,
202400019205,155 747 943,A01,1.0,1.0,0,1,3,5,5.0,
202400019206,155 747 942,A01,1.0,10.0,0,1,2,1,1.0,
202400019207,155 747 939,B01,2.0,7.0,0,2,3,15,1.0,
202400019208,155 747 938,A01,2.0,10.0,0,2,3,9,1.0,
202400019209,155 747 936,A01,2.0,7.0,0,2,3,15,1.0,
202400019210,155 747 934,B01,1.0,37.0,0,2,4,26,1.0,1
202400019211,155 747 932,A01,1.0,10.0,1,1,3,26,3.0,
202400019212,155 747 930,A01,1.0,7.0,0,0,4,2,1.0,
202400019213,155 747 929,A01,2.0,7.0,0,2,0,17,1.0,
202400019214,155 747 927,A01,1.0,7.0,0,1,3,19,1.0,
202400019215,155 747 926,B01,1.0,31.0,0,2,1,0,1.0,
202400019216,155 747 925,A01,2.0,50.0,0,1,1,5,3.0,
202400019217,155 747 922,B01,2.0,33.0,0,2,1,17,1.0,
202400019218,155 747 923,A01,1.0,33.0,0,1,2,21,1.0,
202400019219,155 747 921,A01,2.0,7.0,0,0,9,14,1.0,
202400019220,155 747 918,B01,2.0,50.0,0,2,1,2,3.0,
202400019221,155 747 917,A01,2.0,33.0,0,0,5,1,1.0,
202400019222,155 747 916,A01,1.0,7.0,13,0,6,19,0.0,
202400019223,155 747 915,A01,0.0,1.0,0,0,0,26,5.0,
202400019224,155 747 913,A01,2.0,7.0,4,0,7,0,1.0,
202400019225,155 747 911,A01,2.0,30.0,0,2,1,16,1.0,
202400019226,155 747 910,B01,3.0,3.0,0,1,2,23,1.0,
202400019227,155 747 908,A01,1.0,7.0,0,0,4,15,1.0,
202400019228,155 747 905,A01,2.0,1.0,0,0,0,1,5.0,
202400019229,155 747 906,A01,1.0,7.0,8,0,1,1,2.0,
202400019230,155 747 907,A01,3.0,7.0,0,1,1,19,1.0,
202400019231,155 747 903,A01,1.0,7.0,8,0,1,1,1.0,
202400019232,155 747 902,A01,1.0,7.0,2,1,3,25,1.0,
202400019233,155 747 900,A01,1.0,7.0,0,2,1,1,1.0,
202400019234,155 747 898,A01,2.0,7.0,0,1,1,2,1.0,
202400019235,155 747 896,A01,0.0,7.0,0,2,1,1,1.0,
202400019236,155 747 895,A01,1.0,7.0,1,0,1,1,1.0,
202400019237,155 747 892,B01,1.0,2.0,0,2,1,0,1.0,
202400019238,155 747 891,A01,1.0,1.0,0,2,1,1,5.0,
202400019239,155 747 889,A01,2.0,3.0,1,0,1,14,1.0,
202400019240,155 747 888,A01,2.0,7.0,4,0,1,9,1.0,
202400019241,155 747 886,A01,1.0,7.0,0,2,1,19,1.0,
202400019242,155 747 885,A01,1.0,33.0,0,0,8,12,1.0,
202400019243,155 747 882,B01,1.0,33.0,0,2,7,2,1.0,
202400019244,155 747 881,A01,1.0,7.0,0,1,1,1,0.0,
202400019245,155 747 880,B01,1.0,50.0,0,0,0,0,3.0,
202400019246,155 747 878,A01,1.0,7.0,0,1,1,1,1.0,
202400019247,155 747 877,A01,1.0,7.0,0,1,1,9,1.0,
202400019248,155 747 873,A01,2.0,10.0,0,2,1,2,1.0,
202400019249,155 747 874,A01,2.0,40.0,0,1,2,1,3.0,
202400019250,155 747 870,A01,1.0,31.0,0,2,2,21,1.0,
202400019251,155 747 868,A01,0.0,7.0,0,2,3,13,1.0,
202400019252,155 747 869,A01,1.0,7.0,0,1,1,16,1.0,
202400019253,155 747 866,A01,0.0,7.0,0,1,2,1,1.0,
202400019254,155 747 865,A01,1.0,7.0,0,2,3,9,1.0,
202400019255,155 747 863,A01,2.0,1.0,0,2,6,1,5.0,
202400019256,155 747 861,A01,0.0,7.0,0,1,3,1,2.0,
202400019257,155 747 860,A01,2.0,2.0,0,0,7,16,1.0,
202400019258,155 747 858,B01,3.0,7.0,0,2,2,0,2.0,
202400019259,155 747 857,A01,2.0,2.0,1,0,1,1,3.0,
202400019260,155 747 856,A01,3.0,7.0,1,0,2,21,1.0,
202400019261,155 747 853,A01,2.0,30.0,0,2,1,5,1.0,
202400019262,155 747 852,B01,2.0,10.0,0,2,7,16,1.0,
202400019263,155 747 849,A01,1.0,7.0,0,2,3,13,1.0,
202400019264,155 747 848,B01,1.0,7.0,7,0,6,15,1.0,
202400019265,155 747 846,B01,1.0,33.0,0,2,3,1,1.0,
202400019266,155 747 844,A01,1.0,7.0,6,0,1,1,1.0,
202400019267,155 747 843,B01,1.0,1.0,0,0,1,1,5.0,
202400019268,155 747 842,A01,1.0,31.0,0,1,1,1,1.0,
202400019269,155 747 841,A01,2.0,7.0,0,1,1,16,1.0,
202400019270,155 747 839,A01,1.0,2.0,0,2,1,1,1.0,
202400019271,155 747 838,A01,2.0,1.0,0,2,7,1,5.0,
202400019272,155 747 837,A01,0.0,10.0,0,1,2,1,1.0,
202400019273,155 747 835,A01,1.0,99.0,0,2,2,9,1.0,
202400019274,155 747 833,A01,2.0,7.0,0,1,1,15,2.0,
202400019275,155 747 831,A01,0.0,7.0,0,0,6,1,1.0,
202400019276,155 747 830,A01,1.0,7.0,0,2,0,13,1.0,
202400019277,155 747 826,A01,0.0,7.0,0,1,1,1,1.0,
202400019278,155 747 825,D01,2.0,7.0,0,2,4,1,1.0,
202400019279,155 747 822,B01,1.0,2.0,0,2,1,1,3.0,
202400019280,155 747 820,A01,2.0,7.0,0,1,5,1,1.0,
202400019281,155 747 819,Z01,0.0,0.0,0,2,0,1,0.0,
202400019282,155 747 818,A01,2.0,7.0,6,0,1,1,1.0,
202400019283,155 747 815,A01,2.0,1.0,0,2,1,1,5.0,
202400019284,155 747 813,A01,1.0,7.0,3,0,0,2,1.0,
202400019285,155 747 814,B01,2.0,7.0,0,2,3,15,1.0,
202400019286,155 747 812,A01,3.0,7.0,9,0,2,26,1.0,
202400019287,155 747 809,A01,2.0,10.0,0,2,1,15,1.0,
202400019288,155 747 808,B01,2.0,7.0,0,2,8,15,1.0,
202400019289,155 747 806,A01,1.0,50.0,0,0,1,1,3.0,
202400019290,155 747 805,B01,0.0,99.0,0,2,3,0,5.0,
202400019291,155 747 804,A01,2.0,7.0,0,1,3,16,1.0,
202400019292,155 747 801,A01,2.0,7.0,0,2,1,1,1.0,
202400019293,155 747 800,A01,2.0,2.0,0,2,1,2,3.0,
202400019294,155 747 798,A01,1.0,7.0,0,2,1,0,1.0,
202400019295,155 747 795,A01,1.0,33.0,8,0,9,1,1.0,
202400019296,155 747 796,A01,1.0,7.0,0,1,2,1,1.0,
202400019297,155 747 794,B01,1.0,50.0,0,9,7,26,3.0,
202400019298,155 747 789,B01,2.0,7.0,0,2,1,1,1.0,
202400019299,155 747 790,B01,1.0,7.0,0,2,1,1,1.0,
202400019300,155 747 787,A01,1.0,7.0,0,2,2,26,1.0,
202400019301,155 747 784,B01,2.0,7.0,0,2,1,1,1.0,
202400019302,155 747 783,A01,3.0,7.0,1,0,1,14,3.0,
202400019303,155 747 781,A01,1.0,7.0,13,0,2,1,1.0,
202400019304,155 747 782,B01,1.0,31.0,0,2,3,1,1.0,
202400019305,155 747 779,A01,2.0,33.0,0,2,1,1,1.0,
202400019306,155 747 778,A01,2.0,7.0,0,0,0,1,1.0,
202400019307,155 747 776,A01,1.0,7.0,0,2,5,16,2.0,
202400019308,155 747 774,A01,3.0,50.0,8,0,1,1,3.0,
202400019309,155 747 773,A01,2.0,7.0,0,2,1,2,1.0,
202400019310,155 747 770,A01,0.0,7.0,0,1,1,9,2.0,
202400019311,155 747 771,A01,1.0,2.0,0,9,6,15,1.0,
202400019312,155 747 767,A01,1.0,7.0,0,0,1,17,1.0,
202400019313,155 747 769,A01,2.0,7.0,8,0,7,0,1.0,
202400019314,155 747 766,A01,2.0,30.0,0,2,3,2,1.0,
202400019315,155 747 765,A01,1.0,7.0,8,0,7,26,1.0,
202400019316,155 747 764,A01,2.0,7.0,6,0,1,1,1.0,
202400019317,155 747 761,A01,1.0,2.0,15,0,1,16,1.0,
202400019318,155 747 760,B01,1.0,7.0,0,2,9,1,1.0,
202400019319,155 747 762,A01,1.0,7.0,0,1,2,2,1.0,
202400019320,155 747 758,A01,3.0,10.0,0,1,3,1,1.0,
202400019321,155 747 757,A01,2.0,7.0,0,1,1,16,1.0,
202400019322,155 747 756,A01,3.0,17.0,0,2,2,12,1.0,
202400019323,155 747 754,A01,1.0,1.0,0,0,0,1,5.0,
202400019324,155 747 752,A01,0.0,30.0,1,0,8,1,1.0,
202400019325,155 747 751,A01,2.0,7.0,0,2,1,2,1.0,
202400019326,155 747 749,A01,1.0,7.0,2,0,1,1,1.0,
202400019327,155 747 747,A01,2.0,1.0,0,0,0,26,5.0,
202400019328,155 747 746,A01,1.0,7.0,0,2,1,17,1.0,
202400019329,155 747 744,A01,1.0,32.0,0,1,1,1,2.0,
202400019330,155 747 743,A01,2.0,10.0,0,1,1,26,1.0,
202400019331,155 747 742,B01,1.0,7.0,0,2,1,13,1.0,
202400019332,155 747 740,A01,2.0,7.0,0,1,3,1,1.0,
202400019333,155 747 739,B01,2.0,2.0,0,2,1,21,1.0,
202400019334,155 747 737,A01,1.0,7.0,0,0,5,2,1.0,
202400019335,155 747 736,A01,2.0,10.0,1,1,0,1,2.0,
202400019336,155 747 733,A01,2.0,7.0,0,2,3,15,1.0,
202400019337,155 747 730,A01,1.0,10.0,0,2,1,1,1.0,
202400019338,155 747 732,A01,1.0,7.0,0,1,2,15,2.0,
202400019339,155 747 728,A01,1.0,10.0,13,0,1,1,1.0,
202400019340,155 747 725,A01,1.0,7.0,6,0,1,0,1.0,
202400019341,155 747 723,B01,2.0,7.0,0,2,4,2,0.0,
202400019342,155 747 722,B01,3.0,7.0,0,2,3,16,1.0,
202400019343,155 747 720,A01,1.0,7.0,0,1,1,15,1.0,
202400019344,155 747 718,A01,1.0,7.0,2,0,3,1,1.0,
202400019345,155 747 717,A01,2.0,7.0,0,0,0,14,1.0,
202400019346,155 747 716,A01,1.0,10.0,0,1,1,15,1.0,
202400019347,155 747 715,A01,2.0,14.0,4,0,1,2,1.0,
202400019348,155 747 714,A01,1.0,33.0,16,0,1,1,1.0,
202400019349,155 747 711,A01,1.0,7.0,0,2,7,16,1.0,
202400019350,155 747 710,A01,2.0,2.0,0,2,1,1,1.0,
202400019351,155 747 709,A01,2.0,7.0,15,0,1,0,1.0,
202400019352,155 747 706,A01,3.0,7.0,0,2,2,16,1.0,
202400019353,155 747 707,A01,3.0,7.0,0,1,2,20,1.0,
202400019354,155 747 705,A01,2.0,7.0,0,0,5,1,2.0,
202400019355,155 747 702,B01,2.0,1.0,0,0,4,2,5.0,
202400019356,155 747 701,A01,2.0,7.0,0,2,1,9,1.0,
202400019357,155 747 700,A01,2.0,7.0,6,0,1,16,1.0,
202400019358,155 747 698,A01,1.0,7.0,0,1,2,21,1.0,
202400019359,155 747 697,A01,2.0,10.0,0,0,5,23,1.0,
202400019360,155 747 696,A01,2.0,33.0,15,0,8,1,1.0,
202400019361,155 747 693,A01,1.0,7.0,1,2,1,5,1.0,
202400019362,155 747 692,A01,1.0,7.0,13,0,8,13,1.0,
202400019363,155 747 691,A01,3.0,7.0,0,2,3,23,1.0,
202400019364,155 747 690,A01,2.0,2.0,0,1,1,1,1.0,
202400019365,155 747 688,A01,1.0,7.0,0,1,3,1,1.0,
202400019366,155 747 687,A01,2.0,7.0,0,2,3,15,1.0,
202400019367,155 747 684,A01,1.0,33.0,4,0,1,1,1.0,
202400019368,155 747 683,A01,1.0,7.0,0,1,2,1,1.0,
202400019369,155 747 685,A01,2.0,7.0,0,2,3,15,1.0,
202400019370,155 747 679,A01,2.0,33.0,0,2,1,17,1.0,
202400019371,155 747 678,B01,1.0,15.0,0,0,1,1,1.0,
202400019372,155 747 680,A01,1.0,7.0,0,1,0,1,1.0,
202400019373,155 747 676,A01,1.0,7.0,0,2,1,1,1.0,
202400019374,155 747 675,A01,1.0,7.0,3,0,1,1,1.0,
202400019375,155 747 674,A01,2.0,33.0,0,0,0,1,1.0,
202400019376,155 747 671,A01,2.0,7.0,0,2,3,4,1.0,
202400019377,155 747 670,A01,3.0,7.0,2,0,2,1,1.0,
202400019378,155 747 673,A01,3.0,7.0,0,1,3,1,1.0,
202400019379,155 747 667,A01,2.0,7.0,0,2,3,13,1.0,
202400019380,155 747 665,A01,2.0,7.0,0,2,7,15,1.0,
202400019381,155 747 664,A01,1.0,7.0,10,0,3,1,1.0,
202400019382,155 747 663,A01,2.0,7.0,0,2,1,1,1.0,
202400019383,155 747 661,A01,1.0,7.0,6,0,1,1,1.0,
202400019384,155 747 659,A01,2.0,7.0,0,2,3,1,1.0,
202400019385,155 747 658,B01,1.0,1.0,0,2,1,1,5.0,
202400019386,155 747 656,A01,1.0,7.0,1,0,2,1,1.0,
202400019387,155 747 657,A01,2.0,7.0,0,1,2,0,1.0,
202400019388,155 747 655,A01,1.0,7.0,0,1,3,0,1.0,
202400019389,155 747 654,A01,1.0,7.0,5,0,1,0,1.0,
202400019390,155 747 652,A01,0.0,7.0,0,1,2,1,1.0,
202400019391,155 747 651,A01,3.0,7.0,0,2,1,15,1.0,
202400019392,155 747 649,A01,2.0,7.0,0,2,2,1,1.0,
202400019393,155 747 648,A01,3.0,7.0,0,1,2,1,1.0,
202400019394,155 747 646,A01,1.0,10.0,0,2,6,21,1.0,
202400019395,155 747 645,A01,1.0,10.0,3,0,2,1,1.0,
202400019396,155 747 643,A01,1.0,10.0,0,2,8,20,1.0,
202400019397,155 747 640,A01,1.0,7.0,0,2,3,5,1.0,
202400019398,155 747 637,B01,1.0,7.0,0,2,5,26,1.0,
202400019399,155 747 636,A01,2.0,7.0,2,0,1,14,1.0,
202400019400,155 747 638,A01,1.0,7.0,2,0,9,1,1.0,
202400019401,155 747 635,A01,1.0,7.0,2,0,3,1,1.0,
202400019402,155 747 631,A01,2.0,7.0,0,2,1,1,1.0,
202400019403,155 747 629,A01,1.0,7.0,0,2,3,5,1.0,
202400019404,155 747 628,A01,1.0,7.0,0,2,1,2,1.0,
202400019405,155 747 626,A01,1.0,7.0,0,2,4,1,1.0,
202400019406,155 747 625,A01,2.0,7.0,0,1,2,1,1.0,
202400019407,155 747 624,A01,1.0,7.0,0,1,2,1,2.0,
202400019408,155 747 619,A01,2.0,7.0,3,0,8,17,1.0,
202400019409,155 747 618,A01,0.0,7.0,2,0,1,1,1.0,
202400019410,155 747 616,B01,2.0,7.0,0,2,4,23,1.0,
202400019411,155 747 613,A01,0.0,7.0,0,2,1,1,1.0,
202400019412,155 747 612,A01,2.0,10.0,3,0,2,1,1.0,
202400019413,155 747 611,A01,2.0,30.0,0,1,1,18,1.0,
202400019414,155 747 609,A01,1.0,7.0,13,0,1,13,1.0,
202400019415,155 747 607,A01,2.0,33.0,0,0,7,3,1.0,
202400019416,155 747 608,A01,1.0,7.0,0,1,2,1,1.0,
202400019417,155 747 602,A01,1.0,7.0,0,2,1,17,1.0,
202400019418,155 747 601,B01,2.0,50.0,0,2,2,1,3.0,
202400019419,155 747 600,A01,2.0,7.0,4,0,3,1,1.0,
202400019420,155 747 598,A01,3.0,7.0,7,0,1,15,1.0,
202400019421,155 747 594,A01,2.0,7.0,1,0,2,1,1.0,
202400019422,155 747 593,B01,1.0,7.0,0,2,4,1,1.0,
202400019423,155 747 595,A01,1.0,7.0,4,0,2,14,1.0,
202400019424,155 747 589,A01,1.0,7.0,0,2,1,5,1.0,
202400019425,155 747 587,A01,2.0,7.0,1,1,1,1,1.0,
202400019426,155 747 586,A01,1.0,10.0,0,2,1,2,1.0,
202400019427,155 747 585,A01,2.0,7.0,3,0,0,17,1.0,
202400019428,155 747 584,A01,2.0,33.0,0,0,9,1,1.0,
202400019429,155 747 582,B01,3.0,1.0,0,2,1,25,5.0,
202400019430,155 747 581,A01,1.0,33.0,14,9,1,1,1.0,
202400019431,155 747 579,B01,2.0,7.0,0,2,1,1,1.0,
202400019432,155 747 577,A01,2.0,7.0,2,0,1,13,1.0,
202400019433,155 747 576,A01,1.0,7.0,0,2,2,0,1.0,
202400019434,155 747 575,A01,2.0,10.0,0,1,1,1,1.0,
202400019435,155 747 573,B01,1.0,31.0,0,2,1,1,1.0,
202400019436,155 747 572,A01,1.0,7.0,2,0,1,13,1.0,
202400019437,155 747 571,A01,1.0,7.0,0,1,2,1,1.0,
202400019438,155 747 568,A01,1.0,7.0,0,2,1,2,3.0,
202400019439,155 747 563,A01,1.0,7.0,4,2,1,14,1.0,
202400019440,155 747 560,A01,1.0,17.0,1,2,1,1,1.0,
202400019441,155 747 561,B01,3.0,33.0,0,2,1,16,1.0,
202400019442,155 747 557,A01,1.0,2.0,12,0,1,1,1.0,
202400019443,155 747 555,A01,2.0,33.0,0,2,1,1,1.0,
202400019444,155 747 551,A01,3.0,7.0,0,2,2,17,1.0,
202400019445,155 747 549,C01,3.0,7.0,0,2,5,1,1.0,
202400019446,155 747 547,A01,2.0,7.0,0,2,1,1,1.0,
202400019447,155 747 545,A01,3.0,7.0,0,1,2,1,1.0,
202400019448,155 747 544,A01,2.0,99.0,0,2,3,1,1.0,
202400019449,155 747 539,C01,2.0,7.0,0,2,4,1,1.0,
202400019450,155 747 538,A01,1.0,7.0,0,2,5,2,1.0,
202400019451,155 747 537,A01,1.0,33.0,0,0,2,1,1.0,
202400019452,155 747 534,A01,0.0,7.0,0,2,8,15,1.0,
202400019453,155 747 533,A01,2.0,7.0,0,1,3,16,1.0,
202400019454,155 747 532,C01,1.0,7.0,0,2,2,12,2.0,
202400019455,155 747 530,A01,2.0,10.0,3,0,8,1,2.0,