Num_Acc,id_vehicule,num_veh,senc,catv,obs,obsm,choc,manv,motor,occutc
202400019456,155 747 528,A01,1.0,7.0,3,0,4,1,1.0,
202400019457,155 747 527,A01,1.0,7.0,3,2,1,11,1.0,
202400019458,155 747 529,B01,1.0,7.0,0,2,8,1,1.0,
202400019459,155 747 526,A01,1.0,33.0,4,0,3,16,1.0,
202400019460,155 747 524,A01,1.0,1.0,0,2,2,5,5.0,
202400019461,155 747 523,A01,3.0,30.0,14,0,0,1,1.0,
202400019462,155 747 522,A01,2.0,7.0,4,0,0,0,1.0,
202400019463,155 747 520,A01,1.0,7.0,0,2,7,9,1.0,
202400019464,155 747 518,A01,1.0,7.0,0,2,1,2,1.0,
202400019465,155 747 517,A01,1.0,7.0,0,1,7,1,1.0,
202400019466,155 747 516,A01,1.0,7.0,4,0,3,26,1.0,
202400019467,155 747 515,A01,1.0,7.0,2,0,2,14,1.0,
202400019468,155 747 513,B01,1.0,7.0,0,2,4,1,1.0,
202400019469,155 747 512,A01,1.0,7.0,0,1,3,19,1.0,
202400019470,155 747 511,A01,1.0,1.0,0,0,1,2,5.0,
202400019471,155 747 510,A01,1.0,7.0,0,1,1,15,1.0,
202400019472,155 747 508,A01,1.0,7.0,4,0,0,0,1.0,
202400019473,155 747 507,A01,1.0,7.0,0,2,1,1,1.0,
202400019474,155 747 506,A01,0.0,7.0,13,0,1,0,1.0,
202400019475,155 747 505,A01,1.0,37.0,0,0,0,1,1.0,3
202400019476,155 747 502,B01,2.0,7.0,0,2,3,13,1.0,
202400019477,155 747 501,B01,1.0,1.0,0,2,0,0,5.0,
202400019478,155 747 497,B01,1.0,80.0,0,2,1,1,3.0,
202400019479,155 747 498,B01,1.0,2.0,0,0,4,16,1.0,
202400019480,155 747 496,A01,2.0,33.0,9,0,7,1,1.0,
202400019481,155 747 495,A01,1.0,10.0,0,1,1,1,1.0,
202400019482,155 747 492,A01,1.0,7.0,0,2,8,19,1.0,
202400019483,155 747 493,A01,2.0,33.0,0,2,8,3,1.0,
202400019484,155 747 490,A01,2.0,7.0,1,0,2,14,2.0,
202400019485,155 747 488,A01,2.0,99.0,0,2,2,17,1.0,
202400019486,155 747 487,B01,2.0,7.0,0,2,8,1,1.0,
202400019487,155 747 484,A01,3.0,10.0,17,0,2,14,1.0,
202400019488,155 747 481,A01,1.0,33.0,0,0,8,1,1.0,
202400019489,155 747 480,B01,1.0,34.0,0,2,1,0,1.0,
202400019490,155 747 477,A01,1.0,7.0,0,2,1,2,1.0,
202400019491,155 747 479,A01,0.0,7.0,0,1,3,1,1.0,
202400019492,155 747 476,A01,1.0,7.0,0,1,1,0,1.0,
202400019493,155 747 474,A01,1.0,7.0,0,2,4,1,1.0,
202400019494,155 747 473,A01,1.0,7.0,4,0,1,1,1.0,
202400019495,155 747 467,A01,3.0,7.0,0,2,1,26,1.0,
202400019496,155 747 466,A01,3.0,7.0,0,1,3,1,1.0,
202400019497,155 747 464,A01,2.0,7.0,0,2,3,19,1.0,
202400019498,155 747 462,B01,0.0,33.0,0,2,7,26,1.0,
202400019499,155 747 461,A01,2.0,38.0,8,0,7,1,1.0,5
202400019500,155 747 460,A01,1.0,7.0,0,1,1,1,0.0,
202400019501,155 747 459,A01,1.0,7.0,2,0,3,13,1.0,
202400019502,155 747 457,A01,2.0,7.0,0,2,1,26,1.0,
202400019503,155 747 455,A01,3.0,7.0,0,2,3,15,1.0,
202400019504,155 747 453,A01,3.0,33.0,5,0,9,1,1.0,
202400019505,155 747 452,A01,1.0,7.0,0,1,1,1,1.0,
202400019506,155 747 451,A01,3.0,0.0,0,1,6,4,0.0,
202400019507,155 747 450,A01,2.0,33.0,0,6,1,1,1.0,
202400019508,155 747 448,A01,1.0,7.0,0,2,1,2,1.0,
202400019509,155 747 446,A01,1.0,7.0,0,2,1,13,1.0,
202400019510,155 747 444,A01,3.0,7.0,0,1,1,1,2.0,
202400019511,155 747 441,A01,2.0,7.0,0,2,3,13,1.0,
202400019512,155 747 443,A01,3.0,7.0,0,2,3,1,1.0,
202400019513,155 747 438,A01,1.0,7.0,0,2,1,17,2.0,
202400019514,155 747 437,A01,2.0,7.0,0,2,0,0,1.0,
202400019515,155 747 436,A01,3.0,33.0,0,0,8,1,1.0,
202400019516,155 747 434,A01,3.0,7.0,0,2,1,15,1.0,
202400019517,155 747 433,A01,1.0,7.0,15,0,0,1,1.0,
202400019518,155 747 431,A01,3.0,37.0,0,1,7,9,1.0,1
202400019519,155 747 430,A01,0.0,2.0,0,2,3,0,1.0,
202400019520,155 747 429,A01,1.0,7.0,0,1,2,1,1.0,
202400019521,155 747 428,A01,1.0,33.0,0,0,0,1,1.0,
202400019522,155 747 426,A01,1.0,99.0,0,1,2,20,1.0,
202400019523,155 747 424,A01,0.0,7.0,1,0,3,0,1.0,
202400019524,155 747 423,A01,1.0,7.0,3,0,2,2,1.0,
202400019525,155 747 422,A01,2.0,99.0,13,0,1,0,1.0,
202400019526,155 747 421,A01,1.0,33.0,0,0,0,21,1.0,
202400019527,155 747 419,A01,2.0,33.0,0,2,1,1,1.0,
202400019528,155 747 418,A01,1.0,7.0,3,0,1,1,1.0,
202400019529,155 747 416,A01,1.0,7.0,0,2,3,9,2.0,
202400019530,155 747 415,A01,2.0,7.0,1,2,2,1,1.0,
202400019531,155 747 414,A01,1.0,7.0,0,1,2,1,1.0,
202400019532,155 747 413,A01,1.0,7.0,0,1,1,1,1.0,
202400019533,155 747 411,A01,0.0,10.0,0,9,0,0,1.0,
202400019534,155 747 407,A01,2.0,14.0,0,2,1,13,1.0,
202400019535,155 747 404,A01,2.0,7.0,0,2,1,2,1.0,
202400019536,155 747 399,B01,2.0,7.0,0,2,9,0,1.0,
202400019537,155 747 396,A01,1.0,34.0,0,2,8,26,1.0,
202400019538,155 747 394,A01,1.0,31.0,0,2,1,26,1.0,
202400019539,155 747 392,A01,1.0,7.0,1,2,1,1,1.0,
202400019540,155 747 390,A01,1.0,7.0,0,2,6,1,1.0,
202400019541,155 747 389,A01,2.0,33.0,0,0,7,3,1.0,
202400019542,155 747 387,A01,2.0,33.0,0,2,1,1,1.0,
202400019543,155 747 385,A01,3.0,7.0,0,2,2,15,1.0,
202400019544,155 747 384,A01,2.0,7.0,0,1,1,1,1.0,
202400019545,155 747 382,A01,1.0,2.0,0,2,1,1,1.0,
202400019546,155 747 381,A01,1.0,99.0,0,9,7,17,0.0,
202400019547,155 747 379,A01,2.0,33.0,0,2,1,1,1.0,
202400019548,155 747 376,B01,1.0,7.0,0,2,3,1,1.0,
202400019549,155 747 374,A01,1.0,7.0,9,2,5,16,1.0,
202400019550,155 747 372,A01,1.0,50.0,0,2,8,19,3.0,
202400019551,155 747 370,B01,2.0,7.0,0,2,3,1,1.0,
202400019552,155 747 369,A01,2.0,7.0,8,0,1,14,1.0,
202400019553,155 747 367,Z01,1.0,7.0,0,9,0,0,0.0,
202400019554,155 747 365,A01,1.0,7.0,0,0,0,0,1.0,
202400019555,155 747 362,A01,2.0,7.0,0,2,7,15,1.0,
202400019556,155 747 361,A01,3.0,7.0,0,1,1,19,1.0,
202400019557,155 747 360,A01,1.0,7.0,0,1,2,1,0.0,
202400019558,155 747 358,B01,1.0,7.0,0,2,9,1,1.0,
202400019559,155 747 356,A01,2.0,30.0,0,2,1,1,1.0,
202400019560,155 747 355,A01,1.0,30.0,12,0,1,0,1.0,
202400019561,155 747 354,A01,2.0,7.0,8,0,1,1,1.0,
202400019562,155 747 353,A01,3.0,32.0,0,0,0,1,1.0,
202400019563,155 747 351,A01,3.0,7.0,6,0,2,1,3.0,
202400019564,155 747 349,A01,3.0,7.0,0,2,1,6,1.0,
202400019565,155 747 347,A01,3.0,7.0,0,9,8,15,2.0,
202400019566,155 747 345,C01,1.0,33.0,0,2,1,1,1.0,
202400019567,155 747 344,A01,2.0,50.0,0,1,1,1,3.0,
202400019568,155 747 342,A01,0.0,7.0,0,2,2,12,1.0,
202400019569,155 747 340,A01,2.0,7.0,0,2,1,9,1.0,
202400019570,155 747 338,A01,2.0,7.0,0,2,1,1,1.0,
202400019571,155 747 334,C01,1.0,7.0,0,2,4,23,1.0,
202400019572,155 747 332,A01,1.0,36.0,0,2,2,17,3.0,
202400019573,155 747 331,A01,1.0,30.0,1,0,1,1,1.0,
202400019574,155 747 330,A01,1.0,50.0,1,0,1,14,3.0,
202400019575,155 747 327,A01,2.0,1.0,1,0,1,2,5.0,
202400019576,155 747 325,A01,1.0,10.0,0,2,3,1,3.0,
202400019577,155 747 324,A01,3.0,7.0,0,1,4,4,1.0,
202400019578,155 747 321,B01,2.0,7.0,0,2,4,1,1.0,
202400019579,155 747 320,C01,2.0,7.0,0,1,0,0,0.0,
202400019580,155 747 318,A01,2.0,7.0,0,1,3,2,1.0,
202400019581,155 747 317,A01,1.0,7.0,0,2,1,1,1.0,
202400019582,155 747 314,A01,1.0,10.0,0,2,6,15,1.0,
202400019583,155 747 311,A01,2.0,7.0,0,2,1,2,1.0,
202400019584,155 747 309,C01,2.0,7.0,0,2,3,21,1.0,
202400019585,155 747 307,A01,1.0,3.0,0,2,1,11,3.0,
202400019586,155 747 306,A01,1.0,10.0,2,0,3,13,1.0,
202400019587,155 747 303,B01,1.0,2.0,0,2,1,1,1.0,
202400019588,155 747 304,A01,3.0,7.0,8,0,1,2,1.0,
202400019589,155 747 301,B01,2.0,7.0,0,2,2,15,1.0,
202400019590,155 747 300,A01,0.0,7.0,0,1,0,9,1.0,
202400019591,155 747 298,A01,1.0,7.0,2,0,2,1,1.0,
202400019592,155 747 297,A01,1.0,7.0,0,2,2,1,1.0,
202400019593,155 747 295,A01,2.0,7.0,0,2,2,15,1.0,
202400019594,155 747 294,A01,2.0,7.0,14,0,1,1,1.0,
202400019595,155 747 292,A01,3.0,7.0,15,0,8,1,1.0,
202400019596,155 747 291,A01,2.0,7.0,0,2,4,15,1.0,
202400019597,155 747 289,B01,1.0,7.0,0,2,4,2,1.0,
202400019598,155 747 287,A01,2.0,7.0,0,0,0,9,0.0,
202400019599,155 747 285,Z01,0.0,7.0,0,0,0,0,0.0,
202400019600,155 747 284,A01,1.0,7.0,15,0,1,1,1.0,
202400019601,155 747 281,Z01,2.0,31.0,0,1,1,1,0.0,
202400019602,155 747 278,A01,3.0,38.0,0,1,0,1,1.0,1
202400019603,155 747 277,A01,2.0,7.0,9,0,1,1,1.0,
202400019604,155 747 276,A01,3.0,33.0,1,0,1,26,1.0,
202400019605,155 747 274,A01,2.0,7.0,0,2,1,0,1.0,
202400019606,155 747 273,A01,2.0,7.0,7,0,1,1,1.0,
202400019607,155 747 271,B01,2.0,15.0,0,2,1,1,1.0,
202400019608,155 747 268,A01,1.0,7.0,2,0,1,1,1.0,
202400019609,155 747 269,A01,1.0,34.0,0,2,3,19,1.0,
202400019610,155 747 267,A01,3.0,40.0,0,1,2,26,3.0,
202400019611,155 747 265,A01,1.0,7.0,0,2,2,17,1.0,
202400019612,155 747 263,B01,2.0,50.0,0,2,8,19,3.0,
202400019613,155 747 262,A01,1.0,33.0,0,0,8,1,1.0,
202400019614,155 747 259,A01,2.0,3.0,0,2,0,0,1.0,
202400019615,155 747 258,B01,3.0,50.0,0,2,1,1,3.0,
202400019616,155 747 255,B01,1.0,2.0,0,2,3,1,1.0,
202400019617,155 747 254,A01,1.0,7.0,0,2,2,17,1.0,
202400019618,155 747 252,A01,2.0,10.0,13,0,9,0,1.0,
202400019619,155 747 251,A01,2.0,33.0,0,2,7,3,1.0,
202400019620,155 747 249,B01,1.0,15.0,0,0,4,2,1.0,
202400019621,155 747 247,A01,1.0,7.0,0,2,6,1,1.0,
202400019622,155 747 244,A01,1.0,7.0,0,1,4,4,1.0,
202400019623,155 747 241,C01,2.0,7.0,0,2,1,1,1.0,
202400019624,155 747 240,A01,2.0,7.0,0,2,3,15,1.0,
202400019625,155 747 238,B01,1.0,33.0,0,2,1,1,1.0,
202400019626,155 747 237,A01,2.0,7.0,1,0,2,1,3.0,
202400019627,155 747 236,A01,1.0,7.0,17,0,1,1,1.0,
202400019628,155 747 233,A01,1.0,7.0,0,2,1,2,1.0,
202400019629,155 747 235,A01,1.0,31.0,0,0,0,12,3.0,
202400019630,155 747 232,A01,2.0,7.0,0,1,3,1,1.0,
202400019631,155 747 231,Z01,1.0,7.0,0,1,1,1,1.0,
202400019632,155 747 229,B01,2.0,7.0,0,2,8,15,1.0,
202400019633,155 747 228,A01,3.0,10.0,0,1,4,20,1.0,
202400019634,155 747 227,A01,1.0,7.0,0,1,2,0,1.0,
202400019635,155 747 226,A01,2.0,7.0,0,1,3,1,1.0,
202400019636,155 747 225,A01,2.0,33.0,0,0,8,2,1.0,
202400019637,155 747 224,A01,2.0,7.0,2,0,8,17,1.0,
202400019638,155 747 223,A01,1.0,10.0,12,1,1,16,0.0,
202400019639,155 747 222,A01,0.0,7.0,0,1,3,15,1.0,
202400019640,155 747 220,B01,2.0,33.0,0,2,0,0,1.0,
202400019641,155 747 219,A01,2.0,7.0,3,0,3,1,1.0,
202400019642,155 747 216,A01,3.0,1.0,0,2,5,2,5.0,
202400019643,155 747 214,A01,2.0,7.0,0,2,3,26,1.0,
202400019644,155 747 213,B01,1.0,7.0,0,2,1,1,1.0,
202400019645,155 747 212,A01,0.0,32.0,0,1,1,1,1.0,
202400019646,155 747 210,A01,3.0,7.0,0,1,6,4,3.0,
202400019647,155 747 209,B01,1.0,7.0,6,0,8,1,1.0,
202400019648,155 747 206,A01,3.0,33.0,0,1,2,1,1.0,
202400019649,155 747 205,A01,2.0,7.0,0,2,2,13,1.0,
202400019650,155 747 203,A01,1.0,7.0,0,2,3,1,1.0,
202400019651,155 747 201,A01,3.0,13.0,0,2,8,17,3.0,
202400019652,155 747 197,B01,3.0,33.0,0,2,8,9,1.0,
202400019653,155 747 196,A01,2.0,7.0,0,2,3,1,1.0,
202400019654,155 747 193,B01,1.0,7.0,0,2,4,2,1.0,
202400019655,155 747 192,B01,1.0,7.0,0,2,1,1,1.0,
202400019656,155 747 191,A01,1.0,36.0,0,0,1,1,1.0,
202400019657,155 747 188,A01,1.0,2.0,0,2,1,13,1.0,
202400019658,155 747 187,A01,1.0,7.0,0,2,2,15,1.0,
202400019659,155 747 185,A01,1.0,7.0,8,0,9,1,1.0,
202400019660,155 747 184,A01,2.0,33.0,0,0,8,2,1.0,
202400019661,155 747 183,A01,1.0,2.0,0,2,1,1,1.0,
202400019662,155 747 179,A01,2.0,7.0,0,2,1,1,1.0,
202400019663,155 747 177,B01,1.0,7.0,0,2,3,1,1.0,
202400019664,155 747 178,A01,2.0,7.0,13,0,9,14,1.0,
202400019665,155 747 174,A01,3.0,31.0,3,0,8,13,1.0,
202400019666,155 747 173,A01,2.0,7.0,0,2,1,1,1.0,
202400019667,155 747 168,D01,1.0,7.0,1,0,1,2,1.0,
202400019668,155 747 166,B01,1.0,15.0,0,0,4,1,6.0,
202400019669,155 747 165,A01,2.0,15.0,0,2,1,1,1.0,
202400019670,155 747 161,A01,1.0,31.0,13,0,7,1,1.0,
202400019671,155 747 160,A01,2.0,7.0,6,2,8,1,1.0,
202400019672,155 747 159,D01,1.0,7.0,0,2,8,0,2.0,
202400019673,155 747 157,A01,2.0,2.0,0,2,3,1,1.0,
202400019674,155 747 155,A01,1.0,7.0,0,2,6,1,1.0,
202400019675,155 747 153,A01,0.0,2.0,17,0,1,0,1.0,
202400019676,155 747 151,A01,2.0,7.0,0,2,5,12,1.0,
202400019677,155 747 149,A01,2.0,7.0,0,1,2,19,1.0,
202400019678,155 747 145,B01,2.0,7.0,0,2,3,1,1.0,
202400019679,155 747 144,A01,3.0,80.0,0,0,9,1,3.0,
202400019680,155 747 142,D01,2.0,7.0,0,2,4,2,1.0,
202400019681,155 747 138,B01,1.0,1.0,0,0,4,2,5.0,
202400019682,155 747 137,A01,3.0,7.0,0,2,6,15,1.0,
202400019683,155 747 135,A01,0.0,7.0,8,0,0,20,2.0,
202400019684,155 747 133,A01,2.0,33.0,0,2,3,1,1.0,
202400019685,155 747 130,B01,1.0,7.0,0,2,4,21,1.0,
202400019686,155 747 128,A01,2.0,33.0,0,2,1,1,1.0,
202400019687,155 747 125,B01,1.0,7.0,0,2,4,1,2.0,
202400019688,155 747 126,A01,1.0,7.0,0,2,8,1,1.0,
202400019689,155 747 123,A01,2.0,33.0,0,6,1,1,1.0,
202400019690,155 747 122,A01,2.0,7.0,15,2,1,17,1.0,
202400019691,155 747 121,A01,3.0,33.0,0,0,7,1,1.0,
202400019692,155 747 117,A01,2.0,7.0,0,2,1,2,1.0,
202400019693,155 747 116,A01,1.0,14.0,1,2,1,1,1.0,
202400019694,155 747 115,A01,2.0,7.0,0,2,3,13,1.0,
202400019695,155 747 114,A01,1.0,7.0,0,0,0,9,1.0,
202400019696,155 747 111,A01,1.0,7.0,0,0,4,1,1.0,
202400019697,155 747 112,A01,1.0,33.0,13,6,2,1,1.0,
202400019698,155 747 110,A01,2.0,7.0,4,0,1,16,1.0,
202400019699,155 747 109,A01,2.0,33.0,0,0,9,26,1.0,
202400019700,155 747 107,A01,1.0,7.0,3,0,1,1,1.0,
202400019701,155 747 108,A01,2.0,7.0,13,0,2,0,1.0,
202400019702,155 747 103,A01,1.0,7.0,0,1,0,1,1.0,
202400019703,155 747 102,A01,2.0,7.0,0,2,1,13,1.0,
202400019704,155 747 099,B01,1.0,1.0,0,2,0,0,5.0,
202400019705,155 747 096,A01,2.0,15.0,0,2,8,1,1.0,
202400019706,155 747 094,A01,1.0,1.0,0,0,0,0,5.0,
202400019707,155 747 092,A01,1.0,7.0,0,1,0,1,1.0,
202400019708,155 747 090,A01,2.0,15.0,0,1,5,1,1.0,
202400019709,155 747 088,A01,2.0,2.0,0,2,1,26,1.0,
202400019710,155 747 087,B01,2.0,7.0,0,2,0,1,1.0,
202400019711,155 747 084,A01,1.0,31.0,0,0,0,0,1.0,
202400019712,155 747 083,A01,1.0,7.0,0,2,3,1,2.0,
202400019713,155 747 081,A01,2.0,10.0,0,2,3,13,1.0,
202400019714,155 747 080,A01,2.0,7.0,0,1,1,1,3.0,
202400019715,155 747 077,A01,3.0,21.0,0,2,3,13,1.0,
202400019716,155 747 076,A01,2.0,7.0,11,0,8,1,1.0,
202400019717,155 747 074,A01,3.0,7.0,0,9,3,11,1.0,
202400019718,155 747 071,A01,2.0,7.0,0,2,3,10,1.0,
202400019719,155 747 067,Z01,1.0,2.0,0,2,0,26,1.0,
202400019720,155 747 068,B01,2.0,7.0,0,2,4,1,1.0,
202400019721,155 747 065,B01,1.0,17.0,0,2,3,1,1.0,
202400019722,155 747 062,A01,1.0,7.0,0,2,7,12,1.0,
202400019723,155 747 059,B01,1.0,7.0,0,2,1,1,2.0,
202400019724,155 747 060,A01,2.0,1.0,0,2,4,2,5.0,
202400019725,155 747 058,A01,2.0,50.0,12,0,1,19,3.0,
202400019726,155 747 052,B01,1.0,7.0,0,2,8,15,1.0,
202400019727,155 747 053,B01,1.0,15.0,0,2,3,11,1.0,
202400019728,155 747 051,A01,1.0,7.0,0,2,2,17,1.0,
202400019729,155 747 050,A01,3.0,7.0,0,1,2,21,1.0,
202400019730,155 747 047,A01,3.0,7.0,0,2,1,2,1.0,
202400019731,155 747 046,B01,1.0,7.0,0,2,8,15,1.0,
202400019732,155 747 043,A01,2.0,2.0,12,0,1,1,1.0,
202400019733,155 747 040,A01,3.0,7.0,0,2,1,2,1.0,
202400019734,155 747 037,A01,1.0,2.0,0,2,8,2,1.0,
202400019735,155 747 036,A01,2.0,7.0,0,2,2,2,1.0,
202400019736,155 747 035,A01,1.0,7.0,0,1,1,1,0.0,
202400019737,155 747 031,B01,0.0,1.0,0,2,1,1,5.0,
202400019738,155 747 030,A01,2.0,7.0,0,1,1,2,1.0,
202400019739,155 747 029,A01,2.0,33.0,0,2,1,17,1.0,
202400019740,155 747 028,A01,2.0,7.0,0,2,3,9,1.0,
202400019741,155 747 025,A01,2.0,10.0,0,2,3,19,1.0,
202400019742,155 747 022,A01,0.0,7.0,0,1,1,1,1.0,
202400019743,155 747 018,B01,3.0,7.0,4,2,3,0,1.0,
202400019744,155 747 020,A01,2.0,7.0,1,0,2,1,1.0,
202400019745,155 747 017,B01,2.0,2.0,0,2,1,1,1.0,
202400019746,155 747 014,A01,1.0,33.0,13,0,1,1,1.0,
202400019747,155 747 012,A01,2.0,7.0,0,2,2,15,1.0,
202400019748,155 747 013,A01,2.0,7.0,0,2,3,26,1.0,
202400019749,155 747 011,A01,2.0,33.0,3,0,0,1,1.0,
202400019750,155 747 009,A01,0.0,7.0,6,0,1,0,1.0,
202400019751,155 747 010,A01,3.0,7.0,2,0,1,26,6.0,
202400019752,155 747 008,A01,2.0,33.0,6,0,2,1,1.0,
202400019753,155 747 004,B01,0.0,99.0,0,0,4,16,0.0,
202400019754,155 747 001,A01,1.0,7.0,0,0,2,2,1.0,
202400019755,155 747 005,B01,2.0,7.0,0,2,7,1,1.0,
202400019756,155 746 999,A01,2.0,13.0,15,0,0,1,1.0,
202400019757,155 747 000,B01,1.0,7.0,0,2,4,1,1.0,
202400019758,155 746 996,A01,1.0,7.0,0,1,1,20,1.0,
202400019759,155 746 997,A01,2.0,7.0,0,2,1,21,1.0,
202400019760,155 746 995,A01,2.0,10.0,13,0,2,0,1.0,
202400019761,155 746 993,A01,2.0,7.0,4,0,3,1,1.0,
202400019762,155 746 991,A01,1.0,7.0,0,2,1,13,1.0,
202400019763,155 746 990,A01,2.0,10.0,0,9,1,1,1.0,
202400019764,155 746 988,A01,3.0,1.0,0,6,3,1,5.0,
202400019765,155 746 986,A01,1.0,1.0,0,1,1,1,5.0,
202400019766,155 746 984,A01,1.0,2.0,0,0,0,1,1.0,
202400019767,155 746 982,B01,2.0,7.0,4,2,8,2,1.0,
202400019768,155 746 981,A01,1.0,7.0,0,2,3,13,1.0,
202400019769,155 746 978,A01,3.0,7.0,2,0,8,1,1.0,
202400019770,155 746 976,A01,3.0,7.0,0,2,3,13,1.0,
202400019771,155 746 977,A01,1.0,7.0,0,2,2,15,2.0,
202400019772,155 746 975,A01,1.0,7.0,0,0,0,1,1.0,
202400019773,155 746 971,A01,1.0,7.0,0,2,8,15,1.0,
202400019774,155 746 973,A01,2.0,7.0,15,0,3,1,1.0,
202400019775,155 746 970,B01,3.0,33.0,0,2,1,1,1.0,
202400019776,155 746 966,A01,1.0,2.0,0,2,1,1,1.0,
202400019777,155 746 964,A01,1.0,15.0,0,2,1,1,0.0,
202400019778,155 746 961,B01,3.0,7.0,0,2,5,2,3.0,
202400019779,155 746 962,B01,1.0,7.0,8,2,6,2,1.0,
202400019780,155 746 959,B01,2.0,7.0,0,2,4,12,2.0,
202400019781,155 746 957,A01,3.0,7.0,8,0,1,16,1.0,
202400019782,155 746 955,C01,1.0,7.0,0,0,4,23,1.0,
202400019783,155 746 951,B01,1.0,7.0,4,2,6,21,1.0,
202400019784,155 746 949,A01,1.0,7.0,0,1,2,1,1.0,
202400019785,155 746 950,B01,2.0,7.0,4,2,6,1,1.0,
202400019786,155 746 948,Z01,2.0,7.0,0,2,0,0,1.0,
202400019787,155 746 945,A01,3.0,7.0,0,1,2,1,1.0,
202400019788,155 746 944,A01,1.0,7.0,0,2,8,11,1.0,
202400019789,155 746 942,A01,2.0,7.0,0,1,2,1,1.0,
202400019790,155 746 939,B01,3.0,7.0,0,2,1,1,1.0,
202400019791,155 746 938,B01,2.0,33.0,0,2,1,1,1.0,
202400019792,155 746 937,A01,1.0,33.0,0,0,0,0,1.0,
202400019793,155 746 935,A01,1.0,7.0,13,0,1,14,1.0,
202400019794,155 746 933,A01,3.0,7.0,0,1,2,1,1.0,
202400019795,155 746 934,A01,3.0,7.0,0,2,2,1,1.0,
202400019796,155 746 929,A01,1.0,33.0,0,0,4,1,4.0,
202400019797,155 746 931,B01,1.0,7.0,0,2,3,10,1.0,
202400019798,155 746 930,A01,1.0,7.0,8,1,1,1,1.0,
202400019799,155 746 923,B01,2.0,7.0,0,2,1,1,1.0,
202400019800,155 746 927,A01,3.0,7.0,0,2,8,1,1.0,
202400019801,155 746 919,A01,1.0,7.0,0,2,1,26,0.0,
202400019802,155 746 918,B01,1.0,7.0,0,2,0,0,1.0,
202400019803,155 746 917,A01,2.0,7.0,0,2,1,26,1.0,
202400019804,155 746 915,A01,2.0,7.0,0,1,2,1,1.0,
202400019805,155 746 916,A01,1.0,7.0,0,1,2,1,1.0,
202400019806,155 746 913,A01,3.0,7.0,0,1,0,0,1.0,
202400019807,155 746 912,A01,2.0,7.0,0,2,8,15,1.0,
202400019808,155 746 907,A01,1.0,30.0,0,2,8,15,1.0,
202400019809,155 746 906,A01,2.0,7.0,0,2,2,16,1.0,
202400019810,155 746 903,A01,1.0,7.0,0,1,3,26,0.0,
202400019811,155 746 904,A01,1.0,30.0,0,2,1,1,1.0,
202400019812,155 746 899,A01,3.0,50.0,0,0,0,1,3.0,
202400019813,155 746 898,C01,1.0,7.0,0,2,0,0,1.0,
202400019814,155 746 893,A01,1.0,33.0,14,0,1,21,1.0,
202400019815,155 746 891,C01,2.0,99.0,0,2,1,1,1.0,
202400019816,155 746 890,A01,2.0,7.0,0,2,2,19,1.0,
202400019817,155 746 887,A01,2.0,7.0,1,0,2,1,1.0,
202400019818,155 746 888,A01,1.0,7.0,8,0,3,1,1.0,
202400019819,155 746 889,A01,3.0,7.0,0,2,5,15,1.0,
202400019820,155 746 884,A01,2.0,37.0,0,0,7,16,1.0,1
202400019821,155 746 886,A01,3.0,7.0,8,0,1,14,1.0,
202400019822,155 746 883,A01,1.0,7.0,13,0,1,0,1.0,
202400019823,155 746 882,A01,3.0,7.0,0,2,2,15,1.0,
202400019824,155 746 881,A01,1.0,7.0,12,0,3,13,1.0,
202400019825,155 746 877,A01,1.0,7.0,0,2,3,9,1.0,
202400019826,155 746 876,A01,1.0,7.0,0,1,2,17,1.0,
202400019827,155 746 875,B01,0.0,33.0,0,2,2,17,1.0,
202400019828,155 746 874,A01,3.0,13.0,0,2,2,9,1.0,
202400019829,155 746 872,B01,1.0,7.0,0,1,3,1,2.0,
202400019830,155 746 871,A01,1.0,7.0,0,2,4,1,1.0,
202400019831,155 746 868,A01,1.0,7.0,0,2,3,22,1.0,
202400019832,155 746 865,A01,0.0,80.0,0,2,4,1,3.0,
202400019833,155 746 864,A01,1.0,37.0,0,2,1,1,0.0,3
202400019834,155 746 859,A01,1.0,2.0,0,2,1,5,1.0,
202400019835,155 746 862,A01,3.0,7.0,0,2,3,15,1.0,
202400019836,155 746 857,A01,1.0,7.0,0,2,3,15,1.0,
202400019837,155 746 855,A01,1.0,7.0,0,1,3,1,1.0,
202400019838,155 746 853,A01,3.0,7.0,14,0,2,26,1.0,
202400019839,155 746 852,A01,3.0,1.0,0,0,0,0,5.0,
202400019840,155 746 851,A01,0.0,7.0,0,0,9,15,1.0,
202400019841,155 746 847,A01,2.0,7.0,0,2,0,16,1.0,
202400019842,155 746 846,A01,2.0,33.0,0,2,3,0,1.0,
202400019843,155 746 845,B01,1.0,34.0,0,2,3,1,1.0,
202400019844,155 746 844,A01,1.0,7.0,0,1,1,16,1.0,
202400019845,155 746 842,A01,1.0,30.0,0,0,8,1,3.0,
202400019846,155 746 843,A01,2.0,2.0,0,0,8,1,3.0,
202400019847,155 746 839,A01,1.0,7.0,8,0,1,1,1.0,
202400019848,155 746 840,A01,2.0,15.0,0,1,1,26,1.0,
202400019849,155 746 838,A01,1.0,7.0,0,1,2,16,1.0,
202400019850,155 746 837,A01,3.0,3.0,4,0,4,1,1.0,
202400019851,155 746 834,A01,1.0,7.0,3,2,1,26,1.0,
202400019852,155 746 831,A01,3.0,7.0,0,2,7,1,1.0,
202400019853,155 746 830,A01,0.0,7.0,0,1,1,15,1.0,