Num_Acc,id_vehicule,num_veh,senc,catv,obs,obsm,choc,manv,motor,occutc
202400019854,155 746 829,A01,3.0,33.0,4,0,8,2,1.0,
202400019855,155 746 825,B01,1.0,7.0,0,2,1,1,2.0,
202400019856,155 746 824,A01,1.0,7.0,0,2,1,1,1.0,
202400019857,155 746 822,A01,2.0,10.0,0,2,8,1,1.0,
202400019858,155 746 820,A01,3.0,7.0,2,0,1,1,1.0,
202400019859,155 746 817,A01,2.0,38.0,0,2,6,15,1.0,1
202400019860,155 746 818,A01,2.0,7.0,0,2,1,2,1.0,
202400019861,155 746 815,B01,1.0,10.0,0,0,6,23,1.0,
202400019862,155 746 814,A01,1.0,7.0,0,1,3,2,1.0,
202400019863,155 746 807,A01,2.0,7.0,0,2,1,26,1.0,
202400019864,155 746 808,A01,3.0,30.0,0,2,1,12,1.0,
202400019865,155 746 806,A01,1.0,7.0,0,2,3,9,1.0,
202400019866,155 746 805,A01,1.0,7.0,8,0,1,14,1.0,
202400019867,155 746 803,A01,2.0,7.0,0,2,1,13,1.0,
202400019868,155 746 798,A01,2.0,7.0,0,1,2,1,1.0,
202400019869,155 746 796,B01,2.0,7.0,0,0,7,23,1.0,
202400019870,155 746 795,A01,2.0,7.0,0,2,3,13,1.0,
202400019871,155 746 797,A01,1.0,7.0,0,2,1,1,0.0,
202400019872,155 746 794,A01,1.0,7.0,0,1,5,4,1.0,
202400019873,155 746 789,A01,2.0,7.0,0,2,1,26,1.0,
202400019874,155 746 790,C01,1.0,7.0,0,2,3,2,1.0,
202400019875,155 746 787,A01,1.0,7.0,0,0,9,17,1.0,
202400019876,155 746 788,A01,1.0,10.0,0,1,2,1,1.0,
202400019877,155 746 783,A01,1.0,7.0,0,1,1,1,1.0,
202400019878,155 746 784,B01,0.0,7.0,0,2,8,1,1.0,
202400019879,155 746 781,A01,3.0,50.0,0,2,1,1,3.0,
202400019880,155 746 779,A01,3.0,10.0,0,1,1,1,1.0,
202400019881,155 746 778,A01,2.0,7.0,10,0,2,0,1.0,
202400019882,155 746 775,B01,3.0,1.0,0,2,1,1,5.0,
202400019883,155 746 776,C01,3.0,33.0,0,2,2,0,0.0,
202400019884,155 746 774,A01,2.0,7.0,13,0,1,19,0.0,
202400019885,155 746 771,B01,1.0,1.0,0,0,0,1,5.0,
202400019886,155 746 769,A01,1.0,7.0,0,2,3,13,1.0,
202400019887,155 746 764,A01,3.0,10.0,2,0,1,15,1.0,
202400019888,155 746 765,B01,1.0,10.0,0,2,4,1,1.0,
202400019889,155 746 763,A01,1.0,7.0,0,2,1,13,1.0,
202400019890,155 746 760,A01,1.0,1.0,0,0,0,1,5.0,
202400019891,155 746 761,A01,3.0,32.0,0,2,2,1,1.0,
202400019892,155 746 759,A01,3.0,7.0,3,0,1,26,1.0,
202400019893,155 746 756,A01,1.0,33.0,6,0,1,16,1.0,
202400019894,155 746 755,A01,3.0,7.0,0,1,3,15,1.0,
202400019895,155 746 757,A01,2.0,7.0,0,2,2,15,1.0,
202400019896,155 746 752,B01,0.0,7.0,0,0,2,1,1.0,
202400019897,155 746 751,A01,1.0,7.0,3,0,1,1,2.0,
202400019898,155 746 750,A01,1.0,33.0,0,2,1,13,1.0,
202400019899,155 746 748,A01,1.0,33.0,0,2,1,1,1.0,
202400019900,155 746 744,A01,1.0,7.0,0,2,5,17,1.0,
202400019901,155 746 745,A01,2.0,30.0,0,2,1,1,1.0,
202400019902,155 746 742,A01,1.0,7.0,0,2,1,15,1.0,
202400019903,155 746 739,A01,0.0,7.0,1,1,1,1,2.0,
202400019904,155 746 741,A01,2.0,2.0,0,0,0,26,1.0,
202400019905,155 746 737,A01,1.0,7.0,0,2,3,0,1.0,
202400019906,155 746 735,B01,1.0,7.0,0,2,1,1,2.0,
202400019907,155 746 732,B01,2.0,2.0,0,2,1,21,1.0,
202400019908,155 746 731,B01,1.0,7.0,0,2,3,0,1.0,
202400019909,155 746 730,B01,1.0,10.0,0,2,3,1,1.0,
202400019910,155 746 729,A01,2.0,7.0,2,0,7,17,1.0,
202400019911,155 746 725,A01,3.0,7.0,0,2,0,5,1.0,
202400019912,155 746 723,A01,1.0,7.0,0,2,1,1,1.0,
202400019913,155 746 724,B01,2.0,50.0,0,2,1,1,3.0,
202400019914,155 746 721,A01,2.0,7.0,11,0,1,1,1.0,
202400019915,155 746 722,A01,2.0,7.0,0,9,3,1,1.0,
202400019916,155 746 720,A01,3.0,37.0,0,2,0,16,3.0,3
202400019917,155 746 716,A01,0.0,10.0,0,2,3,1,1.0,
202400019918,155 746 714,B01,1.0,7.0,0,2,3,15,1.0,
202400019919,155 746 715,A01,3.0,7.0,0,2,3,1,3.0,
202400019920,155 746 712,A01,1.0,7.0,0,1,1,1,1.0,
202400019921,155 746 711,A01,1.0,7.0,0,2,7,15,1.0,
202400019922,155 746 709,A01,1.0,7.0,0,2,3,13,1.0,
202400019923,155 746 707,A01,1.0,7.0,0,1,2,1,1.0,
202400019924,155 746 703,A01,1.0,2.0,8,0,0,0,1.0,
202400019925,155 746 702,A01,2.0,7.0,0,2,5,15,1.0,
202400019926,155 746 705,A01,3.0,34.0,0,2,3,7,1.0,
202400019927,155 746 700,B01,1.0,7.0,1,2,2,21,1.0,
202400019928,155 746 699,A01,2.0,1.0,0,0,0,1,5.0,
202400019929,155 746 697,B01,1.0,7.0,0,2,0,16,1.0,
202400019930,155 746 696,A01,3.0,32.0,0,2,1,1,1.0,
202400019931,155 746 695,A01,2.0,7.0,0,1,3,1,2.0,
202400019932,155 746 694,A01,3.0,7.0,0,9,3,26,0.0,
202400019933,155 746 690,A01,2.0,7.0,0,2,3,19,3.0,
202400019934,155 746 691,A01,2.0,7.0,0,2,1,11,1.0,
202400019935,155 746 688,A01,1.0,7.0,0,1,3,19,1.0,
202400019936,155 746 686,A01,1.0,7.0,6,0,1,13,1.0,
202400019937,155 746 687,A01,2.0,7.0,0,2,3,15,2.0,
202400019938,155 746 681,A01,2.0,2.0,0,2,1,1,1.0,
202400019939,155 746 677,A01,2.0,30.0,0,2,8,17,1.0,
202400019940,155 746 676,A01,2.0,7.0,0,2,2,13,1.0,
202400019941,155 746 684,A01,2.0,7.0,0,2,7,14,1.0,
202400019942,155 746 673,A01,2.0,10.0,0,2,5,26,1.0,
202400019943,155 746 671,B01,1.0,2.0,0,2,2,1,1.0,
202400019944,155 746 670,B01,2.0,1.0,0,2,1,7,5.0,
202400019945,155 746 667,A01,0.0,33.0,0,2,1,0,1.0,
202400019946,155 746 666,A01,2.0,10.0,13,0,1,0,1.0,
202400019947,155 746 665,A01,3.0,10.0,0,2,3,9,1.0,
202400019948,155 746 663,A01,1.0,10.0,0,2,1,9,1.0,
202400019949,155 746 659,A01,2.0,7.0,0,2,8,9,0.0,
202400019950,155 746 658,A01,3.0,7.0,0,9,2,16,1.0,
202400019951,155 746 657,A01,1.0,10.0,0,2,1,1,1.0,
202400019952,155 746 655,A01,2.0,7.0,13,0,1,1,1.0,
202400019953,155 746 654,A01,0.0,7.0,0,2,2,19,1.0,
202400019954,155 746 652,A01,2.0,7.0,2,0,9,0,1.0,
202400019955,155 746 651,A01,1.0,7.0,0,2,1,1,1.0,
202400019956,155 746 648,A01,1.0,7.0,4,0,8,1,1.0,
202400019957,155 746 646,A01,2.0,33.0,0,2,8,3,1.0,
202400019958,155 746 647,B01,3.0,1.0,0,2,7,0,5.0,
202400019959,155 746 643,A01,1.0,7.0,0,2,1,13,1.0,
202400019960,155 746 642,A01,2.0,1.0,0,1,3,21,5.0,
202400019961,155 746 645,A01,1.0,7.0,0,1,3,1,1.0,
202400019962,155 746 639,A01,1.0,50.0,0,0,0,1,3.0,
202400019963,155 746 637,B01,1.0,7.0,0,2,5,15,1.0,
202400019964,155 746 635,A01,1.0,34.0,0,2,1,17,1.0,
202400019965,155 746 634,A01,0.0,7.0,3,2,1,5,1.0,
202400019966,155 746 633,A01,3.0,1.0,0,1,1,1,5.0,
202400019967,155 746 631,A01,0.0,2.0,0,0,0,0,1.0,
202400019968,155 746 628,A01,1.0,7.0,0,2,7,1,1.0,
202400019969,155 746 629,A01,1.0,7.0,1,0,2,1,1.0,
202400019970,155 746 625,A01,2.0,7.0,0,2,1,2,2.0,
202400019971,155 746 627,A01,2.0,80.0,0,0,1,2,3.0,
202400019972,155 746 623,A01,3.0,31.0,1,2,0,15,0.0,
202400019973,155 746 619,B01,2.0,7.0,0,2,2,2,2.0,
202400019974,155 746 616,A01,2.0,10.0,0,1,3,1,1.0,
202400019975,155 746 617,Z01,3.0,0.0,0,1,1,19,0.0,
202400019976,155 746 613,A01,1.0,30.0,0,2,1,1,1.0,
202400019977,155 746 612,A01,2.0,7.0,13,0,3,14,1.0,
202400019978,155 746 614,B01,0.0,33.0,0,2,1,1,1.0,
202400019979,155 746 611,A01,1.0,7.0,0,2,2,1,1.0,
202400019980,155 746 610,A01,1.0,7.0,13,0,2,1,1.0,
202400019981,155 746 607,B01,3.0,1.0,0,2,4,19,5.0,
202400019982,155 746 602,A01,1.0,7.0,0,0,0,0,0.0,
202400019983,155 746 603,A01,1.0,33.0,0,2,1,1,1.0,
202400019984,155 746 601,A01,1.0,33.0,0,2,1,1,1.0,
202400019985,155 746 599,A01,3.0,2.0,0,2,1,5,1.0,
202400019986,155 746 598,A01,1.0,7.0,3,0,9,14,1.0,
202400019987,155 746 597,A01,3.0,7.0,8,0,9,14,2.0,
202400019988,155 746 593,B01,2.0,7.0,0,2,3,1,1.0,
202400019989,155 746 595,A01,0.0,7.0,0,1,1,16,1.0,
202400019990,155 746 591,A01,2.0,1.0,0,1,1,2,5.0,
202400019991,155 746 592,B01,1.0,50.0,0,2,7,0,3.0,
202400019992,155 746 590,A01,2.0,7.0,2,0,1,1,1.0,
202400019993,155 746 587,B01,2.0,2.0,0,0,8,1,1.0,
202400019994,155 746 586,A01,1.0,32.0,8,0,1,14,1.0,
202400019995,155 746 585,A01,1.0,37.0,0,2,7,16,1.0,1
202400019996,155 746 583,B01,1.0,7.0,0,1,2,2,0.0,
202400019997,155 746 581,A01,1.0,34.0,0,1,1,1,1.0,
202400019998,155 746 580,A01,2.0,33.0,4,0,8,21,1.0,
202400019999,155 746 582,B01,3.0,33.0,0,2,7,3,1.0,
202400020000,155 746 578,A01,2.0,33.0,0,0,8,1,1.0,
202400020001,155 746 576,A01,0.0,7.0,0,2,3,16,1.0,
202400020002,155 746 575,A01,1.0,2.0,0,2,1,2,1.0,
202400020003,155 746 573,A01,3.0,7.0,0,0,0,14,1.0,
202400020004,155 746 571,A01,1.0,15.0,0,0,8,1,1.0,
202400020005,155 746 570,A01,1.0,7.0,1,0,1,2,1.0,
202400020006,155 746 569,A01,1.0,7.0,0,2,7,22,1.0,
202400020007,155 746 566,B01,1.0,50.0,0,2,1,18,3.0,
202400020008,155 746 563,B01,3.0,33.0,0,2,1,1,1.0,
202400020009,155 746 561,A01,3.0,1.0,0,2,1,1,5.0,
202400020010,155 746 559,C01,2.0,10.0,0,2,1,1,1.0,
202400020011,155 746 558,A01,2.0,7.0,0,2,1,1,1.0,
202400020012,155 746 554,A01,1.0,33.0,0,2,1,3,1.0,
202400020013,155 746 552,A01,1.0,14.0,0,2,1,1,1.0,
202400020014,155 746 550,A01,1.0,7.0,0,2,3,13,1.0,
202400020015,155 746 553,B01,1.0,15.0,0,0,6,1,1.0,
202400020016,155 746 547,A01,1.0,32.0,0,0,0,0,3.0,
202400020017,155 746 545,B01,2.0,7.0,0,2,4,2,0.0,
202400020018,155 746 543,A01,1.0,10.0,0,2,3,1,1.0,
202400020019,155 746 541,A01,3.0,10.0,2,0,1,13,1.0,
202400020020,155 746 540,B01,2.0,7.0,0,2,4,2,2.0,
202400020021,155 746 536,A01,2.0,7.0,0,2,7,15,1.0,
202400020022,155 746 533,A01,2.0,10.0,0,2,1,2,1.0,
202400020023,155 746 535,A01,2.0,50.0,12,0,3,13,3.0,
202400020024,155 746 532,A01,1.0,7.0,0,2,1,0,1.0,
202400020025,155 746 528,B01,3.0,60.0,0,2,8,19,5.0,
202400020026,155 746 530,A01,0.0,2.0,6,0,1,15,1.0,
202400020027,155 746 526,A01,2.0,15.0,0,2,3,0,1.0,
202400020028,155 746 527,A01,2.0,7.0,0,1,7,1,2.0,
202400020029,155 746 525,A01,1.0,7.0,2,0,1,13,1.0,
202400020030,155 746 524,A01,2.0,1.0,6,0,2,0,5.0,
202400020031,155 746 522,B01,1.0,7.0,9,2,7,15,1.0,
202400020032,155 746 520,A01,1.0,50.0,1,2,1,1,3.0,
202400020033,155 746 518,A01,1.0,7.0,13,0,9,1,1.0,
202400020034,155 746 519,A01,1.0,7.0,0,0,7,1,1.0,
202400020035,155 746 515,A01,2.0,33.0,0,0,0,0,0.0,
202400020036,155 746 513,A01,1.0,7.0,0,1,2,1,1.0,
202400020037,155 746 512,A01,2.0,7.0,0,2,3,21,1.0,
202400020038,155 746 509,A01,0.0,7.0,0,2,1,13,1.0,
202400020039,155 746 508,A01,1.0,2.0,13,0,0,21,1.0,
202400020040,155 746 506,B01,1.0,7.0,0,2,3,2,1.0,
202400020041,155 746 503,A01,1.0,7.0,0,1,2,1,1.0,
202400020042,155 746 504,A01,1.0,10.0,0,2,1,2,1.0,
202400020043,155 746 501,A01,2.0,7.0,13,0,1,1,1.0,
202400020044,155 746 499,B01,1.0,7.0,0,2,1,1,1.0,
202400020045,155 746 498,Z01,2.0,10.0,0,1,1,1,1.0,
202400020046,155 746 497,A01,2.0,7.0,0,2,0,2,1.0,
202400020047,155 746 496,A01,1.0,7.0,2,0,0,13,1.0,
202400020048,155 746 495,A01,2.0,7.0,13,0,3,1,1.0,
202400020049,155 746 494,A01,1.0,80.0,12,0,1,14,3.0,
202400020050,155 746 492,A01,2.0,7.0,13,0,3,13,1.0,
202400020051,155 746 491,A01,2.0,33.0,0,0,9,1,1.0,
202400020052,155 746 488,A01,1.0,10.0,0,2,2,2,1.0,
202400020053,155 746 487,A01,2.0,2.0,0,2,8,1,3.0,
202400020054,155 746 486,A01,1.0,32.0,0,0,0,1,1.0,
202400020055,155 746 485,A01,1.0,7.0,2,0,2,1,1.0,
202400020056,155 746 481,A01,2.0,1.0,0,1,3,1,5.0,
202400020057,155 746 482,A01,2.0,7.0,2,0,5,0,1.0,
202400020058,155 746 478,B01,2.0,33.0,0,2,1,3,1.0,
202400020059,155 746 477,A01,1.0,7.0,0,2,1,13,1.0,
202400020060,155 746 476,B01,2.0,7.0,0,2,3,15,1.0,
202400020061,155 746 473,A01,2.0,43.0,0,2,3,26,1.0,
202400020062,155 746 472,B01,,7.0,1,0,6,24,1.0,
202400020063,155 746 471,A01,1.0,7.0,4,0,6,1,0.0,
202400020064,155 746 470,A01,1.0,33.0,0,0,0,2,1.0,
202400020065,155 746 468,A01,0.0,2.0,7,0,1,1,1.0,
202400020066,155 746 467,A01,1.0,1.0,0,1,3,15,5.0,
202400020067,155 746 465,A01,3.0,33.0,0,2,1,1,1.0,
202400020068,155 746 463,A01,2.0,7.0,0,1,2,2,0.0,
202400020069,155 746 460,C01,2.0,7.0,0,2,4,21,1.0,
202400020070,155 746 461,A01,1.0,7.0,8,0,9,1,1.0,
202400020071,155 746 459,B01,2.0,1.0,0,2,8,1,5.0,
202400020072,155 746 458,A01,3.0,10.0,6,0,1,1,1.0,
202400020073,155 746 454,A01,2.0,7.0,8,0,8,26,2.0,
202400020074,155 746 452,A01,2.0,7.0,0,2,2,1,1.0,
202400020075,155 746 449,A01,1.0,7.0,0,2,5,1,3.0,
202400020076,155 746 450,B01,2.0,1.0,0,9,8,2,5.0,
202400020077,155 746 448,A01,1.0,7.0,0,1,3,1,1.0,
202400020078,155 746 447,A01,2.0,7.0,15,0,1,1,1.0,
202400020079,155 746 445,A01,2.0,7.0,3,0,2,1,1.0,
202400020080,155 746 443,A01,2.0,7.0,0,2,3,2,1.0,
202400020081,155 746 440,B01,1.0,30.0,0,2,1,0,1.0,
202400020082,155 746 441,A01,1.0,7.0,0,2,2,10,1.0,
202400020083,155 746 438,A01,2.0,7.0,4,0,1,1,1.0,
202400020084,155 746 437,A01,2.0,7.0,0,2,1,13,1.0,
202400020085,155 746 434,B01,2.0,7.0,0,2,2,16,1.0,
202400020086,155 746 433,A01,2.0,7.0,4,0,1,2,1.0,
202400020087,155 746 431,A01,1.0,32.0,0,2,1,17,1.0,
202400020088,155 746 429,A01,2.0,7.0,13,0,1,1,1.0,
202400020089,155 746 427,A01,1.0,7.0,0,2,6,13,1.0,
202400020090,155 746 428,A01,1.0,30.0,0,0,1,1,1.0,
202400020091,155 746 425,A01,2.0,7.0,0,2,1,2,1.0,
202400020092,155 746 423,A01,2.0,7.0,0,2,2,1,1.0,
202400020093,155 746 422,A01,2.0,2.0,0,2,1,1,1.0,
202400020094,155 746 420,A01,1.0,7.0,0,1,1,9,1.0,
202400020095,155 746 418,B01,1.0,14.0,0,2,1,2,1.0,
202400020096,155 746 417,A01,2.0,7.0,0,2,3,13,1.0,
202400020097,155 746 415,A01,2.0,10.0,13,0,1,1,1.0,
202400020098,155 746 411,A01,2.0,7.0,0,2,3,19,1.0,
202400020099,155 746 412,A01,1.0,7.0,0,2,2,16,1.0,
202400020100,155 746 410,A01,2.0,17.0,0,2,7,12,1.0,
202400020101,155 746 409,A01,1.0,33.0,7,0,1,17,1.0,
202400020102,155 746 408,A01,2.0,7.0,2,0,1,1,1.0,
202400020103,155 746 407,A01,2.0,7.0,1,0,4,20,1.0,
202400020104,155 746 404,A01,1.0,7.0,0,2,2,0,1.0,
202400020105,155 746 405,A01,1.0,7.0,2,0,3,14,1.0,
202400020106,155 746 402,A01,1.0,10.0,0,2,2,1,1.0,
202400020107,155 746 401,A01,1.0,7.0,0,1,0,1,2.0,
202400020108,155 746 398,A01,2.0,7.0,3,0,9,21,1.0,
202400020109,155 746 396,C01,0.0,7.0,0,2,4,2,1.0,
202400020110,155 746 395,A01,1.0,7.0,0,1,0,1,1.0,
202400020111,155 746 393,A01,0.0,31.0,0,2,1,2,1.0,
202400020112,155 746 392,A01,2.0,7.0,0,0,6,15,0.0,
202400020113,155 746 391,A01,1.0,10.0,16,0,1,1,,
202400020114,155 746 389,A01,1.0,7.0,0,2,1,2,1.0,
202400020115,155 746 388,A01,2.0,7.0,2,0,0,13,1.0,
202400020116,155 746 384,A01,1.0,33.0,0,0,9,17,1.0,
202400020117,155 746 385,B01,1.0,30.0,0,0,2,1,1.0,
202400020118,155 746 382,A01,1.0,7.0,0,0,1,1,1.0,
202400020119,155 746 381,B01,1.0,7.0,0,2,3,1,1.0,
202400020120,155 746 380,A01,3.0,7.0,0,2,2,14,1.0,
202400020121,155 746 379,A01,1.0,7.0,4,0,2,1,1.0,
202400020122,155 746 378,A01,2.0,7.0,6,0,1,1,1.0,
202400020123,155 746 377,A01,1.0,7.0,0,0,0,17,1.0,
202400020124,155 746 374,A01,1.0,7.0,0,2,1,19,1.0,
202400020125,155 746 373,B01,3.0,7.0,0,2,4,26,1.0,
202400020126,155 746 370,A01,1.0,33.0,0,0,0,1,0.0,
202400020127,155 746 369,A01,2.0,7.0,1,0,2,1,1.0,
202400020128,155 746 371,A01,3.0,0.0,0,9,0,26,1.0,
202400020129,155 746 367,A01,3.0,7.0,14,2,1,26,3.0,
202400020130,155 746 363,A01,2.0,7.0,13,0,1,15,1.0,
202400020131,155 746 361,B01,0.0,7.0,0,2,3,1,1.0,
202400020132,155 746 360,A01,1.0,7.0,0,2,1,0,1.0,
202400020133,155 746 359,A01,2.0,7.0,0,0,9,21,1.0,
202400020134,155 746 353,A01,2.0,17.0,1,0,7,15,1.0,
202400020135,155 746 354,B01,2.0,10.0,0,2,3,1,1.0,
202400020136,155 746 352,B01,1.0,7.0,0,2,1,1,1.0,
202400020137,155 746 349,A01,1.0,15.0,4,0,1,13,1.0,
202400020138,155 746 348,A01,2.0,10.0,0,2,1,13,1.0,
202400020139,155 746 345,B01,2.0,7.0,0,2,8,2,1.0,
202400020140,155 746 342,B01,3.0,7.0,0,0,4,26,1.0,
202400020141,155 746 335,A01,1.0,7.0,0,2,7,1,1.0,
202400020142,155 746 334,A01,1.0,7.0,3,0,2,1,1.0,
202400020143,155 746 332,A01,1.0,7.0,0,2,1,15,1.0,
202400020144,155 746 333,B01,3.0,30.0,0,2,1,1,1.0,
202400020145,155 746 331,A01,1.0,7.0,0,1,2,1,1.0,
202400020146,155 746 330,A01,1.0,7.0,16,0,0,2,1.0,
202400020147,155 746 329,A01,3.0,7.0,0,1,0,1,1.0,
202400020148,155 746 328,A01,1.0,37.0,0,1,2,21,1.0,1
202400020149,155 746 326,B01,2.0,7.0,0,0,8,15,1.0,
202400020150,155 746 322,A01,2.0,7.0,0,2,2,2,1.0,
202400020151,155 746 319,A01,2.0,7.0,8,0,8,1,1.0,
202400020152,155 746 321,B01,2.0,7.0,0,2,0,18,1.0,
202400020153,155 746 320,A01,0.0,30.0,0,2,2,1,1.0,
202400020154,155 746 317,A01,1.0,7.0,0,1,1,1,1.0,
202400020155,155 746 314,B01,1.0,7.0,0,2,3,1,1.0,
202400020156,155 746 311,A01,2.0,7.0,0,2,1,17,1.0,
202400020157,155 746 310,A01,1.0,2.0,1,0,1,1,1.0,
202400020158,155 746 308,A01,2.0,7.0,6,0,1,16,1.0,
202400020159,155 746 306,A01,1.0,7.0,0,2,1,5,1.0,
202400020160,155 746 305,A01,1.0,7.0,3,0,1,14,1.0,
202400020161,155 746 304,A01,3.0,7.0,0,2,1,13,1.0,
202400020162,155 746 303,A01,2.0,7.0,4,0,1,11,1.0,
202400020163,155 746 302,A01,3.0,7.0,0,0,9,1,1.0,
202400020164,155 746 301,A01,2.0,7.0,2,0,1,1,1.0,
202400020165,155 746 297,A01,1.0,2.0,0,2,9,26,1.0,
202400020166,155 746 296,A01,3.0,7.0,0,2,8,22,1.0,
202400020167,155 746 294,A01,1.0,7.0,0,2,1,2,1.0,
202400020168,155 746 288,A01,1.0,2.0,0,2,4,0,1.0,
202400020169,155 746 286,A01,2.0,7.0,0,2,2,1,1.0,
202400020170,155 746 285,A01,1.0,10.0,0,2,1,1,1.0,
202400020171,155 746 281,A01,3.0,31.0,0,2,1,1,1.0,
202400020172,155 746 280,B01,2.0,31.0,0,2,1,2,3.0,
202400020173,155 746 279,A01,3.0,7.0,0,2,1,19,1.0,
202400020174,155 746 276,B01,2.0,7.0,0,2,1,19,1.0,
202400020175,155 746 274,A01,2.0,10.0,0,2,5,14,1.0,
202400020176,155 746 268,A01,2.0,7.0,0,2,4,2,1.0,
202400020177,155 746 267,A01,1.0,10.0,0,2,6,1,1.0,
202400020178,155 746 266,B01,1.0,7.0,0,2,4,1,0.0,
202400020179,155 746 265,A01,1.0,7.0,3,0,7,16,1.0,
202400020180,155 746 263,B01,1.0,2.0,0,2,0,0,3.0,
202400020181,155 746 261,A01,2.0,7.0,4,0,1,1,1.0,
202400020182,155 746 260,A01,1.0,7.0,0,2,1,17,1.0,
202400020183,155 746 257,B01,1.0,33.0,0,2,7,1,1.0,
202400020184,155 746 254,A01,2.0,7.0,0,2,1,2,1.0,
202400020185,155 746 253,A01,2.0,7.0,0,2,2,1,1.0,
202400020186,155 746 248,A01,1.0,7.0,0,9,3,15,1.0,
202400020187,155 746 246,A01,1.0,7.0,0,2,1,1,1.0,
202400020188,155 746 247,A01,1.0,7.0,0,2,3,24,1.0,
202400020189,155 746 243,A01,1.0,7.0,8,0,3,1,3.0,
202400020190,155 746 241,A01,1.0,50.0,0,2,1,1,3.0,
202400020191,155 746 238,A01,0.0,7.0,0,1,2,1,1.0,
202400020192,155 746 236,E01,1.0,7.0,4,2,1,14,1.0,
202400020193,155 746 235,B01,1.0,33.0,0,2,2,1,1.0,
202400020194,155 746 233,A01,2.0,7.0,0,2,1,5,1.0,
202400020195,155 746 230,A01,2.0,7.0,0,2,1,12,1.0,
202400020196,155 746 226,B01,1.0,7.0,0,2,4,1,1.0,
202400020197,155 746 227,B01,1.0,7.0,0,2,1,1,1.0,
202400020198,155 746 223,A01,2.0,7.0,0,2,1,2,1.0,
202400020199,155 746 221,A01,1.0,10.0,0,1,3,7,1.0,
202400020200,155 746 220,A01,2.0,7.0,6,0,1,1,1.0,
202400020201,155 746 219,B01,3.0,7.0,0,2,1,2,1.0,
202400020202,155 746 213,B01,2.0,7.0,0,2,4,23,1.0,
202400020203,155 746 214,A01,1.0,7.0,0,2,1,2,1.0,
202400020204,155 746 212,A01,1.0,7.0,0,2,8,1,1.0,
202400020205,155 746 211,A01,2.0,7.0,4,0,0,0,1.0,
202400020206,155 746 208,A01,2.0,33.0,0,0,8,1,1.0,
202400020207,155 746 207,Z01,1.0,7.0,0,2,1,0,1.0,
202400020208,155 746 206,A01,1.0,7.0,0,0,4,23,1.0,
202400020209,155 746 204,A01,2.0,32.0,0,2,1,13,1.0,
202400020210,155 746 201,A01,1.0,7.0,13,0,9,14,1.0,
202400020211,155 746 200,A01,2.0,33.0,0,2,3,3,1.0,
202400020212,155 746 199,B01,1.0,7.0,0,2,2,1,1.0,
202400020213,155 746 196,A01,1.0,7.0,13,0,1,2,1.0,
202400020214,155 746 194,B01,1.0,10.0,0,2,3,15,0.0,
202400020215,155 746 193,A01,1.0,7.0,0,2,4,2,1.0,
202400020216,155 746 190,A01,3.0,7.0,0,2,6,10,1.0,
202400020217,155 746 187,B01,2.0,33.0,0,2,3,1,1.0,
202400020218,155 746 188,B01,2.0,7.0,0,2,4,23,1.0,
202400020219,155 746 185,A01,3.0,7.0,0,2,1,1,1.0,
202400020220,155 746 182,A01,3.0,7.0,0,2,1,9,1.0,
202400020221,155 746 181,A01,1.0,7.0,0,2,2,15,1.0,
202400020222,155 746 179,A01,3.0,10.0,1,0,2,1,1.0,
202400020223,155 746 178,A01,1.0,7.0,0,2,2,14,1.0,
202400020224,155 746 174,A01,1.0,30.0,0,2,0,1,1.0,
202400020225,155 746 172,A01,0.0,7.0,0,0,4,10,1.0,
202400020226,155 746 169,A01,1.0,7.0,1,0,1,0,1.0,
202400020227,155 746 168,A01,0.0,33.0,0,2,0,10,1.0,
202400020228,155 746 167,A01,3.0,7.0,0,2,3,1,1.0,
202400020229,155 746 164,A01,1.0,7.0,0,2,8,1,1.0,
202400020230,155 746 163,A01,0.0,7.0,0,2,0,20,1.0,
202400020231,155 746 160,A01,2.0,50.0,0,0,0,1,3.0,
202400020232,155 746 159,A01,1.0,7.0,0,2,3,13,1.0,
202400020233,155 746 157,A01,2.0,10.0,0,2,1,1,1.0,
202400020234,155 746 154,A01,1.0,7.0,0,2,2,15,1.0,
202400020235,155 746 152,B01,2.0,1.0,0,2,1,1,5.0,
202400020236,155 746 151,A01,1.0,7.0,0,2,3,19,1.0,
202400020237,155 746 149,A01,1.0,80.0,0,0,1,1,3.0,
202400020238,155 746 145,A01,1.0,7.0,0,2,1,1,1.0,
202400020239,155 746 144,A01,1.0,10.0,0,1,5,26,1.0,
202400020240,155 746 140,A01,1.0,10.0,9,0,2,2,1.0,
202400020241,155 746 139,A01,3.0,7.0,0,2,2,10,0.0,
202400020242,155 746 138,A01,0.0,7.0,0,0,0,0,1.0,
202400020243,155 746 137,A01,1.0,7.0,0,1,1,1,1.0,
202400020244,155 746 135,A01,2.0,33.0,0,2,1,2,1.0,
202400020245,155 746 133,A01,1.0,7.0,0,9,0,0,1.0,
202400020246,155 746 129,A01,1.0,10.0,0,2,8,15,0.0,
202400020247,155 746 130,A01,1.0,7.0,0,2,1,1,1.0,
202400020248,155 746 127,A01,1.0,7.0,0,2,1,2,1.0,
202400020249,155 746 124,A01,2.0,7.0,0,2,2,1,1.0,
202400020250,155 746 121,B01,1.0,7.0,0,2,3,20,1.0,