Num_Acc,id_vehicule,num_veh,senc,catv,obs,obsm,choc,manv,motor,occutc
202400020251,155 746 122,A01,1.0,10.0,0,2,1,1,0.0,
202400020252,155 746 120,A01,2.0,40.0,0,1,3,1,3.0,
202400020253,155 746 117,B01,0.0,7.0,0,2,8,1,3.0,
202400020254,155 746 116,A01,0.0,15.0,0,2,8,1,1.0,
202400020255,155 746 113,A01,3.0,30.0,0,2,2,1,1.0,
202400020256,155 746 112,B01,1.0,7.0,0,2,1,1,2.0,
202400020257,155 746 111,A01,1.0,7.0,0,1,2,15,1.0,
202400020258,155 746 109,A01,1.0,7.0,0,1,2,1,1.0,
202400020259,155 746 108,A01,2.0,7.0,0,2,3,16,1.0,
202400020260,155 746 107,A01,2.0,7.0,0,1,1,26,3.0,
202400020261,155 746 103,A01,1.0,7.0,0,2,3,1,1.0,
202400020262,155 746 104,A01,1.0,10.0,0,2,1,2,1.0,
202400020263,155 746 102,A01,1.0,7.0,2,0,2,1,1.0,
202400020264,155 746 100,A01,1.0,7.0,6,0,1,6,1.0,
202400020265,155 746 099,B01,2.0,33.0,0,2,5,1,1.0,
202400020266,155 746 098,A01,0.0,50.0,0,0,0,0,3.0,
202400020267,155 746 096,A01,0.0,7.0,2,0,1,26,1.0,
202400020268,155 746 095,B01,3.0,33.0,0,2,7,1,1.0,
202400020269,155 746 094,A01,1.0,30.0,0,0,0,0,1.0,
202400020270,155 746 093,A01,2.0,50.0,0,1,1,0,3.0,
202400020271,155 746 092,A01,2.0,7.0,0,1,3,0,1.0,
202400020272,155 746 089,A01,1.0,7.0,0,1,1,1,1.0,
202400020273,155 746 088,A01,3.0,7.0,0,2,3,1,1.0,
202400020274,155 746 087,B01,2.0,50.0,0,2,1,1,3.0,
202400020275,155 746 086,A01,0.0,7.0,7,0,1,1,1.0,
202400020276,155 746 085,A01,1.0,7.0,0,1,0,1,0.0,
202400020277,155 746 080,A01,0.0,7.0,0,2,3,10,1.0,
202400020278,155 746 081,A01,1.0,7.0,0,2,1,15,1.0,
202400020279,155 746 079,B01,2.0,33.0,0,2,1,0,1.0,
202400020280,155 746 077,A01,1.0,7.0,0,2,3,15,3.0,
202400020281,155 746 075,A01,1.0,30.0,0,1,1,1,1.0,
202400020282,155 746 074,A01,2.0,7.0,0,2,1,1,1.0,
202400020283,155 746 069,A01,1.0,30.0,0,2,2,1,1.0,
202400020284,155 746 071,A01,1.0,7.0,0,2,1,1,2.0,
202400020285,155 746 068,A01,1.0,7.0,0,2,3,15,1.0,
202400020286,155 746 066,B01,1.0,50.0,0,2,0,19,3.0,
202400020287,155 746 064,A01,1.0,3.0,0,1,2,1,1.0,
202400020288,155 746 063,A01,0.0,7.0,0,2,1,5,1.0,
202400020289,155 746 061,A01,1.0,7.0,0,2,1,1,1.0,
202400020290,155 746 058,A01,1.0,7.0,0,2,1,1,1.0,
202400020291,155 746 055,B01,3.0,7.0,0,2,6,15,2.0,
202400020292,155 746 056,B01,2.0,33.0,0,2,0,23,1.0,
202400020293,155 746 054,A01,1.0,10.0,0,1,1,1,1.0,
202400020294,155 746 049,B01,3.0,50.0,0,2,1,9,3.0,
202400020295,155 746 048,B01,0.0,1.0,0,-1,1,14,5.0,
202400020296,155 746 050,B01,0.0,15.0,0,2,4,9,1.0,
202400020297,155 746 046,A01,3.0,50.0,0,2,0,1,3.0,
202400020298,155 746 043,A01,2.0,30.0,0,2,1,15,1.0,
202400020299,155 746 044,B01,3.0,10.0,0,9,6,1,1.0,
202400020300,155 746 042,A01,3.0,50.0,15,0,0,1,3.0,
202400020301,155 746 040,B01,1.0,50.0,0,2,1,1,3.0,
202400020302,155 746 038,Z01,3.0,1.0,0,1,0,1,5.0,
202400020303,155 746 037,A01,1.0,7.0,0,2,1,1,1.0,
202400020304,155 746 035,A01,3.0,7.0,0,1,8,15,1.0,
202400020305,155 746 034,A01,3.0,7.0,0,2,1,2,1.0,
202400020306,155 746 033,A01,3.0,7.0,0,0,3,2,1.0,
202400020307,155 746 031,A01,3.0,7.0,9,0,1,26,1.0,
202400020308,155 746 030,B01,1.0,7.0,2,2,7,1,1.0,
202400020309,155 746 029,A01,3.0,60.0,12,0,1,1,5.0,
202400020310,155 746 026,B01,1.0,7.0,0,2,0,1,1.0,
202400020311,155 746 025,A01,2.0,7.0,0,2,1,20,1.0,
202400020312,155 746 024,A01,3.0,2.0,11,0,7,1,1.0,
202400020313,155 746 021,A01,1.0,1.0,0,2,1,1,5.0,
202400020314,155 746 019,A01,1.0,7.0,0,6,0,1,1.0,
202400020315,155 746 016,A01,1.0,31.0,0,2,2,1,1.0,
202400020316,155 746 015,Z01,1.0,7.0,0,2,3,1,1.0,
202400020317,155 746 013,B01,1.0,7.0,0,2,3,13,1.0,
202400020318,155 746 011,A01,2.0,40.0,0,1,2,26,3.0,
202400020319,155 746 010,B01,1.0,1.0,0,2,7,1,5.0,
202400020320,155 746 008,A01,1.0,15.0,1,0,3,13,1.0,
202400020321,155 746 007,A01,2.0,7.0,0,2,3,9,1.0,
202400020322,155 746 006,A01,3.0,7.0,0,1,3,1,1.0,
202400020323,155 746 004,A01,1.0,10.0,7,0,2,1,1.0,
202400020324,155 746 005,A01,0.0,7.0,8,1,2,15,1.0,
202400020325,155 746 002,B01,3.0,1.0,0,2,1,1,5.0,
202400020326,155 745 999,B01,1.0,80.0,0,2,7,1,3.0,
202400020327,155 745 998,A01,1.0,33.0,0,2,1,13,1.0,
202400020328,155 745 996,A01,2.0,30.0,14,0,1,14,1.0,
202400020329,155 745 995,A01,1.0,7.0,0,2,2,13,2.0,
202400020330,155 745 992,A01,1.0,33.0,0,9,0,26,1.0,
202400020331,155 745 989,A01,2.0,7.0,0,2,2,15,1.0,
202400020332,155 745 985,B01,2.0,50.0,0,2,1,1,3.0,
202400020333,155 745 984,A01,2.0,33.0,0,2,1,1,1.0,
202400020334,155 745 980,A01,2.0,10.0,0,2,1,13,1.0,
202400020335,155 745 979,A01,0.0,1.0,16,0,0,1,5.0,
202400020336,155 745 976,B01,0.0,50.0,0,2,1,1,3.0,
202400020337,155 745 975,A01,1.0,7.0,0,2,1,13,1.0,
202400020338,155 745 974,A01,1.0,50.0,0,0,0,13,3.0,
202400020339,155 745 972,A01,1.0,7.0,0,1,1,1,1.0,
202400020340,155 745 971,A01,2.0,33.0,14,2,1,26,1.0,
202400020341,155 745 968,B01,2.0,7.0,0,2,1,5,1.0,
202400020342,155 745 966,A01,2.0,33.0,0,2,7,17,1.0,
202400020343,155 745 964,A01,1.0,15.0,4,0,1,1,1.0,
202400020344,155 745 963,A01,1.0,7.0,0,2,2,21,1.0,
202400020345,155 745 960,B01,2.0,7.0,0,2,3,1,1.0,
202400020346,155 745 959,A01,1.0,7.0,0,2,1,1,1.0,
202400020347,155 745 958,A01,2.0,80.0,6,0,1,1,3.0,
202400020348,155 745 956,A01,2.0,37.0,0,2,2,1,1.0,1
202400020349,155 745 954,A01,2.0,1.0,0,5,1,1,5.0,
202400020350,155 745 952,A01,2.0,7.0,0,2,1,13,1.0,
202400020351,155 745 950,B01,1.0,1.0,0,0,4,9,5.0,
202400020352,155 745 948,B01,1.0,7.0,0,2,2,1,1.0,
202400020353,155 745 944,A01,1.0,7.0,0,2,3,13,1.0,
202400020354,155 745 943,B01,2.0,7.0,4,0,5,1,1.0,
202400020355,155 745 941,A01,3.0,7.0,1,0,8,26,1.0,
202400020356,155 745 940,A01,2.0,7.0,2,0,1,2,1.0,
202400020357,155 745 939,A01,1.0,7.0,0,1,2,1,1.0,
202400020358,155 745 937,A01,2.0,7.0,0,2,5,12,1.0,
202400020359,155 745 936,A01,1.0,7.0,0,1,1,15,1.0,
202400020360,155 745 935,A01,1.0,7.0,0,1,1,1,1.0,
202400020361,155 745 931,A01,2.0,50.0,0,0,8,1,3.0,
202400020362,155 745 932,A01,2.0,33.0,0,2,1,1,1.0,
202400020363,155 745 929,A01,2.0,7.0,0,2,1,2,1.0,
202400020364,155 745 926,B01,2.0,1.0,0,2,1,1,5.0,
202400020365,155 745 924,B01,1.0,7.0,0,0,4,0,1.0,
202400020366,155 745 917,B01,2.0,7.0,0,2,4,2,2.0,
202400020367,155 745 919,A01,2.0,7.0,0,2,3,26,1.0,
202400020368,155 745 916,B01,1.0,7.0,0,2,4,2,2.0,
202400020369,155 745 914,A01,1.0,34.0,0,2,1,2,3.0,
202400020370,155 745 912,A01,0.0,2.0,0,2,7,1,1.0,
202400020371,155 745 909,A01,1.0,10.0,0,2,1,17,1.0,
202400020372,155 745 908,A01,2.0,33.0,0,2,1,3,1.0,
202400020373,155 745 905,A01,1.0,7.0,0,2,3,1,1.0,
202400020374,155 745 904,B01,2.0,2.0,0,2,1,1,,
202400020375,155 745 903,A01,1.0,7.0,3,0,8,2,1.0,
202400020376,155 745 902,A01,2.0,50.0,0,1,1,1,3.0,
202400020377,155 745 899,B01,3.0,7.0,0,2,1,2,3.0,
202400020378,155 745 897,A01,1.0,7.0,3,0,9,1,1.0,
202400020379,155 745 893,A01,2.0,7.0,0,0,0,0,1.0,
202400020380,155 745 894,B01,2.0,80.0,0,2,2,1,3.0,
202400020381,155 745 892,A01,2.0,7.0,0,1,3,1,1.0,
202400020382,155 745 889,A01,1.0,7.0,0,1,3,1,1.0,
202400020383,155 745 886,A01,3.0,7.0,0,2,3,9,1.0,
202400020384,155 745 885,C01,2.0,33.0,0,2,6,1,1.0,
202400020385,155 745 883,A01,3.0,30.0,0,1,1,25,1.0,
202400020386,155 745 881,Z01,2.0,10.0,0,9,0,0,0.0,
202400020387,155 745 879,B01,1.0,7.0,3,2,6,1,1.0,
202400020388,155 745 875,A01,1.0,50.0,0,2,8,3,3.0,
202400020389,155 745 873,Z01,1.0,7.0,0,0,0,5,1.0,
202400020390,155 745 872,B01,2.0,32.0,0,2,8,3,1.0,
202400020391,155 745 870,A01,3.0,7.0,0,2,2,16,3.0,
202400020392,155 745 866,A01,2.0,10.0,0,2,1,2,1.0,
202400020393,155 745 865,A01,2.0,7.0,0,2,9,11,2.0,
202400020394,155 745 863,A01,1.0,50.0,0,2,8,15,3.0,
202400020395,155 745 861,A01,2.0,7.0,0,2,1,2,2.0,
202400020396,155 745 860,A01,2.0,10.0,0,1,3,1,1.0,
202400020397,155 745 858,A01,2.0,7.0,0,2,1,12,1.0,
202400020398,155 745 857,B01,1.0,1.0,0,2,6,1,5.0,
202400020399,155 745 856,A01,1.0,7.0,6,0,1,13,0.0,
202400020400,155 745 855,A01,2.0,13.0,0,0,0,1,1.0,
202400020401,155 745 853,A01,1.0,30.0,0,2,7,17,1.0,
202400020402,155 745 850,A01,2.0,7.0,0,2,1,2,1.0,
202400020403,155 745 849,A01,0.0,7.0,0,2,1,19,1.0,
202400020404,155 745 847,A01,3.0,7.0,0,2,1,1,1.0,
202400020405,155 745 844,A01,2.0,10.0,0,2,2,12,1.0,
202400020406,155 745 843,A01,2.0,7.0,0,9,3,0,1.0,
202400020407,155 745 839,B01,3.0,7.0,0,2,8,1,1.0,
202400020408,155 745 836,B01,2.0,7.0,0,2,9,2,1.0,
202400020409,155 745 837,A01,2.0,7.0,0,2,0,17,1.0,
202400020410,155 745 834,A01,1.0,43.0,0,0,7,1,1.0,
202400020411,155 745 831,A01,1.0,7.0,0,2,3,1,1.0,
202400020412,155 745 832,A01,2.0,7.0,0,2,7,15,1.0,
202400020413,155 745 826,A01,1.0,7.0,4,2,1,1,1.0,
202400020414,155 745 825,A01,3.0,33.0,0,2,3,17,1.0,
202400020415,155 745 824,A01,1.0,30.0,0,2,7,1,3.0,
202400020416,155 745 823,A01,1.0,33.0,0,0,9,1,1.0,
202400020417,155 745 820,A01,0.0,7.0,0,2,5,15,1.0,
202400020418,155 745 819,A01,2.0,7.0,0,2,3,15,1.0,
202400020419,155 745 816,A01,3.0,7.0,0,0,9,16,1.0,
202400020420,155 745 817,A01,1.0,7.0,0,2,1,13,1.0,
202400020421,155 745 812,B01,2.0,7.0,0,2,1,1,1.0,
202400020422,155 745 811,A01,1.0,7.0,0,2,1,1,1.0,
202400020423,155 745 810,A01,1.0,7.0,0,2,3,2,1.0,
202400020424,155 745 807,B01,0.0,34.0,0,2,1,1,1.0,
202400020425,155 745 806,B01,1.0,34.0,0,2,8,10,1.0,
202400020426,155 745 804,A01,1.0,50.0,1,0,1,14,3.0,
202400020427,155 745 802,B01,2.0,1.0,0,2,1,2,5.0,
202400020428,155 745 799,A01,1.0,7.0,0,2,4,16,1.0,
202400020429,155 745 798,A01,1.0,7.0,0,2,2,10,1.0,
202400020430,155 745 797,A01,2.0,2.0,0,1,1,5,1.0,
202400020431,155 745 796,A01,0.0,50.0,12,0,1,0,3.0,
202400020432,155 745 793,A01,3.0,7.0,1,0,1,2,0.0,
202400020433,155 745 794,A01,1.0,7.0,0,2,3,15,3.0,
202400020434,155 745 791,A01,2.0,34.0,0,2,7,17,1.0,
202400020435,155 745 788,A01,1.0,14.0,0,2,2,16,1.0,
202400020436,155 745 787,A01,1.0,10.0,0,1,1,2,1.0,
202400020437,155 745 786,A01,2.0,7.0,0,2,1,13,1.0,
202400020438,155 745 783,B01,1.0,40.0,0,2,3,1,3.0,
202400020439,155 745 781,A01,0.0,10.0,0,2,3,1,0.0,
202400020440,155 745 779,A01,2.0,50.0,12,0,1,1,3.0,
202400020441,155 745 780,A01,3.0,7.0,0,2,1,26,1.0,
202400020442,155 745 774,A01,2.0,7.0,0,2,3,15,1.0,
202400020443,155 745 773,C01,1.0,14.0,0,2,3,1,1.0,
202400020444,155 745 772,A01,3.0,33.0,0,-1,4,2,1.0,
202400020445,155 745 769,A01,2.0,7.0,8,2,8,16,1.0,
202400020446,155 745 768,A01,0.0,7.0,0,2,0,16,1.0,
202400020447,155 745 766,B01,1.0,33.0,0,2,1,13,1.0,
202400020448,155 745 763,B01,2.0,10.0,0,2,2,0,1.0,
202400020449,155 745 761,C01,1.0,50.0,0,2,7,9,3.0,
202400020450,155 745 760,B01,3.0,7.0,0,2,3,2,0.0,
202400020451,155 745 757,A01,2.0,33.0,0,2,1,1,1.0,
202400020452,155 745 756,B01,2.0,33.0,0,0,0,17,1.0,
202400020453,155 745 754,A01,1.0,10.0,0,1,1,16,1.0,
202400020454,155 745 752,B01,1.0,7.0,6,2,2,1,1.0,
202400020455,155 745 751,B01,3.0,7.0,0,2,3,19,1.0,
202400020456,155 745 749,A01,3.0,7.0,12,0,3,17,1.0,
202400020457,155 745 750,A01,0.0,7.0,0,1,3,13,3.0,
202400020458,155 745 747,A01,3.0,1.0,0,2,0,1,5.0,
202400020459,155 745 746,A01,3.0,7.0,12,0,3,13,1.0,
202400020460,155 745 744,A01,2.0,10.0,0,2,2,1,3.0,
202400020461,155 745 743,A01,1.0,7.0,0,1,4,4,0.0,
202400020462,155 745 739,A01,2.0,7.0,0,2,6,2,1.0,
202400020463,155 745 736,B01,1.0,7.0,0,2,7,1,1.0,
202400020464,155 745 733,A01,1.0,10.0,0,2,3,1,1.0,
202400020465,155 745 729,A01,1.0,7.0,0,2,7,2,1.0,
202400020466,155 745 726,A01,1.0,50.0,0,2,7,26,3.0,
202400020467,155 745 723,A01,2.0,7.0,0,2,3,13,1.0,
202400020468,155 745 722,A01,0.0,7.0,0,9,8,15,1.0,
202400020469,155 745 719,A01,2.0,30.0,0,1,0,2,1.0,
202400020470,155 745 718,B01,2.0,7.0,0,2,9,1,3.0,
202400020471,155 745 715,B01,1.0,7.0,0,2,2,1,1.0,
202400020472,155 745 714,B01,1.0,7.0,0,2,4,2,1.0,
202400020473,155 745 713,A01,1.0,2.0,0,0,0,2,1.0,
202400020474,155 745 711,A01,3.0,7.0,0,2,1,15,1.0,
202400020475,155 745 709,A01,1.0,32.0,0,2,1,21,1.0,
202400020476,155 745 708,A01,0.0,33.0,12,0,1,1,1.0,
202400020477,155 745 707,A01,0.0,7.0,13,0,8,1,1.0,
202400020478,155 745 706,A01,3.0,7.0,0,2,1,16,1.0,
202400020479,155 745 703,A01,1.0,7.0,0,4,7,26,1.0,
202400020480,155 745 702,A01,1.0,7.0,0,0,4,23,1.0,
202400020481,155 745 701,A01,1.0,7.0,9,0,1,1,1.0,
202400020482,155 745 700,A01,2.0,7.0,0,0,9,9,1.0,
202400020483,155 745 698,A01,3.0,7.0,0,1,3,1,1.0,
202400020484,155 745 697,B01,1.0,33.0,0,2,1,1,1.0,
202400020485,155 745 694,A01,3.0,0.0,0,2,6,20,0.0,
202400020486,155 745 693,B01,3.0,33.0,0,0,0,0,1.0,
202400020487,155 745 691,A01,1.0,7.0,0,2,8,24,2.0,
202400020488,155 745 690,A01,3.0,7.0,0,1,1,2,1.0,
202400020489,155 745 687,A01,0.0,7.0,0,2,3,2,1.0,
202400020490,155 745 686,B01,2.0,1.0,0,2,7,1,5.0,
202400020491,155 745 682,A01,2.0,7.0,0,2,1,1,1.0,
202400020492,155 745 681,C01,0.0,10.0,0,2,4,0,1.0,
202400020493,155 745 678,B01,2.0,50.0,0,2,1,19,3.0,
202400020494,155 745 674,A01,2.0,7.0,0,2,1,2,1.0,
202400020495,155 745 673,A01,1.0,30.0,0,2,1,1,1.0,
202400020496,155 745 672,A01,3.0,14.0,0,1,4,26,1.0,
202400020497,155 745 671,A01,1.0,7.0,1,0,3,15,1.0,
202400020498,155 745 670,A01,3.0,3.0,12,0,1,21,1.0,
202400020499,155 745 669,A01,3.0,38.0,0,1,1,1,1.0,1
202400020500,155 745 668,A01,3.0,7.0,0,1,8,15,1.0,
202400020501,155 745 666,Z01,1.0,1.0,0,1,1,1,5.0,
202400020502,155 745 665,B01,3.0,7.0,0,2,1,1,1.0,
202400020503,155 745 663,B01,3.0,7.0,0,2,3,23,2.0,
202400020504,155 745 661,A01,1.0,10.0,0,1,1,1,1.0,
202400020505,155 745 660,A01,0.0,7.0,0,1,2,1,2.0,
202400020506,155 745 662,A01,0.0,7.0,0,1,1,19,1.0,
202400020507,155 745 658,A01,0.0,7.0,0,1,3,1,2.0,
202400020508,155 745 657,C01,0.0,1.0,0,2,7,1,5.0,
202400020509,155 745 655,A01,2.0,10.0,0,1,2,26,1.0,
202400020510,155 745 654,B01,2.0,50.0,0,2,1,1,3.0,
202400020511,155 745 651,B01,3.0,33.0,0,2,3,18,1.0,
202400020512,155 745 650,A01,1.0,7.0,0,2,3,15,1.0,
202400020513,155 745 648,A01,1.0,33.0,0,2,1,2,1.0,
202400020514,155 745 647,A01,1.0,7.0,0,1,7,1,2.0,
202400020515,155 745 645,A01,1.0,7.0,0,1,7,14,2.0,
202400020516,155 745 644,B01,2.0,30.0,0,2,4,0,1.0,
202400020517,155 745 643,A01,3.0,7.0,0,1,1,1,0.0,
202400020518,155 745 640,A01,3.0,7.0,0,2,1,1,1.0,
202400020519,155 745 639,A01,2.0,7.0,0,2,2,15,1.0,
202400020520,155 745 638,A01,1.0,7.0,0,1,1,1,1.0,
202400020521,155 745 637,A01,2.0,7.0,0,1,3,26,2.0,
202400020522,155 745 635,A01,2.0,7.0,0,9,3,1,1.0,
202400020523,155 745 633,A01,2.0,7.0,0,1,1,15,1.0,
202400020524,155 745 631,B01,2.0,7.0,0,2,1,1,1.0,
202400020525,155 745 630,A01,0.0,37.0,0,1,2,16,1.0,1
202400020526,155 745 629,A01,3.0,7.0,0,1,3,15,1.0,
202400020527,155 745 628,A01,2.0,33.0,0,0,8,15,1.0,
202400020528,155 745 627,A01,3.0,7.0,8,0,2,1,1.0,
202400020529,155 745 626,A01,2.0,7.0,0,1,1,1,2.0,
202400020530,155 745 623,A01,2.0,7.0,0,2,1,2,1.0,
202400020531,155 745 619,C01,1.0,7.0,0,2,4,1,1.0,
202400020532,155 745 618,A01,2.0,7.0,0,2,1,1,2.0,
202400020533,155 745 614,B01,1.0,30.0,0,2,5,1,3.0,
202400020534,155 745 615,A01,1.0,7.0,0,2,1,1,1.0,
202400020535,155 745 613,A01,1.0,1.0,9,0,7,15,5.0,
202400020536,155 745 612,A01,2.0,7.0,0,1,3,1,1.0,
202400020537,155 745 609,B01,3.0,33.0,0,2,1,1,1.0,
202400020538,155 745 606,A01,3.0,50.0,0,0,0,1,3.0,
202400020539,155 745 604,A01,1.0,7.0,0,0,5,15,1.0,
202400020540,155 745 601,B01,2.0,7.0,0,2,5,16,1.0,
202400020541,155 745 600,A01,2.0,7.0,0,2,3,13,1.0,
202400020542,155 745 598,A01,1.0,7.0,1,0,1,0,1.0,
202400020543,155 745 597,A01,1.0,33.0,0,2,1,19,1.0,
202400020544,155 745 595,A01,1.0,7.0,2,0,1,11,1.0,
202400020545,155 745 594,A01,3.0,7.0,0,2,3,9,1.0,
202400020546,155 745 590,B01,1.0,14.0,0,2,1,1,1.0,
202400020547,155 745 591,A01,1.0,7.0,0,2,1,5,1.0,
202400020548,155 745 589,A01,1.0,7.0,2,0,1,13,1.0,
202400020549,155 745 588,A01,0.0,32.0,3,0,2,0,1.0,
202400020550,155 745 587,A01,1.0,7.0,11,0,3,1,1.0,
202400020551,155 745 586,A01,1.0,30.0,0,0,0,0,1.0,
202400020552,155 745 582,A01,2.0,34.0,0,0,1,17,1.0,
202400020553,155 745 580,A01,1.0,33.0,0,0,0,1,1.0,
202400020554,155 745 579,A01,3.0,7.0,0,2,1,15,1.0,
202400020555,155 745 576,A01,1.0,7.0,0,0,8,24,1.0,
202400020556,155 745 575,A01,3.0,10.0,0,2,3,1,1.0,
202400020557,155 745 572,Z01,1.0,7.0,0,2,2,0,0.0,
202400020558,155 745 571,A01,2.0,7.0,0,2,2,19,1.0,
202400020559,155 745 569,A01,1.0,10.0,0,2,1,15,1.0,
202400020560,155 745 567,B01,2.0,7.0,0,2,2,1,1.0,
202400020561,155 745 565,A01,0.0,10.0,1,0,2,1,1.0,
202400020562,155 745 564,A01,1.0,7.0,16,0,1,1,1.0,
202400020563,155 745 562,A01,1.0,7.0,0,2,1,2,1.0,
202400020564,155 745 561,A01,2.0,2.0,0,0,0,1,1.0,
202400020565,155 745 559,B01,1.0,7.0,0,2,1,1,1.0,
202400020566,155 745 555,A01,2.0,7.0,0,2,1,13,1.0,
202400020567,155 745 553,A01,3.0,33.0,0,2,7,17,1.0,
202400020568,155 745 552,A01,2.0,33.0,0,0,9,0,0.0,
202400020569,155 745 551,A01,2.0,7.0,0,1,3,15,1.0,
202400020570,155 745 550,A01,1.0,7.0,13,0,1,14,1.0,
202400020571,155 745 549,A01,3.0,7.0,0,1,2,2,1.0,
202400020572,155 745 546,A01,0.0,7.0,0,2,6,9,1.0,
202400020573,155 745 542,B01,1.0,2.0,0,2,7,26,1.0,
202400020574,155 745 541,A01,1.0,2.0,0,2,1,1,1.0,
202400020575,155 745 539,A01,1.0,7.0,2,0,3,14,1.0,
202400020576,155 745 538,A01,1.0,7.0,0,2,3,1,1.0,
202400020577,155 745 537,A01,2.0,7.0,0,1,3,1,1.0,
202400020578,155 745 534,A01,1.0,7.0,0,2,1,16,1.0,
202400020579,155 745 533,A01,2.0,2.0,0,2,1,13,1.0,
202400020580,155 745 528,A01,1.0,7.0,0,2,6,11,2.0,
202400020581,155 745 529,B01,1.0,7.0,0,2,1,1,1.0,
202400020582,155 745 526,A01,1.0,7.0,0,0,1,13,1.0,
202400020583,155 745 521,A01,1.0,10.0,0,2,1,1,1.0,
202400020584,155 745 520,B01,2.0,2.0,0,2,1,1,1.0,
202400020585,155 745 517,B01,2.0,10.0,0,2,4,2,1.0,
202400020586,155 745 516,A01,1.0,31.0,0,2,3,11,1.0,
202400020587,155 745 513,B01,3.0,33.0,0,2,1,1,1.0,
202400020588,155 745 512,B01,2.0,7.0,0,2,3,1,1.0,
202400020589,155 745 511,A01,1.0,7.0,2,0,1,2,1.0,
202400020590,155 745 510,A01,2.0,33.0,2,0,2,0,1.0,
202400020591,155 745 507,A01,1.0,7.0,2,0,1,1,1.0,
202400020592,155 745 506,A01,2.0,2.0,0,0,0,16,1.0,
202400020593,155 745 504,A01,1.0,2.0,0,2,1,13,1.0,
202400020594,155 745 502,B01,1.0,2.0,0,2,1,17,1.0,
202400020595,155 745 500,B01,2.0,1.0,0,2,1,1,5.0,
202400020596,155 745 498,B01,2.0,7.0,0,2,3,1,1.0,
202400020597,155 745 496,A01,1.0,7.0,0,2,2,0,1.0,
202400020598,155 745 494,A01,1.0,7.0,0,2,1,1,1.0,
202400020599,155 745 492,B01,2.0,1.0,0,2,3,13,5.0,
202400020600,155 745 491,A01,0.0,2.0,13,0,1,1,1.0,
202400020601,155 745 489,A01,1.0,7.0,13,2,3,13,1.0,
202400020602,155 745 486,C01,2.0,15.0,0,2,7,1,1.0,
202400020603,155 745 484,A01,1.0,7.0,0,2,3,9,1.0,
202400020604,155 745 482,B01,2.0,31.0,0,2,1,1,1.0,
202400020605,155 745 481,A01,1.0,7.0,0,0,9,1,1.0,
202400020606,155 745 480,A01,3.0,33.0,1,0,1,1,1.0,
202400020607,155 745 478,B01,1.0,7.0,3,2,3,1,1.0,
202400020608,155 745 477,A01,3.0,33.0,8,0,1,1,1.0,
202400020609,155 745 474,A01,2.0,33.0,0,2,1,1,1.0,
202400020610,155 745 473,A01,1.0,15.0,0,1,2,1,1.0,
202400020611,155 745 472,A01,3.0,7.0,1,1,1,20,1.0,
202400020612,155 745 471,A01,2.0,7.0,15,9,9,1,1.0,
202400020613,155 745 469,A01,2.0,7.0,0,2,3,10,1.0,
202400020614,155 745 468,A01,1.0,7.0,0,0,1,1,1.0,
202400020615,155 745 467,A01,1.0,7.0,0,1,1,1,1.0,
202400020616,155 745 465,A01,2.0,7.0,0,2,6,1,1.0,
202400020617,155 745 463,A01,1.0,7.0,0,2,1,1,1.0,
202400020618,155 745 461,B01,1.0,7.0,0,2,6,1,1.0,
202400020619,155 745 460,A01,2.0,33.0,0,0,8,1,1.0,
202400020620,155 745 458,A01,2.0,34.0,3,2,8,3,1.0,
202400020621,155 745 456,A01,1.0,10.0,0,2,1,26,1.0,
202400020622,155 745 454,A01,1.0,7.0,0,2,4,1,2.0,
202400020623,155 745 453,A01,1.0,32.0,4,0,1,0,1.0,
202400020624,155 745 451,A01,2.0,7.0,4,2,8,13,1.0,
202400020625,155 745 449,A01,2.0,33.0,0,2,1,2,1.0,
202400020626,155 745 447,A01,1.0,33.0,0,2,1,2,1.0,
202400020627,155 745 445,A01,2.0,7.0,9,2,1,0,1.0,
202400020628,155 745 442,A01,2.0,7.0,4,2,1,1,1.0,
202400020629,155 745 440,A01,2.0,7.0,0,2,6,11,1.0,
202400020630,155 745 432,B01,1.0,7.0,0,2,2,16,1.0,
202400020631,155 745 427,A01,2.0,15.0,0,2,1,2,1.0,
202400020632,155 745 421,A01,3.0,7.0,0,2,1,13,1.0,
202400020633,155 745 423,C01,1.0,7.0,0,2,4,23,1.0,
202400020634,155 745 420,A01,3.0,30.0,0,1,1,21,1.0,
202400020635,155 745 418,A01,3.0,2.0,0,0,7,1,1.0,
202400020636,155 745 416,A01,1.0,10.0,0,9,2,2,1.0,
202400020637,155 745 415,B01,2.0,33.0,0,2,1,1,1.0,
202400020638,155 745 413,A01,3.0,7.0,0,2,2,15,2.0,
202400020639,155 745 410,A01,0.0,7.0,0,2,2,15,1.0,
202400020640,155 745 407,A01,1.0,33.0,0,2,0,3,1.0,
202400020641,155 745 408,A01,3.0,7.0,0,2,3,9,1.0,
202400020642,155 745 405,A01,2.0,2.0,0,2,1,1,1.0,
202400020643,155 745 401,B01,3.0,50.0,0,0,0,0,3.0,
202400020644,155 745 403,A01,1.0,50.0,0,2,1,14,3.0,
202400020645,155 745 400,A01,1.0,34.0,0,1,0,26,1.0,
202400020646,155 745 397,A01,2.0,7.0,0,2,2,15,1.0,
202400020647,155 745 396,A01,3.0,7.0,0,9,3,9,1.0,