Num_Acc,id_vehicule,num_veh,senc,catv,obs,obsm,choc,manv,motor,occutc
202400020648,155 745 394,A01,2.0,7.0,0,2,1,13,1.0,
202400020649,155 745 391,A01,2.0,7.0,0,2,1,15,1.0,
202400020650,155 745 392,A01,1.0,7.0,0,1,1,25,1.0,
202400020651,155 745 389,A01,1.0,7.0,0,1,0,15,1.0,
202400020652,155 745 388,A01,2.0,7.0,0,2,3,16,1.0,
202400020653,155 745 385,A01,1.0,7.0,0,2,1,10,1.0,
202400020654,155 745 384,A01,2.0,7.0,1,0,2,1,1.0,
202400020655,155 745 382,A01,1.0,7.0,0,1,1,1,1.0,
202400020656,155 745 381,A01,3.0,30.0,0,2,3,13,1.0,
202400020657,155 745 379,A01,0.0,10.0,0,1,1,16,1.0,
202400020658,155 745 380,A01,2.0,10.0,1,0,2,14,1.0,
202400020659,155 745 377,B01,0.0,7.0,0,2,1,1,1.0,
202400020660,155 745 375,A01,2.0,7.0,6,0,1,21,1.0,
202400020661,155 745 374,A01,1.0,7.0,0,2,3,15,1.0,
202400020662,155 745 373,A01,1.0,33.0,13,0,3,26,1.0,
202400020663,155 745 372,A01,3.0,7.0,0,1,2,26,1.0,
202400020664,155 745 369,B01,1.0,7.0,0,2,2,19,0.0,
202400020665,155 745 370,A01,2.0,7.0,0,1,1,1,0.0,
202400020666,155 745 368,A01,1.0,30.0,0,0,0,20,1.0,
202400020667,155 745 367,A01,3.0,7.0,0,1,3,15,1.0,
202400020668,155 745 364,A01,2.0,32.0,0,9,1,17,1.0,
202400020669,155 745 365,A01,2.0,30.0,0,0,0,21,1.0,
202400020670,155 745 363,A01,2.0,7.0,8,0,1,0,1.0,
202400020671,155 745 361,A01,1.0,30.0,0,1,1,1,1.0,
202400020672,155 745 360,B01,2.0,7.0,0,2,1,1,2.0,
202400020673,155 745 358,A01,2.0,7.0,0,1,1,1,1.0,
202400020674,155 745 357,A01,3.0,7.0,0,2,8,19,1.0,
202400020675,155 745 354,A01,1.0,7.0,0,2,5,15,1.0,
202400020676,155 745 353,A01,1.0,7.0,0,2,2,9,1.0,
202400020677,155 745 351,A01,2.0,7.0,0,9,4,9,1.0,
202400020678,155 745 349,A01,1.0,7.0,15,0,1,15,1.0,
202400020679,155 745 348,B01,1.0,7.0,14,0,3,1,1.0,
202400020680,155 745 347,A01,1.0,7.0,0,1,2,2,3.0,
202400020681,155 745 346,A01,1.0,7.0,0,1,1,1,1.0,
202400020682,155 745 344,A01,1.0,7.0,0,2,3,9,1.0,
202400020683,155 745 340,A01,1.0,7.0,0,2,3,15,1.0,
202400020684,155 745 341,A01,3.0,7.0,0,2,1,1,1.0,
202400020685,155 745 337,A01,1.0,7.0,0,2,1,26,1.0,
202400020686,155 745 336,A01,0.0,7.0,0,2,3,19,1.0,
202400020687,155 745 335,A01,2.0,7.0,0,0,1,14,1.0,
202400020688,155 745 333,A01,2.0,7.0,3,0,1,2,1.0,
202400020689,155 745 330,A01,0.0,33.0,0,2,1,1,1.0,
202400020690,155 745 331,B01,2.0,2.0,0,2,1,1,1.0,
202400020691,155 745 327,A01,2.0,7.0,0,2,3,9,1.0,
202400020692,155 745 325,A01,1.0,33.0,0,0,0,17,1.0,
202400020693,155 745 326,A01,2.0,10.0,0,2,1,2,1.0,
202400020694,155 745 322,B01,3.0,7.0,0,9,1,24,1.0,
202400020695,155 745 321,B01,3.0,80.0,0,2,1,0,3.0,
202400020696,155 745 319,A01,2.0,7.0,0,2,7,15,1.0,
202400020697,155 745 318,A01,3.0,7.0,0,1,1,1,2.0,
202400020698,155 745 316,B01,1.0,7.0,6,2,4,1,1.0,
202400020699,155 745 314,A01,3.0,0.0,0,2,2,17,1.0,
202400020700,155 745 311,B01,1.0,13.0,0,2,5,23,1.0,
202400020701,155 745 310,A01,3.0,7.0,0,2,1,1,1.0,
202400020702,155 745 308,A01,2.0,31.0,0,2,1,13,1.0,
202400020703,155 745 305,Z01,1.0,7.0,0,2,2,14,3.0,
202400020704,155 745 304,A01,3.0,30.0,0,2,1,1,1.0,
202400020705,155 745 302,A01,2.0,7.0,0,2,8,15,1.0,
202400020706,155 745 300,A01,1.0,7.0,0,2,1,5,1.0,
202400020707,155 745 298,A01,3.0,7.0,0,2,1,13,0.0,
202400020708,155 745 295,A01,3.0,7.0,0,2,3,12,1.0,
202400020709,155 745 294,B01,1.0,1.0,0,0,0,0,5.0,
202400020710,155 745 292,A01,2.0,7.0,0,2,1,23,1.0,
202400020711,155 745 288,C01,2.0,17.0,0,2,1,2,1.0,
202400020712,155 745 287,A01,1.0,7.0,0,2,1,9,2.0,
202400020713,155 745 286,A01,2.0,7.0,1,0,1,19,1.0,
202400020714,155 745 285,A01,1.0,7.0,0,1,1,1,1.0,
202400020715,155 745 284,A01,1.0,7.0,0,1,1,2,0.0,
202400020716,155 745 283,A01,1.0,2.0,0,0,0,1,1.0,
202400020717,155 745 282,A01,1.0,7.0,3,0,0,26,1.0,
202400020718,155 745 278,B01,1.0,7.0,0,2,1,1,1.0,
202400020719,155 745 276,A01,1.0,7.0,0,2,0,15,1.0,
202400020720,155 745 273,A01,3.0,7.0,0,2,3,1,1.0,
202400020721,155 745 272,A01,3.0,2.0,0,2,1,1,1.0,
202400020722,155 745 270,B01,3.0,1.0,0,2,7,19,5.0,
202400020723,155 745 268,A01,2.0,7.0,0,2,1,2,0.0,
202400020724,155 745 266,A01,1.0,33.0,0,2,1,2,1.0,
202400020725,155 745 263,A01,1.0,7.0,0,2,3,15,1.0,
202400020726,155 745 262,A01,2.0,31.0,0,2,1,2,3.0,
202400020727,155 745 261,A01,2.0,33.0,0,1,0,7,1.0,
202400020728,155 745 259,B01,2.0,31.0,0,2,2,1,1.0,
202400020729,155 745 257,B01,1.0,10.0,0,2,0,1,1.0,
202400020730,155 745 255,B01,1.0,10.0,0,2,0,2,1.0,
202400020731,155 745 254,A01,3.0,7.0,6,0,2,1,1.0,
202400020732,155 745 253,A01,2.0,43.0,12,0,7,26,1.0,
202400020733,155 745 252,A01,3.0,7.0,0,1,2,16,1.0,
202400020734,155 745 251,A01,3.0,7.0,0,1,3,15,1.0,
202400020735,155 745 249,A01,1.0,30.0,0,2,1,1,1.0,
202400020736,155 745 245,B01,1.0,2.0,0,2,2,1,1.0,
202400020737,155 745 244,A01,1.0,7.0,0,1,2,1,1.0,
202400020738,155 745 242,A01,3.0,7.0,0,2,2,15,1.0,
202400020739,155 745 238,B01,1.0,50.0,0,2,3,11,3.0,
202400020740,155 745 237,A01,1.0,7.0,4,0,2,1,1.0,
202400020741,155 745 235,B01,2.0,33.0,0,2,8,1,1.0,
202400020742,155 745 234,A01,0.0,7.0,1,0,1,0,1.0,
202400020743,155 745 232,B01,3.0,34.0,0,2,8,1,1.0,
202400020744,155 745 230,A01,2.0,7.0,0,2,2,1,1.0,
202400020745,155 745 228,A01,1.0,30.0,0,2,1,21,1.0,
202400020746,155 745 227,A01,2.0,7.0,15,0,1,1,1.0,
202400020747,155 745 226,A01,1.0,30.0,9,0,1,26,1.0,
202400020748,155 745 225,A01,2.0,7.0,0,1,2,1,1.0,
202400020749,155 745 223,B01,3.0,37.0,0,2,7,1,1.0,1
202400020750,155 745 221,A01,0.0,7.0,0,2,3,1,1.0,
202400020751,155 745 220,A01,2.0,7.0,0,1,4,20,2.0,
202400020752,155 745 219,A01,2.0,7.0,0,1,2,1,2.0,
202400020753,155 745 217,Z01,0.0,32.0,0,2,1,1,1.0,
202400020754,155 745 216,A01,3.0,1.0,12,0,7,1,5.0,
202400020755,155 745 215,A01,3.0,80.0,12,0,1,25,3.0,
202400020756,155 745 212,A01,1.0,7.0,0,2,1,1,2.0,
202400020757,155 745 211,A01,2.0,7.0,0,1,3,15,3.0,
202400020758,155 745 210,A01,1.0,33.0,12,0,1,14,1.0,
202400020759,155 745 208,Z01,2.0,33.0,0,2,2,0,0.0,
202400020760,155 745 206,A01,0.0,1.0,0,2,1,19,5.0,
202400020761,155 745 205,A01,1.0,7.0,0,1,2,19,2.0,
202400020762,155 745 203,A01,1.0,30.0,0,2,2,1,1.0,
202400020763,155 745 201,B01,0.0,33.0,0,2,2,1,1.0,
202400020764,155 745 200,A01,3.0,7.0,1,1,1,2,1.0,
202400020765,155 745 198,B01,1.0,13.0,0,2,0,0,0.0,
202400020766,155 745 196,A01,3.0,2.0,0,2,1,1,1.0,
202400020767,155 745 195,A01,1.0,7.0,0,1,3,26,2.0,
202400020768,155 745 194,A01,2.0,7.0,0,1,1,1,3.0,
202400020769,155 745 193,A01,3.0,7.0,0,1,3,1,1.0,
202400020770,155 745 191,B01,1.0,34.0,0,2,1,1,3.0,
202400020771,155 745 190,A01,2.0,1.0,0,1,8,1,5.0,
202400020772,155 745 188,B01,1.0,7.0,0,2,2,1,1.0,
202400020773,155 745 186,A01,1.0,30.0,0,2,1,2,1.0,
202400020774,155 745 184,B01,0.0,7.0,0,2,1,1,3.0,
202400020775,155 745 182,B01,3.0,50.0,0,0,0,0,3.0,
202400020776,155 745 180,B01,2.0,32.0,0,2,1,1,1.0,
202400020777,155 745 178,A01,1.0,7.0,0,2,4,1,1.0,
202400020778,155 745 177,A01,1.0,7.0,1,0,1,1,1.0,
202400020779,155 745 175,A01,1.0,33.0,0,2,1,3,0.0,
202400020780,155 745 174,A01,2.0,10.0,1,0,2,11,1.0,
202400020781,155 745 173,A01,2.0,7.0,0,1,2,1,1.0,
202400020782,155 745 171,A01,0.0,10.0,7,2,2,9,1.0,
202400020783,155 745 169,A01,1.0,7.0,0,2,6,19,1.0,
202400020784,155 745 167,B01,1.0,7.0,0,0,4,16,1.0,
202400020785,155 745 165,A01,1.0,36.0,0,2,1,17,1.0,
202400020786,155 745 164,A01,2.0,33.0,0,0,8,15,1.0,
202400020787,155 745 161,A01,2.0,7.0,5,0,3,13,1.0,
202400020788,155 745 158,A01,1.0,7.0,2,0,1,1,1.0,
202400020789,155 745 155,A01,1.0,33.0,0,2,9,3,1.0,
202400020790,155 745 154,A01,1.0,31.0,5,0,1,15,1.0,
202400020791,155 745 152,B01,2.0,7.0,2,0,4,2,1.0,
202400020792,155 745 150,A01,2.0,7.0,0,2,2,15,1.0,
202400020793,155 745 148,A01,2.0,3.0,0,2,1,13,1.0,
202400020794,155 745 147,A01,1.0,7.0,17,0,2,1,1.0,
202400020795,155 745 145,A01,2.0,10.0,0,2,1,1,1.0,
202400020796,155 745 143,A01,2.0,7.0,0,2,1,5,0.0,
202400020797,155 745 141,B01,2.0,7.0,0,2,3,19,1.0,
202400020798,155 745 138,A01,2.0,7.0,0,2,3,1,1.0,
202400020799,155 745 136,B01,0.0,7.0,0,2,1,9,1.0,
202400020800,155 745 135,A01,1.0,33.0,4,0,3,13,1.0,
202400020801,155 745 133,B01,0.0,2.0,0,2,8,15,1.0,
202400020802,155 745 132,A01,1.0,7.0,0,0,2,1,2.0,
202400020803,155 745 130,B01,1.0,17.0,0,2,3,1,1.0,
202400020804,155 745 129,A01,2.0,7.0,0,1,4,4,1.0,
202400020805,155 745 128,A01,1.0,7.0,15,0,1,1,1.0,
202400020806,155 745 127,A01,1.0,7.0,8,0,1,1,1.0,
202400020807,155 745 125,B01,2.0,7.0,0,2,1,1,1.0,
202400020808,155 745 124,A01,1.0,31.0,0,0,3,2,1.0,
202400020809,155 745 123,A01,2.0,7.0,0,1,0,2,1.0,
202400020810,155 745 122,A01,2.0,7.0,8,0,9,1,1.0,
202400020811,155 745 120,A01,2.0,7.0,0,2,6,26,1.0,
202400020812,155 745 118,A01,1.0,7.0,0,2,5,16,1.0,
202400020813,155 745 116,B01,1.0,50.0,0,2,1,21,3.0,
202400020814,155 745 113,A01,1.0,7.0,0,2,1,26,1.0,
202400020815,155 745 111,A01,2.0,33.0,0,2,1,13,1.0,
202400020816,155 745 109,B01,1.0,33.0,0,2,1,1,1.0,
202400020817,155 745 107,A01,1.0,31.0,0,2,8,1,1.0,
202400020818,155 745 105,A01,2.0,7.0,0,0,6,1,1.0,
202400020819,155 745 104,A01,2.0,7.0,16,0,9,1,1.0,
202400020820,155 745 103,A01,1.0,10.0,2,0,1,1,1.0,
202400020821,155 745 101,B01,3.0,10.0,0,2,3,26,1.0,
202400020822,155 745 099,A01,2.0,2.0,0,2,2,1,1.0,
202400020823,155 745 097,B01,1.0,1.0,0,0,4,2,5.0,
202400020824,155 745 096,A01,1.0,7.0,8,0,3,13,2.0,
202400020825,155 745 095,A01,1.0,2.0,0,0,7,1,1.0,
202400020826,155 745 094,A01,2.0,7.0,0,1,3,1,2.0,
202400020827,155 745 092,A01,1.0,7.0,2,0,2,1,1.0,
202400020828,155 745 091,A01,2.0,2.0,13,0,0,1,1.0,
202400020829,155 745 090,A01,2.0,7.0,0,1,1,1,1.0,
202400020830,155 745 089,A01,3.0,2.0,12,0,1,1,1.0,
202400020831,155 745 086,B01,2.0,7.0,0,2,4,2,1.0,
202400020832,155 745 083,A01,2.0,7.0,0,2,1,2,1.0,
202400020833,155 745 081,A01,1.0,14.0,0,2,1,1,1.0,
202400020834,155 745 079,A01,1.0,7.0,0,2,1,14,1.0,
202400020835,155 745 078,A01,1.0,7.0,4,0,4,21,1.0,
202400020836,155 745 076,A01,2.0,33.0,0,2,3,3,1.0,
202400020837,155 745 073,B01,2.0,7.0,0,2,2,12,1.0,
202400020838,155 745 071,B01,1.0,7.0,0,2,4,2,1.0,
202400020839,155 745 070,A01,2.0,7.0,4,0,1,2,1.0,
202400020840,155 745 069,A01,2.0,34.0,0,0,0,21,1.0,
202400020841,155 745 067,A01,2.0,7.0,0,2,4,2,1.0,
202400020842,155 745 065,A01,1.0,7.0,0,2,6,11,1.0,
202400020843,155 745 062,A01,1.0,43.0,0,2,8,3,1.0,
202400020844,155 745 060,B01,1.0,7.0,0,2,4,2,3.0,
202400020845,155 745 058,A01,1.0,7.0,0,2,1,1,1.0,
202400020846,155 745 056,A01,2.0,37.0,0,2,2,21,1.0,2
202400020847,155 745 054,B01,2.0,10.0,3,2,2,11,1.0,
202400020848,155 745 053,A01,2.0,7.0,4,0,1,1,1.0,
202400020849,155 745 052,A01,2.0,7.0,4,2,9,1,1.0,
202400020850,155 745 049,A01,2.0,7.0,4,2,4,26,1.0,
202400020851,155 745 048,A01,1.0,37.0,0,1,7,7,1.0,1
202400020852,155 745 046,A01,2.0,1.0,0,2,0,0,5.0,
202400020853,155 745 045,A01,2.0,40.0,0,1,2,1,3.0,
202400020854,155 745 043,A01,2.0,50.0,0,2,2,15,3.0,
202400020855,155 745 041,A01,1.0,50.0,0,2,1,16,3.0,
202400020856,155 745 039,A01,2.0,7.0,0,2,3,13,3.0,
202400020857,155 745 037,A01,2.0,50.0,0,2,1,11,3.0,
202400020858,155 745 035,A01,1.0,7.0,0,0,5,10,1.0,
202400020859,155 745 033,A01,1.0,7.0,0,9,1,15,1.0,
202400020860,155 745 031,A01,1.0,50.0,0,2,1,0,3.0,
202400020861,155 745 028,C01,0.0,10.0,0,0,4,0,1.0,
202400020862,155 745 026,A01,3.0,7.0,0,2,1,2,3.0,
202400020863,155 745 024,A01,1.0,3.0,0,2,1,13,1.0,
202400020864,155 745 022,A01,0.0,33.0,0,2,3,17,1.0,
202400020865,155 745 020,B01,3.0,1.0,0,2,8,1,5.0,
202400020866,155 745 019,A01,1.0,7.0,0,1,2,1,1.0,
202400020867,155 745 017,A01,2.0,2.0,0,2,1,1,1.0,
202400020868,155 745 014,B01,1.0,31.0,0,2,7,1,1.0,
202400020869,155 745 008,B01,2.0,7.0,0,2,1,1,0.0,
202400020870,155 745 002,A01,3.0,7.0,0,2,8,1,1.0,
202400020871,155 745 000,B01,3.0,2.0,0,2,2,1,1.0,
202400020872,155 744 999,A01,0.0,7.0,0,1,1,16,2.0,
202400020873,155 744 997,A01,2.0,7.0,0,2,2,1,1.0,
202400020874,155 744 996,A01,3.0,7.0,1,0,1,1,0.0,
202400020875,155 744 994,B01,2.0,7.0,0,2,3,1,1.0,
202400020876,155 744 992,B01,3.0,10.0,0,2,7,14,0.0,
202400020877,155 744 990,B01,3.0,1.0,0,4,3,9,5.0,
202400020878,155 744 988,B01,3.0,33.0,0,2,1,1,1.0,
202400020879,155 744 986,A01,3.0,30.0,0,2,1,9,1.0,
202400020880,155 744 985,A01,1.0,7.0,0,1,8,1,6.0,
202400020881,155 744 983,A01,1.0,33.0,0,2,1,0,1.0,
202400020882,155 744 978,A01,1.0,10.0,0,2,1,26,1.0,
202400020883,155 744 976,A01,1.0,43.0,0,2,1,0,1.0,
202400020884,155 744 973,C01,1.0,7.0,0,2,4,2,1.0,
202400020885,155 744 972,A01,3.0,7.0,14,1,2,17,1.0,
202400020886,155 744 971,A01,3.0,50.0,14,0,7,1,3.0,
202400020887,155 744 969,A01,1.0,2.0,0,2,1,1,0.0,
202400020888,155 744 967,A01,3.0,7.0,0,2,2,17,1.0,
202400020889,155 744 965,B01,1.0,7.0,0,2,7,1,1.0,
202400020890,155 744 963,A01,3.0,7.0,0,2,2,16,1.0,
202400020891,155 744 961,A01,2.0,10.0,0,2,3,8,3.0,
202400020892,155 744 959,A01,1.0,7.0,0,2,2,1,1.0,
202400020893,155 744 957,A01,1.0,33.0,1,0,1,1,1.0,
202400020894,155 744 954,A01,1.0,7.0,0,2,1,1,1.0,
202400020895,155 744 951,A01,2.0,7.0,0,2,1,1,1.0,
202400020896,155 744 949,A01,1.0,7.0,0,2,1,20,1.0,
202400020897,155 744 948,A01,3.0,33.0,0,0,7,1,1.0,
202400020898,155 744 947,A01,1.0,7.0,0,1,1,15,1.0,
202400020899,155 744 946,A01,3.0,7.0,0,1,1,1,1.0,
202400020900,155 744 944,A01,1.0,33.0,0,2,1,19,1.0,
202400020901,155 744 942,A01,2.0,7.0,0,2,8,9,1.0,
202400020902,155 744 940,B01,1.0,31.0,0,2,1,1,1.0,
202400020903,155 744 938,A01,3.0,7.0,0,2,1,9,1.0,
202400020904,155 744 935,A01,3.0,7.0,0,2,1,2,1.0,
202400020905,155 744 933,A01,2.0,7.0,0,9,1,1,1.0,
202400020906,155 744 932,A01,0.0,7.0,2,0,1,1,1.0,
202400020907,155 744 931,A01,3.0,7.0,0,1,2,16,1.0,
202400020908,155 744 929,A01,2.0,7.0,0,2,3,16,1.0,
202400020909,155 744 928,A01,3.0,99.0,0,1,1,1,3.0,
202400020910,155 744 927,A01,3.0,7.0,6,0,1,26,0.0,
202400020911,155 744 925,A01,2.0,21.0,0,2,2,15,1.0,
202400020912,155 744 924,A01,1.0,37.0,0,1,2,20,1.0,1
202400020913,155 744 922,A01,2.0,7.0,0,2,8,1,1.0,
202400020914,155 744 921,A01,1.0,7.0,0,1,2,1,1.0,
202400020915,155 744 919,A01,1.0,10.0,0,2,1,17,1.0,
202400020916,155 744 917,B01,1.0,41.0,0,2,9,1,1.0,
202400020917,155 744 915,B01,2.0,7.0,0,2,3,26,1.0,
202400020918,155 744 913,A01,2.0,7.0,0,2,0,26,0.0,
202400020919,155 744 912,A01,1.0,7.0,0,1,1,15,1.0,
202400020920,155 744 910,A01,3.0,32.0,0,2,1,1,1.0,
202400020921,155 744 909,A01,1.0,7.0,15,0,2,15,1.0,
202400020922,155 744 905,A01,3.0,7.0,0,2,7,15,1.0,
202400020923,155 744 906,A01,2.0,33.0,0,9,8,1,1.0,
202400020924,155 744 902,B01,1.0,50.0,0,2,1,1,3.0,
202400020925,155 744 900,A01,1.0,7.0,0,1,1,1,1.0,
202400020926,155 744 901,A01,1.0,33.0,0,2,1,3,1.0,
202400020927,155 744 898,B01,3.0,31.0,0,2,1,21,1.0,
202400020928,155 744 896,A01,2.0,30.0,0,2,3,2,1.0,
202400020929,155 744 893,A01,1.0,7.0,0,1,1,15,1.0,
202400020930,155 744 894,A01,2.0,43.0,0,2,1,3,1.0,
202400020931,155 744 890,A01,2.0,7.0,0,2,3,15,1.0,
202400020932,155 744 889,A01,2.0,31.0,0,2,2,3,1.0,
202400020933,155 744 888,A01,1.0,7.0,0,1,2,1,1.0,
202400020934,155 744 887,A01,2.0,7.0,4,0,3,1,1.0,
202400020935,155 744 885,B01,3.0,33.0,0,2,1,1,1.0,
202400020936,155 744 882,B01,2.0,50.0,0,2,1,1,3.0,
202400020937,155 744 880,A01,3.0,7.0,8,0,1,14,2.0,
202400020938,155 744 881,B01,3.0,10.0,0,2,0,0,1.0,
202400020939,155 744 878,B01,2.0,1.0,0,2,4,1,5.0,
202400020940,155 744 873,A01,1.0,7.0,0,2,3,23,1.0,
202400020941,155 744 872,A01,3.0,7.0,0,2,9,5,1.0,
202400020942,155 744 870,B01,3.0,7.0,0,2,6,0,1.0,
202400020943,155 744 869,A01,2.0,7.0,2,0,1,2,1.0,
202400020944,155 744 865,A01,0.0,7.0,0,2,1,1,1.0,
202400020945,155 744 866,A01,3.0,40.0,0,2,2,1,6.0,
202400020946,155 744 863,B01,1.0,7.0,0,2,3,15,1.0,
202400020947,155 744 859,A01,2.0,7.0,0,2,1,2,1.0,
202400020948,155 744 857,A01,1.0,33.0,0,2,8,13,1.0,
202400020949,155 744 855,A01,2.0,7.0,0,2,0,1,1.0,
202400020950,155 744 853,A01,3.0,30.0,0,0,0,1,1.0,
202400020951,155 744 852,A01,1.0,10.0,0,2,6,2,1.0,
202400020952,155 744 851,A01,2.0,1.0,1,0,1,1,5.0,
202400020953,155 744 848,Z01,1.0,7.0,0,9,3,15,0.0,
202400020954,155 744 846,A01,1.0,10.0,0,2,4,12,1.0,
202400020955,155 744 844,A01,3.0,7.0,1,0,0,14,3.0,
202400020956,155 744 843,A01,2.0,7.0,6,0,1,1,1.0,
202400020957,155 744 842,B01,2.0,1.0,0,2,8,1,5.0,
202400020958,155 744 841,A01,2.0,7.0,13,0,1,1,1.0,
202400020959,155 744 840,A01,1.0,2.0,0,1,1,1,3.0,
202400020960,155 744 838,A01,1.0,30.0,0,2,1,2,1.0,
202400020961,155 744 836,A01,0.0,7.0,0,1,4,4,1.0,
202400020962,155 744 837,A01,2.0,2.0,0,0,0,16,1.0,
202400020963,155 744 831,A01,1.0,7.0,0,2,7,15,1.0,
202400020964,155 744 830,A01,2.0,7.0,0,2,8,24,2.0,
202400020965,155 744 826,Z01,3.0,7.0,0,2,0,0,0.0,
202400020966,155 744 827,A01,1.0,7.0,0,1,7,26,1.0,
202400020967,155 744 824,A01,1.0,7.0,9,0,2,19,1.0,
202400020968,155 744 823,A01,3.0,33.0,13,0,2,26,1.0,
202400020969,155 744 821,A01,3.0,7.0,0,2,1,0,1.0,
202400020970,155 744 819,A01,2.0,7.0,1,1,1,1,1.0,
202400020971,155 744 818,A01,1.0,33.0,0,2,1,7,1.0,
202400020972,155 744 816,A01,0.0,7.0,0,1,1,26,1.0,
202400020973,155 744 815,A01,3.0,7.0,0,2,0,2,1.0,
202400020974,155 744 814,A01,1.0,7.0,0,1,4,4,2.0,
202400020975,155 744 813,A01,1.0,7.0,9,0,1,1,1.0,
202400020976,155 744 811,A01,1.0,32.0,0,0,7,2,1.0,
202400020977,155 744 809,A01,3.0,7.0,0,1,3,26,0.0,
202400020978,155 744 808,B01,1.0,7.0,0,2,4,2,1.0,
202400020979,155 744 804,B01,1.0,7.0,0,2,2,15,1.0,
202400020980,155 744 800,C01,1.0,7.0,0,2,1,1,1.0,
202400020981,155 744 801,A01,2.0,33.0,0,2,1,26,1.0,
202400020982,155 744 799,A01,1.0,7.0,0,1,3,15,1.0,
202400020983,155 744 798,A01,1.0,10.0,0,1,1,16,1.0,
202400020984,155 744 797,A01,3.0,7.0,0,1,1,15,3.0,
202400020985,155 744 793,A01,3.0,32.0,0,2,1,0,1.0,
202400020986,155 744 791,A01,1.0,7.0,0,2,6,10,1.0,
202400020987,155 744 792,A01,1.0,7.0,0,2,2,1,1.0,
202400020988,155 744 788,A01,2.0,7.0,0,2,2,1,1.0,
202400020989,155 744 787,A01,1.0,33.0,0,2,1,1,1.0,
202400020990,155 744 786,A01,3.0,7.0,0,2,3,1,1.0,
202400020991,155 744 785,A01,0.0,7.0,0,1,1,19,1.0,
202400020992,155 744 783,Z01,2.0,1.0,0,1,1,1,5.0,
202400020993,155 744 782,A01,0.0,31.0,0,2,1,0,1.0,
202400020994,155 744 779,A01,1.0,7.0,1,0,3,13,2.0,
202400020995,155 744 778,A01,1.0,1.0,0,2,1,1,5.0,
202400020996,155 744 776,C01,2.0,33.0,0,2,4,21,1.0,
202400020997,155 744 773,A01,3.0,7.0,4,2,9,18,1.0,
202400020998,155 744 772,A01,2.0,10.0,0,2,5,1,1.0,
202400020999,155 744 769,B01,1.0,34.0,0,0,7,1,1.0,
202400021000,155 744 768,B01,1.0,7.0,0,2,3,23,1.0,
202400021001,155 744 767,A01,1.0,7.0,0,0,0,0,1.0,
202400021002,155 744 765,A01,2.0,7.0,0,1,3,16,1.0,
202400021003,155 744 764,A01,2.0,7.0,0,2,3,19,2.0,
202400021004,155 744 763,A01,2.0,7.0,14,0,3,13,1.0,
202400021005,155 744 762,A01,3.0,10.0,5,0,3,1,1.0,
202400021006,155 744 758,A01,1.0,7.0,0,0,3,1,1.0,
202400021007,155 744 759,A01,1.0,33.0,0,2,1,17,1.0,
202400021008,155 744 757,A01,1.0,50.0,9,0,1,25,3.0,
202400021009,155 744 756,A01,3.0,7.0,0,1,3,20,1.0,
202400021010,155 744 754,A01,2.0,7.0,0,2,3,15,1.0,
202400021011,155 744 753,A01,1.0,10.0,0,1,4,26,1.0,
202400021012,155 744 751,B01,2.0,2.0,0,2,2,1,1.0,
202400021013,155 744 749,A01,2.0,7.0,0,2,1,13,1.0,
202400021014,155 744 748,A01,2.0,7.0,0,1,1,16,1.0,
202400021015,155 744 744,A01,2.0,7.0,0,2,4,2,0.0,
202400021016,155 744 742,A01,0.0,33.0,0,0,0,0,1.0,
202400021017,155 744 743,A01,3.0,30.0,0,0,0,1,3.0,
202400021018,155 744 739,B01,1.0,7.0,0,2,1,21,0.0,
202400021019,155 744 737,A01,2.0,33.0,12,2,2,26,1.0,
202400021020,155 744 736,A01,1.0,7.0,2,0,1,1,1.0,
202400021021,155 744 734,A01,2.0,7.0,6,0,2,1,1.0,
202400021022,155 744 733,A01,1.0,1.0,0,2,1,13,5.0,
202400021023,155 744 732,A01,1.0,7.0,1,1,2,15,1.0,
202400021024,155 744 730,A01,1.0,7.0,2,9,9,14,1.0,
202400021025,155 744 728,B01,3.0,10.0,0,2,6,24,1.0,
202400021026,155 744 727,A01,2.0,7.0,0,2,4,4,1.0,
202400021027,155 744 724,A01,0.0,1.0,0,0,0,0,5.0,
202400021028,155 744 723,Z01,2.0,1.0,0,1,4,19,5.0,
202400021029,155 744 722,A01,1.0,2.0,0,2,1,15,1.0,
202400021030,155 744 720,A01,1.0,7.0,0,2,3,1,1.0,
202400021031,155 744 718,A01,3.0,7.0,8,0,1,15,1.0,
202400021032,155 744 719,A01,1.0,7.0,14,0,2,1,1.0,
202400021033,155 744 717,A01,1.0,7.0,0,1,2,26,1.0,
202400021034,155 744 715,A01,1.0,7.0,0,1,2,1,1.0,
202400021035,155 744 713,A01,1.0,10.0,0,2,3,15,1.0,
202400021036,155 744 712,A01,1.0,7.0,0,2,3,15,1.0,
202400021037,155 744 710,B01,2.0,7.0,0,2,1,2,1.0,
202400021038,155 744 708,A01,2.0,7.0,9,1,1,15,1.0,
202400021039,155 744 707,A01,2.0,10.0,0,2,1,2,1.0,
202400021040,155 744 706,A01,3.0,7.0,0,1,2,1,1.0,
202400021041,155 744 703,B01,3.0,7.0,0,2,1,1,1.0,
202400021042,155 744 702,A01,2.0,1.0,0,2,1,1,5.0,
202400021043,155 744 701,A01,0.0,7.0,0,1,2,1,1.0,
202400021044,155 744 699,A01,1.0,7.0,1,2,1,1,1.0,