Num_Acc,id_vehicule,num_veh,senc,catv,obs,obsm,choc,manv,motor,occutc
202400021045,155 744 697,A01,1.0,7.0,2,0,1,1,1.0,
202400021046,155 744 696,A01,1.0,33.0,0,2,1,1,1.0,
202400021047,155 744 694,A01,1.0,33.0,0,2,0,0,1.0,
202400021048,155 744 693,A01,2.0,7.0,8,6,8,1,1.0,
202400021049,155 744 692,A01,1.0,99.0,0,0,0,21,5.0,
202400021050,155 744 691,A01,2.0,7.0,9,0,1,1,1.0,
202400021051,155 744 688,A01,1.0,7.0,0,2,2,1,1.0,
202400021052,155 744 687,A01,2.0,1.0,0,2,7,17,5.0,
202400021053,155 744 685,A01,2.0,7.0,1,0,2,2,1.0,
202400021054,155 744 684,A01,2.0,2.0,0,0,7,1,1.0,
202400021055,155 744 682,A01,1.0,30.0,0,2,2,12,1.0,
202400021056,155 744 681,A01,2.0,7.0,3,0,1,14,1.0,
202400021057,155 744 680,A01,1.0,7.0,13,0,0,21,1.0,
202400021058,155 744 679,A01,0.0,7.0,0,1,1,26,1.0,
202400021059,155 744 678,A01,1.0,10.0,0,1,1,15,3.0,
202400021060,155 744 677,A01,3.0,31.0,0,0,0,1,1.0,
202400021061,155 744 673,B01,1.0,1.0,0,2,3,18,5.0,
202400021062,155 744 672,A01,1.0,33.0,0,2,1,17,1.0,
202400021063,155 744 671,A01,1.0,7.0,0,2,3,11,1.0,
202400021064,155 744 668,A01,1.0,7.0,3,0,1,1,1.0,
202400021065,155 744 667,A01,1.0,2.0,0,2,2,1,1.0,
202400021066,155 744 662,B01,2.0,7.0,0,2,1,1,1.0,
202400021067,155 744 661,B01,1.0,1.0,0,2,7,1,5.0,
202400021068,155 744 660,A01,2.0,7.0,0,2,3,19,1.0,
202400021069,155 744 659,A01,2.0,7.0,0,0,0,1,6.0,
202400021070,155 744 657,Z01,3.0,0.0,0,1,0,2,0.0,
202400021071,155 744 655,A01,1.0,7.0,0,2,3,17,1.0,
202400021072,155 744 654,A01,1.0,7.0,0,2,7,12,1.0,
202400021073,155 744 652,A01,3.0,31.0,2,0,1,1,1.0,
202400021074,155 744 651,A01,1.0,33.0,0,0,8,1,1.0,
202400021075,155 744 650,B01,3.0,7.0,0,2,8,11,1.0,
202400021076,155 744 649,A01,0.0,7.0,0,9,2,0,1.0,
202400021077,155 744 647,A01,2.0,7.0,2,0,2,1,1.0,
202400021078,155 744 646,A01,1.0,7.0,0,2,8,15,1.0,
202400021079,155 744 644,A01,2.0,7.0,0,2,1,6,1.0,
202400021080,155 744 641,A01,2.0,7.0,0,2,1,1,1.0,
202400021081,155 744 640,A01,1.0,33.0,13,0,0,1,1.0,
202400021082,155 744 639,A01,2.0,7.0,0,2,3,1,1.0,
202400021083,155 744 637,B01,1.0,10.0,0,2,3,1,1.0,
202400021084,155 744 636,A01,1.0,7.0,2,0,7,1,1.0,
202400021085,155 744 635,A01,2.0,15.0,0,1,7,1,1.0,
202400021086,155 744 634,A01,1.0,10.0,2,0,1,13,1.0,
202400021087,155 744 631,A01,1.0,21.0,0,2,3,5,1.0,
202400021088,155 744 630,A01,1.0,7.0,2,0,1,0,0.0,
202400021089,155 744 629,A01,2.0,7.0,0,2,1,11,1.0,
202400021090,155 744 625,A01,1.0,7.0,0,2,3,1,1.0,
202400021091,155 744 624,A01,0.0,7.0,0,2,3,15,3.0,
202400021092,155 744 623,A01,3.0,2.0,0,2,5,19,1.0,
202400021093,155 744 619,B01,3.0,7.0,0,2,3,13,1.0,
202400021094,155 744 618,B01,0.0,99.0,0,2,8,9,0.0,
202400021095,155 744 615,B01,2.0,10.0,0,2,1,1,1.0,
202400021096,155 744 614,A01,2.0,2.0,0,2,1,1,1.0,
202400021097,155 744 612,A01,1.0,7.0,0,2,4,1,1.0,
202400021098,155 744 611,A01,3.0,7.0,2,0,3,1,1.0,
202400021099,155 744 608,A01,1.0,36.0,15,0,1,1,1.0,
202400021100,155 744 607,A01,2.0,32.0,0,1,1,21,1.0,
202400021101,155 744 606,A01,3.0,7.0,13,0,1,0,1.0,
202400021102,155 744 605,A01,1.0,7.0,0,2,8,9,1.0,
202400021103,155 744 600,A01,2.0,7.0,0,2,3,13,1.0,
202400021104,155 744 601,A01,2.0,33.0,0,2,5,17,1.0,
202400021105,155 744 603,A01,1.0,7.0,0,1,1,16,2.0,
202400021106,155 744 595,A01,1.0,7.0,0,9,8,9,2.0,
202400021107,155 744 596,A01,2.0,7.0,0,0,1,0,1.0,
202400021108,155 744 594,A01,2.0,7.0,0,9,1,5,2.0,
202400021109,155 744 592,A01,1.0,7.0,6,0,1,1,6.0,
202400021110,155 744 591,A01,2.0,7.0,0,2,1,15,1.0,
202400021111,155 744 589,B01,1.0,7.0,0,2,7,0,1.0,
202400021112,155 744 588,A01,2.0,33.0,0,0,0,1,1.0,
202400021113,155 744 587,A01,1.0,7.0,6,0,0,0,1.0,
202400021114,155 744 584,A01,1.0,7.0,0,2,2,9,1.0,
202400021115,155 744 581,A01,2.0,10.0,0,2,2,2,1.0,
202400021116,155 744 582,B01,3.0,50.0,0,2,2,15,3.0,
202400021117,155 744 580,A01,1.0,7.0,6,0,1,1,1.0,
202400021118,155 744 578,A01,1.0,7.0,0,2,7,1,1.0,
202400021119,155 744 576,A01,2.0,38.0,2,0,7,1,1.0,7
202400021120,155 744 575,A01,2.0,31.0,0,2,1,2,1.0,
202400021121,155 744 571,A01,1.0,7.0,0,2,1,13,1.0,
202400021122,155 744 570,B01,2.0,7.0,0,0,4,1,1.0,
202400021123,155 744 572,A01,1.0,7.0,0,1,2,16,1.0,
202400021124,155 744 569,A01,1.0,14.0,0,1,1,1,1.0,
202400021125,155 744 568,A01,1.0,7.0,13,0,1,1,1.0,
202400021126,155 744 566,A01,2.0,7.0,0,6,1,1,1.0,
202400021127,155 744 564,B01,1.0,32.0,0,0,4,16,1.0,
202400021128,155 744 563,B01,1.0,80.0,0,2,2,1,3.0,
202400021129,155 744 560,A01,1.0,33.0,13,0,0,1,1.0,
202400021130,155 744 559,B01,2.0,7.0,0,2,2,15,3.0,
202400021131,155 744 557,A01,1.0,33.0,0,6,0,21,1.0,
202400021132,155 744 555,A01,2.0,33.0,0,2,1,13,1.0,
202400021133,155 744 554,A01,0.0,34.0,0,2,1,1,1.0,
202400021134,155 744 553,A01,3.0,2.0,13,0,2,1,1.0,
202400021135,155 744 552,A01,2.0,7.0,4,0,2,1,1.0,
202400021136,155 744 548,A01,1.0,32.0,0,2,1,17,1.0,
202400021137,155 744 549,B01,3.0,31.0,1,0,2,21,1.0,
202400021138,155 744 546,A01,2.0,7.0,0,2,1,12,1.0,
202400021139,155 744 544,A01,3.0,7.0,0,0,0,1,1.0,
202400021140,155 744 542,A01,2.0,10.0,1,0,8,4,3.0,
202400021141,155 744 540,A01,1.0,32.0,0,2,1,1,1.0,
202400021142,155 744 537,A01,1.0,7.0,0,2,6,19,1.0,
202400021143,155 744 535,B01,3.0,1.0,0,2,2,1,5.0,
202400021144,155 744 536,A01,1.0,7.0,3,0,0,14,1.0,
202400021145,155 744 534,A01,0.0,32.0,0,0,0,1,0.0,
202400021146,155 744 530,A01,3.0,10.0,0,2,2,17,1.0,
202400021147,155 744 531,A01,1.0,10.0,0,2,2,16,1.0,
202400021148,155 744 528,A01,1.0,31.0,0,2,1,0,6.0,
202400021149,155 744 526,A01,1.0,7.0,13,0,2,14,1.0,
202400021150,155 744 525,A01,3.0,7.0,0,2,2,14,1.0,
202400021151,155 744 523,B01,2.0,50.0,0,2,3,15,3.0,
202400021152,155 744 522,A01,3.0,7.0,8,0,1,0,1.0,
202400021153,155 744 521,A01,3.0,7.0,0,1,1,26,2.0,
202400021154,155 744 518,A01,3.0,7.0,0,0,0,0,0.0,
202400021155,155 744 517,A01,2.0,7.0,6,0,2,2,1.0,
202400021156,155 744 516,A01,3.0,7.0,0,2,1,17,1.0,
202400021157,155 744 514,A01,2.0,33.0,3,0,0,1,1.0,
202400021158,155 744 512,A01,1.0,10.0,0,2,1,5,1.0,
202400021159,155 744 511,B01,1.0,10.0,0,9,1,15,1.0,
202400021160,155 744 510,A01,2.0,7.0,2,0,6,14,1.0,
202400021161,155 744 509,A01,1.0,7.0,0,0,0,1,1.0,
202400021162,155 744 507,A01,2.0,33.0,8,0,0,1,1.0,
202400021163,155 744 506,A01,3.0,7.0,0,2,3,16,1.0,
202400021164,155 744 505,B01,1.0,15.0,1,1,2,1,1.0,
202400021165,155 744 504,A01,2.0,7.0,0,1,1,0,1.0,
202400021166,155 744 501,A01,2.0,7.0,0,2,3,10,1.0,
202400021167,155 744 500,A01,1.0,7.0,0,0,6,15,1.0,
202400021168,155 744 496,B01,1.0,7.0,16,0,6,1,1.0,
202400021169,155 744 495,A01,3.0,7.0,0,2,1,13,1.0,
202400021170,155 744 492,A01,3.0,7.0,0,2,3,1,1.0,
202400021171,155 744 493,A01,0.0,2.0,6,0,0,1,1.0,
202400021172,155 744 490,A01,2.0,7.0,0,0,0,0,1.0,
202400021173,155 744 491,A01,2.0,7.0,16,0,9,17,1.0,
202400021174,155 744 486,A01,1.0,33.0,15,0,1,13,1.0,
202400021175,155 744 485,A01,3.0,7.0,13,2,1,2,2.0,
202400021176,155 744 484,B01,2.0,32.0,0,2,3,13,1.0,
202400021177,155 744 483,A01,2.0,21.0,1,0,7,1,1.0,
202400021178,155 744 480,B01,2.0,1.0,0,2,4,13,5.0,
202400021179,155 744 479,A01,1.0,32.0,0,2,1,1,1.0,
202400021180,155 744 474,A01,2.0,7.0,0,2,3,13,1.0,
202400021181,155 744 473,C01,2.0,7.0,0,0,3,23,1.0,
202400021182,155 744 472,A01,2.0,7.0,0,2,8,13,1.0,
202400021183,155 744 470,A01,1.0,7.0,0,0,3,1,1.0,
202400021184,155 744 468,A01,1.0,7.0,0,0,9,17,1.0,
202400021185,155 744 466,A01,2.0,7.0,0,2,1,15,1.0,
202400021186,155 744 463,B01,1.0,7.0,13,2,3,1,1.0,
202400021187,155 744 462,A01,1.0,0.0,0,1,0,0,0.0,
202400021188,155 744 459,A01,2.0,33.0,0,2,1,1,1.0,
202400021189,155 744 458,A01,2.0,7.0,13,0,1,26,1.0,
202400021190,155 744 457,A01,1.0,7.0,0,1,1,1,1.0,
202400021191,155 744 456,A01,1.0,7.0,0,9,2,14,1.0,
202400021192,155 744 454,A01,3.0,7.0,6,0,3,1,1.0,
202400021193,155 744 453,A01,1.0,31.0,0,2,1,1,1.0,
202400021194,155 744 452,A01,2.0,7.0,0,0,9,0,1.0,
202400021195,155 744 451,A01,1.0,33.0,8,0,7,1,1.0,
202400021196,155 744 448,A01,1.0,7.0,3,0,3,13,1.0,
202400021197,155 744 449,A01,1.0,2.0,0,2,1,1,1.0,
202400021198,155 744 445,A01,2.0,7.0,6,2,4,1,1.0,
202400021199,155 744 444,A01,2.0,7.0,2,0,3,13,1.0,
202400021200,155 744 446,A01,1.0,7.0,0,2,5,15,1.0,
202400021201,155 744 443,A01,1.0,7.0,16,0,1,16,1.0,
202400021202,155 744 440,B01,2.0,7.0,0,2,1,1,1.0,
202400021203,155 744 439,B01,1.0,7.0,0,2,3,9,1.0,
202400021204,155 744 433,A01,2.0,7.0,0,2,1,2,1.0,
202400021205,155 744 434,A01,3.0,7.0,0,2,7,15,0.0,
202400021206,155 744 430,B01,2.0,7.0,0,2,1,1,1.0,
202400021207,155 744 428,A01,2.0,33.0,0,2,1,1,1.0,
202400021208,155 744 424,A01,1.0,1.0,0,2,4,1,5.0,
202400021209,155 744 422,A01,3.0,7.0,0,1,1,1,1.0,
202400021210,155 744 421,B01,2.0,7.0,0,2,1,1,1.0,
202400021211,155 744 419,A01,1.0,7.0,15,0,3,1,1.0,
202400021212,155 744 418,Z01,2.0,7.0,0,1,9,19,0.0,
202400021213,155 744 417,A01,2.0,7.0,2,2,7,14,1.0,
202400021214,155 744 416,A01,2.0,7.0,2,0,1,1,1.0,
202400021215,155 744 415,A01,3.0,1.0,15,0,1,1,5.0,
202400021216,155 744 414,A01,2.0,7.0,6,0,1,14,1.0,
202400021217,155 744 411,B01,2.0,7.0,13,2,3,13,1.0,
202400021218,155 744 410,A01,2.0,7.0,0,2,1,15,1.0,
202400021219,155 744 406,B01,2.0,7.0,0,2,4,1,1.0,
202400021220,155 744 405,A01,1.0,7.0,0,2,0,0,1.0,
202400021221,155 744 404,A01,1.0,33.0,6,0,1,13,1.0,
202400021222,155 744 401,A01,1.0,50.0,0,0,0,0,3.0,
202400021223,155 744 399,B01,2.0,7.0,0,2,6,1,1.0,
202400021224,155 744 398,A01,2.0,10.0,0,2,3,1,1.0,
202400021225,155 744 396,A01,1.0,7.0,0,1,7,1,1.0,
202400021226,155 744 397,A01,1.0,7.0,0,1,2,1,1.0,
202400021227,155 744 393,A01,1.0,1.0,14,0,0,16,5.0,
202400021228,155 744 392,A01,2.0,33.0,0,2,1,5,1.0,
202400021229,155 744 391,A01,3.0,30.0,0,2,2,15,1.0,
202400021230,155 744 389,A01,1.0,7.0,13,0,1,26,1.0,
202400021231,155 744 390,A01,1.0,7.0,0,1,1,26,1.0,
202400021232,155 744 388,A01,0.0,99.0,8,0,1,1,1.0,
202400021233,155 744 385,A01,1.0,10.0,0,2,4,1,1.0,
202400021234,155 744 383,A01,2.0,7.0,2,0,1,1,2.0,
202400021235,155 744 384,B01,1.0,2.0,0,2,4,15,1.0,
202400021236,155 744 382,A01,2.0,33.0,0,1,2,21,1.0,
202400021237,155 744 380,A01,1.0,7.0,13,0,1,1,1.0,
202400021238,155 744 379,A01,2.0,7.0,0,2,4,2,1.0,
202400021239,155 744 375,A01,1.0,30.0,0,2,4,14,1.0,
202400021240,155 744 374,B01,3.0,2.0,0,2,2,19,1.0,
202400021241,155 744 372,A01,2.0,7.0,0,0,4,2,3.0,
202400021242,155 744 370,A01,2.0,10.0,0,0,9,13,1.0,
202400021243,155 744 369,A01,1.0,7.0,0,2,7,15,1.0,
202400021244,155 744 368,A01,1.0,31.0,0,0,9,1,1.0,
202400021245,155 744 364,A01,1.0,7.0,0,2,1,2,1.0,
202400021246,155 744 362,B01,1.0,7.0,0,2,5,1,1.0,
202400021247,155 744 363,A01,2.0,7.0,0,2,3,1,1.0,
202400021248,155 744 361,A01,2.0,31.0,8,0,1,1,1.0,
202400021249,155 744 359,A01,0.0,7.0,12,0,1,1,1.0,
202400021250,155 744 358,A01,2.0,7.0,0,0,6,2,1.0,
202400021251,155 744 356,A01,1.0,30.0,13,0,0,2,1.0,
202400021252,155 744 354,A01,3.0,33.0,0,0,0,0,1.0,
202400021253,155 744 352,A01,1.0,7.0,5,0,0,13,1.0,
202400021254,155 744 350,A01,2.0,33.0,0,2,1,2,1.0,
202400021255,155 744 349,B01,2.0,7.0,0,2,1,15,1.0,
202400021256,155 744 346,A01,2.0,7.0,0,2,1,13,1.0,
202400021257,155 744 345,A01,1.0,43.0,0,2,0,9,1.0,
202400021258,155 744 343,B01,1.0,10.0,0,2,1,1,1.0,
202400021259,155 744 342,A01,1.0,7.0,0,1,0,0,2.0,
202400021260,155 744 340,B01,1.0,31.0,0,2,1,1,1.0,
202400021261,155 744 335,B01,1.0,7.0,0,2,4,2,1.0,
202400021262,155 744 336,B01,1.0,7.0,0,2,4,2,1.0,
202400021263,155 744 333,A01,2.0,7.0,0,2,1,26,1.0,
202400021264,155 744 332,A01,2.0,7.0,0,2,4,2,1.0,
202400021265,155 744 330,B01,2.0,7.0,0,2,3,15,1.0,
202400021266,155 744 326,A01,2.0,7.0,0,2,3,1,1.0,
202400021267,155 744 327,B01,2.0,1.0,0,2,1,1,5.0,
202400021268,155 744 324,A01,1.0,7.0,0,2,3,1,1.0,
202400021269,155 744 323,A01,1.0,7.0,9,0,1,1,1.0,
202400021270,155 744 322,A01,2.0,7.0,2,0,1,2,1.0,
202400021271,155 744 321,A01,1.0,7.0,0,1,2,1,1.0,
202400021272,155 744 320,A01,1.0,7.0,0,9,3,1,1.0,
202400021273,155 744 319,A01,3.0,7.0,0,1,3,1,1.0,
202400021274,155 744 317,A01,1.0,7.0,4,0,3,1,1.0,
202400021275,155 744 316,Y01,2.0,33.0,15,2,1,1,1.0,
202400021276,155 744 314,A01,1.0,2.0,0,9,1,13,1.0,
202400021277,155 744 313,A01,1.0,7.0,0,2,1,2,1.0,
202400021278,155 744 312,A01,3.0,7.0,12,0,2,1,2.0,
202400021279,155 744 309,B01,1.0,1.0,0,2,1,1,5.0,
202400021280,155 744 307,A01,2.0,33.0,0,2,1,18,1.0,
202400021281,155 744 306,B01,3.0,7.0,0,2,1,1,1.0,
202400021282,155 744 305,A01,1.0,10.0,6,0,1,1,1.0,
202400021283,155 744 304,A01,3.0,7.0,2,0,1,14,2.0,
202400021284,155 744 301,A01,3.0,50.0,0,2,1,13,3.0,
202400021285,155 744 300,A01,2.0,7.0,1,0,1,13,3.0,
202400021286,155 744 299,A01,1.0,7.0,0,2,4,23,1.0,
202400021287,155 744 296,A01,2.0,7.0,4,0,3,0,1.0,
202400021288,155 744 294,B01,2.0,7.0,0,2,1,1,1.0,
202400021289,155 744 295,A01,2.0,7.0,0,2,1,2,1.0,
202400021290,155 744 290,A01,2.0,10.0,0,2,5,14,1.0,
202400021291,155 744 289,A01,1.0,33.0,0,2,6,11,1.0,
202400021292,155 744 288,A01,2.0,7.0,0,2,1,15,1.0,
202400021293,155 744 284,A01,2.0,7.0,0,2,1,1,1.0,
202400021294,155 744 285,B01,2.0,1.0,0,2,1,0,5.0,
202400021295,155 744 282,A01,1.0,7.0,0,2,1,2,1.0,
202400021296,155 744 280,A01,2.0,7.0,1,1,3,17,2.0,
202400021297,155 744 279,A01,1.0,7.0,0,2,1,1,1.0,
202400021298,155 744 278,A01,1.0,7.0,2,0,1,1,6.0,
202400021299,155 744 277,A01,2.0,33.0,0,0,1,3,1.0,
202400021300,155 744 275,B01,0.0,2.0,0,2,2,17,1.0,
202400021301,155 744 272,A01,2.0,7.0,0,2,2,11,1.0,
202400021302,155 744 266,A01,2.0,33.0,0,2,2,1,1.0,
202400021303,155 744 265,A01,2.0,32.0,0,2,1,1,1.0,
202400021304,155 744 264,B01,1.0,7.0,0,2,8,15,1.0,
202400021305,155 744 262,A01,1.0,7.0,12,1,3,1,1.0,
202400021306,155 744 261,B01,1.0,7.0,0,2,5,12,1.0,
202400021307,155 744 256,A01,0.0,33.0,14,2,8,19,1.0,
202400021308,155 744 253,C01,2.0,7.0,0,2,4,2,1.0,
202400021309,155 744 251,A01,1.0,7.0,0,2,3,15,1.0,
202400021310,155 744 248,B01,1.0,50.0,0,2,1,1,3.0,
202400021311,155 744 245,A01,2.0,10.0,0,2,4,1,1.0,
202400021312,155 744 244,A01,3.0,7.0,0,1,1,26,1.0,
202400021313,155 744 243,A01,3.0,7.0,0,2,1,1,1.0,
202400021314,155 744 241,B01,2.0,10.0,0,2,1,2,1.0,
202400021315,155 744 239,A01,2.0,10.0,0,2,2,16,1.0,
202400021316,155 744 237,A01,2.0,7.0,0,2,1,1,1.0,
202400021317,155 744 236,A01,2.0,1.0,0,0,0,1,5.0,
202400021318,155 744 233,A01,1.0,34.0,0,2,1,1,1.0,
202400021319,155 744 232,B01,3.0,7.0,0,2,1,13,1.0,
202400021320,155 744 231,A01,3.0,50.0,0,0,0,26,3.0,
202400021321,155 744 230,A01,3.0,50.0,8,1,1,25,3.0,
202400021322,155 744 229,A01,1.0,1.0,0,1,0,0,5.0,
202400021323,155 744 228,A01,2.0,7.0,0,0,9,0,1.0,
202400021324,155 744 227,A01,1.0,7.0,3,0,1,21,1.0,
202400021325,155 744 224,B01,2.0,7.0,0,9,4,2,1.0,
202400021326,155 744 223,A01,3.0,1.0,0,0,1,15,5.0,
202400021327,155 744 221,A01,1.0,33.0,0,0,0,1,1.0,
202400021328,155 744 220,B01,2.0,33.0,0,2,7,1,1.0,
202400021329,155 744 219,B01,1.0,33.0,0,2,1,1,1.0,
202400021330,155 744 218,A01,1.0,7.0,13,0,1,2,1.0,
202400021331,155 744 217,A01,3.0,7.0,0,2,1,24,1.0,
202400021332,155 744 214,A01,2.0,7.0,0,2,3,1,1.0,
202400021333,155 744 212,A01,1.0,7.0,0,2,2,15,1.0,
202400021334,155 744 211,A01,3.0,7.0,0,2,2,10,1.0,
202400021335,155 744 207,A01,1.0,10.0,0,1,2,1,1.0,
202400021336,155 744 206,A01,1.0,7.0,0,2,7,13,1.0,
202400021337,155 744 205,A01,3.0,0.0,0,0,0,15,0.0,
202400021338,155 744 202,A01,1.0,10.0,0,2,3,0,1.0,
202400021339,155 744 201,B01,1.0,33.0,0,2,1,1,1.0,
202400021340,155 744 200,A01,1.0,7.0,13,0,1,1,2.0,
202400021341,155 744 198,A01,1.0,7.0,0,1,0,0,0.0,
202400021342,155 744 195,A01,3.0,50.0,0,2,8,19,3.0,
202400021343,155 744 196,A01,1.0,7.0,0,2,5,16,1.0,
202400021344,155 744 192,B01,3.0,34.0,0,2,5,1,0.0,
202400021345,155 744 189,B01,3.0,33.0,0,2,2,1,1.0,
202400021346,155 744 190,A01,1.0,7.0,0,2,3,15,1.0,
202400021347,155 744 188,A01,2.0,7.0,0,1,2,20,1.0,
202400021348,155 744 186,A01,1.0,7.0,13,0,1,13,1.0,
202400021349,155 744 185,A01,1.0,7.0,0,2,8,15,1.0,
202400021350,155 744 183,A01,1.0,30.0,1,0,7,16,1.0,
202400021351,155 744 182,A01,1.0,7.0,0,2,1,2,1.0,
202400021352,155 744 180,A01,3.0,7.0,0,2,1,1,1.0,
202400021353,155 744 179,A01,3.0,7.0,6,0,7,14,1.0,
202400021354,155 744 176,A01,0.0,7.0,6,0,9,1,1.0,
202400021355,155 744 177,A01,1.0,7.0,0,2,2,15,1.0,
202400021356,155 744 174,A01,1.0,50.0,0,2,3,5,3.0,
202400021357,155 744 173,A01,1.0,7.0,2,0,1,26,1.0,
202400021358,155 744 172,A01,1.0,33.0,12,0,3,2,1.0,
202400021359,155 744 170,A01,3.0,7.0,8,0,3,13,1.0,
202400021360,155 744 169,B01,1.0,7.0,0,2,3,1,1.0,
202400021361,155 744 168,A01,2.0,7.0,1,0,2,1,1.0,
202400021362,155 744 164,A01,2.0,7.0,0,2,2,15,1.0,
202400021363,155 744 162,B01,1.0,7.0,0,2,2,1,1.0,
202400021364,155 744 161,A01,1.0,7.0,0,2,1,2,1.0,
202400021365,155 744 159,A01,3.0,7.0,0,2,1,2,1.0,
202400021366,155 744 156,A01,1.0,7.0,0,1,7,19,2.0,
202400021367,155 744 157,A01,1.0,7.0,0,2,6,9,1.0,
202400021368,155 744 154,A01,0.0,7.0,0,2,1,1,1.0,
202400021369,155 744 151,A01,3.0,33.0,0,2,1,1,1.0,
202400021370,155 744 150,B01,2.0,7.0,0,2,5,23,1.0,
202400021371,155 744 149,A01,1.0,7.0,0,1,1,16,1.0,
202400021372,155 744 147,B01,1.0,7.0,0,2,2,12,3.0,
202400021373,155 744 143,A01,3.0,7.0,1,0,1,1,1.0,
202400021374,155 744 142,A01,2.0,7.0,0,2,1,2,1.0,
202400021375,155 744 141,B01,2.0,50.0,0,2,3,26,3.0,
202400021376,155 744 138,B01,1.0,1.0,0,2,4,1,5.0,
202400021377,155 744 137,A01,3.0,33.0,0,2,1,2,1.0,
202400021378,155 744 136,A01,1.0,7.0,0,1,1,1,1.0,
202400021379,155 744 134,A01,2.0,7.0,0,2,2,15,1.0,
202400021380,155 744 132,A01,2.0,10.0,0,2,1,1,1.0,
202400021381,155 744 130,A01,2.0,99.0,0,2,7,1,3.0,
202400021382,155 744 129,B01,2.0,7.0,0,2,3,0,1.0,
202400021383,155 744 127,A01,3.0,7.0,0,1,1,1,1.0,
202400021384,155 744 126,A01,3.0,7.0,0,2,1,26,1.0,
202400021385,155 744 123,A01,1.0,7.0,0,2,4,2,1.0,
202400021386,155 744 122,B01,2.0,7.0,0,2,3,13,1.0,
202400021387,155 744 121,A01,3.0,7.0,0,1,1,1,1.0,
202400021388,155 744 118,A01,2.0,1.0,0,2,7,1,5.0,
202400021389,155 744 117,B01,2.0,7.0,0,2,5,20,1.0,
202400021390,155 744 114,A01,2.0,7.0,0,0,7,20,1.0,
202400021391,155 744 115,A01,3.0,7.0,0,1,1,1,1.0,
202400021392,155 744 111,A01,3.0,7.0,0,2,2,2,1.0,
202400021393,155 744 110,B01,1.0,7.0,0,2,8,15,1.0,
202400021394,155 744 107,A01,3.0,7.0,0,2,2,15,2.0,
202400021395,155 744 106,B01,2.0,43.0,0,2,3,13,1.0,
202400021396,155 744 104,B01,3.0,7.0,0,2,1,1,1.0,
202400021397,155 744 103,A01,1.0,7.0,8,0,1,19,1.0,
202400021398,155 744 100,B01,0.0,7.0,0,0,0,0,1.0,
202400021399,155 744 099,A01,1.0,1.0,0,2,0,9,5.0,
202400021400,155 744 097,B01,3.0,7.0,0,2,1,15,1.0,
202400021401,155 744 096,A01,1.0,37.0,0,1,7,1,2.0,1
202400021402,155 744 094,A01,1.0,33.0,0,2,3,1,1.0,
202400021403,155 744 091,A01,2.0,7.0,0,2,1,16,1.0,
202400021404,155 744 092,A01,1.0,10.0,0,1,1,16,1.0,
202400021405,155 744 089,A01,3.0,7.0,0,1,2,1,1.0,
202400021406,155 744 087,B01,1.0,7.0,0,2,1,1,1.0,
202400021407,155 744 085,A01,2.0,7.0,0,2,1,2,1.0,
202400021408,155 744 084,A01,0.0,7.0,0,1,2,0,1.0,
202400021409,155 744 082,A01,1.0,30.0,0,2,1,2,1.0,
202400021410,155 744 079,B01,2.0,7.0,0,2,1,1,1.0,
202400021411,155 744 078,A01,1.0,7.0,0,2,2,9,1.0,
202400021412,155 744 077,SB01,1.0,7.0,0,1,3,5,1.0,
202400021413,155 744 075,B01,3.0,7.0,0,2,2,15,1.0,
202400021414,155 744 073,A01,1.0,7.0,2,0,8,0,1.0,
202400021415,155 744 072,B01,1.0,10.0,0,2,8,0,3.0,
202400021416,155 744 070,A01,3.0,7.0,0,1,2,16,1.0,
202400021417,155 744 069,A01,0.0,7.0,0,2,4,23,0.0,
202400021418,155 744 068,A01,2.0,7.0,13,0,2,14,1.0,
202400021419,155 744 067,A01,1.0,7.0,0,1,4,20,1.0,
202400021420,155 744 065,A01,2.0,7.0,0,1,2,1,1.0,
202400021421,155 744 064,A01,1.0,10.0,0,2,3,15,1.0,
202400021422,155 744 062,A01,3.0,7.0,12,0,2,21,1.0,
202400021423,155 744 061,A01,1.0,7.0,0,2,1,5,1.0,
202400021424,155 744 059,A01,2.0,33.0,0,0,0,26,1.0,
202400021425,155 744 058,B01,1.0,10.0,0,2,2,21,1.0,
202400021426,155 744 056,A01,1.0,10.0,8,0,3,13,1.0,
202400021427,155 744 054,A01,1.0,7.0,0,0,0,0,1.0,
202400021428,155 744 055,A01,3.0,7.0,0,2,1,2,1.0,
202400021429,155 744 052,A01,2.0,7.0,13,0,7,1,2.0,
202400021430,155 744 050,A01,1.0,31.0,0,0,0,0,1.0,
202400021431,155 744 051,A01,3.0,7.0,0,2,1,1,1.0,
202400021432,155 744 049,A01,2.0,10.0,13,0,3,0,1.0,
202400021433,155 744 048,A01,1.0,7.0,0,1,2,1,1.0,
202400021434,155 744 047,A01,2.0,33.0,0,0,9,1,1.0,
202400021435,155 744 046,A01,1.0,7.0,0,1,1,1,1.0,
202400021436,155 744 045,A01,1.0,7.0,8,0,9,1,1.0,
202400021437,155 744 041,A01,2.0,7.0,8,1,8,1,1.0,
202400021438,155 744 040,B01,1.0,7.0,0,2,9,1,1.0,
202400021439,155 744 039,A01,2.0,7.0,13,0,1,0,1.0,
202400021440,155 744 036,A01,0.0,7.0,2,0,1,1,1.0,
202400021441,155 744 034,A01,3.0,7.0,13,0,1,26,3.0,