Num_Acc,id_vehicule,num_veh,senc,catv,obs,obsm,choc,manv,motor,occutc
202400021442,155 744 033,B01,1.0,32.0,0,2,1,1,1.0,
202400021443,155 744 032,A01,2.0,7.0,6,0,3,1,1.0,
202400021444,155 744 029,A01,1.0,7.0,13,0,9,14,1.0,
202400021445,155 744 030,A01,2.0,7.0,0,2,3,2,1.0,
202400021446,155 744 026,A01,2.0,7.0,0,2,1,17,1.0,
202400021447,155 744 025,B01,1.0,32.0,0,2,7,17,1.0,
202400021448,155 744 023,B01,2.0,7.0,2,2,5,17,1.0,
202400021449,155 744 022,A01,2.0,7.0,0,1,1,1,1.0,
202400021450,155 744 020,A01,1.0,10.0,4,0,2,1,1.0,
202400021451,155 744 018,B01,3.0,7.0,0,2,6,0,1.0,
202400021452,155 744 016,A01,2.0,7.0,0,2,3,9,1.0,
202400021453,155 744 015,Z01,2.0,7.0,0,1,3,1,0.0,
202400021454,155 744 013,A01,1.0,7.0,0,2,2,13,1.0,
202400021455,155 744 005,B01,1.0,99.0,0,2,6,1,0.0,
202400021456,155 744 003,A01,1.0,7.0,0,2,1,2,1.0,
202400021457,155 744 002,A01,1.0,7.0,13,0,1,1,1.0,
202400021458,155 744 000,A01,1.0,7.0,0,2,1,13,1.0,
202400021459,155 743 998,A01,2.0,7.0,0,0,3,1,1.0,
202400021460,155 743 997,A01,2.0,7.0,13,0,1,1,1.0,
202400021461,155 743 995,A01,2.0,33.0,0,2,3,15,0.0,
202400021462,155 743 993,B01,1.0,33.0,0,2,4,16,1.0,
202400021463,155 743 991,A01,1.0,7.0,0,2,4,23,2.0,
202400021464,155 743 990,A01,2.0,7.0,13,0,1,1,1.0,
202400021465,155 743 988,A01,3.0,7.0,0,2,2,26,1.0,
202400021466,155 743 985,C01,1.0,7.0,0,2,5,23,1.0,
202400021467,155 743 984,A01,1.0,7.0,0,1,2,1,1.0,
202400021468,155 743 983,A01,3.0,7.0,0,1,1,1,1.0,
202400021469,155 743 981,A01,1.0,7.0,0,2,2,19,1.0,
202400021470,155 743 980,A01,2.0,10.0,0,1,4,20,0.0,
202400021471,155 743 978,A01,0.0,30.0,0,2,1,17,1.0,
202400021472,155 743 976,AB01,3.0,1.0,0,2,8,19,5.0,
202400021473,155 743 975,A01,2.0,7.0,15,0,1,1,1.0,
202400021474,155 743 973,A01,2.0,7.0,0,9,2,15,1.0,
202400021475,155 743 972,A01,1.0,7.0,0,1,3,1,1.0,
202400021476,155 743 970,A01,3.0,7.0,1,2,3,9,1.0,
202400021477,155 743 968,A01,2.0,33.0,0,2,1,17,1.0,
202400021478,155 743 966,B01,2.0,7.0,0,2,6,2,1.0,
202400021479,155 743 964,B01,2.0,7.0,0,2,1,1,1.0,
202400021480,155 743 961,C01,2.0,1.0,0,0,1,0,5.0,
202400021481,155 743 959,B01,2.0,50.0,0,2,8,1,3.0,
202400021482,155 743 958,A01,2.0,7.0,0,1,2,16,1.0,
202400021483,155 743 957,A01,3.0,7.0,2,0,1,1,1.0,
202400021484,155 743 956,A01,3.0,7.0,0,1,3,1,1.0,
202400021485,155 743 954,A01,3.0,7.0,0,2,3,15,1.0,
202400021486,155 743 952,B01,2.0,33.0,0,2,4,23,1.0,
202400021487,155 743 950,B01,1.0,7.0,0,2,3,16,1.0,
202400021488,155 743 946,D01,1.0,7.0,0,0,0,13,,
202400021489,155 743 944,Z01,2.0,32.0,0,2,1,1,1.0,
202400021490,155 743 942,B01,1.0,10.0,0,0,4,24,1.0,
202400021491,155 743 940,A01,1.0,7.0,0,2,9,1,1.0,
202400021492,155 743 939,A01,2.0,7.0,0,1,1,15,1.0,
202400021493,155 743 938,A01,1.0,10.0,13,0,7,1,1.0,
202400021494,155 743 937,A01,1.0,7.0,8,0,2,14,1.0,
202400021495,155 743 936,A01,0.0,7.0,0,1,1,15,1.0,
202400021496,155 743 935,A01,1.0,7.0,0,1,5,2,1.0,
202400021497,155 743 933,B01,3.0,50.0,0,2,1,2,3.0,
202400021498,155 743 932,A01,3.0,7.0,0,1,1,1,1.0,
202400021499,155 743 930,A01,1.0,33.0,0,2,1,1,1.0,
202400021500,155 743 929,A01,3.0,7.0,14,0,1,1,1.0,
202400021501,155 743 928,A01,2.0,37.0,1,0,2,12,3.0,1
202400021502,155 743 927,A01,3.0,10.0,0,1,5,4,1.0,
202400021503,155 743 925,A01,2.0,7.0,0,2,2,9,1.0,
202400021504,155 743 922,C01,2.0,7.0,0,2,1,2,1.0,
202400021505,155 743 921,A01,3.0,33.0,0,9,7,15,1.0,
202400021506,155 743 917,A01,3.0,10.0,0,2,1,2,1.0,
202400021507,155 743 916,A01,1.0,7.0,4,0,2,14,1.0,
202400021508,155 743 915,A01,3.0,7.0,0,1,5,4,1.0,
202400021509,155 743 912,A01,1.0,7.0,0,2,1,18,1.0,
202400021510,155 743 910,B01,2.0,2.0,0,2,1,1,1.0,
202400021511,155 743 909,Z01,2.0,1.0,0,1,8,26,5.0,
202400021512,155 743 907,B01,2.0,7.0,0,2,3,1,1.0,
202400021513,155 743 905,B01,3.0,32.0,0,2,1,1,1.0,
202400021514,155 743 904,A01,1.0,10.0,0,1,3,16,1.0,
202400021515,155 743 902,B01,1.0,60.0,0,0,7,1,5.0,
202400021516,155 743 900,A01,2.0,7.0,0,2,2,15,2.0,
202400021517,155 743 899,A01,1.0,50.0,0,0,1,1,3.0,
202400021518,155 743 898,A01,2.0,7.0,1,0,1,13,2.0,
202400021519,155 743 896,A01,3.0,33.0,0,2,1,0,1.0,
202400021520,155 743 893,B01,1.0,33.0,1,0,1,1,0.0,
202400021521,155 743 891,A01,1.0,7.0,0,2,1,13,1.0,
202400021522,155 743 890,A01,0.0,99.0,0,0,0,0,,
202400021523,155 743 888,B01,2.0,7.0,0,2,1,1,2.0,
202400021524,155 743 886,A01,1.0,1.0,1,0,2,1,5.0,
202400021525,155 743 884,A01,0.0,7.0,4,2,1,1,1.0,
202400021526,155 743 883,Z01,2.0,7.0,0,1,4,4,0.0,
202400021527,155 743 882,A01,2.0,7.0,8,0,1,5,2.0,
202400021528,155 743 880,B01,0.0,7.0,0,0,8,24,0.0,
202400021529,155 743 879,A01,1.0,7.0,8,0,1,1,1.0,
202400021530,155 743 877,A01,1.0,7.0,0,2,1,15,1.0,
202400021531,155 743 876,A01,1.0,7.0,0,1,1,5,1.0,
202400021532,155 743 875,A01,3.0,50.0,12,0,2,14,3.0,
202400021533,155 743 873,A01,0.0,38.0,0,2,1,1,1.0,1
202400021534,155 743 870,A01,1.0,31.0,0,2,1,17,1.0,
202400021535,155 743 869,A01,1.0,7.0,0,2,8,15,1.0,
202400021536,155 743 868,A01,1.0,7.0,0,1,2,12,1.0,
202400021537,155 743 866,A01,2.0,7.0,0,2,1,2,1.0,
202400021538,155 743 864,A01,0.0,7.0,0,2,4,5,0.0,
202400021539,155 743 862,A01,1.0,7.0,4,0,1,11,1.0,
202400021540,155 743 861,A01,2.0,33.0,0,2,2,1,1.0,
202400021541,155 743 860,A01,1.0,7.0,0,1,2,1,0.0,
202400021542,155 743 857,A01,3.0,21.0,13,0,3,0,1.0,
202400021543,155 743 858,B01,1.0,1.0,0,2,3,0,5.0,
202400021544,155 743 854,A01,3.0,37.0,0,1,1,2,1.0,1
202400021545,155 743 853,A01,1.0,7.0,2,0,1,1,1.0,
202400021546,155 743 852,A01,0.0,7.0,0,1,1,0,0.0,
202400021547,155 743 850,A01,1.0,99.0,0,0,1,2,0.0,
202400021548,155 743 847,A01,1.0,10.0,0,9,2,9,1.0,
202400021549,155 743 846,B01,3.0,7.0,0,2,2,19,1.0,
202400021550,155 743 845,A01,3.0,7.0,8,0,0,0,1.0,
202400021551,155 743 843,B01,3.0,7.0,0,2,1,0,1.0,
202400021552,155 743 842,A01,3.0,7.0,0,1,2,1,1.0,
202400021553,155 743 841,A01,0.0,7.0,0,1,2,1,1.0,
202400021554,155 743 839,A01,2.0,7.0,0,9,1,2,1.0,
202400021555,155 743 838,A01,2.0,43.0,0,1,2,1,1.0,
202400021556,155 743 837,A01,2.0,7.0,13,0,9,14,1.0,
202400021557,155 743 835,A01,2.0,7.0,0,2,8,11,1.0,
202400021558,155 743 833,A01,1.0,7.0,0,9,2,1,1.0,
202400021559,155 743 832,A01,2.0,7.0,0,1,1,19,1.0,
202400021560,155 743 831,A01,3.0,7.0,13,0,3,1,1.0,
202400021561,155 743 828,B01,1.0,7.0,0,2,3,20,3.0,
202400021562,155 743 827,A01,2.0,7.0,0,2,1,13,1.0,
202400021563,155 743 824,A01,1.0,7.0,3,0,1,1,1.0,
202400021564,155 743 825,A01,1.0,31.0,0,2,1,1,1.0,
202400021565,155 743 822,A01,1.0,7.0,2,0,1,1,1.0,
202400021566,155 743 821,A01,1.0,2.0,0,2,1,2,1.0,
202400021567,155 743 820,A01,2.0,7.0,13,0,8,13,1.0,
202400021568,155 743 818,A01,1.0,7.0,0,2,0,0,1.0,
202400021569,155 743 814,B01,1.0,34.0,1,2,1,18,1.0,
202400021570,155 743 813,A01,1.0,10.0,0,2,7,17,1.0,
202400021571,155 743 811,B01,1.0,33.0,0,0,1,3,1.0,
202400021572,155 743 809,B01,1.0,2.0,0,2,1,26,1.0,
202400021573,155 743 806,A01,2.0,7.0,1,0,2,2,1.0,
202400021574,155 743 803,A01,2.0,7.0,2,0,1,14,1.0,
202400021575,155 743 802,A01,1.0,7.0,0,2,8,15,1.0,
202400021576,155 743 800,B01,1.0,7.0,0,2,1,1,1.0,
202400021577,155 743 797,A01,1.0,7.0,0,2,1,1,1.0,
202400021578,155 743 796,A01,2.0,7.0,2,0,7,14,1.0,
202400021579,155 743 794,A01,2.0,33.0,0,2,2,11,1.0,
202400021580,155 743 793,A01,2.0,7.0,13,0,1,17,1.0,
202400021581,155 743 791,A01,2.0,7.0,6,0,3,1,1.0,
202400021582,155 743 790,A01,1.0,7.0,0,2,1,1,1.0,
202400021583,155 743 789,A01,1.0,3.0,8,0,1,1,1.0,
202400021584,155 743 788,A01,2.0,10.0,2,0,3,1,1.0,
202400021585,155 743 787,A01,2.0,7.0,0,0,0,1,1.0,
202400021586,155 743 785,A01,1.0,33.0,0,0,0,1,1.0,
202400021587,155 743 786,A01,1.0,2.0,0,0,0,0,1.0,
202400021588,155 743 784,A01,3.0,31.0,0,0,0,0,1.0,
202400021589,155 743 779,B01,2.0,10.0,0,2,1,1,6.0,
202400021590,155 743 777,B01,2.0,7.0,0,2,1,1,1.0,
202400021591,155 743 775,A01,1.0,7.0,0,2,3,13,1.0,
202400021592,155 743 774,A01,3.0,10.0,0,1,2,15,1.0,
202400021593,155 743 773,A01,2.0,7.0,2,0,8,1,1.0,
202400021594,155 743 772,A01,1.0,15.0,0,0,7,1,1.0,
202400021595,155 743 768,A01,1.0,7.0,0,2,1,5,1.0,
202400021596,155 743 767,A01,2.0,7.0,0,2,3,13,1.0,
202400021597,155 743 766,A01,2.0,7.0,13,0,2,13,1.0,
202400021598,155 743 765,A01,1.0,33.0,4,0,3,0,1.0,
202400021599,155 743 762,A01,2.0,30.0,0,2,1,13,1.0,
202400021600,155 743 760,A01,2.0,7.0,0,2,1,0,1.0,
202400021601,155 743 758,B01,1.0,14.0,0,2,3,1,1.0,
202400021602,155 743 755,A01,1.0,2.0,0,0,0,5,1.0,
202400021603,155 743 754,A01,2.0,7.0,4,2,2,17,1.0,
202400021604,155 743 752,A01,1.0,7.0,0,2,1,1,1.0,
202400021605,155 743 749,A01,1.0,10.0,2,0,3,13,1.0,
202400021606,155 743 747,B01,2.0,7.0,0,0,8,1,1.0,
202400021607,155 743 745,A01,1.0,7.0,6,1,3,0,1.0,
202400021608,155 743 743,C01,1.0,7.0,0,2,3,1,1.0,
202400021609,155 743 741,A01,0.0,80.0,0,0,0,0,3.0,
202400021610,155 743 740,B01,1.0,38.0,0,2,3,14,1.0,6
202400021611,155 743 736,B01,3.0,14.0,0,2,2,1,1.0,
202400021612,155 743 737,A01,1.0,7.0,0,2,1,2,1.0,
202400021613,155 743 735,A01,3.0,17.0,0,1,3,1,1.0,
202400021614,155 743 733,A01,1.0,7.0,0,2,1,13,1.0,
202400021615,155 743 731,A01,2.0,7.0,13,0,6,0,1.0,
202400021616,155 743 730,A01,2.0,2.0,0,0,0,0,1.0,
202400021617,155 743 727,A01,1.0,7.0,0,2,3,13,1.0,
202400021618,155 743 723,A01,1.0,33.0,0,2,1,1,1.0,
202400021619,155 743 725,C01,2.0,7.0,0,2,1,1,1.0,
202400021620,155 743 720,A01,1.0,7.0,2,0,2,14,1.0,
202400021621,155 743 719,A01,1.0,7.0,0,0,9,1,1.0,
202400021622,155 743 721,A01,1.0,7.0,0,2,2,13,1.0,
202400021623,155 743 718,A01,2.0,7.0,0,1,3,1,1.0,
202400021624,155 743 716,A01,1.0,7.0,2,0,1,1,1.0,
202400021625,155 743 717,A01,2.0,7.0,17,0,1,1,1.0,
202400021626,155 743 715,A01,1.0,15.0,8,0,1,1,0.0,
202400021627,155 743 714,A01,3.0,7.0,6,0,1,1,1.0,
202400021628,155 743 712,A01,2.0,7.0,0,2,3,15,1.0,
202400021629,155 743 710,A01,2.0,7.0,0,2,1,2,1.0,
202400021630,155 743 709,A01,1.0,7.0,0,1,1,15,1.0,
202400021631,155 743 708,A01,1.0,7.0,2,0,3,1,1.0,
202400021632,155 743 705,A01,2.0,7.0,0,2,2,0,1.0,
202400021633,155 743 704,B01,1.0,2.0,0,2,1,1,1.0,
202400021634,155 743 703,A01,1.0,7.0,15,0,1,1,1.0,
202400021635,155 743 702,A01,1.0,7.0,13,0,1,1,1.0,
202400021636,155 743 700,A01,1.0,7.0,0,2,3,5,1.0,
202400021637,155 743 696,A01,1.0,1.0,0,2,7,1,5.0,
202400021638,155 743 694,A01,1.0,7.0,0,2,4,2,1.0,
202400021639,155 743 693,A01,1.0,31.0,0,0,2,16,1.0,
202400021640,155 743 691,A01,3.0,7.0,6,0,3,0,1.0,
202400021641,155 743 690,A01,2.0,7.0,3,2,2,2,1.0,
202400021642,155 743 687,B01,3.0,7.0,0,9,3,2,1.0,
202400021643,155 743 686,Z01,1.0,7.0,0,2,0,0,0.0,
202400021644,155 743 685,A01,2.0,7.0,13,0,2,1,1.0,
202400021645,155 743 681,C01,1.0,7.0,0,2,1,2,1.0,
202400021646,155 743 680,A01,2.0,7.0,0,0,7,15,1.0,
202400021647,155 743 678,B01,1.0,1.0,0,2,8,1,5.0,
202400021648,155 743 676,A01,1.0,14.0,0,2,2,1,1.0,
202400021649,155 743 674,A01,1.0,7.0,0,0,0,0,1.0,
202400021650,155 743 673,A01,1.0,7.0,6,0,1,1,1.0,
202400021651,155 743 672,A01,1.0,7.0,0,0,1,26,1.0,
202400021652,155 743 671,A01,1.0,7.0,4,0,9,0,1.0,
202400021653,155 743 669,A01,1.0,7.0,0,2,1,0,1.0,
202400021654,155 743 667,A01,1.0,7.0,0,2,6,2,1.0,
202400021655,155 743 666,A01,2.0,7.0,4,0,3,1,1.0,
202400021656,155 743 663,A01,2.0,7.0,0,2,4,16,1.0,
202400021657,155 743 661,A01,1.0,7.0,0,2,1,2,2.0,
202400021658,155 743 656,A01,1.0,10.0,0,2,3,12,1.0,
202400021659,155 743 655,B01,2.0,7.0,0,2,6,11,1.0,
202400021660,155 743 653,A01,1.0,7.0,3,0,1,2,1.0,
202400021661,155 743 652,A01,2.0,7.0,0,2,5,14,1.0,
202400021662,155 743 649,B01,1.0,33.0,0,2,1,3,1.0,
202400021663,155 743 647,A01,1.0,10.0,4,2,2,1,3.0,
202400021664,155 743 644,B01,1.0,7.0,0,2,9,1,2.0,
202400021665,155 743 642,A01,2.0,15.0,0,2,2,12,1.0,
202400021666,155 743 640,A01,2.0,31.0,0,2,1,3,1.0,
202400021667,155 743 637,A01,1.0,7.0,0,2,1,2,1.0,
202400021668,155 743 636,B01,2.0,7.0,0,2,0,0,1.0,
202400021669,155 743 634,B01,1.0,10.0,0,2,4,2,0.0,
202400021670,155 743 631,A01,2.0,7.0,0,2,1,2,1.0,
202400021671,155 743 630,A01,2.0,30.0,0,2,5,15,1.0,
202400021672,155 743 627,A01,2.0,15.0,0,2,2,12,1.0,
202400021673,155 743 626,B01,1.0,50.0,0,1,1,1,3.0,
202400021674,155 743 622,B01,1.0,7.0,0,2,5,2,2.0,
202400021675,155 743 623,B01,1.0,7.0,0,2,3,1,1.0,
202400021676,155 743 620,B01,2.0,7.0,0,2,4,2,2.0,
202400021677,155 743 617,A01,1.0,7.0,0,2,3,1,1.0,
202400021678,155 743 616,A01,1.0,7.0,0,2,3,11,1.0,
202400021679,155 743 615,A01,0.0,7.0,1,0,1,1,1.0,
202400021680,155 743 613,A01,1.0,14.0,0,1,1,25,1.0,
202400021681,155 743 612,B01,1.0,34.0,0,2,8,0,1.0,
202400021682,155 743 609,A01,0.0,7.0,0,2,0,0,1.0,
202400021683,155 743 607,Z01,1.0,50.0,0,4,0,1,3.0,
202400021684,155 743 606,B01,1.0,33.0,4,2,8,3,1.0,
202400021685,155 743 604,A01,1.0,7.0,4,0,9,0,1.0,
202400021686,155 743 602,A01,2.0,7.0,0,2,2,15,1.0,
202400021687,155 743 600,A01,2.0,17.0,0,2,1,1,1.0,
202400021688,155 743 597,B01,1.0,31.0,0,2,3,21,1.0,
202400021689,155 743 596,A01,1.0,7.0,0,2,1,13,1.0,
202400021690,155 743 594,A01,2.0,7.0,13,0,3,21,1.0,
202400021691,155 743 592,B01,2.0,10.0,0,2,4,1,1.0,
202400021692,155 743 591,A01,2.0,37.0,0,2,3,1,1.0,1
202400021693,155 743 589,A01,1.0,7.0,13,0,1,21,1.0,
202400021694,155 743 588,A01,1.0,30.0,0,2,5,0,1.0,
202400021695,155 743 586,A01,2.0,7.0,0,2,1,1,1.0,
202400021696,155 743 585,A01,2.0,32.0,0,0,0,21,1.0,
202400021697,155 743 583,A01,1.0,33.0,0,0,7,1,1.0,
202400021698,155 743 582,B01,0.0,34.0,0,2,8,1,1.0,
202400021699,155 743 579,A01,2.0,15.0,0,2,7,1,1.0,
202400021700,155 743 578,A01,2.0,50.0,0,1,1,1,3.0,
202400021701,155 743 576,B01,1.0,50.0,0,2,0,0,3.0,
202400021702,155 743 574,A01,2.0,33.0,0,2,2,17,1.0,
202400021703,155 743 571,Z01,2.0,1.0,0,2,6,17,5.0,
202400021704,155 743 572,B01,1.0,7.0,0,2,0,1,1.0,
202400021705,155 743 569,B01,2.0,10.0,0,2,5,23,1.0,
202400021706,155 743 565,A01,2.0,7.0,0,2,7,12,1.0,
202400021707,155 743 563,A01,3.0,7.0,0,2,3,11,2.0,
202400021708,155 743 564,A01,1.0,10.0,0,2,1,15,1.0,
202400021709,155 743 561,A01,3.0,7.0,0,2,1,11,1.0,
202400021710,155 743 560,A01,1.0,7.0,0,1,2,1,1.0,
202400021711,155 743 559,A01,3.0,33.0,0,0,0,2,1.0,
202400021712,155 743 558,A01,0.0,7.0,0,1,1,1,,
202400021713,155 743 554,B01,2.0,7.0,0,2,1,1,2.0,
202400021714,155 743 555,A01,3.0,7.0,0,2,8,9,1.0,
202400021715,155 743 553,A01,1.0,80.0,12,0,8,15,3.0,
202400021716,155 743 549,A01,3.0,7.0,0,1,2,1,1.0,
202400021717,155 743 551,A01,1.0,43.0,0,2,1,1,1.0,
202400021718,155 743 548,A01,2.0,7.0,0,1,7,1,1.0,
202400021719,155 743 546,C01,2.0,10.0,0,2,3,1,1.0,
202400021720,155 743 544,A01,2.0,7.0,0,2,1,1,1.0,
202400021721,155 743 543,B01,2.0,7.0,0,2,1,1,1.0,
202400021722,155 743 542,A01,1.0,31.0,0,1,1,1,1.0,
202400021723,155 743 539,A01,1.0,2.0,0,2,2,14,1.0,
202400021724,155 743 538,A01,1.0,7.0,0,2,2,1,1.0,
202400021725,155 743 536,A01,0.0,13.0,0,1,0,16,1.0,
202400021726,155 743 535,A01,1.0,7.0,1,0,3,13,2.0,
202400021727,155 743 534,B01,1.0,50.0,0,2,4,1,3.0,
202400021728,155 743 533,A01,1.0,0.0,0,1,1,1,0.0,
202400021729,155 743 530,B01,2.0,2.0,0,2,2,17,1.0,
202400021730,155 743 528,A01,1.0,7.0,0,0,0,1,1.0,
202400021731,155 743 527,A01,2.0,33.0,0,2,2,1,1.0,
202400021732,155 743 526,B01,2.0,33.0,0,2,3,1,1.0,
202400021733,155 743 524,A01,1.0,7.0,0,2,3,0,1.0,
202400021734,155 743 522,A01,1.0,34.0,0,5,1,1,1.0,
202400021735,155 743 520,B01,1.0,7.0,0,2,4,23,1.0,
202400021736,155 743 519,A01,2.0,7.0,0,2,1,10,1.0,
202400021737,155 743 518,A01,3.0,2.0,0,0,7,21,3.0,
202400021738,155 743 516,B01,2.0,33.0,0,2,8,1,1.0,
202400021739,155 743 514,A01,1.0,33.0,3,0,1,1,1.0,
202400021740,155 743 513,A01,1.0,2.0,0,0,0,1,1.0,
202400021741,155 743 512,A01,3.0,7.0,0,2,3,19,0.0,
202400021742,155 743 508,A01,2.0,7.0,12,0,2,14,1.0,
202400021743,155 743 507,A01,2.0,10.0,0,2,1,1,0.0,
202400021744,155 743 505,B01,0.0,7.0,0,2,2,15,1.0,
202400021745,155 743 506,A01,0.0,7.0,8,0,7,1,1.0,
202400021746,155 743 503,B01,1.0,7.0,0,2,1,1,1.0,
202400021747,155 743 502,A01,0.0,37.0,2,0,1,15,1.0,3
202400021748,155 743 501,A01,2.0,2.0,12,0,2,14,1.0,
202400021749,155 743 498,A01,2.0,7.0,0,2,0,15,0.0,
202400021750,155 743 497,B01,1.0,30.0,0,2,7,1,1.0,
202400021751,155 743 496,A01,3.0,2.0,0,1,1,1,1.0,
202400021752,155 743 493,B01,2.0,33.0,4,2,4,23,1.0,
202400021753,155 743 491,B01,2.0,7.0,0,2,8,1,1.0,
202400021754,155 743 490,A01,3.0,7.0,0,1,4,20,1.0,
202400021755,155 743 489,A01,1.0,7.0,0,2,8,1,1.0,
202400021756,155 743 487,A01,1.0,7.0,0,0,9,0,1.0,
202400021757,155 743 486,A01,2.0,7.0,0,2,3,11,1.0,
202400021758,155 743 483,A01,1.0,7.0,0,2,2,15,1.0,
202400021759,155 743 481,A01,1.0,7.0,0,2,1,17,1.0,
202400021760,155 743 480,A01,2.0,7.0,0,1,3,13,1.0,
202400021761,155 743 478,A01,1.0,10.0,0,1,1,1,1.0,
202400021762,155 743 484,A01,1.0,7.0,0,1,3,15,1.0,
202400021763,155 743 477,B01,3.0,7.0,0,2,2,12,1.0,
202400021764,155 743 475,A01,2.0,3.0,8,0,2,1,1.0,
202400021765,155 743 473,A01,1.0,7.0,0,2,2,15,3.0,
202400021766,155 743 471,A01,0.0,7.0,0,2,6,15,1.0,
202400021767,155 743 472,A01,2.0,7.0,4,0,1,13,1.0,
202400021768,155 743 470,B01,3.0,10.0,0,1,1,26,1.0,
202400021769,155 743 468,A01,3.0,1.0,14,0,1,21,5.0,
202400021770,155 743 466,B01,3.0,1.0,0,2,3,1,5.0,
202400021771,155 743 465,A01,1.0,7.0,0,2,3,17,1.0,
202400021772,155 743 462,A01,3.0,7.0,0,2,6,15,1.0,
202400021773,155 743 459,B01,1.0,7.0,0,2,2,2,1.0,
202400021774,155 743 458,A01,1.0,2.0,0,2,5,14,1.0,
202400021775,155 743 456,B01,1.0,43.0,0,2,3,1,1.0,
202400021776,155 743 455,B01,1.0,7.0,0,2,1,1,0.0,
202400021777,155 743 454,A01,0.0,7.0,0,1,1,15,1.0,
202400021778,155 743 452,A01,2.0,37.0,0,1,1,16,1.0,1
202400021779,155 743 450,A01,2.0,7.0,1,1,2,21,2.0,
202400021780,155 743 449,B01,3.0,2.0,0,2,1,21,1.0,
202400021781,155 743 447,A01,3.0,7.0,0,1,2,0,1.0,
202400021782,155 743 442,A01,2.0,30.0,0,2,1,13,1.0,
202400021783,155 743 441,A01,2.0,33.0,0,2,8,18,1.0,
202400021784,155 743 443,B01,2.0,2.0,0,2,1,19,1.0,
202400021785,155 743 439,B01,3.0,2.0,0,2,2,1,1.0,
202400021786,155 743 438,A01,2.0,33.0,0,0,0,1,1.0,
202400021787,155 743 436,A01,1.0,7.0,0,2,2,9,2.0,
202400021788,155 743 435,A01,1.0,7.0,16,0,1,1,1.0,
202400021789,155 743 433,A01,2.0,7.0,0,2,5,18,0.0,
202400021790,155 743 429,A01,2.0,7.0,0,2,2,16,1.0,
202400021791,155 743 428,B01,0.0,10.0,0,2,4,15,1.0,
202400021792,155 743 426,A01,2.0,7.0,2,0,2,1,1.0,
202400021793,155 743 423,A01,2.0,7.0,0,2,1,2,1.0,
202400021794,155 743 421,A01,1.0,1.0,0,5,1,1,5.0,
202400021795,155 743 420,B01,1.0,33.0,0,2,7,1,1.0,
202400021796,155 743 417,A01,1.0,10.0,0,2,1,2,1.0,
202400021797,155 743 416,A01,2.0,33.0,13,0,1,14,1.0,
202400021798,155 743 415,A01,3.0,1.0,8,0,1,1,5.0,
202400021799,155 743 414,B01,3.0,37.0,0,2,1,1,1.0,1
202400021800,155 743 413,A01,3.0,10.0,0,1,6,4,1.0,
202400021801,155 743 410,A01,1.0,7.0,0,1,3,1,1.0,
202400021802,155 743 409,A01,1.0,7.0,2,0,1,1,1.0,
202400021803,155 743 411,A01,1.0,7.0,2,0,1,14,1.0,
202400021804,155 743 412,A01,3.0,7.0,11,0,1,14,1.0,
202400021805,155 743 407,A01,2.0,31.0,4,0,3,17,1.0,
202400021806,155 743 404,B01,2.0,7.0,0,0,0,0,1.0,
202400021807,155 743 403,A01,2.0,33.0,0,2,1,12,1.0,
202400021808,155 743 402,A01,2.0,60.0,0,2,8,19,5.0,
202400021809,155 743 401,A01,1.0,7.0,13,1,3,21,1.0,
202400021810,155 743 400,A01,3.0,7.0,1,1,1,1,1.0,
202400021811,155 743 398,A01,2.0,7.0,2,0,3,0,1.0,
202400021812,155 743 397,A01,1.0,7.0,0,2,3,21,2.0,
202400021813,155 743 394,A01,1.0,7.0,0,0,0,1,1.0,
202400021814,155 743 395,B01,1.0,7.0,0,2,1,2,1.0,
202400021815,155 743 393,A01,1.0,7.0,13,0,2,1,1.0,
202400021816,155 743 392,A01,2.0,7.0,0,1,1,15,1.0,
202400021817,155 743 390,A01,1.0,7.0,6,9,3,17,1.0,
202400021818,155 743 388,A01,1.0,99.0,0,0,8,1,1.0,
202400021819,155 743 389,A01,1.0,7.0,0,2,1,1,1.0,
202400021820,155 743 386,A01,2.0,33.0,12,0,8,1,1.0,
202400021821,155 743 385,A01,1.0,7.0,0,2,1,1,1.0,
202400021822,155 743 382,B01,1.0,33.0,0,2,1,1,1.0,
202400021823,155 743 378,B01,3.0,2.0,0,2,8,1,1.0,
202400021824,155 743 376,A01,2.0,7.0,1,2,8,24,1.0,
202400021825,155 743 375,B01,1.0,7.0,0,2,3,15,1.0,
202400021826,155 743 372,A01,1.0,1.0,0,2,7,1,5.0,
202400021827,155 743 373,A01,1.0,7.0,2,0,1,14,1.0,
202400021828,155 743 369,B01,3.0,7.0,0,2,6,1,1.0,
202400021829,155 743 367,A01,3.0,1.0,0,0,0,1,5.0,
202400021830,155 743 366,A01,3.0,7.0,0,2,3,1,1.0,
202400021831,155 743 365,A01,2.0,7.0,0,2,3,1,1.0,
202400021832,155 743 361,A01,1.0,31.0,0,2,9,17,1.0,
202400021833,155 743 360,A01,1.0,7.0,13,0,3,1,1.0,
202400021834,155 743 363,A01,1.0,2.0,0,0,3,16,1.0,
202400021835,155 743 358,B01,1.0,7.0,0,2,3,1,1.0,
202400021836,155 743 357,A01,1.0,7.0,0,1,1,1,1.0,
202400021837,155 743 355,A01,2.0,7.0,6,0,9,1,1.0,
202400021838,155 743 353,A01,1.0,7.0,0,0,2,15,1.0,