Num_Acc,id_vehicule,num_veh,senc,catv,obs,obsm,choc,manv,motor,occutc
202400021839,155 743 352,B01,1.0,7.0,0,1,7,1,1.0,
202400021840,155 743 351,A01,3.0,7.0,0,2,2,1,1.0,
202400021841,155 743 350,A01,1.0,7.0,2,0,9,1,1.0,
202400021842,155 743 349,A01,3.0,7.0,8,0,9,26,1.0,
202400021843,155 743 348,A01,1.0,2.0,0,1,1,3,1.0,
202400021844,155 743 347,A01,1.0,7.0,0,1,1,1,1.0,
202400021845,155 743 345,A01,2.0,2.0,0,2,7,15,1.0,
202400021846,155 743 343,B01,2.0,7.0,0,2,3,15,1.0,
202400021847,155 743 341,A01,1.0,7.0,0,0,9,1,1.0,
202400021848,155 743 340,A01,1.0,33.0,0,2,1,2,1.0,
202400021849,155 743 335,A01,2.0,7.0,0,2,6,24,1.0,
202400021850,155 743 333,A01,2.0,7.0,0,0,4,1,1.0,
202400021851,155 743 332,B01,2.0,7.0,0,0,4,2,1.0,
202400021852,155 743 329,A01,1.0,7.0,0,2,8,22,1.0,
202400021853,155 743 328,A01,1.0,7.0,0,2,8,26,1.0,
202400021854,155 743 327,A01,3.0,10.0,0,1,3,5,1.0,
202400021855,155 743 326,A01,2.0,33.0,0,0,0,0,1.0,
202400021856,155 743 323,A01,1.0,7.0,0,1,1,2,1.0,
202400021857,155 743 321,A01,3.0,33.0,16,0,7,1,1.0,
202400021858,155 743 322,B01,2.0,1.0,0,2,1,26,5.0,
202400021859,155 743 319,A01,1.0,30.0,0,0,7,17,1.0,
202400021860,155 743 317,A01,3.0,7.0,0,1,7,1,1.0,
202400021861,155 743 314,A01,3.0,31.0,15,0,7,1,1.0,
202400021862,155 743 312,Z01,1.0,50.0,0,1,8,26,3.0,
202400021863,155 743 313,A01,1.0,31.0,0,0,2,1,1.0,
202400021864,155 743 311,A01,2.0,7.0,0,2,3,17,1.0,
202400021865,155 743 305,B01,1.0,7.0,0,2,1,1,1.0,
202400021866,155 743 306,A01,1.0,7.0,0,0,1,1,1.0,
202400021867,155 743 304,B01,3.0,1.0,0,2,7,1,5.0,
202400021868,155 743 303,A01,2.0,33.0,0,0,0,17,1.0,
202400021869,155 743 301,A01,3.0,7.0,2,0,1,0,1.0,
202400021870,155 743 299,A01,3.0,14.0,16,0,3,1,1.0,
202400021871,155 743 298,A01,1.0,2.0,0,2,1,26,1.0,
202400021872,155 743 297,A01,3.0,33.0,4,0,1,13,1.0,
202400021873,155 743 296,B01,2.0,50.0,0,2,0,26,3.0,
202400021874,155 743 294,A01,2.0,7.0,3,0,3,1,1.0,
202400021875,155 743 292,B01,2.0,7.0,7,0,8,1,1.0,
202400021876,155 743 287,A01,2.0,33.0,0,2,2,2,1.0,
202400021877,155 743 289,B01,3.0,33.0,0,2,7,1,1.0,
202400021878,155 743 286,A01,1.0,7.0,0,2,2,1,1.0,
202400021879,155 743 284,A01,1.0,7.0,8,2,3,13,1.0,
202400021880,155 743 283,B01,1.0,7.0,0,2,2,1,1.0,
202400021881,155 743 280,A01,1.0,7.0,0,2,1,1,1.0,
202400021882,155 743 279,A01,3.0,7.0,0,2,1,1,1.0,
202400021883,155 743 276,A01,3.0,30.0,0,0,0,1,1.0,
202400021884,155 743 273,C01,2.0,15.0,0,2,7,1,1.0,
202400021885,155 743 269,A01,3.0,7.0,9,0,8,19,1.0,
202400021886,155 743 268,A01,0.0,7.0,0,2,2,20,1.0,
202400021887,155 743 267,A01,1.0,36.0,2,0,1,13,1.0,
202400021888,155 743 266,A01,1.0,33.0,9,0,2,1,1.0,
202400021889,155 743 261,B01,1.0,7.0,0,2,3,1,1.0,
202400021890,155 743 263,A01,0.0,7.0,0,1,1,0,1.0,
202400021891,155 743 260,A01,2.0,7.0,0,9,6,15,1.0,
202400021892,155 743 258,A01,1.0,33.0,0,0,0,1,1.0,
202400021893,155 743 257,A01,1.0,10.0,0,2,3,1,1.0,
202400021894,155 743 259,A01,3.0,20.0,0,1,1,1,1.0,
202400021895,155 743 250,A01,1.0,7.0,0,2,2,2,1.0,
202400021896,155 743 251,Y01,2.0,1.0,0,2,1,1,5.0,
202400021897,155 743 253,B01,2.0,7.0,0,2,1,5,1.0,
202400021898,155 743 249,A01,1.0,7.0,0,2,3,1,1.0,
202400021899,155 743 246,B01,2.0,7.0,0,2,3,1,1.0,
202400021900,155 743 243,A01,3.0,7.0,0,2,2,2,1.0,
202400021901,155 743 244,A01,2.0,33.0,0,1,7,26,1.0,
202400021902,155 743 242,B01,2.0,7.0,0,2,1,1,1.0,
202400021903,155 743 238,A01,1.0,7.0,0,2,3,1,1.0,
202400021904,155 743 237,A01,3.0,1.0,0,2,2,19,5.0,
202400021905,155 743 235,A01,3.0,1.0,0,1,1,1,5.0,
202400021906,155 743 236,A01,1.0,7.0,0,2,2,14,3.0,
202400021907,155 743 234,A01,1.0,17.0,16,0,8,13,1.0,
202400021908,155 743 231,B01,1.0,7.0,0,2,4,2,1.0,
202400021909,155 743 230,A01,1.0,7.0,0,1,1,1,3.0,
202400021910,155 743 228,B01,2.0,7.0,0,2,1,1,1.0,
202400021911,155 743 221,A01,2.0,7.0,0,2,3,24,2.0,
202400021912,155 743 219,A01,1.0,33.0,0,2,4,23,1.0,
202400021913,155 743 218,A01,0.0,30.0,8,0,1,0,1.0,
202400021914,155 743 217,A01,1.0,10.0,0,2,1,1,1.0,
202400021915,155 743 211,A01,1.0,2.0,0,2,1,15,1.0,
202400021916,155 743 209,A01,1.0,7.0,10,0,1,14,1.0,
202400021917,155 743 210,A01,2.0,7.0,0,2,3,17,1.0,
202400021918,155 743 208,B01,1.0,38.0,0,2,6,1,1.0,1
202400021919,155 743 205,A01,0.0,50.0,12,0,1,1,3.0,
202400021920,155 743 202,B01,1.0,80.0,0,2,2,1,3.0,
202400021921,155 743 203,A01,3.0,7.0,0,2,3,15,1.0,
202400021922,155 743 201,A01,1.0,38.0,0,2,1,1,1.0,1
202400021923,155 743 200,A01,2.0,7.0,0,1,1,1,1.0,
202400021924,155 743 199,A01,1.0,33.0,9,0,0,0,1.0,
202400021925,155 743 196,B01,3.0,37.0,0,2,4,1,0.0,1
202400021926,155 743 195,A01,1.0,15.0,0,1,7,1,0.0,
202400021927,155 743 192,A01,2.0,7.0,0,2,1,1,1.0,
202400021928,155 743 191,A01,1.0,7.0,0,0,3,1,1.0,
202400021929,155 743 186,C01,3.0,10.0,0,2,3,26,0.0,
202400021930,155 743 187,B01,3.0,1.0,0,2,8,1,5.0,
202400021931,155 743 184,A01,3.0,7.0,0,1,4,4,1.0,
202400021932,155 743 183,A01,1.0,33.0,0,2,1,12,1.0,
202400021933,155 743 181,B01,2.0,7.0,0,2,3,0,1.0,
202400021934,155 743 179,A01,1.0,7.0,0,1,1,2,1.0,
202400021935,155 743 176,B01,3.0,1.0,0,2,4,0,5.0,
202400021936,155 743 175,A01,1.0,7.0,0,2,1,2,1.0,
202400021937,155 743 173,A01,1.0,32.0,0,2,1,1,1.0,
202400021938,155 743 171,A01,2.0,7.0,0,1,3,9,1.0,
202400021939,155 743 168,C01,2.0,7.0,0,9,8,1,1.0,
202400021940,155 743 167,A01,1.0,7.0,0,1,2,1,1.0,
202400021941,155 743 166,A01,2.0,7.0,4,2,2,0,1.0,
202400021942,155 743 165,A01,2.0,50.0,0,1,1,5,3.0,
202400021943,155 743 163,A01,1.0,7.0,2,0,7,1,1.0,
202400021944,155 743 162,A01,1.0,33.0,0,1,7,17,1.0,
202400021945,155 743 161,A01,2.0,7.0,0,2,3,1,1.0,
202400021946,155 743 158,A01,0.0,1.0,0,0,0,1,5.0,
202400021947,155 743 156,A01,2.0,2.0,0,2,1,2,1.0,
202400021948,155 743 157,B01,2.0,32.0,0,2,0,17,1.0,
202400021949,155 743 155,A01,0.0,7.0,0,1,1,1,1.0,
202400021950,155 743 148,A01,1.0,7.0,0,2,3,5,1.0,
202400021951,155 743 147,A01,0.0,7.0,0,9,1,17,2.0,
202400021952,155 743 149,A01,2.0,33.0,0,2,1,5,1.0,
202400021953,155 743 150,B01,1.0,7.0,0,2,3,1,3.0,
202400021954,155 743 146,A01,2.0,80.0,0,0,1,1,3.0,
202400021955,155 743 145,A01,2.0,7.0,6,0,1,1,1.0,
202400021956,155 743 142,A01,1.0,7.0,0,2,5,12,1.0,
202400021957,155 743 141,A01,1.0,7.0,0,2,0,15,1.0,
202400021958,155 743 139,A01,2.0,7.0,8,0,1,26,1.0,
202400021959,155 743 137,A01,1.0,7.0,3,0,6,14,1.0,
202400021960,155 743 135,A01,3.0,33.0,0,0,0,2,1.0,
202400021961,155 743 136,A01,0.0,7.0,0,2,1,1,1.0,
202400021962,155 743 134,A01,1.0,7.0,0,1,1,15,2.0,
202400021963,155 743 131,B01,1.0,33.0,0,2,7,17,1.0,
202400021964,155 743 130,B01,2.0,7.0,0,2,1,1,1.0,
202400021965,155 743 126,A01,1.0,33.0,13,0,0,14,1.0,
202400021966,155 743 124,A01,1.0,7.0,0,2,4,23,2.0,
202400021967,155 743 123,A01,3.0,10.0,0,2,1,15,1.0,
202400021968,155 743 121,B01,1.0,80.0,0,2,1,17,3.0,
202400021969,155 743 119,A01,1.0,38.0,6,0,1,1,1.0,1
202400021970,155 743 113,A01,1.0,33.0,15,0,3,1,1.0,
202400021971,155 743 112,B01,1.0,2.0,0,2,1,1,1.0,
202400021972,155 743 115,B01,2.0,7.0,0,0,0,1,1.0,
202400021973,155 743 109,B01,2.0,10.0,0,2,3,1,1.0,
202400021974,155 743 108,A01,1.0,7.0,13,0,0,0,1.0,
202400021975,155 743 106,B01,2.0,7.0,0,2,1,21,1.0,
202400021976,155 743 104,A01,1.0,7.0,7,0,9,1,1.0,
202400021977,155 743 103,A01,1.0,33.0,0,0,0,13,1.0,
202400021978,155 743 105,A01,1.0,14.0,0,2,7,1,1.0,
202400021979,155 743 101,A01,1.0,10.0,4,0,1,14,1.0,
202400021980,155 743 100,A01,1.0,7.0,0,2,8,9,1.0,
202400021981,155 743 099,A01,0.0,7.0,0,1,2,1,1.0,
202400021982,155 743 095,A01,1.0,15.0,0,2,2,12,1.0,
202400021983,155 743 097,A01,2.0,7.0,0,1,2,1,2.0,
202400021984,155 743 094,A01,2.0,1.0,0,2,4,2,5.0,
202400021985,155 743 093,A01,2.0,7.0,0,1,2,1,1.0,
202400021986,155 743 090,B01,2.0,10.0,0,2,4,23,1.0,
202400021987,155 743 087,B01,2.0,10.0,0,2,3,1,1.0,
202400021988,155 743 088,B01,1.0,33.0,0,2,1,1,1.0,
202400021989,155 743 085,A01,1.0,2.0,0,1,2,26,1.0,
202400021990,155 743 084,A01,2.0,1.0,0,2,1,26,5.0,
202400021991,155 743 082,A01,1.0,7.0,0,0,4,2,0.0,
202400021992,155 743 078,A01,1.0,7.0,0,2,1,2,1.0,
202400021993,155 743 075,A01,2.0,7.0,0,2,1,13,1.0,
202400021994,155 743 074,B01,2.0,2.0,0,2,3,15,1.0,
202400021995,155 743 073,A01,3.0,2.0,0,0,8,1,1.0,
202400021996,155 743 071,A01,1.0,37.0,0,2,0,0,1.0,1
202400021997,155 743 069,A01,2.0,1.0,0,0,0,1,5.0,
202400021998,155 743 070,A01,3.0,33.0,8,0,3,0,1.0,
202400021999,155 743 068,A01,3.0,7.0,6,1,2,1,1.0,
202400022000,155 743 066,A01,1.0,7.0,8,0,2,14,1.0,
202400022001,155 743 064,A01,3.0,33.0,14,0,3,6,1.0,
202400022002,155 743 062,B01,2.0,32.0,0,2,1,1,1.0,
202400022003,155 743 063,A01,1.0,10.0,0,2,2,1,1.0,
202400022004,155 743 061,A01,1.0,7.0,13,0,9,21,1.0,
202400022005,155 743 058,A01,3.0,50.0,12,0,2,16,3.0,
202400022006,155 743 057,B01,2.0,1.0,0,2,5,1,5.0,
202400022007,155 743 056,A01,1.0,50.0,1,0,1,16,3.0,
202400022008,155 743 054,B01,2.0,7.0,0,0,4,1,1.0,
202400022009,155 743 053,A01,1.0,2.0,0,0,7,1,1.0,
202400022010,155 743 050,B01,1.0,50.0,0,2,9,1,3.0,
202400022011,155 743 049,B01,2.0,31.0,0,9,1,1,1.0,
202400022012,155 743 047,A01,2.0,21.0,0,0,0,1,1.0,
202400022013,155 743 048,A01,2.0,33.0,13,0,0,1,1.0,
202400022014,155 743 045,A01,1.0,2.0,0,2,7,2,1.0,
202400022015,155 743 041,B01,2.0,7.0,0,2,3,1,1.0,
202400022016,155 743 040,A01,2.0,30.0,0,2,0,0,1.0,
202400022017,155 743 039,Z01,1.0,7.0,0,1,2,9,0.0,
202400022018,155 743 038,B01,3.0,1.0,0,0,8,26,5.0,
202400022019,155 743 037,A01,2.0,7.0,0,1,2,14,1.0,
202400022020,155 743 036,A01,2.0,7.0,0,1,1,1,1.0,
202400022021,155 743 032,A01,2.0,7.0,5,0,3,1,1.0,
202400022022,155 743 031,A01,1.0,80.0,0,2,8,1,3.0,
202400022023,155 743 030,A01,2.0,34.0,0,1,1,1,3.0,
202400022024,155 743 029,B01,1.0,1.0,0,2,1,17,5.0,
202400022025,155 743 025,A01,1.0,2.0,0,0,0,1,1.0,
202400022026,155 743 023,A01,2.0,7.0,0,2,5,9,0.0,
202400022027,155 743 022,B01,3.0,13.0,0,2,4,23,1.0,
202400022028,155 743 021,C01,1.0,7.0,0,2,2,13,1.0,
202400022029,155 743 018,A01,2.0,7.0,0,2,1,2,1.0,
202400022030,155 743 016,A01,1.0,7.0,0,0,0,1,1.0,
202400022031,155 743 014,A01,3.0,7.0,0,2,3,15,1.0,
202400022032,155 743 015,A01,1.0,7.0,5,2,1,2,1.0,
202400022033,155 743 010,B01,1.0,21.0,0,2,6,1,1.0,
202400022034,155 743 009,A01,3.0,7.0,0,2,3,5,1.0,
202400022035,155 743 008,A01,1.0,7.0,0,1,2,1,2.0,
202400022036,155 743 007,A01,1.0,7.0,0,2,3,13,1.0,
202400022037,155 743 003,A01,1.0,3.0,12,0,9,16,1.0,
202400022038,155 743 002,A01,1.0,17.0,0,2,7,12,1.0,
202400022039,155 743 004,A01,2.0,33.0,0,2,1,1,1.0,
202400022040,155 743 000,A01,1.0,7.0,0,2,8,13,1.0,
202400022041,155 742 998,A01,1.0,33.0,13,0,0,1,1.0,
202400022042,155 742 997,A01,2.0,7.0,12,1,2,14,1.0,
202400022043,155 742 996,A01,1.0,7.0,0,2,2,16,1.0,
202400022044,155 742 992,A01,2.0,1.0,0,0,0,1,5.0,
202400022045,155 742 990,A01,2.0,7.0,0,1,1,1,1.0,
202400022046,155 742 991,B01,0.0,10.0,0,2,4,1,1.0,
202400022047,155 742 989,A01,2.0,33.0,14,0,1,0,1.0,
202400022048,155 742 984,A01,2.0,10.0,0,2,3,1,3.0,
202400022049,155 742 983,A01,2.0,7.0,0,2,5,15,1.0,
202400022050,155 742 982,A01,1.0,7.0,0,2,1,2,1.0,
202400022051,155 742 981,B01,1.0,7.0,0,2,1,1,1.0,
202400022052,155 742 979,A01,3.0,7.0,0,1,1,1,1.0,
202400022053,155 742 976,A01,1.0,1.0,0,2,7,0,5.0,
202400022054,155 742 975,B01,2.0,7.0,0,2,0,11,1.0,
202400022055,155 742 974,A01,1.0,33.0,0,2,1,17,1.0,
202400022056,155 742 971,A01,2.0,7.0,0,2,3,15,1.0,
202400022057,155 742 969,A01,2.0,36.0,0,0,9,1,1.0,
202400022058,155 742 968,A01,1.0,7.0,0,2,6,2,1.0,
202400022059,155 742 967,B01,2.0,7.0,0,2,8,1,1.0,
202400022060,155 742 965,A01,1.0,7.0,0,2,1,2,1.0,
202400022061,155 742 961,A01,1.0,17.0,0,0,0,2,1.0,
202400022062,155 742 958,B01,2.0,1.0,0,2,7,1,5.0,
202400022063,155 742 963,A01,2.0,7.0,0,1,1,1,1.0,
202400022064,155 742 959,A01,1.0,7.0,0,2,2,15,1.0,
202400022065,155 742 956,A01,1.0,7.0,0,2,5,12,1.0,
202400022066,155 742 954,A01,1.0,2.0,0,0,7,1,1.0,
202400022067,155 742 955,A01,2.0,2.0,15,0,1,1,1.0,
202400022068,155 742 952,A01,1.0,17.0,4,0,0,0,1.0,
202400022069,155 742 951,Z01,1.0,7.0,0,2,1,9,1.0,
202400022070,155 742 950,A01,1.0,33.0,0,0,3,16,1.0,
202400022071,155 742 949,A01,2.0,7.0,6,0,1,1,1.0,
202400022072,155 742 948,A01,1.0,7.0,4,0,8,1,1.0,
202400022073,155 742 942,B01,1.0,30.0,0,2,0,0,0.0,
202400022074,155 742 944,A01,1.0,7.0,0,2,5,15,1.0,
202400022075,155 742 941,A01,1.0,7.0,0,2,3,1,1.0,
202400022076,155 742 940,B01,1.0,7.0,0,2,3,2,1.0,
202400022077,155 742 938,A01,1.0,33.0,9,0,1,26,1.0,
202400022078,155 742 937,A01,1.0,2.0,0,2,1,1,1.0,
202400022079,155 742 934,A01,2.0,7.0,0,2,1,1,1.0,
202400022080,155 742 933,A01,1.0,7.0,0,2,4,2,1.0,
202400022081,155 742 932,A01,1.0,2.0,0,1,1,17,1.0,
202400022082,155 742 931,A01,1.0,7.0,8,0,1,1,1.0,
202400022083,155 742 926,B01,1.0,33.0,0,2,2,17,1.0,
202400022084,155 742 927,B01,1.0,33.0,0,2,8,3,1.0,
202400022085,155 742 924,A01,1.0,10.0,0,2,1,9,1.0,
202400022086,155 742 923,A01,3.0,7.0,0,2,1,13,1.0,
202400022087,155 742 922,A01,1.0,7.0,17,0,2,1,1.0,
202400022088,155 742 919,A01,2.0,7.0,0,2,1,17,1.0,
202400022089,155 742 918,A01,3.0,7.0,0,9,1,15,1.0,
202400022090,155 742 913,B01,1.0,7.0,0,2,1,21,1.0,
202400022091,155 742 912,A01,1.0,7.0,13,0,0,1,1.0,
202400022092,155 742 911,A01,2.0,15.0,0,0,0,15,1.0,
202400022093,155 742 910,A01,2.0,7.0,0,1,2,1,1.0,
202400022094,155 742 908,A01,3.0,7.0,13,0,1,1,1.0,
202400022095,155 742 914,A01,1.0,7.0,0,2,1,15,2.0,
202400022096,155 742 904,A01,1.0,7.0,1,1,3,1,1.0,
202400022097,155 742 905,A01,2.0,7.0,0,2,4,2,1.0,
202400022098,155 742 907,A01,3.0,7.0,0,9,3,9,1.0,
202400022099,155 742 903,A01,1.0,7.0,9,0,2,0,1.0,
202400022100,155 742 901,A01,2.0,7.0,0,1,1,15,1.0,
202400022101,155 742 898,A01,3.0,7.0,0,2,1,9,1.0,
202400022102,155 742 899,A01,1.0,7.0,0,1,1,1,2.0,
202400022103,155 742 897,A01,1.0,7.0,0,2,3,1,1.0,
202400022104,155 742 893,A01,2.0,7.0,0,0,8,1,1.0,
202400022105,155 742 892,A01,1.0,7.0,0,2,1,1,1.0,
202400022106,155 742 891,A01,1.0,33.0,0,0,0,17,1.0,
202400022107,155 742 889,A01,1.0,38.0,0,1,7,2,1.0,1
202400022108,155 742 888,A01,1.0,7.0,0,2,3,13,1.0,
202400022109,155 742 885,B01,1.0,7.0,0,2,8,24,1.0,
202400022110,155 742 882,A01,1.0,7.0,4,0,1,21,1.0,
202400022111,155 742 881,A01,1.0,7.0,0,2,1,9,1.0,
202400022112,155 742 877,A01,2.0,7.0,0,5,2,1,1.0,
202400022113,155 742 878,A01,3.0,33.0,12,0,7,16,1.0,
202400022114,155 742 876,A01,1.0,7.0,0,2,1,1,1.0,
202400022115,155 742 875,A01,1.0,7.0,0,2,7,1,1.0,
202400022116,155 742 874,A01,1.0,1.0,9,0,1,1,5.0,
202400022117,155 742 872,A01,0.0,7.0,0,1,0,26,0.0,
202400022118,155 742 869,A01,2.0,33.0,0,2,1,9,1.0,
202400022119,155 742 867,A01,3.0,7.0,0,2,1,9,1.0,
202400022120,155 742 866,A01,2.0,33.0,0,2,3,1,1.0,
202400022121,155 742 863,A01,2.0,33.0,0,2,5,13,1.0,
202400022122,155 742 865,A01,1.0,7.0,3,0,2,1,1.0,
202400022123,155 742 861,A01,3.0,7.0,2,0,0,1,0.0,
202400022124,155 742 860,B01,1.0,7.0,0,0,3,1,1.0,
202400022125,155 742 859,A01,2.0,7.0,0,1,3,15,1.0,
202400022126,155 742 858,A01,0.0,7.0,1,0,2,14,1.0,
202400022127,155 742 856,A01,2.0,32.0,0,0,8,13,1.0,
202400022128,155 742 855,A01,2.0,50.0,0,0,0,0,3.0,
202400022129,155 742 854,Z01,1.0,32.0,0,1,1,0,1.0,
202400022130,155 742 853,A01,3.0,33.0,8,2,1,26,1.0,
202400022131,155 742 852,A01,1.0,7.0,4,0,3,12,1.0,
202400022132,155 742 850,A01,1.0,7.0,0,2,3,1,1.0,
202400022133,155 742 849,A01,3.0,2.0,14,0,3,0,1.0,
202400022134,155 742 848,A01,1.0,7.0,7,0,1,16,3.0,
202400022135,155 742 845,B01,1.0,33.0,0,2,1,1,1.0,
202400022136,155 742 844,A01,2.0,7.0,0,2,2,16,1.0,
202400022137,155 742 842,A01,0.0,7.0,8,0,1,1,1.0,
202400022138,155 742 841,A01,1.0,7.0,6,0,1,1,1.0,
202400022139,155 742 840,A01,1.0,7.0,0,1,1,1,0.0,
202400022140,155 742 839,A01,0.0,7.0,0,1,1,1,1.0,
202400022141,155 742 837,A01,2.0,50.0,0,2,1,1,3.0,
202400022142,155 742 834,B01,3.0,50.0,0,2,8,26,3.0,
202400022143,155 742 835,A01,1.0,37.0,0,1,5,16,0.0,1
202400022144,155 742 832,B01,2.0,33.0,0,0,8,1,1.0,
202400022145,155 742 828,A01,3.0,7.0,0,2,1,1,1.0,
202400022146,155 742 829,B01,3.0,1.0,0,2,4,1,5.0,
202400022147,155 742 827,A01,1.0,32.0,0,1,1,17,1.0,
202400022148,155 742 825,A01,3.0,31.0,0,0,1,26,1.0,
202400022149,155 742 823,B01,1.0,7.0,0,2,3,15,1.0,
202400022150,155 742 822,A01,3.0,7.0,0,2,1,9,1.0,
202400022151,155 742 821,A01,1.0,30.0,0,1,1,15,1.0,
202400022152,155 742 819,A01,3.0,2.0,0,2,1,11,1.0,
202400022153,155 742 818,A01,1.0,7.0,0,1,1,1,1.0,
202400022154,155 742 817,A01,3.0,7.0,0,1,0,0,1.0,
202400022155,155 742 814,A01,2.0,1.0,0,2,1,2,5.0,
202400022156,155 742 813,A01,2.0,7.0,0,2,1,1,1.0,
202400022157,155 742 809,B01,2.0,7.0,0,2,2,19,1.0,
202400022158,155 742 810,B01,2.0,7.0,0,4,8,15,1.0,
202400022159,155 742 807,B01,0.0,33.0,0,2,1,1,1.0,
202400022160,155 742 804,A01,3.0,7.0,0,1,2,26,1.0,
202400022161,155 742 805,A01,3.0,2.0,0,2,1,13,1.0,
202400022162,155 742 803,A01,2.0,7.0,0,1,1,1,2.0,
202400022163,155 742 802,A01,2.0,7.0,0,1,1,1,1.0,
202400022164,155 742 801,A01,1.0,7.0,0,0,1,1,1.0,
202400022165,155 742 800,A01,1.0,7.0,0,1,3,1,2.0,
202400022166,155 742 798,A01,2.0,7.0,6,0,1,19,1.0,
202400022167,155 742 795,A01,1.0,7.0,0,2,4,2,1.0,
202400022168,155 742 794,A01,2.0,7.0,0,2,2,15,1.0,
202400022169,155 742 791,A01,1.0,7.0,0,2,3,15,1.0,
202400022170,155 742 787,D01,2.0,7.0,0,2,1,1,1.0,
202400022171,155 742 786,A01,0.0,33.0,0,9,1,1,1.0,
202400022172,155 742 784,B01,3.0,7.0,0,2,6,1,1.0,
202400022173,155 742 781,A01,1.0,34.0,0,2,1,9,1.0,
202400022174,155 742 780,B01,2.0,2.0,0,2,1,1,1.0,
202400022175,155 742 778,A01,3.0,7.0,0,1,1,1,1.0,
202400022176,155 742 776,A01,3.0,7.0,0,2,1,5,1.0,
202400022177,155 742 773,A01,1.0,7.0,0,1,1,1,1.0,
202400022178,155 742 772,A01,1.0,7.0,11,0,2,14,1.0,
202400022179,155 742 771,C01,1.0,7.0,0,2,4,2,1.0,
202400022180,155 742 768,A01,1.0,7.0,0,2,3,1,1.0,
202400022181,155 742 767,A01,1.0,7.0,0,2,8,9,1.0,
202400022182,155 742 763,A01,3.0,1.0,0,2,0,1,5.0,
202400022183,155 742 762,A01,2.0,7.0,0,1,0,1,1.0,
202400022184,155 742 761,A01,2.0,10.0,0,2,1,2,1.0,
202400022185,155 742 758,A01,3.0,32.0,0,2,3,1,1.0,
202400022186,155 742 757,B01,1.0,30.0,0,2,7,16,1.0,
202400022187,155 742 752,B01,2.0,15.0,0,2,6,1,1.0,
202400022188,155 742 753,A01,2.0,7.0,0,2,8,9,1.0,
202400022189,155 742 751,B01,2.0,7.0,0,2,3,1,1.0,
202400022190,155 742 747,A01,1.0,7.0,0,1,2,1,1.0,
202400022191,155 742 746,A01,0.0,30.0,0,0,2,1,1.0,
202400022192,155 742 745,C01,2.0,10.0,0,2,4,2,1.0,
202400022193,155 742 743,A01,3.0,1.0,0,0,1,16,5.0,
202400022194,155 742 741,A01,1.0,7.0,0,2,1,9,1.0,
202400022195,155 742 736,A01,1.0,7.0,0,1,2,1,1.0,
202400022196,155 742 737,B01,2.0,1.0,0,2,5,2,5.0,
202400022197,155 742 735,C01,2.0,7.0,0,2,6,11,1.0,
202400022198,155 742 733,A01,3.0,7.0,0,1,3,1,1.0,
202400022199,155 742 730,A01,1.0,7.0,0,0,2,1,1.0,
202400022200,155 742 729,A01,3.0,7.0,0,2,7,16,1.0,
202400022201,155 742 726,A01,2.0,10.0,0,2,1,2,1.0,
202400022202,155 742 724,A01,1.0,10.0,0,1,3,15,1.0,
202400022203,155 742 725,A01,2.0,7.0,0,2,1,2,1.0,
202400022204,155 742 722,B01,1.0,33.0,0,2,1,17,1.0,
202400022205,155 742 721,A01,1.0,7.0,0,1,2,1,1.0,
202400022206,155 742 718,A01,1.0,7.0,0,2,3,9,1.0,
202400022207,155 742 716,B01,2.0,7.0,0,2,3,1,1.0,
202400022208,155 742 714,A01,2.0,7.0,0,2,1,2,1.0,
202400022209,155 742 713,B01,1.0,1.0,0,2,1,0,5.0,
202400022210,155 742 712,A01,2.0,7.0,0,1,1,15,1.0,
202400022211,155 742 707,A01,2.0,7.0,0,2,1,2,2.0,
202400022212,155 742 706,B01,0.0,7.0,0,0,0,0,1.0,
202400022213,155 742 705,A01,2.0,33.0,0,2,3,21,1.0,
202400022214,155 742 704,A01,2.0,33.0,9,0,1,1,1.0,
202400022215,155 742 703,A01,1.0,7.0,0,1,1,1,1.0,
202400022216,155 742 702,A01,1.0,7.0,0,1,3,1,1.0,
202400022217,155 742 700,A01,2.0,7.0,4,2,2,1,1.0,
202400022218,155 742 696,A01,1.0,7.0,1,2,3,15,1.0,
202400022219,155 742 695,A01,1.0,7.0,0,2,6,2,2.0,
202400022220,155 742 692,A01,1.0,7.0,3,2,1,2,1.0,
202400022221,155 742 691,A01,2.0,7.0,6,0,1,15,1.0,
202400022222,155 742 688,B01,1.0,7.0,0,2,4,2,1.0,
202400022223,155 742 687,A01,2.0,50.0,0,0,0,16,3.0,
202400022224,155 742 685,B01,1.0,7.0,0,2,5,2,1.0,
202400022225,155 742 683,A01,1.0,7.0,8,0,1,1,1.0,
202400022226,155 742 681,A01,0.0,7.0,0,2,3,9,1.0,
202400022227,155 742 680,B01,1.0,2.0,0,2,1,1,1.0,
202400022228,155 742 678,A01,1.0,7.0,0,1,2,1,1.0,
202400022229,155 742 674,B01,2.0,30.0,0,2,4,2,1.0,
202400022230,155 742 673,D01,2.0,7.0,0,2,4,2,2.0,
202400022231,155 742 671,A01,2.0,7.0,8,2,1,6,1.0,
202400022232,155 742 670,A01,1.0,7.0,1,0,2,14,1.0,
202400022233,155 742 668,B01,2.0,43.0,0,2,1,3,1.0,
202400022234,155 742 665,A01,1.0,7.0,0,2,7,1,1.0,
202400022235,155 742 664,A01,1.0,7.0,1,0,1,1,1.0,