Num_Acc,id_vehicule,num_veh,senc,catv,obs,obsm,choc,manv,motor,occutc
202400022236,155 742 663,A01,1.0,7.0,0,2,1,1,1.0,
202400022237,155 742 661,A01,1.0,7.0,0,2,1,1,1.0,
202400022238,155 742 660,A01,1.0,1.0,12,0,0,0,5.0,
202400022239,155 742 656,B01,1.0,7.0,0,2,1,1,1.0,
202400022240,155 742 657,A01,3.0,33.0,1,0,2,14,1.0,
202400022241,155 742 655,B01,3.0,1.0,0,2,2,1,5.0,
202400022242,155 742 653,A01,2.0,7.0,0,1,2,1,1.0,
202400022243,155 742 650,A01,3.0,7.0,0,2,1,1,1.0,
202400022244,155 742 649,Z01,1.0,7.0,0,2,7,12,1.0,
202400022245,155 742 647,B01,0.0,14.0,0,2,1,1,1.0,
202400022246,155 742 644,B01,3.0,7.0,0,2,4,2,1.0,
202400022247,155 742 645,A01,2.0,7.0,2,0,9,1,1.0,
202400022248,155 742 641,B01,1.0,33.0,0,0,0,1,1.0,
202400022249,155 742 640,A01,1.0,7.0,0,2,1,1,1.0,
202400022250,155 742 639,A01,2.0,7.0,0,2,1,1,1.0,
202400022251,155 742 635,B01,1.0,2.0,0,2,4,15,1.0,
202400022252,155 742 633,A01,1.0,10.0,0,2,2,1,1.0,
202400022253,155 742 634,A01,1.0,7.0,0,2,2,15,1.0,
202400022254,155 742 629,B01,1.0,7.0,0,2,1,1,1.0,
202400022255,155 742 627,A01,2.0,30.0,0,2,1,2,1.0,
202400022256,155 742 623,A01,1.0,7.0,0,2,1,2,1.0,
202400022257,155 742 621,A01,2.0,7.0,0,2,1,13,1.0,
202400022258,155 742 622,A01,2.0,60.0,1,0,2,0,5.0,
202400022259,155 742 618,A01,2.0,7.0,0,1,1,15,1.0,
202400022260,155 742 617,B01,1.0,38.0,0,2,3,1,1.0,2
202400022261,155 742 616,A01,1.0,33.0,0,0,0,2,1.0,
202400022262,155 742 615,A01,3.0,7.0,0,2,7,19,1.0,
202400022263,155 742 613,B01,0.0,33.0,0,2,7,1,1.0,
202400022264,155 742 612,A01,1.0,7.0,0,1,1,17,2.0,
202400022265,155 742 609,A01,3.0,7.0,0,2,1,2,1.0,
202400022266,155 742 607,A01,0.0,7.0,0,2,8,0,1.0,
202400022267,155 742 604,A01,2.0,7.0,0,2,1,1,3.0,
202400022268,155 742 603,D01,3.0,10.0,0,2,1,1,1.0,
202400022269,155 742 601,A01,1.0,33.0,0,2,1,1,1.0,
202400022270,155 742 599,A01,1.0,43.0,12,0,1,14,1.0,
202400022271,155 742 598,B01,0.0,7.0,0,2,4,23,1.0,
202400022272,155 742 596,B01,3.0,10.0,0,2,5,15,0.0,
202400022273,155 742 594,A01,3.0,7.0,0,1,0,2,1.0,
202400022274,155 742 593,A01,2.0,1.0,0,2,1,15,5.0,
202400022275,155 742 590,A01,0.0,2.0,0,2,1,1,3.0,
202400022276,155 742 589,B01,0.0,50.0,0,0,0,0,3.0,
202400022277,155 742 587,B01,2.0,50.0,0,2,1,1,3.0,
202400022278,155 742 586,A01,0.0,7.0,16,0,0,26,1.0,
202400022279,155 742 585,A01,3.0,7.0,2,0,1,1,1.0,
202400022280,155 742 582,A01,3.0,7.0,0,1,2,1,1.0,
202400022281,155 742 580,B01,3.0,7.0,0,2,2,2,2.0,
202400022282,155 742 581,A01,2.0,7.0,0,9,8,22,1.0,
202400022283,155 742 579,A01,3.0,7.0,0,1,1,26,1.0,
202400022284,155 742 576,A01,1.0,7.0,0,9,2,15,1.0,
202400022285,155 742 574,B01,1.0,2.0,0,2,8,1,1.0,
202400022286,155 742 573,A01,1.0,7.0,0,9,4,23,1.0,
202400022287,155 742 571,A01,1.0,2.0,0,0,0,1,1.0,
202400022288,155 742 570,A01,2.0,43.0,0,2,2,1,1.0,
202400022289,155 742 567,A01,2.0,80.0,12,0,1,14,3.0,
202400022290,155 742 566,B01,1.0,7.0,0,2,2,1,1.0,
202400022291,155 742 565,B01,1.0,10.0,16,0,4,15,1.0,
202400022292,155 742 564,A01,2.0,7.0,0,1,2,15,1.0,
202400022293,155 742 561,A01,1.0,32.0,0,0,1,1,1.0,
202400022294,155 742 560,A01,1.0,1.0,1,0,1,26,5.0,
202400022295,155 742 559,B01,2.0,1.0,0,9,3,0,5.0,
202400022296,155 742 556,B01,3.0,1.0,14,2,1,21,5.0,
202400022297,155 742 554,A01,3.0,10.0,0,9,0,26,1.0,
202400022298,155 742 550,A01,2.0,43.0,0,2,3,1,1.0,
202400022299,155 742 552,A01,1.0,33.0,0,2,1,17,1.0,
202400022300,155 742 551,A01,1.0,10.0,0,1,2,0,0.0,
202400022301,155 742 548,A01,3.0,7.0,0,2,4,26,1.0,
202400022302,155 742 547,A01,1.0,2.0,0,0,8,1,3.0,
202400022303,155 742 544,A01,1.0,7.0,0,2,2,15,1.0,
202400022304,155 742 541,B01,3.0,7.0,0,2,3,1,1.0,
202400022305,155 742 540,B01,1.0,33.0,0,2,7,2,1.0,
202400022306,155 742 539,B01,1.0,80.0,0,2,1,1,3.0,
202400022307,155 742 534,B01,2.0,33.0,0,2,4,23,1.0,
202400022308,155 742 537,B01,1.0,7.0,0,2,2,1,1.0,
202400022309,155 742 532,B01,1.0,7.0,0,2,6,23,1.0,
202400022310,155 742 533,B01,3.0,7.0,0,2,1,15,1.0,
202400022311,155 742 530,A01,3.0,30.0,0,0,8,13,1.0,
202400022312,155 742 529,B01,3.0,2.0,0,2,1,2,0.0,
202400022313,155 742 527,A01,1.0,7.0,0,1,2,1,2.0,
202400022314,155 742 524,A01,1.0,50.0,0,1,8,1,3.0,
202400022315,155 742 526,A01,2.0,7.0,0,2,3,15,1.0,
202400022316,155 742 523,B01,3.0,32.0,0,2,0,0,1.0,
202400022317,155 742 516,C01,2.0,7.0,0,2,4,26,2.0,
202400022318,155 742 517,B01,3.0,15.0,0,2,2,1,1.0,
202400022319,155 742 514,A01,3.0,7.0,0,1,2,14,1.0,
202400022320,155 742 515,B01,2.0,7.0,0,2,9,1,1.0,
202400022321,155 742 509,B01,2.0,7.0,0,2,4,23,1.0,
202400022322,155 742 507,A01,0.0,37.0,0,2,2,1,1.0,1
202400022323,155 742 506,A01,3.0,7.0,0,2,1,2,1.0,
202400022324,155 742 508,B01,1.0,1.0,0,0,8,1,5.0,
202400022325,155 742 502,A01,2.0,7.0,0,1,0,0,1.0,
202400022326,155 742 500,B01,3.0,34.0,0,2,1,17,1.0,
202400022327,155 742 499,A01,0.0,7.0,0,2,2,15,1.0,
202400022328,155 742 498,C01,3.0,7.0,0,2,4,2,2.0,
202400022329,155 742 494,A01,3.0,7.0,0,2,1,1,1.0,
202400022330,155 742 496,A01,1.0,7.0,1,0,2,1,1.0,
202400022331,155 742 492,A01,3.0,7.0,0,2,3,1,2.0,
202400022332,155 742 491,A01,3.0,7.0,0,2,3,0,1.0,
202400022333,155 742 489,A01,3.0,10.0,9,0,3,13,1.0,
202400022334,155 742 486,A01,3.0,7.0,0,2,3,1,1.0,
202400022335,155 742 487,A01,0.0,7.0,0,2,0,19,1.0,
202400022336,155 742 484,A01,3.0,10.0,0,2,3,2,3.0,
202400022337,155 742 480,B01,1.0,7.0,0,2,6,0,1.0,
202400022338,155 742 478,A01,3.0,10.0,0,2,1,1,1.0,
202400022339,155 742 479,A01,1.0,7.0,0,2,3,1,1.0,
202400022340,155 742 476,B01,2.0,33.0,0,2,8,0,1.0,
202400022341,155 742 474,A01,3.0,7.0,0,1,1,1,3.0,
202400022342,155 742 473,A01,2.0,7.0,0,1,1,1,1.0,
202400022343,155 742 472,A01,2.0,33.0,0,2,1,9,1.0,
202400022344,155 742 470,A01,1.0,7.0,0,2,3,13,1.0,
202400022345,155 742 465,A01,3.0,33.0,0,9,3,1,1.0,
202400022346,155 742 466,B01,2.0,30.0,0,2,2,17,1.0,
202400022347,155 742 464,A01,1.0,31.0,0,2,3,3,1.0,
202400022348,155 742 460,A01,2.0,1.0,0,0,7,1,5.0,
202400022349,155 742 459,A01,3.0,7.0,0,2,1,1,1.0,
202400022350,155 742 458,A01,2.0,7.0,0,2,7,11,1.0,
202400022351,155 742 457,A01,3.0,7.0,0,2,1,19,1.0,
202400022352,155 742 456,A01,1.0,1.0,0,0,0,0,5.0,
202400022353,155 742 454,B01,0.0,1.0,0,0,0,0,5.0,
202400022354,155 742 452,A01,0.0,7.0,4,0,7,1,1.0,
202400022355,155 742 447,B01,2.0,7.0,0,2,1,11,2.0,
202400022356,155 742 446,A01,1.0,13.0,0,2,1,2,1.0,
202400022357,155 742 444,A01,3.0,7.0,0,2,4,4,1.0,
202400022358,155 742 442,B01,2.0,7.0,0,2,3,1,1.0,
202400022359,155 742 443,A01,1.0,33.0,4,0,1,14,1.0,
202400022360,155 742 439,A01,3.0,7.0,0,2,3,1,1.0,
202400022361,155 742 438,A01,2.0,2.0,0,0,0,1,1.0,
202400022362,155 742 437,A01,1.0,33.0,0,0,4,1,1.0,
202400022363,155 742 435,B01,1.0,7.0,0,2,3,11,1.0,
202400022364,155 742 433,A01,3.0,7.0,0,1,5,10,1.0,
202400022365,155 742 432,A01,2.0,50.0,8,0,1,1,3.0,
202400022366,155 742 431,A01,2.0,7.0,0,2,3,15,1.0,
202400022367,155 742 428,A01,2.0,1.0,0,2,1,1,5.0,
202400022368,155 742 427,A01,3.0,7.0,0,2,3,14,1.0,
202400022369,155 742 426,A01,3.0,7.0,14,0,1,1,1.0,
202400022370,155 742 423,A01,2.0,7.0,0,2,1,19,1.0,
202400022371,155 742 420,A01,1.0,7.0,1,0,2,1,1.0,
202400022372,155 742 419,B01,3.0,3.0,0,2,2,1,1.0,
202400022373,155 742 421,A01,3.0,7.0,0,2,1,1,1.0,
202400022374,155 742 417,A01,1.0,10.0,0,1,2,26,1.0,
202400022375,155 742 418,A01,2.0,7.0,2,0,1,1,1.0,
202400022376,155 742 415,A01,1.0,7.0,0,1,2,1,1.0,
202400022377,155 742 414,A01,1.0,33.0,0,2,3,1,1.0,
202400022378,155 742 411,A01,2.0,7.0,0,2,1,2,1.0,
202400022379,155 742 409,A01,1.0,7.0,0,1,1,1,1.0,
202400022380,155 742 408,B01,3.0,32.0,0,2,4,1,1.0,
202400022381,155 742 406,A01,2.0,7.0,0,2,8,9,1.0,
202400022382,155 742 401,A01,2.0,7.0,0,2,2,16,1.0,
202400022383,155 742 402,A01,1.0,33.0,2,0,0,0,1.0,
202400022384,155 742 404,A01,1.0,33.0,0,2,3,9,1.0,
202400022385,155 742 400,A01,2.0,33.0,0,2,1,1,1.0,
202400022386,155 742 399,A01,2.0,7.0,2,0,1,1,1.0,
202400022387,155 742 398,A01,1.0,7.0,15,0,1,15,1.0,
202400022388,155 742 396,A01,2.0,1.0,0,2,4,1,5.0,
202400022389,155 742 391,B01,1.0,7.0,0,2,3,1,1.0,
202400022390,155 742 392,A01,2.0,1.0,0,2,1,1,5.0,
202400022391,155 742 390,A01,2.0,32.0,0,2,1,1,1.0,
202400022392,155 742 389,A01,1.0,33.0,15,0,1,0,1.0,
202400022393,155 742 388,A01,2.0,7.0,0,1,2,1,1.0,
202400022394,155 742 387,A01,2.0,10.0,0,1,1,1,3.0,
202400022395,155 742 386,A01,1.0,13.0,6,0,1,14,1.0,
202400022396,155 742 385,A01,2.0,80.0,0,0,0,26,3.0,
202400022397,155 742 383,A01,3.0,1.0,0,1,1,1,5.0,
202400022398,155 742 382,A01,2.0,7.0,0,2,5,19,3.0,
202400022399,155 742 381,A01,3.0,7.0,0,1,1,1,1.0,
202400022400,155 742 378,A01,1.0,10.0,0,2,3,22,1.0,
202400022401,155 742 377,A01,1.0,7.0,2,0,9,1,1.0,
202400022402,155 742 376,A01,1.0,32.0,1,0,3,3,1.0,
202400022403,155 742 375,A01,1.0,7.0,0,2,8,15,1.0,
202400022404,155 742 374,A01,3.0,7.0,9,0,1,15,1.0,
202400022405,155 742 371,A01,1.0,7.0,0,2,2,16,1.0,
202400022406,155 742 370,A01,1.0,1.0,0,1,1,1,5.0,
202400022407,155 742 369,A01,1.0,2.0,0,2,1,1,1.0,
202400022408,155 742 367,A01,1.0,7.0,0,2,2,1,0.0,
202400022409,155 742 366,A01,1.0,33.0,0,1,1,1,1.0,
202400022410,155 742 365,A01,0.0,33.0,6,0,1,1,1.0,
202400022411,155 742 364,A01,2.0,32.0,0,0,7,1,3.0,
202400022412,155 742 362,A01,1.0,7.0,0,2,8,15,1.0,
202400022413,155 742 361,A01,2.0,7.0,2,0,3,13,1.0,
202400022414,155 742 358,B01,1.0,2.0,0,2,1,15,1.0,
202400022415,155 742 356,B01,2.0,7.0,0,2,1,9,1.0,
202400022416,155 742 352,B01,1.0,1.0,0,2,1,1,5.0,
202400022417,155 742 351,A01,3.0,32.0,0,2,1,1,1.0,
202400022418,155 742 350,A01,3.0,30.0,0,2,1,1,1.0,
202400022419,155 742 349,A01,1.0,13.0,8,0,1,16,1.0,
202400022420,155 742 346,A01,3.0,33.0,0,2,1,1,1.0,
202400022421,155 742 344,A01,2.0,32.0,2,0,1,0,1.0,
202400022422,155 742 342,A01,1.0,31.0,0,0,8,1,1.0,
202400022423,155 742 340,B01,3.0,7.0,0,2,1,0,0.0,
202400022424,155 742 338,A01,2.0,10.0,0,2,1,1,1.0,
202400022425,155 742 337,A01,2.0,7.0,13,0,1,1,1.0,
202400022426,155 742 336,A01,2.0,43.0,0,2,1,17,1.0,
202400022427,155 742 335,A01,1.0,34.0,1,2,1,1,1.0,
202400022428,155 742 332,A01,1.0,32.0,0,2,7,17,1.0,
202400022429,155 742 331,B01,1.0,7.0,0,2,3,15,1.0,
202400022430,155 742 329,A01,2.0,10.0,0,1,3,1,1.0,
202400022431,155 742 325,A01,1.0,7.0,0,0,4,1,1.0,
202400022432,155 742 326,A01,1.0,7.0,13,0,1,1,1.0,
202400022433,155 742 323,B01,3.0,7.0,0,1,1,21,1.0,
202400022434,155 742 322,A01,2.0,10.0,0,2,1,1,1.0,
202400022435,155 742 318,B01,1.0,7.0,0,2,1,1,1.0,
202400022436,155 742 316,A01,3.0,7.0,0,1,5,16,1.0,
202400022437,155 742 315,B01,2.0,7.0,0,9,2,1,1.0,
202400022438,155 742 313,A01,1.0,33.0,13,0,1,1,1.0,
202400022439,155 742 312,A01,1.0,7.0,0,2,1,1,1.0,
202400022440,155 742 310,B01,2.0,7.0,0,2,5,1,2.0,
202400022441,155 742 308,A01,1.0,7.0,8,2,2,0,1.0,
202400022442,155 742 307,A01,0.0,7.0,0,0,2,1,1.0,
202400022443,155 742 306,A01,1.0,34.0,0,1,1,1,1.0,
202400022444,155 742 305,A01,1.0,33.0,6,0,1,0,1.0,
202400022445,155 742 303,A01,0.0,7.0,13,0,3,2,1.0,
202400022446,155 742 301,A01,1.0,37.0,1,0,7,14,1.0,1
202400022447,155 742 300,A01,2.0,7.0,2,0,1,1,1.0,
202400022448,155 742 297,A01,1.0,7.0,0,0,1,17,1.0,
202400022449,155 742 299,A01,1.0,7.0,0,0,0,1,1.0,
202400022450,155 742 295,B01,1.0,31.0,0,2,1,1,1.0,
202400022451,155 742 292,A01,3.0,10.0,0,2,1,13,1.0,
202400022452,155 742 287,A01,1.0,7.0,0,2,1,5,1.0,
202400022453,155 742 285,A01,1.0,7.0,3,2,4,1,1.0,
202400022454,155 742 283,A01,2.0,7.0,0,2,3,1,1.0,
202400022455,155 742 282,A01,2.0,33.0,3,0,3,0,1.0,
202400022456,155 742 279,A01,1.0,7.0,3,2,1,2,1.0,
202400022457,155 742 278,A01,1.0,7.0,4,2,1,0,1.0,
202400022458,155 742 277,A01,2.0,34.0,0,0,1,1,1.0,
202400022459,155 742 273,A01,1.0,7.0,0,9,3,9,2.0,
202400022460,155 742 274,B01,2.0,37.0,0,2,7,1,1.0,1
202400022461,155 742 272,A01,2.0,31.0,5,0,1,1,1.0,
202400022462,155 742 270,A01,1.0,7.0,0,1,1,2,1.0,
202400022463,155 742 269,B01,1.0,2.0,0,2,1,1,1.0,
202400022464,155 742 266,B01,1.0,50.0,0,2,1,1,3.0,
202400022465,155 742 265,A01,2.0,7.0,1,0,3,2,1.0,
202400022466,155 742 263,A01,3.0,7.0,0,1,7,26,1.0,
202400022467,155 742 262,A01,2.0,31.0,1,0,0,26,1.0,
202400022468,155 742 261,A01,2.0,32.0,1,0,1,21,1.0,
202400022469,155 742 259,B01,2.0,7.0,0,2,1,21,1.0,
202400022470,155 742 256,A01,1.0,7.0,0,2,5,15,2.0,
202400022471,155 742 255,A01,1.0,7.0,0,2,7,17,1.0,
202400022472,155 742 253,A01,1.0,7.0,14,1,3,1,2.0,
202400022473,155 742 252,A01,3.0,1.0,0,2,1,19,5.0,
202400022474,155 742 249,A01,1.0,7.0,0,2,3,9,1.0,
202400022475,155 742 247,A01,3.0,99.0,0,2,1,1,0.0,
202400022476,155 742 246,A01,2.0,2.0,0,0,9,0,1.0,
202400022477,155 742 243,A01,1.0,33.0,0,0,3,15,1.0,
202400022478,155 742 244,A01,0.0,10.0,0,2,0,0,0.0,
202400022479,155 742 242,A01,0.0,7.0,12,0,1,2,2.0,
202400022480,155 742 240,B01,2.0,7.0,0,0,5,15,1.0,
202400022481,155 742 239,A01,2.0,1.0,1,0,2,0,5.0,
202400022482,155 742 235,A01,2.0,7.0,0,2,3,2,1.0,
202400022483,155 742 236,B01,2.0,31.0,0,2,1,13,1.0,
202400022484,155 742 231,B01,2.0,33.0,0,2,7,1,1.0,
202400022485,155 742 230,A01,2.0,7.0,0,2,2,15,1.0,
202400022486,155 742 228,A01,2.0,7.0,0,2,6,26,1.0,
202400022487,155 742 226,A01,2.0,7.0,0,2,1,13,3.0,
202400022488,155 742 225,A01,3.0,7.0,0,1,2,0,1.0,
202400022489,155 742 221,A01,1.0,7.0,0,2,1,2,3.0,
202400022490,155 742 220,A01,1.0,32.0,0,2,1,16,1.0,
202400022491,155 742 218,A01,1.0,7.0,0,2,8,11,1.0,
202400022492,155 742 216,B01,2.0,1.0,0,2,0,0,5.0,
202400022493,155 742 213,A01,1.0,33.0,0,0,3,3,1.0,
202400022494,155 742 211,A01,1.0,7.0,6,0,2,1,1.0,
202400022495,155 742 210,A01,2.0,7.0,0,2,0,19,2.0,
202400022496,155 742 209,A01,1.0,14.0,4,0,1,1,1.0,
202400022497,155 742 207,A01,2.0,1.0,0,2,7,18,5.0,
202400022498,155 742 205,B01,3.0,31.0,0,2,7,26,1.0,
202400022499,155 742 203,A01,1.0,2.0,0,2,3,15,1.0,
202400022500,155 742 200,B01,1.0,32.0,0,2,1,1,1.0,
202400022501,155 742 201,A01,2.0,1.0,0,0,0,0,5.0,
202400022502,155 742 198,A01,1.0,13.0,0,1,0,15,3.0,
202400022503,155 742 197,A01,1.0,31.0,0,2,3,9,1.0,
202400022504,155 742 195,A01,1.0,1.0,9,1,7,1,5.0,
202400022505,155 742 194,A01,3.0,7.0,1,0,2,1,1.0,
202400022506,155 742 193,A01,2.0,33.0,0,0,0,1,1.0,
202400022507,155 742 191,B01,1.0,10.0,1,0,6,23,1.0,
202400022508,155 742 190,A01,2.0,14.0,3,0,2,1,1.0,
202400022509,155 742 189,A01,1.0,33.0,12,0,2,1,1.0,
202400022510,155 742 187,A01,1.0,7.0,0,2,3,15,1.0,
202400022511,155 742 186,A01,1.0,32.0,14,0,1,1,1.0,
202400022512,155 742 183,A01,1.0,7.0,0,2,4,23,1.0,
202400022513,155 742 182,B01,2.0,2.0,0,2,1,17,1.0,
202400022514,155 742 180,A01,1.0,7.0,0,9,4,1,1.0,
202400022515,155 742 179,A01,1.0,7.0,6,2,2,1,1.0,
202400022516,155 742 178,A01,1.0,10.0,0,1,2,15,1.0,
202400022517,155 742 175,A01,1.0,7.0,0,2,6,11,1.0,
202400022518,155 742 176,A01,1.0,7.0,0,1,2,1,1.0,
202400022519,155 742 172,A01,2.0,7.0,0,2,2,1,1.0,
202400022520,155 742 170,A01,1.0,7.0,0,2,3,1,1.0,
202400022521,155 742 169,A01,1.0,7.0,0,1,1,26,1.0,
202400022522,155 742 167,A01,1.0,7.0,0,2,2,16,1.0,
202400022523,155 742 165,A01,2.0,7.0,0,2,5,12,1.0,
202400022524,155 742 163,A01,1.0,7.0,0,2,3,9,1.0,
202400022525,155 742 161,B01,1.0,33.0,0,2,1,1,1.0,
202400022526,155 742 159,A01,2.0,7.0,0,2,1,1,1.0,
202400022527,155 742 158,A01,1.0,50.0,0,0,0,25,3.0,
202400022528,155 742 156,A01,1.0,7.0,0,2,2,16,1.0,
202400022529,155 742 155,A01,1.0,7.0,0,1,1,1,1.0,
202400022530,155 742 153,A01,1.0,7.0,0,2,3,9,1.0,
202400022531,155 742 152,A01,1.0,10.0,0,1,1,1,1.0,
202400022532,155 742 150,B01,1.0,14.0,0,2,3,1,1.0,
202400022533,155 742 148,A01,3.0,7.0,0,2,3,15,1.0,
202400022534,155 742 146,A01,0.0,7.0,0,2,8,19,1.0,
202400022535,155 742 144,B01,3.0,7.0,0,2,0,15,1.0,
202400022536,155 742 143,A01,3.0,37.0,0,1,5,7,1.0,1
202400022537,155 742 141,A01,1.0,7.0,8,2,8,1,1.0,
202400022538,155 742 139,A01,1.0,7.0,0,2,2,9,1.0,
202400022539,155 742 137,A01,2.0,10.0,0,4,6,24,1.0,
202400022540,155 742 135,A01,1.0,7.0,0,2,2,15,1.0,
202400022541,155 742 133,B01,2.0,1.0,0,2,8,19,5.0,
202400022542,155 742 131,B01,1.0,7.0,0,2,8,15,1.0,
202400022543,155 742 129,A01,3.0,7.0,0,2,7,15,1.0,
202400022544,155 742 127,B01,1.0,2.0,0,2,2,17,1.0,
202400022545,155 742 125,B01,2.0,7.0,0,2,1,1,1.0,
202400022546,155 742 124,A01,1.0,7.0,0,1,1,26,1.0,
202400022547,155 742 122,B01,2.0,2.0,0,2,1,1,1.0,
202400022548,155 742 120,B01,2.0,2.0,0,2,1,1,1.0,
202400022549,155 742 119,A01,3.0,33.0,12,2,3,17,1.0,
202400022550,155 742 116,B01,3.0,33.0,0,2,1,1,1.0,
202400022551,155 742 114,B01,3.0,50.0,0,2,7,1,3.0,
202400022552,155 742 113,A01,3.0,7.0,2,0,1,14,1.0,
202400022553,155 742 111,A01,1.0,10.0,0,2,1,13,1.0,
202400022554,155 742 109,B01,1.0,1.0,0,2,1,1,5.0,
202400022555,155 742 106,B01,1.0,37.0,0,2,4,7,4.0,1
202400022556,155 742 104,A01,1.0,1.0,0,2,1,19,5.0,
202400022557,155 742 102,B01,1.0,7.0,0,2,1,1,1.0,
202400022558,155 742 097,A01,3.0,7.0,0,2,1,2,1.0,
202400022559,155 742 096,A01,2.0,50.0,0,1,1,1,3.0,
202400022560,155 742 094,A01,3.0,7.0,0,2,2,1,2.0,
202400022561,155 742 093,A01,2.0,7.0,3,0,9,0,1.0,
202400022562,155 742 091,A01,2.0,10.0,0,2,3,1,1.0,
202400022563,155 742 089,B01,1.0,7.0,8,0,3,1,1.0,
202400022564,155 742 088,A01,1.0,14.0,12,0,1,1,1.0,
202400022565,155 742 082,A01,1.0,7.0,0,2,5,16,1.0,
202400022566,155 742 078,A01,2.0,14.0,0,2,7,16,1.0,
202400022567,155 742 076,A01,2.0,7.0,0,2,8,11,1.0,
202400022568,155 742 074,B01,1.0,1.0,0,2,1,1,5.0,
202400022569,155 742 071,A01,0.0,13.0,0,2,1,1,1.0,
202400022570,155 742 069,A01,3.0,7.0,0,2,1,16,0.0,
202400022571,155 742 067,A01,3.0,7.0,0,2,1,11,1.0,
202400022572,155 742 065,A01,3.0,7.0,14,2,2,1,1.0,
202400022573,155 742 063,FC01,2.0,17.0,0,2,8,9,1.0,
202400022574,155 742 061,B01,3.0,7.0,0,9,3,1,1.0,
202400022575,155 742 059,A01,1.0,7.0,0,2,1,2,1.0,
202400022576,155 742 056,A01,2.0,7.0,0,2,2,2,2.0,
202400022577,155 742 054,A01,2.0,7.0,0,2,3,15,1.0,
202400022578,155 742 052,A01,3.0,7.0,0,2,6,17,1.0,
202400022579,155 742 050,B01,1.0,7.0,0,2,5,1,1.0,
202400022580,155 742 048,B01,2.0,7.0,0,2,4,1,2.0,
202400022581,155 742 047,A01,2.0,7.0,0,1,3,1,1.0,
202400022582,155 742 045,A01,2.0,7.0,0,2,1,9,1.0,
202400022583,155 742 042,A01,1.0,33.0,0,2,0,21,1.0,
202400022584,155 742 040,B01,1.0,10.0,0,2,1,5,1.0,
202400022585,155 742 039,A01,2.0,7.0,0,0,0,16,1.0,
202400022586,155 742 036,B01,1.0,7.0,0,2,5,2,1.0,
202400022587,155 742 037,Z01,3.0,10.0,0,1,1,16,0.0,
202400022588,155 742 034,A01,2.0,33.0,0,2,3,3,1.0,
202400022589,155 742 031,A01,1.0,7.0,0,2,5,1,1.0,
202400022590,155 742 032,A01,3.0,7.0,0,1,3,15,1.0,
202400022591,155 742 030,A01,2.0,33.0,0,0,8,16,1.0,
202400022592,155 742 027,A01,1.0,30.0,0,2,3,1,1.0,
202400022593,155 742 025,A01,2.0,7.0,0,0,0,1,0.0,
202400022594,155 742 024,A01,1.0,50.0,0,0,0,0,3.0,
202400022595,155 742 023,A01,1.0,7.0,1,0,2,15,1.0,
202400022596,155 742 018,A01,1.0,7.0,0,2,1,1,1.0,
202400022597,155 742 017,B01,3.0,7.0,0,2,4,1,2.0,
202400022598,155 742 015,A01,1.0,33.0,0,2,1,21,1.0,
202400022599,155 742 013,A01,2.0,31.0,0,2,1,1,3.0,
202400022600,155 742 011,A01,2.0,7.0,0,1,4,4,2.0,
202400022601,155 742 010,A01,1.0,50.0,0,0,0,1,3.0,
202400022602,155 742 008,B01,3.0,50.0,0,2,8,19,3.0,
202400022603,155 742 005,A01,1.0,10.0,0,1,1,1,1.0,
202400022604,155 742 006,A01,2.0,15.0,0,2,2,12,1.0,
202400022605,155 742 002,B01,3.0,10.0,0,2,8,1,1.0,
202400022606,155 742 003,A01,2.0,7.0,0,1,1,2,1.0,
202400022607,155 742 000,A01,2.0,10.0,0,1,3,15,1.0,
202400022608,155 741 998,A01,2.0,7.0,0,1,1,1,1.0,
202400022609,155 741 999,B01,1.0,10.0,0,2,3,1,1.0,
202400022610,155 741 997,A01,3.0,7.0,6,0,1,16,1.0,
202400022611,155 741 996,A01,1.0,10.0,0,1,4,26,1.0,
202400022612,155 741 994,B01,1.0,2.0,0,2,8,1,1.0,
202400022613,155 741 991,A01,2.0,50.0,0,2,6,16,3.0,
202400022614,155 741 988,A01,1.0,33.0,0,2,5,2,1.0,
202400022615,155 741 987,A01,1.0,7.0,0,2,2,9,0.0,
202400022616,155 741 985,B01,0.0,7.0,0,2,8,15,1.0,
202400022617,155 741 983,B01,1.0,33.0,0,2,1,1,1.0,
202400022618,155 741 981,A01,2.0,31.0,0,0,0,2,1.0,
202400022619,155 741 982,A01,2.0,7.0,13,0,1,26,1.0,
202400022620,155 741 979,A01,1.0,7.0,0,2,2,5,1.0,
202400022621,155 741 977,A01,1.0,50.0,0,1,1,1,3.0,
202400022622,155 741 973,A01,1.0,7.0,8,0,1,1,1.0,
202400022623,155 741 970,A01,3.0,7.0,0,2,1,1,1.0,
202400022624,155 741 972,A01,1.0,7.0,0,2,1,1,1.0,
202400022625,155 741 968,A01,3.0,13.0,0,2,8,13,1.0,
202400022626,155 741 967,A01,2.0,30.0,0,0,0,1,1.0,
202400022627,155 741 966,A01,3.0,3.0,0,1,2,1,3.0,
202400022628,155 741 965,A01,1.0,33.0,2,0,1,13,1.0,
202400022629,155 741 964,A01,1.0,3.0,0,1,2,0,1.0,
202400022630,155 741 962,B01,1.0,7.0,0,0,7,1,1.0,
202400022631,155 741 960,A01,1.0,7.0,14,0,0,1,1.0,
202400022632,155 741 959,B01,0.0,7.0,0,2,1,15,1.0,