Num_Acc,id_vehicule,num_veh,senc,catv,obs,obsm,choc,manv,motor,occutc
202400022633,155 741 956,A01,1.0,7.0,0,2,3,10,1.0,
202400022634,155 741 955,A01,1.0,7.0,0,2,1,1,1.0,
202400022635,155 741 953,B01,1.0,7.0,0,2,1,1,1.0,
202400022636,155 741 949,A01,,7.0,8,0,2,26,1.0,
202400022637,155 741 944,B01,2.0,7.0,0,2,4,2,1.0,
202400022638,155 741 943,A01,1.0,7.0,0,2,3,9,1.0,
202400022639,155 741 942,A01,3.0,15.0,1,1,6,16,1.0,
202400022640,155 741 939,A01,1.0,7.0,0,2,3,1,1.0,
202400022641,155 741 937,A01,2.0,33.0,0,0,1,0,1.0,
202400022642,155 741 933,A01,1.0,3.0,0,2,3,13,1.0,
202400022643,155 741 934,B01,2.0,7.0,0,2,4,23,1.0,
202400022644,155 741 931,A01,1.0,35.0,0,2,1,19,1.0,
202400022645,155 741 928,A01,2.0,38.0,0,2,3,1,1.0,1
202400022646,155 741 925,B01,2.0,33.0,0,2,1,1,1.0,
202400022647,155 741 927,A01,1.0,14.0,0,2,1,1,1.0,
202400022648,155 741 923,A01,1.0,7.0,0,2,7,15,1.0,
202400022649,155 741 919,A01,3.0,7.0,0,2,1,1,1.0,
202400022650,155 741 917,A01,3.0,33.0,0,2,1,11,1.0,
202400022651,155 741 915,A01,1.0,7.0,0,2,7,15,1.0,
202400022652,155 741 913,A01,1.0,30.0,0,2,1,26,1.0,
202400022653,155 741 912,A01,2.0,7.0,0,1,1,1,1.0,
202400022654,155 741 910,A01,3.0,50.0,0,2,3,13,3.0,
202400022655,155 741 906,A01,0.0,10.0,0,2,1,14,1.0,
202400022656,155 741 902,A01,2.0,50.0,0,0,1,0,3.0,
202400022657,155 741 901,A01,1.0,7.0,0,1,3,1,1.0,
202400022658,155 741 899,A01,3.0,7.0,0,2,2,9,1.0,
202400022659,155 741 897,A01,3.0,7.0,0,2,4,15,1.0,
202400022660,155 741 895,A01,3.0,33.0,0,2,1,1,1.0,
202400022661,155 741 893,A01,2.0,31.0,0,2,1,17,1.0,
202400022662,155 741 891,B01,1.0,33.0,0,2,7,1,1.0,
202400022663,155 741 890,A01,2.0,7.0,4,0,4,1,1.0,
202400022664,155 741 888,A01,0.0,10.0,0,2,2,17,1.0,
202400022665,155 741 886,Y01,2.0,1.0,0,2,1,3,5.0,
202400022666,155 741 884,A01,3.0,7.0,0,2,1,1,3.0,
202400022667,155 741 883,A01,2.0,60.0,12,0,1,1,5.0,
202400022668,155 741 881,A01,1.0,80.0,0,2,1,5,3.0,
202400022669,155 741 880,A01,1.0,7.0,0,1,3,1,2.0,
202400022670,155 741 879,A01,3.0,7.0,0,1,1,16,1.0,
202400022671,155 741 877,A01,1.0,10.0,0,2,4,2,1.0,
202400022672,155 741 875,A01,1.0,80.0,0,2,1,1,3.0,
202400022673,155 741 873,B01,2.0,1.0,0,0,1,5,5.0,
202400022674,155 741 872,A01,1.0,1.0,0,0,8,2,5.0,
202400022675,155 741 870,B01,2.0,80.0,0,2,3,2,3.0,
202400022676,155 741 868,B01,3.0,7.0,0,2,4,0,2.0,
202400022677,155 741 866,A01,1.0,7.0,0,2,1,15,1.0,
202400022678,155 741 863,B01,1.0,7.0,0,2,6,2,1.0,
202400022679,155 741 861,B01,2.0,33.0,0,2,2,0,1.0,
202400022680,155 741 859,B01,3.0,60.0,0,2,1,17,5.0,
202400022681,155 741 858,A01,1.0,10.0,1,1,4,26,3.0,
202400022682,155 741 855,C01,3.0,7.0,0,9,0,1,1.0,
202400022683,155 741 854,A01,1.0,37.0,0,1,2,1,1.0,1
202400022684,155 741 853,A01,2.0,33.0,0,1,3,3,0.0,
202400022685,155 741 851,A01,0.0,50.0,0,2,1,1,3.0,
202400022686,155 741 850,Z01,2.0,50.0,0,1,1,25,3.0,
202400022687,155 741 849,A01,3.0,7.0,0,1,1,1,2.0,
202400022688,155 741 848,A01,2.0,7.0,14,1,1,2,1.0,
202400022689,155 741 847,A01,1.0,7.0,0,1,7,1,1.0,
202400022690,155 741 845,B01,1.0,7.0,0,2,3,1,1.0,
202400022691,155 741 844,A01,1.0,50.0,0,1,1,1,3.0,
202400022692,155 741 842,B01,3.0,10.0,0,2,4,2,1.0,
202400022693,155 741 841,A01,2.0,32.0,0,1,1,2,1.0,
202400022694,155 741 840,A01,1.0,7.0,13,0,1,1,1.0,
202400022695,155 741 838,A01,1.0,2.0,0,2,1,1,1.0,
202400022696,155 741 837,A01,1.0,33.0,8,0,1,2,1.0,
202400022697,155 741 835,B01,1.0,15.0,0,2,3,1,1.0,
202400022698,155 741 833,A01,1.0,7.0,0,0,7,1,1.0,
202400022699,155 741 830,C01,1.0,7.0,0,0,1,1,1.0,
202400022700,155 741 827,A01,2.0,7.0,3,2,1,5,1.0,
202400022701,155 741 826,A01,1.0,7.0,2,0,3,1,1.0,
202400022702,155 741 824,B01,3.0,7.0,0,2,3,16,1.0,
202400022703,155 741 822,A01,1.0,7.0,0,2,1,1,1.0,
202400022704,155 741 821,A01,0.0,38.0,0,1,1,1,1.0,1
202400022705,155 741 819,B01,2.0,7.0,0,2,3,1,1.0,
202400022706,155 741 817,B01,2.0,7.0,0,2,2,1,1.0,
202400022707,155 741 816,A01,1.0,7.0,6,0,1,14,1.0,
202400022708,155 741 814,A01,1.0,7.0,0,2,2,15,0.0,
202400022709,155 741 813,A01,2.0,7.0,0,1,2,1,1.0,
202400022710,155 741 810,A01,0.0,10.0,0,2,2,1,1.0,
202400022711,155 741 809,A01,0.0,7.0,5,0,1,1,3.0,
202400022712,155 741 807,A01,2.0,7.0,0,2,1,13,1.0,
202400022713,155 741 805,B01,1.0,7.0,11,2,1,1,1.0,
202400022714,155 741 803,B01,0.0,1.0,0,2,2,19,5.0,
202400022715,155 741 801,B01,2.0,7.0,0,2,3,1,1.0,
202400022716,155 741 799,B01,2.0,1.0,0,2,1,1,5.0,
202400022717,155 741 797,B01,1.0,7.0,0,2,1,1,1.0,
202400022718,155 741 795,B01,2.0,7.0,0,2,1,1,1.0,
202400022719,155 741 794,A01,1.0,7.0,2,0,3,1,1.0,
202400022720,155 741 793,A01,1.0,7.0,15,0,0,0,1.0,
202400022721,155 741 792,A01,1.0,10.0,8,0,1,1,1.0,
202400022722,155 741 790,A01,0.0,32.0,0,2,1,14,1.0,
202400022723,155 741 788,B01,3.0,0.0,0,2,0,5,0.0,
202400022724,155 741 786,A01,1.0,7.0,0,2,3,1,1.0,
202400022725,155 741 785,A01,1.0,33.0,0,6,1,1,1.0,
202400022726,155 741 784,A01,1.0,7.0,0,1,2,21,1.0,
202400022727,155 741 783,A01,2.0,7.0,2,0,1,1,1.0,
202400022728,155 741 781,A01,3.0,7.0,0,2,1,15,2.0,
202400022729,155 741 780,A01,1.0,80.0,11,0,9,0,3.0,
202400022730,155 741 777,A01,3.0,7.0,0,2,7,13,1.0,
202400022731,155 741 774,A01,3.0,10.0,16,0,9,0,1.0,
202400022732,155 741 773,A01,2.0,7.0,15,0,1,13,1.0,
202400022733,155 741 772,A01,2.0,7.0,16,0,0,1,1.0,
202400022734,155 741 770,A01,1.0,33.0,0,2,1,17,1.0,
202400022735,155 741 768,A01,1.0,7.0,0,2,1,2,1.0,
202400022736,155 741 766,A01,1.0,2.0,0,2,1,13,1.0,
202400022737,155 741 765,A01,2.0,7.0,0,1,4,4,1.0,
202400022738,155 741 763,A01,1.0,33.0,0,0,7,1,1.0,
202400022739,155 741 761,B01,1.0,7.0,0,2,5,15,1.0,
202400022740,155 741 758,C01,1.0,10.0,0,2,1,1,1.0,
202400022741,155 741 756,A01,3.0,7.0,0,2,1,15,1.0,
202400022742,155 741 751,E01,2.0,7.0,0,2,5,1,1.0,
202400022743,155 741 746,A01,1.0,7.0,0,2,6,1,1.0,
202400022744,155 741 744,Z01,2.0,7.0,0,2,1,1,1.0,
202400022745,155 741 742,A01,1.0,7.0,0,2,4,23,1.0,
202400022746,155 741 739,B01,2.0,7.0,0,2,3,11,1.0,
202400022747,155 741 737,A01,2.0,7.0,0,2,1,1,1.0,
202400022748,155 741 736,A01,2.0,7.0,3,0,5,1,1.0,
202400022749,155 741 734,A01,1.0,33.0,3,2,1,16,1.0,
202400022750,155 741 731,A01,2.0,10.0,0,2,3,2,3.0,
202400022751,155 741 730,A01,2.0,33.0,0,0,0,26,1.0,
202400022752,155 741 728,A01,2.0,34.0,0,2,1,3,1.0,
202400022753,155 741 726,A01,2.0,7.0,3,0,1,1,1.0,
202400022754,155 741 724,A01,2.0,10.0,0,2,4,1,1.0,
202400022755,155 741 722,A01,2.0,7.0,0,2,1,15,1.0,
202400022756,155 741 720,A01,2.0,7.0,0,2,1,1,1.0,
202400022757,155 741 719,A01,1.0,7.0,0,1,2,1,1.0,
202400022758,155 741 717,B01,1.0,7.0,0,2,8,0,1.0,
202400022759,155 741 715,B01,2.0,15.0,0,2,4,2,1.0,
202400022760,155 741 713,A01,1.0,1.0,0,2,1,0,5.0,
202400022761,155 741 711,B01,1.0,50.0,0,2,1,1,3.0,
202400022762,155 741 709,A01,2.0,7.0,0,2,4,26,1.0,
202400022763,155 741 707,B01,1.0,7.0,0,2,4,16,0.0,
202400022764,155 741 705,A01,1.0,7.0,0,2,1,26,1.0,
202400022765,155 741 702,C01,1.0,10.0,0,2,2,11,1.0,
202400022766,155 741 700,A01,1.0,33.0,0,2,1,2,1.0,
202400022767,155 741 699,A01,3.0,30.0,0,0,1,1,1.0,
202400022768,155 741 697,A01,2.0,1.0,0,2,4,1,5.0,
202400022769,155 741 695,B01,2.0,37.0,0,2,1,1,1.0,1
202400022770,155 741 694,A01,1.0,7.0,0,2,2,26,1.0,
202400022771,155 741 693,A01,1.0,32.0,0,1,1,0,1.0,
202400022772,155 741 692,A01,1.0,33.0,0,1,1,0,1.0,
202400022773,155 741 691,A01,2.0,37.0,0,0,0,1,1.0,5
202400022774,155 741 689,A01,1.0,7.0,0,9,3,2,1.0,
202400022775,155 741 688,A01,1.0,37.0,0,1,3,0,1.0,1
202400022776,155 741 686,A01,1.0,7.0,0,2,8,11,1.0,
202400022777,155 741 684,A01,1.0,7.0,6,0,3,0,1.0,
202400022778,155 741 683,A01,3.0,7.0,1,0,3,13,1.0,
202400022779,155 741 679,A01,3.0,7.0,0,2,2,1,0.0,
202400022780,155 741 678,A01,3.0,7.0,0,1,1,1,1.0,
202400022781,155 741 677,A01,3.0,7.0,3,0,9,13,1.0,
202400022782,155 741 676,A01,2.0,7.0,0,1,2,26,1.0,
202400022783,155 741 674,B01,1.0,7.0,0,2,4,23,1.0,
202400022784,155 741 673,A01,3.0,7.0,0,1,3,1,1.0,
202400022785,155 741 670,A01,1.0,15.0,0,2,2,2,1.0,
202400022786,155 741 666,B01,0.0,7.0,0,2,7,1,0.0,
202400022787,155 741 665,A01,1.0,7.0,0,1,3,1,1.0,
202400022788,155 741 663,A01,3.0,7.0,9,2,1,26,1.0,
202400022789,155 741 661,A01,3.0,7.0,0,2,2,15,1.0,
202400022790,155 741 657,D01,1.0,7.0,0,2,4,2,1.0,
202400022791,155 741 655,A01,3.0,7.0,0,2,1,2,1.0,
202400022792,155 741 653,A01,2.0,7.0,0,2,1,1,1.0,
202400022793,155 741 651,A01,3.0,1.0,0,2,0,0,5.0,
202400022794,155 741 649,A01,3.0,3.0,0,2,2,2,1.0,
202400022795,155 741 647,A01,1.0,7.0,0,1,1,1,1.0,
202400022796,155 741 645,A01,1.0,7.0,0,2,1,1,1.0,
202400022797,155 741 644,A01,1.0,7.0,0,1,1,1,1.0,
202400022798,155 741 642,A01,3.0,7.0,0,2,1,13,1.0,
202400022799,155 741 640,A01,1.0,7.0,6,2,1,9,1.0,
202400022800,155 741 638,A01,3.0,7.0,0,2,2,17,1.0,
202400022801,155 741 636,A01,2.0,7.0,0,2,1,13,1.0,
202400022802,155 741 634,A01,1.0,7.0,0,2,3,1,1.0,
202400022803,155 741 632,B01,1.0,7.0,0,1,1,1,1.0,
202400022804,155 741 630,B01,3.0,1.0,0,2,7,1,5.0,
202400022805,155 741 629,A01,2.0,30.0,0,0,8,16,3.0,
202400022806,155 741 627,A01,2.0,7.0,15,2,3,9,1.0,
202400022807,155 741 625,B01,1.0,33.0,0,2,8,1,1.0,
202400022808,155 741 624,A01,2.0,10.0,0,1,1,1,1.0,
202400022809,155 741 623,A01,1.0,10.0,0,1,4,4,1.0,
202400022810,155 741 621,B01,3.0,7.0,0,2,6,26,1.0,
202400022811,155 741 618,A01,3.0,43.0,0,2,2,2,1.0,
202400022812,155 741 617,A01,3.0,30.0,0,0,7,1,1.0,
202400022813,155 741 616,A01,2.0,7.0,6,0,1,14,1.0,
202400022814,155 741 614,B01,1.0,43.0,0,2,1,1,1.0,
202400022815,155 741 613,A01,2.0,7.0,10,0,1,14,1.0,
202400022816,155 741 611,A01,2.0,7.0,0,2,1,13,1.0,
202400022817,155 741 610,A01,1.0,33.0,0,1,1,1,1.0,
202400022818,155 741 608,A01,1.0,7.0,0,2,2,1,1.0,
202400022819,155 741 606,A01,1.0,7.0,0,2,7,17,1.0,
202400022820,155 741 604,A01,1.0,7.0,0,2,3,13,1.0,
202400022821,155 741 602,B01,2.0,34.0,0,2,1,1,1.0,
202400022822,155 741 600,A01,1.0,33.0,1,2,9,2,1.0,
202400022823,155 741 598,A01,3.0,33.0,0,2,1,1,1.0,
202400022824,155 741 593,A01,2.0,7.0,0,1,2,1,1.0,
202400022825,155 741 590,A01,2.0,7.0,0,2,4,23,0.0,
202400022826,155 741 589,A01,1.0,7.0,0,0,3,1,1.0,
202400022827,155 741 587,B01,3.0,1.0,0,2,1,9,5.0,
202400022828,155 741 585,B01,3.0,50.0,0,2,1,1,3.0,
202400022829,155 741 584,A01,1.0,1.0,8,0,1,1,5.0,
202400022830,155 741 583,A01,1.0,33.0,0,1,1,1,1.0,
202400022831,155 741 581,A01,3.0,7.0,0,2,1,5,1.0,
202400022832,155 741 579,A01,1.0,33.0,0,2,7,17,1.0,
202400022833,155 741 578,Z01,2.0,7.0,0,1,1,1,0.0,
202400022834,155 741 576,A01,1.0,7.0,0,2,6,15,1.0,
202400022835,155 741 573,A01,1.0,7.0,0,2,1,2,1.0,
202400022836,155 741 571,B01,0.0,50.0,0,2,7,1,3.0,
202400022837,155 741 570,Z01,1.0,7.0,0,1,0,26,0.0,
202400022838,155 741 568,A01,0.0,7.0,0,2,8,6,1.0,
202400022839,155 741 566,B01,3.0,31.0,0,2,8,1,1.0,
202400022840,155 741 564,A01,3.0,7.0,0,2,2,16,0.0,
202400022841,155 741 562,B01,1.0,7.0,0,2,3,1,1.0,
202400022842,155 741 560,B01,1.0,7.0,0,2,4,1,1.0,
202400022843,155 741 558,A01,1.0,7.0,0,2,3,15,1.0,
202400022844,155 741 557,B01,3.0,7.0,0,2,2,14,1.0,
202400022845,155 741 555,B01,2.0,80.0,0,2,1,1,3.0,
202400022846,155 741 553,A01,1.0,7.0,0,2,2,1,1.0,
202400022847,155 741 552,A01,1.0,33.0,13,0,1,1,1.0,
202400022848,155 741 550,A01,2.0,10.0,0,2,3,1,1.0,
202400022849,155 741 548,A01,2.0,7.0,0,2,3,15,1.0,
202400022850,155 741 546,A01,2.0,7.0,0,2,8,22,1.0,
202400022851,155 741 544,B01,2.0,33.0,0,2,9,1,1.0,
202400022852,155 741 542,A01,3.0,7.0,0,2,1,15,1.0,
202400022853,155 741 540,A01,1.0,10.0,0,2,3,15,1.0,
202400022854,155 741 539,A01,1.0,7.0,0,1,1,26,1.0,
202400022855,155 741 536,A01,3.0,7.0,0,0,0,26,1.0,
202400022856,155 741 534,A01,1.0,7.0,0,2,1,26,1.0,
202400022857,155 741 533,A01,1.0,14.0,0,0,8,16,1.0,
202400022858,155 741 531,A01,2.0,7.0,0,2,1,1,1.0,
202400022859,155 741 530,A01,0.0,7.0,0,2,3,17,2.0,
202400022860,155 741 529,A01,1.0,7.0,0,1,1,26,3.0,
202400022861,155 741 528,A01,1.0,7.0,13,0,9,1,1.0,
202400022862,155 741 526,A01,1.0,7.0,0,2,2,1,2.0,
202400022863,155 741 524,B01,0.0,37.0,0,2,2,1,1.0,1
202400022864,155 741 522,B01,3.0,50.0,0,2,1,1,3.0,
202400022865,155 741 521,A01,2.0,7.0,0,1,1,1,2.0,
202400022866,155 741 519,B01,2.0,7.0,0,2,5,9,1.0,
202400022867,155 741 517,A01,1.0,7.0,0,2,0,0,1.0,
202400022868,155 741 515,B01,1.0,7.0,0,2,1,1,1.0,
202400022869,155 741 513,A01,2.0,2.0,0,2,1,3,1.0,
202400022870,155 741 511,A01,2.0,33.0,0,2,1,9,1.0,
202400022871,155 741 509,B01,2.0,10.0,0,2,5,2,1.0,
202400022872,155 741 506,B01,2.0,33.0,0,2,1,1,1.0,
202400022873,155 741 503,Z01,2.0,10.0,0,2,8,1,0.0,
202400022874,155 741 502,A01,3.0,33.0,0,1,2,5,1.0,
202400022875,155 741 501,A01,1.0,1.0,0,1,8,1,5.0,
202400022876,155 741 500,A01,2.0,32.0,0,1,2,1,1.0,
202400022877,155 741 498,A01,3.0,30.0,0,2,1,2,1.0,
202400022878,155 741 497,Z01,1.0,7.0,0,1,3,1,2.0,
202400022879,155 741 496,A01,3.0,7.0,0,1,6,0,1.0,
202400022880,155 741 494,A01,2.0,32.0,0,2,1,17,1.0,
202400022881,155 741 491,A01,0.0,32.0,0,1,3,21,1.0,
202400022882,155 741 489,A01,2.0,7.0,0,2,1,2,1.0,
202400022883,155 741 486,A01,3.0,50.0,0,2,1,19,3.0,
202400022884,155 741 485,B01,1.0,32.0,0,2,7,1,1.0,
202400022885,155 741 482,A01,2.0,1.0,0,2,7,0,5.0,
202400022886,155 741 481,A01,1.0,7.0,0,2,3,1,1.0,
202400022887,155 741 477,A01,1.0,2.0,0,2,6,15,1.0,
202400022888,155 741 475,A01,1.0,10.0,0,1,1,1,1.0,
202400022889,155 741 472,A01,1.0,50.0,0,1,8,1,3.0,
202400022890,155 741 471,A01,1.0,7.0,6,0,1,1,1.0,
202400022891,155 741 468,A01,1.0,7.0,0,1,1,1,1.0,
202400022892,155 741 469,A01,3.0,10.0,0,2,3,2,3.0,
202400022893,155 741 466,A01,3.0,3.0,0,2,3,13,1.0,
202400022894,155 741 465,A01,3.0,33.0,0,1,2,1,1.0,
202400022895,155 741 463,X01,3.0,7.0,0,2,0,0,0.0,
202400022896,155 741 462,A01,2.0,7.0,0,1,1,1,1.0,
202400022897,155 741 459,B01,1.0,80.0,0,2,4,11,3.0,
202400022898,155 741 457,B01,2.0,7.0,0,2,5,15,1.0,
202400022899,155 741 453,B01,3.0,7.0,0,2,6,15,1.0,
202400022900,155 741 454,A01,1.0,7.0,0,2,1,1,1.0,
202400022901,155 741 451,A01,1.0,7.0,0,2,1,15,3.0,
202400022902,155 741 450,A01,2.0,13.0,0,1,3,15,1.0,
202400022903,155 741 449,A01,1.0,7.0,0,1,2,1,1.0,
202400022904,155 741 447,A01,1.0,7.0,0,2,1,1,1.0,
202400022905,155 741 445,A01,1.0,7.0,0,2,7,15,1.0,
202400022906,155 741 442,A01,1.0,10.0,0,2,1,13,1.0,
202400022907,155 741 439,A01,2.0,34.0,0,2,1,1,1.0,
202400022908,155 741 441,A01,1.0,32.0,0,2,8,18,1.0,
202400022909,155 741 437,A01,2.0,43.0,0,2,3,3,1.0,
202400022910,155 741 434,A01,1.0,7.0,0,2,5,23,2.0,
202400022911,155 741 433,B01,2.0,33.0,0,2,8,1,1.0,
202400022912,155 741 431,A01,1.0,80.0,0,2,1,1,3.0,
202400022913,155 741 429,A01,2.0,10.0,0,2,5,4,1.0,
202400022914,155 741 428,A01,3.0,7.0,0,1,2,1,1.0,
202400022915,155 741 426,A01,1.0,33.0,0,2,2,17,1.0,
202400022916,155 741 425,A01,3.0,7.0,0,1,6,4,1.0,
202400022917,155 741 422,A01,2.0,7.0,0,2,2,15,1.0,
202400022918,155 741 421,A01,1.0,7.0,0,2,2,2,1.0,
202400022919,155 741 418,A01,2.0,7.0,0,2,3,13,1.0,
202400022920,155 741 417,A01,1.0,7.0,9,2,1,15,1.0,
202400022921,155 741 414,A01,1.0,7.0,0,2,2,0,1.0,
202400022922,155 741 413,A01,1.0,1.0,0,2,1,19,5.0,
202400022923,155 741 412,A01,1.0,7.0,0,9,1,26,1.0,
202400022924,155 741 410,B01,1.0,7.0,0,2,3,0,1.0,
202400022925,155 741 408,A01,1.0,7.0,0,2,1,1,1.0,
202400022926,155 741 407,A01,2.0,1.0,0,1,1,1,5.0,
202400022927,155 741 404,B01,3.0,50.0,15,2,1,5,3.0,
202400022928,155 741 403,A01,1.0,7.0,0,2,2,16,3.0,
202400022929,155 741 401,A01,3.0,7.0,8,0,3,13,1.0,
202400022930,155 741 402,A01,0.0,10.0,0,1,3,26,0.0,
202400022931,155 741 400,A01,0.0,7.0,8,0,1,1,1.0,
202400022932,155 741 399,A01,1.0,7.0,0,1,1,17,1.0,
202400022933,155 741 398,A01,3.0,10.0,0,1,1,20,1.0,
202400022934,155 741 397,A01,1.0,43.0,1,0,1,1,1.0,
202400022935,155 741 394,B01,1.0,1.0,0,2,1,1,5.0,
202400022936,155 741 393,A01,3.0,7.0,0,2,1,5,1.0,
202400022937,155 741 390,B01,3.0,7.0,0,2,3,1,1.0,
202400022938,155 741 389,A01,3.0,7.0,0,2,2,1,1.0,
202400022939,155 741 386,A01,2.0,7.0,0,1,2,1,1.0,
202400022940,155 741 385,A01,2.0,1.0,0,2,2,1,5.0,
202400022941,155 741 383,A01,2.0,7.0,0,2,1,15,1.0,
202400022942,155 741 382,B01,0.0,7.0,0,0,3,15,2.0,
202400022943,155 741 380,A01,1.0,34.0,0,2,1,15,1.0,
202400022944,155 741 378,A01,3.0,34.0,0,0,0,0,1.0,
202400022945,155 741 375,B01,3.0,1.0,1,0,1,1,5.0,
202400022946,155 741 374,B01,1.0,7.0,0,2,7,16,1.0,
202400022947,155 741 373,A01,3.0,7.0,0,0,1,1,1.0,
202400022948,155 741 371,A01,1.0,34.0,0,6,1,19,1.0,
202400022949,155 741 372,B01,1.0,1.0,0,2,0,0,5.0,
202400022950,155 741 368,A01,1.0,30.0,8,0,0,20,1.0,
202400022951,155 741 369,B01,2.0,50.0,0,2,0,0,3.0,
202400022952,155 741 367,A01,3.0,7.0,8,0,2,14,1.0,
202400022953,155 741 364,A01,1.0,7.0,0,2,2,0,1.0,
202400022954,155 741 363,B01,1.0,7.0,0,9,2,15,1.0,
202400022955,155 741 361,A01,2.0,33.0,0,2,1,1,1.0,
202400022956,155 741 358,A01,2.0,7.0,3,0,2,1,1.0,
202400022957,155 741 359,A01,2.0,7.0,0,2,1,1,1.0,
202400022958,155 741 355,A01,1.0,10.0,3,2,1,11,1.0,
202400022959,155 741 354,A01,2.0,7.0,0,2,5,14,1.0,
202400022960,155 741 351,A01,2.0,34.0,0,2,1,2,1.0,
202400022961,155 741 352,A01,1.0,7.0,4,0,1,2,1.0,
202400022962,155 741 348,A01,1.0,7.0,0,2,2,17,1.0,
202400022963,155 741 346,A01,2.0,32.0,0,2,3,3,1.0,
202400022964,155 741 344,A01,2.0,15.0,1,0,7,15,1.0,
202400022965,155 741 341,A01,2.0,33.0,0,2,1,0,1.0,
202400022966,155 741 339,A01,1.0,31.0,0,0,1,26,1.0,
202400022967,155 741 336,A01,2.0,7.0,0,2,1,13,1.0,
202400022968,155 741 335,B01,1.0,10.0,0,2,1,1,1.0,
202400022969,155 741 334,A01,1.0,7.0,2,0,7,2,1.0,
202400022970,155 741 331,A01,2.0,32.0,0,0,7,1,1.0,
202400022971,155 741 332,B01,2.0,7.0,0,2,1,1,1.0,
202400022972,155 741 330,A01,2.0,7.0,3,0,1,1,1.0,
202400022973,155 741 328,B01,1.0,7.0,0,2,8,1,1.0,
202400022974,155 741 327,A01,1.0,7.0,0,1,1,1,1.0,
202400022975,155 741 326,A01,2.0,30.0,0,1,1,19,1.0,
202400022976,155 741 324,B01,1.0,10.0,0,2,1,1,1.0,
202400022977,155 741 322,A01,1.0,7.0,0,2,1,9,1.0,
202400022978,155 741 321,A01,0.0,2.0,0,0,0,1,1.0,
202400022979,155 741 319,A01,3.0,30.0,0,0,0,1,1.0,
202400022980,155 741 318,B01,3.0,31.0,0,2,1,1,1.0,
202400022981,155 741 315,A01,1.0,7.0,0,2,5,14,1.0,
202400022982,155 741 314,A01,2.0,33.0,0,2,1,1,1.0,
202400022983,155 741 311,A01,2.0,7.0,6,0,1,13,1.0,
202400022984,155 741 312,A01,2.0,7.0,0,2,1,15,1.0,
202400022985,155 741 310,A01,1.0,33.0,4,0,6,1,1.0,
202400022986,155 741 308,A01,1.0,33.0,0,2,8,1,1.0,
202400022987,155 741 307,A01,2.0,33.0,0,0,0,1,1.0,
202400022988,155 741 305,A01,1.0,31.0,0,0,1,1,1.0,
202400022989,155 741 304,A01,1.0,7.0,0,2,1,1,1.0,
202400022990,155 741 300,A01,1.0,2.0,0,2,1,17,1.0,
202400022991,155 741 299,Z01,1.0,7.0,0,2,8,10,1.0,
202400022992,155 741 296,A01,2.0,7.0,0,2,7,2,1.0,
202400022993,155 741 295,B01,2.0,30.0,0,2,1,0,1.0,
202400022994,155 741 293,A01,1.0,7.0,0,1,1,1,1.0,
202400022995,155 741 292,A01,2.0,7.0,0,2,2,1,1.0,
202400022996,155 741 291,A01,3.0,7.0,0,1,1,26,1.0,
202400022997,155 741 290,A01,1.0,7.0,0,1,7,1,1.0,
202400022998,155 741 288,A01,3.0,7.0,0,1,8,9,1.0,
202400022999,155 741 287,B01,2.0,33.0,0,2,2,2,1.0,
202400023000,155 741 281,A01,2.0,7.0,0,2,3,5,1.0,
202400023001,155 741 279,A01,2.0,7.0,0,2,1,2,2.0,
202400023002,155 741 278,A01,3.0,7.0,0,0,1,1,1.0,
202400023003,155 741 275,B01,3.0,50.0,0,2,1,2,3.0,
202400023004,155 741 274,B01,1.0,7.0,0,2,8,1,1.0,
202400023005,155 741 272,A01,3.0,33.0,0,2,1,17,1.0,
202400023006,155 741 271,A01,3.0,7.0,0,1,4,20,1.0,
202400023007,155 741 267,A01,2.0,7.0,0,2,4,1,1.0,
202400023008,155 741 265,A01,1.0,10.0,2,2,3,1,1.0,
202400023009,155 741 262,B01,1.0,7.0,0,2,7,16,1.0,
202400023010,155 741 261,B01,1.0,1.0,13,0,2,21,5.0,
202400023011,155 741 260,A01,3.0,37.0,0,1,7,16,1.0,1
202400023012,155 741 258,B01,0.0,1.0,0,2,1,1,5.0,
202400023013,155 741 256,A01,3.0,10.0,0,2,1,1,1.0,
202400023014,155 741 254,A01,2.0,10.0,0,2,1,1,1.0,
202400023015,155 741 253,A01,2.0,7.0,0,1,1,0,1.0,
202400023016,155 741 252,A01,2.0,15.0,0,0,8,1,1.0,
202400023017,155 741 249,A01,3.0,7.0,0,2,1,1,1.0,
202400023018,155 741 248,B01,1.0,38.0,2,0,5,21,1.0,9
202400023019,155 741 246,A01,3.0,7.0,0,2,1,15,1.0,
202400023020,155 741 242,A01,2.0,14.0,0,1,3,1,1.0,
202400023021,155 741 241,A01,2.0,17.0,0,2,2,2,1.0,
202400023022,155 741 240,A01,1.0,7.0,0,1,1,1,2.0,
202400023023,155 741 239,A01,3.0,7.0,0,1,1,1,1.0,
202400023024,155 741 237,B01,0.0,60.0,0,2,8,1,5.0,
202400023025,155 741 235,A01,1.0,14.0,0,2,2,19,1.0,
202400023026,155 741 232,B01,2.0,33.0,0,2,1,2,1.0,
202400023027,155 741 231,A01,0.0,7.0,0,2,8,15,1.0,
202400023028,155 741 228,A01,2.0,10.0,0,2,1,1,1.0,
202400023029,155 741 229,A01,3.0,7.0,0,1,2,15,1.0,