Num_Acc,id_vehicule,num_veh,senc,catv,obs,obsm,choc,manv,motor,occutc
202400023030,155 741 225,B01,2.0,1.0,0,0,4,13,5.0,
202400023031,155 741 224,B01,1.0,31.0,0,2,7,17,0.0,
202400023032,155 741 222,B01,1.0,1.0,0,0,8,1,5.0,
202400023033,155 741 221,A01,2.0,43.0,0,0,1,1,1.0,
202400023034,155 741 220,A01,2.0,7.0,16,0,9,14,1.0,
202400023035,155 741 216,A01,1.0,7.0,0,2,1,13,1.0,
202400023036,155 741 215,A01,0.0,15.0,0,2,3,1,1.0,
202400023037,155 741 212,B01,2.0,33.0,0,2,1,1,1.0,
202400023038,155 741 211,A01,2.0,33.0,0,2,2,2,1.0,
202400023039,155 741 209,A01,2.0,33.0,1,0,2,1,1.0,
202400023040,155 741 208,A01,1.0,7.0,8,4,8,26,1.0,
202400023041,155 741 204,A01,2.0,10.0,15,2,2,26,1.0,
202400023042,155 741 205,A01,1.0,7.0,0,2,1,15,1.0,
202400023043,155 741 202,A01,1.0,33.0,16,0,1,17,1.0,
202400023044,155 741 201,A01,1.0,7.0,0,2,1,26,1.0,
202400023045,155 741 199,A01,2.0,33.0,0,2,1,1,1.0,
202400023046,155 741 197,A01,3.0,7.0,0,2,7,12,1.0,
202400023047,155 741 195,A01,1.0,7.0,8,0,1,1,1.0,
202400023048,155 741 196,A01,1.0,33.0,6,0,3,13,1.0,
202400023049,155 741 190,A01,2.0,7.0,0,2,8,22,3.0,
202400023050,155 741 189,A01,1.0,7.0,0,2,1,5,1.0,
202400023051,155 741 188,A01,1.0,7.0,0,2,3,0,3.0,
202400023052,155 741 183,B01,1.0,10.0,0,0,5,1,1.0,
202400023053,155 741 181,B01,1.0,7.0,0,2,3,1,1.0,
202400023054,155 741 180,A01,3.0,7.0,0,1,2,1,1.0,
202400023055,155 741 178,A01,1.0,33.0,3,0,1,0,1.0,
202400023056,155 741 177,B01,2.0,17.0,0,2,3,1,1.0,
202400023057,155 741 176,A01,1.0,7.0,0,0,9,17,1.0,
202400023058,155 741 171,A01,2.0,7.0,0,2,2,16,1.0,
202400023059,155 741 172,A01,1.0,31.0,8,0,1,0,1.0,
202400023060,155 741 169,A01,1.0,7.0,0,0,4,1,1.0,
202400023061,155 741 164,A01,1.0,10.0,0,2,7,15,1.0,
202400023062,155 741 165,B01,3.0,33.0,0,2,1,1,1.0,
202400023063,155 741 163,A01,3.0,7.0,0,2,1,15,1.0,
202400023064,155 741 162,A01,2.0,7.0,8,0,2,9,1.0,
202400023065,155 741 157,A01,1.0,7.0,0,2,1,2,1.0,
202400023066,155 741 156,A01,2.0,7.0,0,2,1,1,1.0,
202400023067,155 741 155,A01,1.0,7.0,0,2,4,15,1.0,
202400023068,155 741 152,A01,2.0,7.0,0,2,3,2,1.0,
202400023069,155 741 151,B01,3.0,50.0,0,2,7,1,3.0,
202400023070,155 741 150,A01,1.0,7.0,0,1,1,1,1.0,
202400023071,155 741 148,A01,2.0,1.0,0,2,7,19,5.0,
202400023072,155 741 147,A01,3.0,7.0,0,1,4,20,1.0,
202400023073,155 741 145,A01,1.0,7.0,3,0,9,1,3.0,
202400023074,155 741 144,A01,1.0,7.0,0,2,1,13,1.0,
202400023075,155 741 141,B01,1.0,7.0,0,2,1,15,1.0,
202400023076,155 741 137,A01,2.0,7.0,0,2,5,2,1.0,
202400023077,155 741 138,A01,3.0,7.0,0,2,2,1,1.0,
202400023078,155 741 135,A01,3.0,50.0,0,2,4,11,3.0,
202400023079,155 741 130,B01,1.0,7.0,0,2,1,5,0.0,
202400023080,155 741 129,A01,2.0,1.0,0,0,0,0,5.0,
202400023081,155 741 128,B01,2.0,7.0,0,2,3,15,1.0,
202400023082,155 741 127,A01,3.0,36.0,6,0,8,1,1.0,
202400023083,155 741 124,A01,2.0,7.0,16,0,9,1,1.0,
202400023084,155 741 123,A01,1.0,7.0,0,2,3,17,3.0,
202400023085,155 741 122,A01,3.0,7.0,1,0,4,23,1.0,
202400023086,155 741 118,B01,2.0,21.0,0,2,8,1,1.0,
202400023087,155 741 116,A01,3.0,7.0,0,2,4,2,1.0,
202400023088,155 741 115,A01,2.0,33.0,6,0,1,1,1.0,
202400023089,155 741 114,A01,1.0,7.0,12,0,1,26,1.0,
202400023090,155 741 111,A01,0.0,1.0,0,2,1,1,5.0,
202400023091,155 741 110,A01,3.0,7.0,0,1,4,4,1.0,
202400023092,155 741 109,A01,2.0,10.0,0,2,1,12,1.0,
202400023093,155 741 108,A01,0.0,7.0,4,0,1,0,1.0,
202400023094,155 741 104,A01,1.0,7.0,0,2,1,2,1.0,
202400023095,155 741 105,B01,2.0,1.0,0,0,4,15,5.0,
202400023096,155 741 100,B01,1.0,10.0,0,2,1,2,1.0,
202400023097,155 741 099,A01,2.0,10.0,0,2,1,15,1.0,
202400023098,155 741 096,C01,1.0,7.0,0,2,4,2,1.0,
202400023099,155 741 095,A01,3.0,50.0,0,0,0,16,3.0,
202400023100,155 741 091,A01,2.0,7.0,0,2,7,2,1.0,
202400023101,155 741 089,A01,2.0,7.0,0,2,1,2,1.0,
202400023102,155 741 088,B01,2.0,7.0,0,2,4,2,1.0,
202400023103,155 741 087,A01,1.0,33.0,0,0,7,1,1.0,
202400023104,155 741 084,A01,2.0,15.0,0,2,6,0,1.0,
202400023105,155 741 083,A01,2.0,7.0,0,2,5,19,1.0,
202400023106,155 741 082,A01,1.0,7.0,1,0,3,0,1.0,
202400023107,155 741 078,B01,1.0,37.0,0,2,6,24,1.0,1
202400023108,155 741 077,A01,2.0,7.0,0,2,1,1,1.0,
202400023109,155 741 074,A01,2.0,7.0,0,2,1,2,1.0,
202400023110,155 741 073,A01,2.0,7.0,0,2,1,1,1.0,
202400023111,155 741 071,B01,1.0,33.0,0,2,1,3,1.0,
202400023112,155 741 070,A01,2.0,7.0,3,0,1,1,1.0,
202400023113,155 741 066,A01,1.0,7.0,0,2,3,2,1.0,
202400023114,155 741 065,A01,1.0,7.0,0,2,2,1,1.0,
202400023115,155 741 064,A01,1.0,10.0,0,2,4,1,1.0,
202400023116,155 741 054,B01,1.0,7.0,0,9,2,1,1.0,
202400023117,155 741 055,C01,1.0,7.0,0,0,4,1,1.0,
202400023118,155 741 059,A01,3.0,10.0,0,1,1,15,1.0,
202400023119,155 741 052,A01,1.0,7.0,4,0,3,1,1.0,
202400023120,155 741 051,A01,1.0,7.0,0,2,6,2,1.0,
202400023121,155 741 046,A01,1.0,10.0,0,2,4,26,1.0,
202400023122,155 741 049,A01,3.0,7.0,2,0,3,14,1.0,
202400023123,155 741 045,A01,1.0,7.0,0,2,4,1,1.0,
202400023124,155 741 044,A01,3.0,7.0,8,0,4,26,1.0,
202400023125,155 741 037,B01,2.0,33.0,0,2,0,0,1.0,
202400023126,155 741 038,A01,3.0,7.0,0,2,4,23,1.0,
202400023127,155 741 033,A01,1.0,7.0,0,2,1,2,2.0,
202400023128,155 741 032,B01,1.0,30.0,0,2,7,0,1.0,
202400023129,155 741 029,A01,3.0,7.0,0,2,1,17,1.0,
202400023130,155 741 025,A01,3.0,10.0,0,2,2,1,1.0,
202400023131,155 741 020,A01,2.0,7.0,0,2,1,13,1.0,
202400023132,155 741 018,A01,1.0,7.0,4,0,0,0,1.0,
202400023133,155 741 016,A01,3.0,7.0,0,2,1,2,1.0,
202400023134,155 741 014,A01,1.0,7.0,0,2,1,1,1.0,
202400023135,155 741 021,C01,3.0,7.0,0,2,4,2,1.0,
202400023136,155 741 008,A01,2.0,30.0,0,0,8,1,1.0,
202400023137,155 741 009,B01,2.0,7.0,0,2,4,0,1.0,
202400023138,155 741 007,A01,1.0,7.0,15,0,9,14,1.0,
202400023139,155 741 005,B01,1.0,7.0,0,2,2,1,1.0,
202400023140,155 741 001,A01,3.0,7.0,0,2,1,1,1.0,
202400023141,155 741 000,A01,1.0,10.0,0,2,1,14,1.0,
202400023142,155 740 999,A01,1.0,33.0,0,0,0,1,1.0,
202400023143,155 740 997,A01,1.0,30.0,0,2,3,16,1.0,
202400023144,155 740 996,A01,2.0,7.0,4,0,3,21,1.0,
202400023145,155 740 994,B01,1.0,7.0,0,2,4,1,1.0,
202400023146,155 740 991,A01,1.0,17.0,0,2,2,12,1.0,
202400023147,155 740 990,B01,3.0,7.0,0,2,8,15,1.0,
202400023148,155 740 987,A01,2.0,7.0,0,2,1,2,1.0,
202400023149,155 740 988,A01,1.0,7.0,0,1,3,19,1.0,
202400023150,155 740 985,B01,1.0,7.0,0,2,4,1,1.0,
202400023151,155 740 982,A01,2.0,7.0,0,1,2,2,1.0,
202400023152,155 740 981,A01,2.0,7.0,0,2,3,13,3.0,
202400023153,155 740 979,A01,0.0,16.0,4,0,2,14,1.0,
202400023154,155 740 980,A01,2.0,7.0,1,0,3,1,1.0,
202400023155,155 740 977,A01,2.0,32.0,0,2,4,2,1.0,
202400023156,155 740 970,B01,1.0,7.0,0,2,3,21,2.0,
202400023157,155 740 971,A01,1.0,7.0,0,2,1,9,1.0,
202400023158,155 740 969,A01,2.0,10.0,0,2,5,15,1.0,
202400023159,155 740 966,B01,2.0,30.0,0,2,1,17,1.0,
202400023160,155 740 964,C01,1.0,7.0,0,2,4,1,1.0,
202400023161,155 740 963,A01,3.0,7.0,0,1,4,24,1.0,
202400023162,155 740 961,A01,1.0,7.0,0,2,1,2,0.0,
202400023163,155 740 959,A01,2.0,33.0,0,1,1,1,1.0,
202400023164,155 740 958,B01,2.0,7.0,0,2,4,2,1.0,
202400023165,155 740 957,A01,2.0,7.0,0,1,0,1,1.0,
202400023166,155 740 955,A01,2.0,7.0,0,1,1,1,1.0,
202400023167,155 740 954,B01,2.0,32.0,0,2,8,11,1.0,
202400023168,155 740 952,B01,2.0,10.0,0,2,3,1,1.0,
202400023169,155 740 949,A01,0.0,7.0,0,9,1,15,1.0,
202400023170,155 740 947,A01,1.0,10.0,0,2,2,9,1.0,
202400023171,155 740 944,A01,2.0,7.0,0,2,1,2,1.0,
202400023172,155 740 942,B01,0.0,1.0,0,2,1,1,5.0,
202400023173,155 740 939,A01,1.0,7.0,8,2,1,5,1.0,
202400023174,155 740 938,A01,1.0,1.0,0,2,2,16,5.0,
202400023175,155 740 937,B01,2.0,33.0,0,2,7,1,1.0,
202400023176,155 740 934,B01,2.0,10.0,0,2,6,21,1.0,
202400023177,155 740 932,A01,1.0,7.0,0,1,1,1,1.0,
202400023178,155 740 933,A01,3.0,10.0,0,1,3,1,1.0,
202400023179,155 740 928,B01,2.0,2.0,0,2,1,1,1.0,
202400023180,155 740 929,A01,1.0,33.0,0,2,1,1,1.0,
202400023181,155 740 927,A01,1.0,10.0,0,1,1,1,0.0,
202400023182,155 740 925,B01,3.0,80.0,0,2,3,1,3.0,
202400023183,155 740 924,A01,3.0,7.0,0,1,2,1,1.0,
202400023184,155 740 922,A01,3.0,33.0,0,0,8,9,1.0,
202400023185,155 740 919,B01,1.0,50.0,0,2,1,1,3.0,
202400023186,155 740 921,A01,2.0,7.0,0,2,1,1,1.0,
202400023187,155 740 917,B01,0.0,7.0,0,2,3,15,1.0,
202400023188,155 740 915,A01,3.0,7.0,0,2,1,9,1.0,
202400023189,155 740 914,A01,3.0,33.0,9,0,1,15,1.0,
202400023190,155 740 912,A01,1.0,10.0,0,2,1,0,1.0,
202400023191,155 740 911,A01,1.0,7.0,6,0,0,13,1.0,
202400023192,155 740 908,B01,3.0,2.0,0,2,1,26,1.0,
202400023193,155 740 907,A01,3.0,7.0,0,2,6,4,1.0,
202400023194,155 740 905,A01,3.0,7.0,0,1,7,1,1.0,
202400023195,155 740 904,A01,3.0,7.0,0,2,1,2,1.0,
202400023196,155 740 903,A01,1.0,30.0,0,2,0,1,1.0,
202400023197,155 740 901,A01,2.0,33.0,0,2,0,0,1.0,
202400023198,155 740 899,A01,1.0,7.0,0,2,1,2,1.0,
202400023199,155 740 897,A01,3.0,31.0,0,2,6,18,1.0,
202400023200,155 740 896,A01,3.0,7.0,15,0,1,14,1.0,
202400023201,155 740 895,A01,1.0,10.0,0,1,1,2,1.0,
202400023202,155 740 892,A01,1.0,32.0,0,9,8,1,3.0,
202400023203,155 740 891,Z01,1.0,7.0,0,2,5,12,0.0,
202400023204,155 740 889,A01,1.0,1.0,0,0,3,13,5.0,
202400023205,155 740 888,A01,2.0,34.0,0,0,1,1,1.0,
202400023206,155 740 886,A01,1.0,10.0,0,1,2,1,1.0,
202400023207,155 740 885,A01,1.0,34.0,0,2,5,1,1.0,
202400023208,155 740 884,A01,1.0,7.0,9,0,1,1,1.0,
202400023209,155 740 881,A01,1.0,7.0,0,2,1,0,1.0,
202400023210,155 740 880,A01,3.0,7.0,0,2,2,10,1.0,
202400023211,155 740 879,A01,0.0,33.0,12,0,1,26,1.0,
202400023212,155 740 876,A01,1.0,50.0,0,2,7,1,3.0,
202400023213,155 740 875,B01,0.0,80.0,0,2,8,1,3.0,
202400023214,155 740 871,A01,0.0,7.0,0,2,1,9,1.0,
202400023215,155 740 872,B01,1.0,2.0,0,2,8,1,1.0,
202400023216,155 740 868,A01,3.0,7.0,0,2,1,1,1.0,
202400023217,155 740 867,A01,2.0,1.0,0,2,1,13,5.0,
202400023218,155 740 864,A01,3.0,7.0,0,2,5,1,1.0,
202400023219,155 740 863,A01,0.0,1.0,0,2,1,1,5.0,
202400023220,155 740 861,A01,2.0,2.0,0,1,1,21,3.0,
202400023221,155 740 860,B01,2.0,7.0,0,2,1,1,1.0,
202400023222,155 740 857,A01,1.0,10.0,0,2,8,15,1.0,
202400023223,155 740 856,B01,3.0,7.0,0,2,3,2,3.0,
202400023224,155 740 854,A01,1.0,30.0,0,2,8,16,1.0,
202400023225,155 740 852,Z01,2.0,0.0,0,2,0,0,0.0,
202400023226,155 740 851,Z01,2.0,7.0,0,1,1,0,0.0,
202400023227,155 740 850,A01,1.0,10.0,0,1,3,15,1.0,
202400023228,155 740 848,B01,2.0,7.0,0,2,7,16,2.0,
202400023229,155 740 846,A01,3.0,7.0,0,2,1,1,1.0,
202400023230,155 740 845,A01,3.0,13.0,0,1,4,4,0.0,
202400023231,155 740 844,A01,2.0,7.0,0,1,1,1,0.0,
202400023232,155 740 843,A01,0.0,7.0,0,1,1,1,1.0,
202400023233,155 740 841,A01,0.0,50.0,0,2,1,19,3.0,
202400023234,155 740 839,A01,2.0,33.0,0,2,1,1,1.0,
202400023235,155 740 837,A01,1.0,10.0,0,2,6,11,1.0,
202400023236,155 740 836,A01,3.0,7.0,9,0,2,26,1.0,
202400023237,155 740 832,A01,2.0,1.0,0,2,1,21,5.0,
202400023238,155 740 833,B01,1.0,33.0,0,2,7,17,1.0,
202400023239,155 740 830,A01,1.0,7.0,0,2,3,15,1.0,
202400023240,155 740 829,A01,1.0,1.0,0,1,1,1,5.0,
202400023241,155 740 827,A01,2.0,10.0,0,1,4,20,1.0,
202400023242,155 740 826,Z01,3.0,1.0,0,2,7,1,5.0,
202400023243,155 740 823,A01,2.0,10.0,0,2,2,1,1.0,
202400023244,155 740 822,A01,1.0,34.0,0,2,8,2,0.0,
202400023245,155 740 819,A01,3.0,7.0,0,1,0,15,1.0,
202400023246,155 740 816,A01,3.0,7.0,0,0,1,19,0.0,
202400023247,155 740 813,A01,3.0,7.0,0,2,1,1,1.0,
202400023248,155 740 814,A01,1.0,7.0,0,1,3,1,1.0,
202400023249,155 740 812,A01,1.0,33.0,0,1,0,25,0.0,
202400023250,155 740 811,A01,2.0,60.0,0,1,1,5,5.0,
202400023251,155 740 808,A01,1.0,7.0,0,9,2,15,2.0,
202400023252,155 740 807,A01,2.0,7.0,0,2,7,23,2.0,
202400023253,155 740 804,A01,0.0,7.0,1,2,3,15,1.0,
202400023254,155 740 803,B01,2.0,43.0,0,2,1,1,1.0,
202400023255,155 740 802,A01,2.0,7.0,2,0,1,0,1.0,
202400023256,155 740 800,A01,1.0,1.0,0,2,1,1,5.0,
202400023257,155 740 799,A01,3.0,7.0,8,0,1,0,1.0,
202400023258,155 740 796,B01,1.0,33.0,0,2,4,2,1.0,
202400023259,155 740 795,B01,2.0,33.0,4,2,3,3,1.0,
202400023260,155 740 794,A01,1.0,50.0,0,0,1,1,3.0,
202400023261,155 740 791,A01,1.0,7.0,0,2,1,13,1.0,
202400023262,155 740 790,A01,2.0,1.0,0,1,1,1,5.0,
202400023263,155 740 789,A01,2.0,7.0,0,1,1,3,1.0,
202400023264,155 740 786,B01,2.0,80.0,0,2,8,7,3.0,
202400023265,155 740 785,A01,1.0,7.0,0,2,1,9,1.0,
202400023266,155 740 783,A01,1.0,7.0,0,0,1,0,1.0,
202400023267,155 740 782,B01,3.0,10.0,0,2,6,23,1.0,
202400023268,155 740 781,A01,3.0,7.0,2,0,3,1,1.0,
202400023269,155 740 780,A01,1.0,31.0,0,1,5,21,1.0,
202400023270,155 740 779,A01,2.0,7.0,0,0,0,14,1.0,
202400023271,155 740 777,B01,1.0,1.0,0,9,1,1,5.0,
202400023272,155 740 776,A01,2.0,7.0,2,0,8,1,1.0,
202400023273,155 740 773,A01,2.0,7.0,0,2,3,5,1.0,
202400023274,155 740 772,B01,3.0,7.0,0,2,2,1,2.0,
202400023275,155 740 769,A01,1.0,10.0,0,2,2,15,,
202400023276,155 740 768,B01,1.0,7.0,0,2,2,1,2.0,
202400023277,155 740 765,A01,1.0,50.0,1,0,1,17,3.0,
202400023278,155 740 761,A01,2.0,80.0,0,1,1,9,3.0,
202400023279,155 740 762,A01,1.0,7.0,0,2,3,13,1.0,
202400023280,155 740 760,A01,2.0,7.0,0,1,1,1,1.0,
202400023281,155 740 758,A01,1.0,7.0,0,1,1,1,0.0,
202400023282,155 740 757,A01,2.0,7.0,0,2,6,23,1.0,
202400023283,155 740 755,B01,2.0,32.0,0,2,0,0,0.0,
202400023284,155 740 752,A01,2.0,50.0,0,2,1,2,3.0,
202400023285,155 740 749,C01,1.0,7.0,0,2,1,1,1.0,
202400023286,155 740 748,A01,1.0,7.0,2,0,1,1,1.0,
202400023287,155 740 746,A01,1.0,33.0,13,0,1,1,1.0,
202400023288,155 740 745,B01,2.0,32.0,0,2,1,1,1.0,
202400023289,155 740 744,A01,1.0,1.0,1,1,2,1,5.0,
202400023290,155 740 743,A01,1.0,7.0,13,0,8,1,1.0,
202400023291,155 740 742,A01,2.0,7.0,0,1,1,26,1.0,
202400023292,155 740 741,A01,1.0,10.0,1,0,2,1,1.0,
202400023293,155 740 738,A01,1.0,10.0,0,2,1,1,0.0,
202400023294,155 740 736,A01,1.0,10.0,0,1,1,1,1.0,
202400023295,155 740 737,A01,1.0,7.0,0,2,1,1,1.0,
202400023296,155 740 735,A01,1.0,7.0,1,0,1,1,1.0,
202400023297,155 740 734,A01,2.0,7.0,13,0,2,0,1.0,
202400023298,155 740 729,A01,2.0,7.0,0,2,3,13,1.0,
202400023299,155 740 730,A01,3.0,7.0,0,2,8,10,1.0,
202400023300,155 740 728,A01,2.0,7.0,13,0,1,1,1.0,
202400023301,155 740 726,A01,1.0,33.0,0,0,0,0,0.0,
202400023302,155 740 723,A01,3.0,2.0,0,2,3,1,1.0,
202400023303,155 740 722,A01,1.0,30.0,0,2,3,10,1.0,
202400023304,155 740 719,B01,0.0,60.0,0,2,3,26,5.0,
202400023305,155 740 718,B01,2.0,1.0,0,2,3,2,5.0,
202400023306,155 740 714,A01,2.0,7.0,0,2,3,9,1.0,
202400023307,155 740 715,B01,0.0,43.0,0,2,1,1,1.0,
202400023308,155 740 712,A01,0.0,7.0,6,0,1,14,1.0,
202400023309,155 740 713,A01,2.0,7.0,0,1,2,1,1.0,
202400023310,155 740 710,B01,1.0,32.0,0,2,7,1,1.0,
202400023311,155 740 708,A01,1.0,7.0,0,2,2,15,1.0,
202400023312,155 740 706,A01,1.0,1.0,0,0,1,1,5.0,
202400023313,155 740 703,A01,1.0,7.0,0,2,1,1,1.0,
202400023314,155 740 704,A01,1.0,33.0,11,0,1,1,1.0,
202400023315,155 740 702,A01,1.0,32.0,0,0,0,1,1.0,
202400023316,155 740 701,A01,1.0,32.0,12,0,1,0,1.0,
202400023317,155 740 697,A01,1.0,10.0,13,0,0,14,1.0,
202400023318,155 740 694,B01,1.0,33.0,0,2,3,1,1.0,
202400023319,155 740 691,A01,1.0,7.0,0,0,5,2,1.0,
202400023320,155 740 689,A01,2.0,7.0,0,2,2,17,1.0,
202400023321,155 740 687,A01,1.0,7.0,0,2,2,1,1.0,
202400023322,155 740 685,B01,2.0,7.0,0,2,3,1,1.0,
202400023323,155 740 684,A01,1.0,7.0,2,0,2,1,1.0,
202400023324,155 740 683,A01,1.0,7.0,0,1,1,1,1.0,
202400023325,155 740 681,A01,2.0,7.0,0,2,3,1,1.0,
202400023326,155 740 680,A01,2.0,7.0,2,0,1,0,1.0,
202400023327,155 740 678,A01,3.0,7.0,0,2,1,1,1.0,
202400023328,155 740 676,B01,2.0,1.0,0,2,4,1,5.0,
202400023329,155 740 675,A01,1.0,13.0,0,0,0,1,1.0,
202400023330,155 740 674,A01,1.0,7.0,2,0,1,1,1.0,
202400023331,155 740 672,A01,2.0,7.0,0,2,2,1,1.0,
202400023332,155 740 671,A01,1.0,10.0,0,1,3,1,1.0,
202400023333,155 740 669,B01,2.0,7.0,0,2,7,17,1.0,
202400023334,155 740 668,A01,2.0,7.0,6,0,8,13,1.0,
202400023335,155 740 667,A01,2.0,7.0,0,0,3,13,1.0,
202400023336,155 740 666,A01,1.0,7.0,0,0,7,1,1.0,
202400023337,155 740 664,A01,1.0,7.0,0,2,2,1,1.0,
202400023338,155 740 662,A01,1.0,7.0,0,0,6,15,1.0,
202400023339,155 740 660,A01,1.0,7.0,0,2,2,2,1.0,
202400023340,155 740 658,A01,1.0,7.0,3,2,3,0,1.0,
202400023341,155 740 656,B01,1.0,31.0,0,2,1,1,1.0,
202400023342,155 740 655,A01,1.0,7.0,4,0,3,1,1.0,
202400023343,155 740 653,A01,3.0,7.0,1,0,2,1,1.0,
202400023344,155 740 651,A01,1.0,7.0,0,2,1,16,1.0,
202400023345,155 740 649,B01,1.0,33.0,0,2,1,17,1.0,
202400023346,155 740 647,A01,1.0,7.0,0,2,3,1,1.0,
202400023347,155 740 646,A01,1.0,7.0,2,0,2,17,1.0,
202400023348,155 740 645,A01,1.0,7.0,0,1,1,1,1.0,
202400023349,155 740 644,A01,1.0,7.0,0,1,1,1,1.0,
202400023350,155 740 642,A01,0.0,2.0,0,2,5,1,3.0,
202400023351,155 740 640,A01,2.0,7.0,0,2,1,17,1.0,
202400023352,155 740 638,B01,2.0,7.0,0,2,3,15,1.0,
202400023353,155 740 636,B01,1.0,7.0,0,0,0,5,0.0,
202400023354,155 740 632,A01,2.0,33.0,0,2,0,0,1.0,
202400023355,155 740 629,A01,3.0,10.0,0,9,3,1,1.0,
202400023356,155 740 628,A01,2.0,10.0,0,2,4,2,1.0,
202400023357,155 740 625,A01,1.0,7.0,0,2,1,26,1.0,
202400023358,155 740 623,A01,2.0,7.0,0,2,4,2,1.0,
202400023359,155 740 621,A01,2.0,10.0,7,0,1,1,1.0,
202400023360,155 740 616,A01,2.0,7.0,0,2,1,2,1.0,
202400023361,155 740 615,A01,1.0,7.0,8,0,1,14,1.0,
202400023362,155 740 611,A01,2.0,7.0,0,2,8,11,1.0,
202400023363,155 740 610,A01,1.0,7.0,0,1,2,1,1.0,
202400023364,155 740 608,A01,1.0,31.0,0,2,1,2,1.0,
202400023365,155 740 606,B01,0.0,7.0,0,2,3,13,0.0,
202400023366,155 740 604,A01,2.0,15.0,0,2,2,12,1.0,
202400023367,155 740 603,A01,1.0,43.0,14,0,1,1,1.0,
202400023368,155 740 601,A01,2.0,7.0,0,2,4,12,1.0,
202400023369,155 740 599,A01,2.0,7.0,0,5,1,1,1.0,
202400023370,155 740 598,A01,2.0,37.0,0,0,3,1,1.0,5
202400023371,155 740 597,A01,1.0,7.0,3,0,2,0,1.0,
202400023372,155 740 595,A01,2.0,7.0,0,1,1,19,0.0,
202400023373,155 740 593,A01,2.0,32.0,0,2,9,3,1.0,
202400023374,155 740 590,B01,2.0,10.0,0,2,4,1,0.0,
202400023375,155 740 589,B01,3.0,50.0,0,2,8,15,3.0,
202400023376,155 740 586,A01,1.0,33.0,0,2,1,12,1.0,
202400023377,155 740 585,B01,1.0,7.0,0,2,2,1,1.0,
202400023378,155 740 583,B01,1.0,7.0,0,2,4,2,1.0,
202400023379,155 740 581,A01,3.0,7.0,0,2,8,1,2.0,
202400023380,155 740 579,A01,2.0,7.0,0,2,1,2,1.0,
202400023381,155 740 577,A01,3.0,3.0,0,0,3,16,1.0,
202400023382,155 740 575,B01,2.0,7.0,0,2,4,2,1.0,
202400023383,155 740 573,B01,2.0,7.0,1,0,1,2,1.0,
202400023384,155 740 572,A01,3.0,34.0,0,1,2,1,1.0,
202400023385,155 740 571,A01,1.0,7.0,4,0,1,17,1.0,
202400023386,155 740 569,B01,3.0,31.0,0,2,1,1,1.0,
202400023387,155 740 566,B01,3.0,33.0,0,2,1,0,1.0,
202400023388,155 740 565,A01,1.0,7.0,0,2,3,15,1.0,
202400023389,155 740 563,A01,2.0,37.0,0,1,1,1,1.0,1
202400023390,155 740 564,A01,1.0,7.0,0,1,1,1,2.0,
202400023391,155 740 562,A01,2.0,7.0,0,1,2,1,1.0,
202400023392,155 740 560,B01,1.0,1.0,0,2,2,1,5.0,
202400023393,155 740 558,A01,3.0,7.0,0,2,8,7,1.0,
202400023394,155 740 556,A01,2.0,10.0,0,2,1,13,1.0,
202400023395,155 740 553,B01,2.0,50.0,0,2,1,7,3.0,
202400023396,155 740 552,A01,1.0,7.0,0,2,1,15,1.0,
202400023397,155 740 550,B01,2.0,10.0,0,2,3,1,1.0,
202400023398,155 740 546,A01,1.0,7.0,0,2,1,13,1.0,
202400023399,155 740 547,B01,1.0,80.0,1,0,1,13,3.0,
202400023400,155 740 543,B01,1.0,7.0,0,2,8,23,1.0,
202400023401,155 740 544,A01,1.0,7.0,0,1,3,15,1.0,
202400023402,155 740 541,A01,2.0,2.0,0,1,1,1,1.0,
202400023403,155 740 540,B01,2.0,14.0,0,2,4,1,1.0,
202400023404,155 740 537,B01,1.0,7.0,0,2,5,1,1.0,
202400023405,155 740 536,B01,1.0,7.0,0,9,7,1,2.0,
202400023406,155 740 535,A01,1.0,7.0,0,1,0,1,1.0,
202400023407,155 740 534,A01,1.0,2.0,0,5,0,0,1.0,
202400023408,155 740 530,B01,1.0,7.0,0,2,1,7,1.0,
202400023409,155 740 529,Y01,1.0,80.0,0,2,1,1,3.0,
202400023410,155 740 527,A01,1.0,7.0,0,2,7,14,3.0,
202400023411,155 740 526,A01,1.0,50.0,0,1,0,1,3.0,
202400023412,155 740 524,B01,2.0,30.0,0,2,8,0,1.0,
202400023413,155 740 522,A01,3.0,7.0,0,2,1,26,1.0,
202400023414,155 740 520,A01,1.0,2.0,0,2,5,1,1.0,
202400023415,155 740 518,A01,2.0,15.0,0,2,4,0,1.0,
202400023416,155 740 517,A01,2.0,7.0,0,1,2,1,1.0,
202400023417,155 740 515,A01,1.0,32.0,0,2,2,17,1.0,
202400023418,155 740 511,C01,1.0,7.0,0,0,4,0,1.0,
202400023419,155 740 510,A01,0.0,7.0,12,0,0,0,1.0,
202400023420,155 740 509,A01,0.0,7.0,6,0,1,1,1.0,
202400023421,155 740 507,B01,1.0,50.0,0,2,1,1,3.0,
202400023422,155 740 505,B01,1.0,7.0,0,2,0,0,1.0,
202400023423,155 740 503,B01,2.0,30.0,0,2,3,1,1.0,
202400023424,155 740 499,A01,2.0,7.0,0,1,2,2,1.0,
202400023425,155 740 496,A01,1.0,33.0,0,2,2,26,1.0,
202400023426,155 740 495,C01,3.0,7.0,0,2,4,1,1.0,
202400023427,155 740 493,A01,3.0,3.0,1,0,1,16,1.0,