Num_Acc,id_vehicule,num_veh,senc,catv,obs,obsm,choc,manv,motor,occutc
202400023428,155 740 491,A01,0.0,10.0,0,0,0,0,0.0,
202400023429,155 740 489,B01,1.0,7.0,0,2,3,0,1.0,
202400023430,155 740 488,A01,3.0,13.0,0,1,2,16,1.0,
202400023431,155 740 487,A01,1.0,7.0,0,1,2,1,1.0,
202400023432,155 740 485,A01,3.0,7.0,0,2,1,2,1.0,
202400023433,155 740 484,A01,0.0,10.0,0,1,1,1,1.0,
202400023434,155 740 482,B01,3.0,1.0,1,0,5,1,5.0,
202400023435,155 740 480,A01,1.0,7.0,0,2,1,1,1.0,
202400023436,155 740 478,B01,1.0,14.0,0,9,8,1,0.0,
202400023437,155 740 477,A01,1.0,7.0,15,0,9,1,2.0,
202400023438,155 740 476,A01,3.0,7.0,0,1,2,1,1.0,
202400023439,155 740 474,B01,3.0,1.0,0,0,6,1,5.0,
202400023440,155 740 473,A01,1.0,7.0,2,0,8,1,1.0,
202400023441,155 740 471,A01,1.0,7.0,0,2,1,15,1.0,
202400023442,155 740 469,A01,3.0,10.0,0,2,2,1,1.0,
202400023443,155 740 468,A01,2.0,33.0,0,1,1,1,1.0,
202400023444,155 740 467,A01,1.0,7.0,4,0,1,1,1.0,
202400023445,155 740 465,A01,2.0,7.0,0,2,1,5,1.0,
202400023446,155 740 464,A01,2.0,7.0,16,0,2,14,1.0,
202400023447,155 740 462,B01,1.0,7.0,0,2,1,2,1.0,
202400023448,155 740 460,A01,2.0,7.0,0,2,3,15,1.0,
202400023449,155 740 458,A01,2.0,7.0,0,2,1,15,1.0,
202400023450,155 740 455,A01,3.0,7.0,6,2,3,1,1.0,
202400023451,155 740 454,A01,1.0,7.0,0,1,3,16,2.0,
202400023452,155 740 452,A01,1.0,33.0,0,2,1,1,1.0,
202400023453,155 740 450,A01,1.0,7.0,0,2,8,9,1.0,
202400023454,155 740 449,A01,3.0,7.0,0,1,3,20,1.0,
202400023455,155 740 448,A01,1.0,7.0,0,1,1,2,1.0,
202400023456,155 740 446,B01,1.0,7.0,0,2,1,1,3.0,
202400023457,155 740 444,B01,1.0,7.0,0,2,0,0,0.0,
202400023458,155 740 443,A01,1.0,10.0,0,0,0,1,1.0,
202400023459,155 740 442,A01,1.0,7.0,6,0,1,14,1.0,
202400023460,155 740 440,B01,2.0,7.0,0,2,1,1,1.0,
202400023461,155 740 438,B01,2.0,50.0,0,0,4,2,3.0,
202400023462,155 740 435,C01,1.0,7.0,0,2,8,1,1.0,
202400023463,155 740 433,A01,2.0,7.0,0,2,2,5,1.0,
202400023464,155 740 431,A01,1.0,7.0,0,2,3,1,2.0,
202400023465,155 740 430,A01,1.0,7.0,3,0,2,1,1.0,
202400023466,155 740 427,B01,2.0,7.0,0,2,3,1,1.0,
202400023467,155 740 425,A01,1.0,7.0,0,2,2,11,1.0,
202400023468,155 740 423,A01,1.0,7.0,0,2,1,1,1.0,
202400023469,155 740 421,A01,3.0,7.0,0,2,1,13,1.0,
202400023470,155 740 418,C01,1.0,43.0,0,2,8,1,1.0,
202400023471,155 740 417,A01,1.0,31.0,14,0,1,26,1.0,
202400023472,155 740 415,B01,1.0,10.0,0,2,2,1,1.0,
202400023473,155 740 414,A01,3.0,7.0,2,0,3,1,1.0,
202400023474,155 740 413,A01,1.0,7.0,0,1,1,15,1.0,
202400023475,155 740 412,A01,2.0,7.0,3,0,1,1,1.0,
202400023476,155 740 410,A01,1.0,21.0,0,2,3,13,1.0,
202400023477,155 740 409,A01,2.0,2.0,12,0,7,1,1.0,
202400023478,155 740 408,A01,2.0,7.0,4,0,1,0,1.0,
202400023479,155 740 406,B01,2.0,15.0,0,2,2,2,1.0,
202400023480,155 740 404,A01,2.0,7.0,0,2,1,2,1.0,
202400023481,155 740 402,A01,2.0,7.0,13,2,8,13,1.0,
202400023482,155 740 400,B01,2.0,7.0,0,2,1,2,2.0,
202400023483,155 740 398,A01,2.0,7.0,0,2,3,15,1.0,
202400023484,155 740 397,A01,2.0,7.0,0,9,2,26,1.0,
202400023485,155 740 396,A01,1.0,7.0,4,0,1,26,1.0,
202400023486,155 740 394,B01,1.0,10.0,0,2,2,17,0.0,
202400023487,155 740 392,A01,2.0,7.0,0,2,3,1,1.0,
202400023488,155 740 387,A01,1.0,7.0,0,9,1,16,1.0,
202400023489,155 740 385,A01,2.0,10.0,0,2,1,2,0.0,
202400023490,155 740 384,A01,3.0,7.0,6,0,1,1,1.0,
202400023491,155 740 383,A01,2.0,10.0,13,0,2,1,1.0,
202400023492,155 740 382,A01,1.0,7.0,13,0,2,1,1.0,
202400023493,155 740 381,A01,1.0,7.0,8,0,1,14,1.0,
202400023494,155 740 380,A01,1.0,3.0,12,0,1,9,3.0,
202400023495,155 740 378,B01,2.0,7.0,0,2,3,1,1.0,
202400023496,155 740 375,B01,2.0,7.0,0,2,3,1,1.0,
202400023497,155 740 374,B01,1.0,33.0,0,2,8,17,1.0,
202400023498,155 740 372,B01,2.0,7.0,0,2,1,1,1.0,
202400023499,155 740 371,A01,2.0,7.0,1,0,7,26,1.0,
202400023500,155 740 368,B01,1.0,7.0,0,2,1,0,1.0,
202400023501,155 740 366,A01,1.0,7.0,6,0,1,0,1.0,
202400023502,155 740 364,A01,1.0,7.0,1,1,3,1,1.0,
202400023503,155 740 363,A01,1.0,33.0,0,2,1,1,1.0,
202400023504,155 740 362,A01,0.0,7.0,17,0,1,0,1.0,
202400023505,155 740 360,A01,1.0,7.0,0,2,7,19,1.0,
202400023506,155 740 358,A01,3.0,7.0,0,1,1,1,2.0,
202400023507,155 740 355,A01,1.0,7.0,0,2,1,2,1.0,
202400023508,155 740 354,A01,2.0,7.0,3,0,1,1,1.0,
202400023509,155 740 352,A01,1.0,10.0,0,2,5,14,1.0,
202400023510,155 740 351,A01,1.0,7.0,4,0,1,1,1.0,
202400023511,155 740 349,A01,1.0,10.0,0,2,2,1,1.0,
202400023512,155 740 346,B01,1.0,10.0,0,2,4,1,1.0,
202400023513,155 740 345,A01,3.0,7.0,6,0,1,0,2.0,
202400023514,155 740 344,A01,1.0,7.0,4,0,1,1,1.0,
202400023515,155 740 342,B01,1.0,7.0,0,2,8,1,1.0,
202400023516,155 740 340,A01,2.0,33.0,0,2,3,3,1.0,
202400023517,155 740 334,E01,2.0,37.0,0,2,1,16,1.0,1
202400023518,155 740 333,A01,2.0,7.0,3,2,6,24,1.0,
202400023519,155 740 332,A01,1.0,7.0,9,0,1,0,1.0,
202400023520,155 740 330,A01,1.0,2.0,0,0,2,1,1.0,
202400023521,155 740 325,A01,1.0,7.0,0,2,1,1,1.0,
202400023522,155 740 323,A01,1.0,7.0,0,2,1,1,1.0,
202400023523,155 740 321,A01,3.0,7.0,0,2,8,19,1.0,
202400023524,155 740 320,A01,1.0,7.0,0,1,2,1,1.0,
202400023525,155 740 319,A01,0.0,33.0,0,0,0,0,1.0,
202400023526,155 740 318,A01,1.0,7.0,13,0,1,1,1.0,
202400023527,155 740 316,A01,2.0,7.0,0,2,4,1,1.0,
202400023528,155 740 315,A01,3.0,7.0,2,0,1,1,1.0,
202400023529,155 740 313,A01,1.0,7.0,0,0,9,1,1.0,
202400023530,155 740 312,A01,2.0,7.0,0,2,1,2,1.0,
202400023531,155 740 309,A01,2.0,50.0,0,2,1,1,3.0,
202400023532,155 740 308,A01,1.0,7.0,0,2,4,1,2.0,
202400023533,155 740 305,A01,2.0,7.0,0,2,1,9,1.0,
202400023534,155 740 304,B01,2.0,7.0,0,2,4,2,1.0,
202400023535,155 740 303,A01,1.0,7.0,12,0,2,26,1.0,
202400023536,155 740 301,B01,1.0,7.0,0,2,6,1,1.0,
202400023537,155 740 299,B01,2.0,2.0,0,2,6,1,1.0,
202400023538,155 740 296,B01,1.0,7.0,0,2,4,2,1.0,
202400023539,155 740 294,A01,1.0,7.0,0,2,3,15,1.0,
202400023540,155 740 292,A01,1.0,7.0,0,2,6,11,1.0,
202400023541,155 740 288,A01,1.0,7.0,0,2,1,2,1.0,
202400023542,155 740 286,B01,1.0,7.0,0,2,4,23,1.0,
202400023543,155 740 284,A01,1.0,7.0,4,0,8,21,1.0,
202400023544,155 740 283,A01,2.0,7.0,0,2,1,15,1.0,
202400023545,155 740 282,A01,1.0,7.0,4,0,2,2,1.0,
202400023546,155 740 281,A01,2.0,7.0,1,0,3,1,1.0,
202400023547,155 740 278,B01,1.0,7.0,0,2,5,2,3.0,
202400023548,155 740 276,A01,2.0,7.0,0,2,6,21,1.0,
202400023549,155 740 275,B01,1.0,7.0,0,2,4,2,1.0,
202400023550,155 740 272,B01,3.0,50.0,0,2,1,5,3.0,
202400023551,155 740 270,A01,2.0,7.0,0,9,1,26,1.0,
202400023552,155 740 269,A01,2.0,7.0,0,2,1,2,1.0,
202400023553,155 740 268,A01,2.0,33.0,0,0,0,1,1.0,
202400023554,155 740 264,B01,1.0,7.0,0,2,2,2,1.0,
202400023555,155 740 262,A01,2.0,10.0,0,2,1,2,1.0,
202400023556,155 740 261,B01,3.0,7.0,0,2,2,1,1.0,
202400023557,155 740 260,A01,2.0,31.0,15,0,1,1,1.0,
202400023558,155 740 258,A01,2.0,30.0,0,2,1,15,1.0,
202400023559,155 740 256,A01,1.0,7.0,4,0,1,1,1.0,
202400023560,155 740 257,A01,3.0,7.0,0,1,1,1,2.0,
202400023561,155 740 253,A01,3.0,7.0,0,2,1,13,1.0,
202400023562,155 740 251,A01,1.0,33.0,0,2,1,3,1.0,
202400023563,155 740 250,B01,1.0,7.0,0,2,3,9,1.0,
202400023564,155 740 247,B01,1.0,7.0,0,2,2,2,1.0,
202400023565,155 740 242,A01,1.0,7.0,4,2,3,11,3.0,
202400023566,155 740 243,B01,2.0,37.0,1,0,7,21,0.0,2
202400023567,155 740 240,A01,2.0,7.0,1,0,2,14,2.0,
202400023568,155 740 237,A01,1.0,7.0,0,2,4,1,1.0,
202400023569,155 740 236,A01,3.0,7.0,0,2,7,1,1.0,
202400023570,155 740 235,A01,0.0,7.0,1,0,9,0,1.0,
202400023571,155 740 232,A01,3.0,3.0,8,0,1,19,1.0,
202400023572,155 740 229,C01,2.0,7.0,0,2,4,2,1.0,
202400023573,155 740 226,A01,1.0,7.0,0,2,8,9,1.0,
202400023574,155 740 227,A01,1.0,43.0,0,2,1,26,1.0,
202400023575,155 740 225,A01,1.0,31.0,0,0,7,9,1.0,
202400023576,155 740 224,A01,3.0,7.0,0,1,3,1,1.0,
202400023577,155 740 220,B01,1.0,50.0,0,2,4,0,3.0,
202400023578,155 740 221,A01,2.0,7.0,0,2,3,15,2.0,
202400023579,155 740 217,A01,1.0,7.0,0,0,8,15,1.0,
202400023580,155 740 215,A01,3.0,3.0,0,2,0,0,1.0,
202400023581,155 740 214,A01,1.0,7.0,0,1,5,1,1.0,
202400023582,155 740 212,A01,3.0,7.0,8,0,1,1,1.0,
202400023583,155 740 211,A01,1.0,7.0,0,2,1,2,1.0,
202400023584,155 740 206,A01,3.0,34.0,14,0,8,16,1.0,
202400023585,155 740 208,A01,2.0,31.0,0,0,0,1,1.0,
202400023586,155 740 207,A01,2.0,7.0,0,2,6,26,1.0,
202400023587,155 740 203,A01,1.0,34.0,0,2,1,2,1.0,
202400023588,155 740 204,A01,1.0,20.0,13,0,8,10,1.0,
202400023589,155 740 200,A01,0.0,2.0,0,0,1,0,1.0,
202400023590,155 740 198,C01,2.0,7.0,14,2,1,1,1.0,
202400023591,155 740 202,A01,1.0,7.0,0,1,3,1,1.0,
202400023592,155 740 197,A01,1.0,15.0,1,2,6,2,1.0,
202400023593,155 740 192,C01,1.0,7.0,0,2,1,1,1.0,
202400023594,155 740 191,B01,2.0,7.0,0,2,1,1,1.0,
202400023595,155 740 185,B01,2.0,7.0,0,2,3,11,1.0,
202400023596,155 740 186,A01,2.0,7.0,0,2,7,15,1.0,
202400023597,155 740 184,A01,1.0,7.0,13,0,1,2,1.0,
202400023598,155 740 182,A01,1.0,31.0,0,0,8,13,1.0,
202400023599,155 740 183,A01,1.0,37.0,0,1,1,1,1.0,1
202400023600,155 740 179,A01,0.0,50.0,0,2,1,15,3.0,
202400023601,155 740 176,A01,3.0,1.0,0,0,1,1,5.0,
202400023602,155 740 178,A01,1.0,7.0,0,2,1,15,1.0,
202400023603,155 740 177,A01,0.0,7.0,5,0,1,1,1.0,
202400023604,155 740 175,A01,2.0,7.0,2,0,9,1,1.0,
202400023605,155 740 171,B01,2.0,7.0,0,2,5,2,1.0,
202400023606,155 740 170,B01,0.0,31.0,0,2,1,0,1.0,
202400023607,155 740 168,B01,1.0,33.0,0,2,1,1,1.0,
202400023608,155 740 167,A01,1.0,7.0,0,2,2,15,2.0,
202400023609,155 740 164,A01,2.0,33.0,2,2,1,17,1.0,
202400023610,155 740 163,A01,1.0,7.0,0,2,3,1,1.0,
202400023611,155 740 162,A01,2.0,33.0,0,0,8,14,1.0,
202400023612,155 740 161,A01,1.0,7.0,0,1,1,1,1.0,
202400023613,155 740 157,A01,1.0,7.0,10,0,0,14,1.0,
202400023614,155 740 156,B01,3.0,7.0,0,2,6,15,1.0,
202400023615,155 740 155,B01,1.0,7.0,0,2,6,23,1.0,
202400023616,155 740 152,A01,1.0,7.0,0,2,2,15,1.0,
202400023617,155 740 151,A01,1.0,7.0,0,2,2,1,2.0,
202400023618,155 740 150,A01,1.0,7.0,13,0,3,13,3.0,
202400023619,155 740 149,A01,2.0,7.0,0,2,1,1,1.0,
202400023620,155 740 147,A01,2.0,50.0,0,0,8,0,3.0,
202400023621,155 740 148,A01,1.0,3.0,0,1,1,1,1.0,
202400023622,155 740 144,A01,2.0,7.0,0,2,2,13,1.0,
202400023623,155 740 143,X01,1.0,0.0,0,2,2,2,0.0,
202400023624,155 740 142,A01,3.0,31.0,0,5,1,1,1.0,
202400023625,155 740 139,A01,1.0,33.0,0,2,1,1,1.0,
202400023626,155 740 137,B01,2.0,7.0,0,2,1,1,1.0,
202400023627,155 740 136,B01,1.0,7.0,0,2,3,9,0.0,
202400023628,155 740 134,B01,2.0,7.0,0,2,1,1,1.0,
202400023629,155 740 133,A01,1.0,7.0,0,1,2,1,1.0,
202400023630,155 740 131,A01,1.0,33.0,0,0,0,1,1.0,
202400023631,155 740 128,A01,2.0,33.0,0,2,7,17,1.0,
202400023632,155 740 126,B01,2.0,33.0,0,2,1,1,1.0,
202400023633,155 740 125,B01,1.0,7.0,0,2,4,1,1.0,
202400023634,155 740 122,A01,1.0,7.0,8,9,1,1,1.0,
202400023635,155 740 120,A01,3.0,7.0,8,2,9,1,1.0,
202400023636,155 740 118,A01,2.0,7.0,0,9,1,1,0.0,
202400023637,155 740 117,A01,2.0,7.0,0,1,1,1,1.0,
202400023638,155 740 116,B01,0.0,2.0,0,2,2,19,1.0,
202400023639,155 740 113,A01,1.0,7.0,0,2,2,11,1.0,
202400023640,155 740 112,A01,1.0,2.0,0,2,3,13,1.0,
202400023641,155 740 109,B01,3.0,1.0,0,2,7,26,5.0,
202400023642,155 740 108,A01,2.0,30.0,9,2,1,1,1.0,
202400023643,155 740 106,A01,3.0,7.0,0,1,3,26,2.0,
202400023644,155 740 104,A01,2.0,7.0,0,2,1,2,1.0,
202400023645,155 740 100,A01,1.0,7.0,0,2,6,9,1.0,
202400023646,155 740 102,A01,1.0,7.0,0,2,1,9,1.0,
202400023647,155 740 098,B01,1.0,7.0,0,2,3,1,2.0,
202400023648,155 740 094,B01,2.0,7.0,0,2,3,1,1.0,
202400023649,155 740 095,A01,3.0,7.0,0,2,6,19,1.0,
202400023650,155 740 093,A01,1.0,7.0,1,2,1,26,1.0,
202400023651,155 740 088,B01,3.0,10.0,0,2,4,2,1.0,
202400023652,155 740 086,A01,2.0,7.0,0,2,3,15,2.0,
202400023653,155 740 085,A01,1.0,7.0,0,2,3,13,1.0,
202400023654,155 740 084,A01,1.0,33.0,0,2,0,0,1.0,
202400023655,155 740 083,Z01,3.0,0.0,0,1,1,2,0.0,
202400023656,155 740 082,A01,1.0,33.0,0,0,1,1,1.0,
202400023657,155 740 079,A01,2.0,1.0,0,0,0,1,5.0,
202400023658,155 740 078,A01,2.0,7.0,0,0,2,1,1.0,
202400023659,155 740 080,B01,1.0,7.0,0,2,2,1,1.0,
202400023660,155 740 073,B01,3.0,50.0,12,2,1,5,3.0,
202400023661,155 740 074,A01,1.0,10.0,8,0,3,1,1.0,
202400023662,155 740 075,A01,1.0,7.0,16,0,0,2,1.0,
202400023663,155 740 072,B01,3.0,7.0,0,2,8,1,1.0,
202400023664,155 740 071,A01,1.0,33.0,0,1,1,1,1.0,
202400023665,155 740 070,A01,1.0,33.0,0,0,7,1,1.0,
202400023666,155 740 064,A01,2.0,7.0,13,2,1,1,1.0,
202400023667,155 740 065,B01,1.0,33.0,0,2,0,17,1.0,
202400023668,155 740 066,A01,1.0,7.0,0,2,1,15,1.0,
202400023669,155 740 063,A01,3.0,7.0,0,1,3,1,1.0,
202400023670,155 740 062,A01,1.0,7.0,8,0,1,2,1.0,
202400023671,155 740 061,A01,2.0,7.0,2,0,3,1,1.0,
202400023672,155 740 060,A01,1.0,7.0,1,0,1,14,1.0,
202400023673,155 740 058,A01,0.0,7.0,0,2,2,19,1.0,
202400023674,155 740 054,A01,2.0,21.0,15,0,1,14,1.0,
202400023675,155 740 053,B01,1.0,33.0,0,2,8,1,1.0,
202400023676,155 740 051,A01,2.0,7.0,9,0,1,13,1.0,
202400023677,155 740 052,B01,3.0,7.0,0,0,0,23,1.0,
202400023678,155 740 045,A01,3.0,7.0,0,9,1,15,1.0,
202400023679,155 740 044,A01,3.0,7.0,12,0,2,1,1.0,
202400023680,155 740 046,A01,3.0,33.0,0,2,2,1,1.0,
202400023681,155 740 039,A01,2.0,33.0,0,2,1,17,1.0,
202400023682,155 740 040,A01,1.0,10.0,0,2,1,1,1.0,
202400023683,155 740 038,A01,1.0,7.0,0,2,1,1,1.0,
202400023684,155 740 037,A01,1.0,7.0,16,0,1,1,1.0,
202400023685,155 740 033,A01,3.0,7.0,0,2,3,16,1.0,
202400023686,155 740 032,B01,3.0,7.0,0,2,1,1,1.0,
202400023687,155 740 028,A01,3.0,7.0,0,2,2,16,1.0,
202400023688,155 740 027,B01,2.0,7.0,0,2,1,9,1.0,
202400023689,155 740 026,A01,2.0,31.0,0,2,1,7,1.0,
202400023690,155 740 025,A01,1.0,0.0,0,2,0,0,0.0,
202400023691,155 740 022,A01,3.0,7.0,6,0,1,1,1.0,
202400023692,155 740 023,A01,2.0,33.0,8,0,1,1,1.0,
202400023693,155 740 021,A01,0.0,7.0,0,2,1,15,1.0,
202400023694,155 740 017,A01,3.0,33.0,0,0,0,1,1.0,
202400023695,155 740 016,A01,2.0,7.0,0,2,1,15,1.0,
202400023696,155 740 012,A01,1.0,7.0,0,2,1,2,1.0,
202400023697,155 740 007,B01,2.0,7.0,0,2,6,1,2.0,
202400023698,155 740 008,A01,2.0,7.0,0,2,3,15,1.0,
202400023699,155 740 006,A01,1.0,7.0,0,1,1,15,1.0,
202400023700,155 740 005,B01,2.0,80.0,0,2,1,1,3.0,
202400023701,155 740 002,A01,2.0,7.0,6,0,1,21,1.0,
202400023702,155 740 000,A01,2.0,7.0,0,2,6,16,1.0,
202400023703,155 739 999,A01,1.0,7.0,3,2,1,14,1.0,
202400023704,155 739 998,A01,2.0,7.0,0,2,8,19,1.0,
202400023705,155 739 996,A01,0.0,2.0,1,0,0,0,0.0,
202400023706,155 739 994,A01,1.0,2.0,0,2,1,2,1.0,
202400023707,155 739 993,A01,0.0,10.0,0,1,3,16,1.0,
202400023708,155 739 992,A01,1.0,3.0,0,2,1,2,1.0,
202400023709,155 739 990,A01,2.0,33.0,0,2,3,13,1.0,
202400023710,155 739 986,A01,1.0,7.0,0,2,1,1,1.0,
202400023711,155 739 985,A01,3.0,7.0,0,2,2,1,0.0,
202400023712,155 739 984,A01,0.0,7.0,0,0,8,9,1.0,
202400023713,155 739 983,A01,1.0,7.0,6,0,2,1,1.0,
202400023714,155 739 981,B01,1.0,1.0,0,2,6,2,5.0,
202400023715,155 739 979,A01,1.0,33.0,14,0,1,1,1.0,
202400023716,155 739 980,A01,2.0,7.0,0,1,1,1,1.0,
202400023717,155 739 977,A01,3.0,10.0,0,2,1,2,1.0,
202400023718,155 739 973,B01,1.0,7.0,0,2,1,1,1.0,
202400023719,155 739 970,B01,2.0,7.0,0,2,0,0,1.0,
202400023720,155 739 971,B01,3.0,7.0,0,2,1,19,1.0,
202400023721,155 739 969,B01,2.0,50.0,0,2,7,1,3.0,
202400023722,155 739 967,A01,1.0,32.0,0,1,1,17,1.0,
202400023723,155 739 966,B01,1.0,7.0,6,2,7,1,1.0,
202400023724,155 739 965,A01,2.0,7.0,7,0,1,14,1.0,
202400023725,155 739 964,A01,2.0,7.0,0,1,2,1,1.0,
202400023726,155 739 961,A01,0.0,7.0,0,1,8,1,1.0,
202400023727,155 739 960,B01,2.0,7.0,0,2,8,9,1.0,
202400023728,155 739 958,A01,2.0,7.0,0,2,8,9,1.0,
202400023729,155 739 955,A01,3.0,7.0,0,1,5,4,1.0,
202400023730,155 739 953,A01,1.0,33.0,0,2,1,1,1.0,
202400023731,155 739 954,B01,1.0,7.0,0,2,4,23,3.0,
202400023732,155 739 948,A01,1.0,80.0,0,1,1,1,3.0,
202400023733,155 739 945,B01,0.0,1.0,0,2,1,23,5.0,
202400023734,155 739 943,A01,1.0,7.0,0,2,1,2,1.0,
202400023735,155 739 942,A01,3.0,7.0,6,0,1,1,1.0,
202400023736,155 739 940,A01,1.0,7.0,0,2,3,13,1.0,
202400023737,155 739 939,A01,1.0,7.0,0,2,3,13,1.0,
202400023738,155 739 937,A01,1.0,7.0,0,2,1,2,1.0,
202400023739,155 739 935,B01,1.0,17.0,0,2,4,1,0.0,
202400023740,155 739 934,A01,2.0,33.0,0,0,0,1,1.0,
202400023741,155 739 931,A01,2.0,7.0,0,2,1,15,1.0,
202400023742,155 739 928,A01,1.0,7.0,13,0,3,14,1.0,
202400023743,155 739 930,B01,2.0,30.0,0,2,1,1,1.0,
202400023744,155 739 926,A01,2.0,43.0,4,0,3,1,1.0,
202400023745,155 739 927,B01,1.0,7.0,0,9,7,1,1.0,
202400023746,155 739 922,B01,2.0,7.0,0,2,4,15,1.0,
202400023747,155 739 921,B01,1.0,33.0,1,0,1,2,1.0,
202400023748,155 739 919,A01,1.0,7.0,0,2,2,14,1.0,
202400023749,155 739 915,A01,2.0,1.0,0,0,0,1,5.0,
202400023750,155 739 918,A01,1.0,7.0,0,9,2,9,1.0,
202400023751,155 739 914,B01,2.0,10.0,0,2,8,1,1.0,
202400023752,155 739 913,B01,1.0,33.0,1,0,4,1,1.0,
202400023753,155 739 911,A01,1.0,7.0,0,1,1,1,2.0,
202400023754,155 739 910,A01,1.0,7.0,0,1,3,1,1.0,
202400023755,155 739 908,A01,2.0,7.0,0,9,3,9,1.0,
202400023756,155 739 909,A01,1.0,10.0,0,1,3,15,1.0,
202400023757,155 739 906,A01,1.0,10.0,0,1,1,15,1.0,
202400023758,155 739 905,A01,2.0,1.0,0,2,7,1,5.0,
202400023759,155 739 904,A01,1.0,7.0,6,0,3,1,1.0,
202400023760,155 739 903,A01,2.0,10.0,13,0,8,1,1.0,
202400023761,155 739 902,A01,2.0,38.0,0,1,5,20,1.0,1
202400023762,155 739 900,A01,2.0,34.0,0,2,1,7,1.0,
202400023763,155 739 898,A01,3.0,7.0,0,1,2,16,1.0,
202400023764,155 739 899,A01,1.0,32.0,0,0,7,14,1.0,
202400023765,155 739 896,B01,2.0,50.0,0,2,7,1,3.0,
202400023766,155 739 894,A01,2.0,7.0,0,1,1,1,1.0,
202400023767,155 739 892,A01,0.0,7.0,0,2,1,17,1.0,
202400023768,155 739 890,A01,1.0,7.0,0,1,3,1,1.0,
202400023769,155 739 889,B01,2.0,43.0,0,2,4,1,1.0,
202400023770,155 739 886,B01,1.0,1.0,0,2,1,19,5.0,
202400023771,155 739 883,A01,1.0,40.0,0,1,1,26,6.0,
202400023772,155 739 885,A01,2.0,7.0,0,9,5,0,1.0,
202400023773,155 739 882,A01,1.0,7.0,0,2,4,2,1.0,
202400023774,155 739 880,B01,2.0,7.0,0,2,6,1,1.0,
202400023775,155 739 876,A01,1.0,7.0,3,2,1,1,1.0,
202400023776,155 739 872,B01,3.0,7.0,0,2,1,5,1.0,
202400023777,155 739 873,A01,2.0,7.0,0,0,1,21,1.0,
202400023778,155 739 874,A01,3.0,43.0,0,2,1,1,1.0,
202400023779,155 739 866,B01,3.0,1.0,0,0,0,0,5.0,
202400023780,155 739 865,D01,2.0,7.0,0,2,1,26,1.0,
202400023781,155 739 864,A01,1.0,43.0,14,0,2,6,1.0,
202400023782,155 739 863,A01,2.0,1.0,0,0,0,0,5.0,
202400023783,155 739 856,A01,2.0,7.0,0,2,1,2,1.0,
202400023784,155 739 857,B01,3.0,50.0,0,2,1,1,3.0,
202400023785,155 739 855,B01,1.0,1.0,0,2,1,0,5.0,
202400023786,155 739 854,A01,3.0,1.0,0,1,2,1,5.0,
202400023787,155 739 851,A01,2.0,7.0,0,2,0,2,1.0,
202400023788,155 739 846,B01,1.0,33.0,0,2,8,1,1.0,
202400023789,155 739 845,A01,1.0,7.0,0,2,4,23,1.0,
202400023790,155 739 847,A01,1.0,7.0,1,2,4,2,2.0,
202400023791,155 739 842,A01,1.0,33.0,0,2,1,2,1.0,
202400023792,155 739 841,A01,2.0,7.0,4,2,1,2,1.0,
202400023793,155 739 840,B01,2.0,33.0,0,1,2,1,1.0,
202400023794,155 739 837,A01,1.0,15.0,0,2,4,24,1.0,
202400023795,155 739 836,A01,2.0,7.0,0,2,1,1,0.0,
202400023796,155 739 833,B01,1.0,10.0,0,2,4,23,1.0,
202400023797,155 739 832,B01,2.0,33.0,0,2,2,1,1.0,
202400023798,155 739 829,A01,1.0,7.0,0,2,1,1,1.0,
202400023799,155 739 828,A01,2.0,7.0,0,2,1,2,1.0,
202400023800,155 739 826,A01,2.0,10.0,0,2,1,2,1.0,
202400023801,155 739 824,A01,2.0,7.0,0,1,2,1,1.0,
202400023802,155 739 821,A01,2.0,7.0,0,2,2,2,1.0,
202400023803,155 739 820,A01,2.0,7.0,0,2,1,2,1.0,
202400023804,155 739 819,A01,0.0,7.0,4,0,1,26,1.0,
202400023805,155 739 817,B01,2.0,7.0,0,2,8,14,1.0,
202400023806,155 739 816,A01,2.0,7.0,3,0,4,1,1.0,
202400023807,155 739 813,B01,0.0,10.0,16,2,4,23,0.0,
202400023808,155 739 811,B01,2.0,7.0,0,2,0,0,1.0,
202400023809,155 739 809,A01,1.0,33.0,7,0,8,1,1.0,
202400023810,155 739 807,A01,3.0,7.0,0,2,1,13,1.0,
202400023811,155 739 805,B01,2.0,7.0,0,2,2,12,1.0,
202400023812,155 739 801,B01,3.0,1.0,0,2,1,1,5.0,
202400023813,155 739 802,A01,1.0,7.0,1,0,4,1,1.0,
202400023814,155 739 798,A01,3.0,34.0,0,1,1,1,1.0,
202400023815,155 739 797,B01,1.0,10.0,0,2,1,2,1.0,
202400023816,155 739 793,A01,2.0,7.0,0,2,4,23,1.0,
202400023817,155 739 794,A01,1.0,33.0,0,2,0,3,1.0,
202400023818,155 739 791,A01,1.0,7.0,0,2,4,1,1.0,
202400023819,155 739 790,A01,2.0,7.0,1,0,1,14,2.0,
202400023820,155 739 788,A01,2.0,7.0,2,0,7,1,1.0,
202400023821,155 739 785,A01,2.0,7.0,4,2,2,2,1.0,
202400023822,155 739 781,B01,2.0,7.0,0,2,4,2,1.0,
202400023823,155 739 780,B01,2.0,7.0,0,2,1,1,1.0,
202400023824,155 739 777,A01,1.0,7.0,0,1,1,1,1.0,