Num_Acc,id_vehicule,num_veh,senc,catv,obs,obsm,choc,manv,motor,occutc
202400023825,155 739 776,A01,2.0,33.0,0,2,7,3,1.0,
202400023826,155 739 774,A01,2.0,2.0,0,1,1,1,0.0,
202400023827,155 739 775,A01,2.0,7.0,0,2,2,9,1.0,
202400023828,155 739 772,A01,2.0,33.0,0,0,6,21,1.0,
202400023829,155 739 770,A01,1.0,10.0,0,0,8,15,1.0,
202400023830,155 739 769,A01,2.0,7.0,4,2,1,12,1.0,
202400023831,155 739 764,A01,1.0,34.0,0,2,1,15,1.0,
202400023832,155 739 763,B01,2.0,31.0,0,2,8,2,1.0,
202400023833,155 739 760,A01,1.0,2.0,3,0,1,21,1.0,
202400023834,155 739 759,B01,2.0,32.0,0,2,1,1,1.0,
202400023835,155 739 758,B01,1.0,14.0,0,2,2,21,1.0,
202400023836,155 739 757,A01,1.0,33.0,0,0,2,0,1.0,
202400023837,155 739 755,A01,3.0,7.0,0,2,1,2,1.0,
202400023838,155 739 751,A01,1.0,7.0,3,2,3,5,1.0,
202400023839,155 739 750,C01,2.0,7.0,0,2,8,2,1.0,
202400023840,155 739 748,A01,1.0,33.0,0,2,2,17,1.0,
202400023841,155 739 745,A01,1.0,3.0,0,2,3,13,1.0,
202400023842,155 739 744,B01,2.0,33.0,0,2,8,3,1.0,
202400023843,155 739 741,A01,1.0,15.0,3,0,7,14,1.0,
202400023844,155 739 742,A01,1.0,32.0,0,2,1,1,1.0,
202400023845,155 739 740,A01,2.0,1.0,0,1,1,5,5.0,
202400023846,155 739 738,A01,2.0,7.0,4,0,9,14,1.0,
202400023847,155 739 737,A01,1.0,10.0,0,2,5,15,1.0,
202400023848,155 739 735,B01,1.0,32.0,0,2,1,17,1.0,
202400023849,155 739 732,B01,1.0,10.0,0,2,0,0,1.0,
202400023850,155 739 731,A01,3.0,7.0,0,2,2,19,1.0,
202400023851,155 739 729,A01,2.0,7.0,0,2,2,16,1.0,
202400023852,155 739 726,B01,3.0,7.0,0,0,6,26,6.0,
202400023853,155 739 724,A01,1.0,33.0,0,0,8,1,1.0,
202400023854,155 739 719,A01,1.0,7.0,0,2,1,19,1.0,
202400023855,155 739 720,A01,3.0,7.0,0,9,3,26,1.0,
202400023856,155 739 718,A01,1.0,7.0,0,2,1,9,1.0,
202400023857,155 739 714,A01,1.0,7.0,0,2,6,15,1.0,
202400023858,155 739 712,A01,1.0,7.0,0,2,1,13,1.0,
202400023859,155 739 713,A01,1.0,7.0,0,2,1,13,1.0,
202400023860,155 739 710,A01,2.0,13.0,0,2,8,26,0.0,
202400023861,155 739 706,A01,1.0,7.0,0,2,3,15,1.0,
202400023862,155 739 705,A01,3.0,33.0,0,2,1,1,1.0,
202400023863,155 739 702,A01,3.0,10.0,0,2,1,5,1.0,
202400023864,155 739 701,A01,1.0,7.0,0,1,1,1,1.0,
202400023865,155 739 700,A01,1.0,33.0,0,2,3,0,1.0,
202400023866,155 739 697,A01,2.0,7.0,0,2,1,17,1.0,
202400023867,155 739 696,B01,1.0,33.0,0,2,4,1,1.0,
202400023868,155 739 692,B01,1.0,7.0,0,2,1,1,2.0,
202400023869,155 739 694,A01,2.0,33.0,7,0,8,14,1.0,
202400023870,155 739 690,A01,1.0,10.0,0,2,1,0,0.0,
202400023871,155 739 689,A01,2.0,33.0,0,0,3,1,1.0,
202400023872,155 739 687,A01,1.0,30.0,0,0,0,1,6.0,
202400023873,155 739 686,A01,2.0,36.0,2,0,1,14,1.0,
202400023874,155 739 685,A01,1.0,7.0,0,9,3,1,1.0,
202400023875,155 739 684,A01,1.0,7.0,16,0,3,0,1.0,
202400023876,155 739 681,B01,1.0,80.0,0,2,7,16,3.0,
202400023877,155 739 680,B01,2.0,7.0,0,2,1,1,1.0,
202400023878,155 739 679,A01,2.0,7.0,13,0,1,14,1.0,
202400023879,155 739 678,A01,3.0,7.0,0,1,4,4,1.0,
202400023880,155 739 676,A01,3.0,38.0,0,1,8,1,1.0,1
202400023881,155 739 673,A01,2.0,33.0,0,2,1,1,1.0,
202400023882,155 739 669,A01,0.0,2.0,0,0,0,1,1.0,
202400023883,155 739 668,A01,3.0,7.0,0,2,2,1,1.0,
202400023884,155 739 665,A01,1.0,2.0,0,2,8,13,1.0,
202400023885,155 739 660,A01,1.0,10.0,0,2,3,1,1.0,
202400023886,155 739 661,A01,0.0,7.0,0,2,1,1,1.0,
202400023887,155 739 659,A01,1.0,32.0,3,0,7,17,1.0,
202400023888,155 739 657,A01,1.0,7.0,8,0,1,13,1.0,
202400023889,155 739 655,B01,2.0,7.0,0,2,4,2,1.0,
202400023890,155 739 654,A01,1.0,33.0,3,0,8,1,1.0,
202400023891,155 739 651,A01,1.0,7.0,13,0,4,2,1.0,
202400023892,155 739 652,A01,3.0,7.0,0,1,1,1,1.0,
202400023893,155 739 650,A01,3.0,7.0,0,1,4,20,1.0,
202400023894,155 739 647,A01,1.0,7.0,1,0,3,13,1.0,
202400023895,155 739 645,A01,1.0,7.0,1,0,2,0,1.0,
202400023896,155 739 646,A01,3.0,7.0,0,2,3,5,1.0,
202400023897,155 739 644,A01,3.0,7.0,0,2,1,13,1.0,
202400023898,155 739 642,A01,1.0,7.0,2,0,1,1,1.0,
202400023899,155 739 641,A01,2.0,32.0,0,6,1,1,1.0,
202400023900,155 739 640,B01,1.0,7.0,0,2,2,1,1.0,
202400023901,155 739 639,A01,1.0,10.0,1,1,1,1,1.0,
202400023902,155 739 638,A01,2.0,33.0,16,0,2,1,1.0,
202400023903,155 739 636,A01,3.0,14.0,0,1,8,1,4.0,
202400023904,155 739 635,B01,2.0,10.0,0,0,1,1,1.0,
202400023905,155 739 634,A01,1.0,33.0,0,0,1,1,1.0,
202400023906,155 739 633,A01,1.0,7.0,0,1,2,1,1.0,
202400023907,155 739 631,A01,3.0,7.0,0,1,2,1,1.0,
202400023908,155 739 628,A01,1.0,7.0,0,2,3,11,1.0,
202400023909,155 739 625,A01,1.0,10.0,0,2,4,1,1.0,
202400023910,155 739 626,B01,1.0,50.0,0,2,1,1,3.0,
202400023911,155 739 624,A01,2.0,33.0,2,0,1,1,1.0,
202400023912,155 739 621,A01,1.0,10.0,6,0,1,13,1.0,
202400023913,155 739 623,A01,2.0,7.0,13,0,1,1,0.0,
202400023914,155 739 619,A01,0.0,7.0,0,2,8,20,1.0,
202400023915,155 739 618,A01,2.0,31.0,13,0,9,1,1.0,
202400023916,155 739 617,B01,3.0,33.0,0,2,8,0,1.0,
202400023917,155 739 615,A01,1.0,7.0,0,2,8,19,1.0,
202400023918,155 739 614,A01,2.0,7.0,0,1,2,26,1.0,
202400023919,155 739 613,A01,2.0,36.0,0,6,1,19,1.0,
202400023920,155 739 607,A01,1.0,7.0,0,2,7,19,1.0,
202400023921,155 739 608,B01,1.0,33.0,0,2,1,17,1.0,
202400023922,155 739 606,B01,3.0,7.0,0,2,9,0,1.0,
202400023923,155 739 604,C01,1.0,7.0,0,0,5,23,1.0,
202400023924,155 739 602,A01,1.0,7.0,0,1,2,1,1.0,
202400023925,155 739 601,A01,1.0,7.0,0,2,1,1,1.0,
202400023926,155 739 599,A01,2.0,1.0,0,0,1,1,5.0,
202400023927,155 739 597,B01,2.0,33.0,0,2,7,1,1.0,
202400023928,155 739 596,A01,3.0,33.0,0,0,9,23,1.0,
202400023929,155 739 595,B01,2.0,7.0,0,2,4,1,1.0,
202400023930,155 739 592,A01,1.0,1.0,1,0,1,1,5.0,
202400023931,155 739 590,A01,1.0,10.0,0,2,1,1,1.0,
202400023932,155 739 589,A01,1.0,7.0,0,1,4,26,1.0,
202400023933,155 739 586,A01,3.0,7.0,8,0,1,1,1.0,
202400023934,155 739 587,B01,2.0,10.0,0,2,8,15,1.0,
202400023935,155 739 585,B01,1.0,7.0,0,2,0,0,1.0,
202400023936,155 739 582,A01,3.0,2.0,2,0,1,0,1.0,
202400023937,155 739 583,A01,3.0,7.0,0,2,8,1,1.0,
202400023938,155 739 581,A01,1.0,7.0,13,0,1,0,1.0,
202400023939,155 739 579,A01,1.0,7.0,0,2,1,15,1.0,
202400023940,155 739 578,A01,0.0,36.0,0,0,0,0,1.0,
202400023941,155 739 576,A01,2.0,7.0,0,2,1,5,1.0,
202400023942,155 739 573,A01,3.0,7.0,13,0,0,14,1.0,
202400023943,155 739 572,B01,1.0,15.0,0,2,1,0,1.0,
202400023944,155 739 571,B01,2.0,7.0,0,2,7,1,1.0,
202400023945,155 739 568,A01,1.0,2.0,10,0,3,1,1.0,
202400023946,155 739 569,A01,1.0,7.0,0,2,2,1,1.0,
202400023947,155 739 565,A01,1.0,7.0,0,2,2,1,1.0,
202400023948,155 739 564,A01,1.0,7.0,0,2,2,19,1.0,
202400023949,155 739 563,A01,2.0,7.0,0,1,7,26,1.0,
202400023950,155 739 561,A01,2.0,17.0,0,2,6,11,1.0,
202400023951,155 739 559,A01,1.0,7.0,0,1,3,1,1.0,
202400023952,155 739 558,A01,1.0,7.0,0,2,3,0,1.0,
202400023953,155 739 557,Z01,0.0,13.0,0,1,2,26,0.0,
202400023954,155 739 555,A01,1.0,7.0,0,1,0,26,1.0,
202400023955,155 739 554,B01,1.0,7.0,0,2,5,1,1.0,
202400023956,155 739 551,B01,1.0,15.0,0,0,6,1,1.0,
202400023957,155 739 547,B01,3.0,7.0,0,2,7,23,1.0,
202400023958,155 739 549,B01,1.0,7.0,0,2,3,15,1.0,
202400023959,155 739 545,A01,1.0,32.0,13,0,1,14,1.0,
202400023960,155 739 544,C01,1.0,7.0,0,2,6,15,1.0,
202400023961,155 739 542,A01,3.0,2.0,10,0,1,1,1.0,
202400023962,155 739 543,A01,1.0,7.0,1,0,2,1,1.0,
202400023963,155 739 538,A01,1.0,7.0,2,0,3,14,1.0,
202400023964,155 739 535,B01,3.0,1.0,0,2,1,1,5.0,
202400023965,155 739 536,B01,2.0,7.0,0,2,4,23,1.0,
202400023966,155 739 533,A01,1.0,2.0,6,9,0,1,1.0,
202400023967,155 739 532,A01,2.0,15.0,3,0,2,14,1.0,
202400023968,155 739 530,C01,3.0,7.0,0,2,4,23,1.0,
202400023969,155 739 529,A01,2.0,14.0,0,2,7,16,1.0,
202400023970,155 739 527,A01,2.0,30.0,0,0,8,15,1.0,
202400023971,155 739 525,A01,1.0,7.0,6,0,1,1,1.0,
202400023972,155 739 523,A01,1.0,30.0,0,2,1,17,1.0,
202400023973,155 739 524,A01,1.0,33.0,15,2,1,1,1.0,
202400023974,155 739 521,A01,2.0,1.0,0,0,1,1,5.0,
202400023975,155 739 518,B01,2.0,32.0,0,2,2,17,1.0,
202400023976,155 739 517,B01,3.0,33.0,0,2,1,1,1.0,
202400023977,155 739 516,A01,1.0,7.0,13,2,1,13,1.0,
202400023978,155 739 514,A01,2.0,7.0,0,1,2,15,1.0,
202400023979,155 739 511,B01,3.0,7.0,0,2,2,19,1.0,
202400023980,155 739 512,A01,1.0,33.0,3,0,0,16,1.0,
202400023981,155 739 508,A01,3.0,7.0,0,2,2,1,1.0,
202400023982,155 739 506,B01,1.0,7.0,0,2,1,1,2.0,
202400023983,155 739 504,A01,1.0,30.0,0,2,1,23,1.0,
202400023984,155 739 501,A01,2.0,7.0,0,2,3,1,1.0,
202400023985,155 739 500,A01,1.0,7.0,13,0,3,13,2.0,
202400023986,155 739 499,A01,0.0,7.0,0,2,3,19,1.0,
202400023987,155 739 498,A01,2.0,37.0,0,1,2,1,1.0,1
202400023988,155 739 495,A01,3.0,7.0,0,2,1,16,1.0,
202400023989,155 739 493,A01,3.0,7.0,0,1,1,1,1.0,
202400023990,155 739 494,A01,1.0,7.0,0,2,2,15,1.0,
202400023991,155 739 492,A01,2.0,7.0,0,2,4,1,1.0,
202400023992,155 739 491,A01,2.0,37.0,0,1,1,1,1.0,1
202400023993,155 739 489,A01,1.0,7.0,15,0,1,1,1.0,
202400023994,155 739 488,A01,2.0,7.0,0,1,1,1,1.0,
202400023995,155 739 487,A01,1.0,7.0,0,0,9,1,1.0,
202400023996,155 739 486,A01,2.0,30.0,0,2,1,9,1.0,
202400023997,155 739 481,A01,2.0,50.0,0,2,1,5,3.0,
202400023998,155 739 478,A01,2.0,7.0,0,2,3,1,1.0,
202400023999,155 739 477,A01,2.0,7.0,0,2,7,1,2.0,
202400024000,155 739 476,A01,1.0,7.0,0,1,1,1,1.0,
202400024001,155 739 472,A01,3.0,7.0,0,9,3,1,1.0,
202400024002,155 739 470,C01,2.0,7.0,0,2,4,2,1.0,
202400024003,155 739 471,A01,1.0,10.0,0,1,0,26,1.0,
202400024004,155 739 468,B01,3.0,7.0,0,2,1,1,1.0,
202400024005,155 739 466,A01,2.0,33.0,0,2,3,14,1.0,
202400024006,155 739 464,A01,2.0,33.0,16,0,0,1,1.0,
202400024007,155 739 463,A01,3.0,7.0,0,2,2,17,1.0,
202400024008,155 739 462,A01,1.0,1.0,0,1,1,1,5.0,
202400024009,155 739 460,A01,1.0,1.0,0,0,1,1,5.0,
202400024010,155 739 459,B01,1.0,7.0,0,2,1,0,1.0,
202400024011,155 739 455,C01,2.0,7.0,0,2,8,1,1.0,
202400024012,155 739 454,B01,3.0,30.0,0,2,1,1,1.0,
202400024013,155 739 452,A01,3.0,7.0,0,1,4,4,1.0,
202400024014,155 739 451,A01,1.0,7.0,0,2,3,9,2.0,
202400024015,155 739 447,B01,1.0,1.0,1,0,1,1,5.0,
202400024016,155 739 446,A01,2.0,7.0,0,2,1,13,1.0,
202400024017,155 739 445,B01,2.0,1.0,0,2,8,1,5.0,
202400024018,155 739 444,A01,2.0,2.0,0,0,0,26,1.0,
202400024019,155 739 443,A01,2.0,7.0,1,0,2,1,1.0,
202400024020,155 739 439,A01,0.0,7.0,0,2,3,9,1.0,
202400024021,155 739 436,A01,3.0,31.0,0,2,1,19,1.0,
202400024022,155 739 434,A01,2.0,7.0,0,2,3,17,1.0,
202400024023,155 739 433,B01,2.0,2.0,0,2,1,1,1.0,
202400024024,155 739 432,A01,2.0,7.0,6,0,3,13,1.0,
202400024025,155 739 430,A01,1.0,1.0,0,2,8,1,5.0,
202400024026,155 739 426,A01,1.0,31.0,0,2,8,11,1.0,
202400024027,155 739 425,B01,1.0,7.0,0,2,1,1,1.0,
202400024028,155 739 424,A01,3.0,33.0,0,0,1,1,1.0,
202400024029,155 739 423,A01,1.0,7.0,0,2,2,15,1.0,
202400024030,155 739 418,A01,1.0,7.0,0,1,2,1,2.0,
202400024031,155 739 419,B01,3.0,7.0,0,2,4,2,1.0,
202400024032,155 739 416,B01,2.0,7.0,0,2,1,2,1.0,
202400024033,155 739 417,A01,2.0,7.0,0,2,3,15,1.0,
202400024034,155 739 414,A01,2.0,7.0,0,1,1,1,1.0,
202400024035,155 739 415,A01,2.0,50.0,0,1,3,17,3.0,
202400024036,155 739 410,A01,1.0,7.0,0,0,4,2,1.0,
202400024037,155 739 409,A01,1.0,7.0,0,2,4,2,1.0,
202400024038,155 739 408,A01,1.0,7.0,4,0,3,1,1.0,
202400024039,155 739 407,A01,1.0,50.0,0,1,4,1,3.0,
202400024040,155 739 405,A01,3.0,7.0,13,0,7,1,1.0,
202400024041,155 739 399,A01,2.0,7.0,0,1,2,1,1.0,
202400024042,155 739 401,A01,3.0,50.0,0,1,1,25,3.0,
202400024043,155 739 400,A01,2.0,14.0,0,2,2,19,1.0,
202400024044,155 739 397,A01,2.0,7.0,0,2,4,11,1.0,
202400024045,155 739 396,A01,3.0,50.0,0,0,0,1,3.0,
202400024046,155 739 392,A01,3.0,2.0,0,2,1,1,1.0,
202400024047,155 739 393,B01,1.0,7.0,0,2,4,23,1.0,
202400024048,155 739 390,A01,2.0,7.0,0,2,1,2,1.0,
202400024049,155 739 386,A01,3.0,7.0,0,2,3,9,1.0,
202400024050,155 739 384,A01,1.0,7.0,0,2,1,15,1.0,
202400024051,155 739 382,B01,2.0,7.0,0,2,1,2,1.0,
202400024052,155 739 378,A01,3.0,10.0,0,2,3,9,1.0,
202400024053,155 739 377,A01,1.0,33.0,0,0,1,1,1.0,
202400024054,155 739 376,A01,1.0,7.0,13,0,1,1,1.0,
202400024055,155 739 374,A01,1.0,7.0,0,2,0,17,1.0,
202400024056,155 739 372,A01,2.0,7.0,3,0,1,14,1.0,
202400024057,155 739 373,A01,1.0,10.0,0,1,4,4,1.0,
202400024058,155 739 369,A01,1.0,7.0,4,2,0,1,1.0,
202400024059,155 739 368,B01,3.0,80.0,0,2,0,0,3.0,
202400024060,155 739 367,B01,1.0,7.0,0,0,4,11,1.0,
202400024061,155 739 366,A01,1.0,50.0,0,1,1,1,3.0,
202400024062,155 739 360,B01,3.0,1.0,0,2,1,25,5.0,
202400024063,155 739 359,A01,1.0,7.0,0,2,1,3,1.0,
202400024064,155 739 361,A01,2.0,1.0,0,2,1,17,5.0,
202400024065,155 739 358,A01,1.0,7.0,4,0,9,0,1.0,
202400024066,155 739 356,B01,1.0,7.0,0,2,1,26,1.0,
202400024067,155 739 355,Z01,2.0,10.0,0,1,1,1,1.0,
202400024068,155 739 352,A01,2.0,7.0,0,2,1,12,1.0,
202400024069,155 739 348,A01,2.0,7.0,0,2,1,15,1.0,
202400024070,155 739 346,B01,1.0,7.0,0,2,4,1,1.0,
202400024071,155 739 345,A01,3.0,1.0,0,0,0,1,5.0,
202400024072,155 739 344,A01,1.0,7.0,0,1,2,16,1.0,
202400024073,155 739 342,A01,1.0,30.0,15,0,1,14,1.0,
202400024074,155 739 341,A01,1.0,7.0,0,2,3,11,2.0,
202400024075,155 739 337,B01,1.0,7.0,3,2,7,2,1.0,
202400024076,155 739 338,B01,1.0,7.0,0,2,1,1,1.0,
202400024077,155 739 332,A01,2.0,10.0,4,2,2,17,1.0,
202400024078,155 739 333,A01,1.0,10.0,0,2,1,15,1.0,
202400024079,155 739 330,A01,2.0,34.0,0,2,1,2,1.0,
202400024080,155 739 327,A01,1.0,7.0,4,0,3,1,1.0,
202400024081,155 739 325,A01,1.0,33.0,0,2,1,1,0.0,
202400024082,155 739 324,A01,3.0,33.0,0,2,3,1,1.0,
202400024083,155 739 321,A01,3.0,15.0,0,2,3,1,1.0,
202400024084,155 739 318,A01,1.0,7.0,0,2,3,0,1.0,
202400024085,155 739 317,A01,1.0,7.0,0,2,0,0,1.0,
202400024086,155 739 315,A01,1.0,7.0,0,2,6,21,1.0,
202400024087,155 739 311,A01,1.0,10.0,0,2,3,13,1.0,
202400024088,155 739 310,A01,2.0,33.0,0,0,0,2,1.0,
202400024089,155 739 309,A01,2.0,7.0,0,2,8,1,0.0,
202400024090,155 739 307,B01,0.0,50.0,1,0,0,0,3.0,
202400024091,155 739 306,A01,1.0,7.0,1,0,2,1,2.0,
202400024092,155 739 305,A01,3.0,7.0,0,1,7,16,1.0,
202400024093,155 739 303,A01,2.0,7.0,0,2,7,15,1.0,
202400024094,155 739 300,A01,1.0,7.0,0,2,3,1,1.0,
202400024095,155 739 298,A01,2.0,7.0,0,1,3,1,1.0,
202400024096,155 739 301,B01,2.0,2.0,0,2,1,1,1.0,
202400024097,155 739 297,A01,1.0,7.0,0,2,2,2,1.0,
202400024098,155 739 295,A01,0.0,7.0,1,1,1,19,1.0,
202400024099,155 739 293,A01,3.0,7.0,0,2,1,15,1.0,
202400024100,155 739 290,A01,1.0,7.0,0,2,1,13,1.0,
202400024101,155 739 291,A01,1.0,7.0,0,2,3,13,1.0,
202400024102,155 739 287,C01,1.0,7.0,0,9,2,23,1.0,
202400024103,155 739 285,A01,1.0,10.0,0,1,3,1,1.0,
202400024104,155 739 284,A01,2.0,7.0,0,2,1,1,1.0,
202400024105,155 739 282,A01,1.0,50.0,0,2,1,25,3.0,
202400024106,155 739 280,A01,2.0,10.0,13,0,0,14,1.0,
202400024107,155 739 279,A01,1.0,7.0,0,2,1,1,1.0,
202400024108,155 739 274,B01,1.0,7.0,0,2,3,1,1.0,
202400024109,155 739 273,A01,1.0,38.0,0,2,5,11,1.0,1
202400024110,155 739 275,A01,3.0,7.0,0,1,1,15,1.0,
202400024111,155 739 271,A01,3.0,39.0,0,1,2,1,3.0,
202400024112,155 739 269,A01,3.0,7.0,0,2,2,15,1.0,
202400024113,155 739 265,B01,1.0,43.0,0,2,7,3,1.0,
202400024114,155 739 264,B01,2.0,7.0,0,2,1,1,3.0,
202400024115,155 739 263,A01,1.0,33.0,0,2,7,1,1.0,
202400024116,155 739 261,B01,1.0,33.0,0,2,7,2,1.0,
202400024117,155 739 260,A01,3.0,7.0,0,1,3,1,2.0,
202400024118,155 739 258,A01,2.0,30.0,14,0,2,1,1.0,
202400024119,155 739 259,A01,2.0,31.0,0,1,1,5,1.0,
202400024120,155 739 257,A01,1.0,7.0,0,1,2,1,1.0,
202400024121,155 739 255,A01,3.0,37.0,0,1,2,1,2.0,1
202400024122,155 739 254,A01,1.0,7.0,8,0,3,18,1.0,
202400024123,155 739 252,A01,1.0,7.0,0,9,1,1,1.0,
202400024124,155 739 251,A01,1.0,41.0,0,1,5,1,1.0,
202400024125,155 739 250,A01,2.0,2.0,0,0,7,1,1.0,
202400024126,155 739 249,A01,2.0,7.0,5,0,1,1,1.0,
202400024127,155 739 246,A01,2.0,14.0,0,1,3,1,1.0,
202400024128,155 739 245,A01,0.0,7.0,0,2,1,1,1.0,
202400024129,155 739 243,B01,2.0,10.0,0,2,1,1,1.0,
202400024130,155 739 241,A01,1.0,50.0,0,2,1,1,3.0,
202400024131,155 739 240,A01,2.0,7.0,0,2,1,9,1.0,
202400024132,155 739 238,A01,1.0,7.0,0,2,2,26,1.0,
202400024133,155 739 237,A01,3.0,1.0,0,1,1,2,5.0,
202400024134,155 739 235,B01,2.0,32.0,0,0,1,21,1.0,
202400024135,155 739 232,B01,2.0,10.0,0,2,4,23,1.0,
202400024136,155 739 233,A01,3.0,10.0,0,1,7,14,1.0,
202400024137,155 739 230,A01,3.0,33.0,6,0,1,1,1.0,
202400024138,155 739 229,A01,0.0,7.0,0,1,1,1,1.0,
202400024139,155 739 228,B01,1.0,80.0,0,2,8,0,3.0,
202400024140,155 739 227,A01,3.0,1.0,8,0,1,1,5.0,
202400024141,155 739 224,A01,1.0,7.0,0,2,3,10,1.0,
202400024142,155 739 223,A01,1.0,31.0,0,2,3,3,3.0,
202400024143,155 739 221,A01,2.0,7.0,0,2,3,13,1.0,
202400024144,155 739 220,A01,1.0,7.0,2,0,1,1,1.0,
202400024145,155 739 219,A01,2.0,7.0,0,1,2,5,2.0,
202400024146,155 739 216,B01,2.0,7.0,0,2,4,2,1.0,
202400024147,155 739 217,A01,1.0,30.0,0,0,7,1,3.0,
202400024148,155 739 213,B01,2.0,31.0,0,2,3,1,1.0,
202400024149,155 739 211,B01,2.0,7.0,0,2,4,0,1.0,
202400024150,155 739 212,A01,1.0,7.0,6,0,1,1,1.0,
202400024151,155 739 210,A01,1.0,10.0,3,0,1,26,1.0,
202400024152,155 739 209,A01,1.0,1.0,0,1,2,16,5.0,
202400024153,155 739 204,A01,1.0,34.0,0,2,3,13,1.0,
202400024154,155 739 205,A01,0.0,7.0,9,2,2,6,1.0,
202400024155,155 739 203,B01,0.0,7.0,0,2,6,13,0.0,
202400024156,155 739 202,A01,1.0,7.0,4,0,1,1,1.0,
202400024157,155 739 197,A01,2.0,7.0,0,2,0,1,1.0,
202400024158,155 739 198,B01,3.0,2.0,0,2,1,5,1.0,
202400024159,155 739 194,B01,2.0,10.0,0,2,3,1,1.0,
202400024160,155 739 192,A01,2.0,7.0,8,0,3,14,1.0,
202400024161,155 739 191,A01,3.0,7.0,0,0,4,1,1.0,
202400024162,155 739 189,A01,1.0,33.0,0,2,6,2,1.0,
202400024163,155 739 188,A01,2.0,7.0,8,0,2,14,1.0,
202400024164,155 739 185,A01,2.0,10.0,2,0,1,13,1.0,
202400024165,155 739 184,A01,1.0,10.0,0,2,3,1,1.0,
202400024166,155 739 183,A01,2.0,50.0,0,2,2,19,3.0,
202400024167,155 739 182,A01,1.0,33.0,0,0,0,0,1.0,
202400024168,155 739 180,A01,0.0,10.0,0,1,3,15,1.0,
202400024169,155 739 179,A01,0.0,7.0,6,0,3,1,1.0,
202400024170,155 739 176,B01,0.0,7.0,0,9,3,19,1.0,
202400024171,155 739 175,A01,1.0,7.0,0,2,1,1,1.0,
202400024172,155 739 174,A01,3.0,33.0,0,0,7,14,1.0,
202400024173,155 739 171,B01,2.0,7.0,0,2,3,1,1.0,
202400024174,155 739 169,B01,1.0,1.0,0,2,1,1,5.0,
202400024175,155 739 168,B01,1.0,7.0,0,2,1,1,3.0,
202400024176,155 739 167,A01,1.0,7.0,0,1,1,26,1.0,
202400024177,155 739 164,B01,3.0,1.0,0,0,0,0,5.0,
202400024178,155 739 163,A01,1.0,30.0,0,0,8,12,1.0,
202400024179,155 739 160,B01,1.0,2.0,0,2,8,9,0.0,
202400024180,155 739 159,A01,1.0,7.0,0,1,2,2,1.0,
202400024181,155 739 158,B01,1.0,7.0,0,2,1,1,1.0,
202400024182,155 739 155,A01,3.0,7.0,1,0,1,26,1.0,
202400024183,155 739 156,A01,2.0,31.0,0,1,1,21,1.0,
202400024184,155 739 154,A01,0.0,7.0,0,2,1,0,1.0,
202400024185,155 739 153,A01,2.0,10.0,13,0,2,1,1.0,
202400024186,155 739 152,A01,1.0,32.0,0,0,1,1,1.0,
202400024187,155 739 150,A01,1.0,34.0,1,2,1,0,1.0,
202400024188,155 739 149,A01,2.0,7.0,0,1,1,1,1.0,
202400024189,155 739 147,B01,2.0,34.0,0,2,3,1,1.0,
202400024190,155 739 145,A01,2.0,7.0,0,2,1,1,1.0,
202400024191,155 739 143,A01,1.0,7.0,0,2,3,15,1.0,
202400024192,155 739 140,A01,2.0,10.0,0,2,1,13,1.0,
202400024193,155 739 139,A01,2.0,2.0,0,2,1,15,1.0,
202400024194,155 739 138,A01,1.0,33.0,0,0,8,16,1.0,
202400024195,155 739 137,A01,1.0,7.0,0,1,2,1,1.0,
202400024196,155 739 135,A01,1.0,7.0,0,0,0,13,1.0,
202400024197,155 739 134,B01,1.0,80.0,0,2,8,16,3.0,
202400024198,155 739 133,A01,1.0,7.0,14,0,1,1,1.0,
202400024199,155 739 130,B01,2.0,15.0,0,2,6,1,1.0,
202400024200,155 739 128,A01,1.0,7.0,14,0,1,1,1.0,
202400024201,155 739 124,A01,3.0,31.0,12,0,2,1,1.0,
202400024202,155 739 121,A01,0.0,32.0,0,0,0,1,1.0,
202400024203,155 739 120,A01,1.0,7.0,0,2,1,13,1.0,
202400024204,155 739 119,B01,1.0,15.0,0,2,2,1,1.0,
202400024205,155 739 116,A01,2.0,7.0,0,1,3,1,1.0,
202400024206,155 739 115,A01,1.0,7.0,0,2,3,1,0.0,
202400024207,155 739 114,B01,1.0,1.0,0,2,8,2,5.0,
202400024208,155 739 111,A01,1.0,50.0,0,2,7,2,3.0,
202400024209,155 739 110,A01,2.0,33.0,14,0,8,13,1.0,
202400024210,155 739 109,A01,2.0,15.0,0,0,4,23,1.0,
202400024211,155 739 106,A01,1.0,10.0,0,1,1,1,1.0,
202400024212,155 739 108,A01,1.0,7.0,0,1,1,26,1.0,
202400024213,155 739 103,A01,1.0,7.0,0,2,3,17,1.0,
202400024214,155 739 102,A01,1.0,7.0,0,2,3,1,1.0,
202400024215,155 739 101,A01,3.0,31.0,0,2,1,1,1.0,
202400024216,155 739 100,A01,2.0,33.0,13,0,8,1,1.0,
202400024217,155 739 099,A01,1.0,7.0,7,0,1,1,1.0,
202400024218,155 739 095,A01,1.0,2.0,0,2,1,1,1.0,
202400024219,155 739 094,A01,1.0,10.0,0,2,2,17,1.0,
202400024220,155 739 092,A01,2.0,7.0,0,2,2,1,1.0,
202400024221,155 739 091,B01,1.0,7.0,0,2,1,2,1.0,