Num_Acc,id_vehicule,num_veh,senc,catv,obs,obsm,choc,manv,motor,occutc
202400024222,155 739 090,A01,1.0,2.0,6,0,1,1,1.0,
202400024223,155 739 089,A01,3.0,7.0,6,0,1,15,1.0,
202400024224,155 739 088,A01,2.0,7.0,0,0,0,9,1.0,
202400024225,155 739 087,A01,2.0,7.0,0,1,2,1,1.0,
202400024226,155 739 086,A01,3.0,2.0,0,0,0,26,0.0,
202400024227,155 739 084,A01,1.0,7.0,0,2,5,15,1.0,
202400024228,155 739 080,A01,2.0,7.0,0,2,1,13,1.0,
202400024229,155 739 079,A01,1.0,7.0,0,6,1,0,0.0,
202400024230,155 739 078,C01,1.0,7.0,0,2,7,1,1.0,
202400024231,155 739 077,A01,0.0,7.0,0,1,4,4,1.0,
202400024232,155 739 076,A01,2.0,7.0,2,0,1,1,1.0,
202400024233,155 739 074,A01,1.0,80.0,0,2,1,1,3.0,
202400024234,155 739 072,A01,1.0,7.0,2,0,2,1,1.0,
202400024235,155 739 068,A01,2.0,7.0,0,1,1,1,1.0,
202400024236,155 739 067,A01,1.0,7.0,0,2,1,17,1.0,
202400024237,155 739 065,B01,1.0,7.0,0,2,3,1,1.0,
202400024238,155 739 064,A01,1.0,2.0,0,2,8,1,1.0,
202400024239,155 739 060,A01,2.0,13.0,0,2,3,13,1.0,
202400024240,155 739 059,A01,1.0,7.0,0,2,5,1,1.0,
202400024241,155 739 058,A01,2.0,33.0,6,0,2,1,1.0,
202400024242,155 739 056,A01,1.0,1.0,0,0,8,1,5.0,
202400024243,155 739 054,A01,3.0,7.0,0,1,2,1,1.0,
202400024244,155 739 053,C01,1.0,7.0,0,2,1,1,1.0,
202400024245,155 739 052,A01,1.0,7.0,6,0,1,13,1.0,
202400024246,155 739 051,A01,3.0,2.0,0,0,7,0,1.0,
202400024247,155 739 049,A01,1.0,7.0,2,0,1,1,1.0,
202400024248,155 739 047,B01,1.0,10.0,0,2,3,1,1.0,
202400024249,155 739 044,A01,1.0,50.0,0,2,3,1,3.0,
202400024250,155 739 045,A01,2.0,37.0,0,2,7,16,1.0,1
202400024251,155 739 043,A01,1.0,7.0,13,0,1,13,1.0,
202400024252,155 739 037,A01,1.0,7.0,8,0,1,11,1.0,
202400024253,155 739 040,A01,2.0,33.0,0,2,1,17,1.0,
202400024254,155 739 036,A01,1.0,33.0,0,2,1,17,1.0,
202400024255,155 739 034,A01,1.0,10.0,3,0,3,5,1.0,
202400024256,155 739 033,A01,1.0,7.0,2,0,8,1,1.0,
202400024257,155 739 032,B01,1.0,10.0,0,1,5,1,1.0,
202400024258,155 739 031,A01,2.0,7.0,0,2,4,1,1.0,
202400024259,155 739 029,A01,2.0,7.0,8,0,2,14,1.0,
202400024260,155 739 027,A01,1.0,1.0,0,2,8,2,5.0,
202400024261,155 739 026,A01,1.0,7.0,0,2,3,26,1.0,
202400024262,155 739 025,A01,2.0,7.0,4,0,1,1,1.0,
202400024263,155 739 024,A01,1.0,10.0,0,0,1,1,1.0,
202400024264,155 739 019,B01,3.0,1.0,0,2,1,5,5.0,
202400024265,155 739 017,C01,2.0,7.0,0,2,2,1,1.0,
202400024266,155 739 015,A01,0.0,7.0,0,2,3,0,0.0,
202400024267,155 739 013,A01,1.0,10.0,0,2,7,1,1.0,
202400024268,155 739 011,A01,0.0,50.0,0,2,1,1,3.0,
202400024269,155 739 009,A01,3.0,2.0,0,1,1,2,1.0,
202400024270,155 739 010,A01,3.0,30.0,0,2,1,17,1.0,
202400024271,155 739 008,A01,2.0,7.0,0,1,1,1,1.0,
202400024272,155 739 006,B01,2.0,1.0,0,2,1,1,5.0,
202400024273,155 739 004,A01,1.0,7.0,0,2,2,1,1.0,
202400024274,155 739 000,B01,1.0,2.0,0,0,8,17,1.0,
202400024275,155 738 999,A01,1.0,7.0,4,0,1,1,1.0,
202400024276,155 739 001,A01,1.0,7.0,0,2,1,1,1.0,
202400024277,155 738 997,A01,1.0,1.0,0,1,1,5,5.0,
202400024278,155 738 996,A01,3.0,33.0,0,2,1,2,1.0,
202400024279,155 738 991,B01,2.0,1.0,0,0,1,1,5.0,
202400024280,155 738 990,A01,2.0,7.0,0,2,3,1,1.0,
202400024281,155 738 989,B01,3.0,1.0,0,2,1,1,5.0,
202400024282,155 738 988,A01,1.0,7.0,8,0,2,1,1.0,
202400024283,155 738 987,A01,1.0,7.0,3,0,0,0,1.0,
202400024284,155 738 985,A01,0.0,43.0,0,2,3,1,1.0,
202400024285,155 738 982,A01,3.0,7.0,0,2,3,1,0.0,
202400024286,155 738 983,A01,1.0,17.0,0,1,3,2,1.0,
202400024287,155 738 980,A01,2.0,30.0,0,2,1,13,1.0,
202400024288,155 738 978,B01,1.0,7.0,0,0,2,13,1.0,
202400024289,155 738 977,A01,0.0,7.0,0,1,2,1,0.0,
202400024290,155 738 976,A01,1.0,1.0,0,1,1,26,5.0,
202400024291,155 738 975,A01,1.0,2.0,6,0,2,1,1.0,
202400024292,155 738 973,A01,1.0,15.0,0,2,3,13,1.0,
202400024293,155 738 971,A01,2.0,33.0,0,0,0,1,1.0,
202400024294,155 738 972,Z01,1.0,1.0,0,1,2,12,5.0,
202400024295,155 738 970,A01,1.0,7.0,0,0,9,2,1.0,
202400024296,155 738 968,A01,2.0,2.0,0,2,1,1,1.0,
202400024297,155 738 967,A01,1.0,7.0,0,1,3,1,1.0,
202400024298,155 738 966,A01,2.0,7.0,9,0,1,1,1.0,
202400024299,155 738 964,B01,1.0,7.0,0,2,3,9,1.0,
202400024300,155 738 962,B01,1.0,7.0,0,2,3,26,6.0,
202400024301,155 738 961,A01,2.0,33.0,0,0,3,2,1.0,
202400024302,155 738 959,B01,3.0,1.0,0,2,1,2,5.0,
202400024303,155 738 957,A01,2.0,31.0,0,2,1,7,1.0,
202400024304,155 738 954,A01,1.0,10.0,0,2,1,0,0.0,
202400024305,155 738 952,B01,2.0,33.0,0,2,3,1,1.0,
202400024306,155 738 950,B01,1.0,7.0,0,2,1,1,1.0,
202400024307,155 738 949,A01,2.0,32.0,0,0,0,1,1.0,
202400024308,155 738 947,A01,2.0,10.0,16,0,1,21,1.0,
202400024309,155 738 948,A01,3.0,10.0,9,0,1,9,1.0,
202400024310,155 738 946,A01,2.0,7.0,0,0,9,2,1.0,
202400024311,155 738 944,A01,3.0,7.0,0,2,0,0,1.0,
202400024312,155 738 942,A01,1.0,7.0,0,9,5,1,1.0,
202400024313,155 738 941,A01,2.0,33.0,0,6,1,1,1.0,
202400024314,155 738 939,A01,1.0,7.0,0,2,1,15,1.0,
202400024315,155 738 938,A01,1.0,33.0,15,0,1,13,1.0,
202400024316,155 738 937,A01,3.0,7.0,0,1,3,23,1.0,
202400024317,155 738 934,A01,2.0,7.0,0,2,1,1,1.0,
202400024318,155 738 933,A01,3.0,7.0,0,2,2,15,3.0,
202400024319,155 738 932,A01,1.0,7.0,2,0,1,13,1.0,
202400024320,155 738 930,A01,1.0,7.0,0,2,3,0,1.0,
202400024321,155 738 929,A01,2.0,7.0,4,0,3,21,1.0,
202400024322,155 738 928,A01,3.0,2.0,0,5,1,1,0.0,
202400024323,155 738 927,A01,1.0,2.0,15,9,2,0,1.0,
202400024324,155 738 926,A01,2.0,7.0,0,0,1,13,1.0,
202400024325,155 738 924,A01,2.0,1.0,0,0,4,0,5.0,
202400024326,155 738 923,A01,0.0,33.0,0,0,9,26,0.0,
202400024327,155 738 922,A01,3.0,7.0,0,1,3,1,1.0,
202400024328,155 738 919,B01,2.0,80.0,1,0,1,1,3.0,
202400024329,155 738 918,A01,1.0,7.0,0,2,2,1,1.0,
202400024330,155 738 916,A01,3.0,10.0,11,2,1,15,1.0,
202400024331,155 738 912,A01,1.0,33.0,0,0,7,12,1.0,
202400024332,155 738 908,C01,1.0,7.0,0,2,8,1,1.0,
202400024333,155 738 907,A01,1.0,31.0,0,2,1,0,1.0,
202400024334,155 738 904,A01,2.0,7.0,0,2,0,0,1.0,
202400024335,155 738 903,A01,3.0,7.0,0,2,1,19,1.0,
202400024336,155 738 899,A01,2.0,7.0,0,2,0,1,1.0,
202400024337,155 738 898,B01,3.0,1.0,1,0,1,14,5.0,
202400024338,155 738 896,A01,1.0,33.0,0,0,7,1,1.0,
202400024339,155 738 893,A01,1.0,7.0,0,2,3,2,1.0,
202400024340,155 738 894,A01,1.0,7.0,15,9,3,19,1.0,
202400024341,155 738 891,A01,2.0,33.0,0,0,0,17,1.0,
202400024342,155 738 888,A01,1.0,33.0,0,2,1,3,1.0,
202400024343,155 738 886,B01,3.0,21.0,0,2,1,11,1.0,
202400024344,155 738 884,B01,1.0,7.0,3,2,4,1,1.0,
202400024345,155 738 883,A01,1.0,7.0,13,0,9,1,1.0,
202400024346,155 738 880,A01,3.0,7.0,2,0,1,1,0.0,
202400024347,155 738 881,A01,1.0,38.0,0,1,1,0,1.0,1
202400024348,155 738 877,B01,1.0,31.0,0,2,2,17,0.0,
202400024349,155 738 876,A01,1.0,10.0,0,2,2,1,1.0,
202400024350,155 738 875,A01,1.0,7.0,7,0,2,1,1.0,
202400024351,155 738 874,A01,1.0,7.0,0,0,1,1,2.0,
202400024352,155 738 873,A01,1.0,1.0,0,0,1,1,5.0,
202400024353,155 738 871,A01,1.0,2.0,0,2,1,1,1.0,
202400024354,155 738 868,A01,2.0,7.0,0,2,1,17,1.0,
202400024355,155 738 867,A01,2.0,30.0,0,2,1,17,1.0,
202400024356,155 738 865,A01,2.0,7.0,13,0,8,1,2.0,
202400024357,155 738 864,A01,2.0,33.0,0,2,1,2,1.0,
202400024358,155 738 861,A01,1.0,7.0,0,2,8,1,1.0,
202400024359,155 738 860,A01,1.0,1.0,0,2,5,1,5.0,
202400024360,155 738 858,A01,1.0,21.0,13,0,4,0,1.0,
202400024361,155 738 857,B01,1.0,10.0,0,9,2,9,1.0,
202400024362,155 738 855,A01,2.0,7.0,13,0,2,14,1.0,
202400024363,155 738 854,B01,0.0,7.0,0,9,8,15,1.0,
202400024364,155 738 852,A01,1.0,2.0,0,1,1,1,1.0,
202400024365,155 738 851,A01,3.0,7.0,0,0,3,1,1.0,
202400024366,155 738 850,B01,2.0,33.0,0,0,1,0,1.0,
202400024367,155 738 848,B01,2.0,3.0,0,2,1,1,1.0,
202400024368,155 738 847,A01,2.0,10.0,0,1,3,26,1.0,
202400024369,155 738 846,A01,3.0,2.0,6,0,3,13,1.0,
202400024370,155 738 845,A01,1.0,43.0,12,0,1,0,1.0,
202400024371,155 738 844,A01,1.0,7.0,0,0,1,1,1.0,
202400024372,155 738 841,B01,1.0,7.0,0,2,8,15,1.0,
202400024373,155 738 840,A01,2.0,32.0,0,2,1,17,1.0,
202400024374,155 738 838,A01,1.0,50.0,0,0,0,1,3.0,
202400024375,155 738 837,B01,1.0,7.0,0,2,1,1,1.0,
202400024376,155 738 834,A01,3.0,7.0,7,0,1,16,1.0,
202400024377,155 738 835,A01,2.0,7.0,4,2,7,17,1.0,
202400024378,155 738 831,A01,1.0,10.0,0,9,4,4,1.0,
202400024379,155 738 830,A01,1.0,7.0,0,2,2,9,1.0,
202400024380,155 738 827,A01,1.0,7.0,0,1,3,15,1.0,
202400024381,155 738 828,A01,1.0,7.0,0,2,3,19,1.0,
202400024382,155 738 824,A01,1.0,7.0,0,0,2,9,1.0,
202400024383,155 738 823,A01,1.0,7.0,0,2,6,15,2.0,
202400024384,155 738 820,A01,2.0,2.0,0,2,1,1,1.0,
202400024385,155 738 819,A01,2.0,7.0,0,2,3,9,2.0,
202400024386,155 738 818,A01,1.0,33.0,0,6,1,1,1.0,
202400024387,155 738 816,B01,1.0,1.0,0,2,1,9,5.0,
202400024388,155 738 814,B01,2.0,7.0,0,2,6,23,1.0,
202400024389,155 738 811,A01,1.0,33.0,0,2,2,15,1.0,
202400024390,155 738 810,A01,1.0,7.0,0,2,5,15,3.0,
202400024391,155 738 809,A01,3.0,80.0,0,0,8,1,3.0,
202400024392,155 738 806,B01,2.0,7.0,0,0,6,24,1.0,
202400024393,155 738 805,A01,0.0,33.0,0,2,1,1,0.0,
202400024394,155 738 802,A01,2.0,33.0,0,2,1,2,1.0,
202400024395,155 738 799,B01,1.0,7.0,0,2,1,1,1.0,
202400024396,155 738 798,A01,1.0,7.0,0,2,3,1,1.0,
202400024397,155 738 796,B01,2.0,80.0,0,2,2,1,3.0,
202400024398,155 738 793,B01,2.0,7.0,0,2,1,0,1.0,
202400024399,155 738 791,A01,2.0,7.0,0,2,3,17,1.0,
202400024400,155 738 789,A01,1.0,7.0,0,9,2,0,1.0,
202400024401,155 738 788,A01,1.0,7.0,2,0,1,1,1.0,
202400024402,155 738 783,C01,2.0,1.0,0,0,4,1,5.0,
202400024403,155 738 781,C01,2.0,7.0,0,2,4,2,3.0,
202400024404,155 738 778,A01,1.0,7.0,16,2,0,2,1.0,
202400024405,155 738 775,B01,1.0,10.0,0,9,1,1,1.0,
202400024406,155 738 777,B01,2.0,7.0,0,2,8,1,1.0,
202400024407,155 738 774,A01,2.0,7.0,0,1,3,26,1.0,
202400024408,155 738 772,A01,2.0,3.0,0,2,1,1,1.0,
202400024409,155 738 770,A01,0.0,7.0,0,2,7,16,1.0,
202400024410,155 738 768,B01,1.0,10.0,0,2,1,1,1.0,
202400024411,155 738 765,A01,2.0,7.0,0,2,7,1,1.0,
202400024412,155 738 764,A01,1.0,33.0,0,2,1,1,1.0,
202400024413,155 738 761,A01,3.0,41.0,1,0,5,14,3.0,
202400024414,155 738 762,A01,1.0,7.0,0,2,3,11,1.0,
202400024415,155 738 760,A01,0.0,36.0,0,0,0,0,1.0,
202400024416,155 738 759,A01,1.0,7.0,0,1,2,1,1.0,
202400024417,155 738 758,A01,1.0,7.0,15,0,2,14,1.0,
202400024418,155 738 756,A01,1.0,7.0,6,0,1,1,1.0,
202400024419,155 738 757,A01,1.0,7.0,9,0,3,19,1.0,
202400024420,155 738 753,A01,2.0,20.0,14,0,6,2,1.0,
202400024421,155 738 752,A01,2.0,7.0,0,2,2,1,1.0,
202400024422,155 738 747,B01,1.0,7.0,0,2,4,2,1.0,
202400024423,155 738 748,A01,0.0,15.0,0,2,1,1,1.0,
202400024424,155 738 745,A01,1.0,10.0,0,1,1,1,1.0,
202400024425,155 738 744,A01,1.0,7.0,0,2,1,19,1.0,
202400024426,155 738 741,B01,1.0,10.0,0,2,6,2,0.0,
202400024427,155 738 740,B01,2.0,32.0,0,2,1,1,3.0,
202400024428,155 738 738,A01,1.0,7.0,4,2,3,1,1.0,
202400024429,155 738 734,C01,1.0,7.0,0,2,4,2,1.0,
202400024430,155 738 732,A01,1.0,7.0,0,2,7,12,1.0,
202400024431,155 738 731,A01,1.0,7.0,6,0,1,19,2.0,
202400024432,155 738 730,A01,2.0,7.0,3,0,1,0,1.0,
202400024433,155 738 728,A01,1.0,7.0,4,0,2,0,1.0,
202400024434,155 738 727,A01,2.0,7.0,0,2,1,19,1.0,
202400024435,155 738 726,A01,2.0,7.0,0,5,1,1,1.0,
202400024436,155 738 724,A01,1.0,7.0,4,0,1,1,1.0,
202400024437,155 738 722,C01,1.0,33.0,0,2,1,1,1.0,
202400024438,155 738 719,A01,2.0,3.0,0,1,2,15,0.0,
202400024439,155 738 718,A01,1.0,10.0,0,2,7,14,1.0,
202400024440,155 738 717,A01,1.0,7.0,4,0,8,1,1.0,
202400024441,155 738 716,A01,3.0,7.0,0,1,1,26,3.0,
202400024442,155 738 713,A01,1.0,32.0,0,2,2,1,1.0,
202400024443,155 738 714,A01,2.0,14.0,0,1,5,26,1.0,
202400024444,155 738 710,B01,1.0,7.0,0,2,6,2,1.0,
202400024445,155 738 709,B01,0.0,50.0,0,2,1,2,3.0,
202400024446,155 738 708,A01,1.0,7.0,12,0,2,14,1.0,
202400024447,155 738 706,B01,2.0,10.0,0,2,1,1,1.0,
202400024448,155 738 705,A01,1.0,7.0,1,0,2,1,1.0,
202400024449,155 738 701,A01,1.0,32.0,0,2,1,13,0.0,
202400024450,155 738 702,B01,2.0,33.0,0,2,1,0,1.0,
202400024451,155 738 699,A01,3.0,7.0,0,2,3,13,1.0,
202400024452,155 738 697,A01,2.0,37.0,0,2,3,1,1.0,1
202400024453,155 738 695,A01,1.0,7.0,12,0,1,1,1.0,
202400024454,155 738 694,A01,2.0,7.0,0,2,1,9,1.0,
202400024455,155 738 692,A01,1.0,50.0,0,2,0,1,3.0,
202400024456,155 738 690,A01,1.0,7.0,0,2,0,12,1.0,
202400024457,155 738 688,A01,1.0,10.0,0,2,0,1,1.0,
202400024458,155 738 685,A01,2.0,7.0,0,2,1,2,1.0,
202400024459,155 738 684,A01,1.0,7.0,0,1,3,1,1.0,
202400024460,155 738 682,A01,3.0,1.0,0,2,1,15,5.0,
202400024461,155 738 680,B01,2.0,50.0,0,2,7,1,3.0,
202400024462,155 738 678,B01,1.0,7.0,0,2,4,23,1.0,
202400024463,155 738 676,B01,0.0,31.0,0,2,7,16,1.0,
202400024464,155 738 674,A01,1.0,33.0,0,2,7,1,1.0,
202400024465,155 738 671,B01,2.0,1.0,0,2,1,1,5.0,
202400024466,155 738 669,A01,0.0,7.0,0,2,5,16,1.0,
202400024467,155 738 667,B01,1.0,10.0,0,2,3,1,1.0,
202400024468,155 738 665,B01,2.0,33.0,0,2,1,1,1.0,
202400024469,155 738 663,A01,1.0,3.0,0,2,8,1,3.0,
202400024470,155 738 661,B01,1.0,10.0,0,2,0,24,1.0,
202400024471,155 738 659,B01,2.0,7.0,0,2,1,26,1.0,
202400024472,155 738 657,A01,2.0,7.0,0,2,2,1,1.0,
202400024473,155 738 655,A01,1.0,7.0,0,2,1,2,1.0,
202400024474,155 738 653,A01,1.0,7.0,0,2,3,13,1.0,
202400024475,155 738 652,A01,3.0,38.0,0,0,0,26,1.0,5
202400024476,155 738 650,B01,3.0,1.0,1,2,1,1,5.0,
202400024477,155 738 648,A01,2.0,2.0,0,2,2,3,1.0,
202400024478,155 738 646,A01,2.0,33.0,0,2,1,3,1.0,
202400024479,155 738 645,A01,3.0,7.0,13,0,3,13,1.0,
202400024480,155 738 642,C01,3.0,7.0,0,2,8,1,1.0,
202400024481,155 738 640,B01,2.0,37.0,0,2,0,0,0.0,1
202400024482,155 738 638,B01,2.0,7.0,0,2,3,1,1.0,
202400024483,155 738 637,A01,2.0,7.0,0,2,2,26,1.0,
202400024484,155 738 635,B01,1.0,33.0,0,2,8,1,1.0,
202400024485,155 738 633,A01,3.0,30.0,0,2,7,15,1.0,
202400024486,155 738 631,A01,1.0,7.0,0,2,4,2,1.0,
202400024487,155 738 629,A01,2.0,17.0,0,2,2,1,1.0,
202400024488,155 738 627,A01,2.0,31.0,0,2,1,2,1.0,
202400024489,155 738 625,A01,2.0,33.0,0,2,1,3,1.0,
202400024490,155 738 624,A01,3.0,7.0,0,1,4,4,1.0,
202400024491,155 738 622,A01,2.0,7.0,0,2,5,1,1.0,
202400024492,155 738 621,A01,2.0,33.0,0,1,3,1,1.0,
202400024493,155 738 620,A01,1.0,50.0,0,1,8,1,3.0,
202400024494,155 738 619,A01,2.0,7.0,0,1,2,1,1.0,
202400024495,155 738 618,A01,2.0,1.0,0,1,8,1,5.0,
202400024496,155 738 617,A01,1.0,7.0,9,2,1,1,1.0,
202400024497,155 738 616,A01,1.0,10.0,1,0,0,14,0.0,
202400024498,155 738 614,B01,2.0,2.0,0,2,6,2,1.0,
202400024499,155 738 613,A01,1.0,34.0,0,1,1,25,1.0,
202400024500,155 738 612,Z01,1.0,30.0,0,1,1,0,1.0,
202400024501,155 738 610,A01,2.0,7.0,0,2,7,22,1.0,
202400024502,155 738 608,A01,2.0,7.0,0,2,6,13,1.0,
202400024503,155 738 606,B01,2.0,80.0,0,2,1,1,2.0,
202400024504,155 738 605,A01,2.0,38.0,0,1,2,1,1.0,1
202400024505,155 738 604,A01,1.0,7.0,0,1,2,1,2.0,
202400024506,155 738 603,A01,2.0,7.0,0,1,7,1,1.0,
202400024507,155 738 601,A01,2.0,7.0,0,2,7,17,2.0,
202400024508,155 738 599,B01,2.0,7.0,0,2,3,1,2.0,
202400024509,155 738 597,A01,1.0,7.0,0,2,8,24,1.0,
202400024510,155 738 596,A01,1.0,14.0,0,1,1,1,1.0,
202400024511,155 738 595,A01,3.0,7.0,0,1,0,1,2.0,
202400024512,155 738 594,A01,2.0,7.0,14,0,1,1,1.0,
202400024513,155 738 592,A01,3.0,7.0,0,1,1,1,1.0,
202400024514,155 738 591,B01,1.0,33.0,0,2,1,17,1.0,
202400024515,155 738 590,A01,3.0,7.0,4,0,3,14,1.0,
202400024516,155 738 589,A01,1.0,34.0,12,0,1,1,1.0,
202400024517,155 738 587,A01,1.0,7.0,0,2,3,26,2.0,
202400024518,155 738 586,A01,1.0,7.0,9,0,1,14,1.0,
202400024519,155 738 585,A01,1.0,7.0,0,1,1,0,0.0,
202400024520,155 738 584,A01,1.0,7.0,0,1,1,1,1.0,
202400024521,155 738 582,A01,1.0,15.0,15,2,7,16,1.0,
202400024522,155 738 581,A01,1.0,50.0,0,0,0,15,3.0,
202400024523,155 738 579,A01,3.0,10.0,0,2,3,9,1.0,
202400024524,155 738 576,A01,1.0,7.0,0,2,1,1,2.0,
202400024525,155 738 575,A01,3.0,7.0,0,2,5,16,1.0,
202400024526,155 738 573,B01,2.0,1.0,0,2,4,11,5.0,
202400024527,155 738 572,A01,0.0,7.0,12,1,3,17,1.0,
202400024528,155 738 570,B01,3.0,1.0,0,2,8,1,5.0,
202400024529,155 738 568,A01,3.0,7.0,0,2,1,2,1.0,
202400024530,155 738 566,A01,1.0,1.0,0,2,8,19,5.0,
202400024531,155 738 563,B01,3.0,50.0,0,2,1,1,3.0,
202400024532,155 738 562,A01,2.0,7.0,13,0,1,19,1.0,
202400024533,155 738 561,A01,2.0,7.0,15,0,1,2,0.0,
202400024534,155 738 560,A01,2.0,50.0,0,1,1,11,3.0,
202400024535,155 738 559,A01,1.0,7.0,3,0,1,1,1.0,
202400024536,155 738 555,A01,2.0,2.0,0,2,1,1,1.0,
202400024537,155 738 556,A01,3.0,10.0,0,2,1,1,1.0,
202400024538,155 738 554,A01,1.0,0.0,0,1,0,26,0.0,
202400024539,155 738 552,A01,3.0,7.0,0,2,1,1,1.0,
202400024540,155 738 551,A01,1.0,7.0,6,0,1,1,1.0,
202400024541,155 738 547,A01,1.0,15.0,0,2,1,2,1.0,
202400024542,155 738 548,B01,2.0,7.0,4,2,1,26,1.0,
202400024543,155 738 545,A01,1.0,7.0,0,2,1,0,1.0,
202400024544,155 738 544,A01,2.0,7.0,17,0,2,1,1.0,
202400024545,155 738 541,A01,2.0,10.0,16,2,1,21,1.0,
202400024546,155 738 538,A01,2.0,7.0,0,2,1,2,1.0,
202400024547,155 738 537,A01,1.0,7.0,8,0,9,1,1.0,
202400024548,155 738 536,A01,1.0,7.0,0,1,1,0,1.0,
202400024549,155 738 534,B01,2.0,50.0,0,2,1,12,3.0,
202400024550,155 738 533,A01,2.0,7.0,0,1,2,1,1.0,
202400024551,155 738 531,A01,2.0,2.0,0,2,1,15,1.0,
202400024552,155 738 529,A01,2.0,33.0,3,0,2,0,1.0,
202400024553,155 738 528,B01,1.0,1.0,0,2,6,1,5.0,
202400024554,155 738 527,A01,2.0,7.0,13,0,9,1,3.0,
202400024555,155 738 524,A01,1.0,32.0,0,2,1,13,1.0,
202400024556,155 738 521,A01,1.0,7.0,0,0,1,1,1.0,
202400024557,155 738 522,C01,2.0,7.0,0,2,3,1,0.0,
202400024558,155 738 518,A01,1.0,7.0,0,2,3,15,1.0,
202400024559,155 738 516,A01,1.0,2.0,0,2,5,21,1.0,
202400024560,155 738 515,B01,0.0,10.0,0,2,1,26,1.0,
202400024561,155 738 514,A01,3.0,10.0,2,0,2,1,1.0,
202400024562,155 738 513,A01,2.0,7.0,5,0,1,13,2.0,
202400024563,155 738 511,B01,2.0,7.0,0,2,1,1,1.0,
202400024564,155 738 509,A01,1.0,7.0,0,2,1,1,1.0,
202400024565,155 738 508,A01,0.0,7.0,0,1,1,1,1.0,
202400024566,155 738 506,A01,2.0,10.0,0,2,3,19,1.0,
202400024567,155 738 504,B01,3.0,7.0,0,2,2,0,1.0,
202400024568,155 738 502,B01,1.0,2.0,0,2,8,1,1.0,
202400024569,155 738 501,A01,0.0,7.0,1,0,7,1,1.0,
202400024570,155 738 500,B01,3.0,7.0,0,1,2,17,1.0,
202400024571,155 738 499,A01,2.0,7.0,13,0,0,17,1.0,
202400024572,155 738 498,A01,0.0,10.0,0,1,2,19,1.0,
202400024573,155 738 496,A01,0.0,7.0,0,0,3,13,1.0,
202400024574,155 738 493,A01,2.0,7.0,4,2,4,1,1.0,
202400024575,155 738 492,B01,0.0,7.0,0,2,2,1,1.0,
202400024576,155 738 490,A01,3.0,7.0,0,2,6,26,1.0,
202400024577,155 738 488,B01,2.0,30.0,0,2,1,1,1.0,
202400024578,155 738 486,A01,1.0,7.0,0,2,4,23,1.0,
202400024579,155 738 484,B01,1.0,30.0,0,2,1,0,1.0,
202400024580,155 738 483,A01,3.0,10.0,0,1,0,12,0.0,
202400024581,155 738 481,A01,2.0,7.0,0,2,4,23,1.0,
202400024582,155 738 479,A01,2.0,10.0,0,2,3,15,1.0,
202400024583,155 738 477,B01,1.0,50.0,0,2,1,9,3.0,
202400024584,155 738 473,C01,0.0,7.0,0,2,4,23,1.0,
202400024585,155 738 471,A01,1.0,1.0,0,2,1,1,5.0,
202400024586,155 738 469,B01,1.0,7.0,0,2,8,13,2.0,
202400024587,155 738 468,A01,2.0,7.0,0,1,1,1,2.0,
202400024588,155 738 467,A01,2.0,7.0,0,1,3,1,2.0,
202400024589,155 738 465,A01,1.0,43.0,0,2,1,19,1.0,
202400024590,155 738 463,B01,1.0,10.0,0,2,1,19,1.0,
202400024591,155 738 461,A01,1.0,1.0,0,2,2,26,5.0,
202400024592,155 738 460,A01,3.0,7.0,0,1,7,9,3.0,
202400024593,155 738 458,Y01,1.0,50.0,0,2,1,0,3.0,
202400024594,155 738 456,B01,1.0,33.0,0,2,1,1,1.0,
202400024595,155 738 455,A01,1.0,7.0,0,1,1,15,1.0,
202400024596,155 738 453,A01,2.0,7.0,0,2,2,1,1.0,
202400024597,155 738 451,A01,3.0,10.0,0,2,3,1,1.0,
202400024598,155 738 449,A01,1.0,13.0,0,2,7,9,0.0,
202400024599,155 738 447,B01,0.0,1.0,1,0,7,1,5.0,
202400024600,155 738 445,B01,3.0,7.0,0,2,1,1,1.0,
202400024601,155 738 443,A01,2.0,7.0,0,2,3,16,1.0,
202400024602,155 738 440,B01,3.0,7.0,0,2,4,26,1.0,
202400024603,155 738 439,A01,1.0,1.0,0,0,0,2,5.0,
202400024604,155 738 437,A01,3.0,7.0,0,2,1,1,1.0,
202400024605,155 738 436,A01,3.0,7.0,0,1,2,1,1.0,
202400024606,155 738 435,A01,2.0,31.0,0,1,1,1,1.0,
202400024607,155 738 433,A01,1.0,7.0,0,9,0,1,1.0,
202400024608,155 738 431,A01,2.0,33.0,0,2,3,1,1.0,
202400024609,155 738 430,A01,1.0,7.0,15,0,1,6,1.0,
202400024610,155 738 428,A01,2.0,2.0,0,2,3,1,1.0,
202400024611,155 738 427,A01,3.0,10.0,0,1,3,15,1.0,
202400024612,155 738 425,A01,2.0,7.0,0,2,1,2,1.0,
202400024613,155 738 422,A01,1.0,7.0,0,1,2,1,1.0,
202400024614,155 738 421,A01,1.0,10.0,14,0,2,1,1.0,
202400024615,155 738 419,A01,2.0,10.0,0,2,4,1,1.0,
202400024616,155 738 418,B01,1.0,7.0,1,0,1,1,1.0,
202400024617,155 738 416,A01,1.0,7.0,3,2,1,13,1.0,
202400024618,155 738 414,A01,2.0,7.0,0,2,1,11,1.0,