Num_Acc,id_vehicule,num_veh,senc,catv,obs,obsm,choc,manv,motor,occutc
202400024619,155 738 412,A01,1.0,7.0,0,2,8,13,1.0,
202400024620,155 738 410,A01,1.0,7.0,0,2,3,13,1.0,
202400024621,155 738 408,A01,3.0,33.0,0,2,1,1,1.0,
202400024622,155 738 407,A01,1.0,7.0,0,9,1,1,1.0,
202400024623,155 738 406,A01,1.0,7.0,0,1,8,1,1.0,
202400024624,155 738 404,A01,1.0,33.0,3,2,3,13,1.0,
202400024625,155 738 403,A01,1.0,33.0,0,0,0,9,1.0,
202400024626,155 738 401,A01,3.0,7.0,0,2,1,13,1.0,
202400024627,155 738 399,A01,1.0,7.0,0,2,3,1,1.0,
202400024628,155 738 397,B01,1.0,7.0,0,2,1,1,1.0,
202400024629,155 738 395,B01,1.0,17.0,0,2,8,1,1.0,
202400024630,155 738 394,A01,2.0,2.0,12,0,7,16,1.0,
202400024631,155 738 393,A01,2.0,10.0,0,0,9,1,1.0,
202400024632,155 738 392,A01,1.0,7.0,0,0,1,1,1.0,
202400024633,155 738 391,A01,3.0,7.0,2,0,1,0,1.0,
202400024634,155 738 390,A01,2.0,7.0,0,1,6,4,1.0,
202400024635,155 738 387,B01,2.0,7.0,0,0,5,2,1.0,
202400024636,155 738 386,A01,1.0,15.0,2,0,3,1,1.0,
202400024637,155 738 384,A01,1.0,10.0,0,2,1,5,1.0,
202400024638,155 738 382,B01,2.0,17.0,0,0,6,1,1.0,
202400024639,155 738 380,A01,1.0,7.0,0,2,1,13,1.0,
202400024640,155 738 378,A01,1.0,7.0,0,2,1,1,1.0,
202400024641,155 738 376,A01,1.0,7.0,13,2,7,15,1.0,
202400024642,155 738 371,D01,2.0,7.0,0,2,1,2,1.0,
202400024643,155 738 370,A01,3.0,7.0,0,1,3,1,2.0,
202400024644,155 738 368,A01,1.0,10.0,0,2,1,2,1.0,
202400024645,155 738 366,A01,1.0,13.0,3,0,3,2,1.0,
202400024646,155 738 364,B01,1.0,7.0,0,2,1,1,1.0,
202400024647,155 738 362,A01,3.0,7.0,0,0,0,15,1.0,
202400024648,155 738 360,B01,1.0,7.0,0,2,7,16,1.0,
202400024649,155 738 359,A01,2.0,7.0,0,1,3,1,1.0,
202400024650,155 738 358,A01,3.0,7.0,0,1,2,0,1.0,
202400024651,155 738 357,A01,2.0,7.0,13,0,3,13,1.0,
202400024652,155 738 355,B01,2.0,15.0,0,2,1,1,0.0,
202400024653,155 738 353,A01,1.0,7.0,0,2,1,17,1.0,
202400024654,155 738 350,A01,1.0,7.0,0,1,1,1,1.0,
202400024655,155 738 347,A01,1.0,7.0,0,2,1,2,1.0,
202400024656,155 738 344,B01,1.0,7.0,4,2,6,24,1.0,
202400024657,155 738 341,A01,2.0,7.0,0,2,4,1,1.0,
202400024658,155 738 339,A01,3.0,7.0,0,2,3,1,1.0,
202400024659,155 738 336,B01,1.0,7.0,0,2,4,2,1.0,
202400024660,155 738 334,A01,2.0,33.0,0,2,8,2,1.0,
202400024661,155 738 332,B01,2.0,7.0,0,2,4,2,1.0,
202400024662,155 738 331,A01,3.0,7.0,7,0,7,14,1.0,
202400024663,155 738 330,A01,2.0,7.0,3,0,2,9,1.0,
202400024664,155 738 329,A01,1.0,7.0,8,0,1,1,1.0,
202400024665,155 738 326,A01,1.0,7.0,0,2,3,9,1.0,
202400024666,155 738 324,A01,3.0,7.0,0,2,1,15,1.0,
202400024667,155 738 322,A01,3.0,33.0,0,2,1,1,1.0,
202400024668,155 738 321,A01,2.0,7.0,0,1,1,0,1.0,
202400024669,155 738 320,A01,3.0,2.0,0,0,0,0,1.0,
202400024670,155 738 318,A01,1.0,7.0,0,2,2,2,1.0,
202400024671,155 738 316,A01,2.0,37.0,0,2,7,12,1.0,1
202400024672,155 738 315,A01,3.0,7.0,0,1,2,26,1.0,
202400024673,155 738 314,A01,3.0,33.0,0,0,0,26,1.0,
202400024674,155 738 312,A01,1.0,1.0,0,2,7,19,5.0,
202400024675,155 738 310,A01,2.0,7.0,0,9,2,16,1.0,
202400024676,155 738 307,C01,1.0,7.0,0,9,6,24,1.0,
202400024677,155 738 305,A01,1.0,2.0,0,2,5,9,1.0,
202400024678,155 738 304,A01,3.0,1.0,0,1,0,0,5.0,
202400024679,155 738 302,B01,2.0,10.0,0,2,3,1,1.0,
202400024680,155 738 300,A01,1.0,7.0,0,2,0,15,1.0,
202400024681,155 738 299,A01,1.0,42.0,0,2,2,9,0.0,
202400024682,155 738 298,A01,1.0,7.0,0,1,3,1,1.0,
202400024683,155 738 295,A01,1.0,10.0,3,2,6,2,1.0,
202400024684,155 738 293,A01,1.0,7.0,0,2,5,16,1.0,
202400024685,155 738 291,A01,2.0,7.0,12,9,2,13,1.0,
202400024686,155 738 289,A01,1.0,7.0,0,2,0,15,1.0,
202400024687,155 738 288,A01,1.0,7.0,0,9,3,2,1.0,
202400024688,155 738 287,A01,1.0,7.0,0,1,1,15,1.0,
202400024689,155 738 286,A01,0.0,50.0,0,0,0,0,3.0,
202400024690,155 738 284,B01,3.0,7.0,0,1,4,23,1.0,
202400024691,155 738 282,A01,2.0,7.0,0,2,1,2,1.0,
202400024692,155 738 280,A01,2.0,1.0,0,2,8,15,5.0,
202400024693,155 738 279,A01,1.0,60.0,0,0,0,12,5.0,
202400024694,155 738 277,A01,1.0,7.0,0,2,7,13,1.0,
202400024695,155 738 275,B01,1.0,7.0,0,2,1,0,1.0,
202400024696,155 738 273,A01,1.0,10.0,0,2,1,13,1.0,
202400024697,155 738 272,A01,2.0,7.0,0,1,3,1,1.0,
202400024698,155 738 270,A01,1.0,7.0,0,2,0,20,1.0,
202400024699,155 738 268,B01,1.0,7.0,0,2,5,1,1.0,
202400024700,155 738 266,A01,2.0,33.0,0,2,1,17,1.0,
202400024701,155 738 264,A01,1.0,7.0,0,2,3,15,1.0,
202400024702,155 738 262,B01,1.0,7.0,0,2,1,2,1.0,
202400024703,155 738 260,A01,1.0,7.0,0,2,3,9,1.0,
202400024704,155 738 258,B01,3.0,50.0,0,2,1,25,3.0,
202400024705,155 738 256,B01,2.0,1.0,0,2,1,1,5.0,
202400024706,155 738 255,A01,2.0,7.0,0,1,2,16,2.0,
202400024707,155 738 254,A01,3.0,10.0,0,1,4,4,1.0,
202400024708,155 738 253,A01,1.0,7.0,0,1,4,20,1.0,
202400024709,155 738 251,A01,2.0,7.0,0,2,3,9,1.0,
202400024710,155 738 249,B01,0.0,7.0,0,2,1,17,2.0,
202400024711,155 738 247,A01,1.0,7.0,0,2,1,1,1.0,
202400024712,155 738 245,A01,2.0,30.0,0,2,1,2,1.0,
202400024713,155 738 243,Z01,0.0,3.0,0,0,0,0,1.0,
202400024714,155 738 241,B01,2.0,10.0,0,2,6,1,1.0,
202400024715,155 738 240,A01,3.0,10.0,0,0,1,26,0.0,
202400024716,155 738 239,A01,3.0,7.0,0,1,1,1,1.0,
202400024717,155 738 236,B01,1.0,7.0,0,2,4,2,1.0,
202400024718,155 738 233,B01,3.0,7.0,0,2,1,1,1.0,
202400024719,155 738 231,A01,3.0,7.0,0,2,1,2,1.0,
202400024720,155 738 229,B01,2.0,7.0,0,2,3,16,1.0,
202400024721,155 738 227,A01,3.0,10.0,0,2,2,1,1.0,
202400024722,155 738 226,A01,2.0,7.0,4,0,1,13,1.0,
202400024723,155 738 224,A01,1.0,14.0,0,2,2,16,1.0,
202400024724,155 738 222,A01,3.0,7.0,0,2,1,9,1.0,
202400024725,155 738 221,A01,3.0,7.0,6,0,3,1,1.0,
202400024726,155 738 219,A01,1.0,7.0,0,2,2,16,1.0,
202400024727,155 738 217,A01,1.0,7.0,0,2,3,15,1.0,
202400024728,155 738 216,Z01,2.0,7.0,0,1,1,1,1.0,
202400024729,155 738 214,B01,3.0,7.0,0,2,1,1,1.0,
202400024730,155 738 212,A01,2.0,7.0,0,2,7,15,1.0,
202400024731,155 738 211,A01,3.0,7.0,0,1,3,2,0.0,
202400024732,155 738 209,B01,1.0,50.0,0,0,0,0,3.0,
202400024733,155 738 208,A01,1.0,7.0,0,1,3,15,1.0,
202400024734,155 738 207,A01,1.0,7.0,0,1,2,16,1.0,
202400024735,155 738 204,A01,1.0,30.0,0,0,1,26,1.0,
202400024736,155 738 200,C01,3.0,7.0,0,2,1,2,1.0,
202400024737,155 738 199,A01,2.0,7.0,0,2,7,1,3.0,
202400024738,155 738 195,C01,2.0,7.0,0,2,8,1,0.0,
202400024739,155 738 194,A01,0.0,7.0,0,1,2,1,1.0,
202400024740,155 738 193,A01,1.0,7.0,2,0,9,1,1.0,
202400024741,155 738 191,B01,2.0,2.0,0,0,0,0,1.0,
202400024742,155 738 190,A01,3.0,7.0,0,1,3,15,1.0,
202400024743,155 738 188,B01,0.0,14.0,4,0,3,0,1.0,
202400024744,155 738 186,B01,2.0,7.0,0,9,2,16,2.0,
202400024745,155 738 185,A01,3.0,7.0,0,1,4,4,,
202400024746,155 738 184,A01,1.0,1.0,0,1,0,0,5.0,
202400024747,155 738 183,A01,3.0,31.0,13,0,0,0,1.0,
202400024748,155 738 182,A01,1.0,2.0,0,1,1,1,1.0,
202400024749,155 738 181,A01,1.0,1.0,1,0,3,1,5.0,
202400024750,155 738 179,A01,3.0,32.0,0,2,4,26,0.0,
202400024751,155 738 178,B01,2.0,7.0,1,0,2,2,1.0,
202400024752,155 738 177,A01,1.0,7.0,6,0,1,16,1.0,
202400024753,155 738 175,B01,1.0,7.0,0,2,4,2,1.0,
202400024754,155 738 174,A01,3.0,7.0,0,1,0,0,0.0,
202400024755,155 738 172,A01,1.0,7.0,0,2,3,15,1.0,
202400024756,155 738 171,A01,3.0,7.0,16,0,1,1,1.0,
202400024757,155 738 169,A01,2.0,7.0,0,2,3,15,1.0,
202400024758,155 738 168,A01,3.0,7.0,0,1,3,16,1.0,
202400024759,155 738 167,A01,1.0,7.0,0,1,1,19,1.0,
202400024760,155 738 166,A01,3.0,30.0,14,0,1,26,1.0,
202400024761,155 738 164,A01,1.0,7.0,0,2,2,1,1.0,
202400024762,155 738 162,B01,0.0,7.0,0,2,8,11,1.0,
202400024763,155 738 160,B01,3.0,7.0,0,2,3,1,1.0,
202400024764,155 738 159,A01,3.0,7.0,0,1,0,0,1.0,
202400024765,155 738 155,A01,3.0,7.0,0,2,2,1,1.0,
202400024766,155 738 154,A01,3.0,33.0,0,1,7,1,1.0,
202400024767,155 738 152,B01,2.0,7.0,0,2,3,1,1.0,
202400024768,155 738 150,B01,1.0,50.0,0,2,2,19,3.0,
202400024769,155 738 149,A01,2.0,7.0,0,1,1,1,1.0,
202400024770,155 738 148,A01,1.0,7.0,0,1,1,1,1.0,
202400024771,155 738 146,A01,1.0,34.0,0,2,1,16,1.0,
202400024772,155 738 145,A01,1.0,7.0,6,0,0,0,1.0,
202400024773,155 738 144,A01,3.0,7.0,10,0,1,1,1.0,
202400024774,155 738 143,A01,3.0,32.0,0,0,1,1,1.0,
202400024775,155 738 141,A01,1.0,32.0,0,2,1,2,1.0,
202400024776,155 738 139,B01,3.0,33.0,16,0,0,0,1.0,
202400024777,155 738 138,A01,1.0,7.0,8,0,1,21,1.0,
202400024778,155 738 137,A01,1.0,7.0,0,1,7,1,1.0,
202400024779,155 738 135,A01,1.0,7.0,0,0,3,11,1.0,
202400024780,155 738 133,B01,1.0,33.0,0,2,8,1,1.0,
202400024781,155 738 132,A01,1.0,7.0,0,1,1,1,1.0,
202400024782,155 738 131,A01,1.0,7.0,0,1,2,1,1.0,
202400024783,155 738 130,A01,3.0,37.0,0,1,7,16,1.0,1
202400024784,155 738 128,A01,1.0,7.0,0,2,1,2,1.0,
202400024785,155 738 127,A01,1.0,37.0,0,1,1,1,1.0,1
202400024786,155 738 125,A01,1.0,7.0,0,2,3,1,1.0,
202400024787,155 738 124,A01,2.0,7.0,1,0,7,6,1.0,
202400024788,155 738 123,A01,1.0,7.0,14,0,1,1,1.0,
202400024789,155 738 121,X01,1.0,7.0,0,2,0,15,0.0,
202400024790,155 738 120,A01,2.0,7.0,0,1,1,1,1.0,
202400024791,155 738 119,A01,1.0,7.0,1,0,0,1,1.0,
202400024792,155 738 118,A01,1.0,7.0,0,1,2,1,1.0,
202400024793,155 738 116,A01,0.0,7.0,0,2,2,9,1.0,
202400024794,155 738 114,A01,3.0,7.0,7,2,1,1,1.0,
202400024795,155 738 112,A01,1.0,1.0,0,2,2,0,5.0,
202400024796,155 738 110,B01,3.0,33.0,0,2,7,1,1.0,
202400024797,155 738 108,A01,1.0,50.0,1,0,1,13,3.0,
202400024798,155 738 106,A01,3.0,7.0,0,9,2,15,1.0,
202400024799,155 738 105,A01,3.0,7.0,0,1,2,26,1.0,
202400024800,155 738 104,A01,3.0,33.0,1,0,1,13,1.0,
202400024801,155 738 102,B01,2.0,7.0,0,2,1,9,2.0,
202400024802,155 738 100,A01,2.0,7.0,0,2,8,1,1.0,
202400024803,155 738 099,A01,3.0,7.0,0,1,8,15,1.0,
202400024804,155 738 096,B01,2.0,99.0,0,2,8,1,1.0,
202400024805,155 738 094,Z01,2.0,7.0,0,2,8,13,0.0,
202400024806,155 738 093,A01,1.0,7.0,0,1,1,1,1.0,
202400024807,155 738 091,A01,1.0,7.0,8,2,1,1,1.0,
202400024808,155 738 089,B01,1.0,33.0,0,2,1,0,1.0,
202400024809,155 738 088,A01,0.0,7.0,9,0,1,1,1.0,
202400024810,155 738 087,A01,1.0,7.0,6,0,2,14,1.0,
202400024811,155 738 086,A01,2.0,34.0,0,1,1,1,1.0,
202400024812,155 738 085,A01,3.0,7.0,0,1,2,1,3.0,
202400024813,155 738 084,A01,3.0,7.0,0,1,4,4,1.0,
202400024814,155 738 083,A01,3.0,50.0,0,1,7,25,3.0,
202400024815,155 738 081,A01,1.0,3.0,1,0,2,15,1.0,
202400024816,155 738 079,B01,2.0,32.0,0,2,4,15,1.0,
202400024817,155 738 077,B01,2.0,30.0,0,2,7,2,1.0,
202400024818,155 738 076,A01,1.0,7.0,0,1,8,15,1.0,
202400024819,155 738 074,A01,1.0,7.0,13,0,1,13,1.0,
202400024820,155 738 073,A01,1.0,14.0,0,2,7,12,1.0,
202400024821,155 738 072,A01,3.0,36.0,0,5,0,1,1.0,
202400024822,155 738 070,A01,1.0,7.0,0,2,1,2,1.0,
202400024823,155 738 069,A01,1.0,7.0,10,0,8,1,1.0,
202400024824,155 738 067,A01,2.0,1.0,1,2,1,5,5.0,
202400024825,155 738 066,B01,0.0,1.0,0,2,1,26,5.0,
202400024826,155 738 065,A01,3.0,80.0,8,0,1,26,3.0,
202400024827,155 738 064,A01,1.0,7.0,0,1,1,1,1.0,
202400024828,155 738 063,A01,1.0,7.0,0,1,1,1,1.0,
202400024829,155 738 062,A01,1.0,7.0,17,0,1,26,1.0,
202400024830,155 738 058,A01,3.0,33.0,0,2,9,17,1.0,
202400024831,155 738 057,A01,2.0,7.0,0,2,1,5,1.0,
202400024832,155 738 056,A01,1.0,7.0,0,1,1,1,2.0,
202400024833,155 738 053,B01,1.0,7.0,0,2,1,1,1.0,
202400024834,155 738 051,A01,2.0,33.0,0,2,2,26,1.0,
202400024835,155 738 048,A01,2.0,7.0,0,2,2,17,2.0,
202400024836,155 738 047,A01,1.0,7.0,0,2,4,2,1.0,
202400024837,155 738 045,A01,1.0,7.0,0,2,3,10,1.0,
202400024838,155 738 043,A01,1.0,10.0,0,2,6,23,1.0,
202400024839,155 738 042,A01,1.0,7.0,0,1,1,1,2.0,
202400024840,155 738 040,A01,1.0,7.0,0,2,8,1,1.0,
202400024841,155 738 038,A01,1.0,33.0,0,0,7,1,1.0,
202400024842,155 738 037,Z01,1.0,10.0,0,2,1,1,1.0,
202400024843,155 738 036,A01,1.0,7.0,0,0,1,2,1.0,
202400024844,155 738 035,A01,1.0,10.0,1,0,2,1,1.0,
202400024845,155 738 032,A01,1.0,7.0,0,2,4,2,1.0,
202400024846,155 738 031,Z01,1.0,7.0,0,9,1,1,0.0,
202400024847,155 738 028,B01,1.0,33.0,0,2,2,1,1.0,
202400024848,155 738 027,B01,2.0,32.0,0,2,4,2,3.0,
202400024849,155 738 024,A01,2.0,33.0,0,2,1,11,1.0,
202400024850,155 738 023,A01,3.0,7.0,0,2,3,1,2.0,
202400024851,155 738 021,A01,3.0,32.0,0,1,8,1,0.0,
202400024852,155 738 019,A01,1.0,7.0,0,2,1,3,1.0,
202400024853,155 738 017,A01,2.0,10.0,0,2,8,15,1.0,
202400024854,155 738 015,A01,2.0,7.0,0,2,1,1,1.0,
202400024855,155 738 013,A01,3.0,80.0,16,2,3,11,3.0,
202400024856,155 738 011,A01,2.0,7.0,0,2,1,1,1.0,
202400024857,155 738 010,A01,2.0,50.0,0,0,0,1,3.0,
202400024858,155 738 007,A01,1.0,7.0,1,0,2,14,1.0,
202400024859,155 738 008,B01,2.0,7.0,0,2,4,1,1.0,
202400024860,155 738 002,A01,2.0,7.0,0,2,6,11,1.0,
202400024861,155 738 001,D01,1.0,10.0,0,2,5,4,1.0,
202400024862,155 737 997,A01,3.0,7.0,0,2,2,1,0.0,
202400024863,155 737 996,A01,1.0,33.0,0,2,1,3,0.0,
202400024864,155 737 994,B01,1.0,32.0,12,2,6,2,1.0,
202400024865,155 737 992,A01,1.0,7.0,0,2,1,1,1.0,
202400024866,155 737 990,A01,3.0,7.0,0,2,0,0,1.0,
202400024867,155 737 988,A01,2.0,33.0,0,2,8,3,1.0,
202400024868,155 737 987,A01,1.0,7.0,0,1,2,1,0.0,
202400024869,155 737 985,A01,1.0,7.0,0,2,6,11,1.0,
202400024870,155 737 983,A01,1.0,7.0,0,9,8,22,1.0,
202400024871,155 737 982,A01,2.0,7.0,2,0,1,0,1.0,
202400024872,155 737 979,A01,2.0,7.0,0,2,4,1,1.0,
202400024873,155 737 978,A01,2.0,7.0,0,2,2,2,1.0,
202400024874,155 737 975,B01,2.0,33.0,0,2,1,3,1.0,
202400024875,155 737 974,A01,1.0,7.0,0,2,2,0,1.0,
202400024876,155 737 972,A01,1.0,7.0,1,0,3,2,1.0,
202400024877,155 737 971,A01,2.0,10.0,0,2,1,2,1.0,
202400024878,155 737 968,A01,1.0,32.0,0,2,2,1,1.0,
202400024879,155 737 967,A01,2.0,7.0,0,2,3,10,3.0,
202400024880,155 737 965,A01,2.0,7.0,0,1,2,1,1.0,
202400024881,155 737 964,A01,3.0,50.0,0,2,6,1,3.0,
202400024882,155 737 962,A01,1.0,7.0,1,0,2,13,1.0,
202400024883,155 737 961,B01,3.0,2.0,0,2,8,1,1.0,
202400024884,155 737 958,A01,1.0,33.0,4,2,1,3,1.0,
202400024885,155 737 957,A01,1.0,7.0,0,2,3,17,1.0,
202400024886,155 737 954,A01,2.0,7.0,0,2,3,9,1.0,
202400024887,155 737 950,A01,1.0,31.0,0,2,0,13,1.0,
202400024888,155 737 949,A01,1.0,10.0,0,0,0,0,1.0,
202400024889,155 737 946,A01,1.0,7.0,14,0,2,2,1.0,
202400024890,155 737 945,A01,1.0,32.0,0,1,1,17,1.0,
202400024891,155 737 944,A01,1.0,1.0,0,2,1,15,5.0,
202400024892,155 737 942,A01,2.0,7.0,0,2,8,1,1.0,
202400024893,155 737 939,A01,1.0,33.0,0,2,8,1,1.0,
202400024894,155 737 938,A01,3.0,2.0,0,0,0,15,1.0,
202400024895,155 737 941,A01,1.0,7.0,0,1,2,1,3.0,
202400024896,155 737 935,A01,2.0,1.0,0,2,1,1,5.0,
202400024897,155 737 933,A01,1.0,10.0,0,2,4,1,1.0,
202400024898,155 737 930,A01,3.0,30.0,0,2,1,13,1.0,
202400024899,155 737 929,B01,1.0,7.0,0,2,3,26,1.0,
202400024900,155 737 928,A01,3.0,33.0,8,0,1,0,1.0,
202400024901,155 737 926,C01,1.0,7.0,0,2,2,0,1.0,
202400024902,155 737 924,A01,2.0,7.0,0,2,1,13,1.0,
202400024903,155 737 922,B01,2.0,30.0,0,2,1,16,1.0,
202400024904,155 737 919,A01,2.0,2.0,0,2,1,2,1.0,
202400024905,155 737 917,A01,1.0,7.0,0,2,1,1,1.0,
202400024906,155 737 915,A01,1.0,31.0,0,2,1,17,3.0,
202400024907,155 737 911,A01,1.0,7.0,0,2,8,15,1.0,
202400024908,155 737 913,B01,2.0,10.0,0,2,1,2,1.0,
202400024909,155 737 909,A01,2.0,7.0,0,2,1,2,1.0,
202400024910,155 737 906,B01,3.0,7.0,0,2,3,26,3.0,
202400024911,155 737 904,A01,1.0,38.0,0,2,2,2,1.0,2
202400024912,155 737 902,B01,1.0,34.0,0,2,3,1,1.0,
202400024913,155 737 901,B01,1.0,38.0,0,2,1,1,1.0,13
202400024914,155 737 900,A01,3.0,7.0,0,1,1,5,1.0,
202400024915,155 737 898,A01,1.0,7.0,0,1,3,2,2.0,
202400024916,155 737 897,A01,2.0,7.0,0,2,8,9,1.0,
202400024917,155 737 895,A01,3.0,2.0,0,0,9,1,1.0,
202400024918,155 737 894,A01,1.0,7.0,0,9,2,17,1.0,
202400024919,155 737 892,A01,3.0,2.0,0,0,1,1,1.0,
202400024920,155 737 890,A01,1.0,21.0,0,1,1,1,1.0,
202400024921,155 737 884,B01,3.0,50.0,0,2,7,1,3.0,
202400024922,155 737 885,A01,1.0,33.0,0,2,7,17,1.0,
202400024923,155 737 883,A01,1.0,7.0,0,1,1,26,1.0,
202400024924,155 737 882,A01,3.0,7.0,0,1,5,4,1.0,
202400024925,155 737 880,B01,1.0,37.0,0,2,3,1,1.0,6
202400024926,155 737 877,A01,2.0,7.0,0,1,1,16,1.0,
202400024927,155 737 878,A01,3.0,7.0,0,2,1,1,1.0,
202400024928,155 737 876,A01,0.0,7.0,0,1,1,1,1.0,
202400024929,155 737 874,A01,1.0,7.0,0,2,2,0,1.0,
202400024930,155 737 872,A01,3.0,7.0,0,1,1,17,1.0,
202400024931,155 737 870,B01,0.0,7.0,0,2,5,1,1.0,
202400024932,155 737 873,B01,3.0,39.0,0,4,1,19,6.0,
202400024933,155 737 868,A01,2.0,7.0,0,2,1,2,1.0,
202400024934,155 737 864,A01,2.0,7.0,0,2,3,16,1.0,
202400024935,155 737 862,A01,1.0,7.0,0,2,1,1,1.0,
202400024936,155 737 865,A01,2.0,33.0,0,2,1,1,1.0,
202400024937,155 737 861,A01,2.0,7.0,0,1,1,15,1.0,
202400024938,155 737 858,A01,2.0,33.0,0,2,1,1,1.0,
202400024939,155 737 859,A01,1.0,7.0,2,0,2,0,1.0,
202400024940,155 737 857,A01,0.0,7.0,0,1,7,0,1.0,
202400024941,155 737 853,A01,1.0,7.0,0,2,1,2,1.0,
202400024942,155 737 854,B01,2.0,7.0,0,2,1,1,1.0,
202400024943,155 737 852,A01,1.0,10.0,15,0,1,14,1.0,
202400024944,155 737 849,A01,2.0,7.0,0,2,3,13,1.0,
202400024945,155 737 848,B01,0.0,1.0,0,2,7,1,5.0,
202400024946,155 737 847,A01,3.0,10.0,2,0,1,13,1.0,
202400024947,155 737 844,A01,1.0,32.0,0,2,1,18,1.0,
202400024948,155 737 842,A01,1.0,7.0,15,0,8,13,1.0,
202400024949,155 737 840,A01,3.0,7.0,0,2,1,6,1.0,
202400024950,155 737 837,B01,3.0,50.0,0,0,0,16,3.0,
202400024951,155 737 838,A01,1.0,33.0,0,0,7,14,1.0,
202400024952,155 737 835,A01,0.0,7.0,0,2,1,1,1.0,
202400024953,155 737 832,A01,3.0,13.0,0,1,3,1,0.0,
202400024954,155 737 833,A01,2.0,7.0,0,2,7,17,1.0,
202400024955,155 737 830,A01,1.0,7.0,13,0,1,0,1.0,
202400024956,155 737 828,A01,1.0,7.0,0,2,1,2,1.0,
202400024957,155 737 824,A01,2.0,50.0,0,0,0,1,3.0,
202400024958,155 737 825,A01,1.0,33.0,13,0,8,21,1.0,
202400024959,155 737 823,A01,1.0,7.0,0,2,3,1,1.0,
202400024960,155 737 822,A01,1.0,33.0,13,0,2,1,1.0,
202400024961,155 737 820,A01,3.0,7.0,0,2,1,1,3.0,
202400024962,155 737 819,A01,1.0,7.0,0,2,3,15,1.0,
202400024963,155 737 816,B01,1.0,2.0,0,2,1,15,1.0,
202400024964,155 737 815,A01,1.0,33.0,11,0,1,17,1.0,
202400024965,155 737 814,A01,3.0,7.0,0,2,1,16,1.0,
202400024966,155 737 811,B01,1.0,7.0,0,9,2,1,1.0,
202400024967,155 737 810,B01,3.0,7.0,0,2,4,1,1.0,
202400024968,155 737 809,A01,3.0,50.0,0,0,0,0,3.0,
202400024969,155 737 806,Z01,0.0,0.0,0,1,0,26,0.0,
202400024970,155 737 805,A01,2.0,7.0,0,2,1,2,1.0,
202400024971,155 737 804,A01,2.0,10.0,0,1,3,1,1.0,
202400024972,155 737 803,A01,2.0,10.0,0,1,2,1,1.0,
202400024973,155 737 800,B01,0.0,1.0,0,0,5,1,5.0,
202400024974,155 737 801,A01,2.0,7.0,0,0,9,0,1.0,
202400024975,155 737 798,B01,3.0,7.0,1,2,1,1,1.0,
202400024976,155 737 797,A01,1.0,7.0,0,1,1,1,1.0,
202400024977,155 737 796,A01,1.0,7.0,2,0,1,1,1.0,
202400024978,155 737 795,A01,2.0,33.0,0,1,0,21,1.0,
202400024979,155 737 794,A01,1.0,7.0,0,2,2,1,0.0,
202400024980,155 737 792,A01,3.0,7.0,0,1,1,4,1.0,
202400024981,155 737 791,B01,1.0,43.0,0,2,0,0,1.0,
202400024982,155 737 789,B01,2.0,80.0,0,2,8,1,3.0,
202400024983,155 737 786,A01,2.0,1.0,0,2,8,16,5.0,
202400024984,155 737 784,A01,1.0,33.0,0,0,8,1,1.0,
202400024985,155 737 783,B01,1.0,10.0,0,2,3,13,1.0,
202400024986,155 737 781,A01,3.0,7.0,0,2,1,2,1.0,
202400024987,155 737 780,A01,1.0,2.0,0,0,0,1,1.0,
202400024988,155 737 779,A01,3.0,7.0,0,1,7,26,1.0,
202400024989,155 737 777,A01,1.0,7.0,12,0,7,15,1.0,
202400024990,155 737 775,A01,3.0,33.0,9,0,1,1,1.0,
202400024991,155 737 776,A01,1.0,7.0,0,2,3,1,1.0,
202400024992,155 737 774,A01,2.0,7.0,0,1,1,17,2.0,
202400024993,155 737 772,A01,1.0,7.0,2,0,1,0,1.0,
202400024994,155 737 769,B01,0.0,33.0,0,2,1,0,1.0,
202400024995,155 737 768,B01,1.0,10.0,0,2,3,1,1.0,
202400024996,155 737 765,A01,1.0,7.0,0,2,1,2,1.0,
202400024997,155 737 763,B01,3.0,7.0,0,2,1,13,1.0,
202400024998,155 737 760,A01,2.0,37.0,0,2,3,7,1.0,5
202400024999,155 737 759,B01,1.0,7.0,0,2,4,23,1.0,
202400025000,155 737 758,B01,2.0,7.0,0,2,5,15,1.0,
202400025001,155 737 757,A01,3.0,31.0,0,1,1,19,0.0,
202400025002,155 737 754,B01,1.0,50.0,0,2,1,1,3.0,
202400025003,155 737 753,A01,2.0,10.0,1,2,1,17,1.0,
202400025004,155 737 751,A01,3.0,7.0,1,0,1,13,1.0,
202400025005,155 737 750,A01,1.0,1.0,0,2,1,1,5.0,
202400025006,155 737 748,A01,1.0,7.0,1,1,2,1,1.0,
202400025007,155 737 747,A01,3.0,7.0,0,2,5,1,1.0,
202400025008,155 737 744,A01,2.0,30.0,0,2,7,17,1.0,
202400025009,155 737 742,A01,1.0,7.0,0,2,6,11,1.0,
202400025010,155 737 741,A01,1.0,99.0,0,2,0,0,1.0,
202400025011,155 737 736,A01,1.0,7.0,0,2,1,1,1.0,
202400025012,155 737 738,B01,2.0,7.0,0,2,1,12,2.0,
202400025013,155 737 737,A01,2.0,7.0,0,1,1,1,1.0,
202400025014,155 737 733,A01,1.0,14.0,0,2,7,15,1.0,
202400025015,155 737 732,B01,1.0,31.0,0,2,7,17,1.0,