Num_Acc,id_vehicule,num_veh,senc,catv,obs,obsm,choc,manv,motor,occutc
202400025016,155 737 730,A01,1.0,2.0,0,2,8,2,1.0,
202400025017,155 737 727,A01,1.0,7.0,0,2,2,12,1.0,
202400025018,155 737 726,A01,1.0,20.0,0,2,6,16,6.0,
202400025019,155 737 723,A01,1.0,7.0,0,2,2,16,1.0,
202400025020,155 737 722,A01,1.0,7.0,0,2,6,9,1.0,
202400025021,155 737 720,A01,1.0,7.0,0,2,3,15,1.0,
202400025022,155 737 718,A01,2.0,7.0,8,0,1,0,1.0,
202400025023,155 737 717,A01,3.0,30.0,0,2,1,5,0.0,
202400025024,155 737 714,A01,2.0,7.0,0,2,4,1,0.0,
202400025025,155 737 712,A01,3.0,7.0,6,0,1,20,1.0,
202400025026,155 737 711,A01,2.0,7.0,3,2,1,1,1.0,
202400025027,155 737 709,A01,2.0,7.0,0,1,7,1,1.0,
202400025028,155 737 706,A01,1.0,7.0,0,0,5,21,1.0,
202400025029,155 737 705,A01,3.0,7.0,0,2,1,1,1.0,
202400025030,155 737 703,A01,1.0,7.0,0,1,2,0,1.0,
202400025031,155 737 702,B01,2.0,7.0,14,2,1,13,1.0,
202400025032,155 737 701,A01,3.0,10.0,0,1,0,0,0.0,
202400025033,155 737 699,A01,2.0,3.0,13,0,2,13,1.0,
202400025034,155 737 698,A01,3.0,2.0,0,2,8,26,1.0,
202400025035,155 737 696,A01,3.0,7.0,0,2,4,23,1.0,
202400025036,155 737 693,B01,2.0,33.0,0,0,2,15,1.0,
202400025037,155 737 691,A01,1.0,7.0,4,0,3,17,1.0,
202400025038,155 737 692,B01,3.0,1.0,0,2,0,0,5.0,
202400025039,155 737 690,A01,1.0,33.0,0,1,1,13,1.0,
202400025040,155 737 685,A01,3.0,7.0,0,2,1,2,1.0,
202400025041,155 737 683,A01,3.0,7.0,0,2,3,9,1.0,
202400025042,155 737 681,B01,1.0,7.0,0,2,2,1,1.0,
202400025043,155 737 682,A01,1.0,7.0,0,1,3,15,1.0,
202400025044,155 737 677,A01,1.0,10.0,2,0,1,1,1.0,
202400025045,155 737 679,B01,2.0,1.0,0,2,0,1,5.0,
202400025046,155 737 674,B01,1.0,33.0,0,2,7,0,1.0,
202400025047,155 737 672,A01,3.0,30.0,0,2,3,1,1.0,
202400025048,155 737 671,A01,1.0,7.0,0,2,7,19,1.0,
202400025049,155 737 669,A01,1.0,7.0,0,2,2,15,2.0,
202400025050,155 737 666,A01,1.0,7.0,0,2,7,16,1.0,
202400025051,155 737 664,A01,3.0,0.0,0,1,1,0,0.0,
202400025052,155 737 661,A01,3.0,7.0,0,2,4,4,1.0,
202400025053,155 737 660,A01,3.0,10.0,7,0,1,1,1.0,
202400025054,155 737 659,B01,2.0,33.0,0,2,1,1,1.0,
202400025055,155 737 657,A01,2.0,31.0,1,2,3,7,1.0,
202400025056,155 737 656,A01,1.0,32.0,16,0,2,1,1.0,
202400025057,155 737 654,A01,2.0,33.0,0,0,0,21,1.0,
202400025058,155 737 652,B01,3.0,7.0,0,2,3,1,0.0,
202400025059,155 737 651,B01,1.0,50.0,0,2,3,13,3.0,
202400025060,155 737 648,A01,3.0,33.0,0,2,1,1,1.0,
202400025061,155 737 647,A01,3.0,7.0,13,0,7,1,1.0,
202400025062,155 737 646,Z01,1.0,2.0,0,2,1,2,0.0,
202400025063,155 737 642,A01,3.0,7.0,0,2,2,1,1.0,
202400025064,155 737 643,A01,1.0,7.0,0,2,1,1,1.0,
202400025065,155 737 639,A01,1.0,7.0,0,2,1,13,1.0,
202400025066,155 737 636,A01,2.0,7.0,0,2,5,15,1.0,
202400025067,155 737 637,B01,3.0,1.0,0,2,1,13,5.0,
202400025068,155 737 634,B01,1.0,33.0,0,2,1,1,1.0,
202400025069,155 737 631,A01,2.0,50.0,0,2,3,1,3.0,
202400025070,155 737 629,B01,1.0,7.0,0,2,2,16,1.0,
202400025071,155 737 628,A01,2.0,33.0,0,2,1,1,1.0,
202400025072,155 737 625,A01,3.0,7.0,0,2,5,16,1.0,
202400025073,155 737 624,A01,1.0,7.0,0,2,2,10,1.0,
202400025074,155 737 623,A01,1.0,99.0,15,0,1,26,0.0,
202400025075,155 737 621,A01,2.0,7.0,0,2,1,2,1.0,
202400025076,155 737 617,A01,1.0,32.0,3,0,1,1,1.0,
202400025077,155 737 619,B01,2.0,1.0,1,0,5,1,5.0,
202400025078,155 737 616,A01,2.0,7.0,0,2,3,19,1.0,
202400025079,155 737 614,A01,1.0,33.0,0,2,8,1,1.0,
202400025080,155 737 613,A01,1.0,33.0,0,1,2,1,1.0,
202400025081,155 737 609,B01,1.0,7.0,0,0,0,0,0.0,
202400025082,155 737 608,A01,1.0,13.0,0,2,2,12,1.0,
202400025083,155 737 607,A01,3.0,1.0,0,0,0,26,5.0,
202400025084,155 737 605,A01,2.0,33.0,0,2,8,3,1.0,
202400025085,155 737 601,A01,2.0,7.0,1,2,1,1,1.0,
202400025086,155 737 602,A01,3.0,2.0,0,2,3,18,3.0,
202400025087,155 737 600,A01,1.0,33.0,0,0,1,1,1.0,
202400025088,155 737 597,A01,1.0,7.0,0,2,8,0,1.0,
202400025089,155 737 599,A01,1.0,30.0,0,1,1,1,1.0,
202400025090,155 737 594,A01,1.0,7.0,0,2,3,2,1.0,
202400025091,155 737 593,A01,1.0,10.0,0,2,3,26,1.0,
202400025092,155 737 590,B01,2.0,37.0,0,2,2,8,1.0,1
202400025093,155 737 589,A01,2.0,1.0,0,2,6,13,5.0,
202400025094,155 737 586,B01,2.0,7.0,0,2,0,9,1.0,
202400025095,155 737 587,A01,3.0,30.0,0,1,1,2,3.0,
202400025096,155 737 584,A01,2.0,7.0,1,0,1,1,1.0,
202400025097,155 737 583,A01,1.0,7.0,0,2,5,15,1.0,
202400025098,155 737 581,A01,2.0,10.0,0,1,2,1,1.0,
202400025099,155 737 580,Z01,1.0,7.0,0,2,8,13,1.0,
202400025100,155 737 577,C01,1.0,7.0,0,2,4,23,1.0,
202400025101,155 737 576,A01,1.0,7.0,0,1,8,15,2.0,
202400025102,155 737 574,A01,1.0,7.0,0,2,3,13,1.0,
202400025103,155 737 573,A01,1.0,7.0,0,1,4,20,1.0,
202400025104,155 737 572,A01,2.0,7.0,8,0,1,0,1.0,
202400025105,155 737 570,A01,1.0,7.0,0,2,1,15,1.0,
202400025106,155 737 568,B01,2.0,7.0,0,2,3,1,1.0,
202400025107,155 737 566,B01,2.0,33.0,0,2,3,1,1.0,
202400025108,155 737 564,A01,2.0,7.0,0,2,3,6,1.0,
202400025109,155 737 562,A01,1.0,7.0,0,2,3,1,1.0,
202400025110,155 737 561,Z01,3.0,50.0,12,1,7,21,3.0,
202400025111,155 737 559,A01,2.0,33.0,0,2,1,17,1.0,
202400025112,155 737 558,A01,1.0,7.0,0,1,1,19,3.0,
202400025113,155 737 556,B01,3.0,10.0,0,2,7,16,1.0,
202400025114,155 737 555,A01,3.0,1.0,0,0,1,2,5.0,
202400025115,155 737 553,A01,0.0,33.0,0,2,1,0,0.0,
202400025116,155 737 552,A01,1.0,33.0,0,1,1,3,1.0,
202400025117,155 737 551,A01,3.0,50.0,0,1,1,1,3.0,
202400025118,155 737 550,A01,2.0,7.0,2,0,3,14,1.0,
202400025119,155 737 548,A01,1.0,7.0,0,2,6,1,1.0,
202400025120,155 737 546,A01,2.0,7.0,0,0,4,15,1.0,
202400025121,155 737 545,A01,1.0,7.0,0,1,1,1,1.0,
202400025122,155 737 544,A01,2.0,7.0,0,1,7,14,1.0,
202400025123,155 737 542,A01,1.0,2.0,10,2,7,17,1.0,
202400025124,155 737 540,A01,2.0,7.0,0,9,5,17,1.0,
202400025125,155 737 539,A01,1.0,7.0,0,1,1,1,1.0,
202400025126,155 737 538,A01,1.0,7.0,0,1,2,1,1.0,
202400025127,155 737 536,A01,1.0,7.0,13,0,1,1,1.0,
202400025128,155 737 534,A01,1.0,7.0,0,2,4,1,1.0,
202400025129,155 737 533,A01,3.0,7.0,0,2,1,15,1.0,
202400025130,155 737 532,A01,2.0,17.0,6,0,1,1,1.0,
202400025131,155 737 531,A01,1.0,7.0,6,0,1,1,1.0,
202400025132,155 737 529,A01,3.0,7.0,0,2,3,1,1.0,
202400025133,155 737 527,A01,2.0,10.0,0,2,1,13,1.0,
202400025134,155 737 523,B01,3.0,50.0,0,0,7,19,3.0,
202400025135,155 737 522,A01,0.0,7.0,0,1,1,1,1.0,
202400025136,155 737 519,A01,2.0,7.0,13,0,3,1,1.0,
202400025137,155 737 518,C01,1.0,7.0,0,2,4,2,1.0,
202400025138,155 737 516,A01,3.0,30.0,1,0,3,0,1.0,
202400025139,155 737 515,A01,3.0,2.0,0,2,1,13,1.0,
202400025140,155 737 514,A01,0.0,7.0,1,0,7,26,1.0,
202400025141,155 737 513,A01,2.0,7.0,0,1,1,1,1.0,
202400025142,155 737 511,B01,2.0,33.0,0,2,2,17,1.0,
202400025143,155 737 507,A01,1.0,7.0,0,2,2,1,1.0,
202400025144,155 737 506,A01,2.0,7.0,0,2,1,15,1.0,
202400025145,155 737 505,A01,1.0,7.0,0,9,8,26,1.0,
202400025146,155 737 503,B01,1.0,7.0,8,2,7,1,1.0,
202400025147,155 737 501,B01,1.0,2.0,0,2,4,1,1.0,
202400025148,155 737 499,A01,2.0,7.0,0,9,2,1,1.0,
202400025149,155 737 498,A01,1.0,37.0,0,1,1,20,1.0,1
202400025150,155 737 494,A01,2.0,7.0,0,2,1,2,1.0,
202400025151,155 737 491,A01,2.0,10.0,0,2,1,2,1.0,
202400025152,155 737 489,A01,2.0,7.0,3,0,1,12,2.0,
202400025153,155 737 488,B01,1.0,7.0,0,2,5,1,1.0,
202400025154,155 737 487,A01,1.0,1.0,0,0,1,26,5.0,
202400025155,155 737 486,A01,1.0,7.0,0,0,3,26,1.0,
202400025156,155 737 483,A01,1.0,7.0,0,2,7,9,1.0,
202400025157,155 737 480,A01,2.0,7.0,0,2,3,5,1.0,
202400025158,155 737 478,A01,2.0,7.0,0,2,3,15,2.0,
202400025159,155 737 476,A01,1.0,15.0,0,2,1,1,1.0,
202400025160,155 737 474,A01,2.0,37.0,0,2,1,2,1.0,1
202400025161,155 737 472,A01,1.0,7.0,0,2,2,15,1.0,
202400025162,155 737 470,B01,3.0,99.0,0,2,8,19,3.0,
202400025163,155 737 468,A01,2.0,33.0,0,2,1,1,1.0,
202400025164,155 737 467,A01,2.0,7.0,0,1,3,1,2.0,
202400025165,155 737 466,A01,1.0,7.0,0,0,3,0,1.0,
202400025166,155 737 464,A01,1.0,7.0,7,0,0,1,1.0,
202400025167,155 737 463,A01,1.0,7.0,0,2,2,1,1.0,
202400025168,155 737 462,A01,3.0,14.0,0,1,8,16,1.0,
202400025169,155 737 460,A01,1.0,10.0,0,2,1,2,1.0,
202400025170,155 737 458,A01,2.0,10.0,16,0,6,0,1.0,
202400025171,155 737 455,A01,3.0,10.0,0,1,2,1,1.0,
202400025172,155 737 456,B01,2.0,2.0,0,2,8,1,3.0,
202400025173,155 737 451,B01,2.0,2.0,0,2,6,19,1.0,
202400025174,155 737 452,B01,2.0,17.0,0,2,3,1,1.0,
202400025175,155 737 450,A01,2.0,1.0,0,1,1,1,5.0,
202400025176,155 737 448,A01,2.0,7.0,0,2,3,15,1.0,
202400025177,155 737 445,A01,3.0,7.0,0,1,3,17,1.0,
202400025178,155 737 446,A01,2.0,30.0,15,2,2,21,1.0,
202400025179,155 737 442,A01,1.0,7.0,0,2,1,1,1.0,
202400025180,155 737 443,A01,2.0,7.0,0,1,2,9,1.0,
202400025181,155 737 439,A01,0.0,7.0,0,9,7,16,0.0,
202400025182,155 737 438,A01,1.0,7.0,0,2,3,15,2.0,
202400025183,155 737 436,A01,1.0,7.0,0,6,3,1,1.0,
202400025184,155 737 434,A01,3.0,7.0,0,2,7,26,1.0,
202400025185,155 737 431,A01,2.0,1.0,0,0,0,1,5.0,
202400025186,155 737 432,B01,3.0,10.0,0,2,3,15,1.0,
202400025187,155 737 427,A01,1.0,7.0,0,2,1,5,1.0,
202400025188,155 737 428,A01,1.0,7.0,0,2,1,1,1.0,
202400025189,155 737 425,A01,2.0,7.0,1,1,2,1,1.0,
202400025190,155 737 422,A01,1.0,7.0,2,0,7,1,1.0,
202400025191,155 737 423,A01,2.0,7.0,0,2,4,26,1.0,
202400025192,155 737 420,A01,1.0,7.0,6,2,2,6,1.0,
202400025193,155 737 419,A01,1.0,7.0,0,1,2,1,1.0,
202400025194,155 737 413,A01,1.0,7.0,0,2,1,2,1.0,
202400025195,155 737 414,A01,3.0,7.0,0,2,1,1,1.0,
202400025196,155 737 411,A01,1.0,33.0,0,2,8,3,1.0,
202400025197,155 737 408,B01,1.0,33.0,0,2,1,17,1.0,
202400025198,155 737 407,A01,1.0,33.0,0,2,1,3,1.0,
202400025199,155 737 404,B01,1.0,30.0,0,2,1,0,1.0,
202400025200,155 737 402,C01,2.0,7.0,0,2,4,1,1.0,
202400025201,155 737 400,A01,2.0,43.0,0,0,8,0,1.0,
202400025202,155 737 399,B01,3.0,7.0,0,2,4,2,1.0,
202400025203,155 737 397,A01,2.0,7.0,0,2,1,2,1.0,
202400025204,155 737 392,A01,1.0,7.0,0,2,1,2,1.0,
202400025205,155 737 393,A01,2.0,7.0,0,2,3,15,1.0,
202400025206,155 737 389,B01,2.0,33.0,0,2,1,11,1.0,
202400025207,155 737 388,A01,2.0,7.0,0,2,3,15,1.0,
202400025208,155 737 385,A01,1.0,7.0,0,1,6,4,1.0,
202400025209,155 737 384,B01,2.0,7.0,0,2,4,2,1.0,
202400025210,155 737 380,A01,1.0,32.0,0,2,1,3,1.0,
202400025211,155 737 379,A01,1.0,7.0,0,2,3,11,1.0,
202400025212,155 737 377,A01,2.0,7.0,0,2,1,1,1.0,
202400025213,155 737 374,A01,2.0,33.0,0,2,1,2,1.0,
202400025214,155 737 373,A01,1.0,2.0,0,2,2,1,1.0,
202400025215,155 737 371,A01,2.0,17.0,0,2,2,12,1.0,
202400025216,155 737 369,A01,1.0,7.0,0,1,1,26,1.0,
202400025217,155 737 368,A01,3.0,10.0,0,2,3,1,1.0,
202400025218,155 737 367,A01,2.0,33.0,8,0,1,1,1.0,
202400025219,155 737 365,A01,1.0,7.0,0,2,1,15,1.0,
202400025220,155 737 363,A01,0.0,32.0,0,2,1,1,1.0,
202400025221,155 737 361,B01,1.0,2.0,0,2,2,1,1.0,
202400025222,155 737 359,A01,1.0,7.0,0,2,3,26,1.0,
202400025223,155 737 358,A01,3.0,37.0,0,1,7,1,1.0,1
202400025224,155 737 356,A01,1.0,32.0,0,2,7,3,1.0,
202400025225,155 737 354,A01,2.0,7.0,0,2,1,23,1.0,
202400025226,155 737 352,B01,2.0,7.0,0,2,5,16,1.0,
202400025227,155 737 349,C01,2.0,7.0,0,2,1,16,1.0,
202400025228,155 737 348,A01,2.0,7.0,1,0,2,1,0.0,
202400025229,155 737 346,B01,2.0,7.0,0,2,1,1,1.0,
202400025230,155 737 344,A01,1.0,33.0,0,2,1,1,1.0,
202400025231,155 737 342,A01,1.0,7.0,0,0,5,10,1.0,
202400025232,155 737 339,C01,1.0,10.0,0,2,1,1,1.0,
202400025233,155 737 337,A01,1.0,7.0,0,2,1,0,1.0,
202400025234,155 737 335,B01,1.0,10.0,0,2,1,19,1.0,
202400025235,155 737 334,A01,2.0,7.0,13,0,2,14,1.0,
202400025236,155 737 333,A01,0.0,2.0,9,9,8,21,1.0,
202400025237,155 737 331,A01,2.0,7.0,0,2,3,13,1.0,
202400025238,155 737 329,A01,1.0,7.0,0,2,3,1,1.0,
202400025239,155 737 327,A01,0.0,2.0,0,2,1,17,1.0,
202400025240,155 737 326,A01,2.0,7.0,13,0,9,1,1.0,
202400025241,155 737 325,A01,2.0,7.0,16,0,9,17,1.0,
202400025242,155 737 323,A01,1.0,3.0,0,2,7,19,1.0,
202400025243,155 737 321,B01,2.0,7.0,0,2,5,15,1.0,
202400025244,155 737 319,A01,1.0,32.0,0,2,1,1,1.0,
202400025245,155 737 317,A01,1.0,33.0,3,0,1,9,1.0,
202400025246,155 737 315,A01,1.0,7.0,0,2,1,2,1.0,
202400025247,155 737 314,A01,1.0,7.0,6,0,3,13,1.0,
202400025248,155 737 312,A01,1.0,7.0,0,2,1,2,1.0,
202400025249,155 737 309,A01,1.0,7.0,0,2,3,1,1.0,
202400025250,155 737 308,A01,1.0,7.0,0,1,1,0,1.0,
202400025251,155 737 307,A01,1.0,7.0,1,1,2,15,1.0,
202400025252,155 737 306,A01,0.0,7.0,0,1,1,2,1.0,
202400025253,155 737 304,A01,1.0,10.0,0,1,8,19,0.0,
202400025254,155 737 303,B01,3.0,7.0,0,2,2,1,1.0,
202400025255,155 737 301,A01,1.0,7.0,0,1,2,2,1.0,
202400025256,155 737 299,A01,1.0,7.0,0,2,7,12,1.0,
202400025257,155 737 298,A01,3.0,7.0,0,1,6,4,1.0,
202400025258,155 737 296,A01,3.0,37.0,13,0,7,14,1.0,2
202400025259,155 737 292,A01,1.0,10.0,0,2,1,1,1.0,
202400025260,155 737 289,B01,2.0,7.0,0,2,3,1,1.0,
202400025261,155 737 288,B01,1.0,50.0,0,2,2,1,3.0,
202400025262,155 737 287,A01,2.0,7.0,3,0,3,13,1.0,
202400025263,155 737 286,A01,3.0,7.0,11,0,3,1,1.0,
202400025264,155 737 283,B01,1.0,7.0,1,0,2,23,1.0,
202400025265,155 737 282,A01,1.0,7.0,0,2,3,13,1.0,
202400025266,155 737 279,B01,1.0,10.0,0,2,1,1,1.0,
202400025267,155 737 276,B01,3.0,7.0,0,2,2,1,1.0,
202400025268,155 737 275,A01,2.0,7.0,0,2,1,13,1.0,
202400025269,155 737 274,A01,3.0,7.0,0,1,1,15,1.0,
202400025270,155 737 272,A01,2.0,7.0,0,1,3,1,1.0,
202400025271,155 737 271,B01,2.0,1.0,0,2,1,19,5.0,
202400025272,155 737 268,A01,2.0,7.0,0,2,1,1,1.0,
202400025273,155 737 267,B01,1.0,7.0,0,2,1,1,2.0,
202400025274,155 737 265,A01,0.0,30.0,0,9,0,0,1.0,
202400025275,155 737 264,A01,1.0,1.0,0,2,7,1,5.0,
202400025276,155 737 262,A01,3.0,7.0,0,2,3,15,1.0,
202400025277,155 737 261,VA01,3.0,7.0,2,0,9,13,2.0,
202400025278,155 737 260,A01,1.0,33.0,15,0,1,2,1.0,
202400025279,155 737 258,A01,2.0,7.0,0,2,3,15,1.0,
202400025280,155 737 257,A01,1.0,7.0,9,0,1,0,1.0,
202400025281,155 737 255,A01,1.0,7.0,0,2,3,15,1.0,
202400025282,155 737 252,B01,1.0,15.0,0,2,1,1,1.0,
202400025283,155 737 251,B01,3.0,10.0,0,2,2,19,1.0,
202400025284,155 737 250,A01,2.0,7.0,2,0,1,13,1.0,
202400025285,155 737 248,A01,3.0,3.0,0,2,1,2,1.0,
202400025286,155 737 245,C01,1.0,7.0,0,2,1,21,1.0,
202400025287,155 737 243,B01,1.0,40.0,0,2,3,1,3.0,
202400025288,155 737 241,B01,2.0,33.0,0,2,3,2,1.0,
202400025289,155 737 240,A01,2.0,7.0,0,1,2,1,1.0,
202400025290,155 737 239,A01,2.0,7.0,3,0,0,2,1.0,
202400025291,155 737 236,A01,1.0,7.0,0,2,3,0,1.0,
202400025292,155 737 235,A01,3.0,1.0,0,2,0,15,5.0,
202400025293,155 737 232,A01,3.0,7.0,0,2,2,16,1.0,
202400025294,155 737 231,B01,1.0,1.0,0,2,1,15,5.0,
202400025295,155 737 228,B01,2.0,7.0,0,2,1,2,2.0,
202400025296,155 737 227,B01,1.0,2.0,0,2,1,0,1.0,
202400025297,155 737 225,B01,1.0,37.0,0,2,2,1,1.0,1
202400025298,155 737 221,B01,3.0,2.0,0,2,1,0,1.0,
202400025299,155 737 223,A01,2.0,2.0,0,2,1,1,1.0,
202400025300,155 737 219,A01,2.0,7.0,0,1,0,16,2.0,
202400025301,155 737 218,A01,1.0,1.0,0,0,4,2,5.0,
202400025302,155 737 214,A01,1.0,7.0,2,2,8,1,1.0,
202400025303,155 737 210,D01,1.0,7.0,0,2,8,1,1.0,
202400025304,155 737 209,A01,1.0,7.0,0,1,2,1,1.0,
202400025305,155 737 207,B01,1.0,1.0,0,2,8,1,5.0,
202400025306,155 737 204,A01,0.0,7.0,0,1,1,1,1.0,
202400025307,155 737 205,A01,1.0,7.0,0,2,1,15,1.0,
202400025308,155 737 203,A01,2.0,7.0,0,1,1,1,1.0,
202400025309,155 737 202,A01,3.0,7.0,0,1,8,21,1.0,
202400025310,155 737 199,A01,1.0,7.0,0,2,3,19,1.0,
202400025311,155 737 196,A01,0.0,10.0,0,0,4,26,1.0,
202400025312,155 737 195,A01,2.0,50.0,0,1,1,1,3.0,
202400025313,155 737 192,A01,0.0,7.0,0,0,3,15,1.0,
202400025314,155 737 191,A01,3.0,2.0,0,2,1,2,1.0,
202400025315,155 737 188,A01,0.0,7.0,0,1,1,2,1.0,
202400025316,155 737 189,A01,3.0,7.0,0,2,2,1,1.0,
202400025317,155 737 185,B01,2.0,7.0,0,2,4,1,1.0,
202400025318,155 737 184,A01,1.0,10.0,0,2,7,1,1.0,
202400025319,155 737 182,A01,3.0,7.0,0,2,1,1,1.0,
202400025320,155 737 179,A01,3.0,3.0,0,1,1,1,1.0,
202400025321,155 737 175,A01,2.0,7.0,0,1,1,2,1.0,
202400025322,155 737 176,A01,1.0,7.0,0,2,1,1,1.0,
202400025323,155 737 171,A01,3.0,7.0,0,2,1,2,1.0,
202400025324,155 737 169,A01,2.0,7.0,4,2,1,2,1.0,
202400025325,155 737 168,A01,2.0,7.0,0,1,1,15,1.0,
202400025326,155 737 164,B01,1.0,33.0,0,2,1,0,0.0,
202400025327,155 737 163,C01,1.0,10.0,0,2,4,2,1.0,
202400025328,155 737 160,A01,2.0,7.0,0,2,2,19,1.0,
202400025329,155 737 159,A01,1.0,33.0,3,2,1,3,1.0,
202400025330,155 737 155,B01,2.0,10.0,0,2,2,21,1.0,
202400025331,155 737 154,A01,2.0,7.0,0,2,6,11,2.0,
202400025332,155 737 152,A01,2.0,10.0,0,2,7,12,1.0,
202400025333,155 737 148,A01,2.0,17.0,0,2,2,12,1.0,
202400025334,155 737 144,A01,2.0,1.0,0,2,1,1,5.0,
202400025335,155 737 145,B01,1.0,7.0,0,2,1,1,1.0,
202400025336,155 737 141,A01,2.0,1.0,0,2,1,2,5.0,
202400025337,155 737 139,C01,1.0,7.0,0,2,5,1,1.0,
202400025338,155 737 137,A01,2.0,1.0,0,2,2,1,5.0,
202400025339,155 737 135,B01,1.0,7.0,0,2,4,11,1.0,
202400025340,155 737 133,A01,1.0,7.0,0,2,1,16,1.0,
202400025341,155 737 131,A01,2.0,31.0,0,2,1,3,1.0,
202400025342,155 737 129,B01,1.0,32.0,0,2,8,1,1.0,
202400025343,155 737 126,A01,1.0,10.0,0,2,1,2,1.0,
202400025344,155 737 124,B01,1.0,7.0,0,2,1,1,2.0,
202400025345,155 737 122,A01,1.0,31.0,0,2,8,3,1.0,
202400025346,155 737 121,A01,3.0,7.0,4,0,1,9,1.0,
202400025347,155 737 119,A01,3.0,7.0,0,1,1,15,2.0,
202400025348,155 737 118,A01,2.0,33.0,0,2,1,3,1.0,
202400025349,155 737 116,A01,1.0,7.0,0,1,1,1,1.0,
202400025350,155 737 115,B01,1.0,33.0,0,2,2,1,1.0,
202400025351,155 737 112,B01,2.0,50.0,0,2,4,1,3.0,
202400025352,155 737 111,B01,2.0,7.0,0,2,0,1,1.0,
202400025353,155 737 110,A01,2.0,10.0,0,1,1,19,3.0,
202400025354,155 737 107,A01,1.0,7.0,0,2,1,2,1.0,
202400025355,155 737 104,A01,2.0,7.0,1,2,2,19,1.0,
202400025356,155 737 102,B01,1.0,1.0,0,2,1,1,5.0,
202400025357,155 737 100,A01,1.0,1.0,0,0,0,0,5.0,
202400025358,155 737 099,A01,2.0,1.0,0,1,1,1,5.0,
202400025359,155 737 097,A01,2.0,43.0,4,0,1,1,1.0,
202400025360,155 737 096,A01,1.0,7.0,0,2,0,1,1.0,
202400025361,155 737 095,A01,3.0,80.0,14,1,1,1,3.0,
202400025362,155 737 094,A01,1.0,2.0,0,0,8,0,1.0,
202400025363,155 737 093,A01,1.0,7.0,0,1,2,15,1.0,
202400025364,155 737 091,B01,1.0,60.0,0,2,7,1,5.0,
202400025365,155 737 090,A01,3.0,34.0,1,0,2,26,1.0,
202400025366,155 737 089,A01,1.0,41.0,0,0,0,0,1.0,
202400025367,155 737 087,A01,0.0,37.0,1,0,0,0,1.0,5
202400025368,155 737 086,B01,2.0,50.0,0,2,0,1,3.0,
202400025369,155 737 083,A01,1.0,7.0,0,2,3,5,1.0,
202400025370,155 737 082,A01,2.0,1.0,0,2,0,1,5.0,
202400025371,155 737 079,A01,1.0,30.0,0,2,8,15,1.0,
202400025372,155 737 078,B01,2.0,2.0,0,2,0,0,1.0,
202400025373,155 737 077,A01,3.0,7.0,0,1,8,0,1.0,
202400025374,155 737 074,A01,1.0,7.0,0,2,3,15,1.0,
202400025375,155 737 073,B01,3.0,7.0,0,2,2,1,1.0,
202400025376,155 737 070,Z01,0.0,7.0,0,2,1,0,0.0,
202400025377,155 737 069,A01,1.0,14.0,0,2,7,17,1.0,
202400025378,155 737 066,A01,3.0,7.0,0,2,4,1,1.0,
202400025379,155 737 067,A01,1.0,34.0,1,1,9,1,1.0,
202400025380,155 737 065,A01,1.0,7.0,0,1,1,0,1.0,
202400025381,155 737 064,A01,2.0,10.0,0,1,1,1,1.0,
202400025382,155 737 063,A01,0.0,7.0,0,1,2,1,1.0,
202400025383,155 737 062,A01,0.0,7.0,0,1,1,19,1.0,
202400025384,155 737 061,A01,1.0,7.0,0,1,3,2,1.0,
202400025385,155 737 059,A01,0.0,7.0,0,1,1,1,2.0,
202400025386,155 737 058,B01,1.0,33.0,0,2,1,1,1.0,
202400025387,155 737 055,B01,1.0,1.0,0,2,8,2,5.0,
202400025388,155 737 054,B01,2.0,1.0,0,2,2,15,5.0,
202400025389,155 737 052,A01,1.0,99.0,0,0,0,2,3.0,
202400025390,155 737 051,A01,1.0,7.0,0,2,1,1,1.0,
202400025391,155 737 050,A01,1.0,7.0,3,0,1,2,1.0,
202400025392,155 737 049,A01,2.0,33.0,15,0,1,1,1.0,
202400025393,155 737 046,A01,1.0,7.0,0,2,3,15,1.0,
202400025394,155 737 045,B01,1.0,10.0,0,2,4,2,1.0,
202400025395,155 737 044,A01,1.0,32.0,0,1,1,1,1.0,
202400025396,155 737 043,A01,1.0,7.0,0,1,1,1,1.0,
202400025397,155 737 041,A01,1.0,7.0,0,2,2,15,1.0,
202400025398,155 737 038,A01,1.0,15.0,0,2,2,2,1.0,
202400025399,155 737 037,A01,3.0,7.0,0,9,3,2,1.0,
202400025400,155 737 036,A01,2.0,10.0,0,1,1,2,1.0,
202400025401,155 737 035,A01,3.0,10.0,0,1,4,4,1.0,
202400025402,155 737 032,A01,2.0,7.0,0,2,3,5,1.0,
202400025403,155 737 033,B01,2.0,7.0,0,1,1,15,1.0,
202400025404,155 737 028,A01,1.0,2.0,0,2,1,5,1.0,
202400025405,155 737 027,A01,1.0,7.0,0,2,1,1,1.0,
202400025406,155 737 025,A01,2.0,37.0,0,9,1,1,1.0,3
202400025407,155 737 024,A01,2.0,7.0,13,0,6,1,1.0,
202400025408,155 737 023,B01,3.0,7.0,0,2,2,1,1.0,
202400025409,155 737 021,A01,2.0,7.0,8,0,8,26,1.0,
202400025410,155 737 020,A01,2.0,34.0,0,2,1,2,1.0,
202400025411,155 737 018,A01,1.0,7.0,0,1,1,1,1.0,
202400025412,155 737 017,B01,1.0,17.0,0,2,8,1,1.0,