Num_Acc,id_vehicule,num_veh,senc,catv,obs,obsm,choc,manv,motor,occutc
202400025413,155 737 015,A01,1.0,10.0,0,2,1,13,1.0,
202400025414,155 737 013,A01,3.0,7.0,0,2,1,15,1.0,
202400025415,155 737 011,A01,2.0,17.0,0,2,6,13,1.0,
202400025416,155 737 008,A01,2.0,2.0,0,0,0,1,1.0,
202400025417,155 737 007,A01,2.0,7.0,0,2,4,1,1.0,
202400025418,155 737 006,A01,1.0,7.0,1,0,2,14,6.0,
202400025419,155 737 004,A01,3.0,7.0,0,2,2,16,1.0,
202400025420,155 737 002,A01,1.0,7.0,13,0,2,1,1.0,
202400025421,155 737 001,A01,2.0,7.0,0,2,2,1,1.0,
202400025422,155 736 998,A01,2.0,7.0,0,2,1,1,1.0,
202400025423,155 736 997,A01,3.0,7.0,0,2,1,2,1.0,
202400025424,155 736 995,B01,2.0,7.0,0,2,3,13,1.0,
202400025425,155 736 994,A01,0.0,7.0,0,1,2,1,1.0,
202400025426,155 736 993,A01,1.0,7.0,8,0,1,1,1.0,
202400025427,155 736 991,A01,1.0,7.0,0,1,1,1,1.0,
202400025428,155 736 990,A01,1.0,7.0,0,2,1,1,1.0,
202400025429,155 736 987,A01,1.0,7.0,0,2,1,13,1.0,
202400025430,155 736 986,B01,3.0,50.0,0,2,2,1,3.0,
202400025431,155 736 985,A01,2.0,7.0,13,0,0,1,1.0,
202400025432,155 736 983,A01,1.0,7.0,0,2,3,2,1.0,
202400025433,155 736 982,A01,2.0,7.0,0,1,3,21,1.0,
202400025434,155 736 980,A01,2.0,7.0,0,2,3,0,1.0,
202400025435,155 736 979,A01,2.0,7.0,6,0,3,1,1.0,
202400025436,155 736 977,A01,1.0,32.0,0,2,1,9,0.0,
202400025437,155 736 973,A01,1.0,33.0,4,2,1,1,1.0,
202400025438,155 736 972,A01,1.0,7.0,0,2,8,16,1.0,
202400025439,155 736 971,A01,3.0,7.0,0,2,7,26,1.0,
202400025440,155 736 969,A01,1.0,7.0,0,2,1,13,1.0,
202400025441,155 736 968,A01,3.0,10.0,8,0,2,26,0.0,
202400025442,155 736 966,B01,1.0,7.0,0,2,1,1,1.0,
202400025443,155 736 965,A01,1.0,7.0,0,1,1,1,1.0,
202400025444,155 736 962,Z01,1.0,15.0,0,2,0,0,0.0,
202400025445,155 736 961,A01,1.0,7.0,0,2,3,2,1.0,
202400025446,155 736 960,A01,1.0,34.0,0,1,1,1,0.0,
202400025447,155 736 958,A01,1.0,7.0,0,2,1,13,1.0,
202400025448,155 736 956,B01,1.0,33.0,8,2,1,1,1.0,
202400025449,155 736 954,A01,1.0,7.0,0,2,1,13,1.0,
202400025450,155 736 952,A01,3.0,1.0,0,2,1,13,5.0,
202400025451,155 736 950,A01,2.0,7.0,0,2,5,1,1.0,
202400025452,155 736 948,A01,2.0,7.0,0,0,2,14,1.0,
202400025453,155 736 947,A01,1.0,32.0,0,2,0,0,1.0,
202400025454,155 736 945,A01,1.0,7.0,0,2,1,1,1.0,
202400025455,155 736 944,A01,3.0,7.0,0,1,1,16,2.0,
202400025456,155 736 943,A01,2.0,7.0,2,0,9,1,1.0,
202400025457,155 736 939,A01,0.0,7.0,0,2,1,1,1.0,
202400025458,155 736 940,A01,0.0,7.0,0,2,0,9,1.0,
202400025459,155 736 938,A01,1.0,7.0,0,1,3,1,1.0,
202400025460,155 736 934,B01,3.0,7.0,0,2,1,1,1.0,
202400025461,155 736 933,A01,0.0,30.0,0,2,7,1,1.0,
202400025462,155 736 930,B01,1.0,7.0,0,0,8,1,1.0,
202400025463,155 736 929,B01,3.0,7.0,0,2,4,1,1.0,
202400025464,155 736 928,A01,1.0,7.0,0,0,9,15,1.0,
202400025465,155 736 926,B01,1.0,7.0,0,2,2,17,1.0,
202400025466,155 736 925,A01,3.0,2.0,14,0,0,1,1.0,
202400025467,155 736 923,A01,1.0,7.0,2,0,7,1,1.0,
202400025468,155 736 924,A01,1.0,7.0,0,1,1,15,1.0,
202400025469,155 736 921,A01,2.0,7.0,0,1,2,1,1.0,
202400025470,155 736 920,A01,1.0,7.0,0,0,3,0,1.0,
202400025471,155 736 918,A01,1.0,7.0,2,0,8,1,1.0,
202400025472,155 736 917,B01,1.0,33.0,12,2,1,1,1.0,
202400025473,155 736 914,A01,1.0,7.0,0,9,3,9,1.0,
202400025474,155 736 913,A01,1.0,7.0,0,2,1,2,1.0,
202400025475,155 736 909,B01,3.0,7.0,0,2,7,1,1.0,
202400025476,155 736 910,A01,1.0,7.0,0,2,3,13,1.0,
202400025477,155 736 907,A01,0.0,7.0,0,2,7,1,1.0,
202400025478,155 736 906,A01,1.0,7.0,8,0,2,1,1.0,
202400025479,155 736 904,A01,0.0,10.0,0,2,3,9,1.0,
202400025480,155 736 902,A01,2.0,7.0,0,2,3,13,1.0,
202400025481,155 736 901,A01,3.0,7.0,8,0,1,1,1.0,
202400025482,155 736 900,A01,1.0,7.0,0,1,2,1,1.0,
202400025483,155 736 899,A01,1.0,2.0,0,0,0,26,1.0,
202400025484,155 736 896,A01,1.0,7.0,0,2,3,11,1.0,
202400025485,155 736 894,B01,1.0,7.0,0,2,4,2,1.0,
202400025486,155 736 893,A01,1.0,50.0,0,0,1,2,3.0,
202400025487,155 736 887,A01,2.0,32.0,0,2,1,2,1.0,
202400025488,155 736 886,B01,1.0,14.0,0,2,1,1,1.0,
202400025489,155 736 883,A01,1.0,7.0,0,2,3,15,1.0,
202400025490,155 736 882,B01,3.0,30.0,0,2,5,1,1.0,
202400025491,155 736 877,B01,2.0,7.0,0,2,1,12,1.0,
202400025492,155 736 878,A01,1.0,7.0,0,2,2,1,1.0,
202400025493,155 736 875,A01,3.0,2.0,0,2,3,5,0.0,
202400025494,155 736 874,A01,3.0,31.0,0,2,0,1,1.0,
202400025495,155 736 872,A01,2.0,7.0,3,0,6,0,1.0,
202400025496,155 736 871,A01,3.0,37.0,0,1,5,9,0.0,1
202400025497,155 736 870,A01,2.0,10.0,0,1,2,1,1.0,
202400025498,155 736 869,A01,1.0,50.0,9,1,1,25,3.0,
202400025499,155 736 866,A01,2.0,7.0,0,2,1,5,1.0,
202400025500,155 736 864,A01,2.0,7.0,0,2,3,23,1.0,
202400025501,155 736 862,A01,2.0,7.0,2,2,2,17,1.0,
202400025502,155 736 861,A01,1.0,7.0,0,1,3,15,1.0,
202400025503,155 736 860,A01,2.0,2.0,0,0,0,0,1.0,
202400025504,155 736 858,A01,2.0,7.0,0,1,1,1,1.0,
202400025505,155 736 857,B01,3.0,7.0,0,9,6,15,0.0,
202400025506,155 736 852,A01,3.0,7.0,2,9,1,1,0.0,
202400025507,155 736 851,A01,2.0,7.0,0,2,1,13,1.0,
202400025508,155 736 850,A01,1.0,43.0,0,2,3,2,1.0,
202400025509,155 736 849,A01,3.0,2.0,5,0,1,1,1.0,
202400025510,155 736 846,A01,1.0,7.0,13,2,1,2,1.0,
202400025511,155 736 845,A01,2.0,7.0,13,0,2,1,1.0,
202400025512,155 736 843,A01,2.0,33.0,0,2,2,3,1.0,
202400025513,155 736 840,A01,1.0,7.0,0,2,1,2,1.0,
202400025514,155 736 838,C01,1.0,7.0,0,2,1,1,1.0,
202400025515,155 736 836,A01,1.0,7.0,3,0,1,13,2.0,
202400025516,155 736 834,A01,1.0,7.0,0,5,1,1,1.0,
202400025517,155 736 835,B01,1.0,7.0,0,2,4,1,2.0,
202400025518,155 736 831,B01,2.0,7.0,0,2,1,1,1.0,
202400025519,155 736 830,A01,1.0,7.0,2,2,8,26,1.0,
202400025520,155 736 826,A01,1.0,33.0,0,2,2,1,1.0,
202400025521,155 736 827,A01,1.0,34.0,0,2,1,3,1.0,
202400025522,155 736 824,A01,2.0,7.0,0,2,2,17,1.0,
202400025523,155 736 821,A01,1.0,7.0,4,0,3,13,1.0,
202400025524,155 736 818,A01,2.0,2.0,0,2,1,1,1.0,
202400025525,155 736 816,A01,1.0,7.0,0,2,5,16,1.0,
202400025526,155 736 814,A01,0.0,7.0,6,0,2,0,1.0,
202400025527,155 736 815,A01,2.0,10.0,0,2,5,26,1.0,
202400025528,155 736 811,A01,0.0,7.0,0,2,1,13,1.0,
202400025529,155 736 810,B01,2.0,1.0,0,2,4,2,5.0,
202400025530,155 736 807,A01,2.0,10.0,0,2,2,2,1.0,
202400025531,155 736 806,A01,2.0,3.0,6,0,3,15,1.0,
202400025532,155 736 805,A01,2.0,7.0,8,1,2,15,1.0,
202400025533,155 736 804,A01,2.0,33.0,0,2,0,1,1.0,
202400025534,155 736 797,B01,1.0,7.0,0,0,0,0,1.0,
202400025535,155 736 796,B01,1.0,2.0,0,2,1,1,1.0,
202400025536,155 736 795,A01,1.0,33.0,0,2,1,3,1.0,
202400025537,155 736 792,B01,3.0,10.0,0,2,2,1,1.0,
202400025538,155 736 791,A01,1.0,2.0,0,2,1,1,1.0,
202400025539,155 736 786,B01,3.0,33.0,0,2,0,1,1.0,
202400025540,155 736 785,A01,1.0,7.0,0,2,6,16,1.0,
202400025541,155 736 784,A01,1.0,7.0,0,2,1,1,3.0,
202400025542,155 736 783,A01,2.0,7.0,15,0,1,16,1.0,
202400025543,155 736 780,A01,1.0,7.0,0,2,2,14,1.0,
202400025544,155 736 777,A01,3.0,7.0,0,2,1,0,1.0,
202400025545,155 736 779,A01,1.0,7.0,0,2,7,12,1.0,
202400025546,155 736 773,A01,1.0,7.0,3,2,1,26,1.0,
202400025547,155 736 772,A01,1.0,33.0,0,2,1,2,1.0,
202400025548,155 736 767,A01,3.0,7.0,0,2,1,10,1.0,
202400025549,155 736 766,A01,1.0,7.0,0,2,1,2,0.0,
202400025550,155 736 770,A01,1.0,32.0,0,2,0,13,1.0,
202400025551,155 736 765,A01,3.0,7.0,0,1,4,0,1.0,
202400025552,155 736 763,A01,1.0,7.0,0,2,1,2,1.0,
202400025553,155 736 759,A01,1.0,7.0,16,0,7,26,1.0,
202400025554,155 736 760,A01,2.0,7.0,0,2,4,12,1.0,
202400025555,155 736 758,B01,1.0,10.0,0,2,1,1,1.0,
202400025556,155 736 755,A01,3.0,32.0,8,0,1,1,1.0,
202400025557,155 736 752,D01,1.0,7.0,0,2,4,1,1.0,
202400025558,155 736 748,A01,1.0,7.0,0,0,1,26,1.0,
202400025559,155 736 749,A01,3.0,7.0,0,0,3,13,1.0,
202400025560,155 736 746,B01,1.0,7.0,0,2,9,2,2.0,
202400025561,155 736 744,A01,1.0,7.0,2,0,1,13,1.0,
202400025562,155 736 742,A01,1.0,7.0,0,2,3,11,1.0,
202400025563,155 736 741,A01,3.0,50.0,0,0,0,1,3.0,
202400025564,155 736 738,B01,2.0,7.0,0,2,7,12,1.0,
202400025565,155 736 737,A01,1.0,33.0,0,1,3,1,1.0,
202400025566,155 736 739,A01,2.0,7.0,3,0,2,21,1.0,
202400025567,155 736 733,B01,1.0,7.0,0,2,6,2,1.0,
202400025568,155 736 734,A01,0.0,1.0,0,0,7,1,5.0,
202400025569,155 736 732,B01,2.0,37.0,0,2,8,1,1.0,3
202400025570,155 736 731,A01,1.0,33.0,16,0,0,26,1.0,
202400025571,155 736 726,A01,2.0,7.0,0,2,3,14,1.0,
202400025572,155 736 721,A01,1.0,7.0,0,2,1,2,1.0,
202400025573,155 736 722,D01,1.0,7.0,0,2,4,2,1.0,
202400025574,155 736 719,A01,1.0,7.0,0,2,0,26,1.0,
202400025575,155 736 717,A01,1.0,7.0,15,0,1,0,1.0,
202400025576,155 736 710,A01,1.0,15.0,0,2,1,2,1.0,
202400025577,155 736 709,B01,1.0,7.0,0,2,1,2,1.0,
202400025578,155 736 708,A01,2.0,7.0,0,2,1,2,1.0,
202400025579,155 736 706,A01,2.0,7.0,0,2,7,12,1.0,
202400025580,155 736 704,A01,2.0,10.0,0,2,2,10,1.0,
202400025581,155 736 702,A01,2.0,33.0,0,2,1,3,1.0,
202400025582,155 736 700,A01,1.0,7.0,0,0,8,1,1.0,
202400025583,155 736 697,Z01,2.0,33.0,0,2,1,2,1.0,
202400025584,155 736 696,Z01,1.0,14.0,0,2,1,2,0.0,
202400025585,155 736 694,A01,2.0,7.0,0,2,1,1,1.0,
202400025586,155 736 693,A01,3.0,7.0,0,1,1,1,1.0,
202400025587,155 736 690,A01,1.0,33.0,0,2,1,12,1.0,
202400025588,155 736 688,A01,1.0,7.0,0,2,8,11,1.0,
202400025589,155 736 687,A01,2.0,10.0,0,2,3,17,1.0,
202400025590,155 736 686,A01,1.0,50.0,0,1,8,1,3.0,
202400025591,155 736 684,A01,2.0,33.0,0,2,1,1,1.0,
202400025592,155 736 683,A01,2.0,14.0,13,0,7,1,1.0,
202400025593,155 736 679,A01,1.0,7.0,0,2,8,11,1.0,
202400025594,155 736 678,B01,2.0,7.0,1,0,2,24,3.0,
202400025595,155 736 675,A01,3.0,33.0,0,2,1,13,1.0,
202400025596,155 736 671,A01,2.0,33.0,0,2,1,3,1.0,
202400025597,155 736 673,A01,1.0,15.0,0,2,5,12,1.0,
202400025598,155 736 670,A01,2.0,7.0,0,2,8,15,1.0,
202400025599,155 736 669,A01,2.0,7.0,3,0,1,1,1.0,
202400025600,155 736 668,A01,2.0,7.0,2,0,1,13,1.0,
202400025601,155 736 667,A01,1.0,7.0,0,1,1,1,1.0,
202400025602,155 736 664,A01,1.0,2.0,0,0,2,1,1.0,
202400025603,155 736 665,A01,2.0,43.0,0,1,1,17,1.0,
202400025604,155 736 662,C01,1.0,13.0,0,2,6,1,1.0,
202400025605,155 736 661,A01,3.0,7.0,10,0,1,0,1.0,
202400025606,155 736 658,A01,1.0,10.0,13,0,2,1,1.0,
202400025607,155 736 659,B01,1.0,2.0,0,2,2,19,1.0,
202400025608,155 736 655,A01,2.0,2.0,0,2,4,23,1.0,
202400025609,155 736 654,B01,2.0,14.0,0,2,6,1,0.0,
202400025610,155 736 653,A01,1.0,7.0,0,1,2,1,1.0,
202400025611,155 736 649,B01,2.0,33.0,0,2,2,3,1.0,
202400025612,155 736 648,A01,1.0,7.0,0,2,8,24,1.0,
202400025613,155 736 645,A01,2.0,10.0,0,2,1,1,1.0,
202400025614,155 736 644,A01,1.0,7.0,0,2,1,2,1.0,
202400025615,155 736 643,A01,2.0,7.0,0,2,3,15,1.0,
202400025616,155 736 640,B01,2.0,10.0,0,2,2,2,1.0,
202400025617,155 736 637,Z01,2.0,7.0,0,2,2,12,1.0,
202400025618,155 736 635,A01,2.0,7.0,6,0,1,1,0.0,
202400025619,155 736 636,A01,1.0,10.0,0,2,1,9,3.0,
202400025620,155 736 629,C01,2.0,7.0,0,2,4,2,3.0,
202400025621,155 736 627,A01,1.0,7.0,0,2,3,15,1.0,
202400025622,155 736 630,B01,2.0,7.0,0,2,4,23,1.0,
202400025623,155 736 628,A01,2.0,10.0,0,2,3,15,1.0,
202400025624,155 736 624,A01,2.0,10.0,0,0,4,23,1.0,
202400025625,155 736 622,A01,1.0,7.0,0,2,7,15,1.0,
202400025626,155 736 621,A01,1.0,7.0,0,1,2,15,1.0,
202400025627,155 736 616,C01,2.0,15.0,0,2,8,1,1.0,
202400025628,155 736 615,A01,2.0,7.0,0,1,1,1,1.0,
202400025629,155 736 618,C01,2.0,7.0,0,0,0,0,1.0,
202400025630,155 736 613,A01,1.0,50.0,0,2,2,1,3.0,
202400025631,155 736 612,A01,1.0,7.0,13,0,3,1,1.0,
202400025632,155 736 610,A01,1.0,31.0,0,2,1,1,1.0,
202400025633,155 736 608,A01,2.0,7.0,1,0,2,14,1.0,
202400025634,155 736 605,A01,0.0,7.0,0,9,0,1,1.0,
202400025635,155 736 603,A01,1.0,50.0,0,2,7,1,3.0,
202400025636,155 736 604,C01,2.0,7.0,0,2,4,1,1.0,
202400025637,155 736 601,A01,1.0,7.0,0,2,2,15,1.0,
202400025638,155 736 600,A01,2.0,33.0,4,0,8,1,1.0,
202400025639,155 736 596,A01,0.0,7.0,0,1,2,21,1.0,
202400025640,155 736 595,A01,3.0,7.0,0,2,3,1,2.0,
202400025641,155 736 592,A01,3.0,10.0,0,1,1,1,0.0,
202400025642,155 736 591,A01,2.0,2.0,0,1,1,26,,
202400025643,155 736 590,B01,1.0,7.0,0,2,4,2,1.0,
202400025644,155 736 587,A01,2.0,7.0,0,2,3,1,1.0,
202400025645,155 736 586,B01,2.0,7.0,0,2,2,16,1.0,
202400025646,155 736 584,A01,0.0,34.0,0,2,1,1,0.0,
202400025647,155 736 579,A01,1.0,7.0,0,2,0,1,1.0,
202400025648,155 736 578,A01,0.0,7.0,1,0,1,1,1.0,
202400025649,155 736 580,A01,2.0,7.0,3,0,2,2,1.0,
202400025650,155 736 577,A01,2.0,7.0,0,2,2,1,1.0,
202400025651,155 736 575,B01,2.0,7.0,0,2,1,1,1.0,
202400025652,155 736 573,A01,3.0,7.0,0,1,6,2,2.0,
202400025653,155 736 571,A01,1.0,7.0,0,2,1,26,1.0,
202400025654,155 736 569,A01,1.0,33.0,0,2,3,1,0.0,
202400025655,155 736 568,B01,1.0,7.0,0,2,4,26,1.0,
202400025656,155 736 566,A01,3.0,7.0,0,1,3,1,1.0,
202400025657,155 736 565,A01,3.0,30.0,12,2,3,26,1.0,
202400025658,155 736 561,B01,1.0,33.0,0,2,8,1,0.0,
202400025659,155 736 559,B01,2.0,34.0,0,2,7,23,1.0,
202400025660,155 736 556,A01,2.0,30.0,0,2,2,17,1.0,
202400025661,155 736 551,A01,3.0,33.0,13,0,7,17,1.0,
202400025662,155 736 550,B01,1.0,33.0,0,2,2,3,1.0,
202400025663,155 736 549,A01,2.0,7.0,0,2,3,14,0.0,
202400025664,155 736 541,A01,1.0,10.0,0,2,7,11,1.0,
202400025665,155 736 543,A01,1.0,7.0,0,2,1,2,1.0,
202400025666,155 736 540,B01,1.0,34.0,0,2,1,1,1.0,
202400025667,155 736 537,A01,2.0,33.0,0,2,1,3,1.0,
202400025668,155 736 536,A01,1.0,10.0,0,2,1,2,1.0,
202400025669,155 736 534,A01,1.0,7.0,0,2,3,19,1.0,
202400025670,155 736 532,B01,1.0,7.0,0,2,2,1,1.0,
202400025671,155 736 527,A01,2.0,7.0,0,2,2,0,1.0,
202400025672,155 736 528,A01,1.0,10.0,0,2,8,11,1.0,
202400025673,155 736 526,A01,1.0,7.0,0,2,1,15,1.0,
202400025674,155 736 521,B01,1.0,7.0,1,2,3,1,1.0,
202400025675,155 736 519,A01,1.0,33.0,0,0,4,9,1.0,
202400025676,155 736 517,A01,2.0,7.0,0,2,1,2,1.0,
202400025677,155 736 514,B01,1.0,34.0,0,2,1,1,0.0,
202400025678,155 736 511,B01,1.0,7.0,0,2,5,1,1.0,
202400025679,155 736 510,A01,2.0,7.0,0,2,4,1,1.0,
202400025680,155 736 507,A01,2.0,7.0,0,2,2,15,1.0,
202400025681,155 736 505,A01,2.0,7.0,0,2,1,2,1.0,
202400025682,155 736 501,A01,2.0,7.0,0,2,3,11,1.0,
202400025683,155 736 500,B01,0.0,43.0,0,2,1,1,1.0,
202400025684,155 736 499,B01,1.0,7.0,0,2,4,2,1.0,
202400025685,155 736 496,A01,1.0,7.0,0,2,6,1,1.0,
202400025686,155 736 495,A01,1.0,7.0,0,2,3,15,1.0,
202400025687,155 736 491,A01,1.0,7.0,0,2,5,12,1.0,
202400025688,155 736 488,B01,2.0,33.0,0,2,0,11,1.0,
202400025689,155 736 489,B01,1.0,1.0,0,2,6,15,5.0,
202400025690,155 736 485,B01,2.0,33.0,0,2,8,1,1.0,
202400025691,155 736 486,A01,1.0,7.0,0,1,5,2,1.0,
202400025692,155 736 484,A01,1.0,7.0,0,1,0,16,1.0,
202400025693,155 736 482,B01,1.0,14.0,0,2,4,2,1.0,
202400025694,155 736 480,B01,0.0,7.0,0,2,3,15,3.0,
202400025695,155 736 479,A01,0.0,7.0,0,1,2,16,1.0,
202400025696,155 736 476,B01,1.0,7.0,0,2,5,15,1.0,
202400025697,155 736 474,A01,1.0,7.0,0,2,1,15,1.0,
202400025698,155 736 472,A01,1.0,7.0,0,1,1,15,1.0,
202400025699,155 736 470,A01,3.0,50.0,0,1,4,0,3.0,
202400025700,155 736 471,A01,1.0,50.0,0,2,8,2,3.0,
202400025701,155 736 468,A01,3.0,7.0,0,2,6,14,1.0,
202400025702,155 736 465,A01,1.0,33.0,0,0,0,17,1.0,
202400025703,155 736 464,B01,1.0,10.0,0,2,5,16,1.0,
202400025704,155 736 462,A01,2.0,33.0,0,0,8,1,1.0,
202400025705,155 736 460,A01,3.0,1.0,0,2,1,1,5.0,
202400025706,155 736 459,A01,2.0,7.0,0,2,1,2,1.0,
202400025707,155 736 458,A01,1.0,33.0,0,6,1,21,1.0,
202400025708,155 736 457,A01,1.0,7.0,0,1,1,16,1.0,
202400025709,155 736 456,A01,1.0,33.0,0,5,1,1,1.0,
202400025710,155 736 455,A01,1.0,10.0,3,0,1,26,1.0,
202400025711,155 736 453,A01,3.0,7.0,0,2,1,1,1.0,
202400025712,155 736 450,A01,2.0,7.0,0,1,3,16,1.0,
202400025713,155 736 451,B01,2.0,33.0,0,2,1,26,1.0,
202400025714,155 736 446,A01,2.0,7.0,17,0,3,13,1.0,
202400025715,155 736 448,B01,1.0,50.0,0,2,0,0,3.0,
202400025716,155 736 445,A01,1.0,7.0,8,2,3,1,2.0,
202400025717,155 736 442,A01,3.0,7.0,0,2,3,1,1.0,
202400025718,155 736 443,A01,2.0,7.0,0,2,1,1,1.0,
202400025719,155 736 439,A01,3.0,7.0,0,2,6,2,1.0,
202400025720,155 736 438,A01,1.0,7.0,1,0,1,0,1.0,
202400025721,155 736 435,B01,3.0,50.0,0,2,1,26,3.0,
202400025722,155 736 433,A01,1.0,7.0,0,1,2,1,2.0,
202400025723,155 736 430,A01,2.0,10.0,0,2,1,1,1.0,
202400025724,155 736 431,A01,1.0,33.0,0,2,1,1,1.0,
202400025725,155 736 428,A01,1.0,14.0,0,9,4,23,1.0,
202400025726,155 736 425,A01,2.0,7.0,0,1,3,2,2.0,
202400025727,155 736 424,A01,1.0,1.0,0,0,0,1,5.0,
202400025728,155 736 423,A01,1.0,7.0,0,2,3,16,1.0,
202400025729,155 736 421,B01,1.0,7.0,0,2,8,1,2.0,
202400025730,155 736 418,A01,1.0,7.0,0,0,4,24,1.0,
202400025731,155 736 417,A01,1.0,50.0,0,2,1,19,3.0,
202400025732,155 736 414,B01,2.0,1.0,0,0,4,1,5.0,
202400025733,155 736 413,B01,1.0,1.0,0,2,1,15,5.0,
202400025734,155 736 411,Z01,1.0,0.0,0,2,0,0,0.0,
202400025735,155 736 409,A01,1.0,2.0,0,2,1,17,1.0,
202400025736,155 736 406,A01,1.0,7.0,0,2,1,13,1.0,
202400025737,155 736 404,B01,3.0,50.0,0,2,1,1,3.0,
202400025738,155 736 403,A01,2.0,36.0,1,0,1,15,1.0,
202400025739,155 736 402,B01,2.0,7.0,0,2,1,9,1.0,
202400025740,155 736 400,A01,1.0,33.0,11,0,1,1,1.0,
202400025741,155 736 399,A01,3.0,10.0,0,2,2,1,1.0,
202400025742,155 736 398,A01,1.0,60.0,0,0,0,0,5.0,
202400025743,155 736 396,A01,1.0,14.0,0,0,7,1,1.0,
202400025744,155 736 394,A01,3.0,7.0,0,2,3,9,1.0,
202400025745,155 736 395,A01,1.0,7.0,8,0,9,11,1.0,
202400025746,155 736 392,B01,3.0,1.0,0,2,0,26,5.0,
202400025747,155 736 391,A01,1.0,7.0,0,1,2,1,1.0,
202400025748,155 736 386,A01,0.0,7.0,0,2,0,0,1.0,
202400025749,155 736 384,A01,2.0,1.0,0,0,0,0,5.0,
202400025750,155 736 385,A01,1.0,7.0,0,9,2,17,1.0,
202400025751,155 736 381,B01,1.0,31.0,0,2,1,1,1.0,
202400025752,155 736 378,B01,2.0,99.0,0,2,3,1,1.0,
202400025753,155 736 377,A01,3.0,7.0,0,2,4,23,,
202400025754,155 736 376,A01,0.0,2.0,0,0,0,1,1.0,
202400025755,155 736 375,A01,2.0,7.0,17,0,1,1,0.0,
202400025756,155 736 372,A01,1.0,7.0,2,0,0,1,1.0,
202400025757,155 736 370,B01,2.0,10.0,0,2,4,23,1.0,
202400025758,155 736 371,B01,2.0,30.0,0,2,8,1,1.0,
202400025759,155 736 369,A01,1.0,43.0,0,9,2,1,1.0,
202400025760,155 736 368,A01,3.0,10.0,0,1,5,4,1.0,
202400025761,155 736 366,B01,2.0,7.0,0,2,3,1,1.0,
202400025762,155 736 364,A01,2.0,21.0,12,0,0,15,1.0,
202400025763,155 736 362,B01,1.0,7.0,0,2,1,15,1.0,
202400025764,155 736 357,B01,3.0,2.0,0,2,8,1,1.0,
202400025765,155 736 358,A01,1.0,33.0,0,2,1,1,1.0,
202400025766,155 736 356,A01,1.0,7.0,0,2,5,1,1.0,
202400025767,155 736 354,A01,3.0,7.0,0,1,7,1,1.0,
202400025768,155 736 352,B01,2.0,10.0,0,0,0,9,,
202400025769,155 736 350,A01,2.0,31.0,0,0,7,1,1.0,
202400025770,155 736 351,A01,1.0,7.0,0,1,2,15,1.0,
202400025771,155 736 346,A01,3.0,30.0,0,2,3,1,1.0,
202400025772,155 736 345,B01,1.0,2.0,0,2,4,26,1.0,
202400025773,155 736 344,B01,1.0,7.0,0,2,1,1,2.0,
202400025774,155 736 343,A01,0.0,7.0,0,1,1,1,2.0,
202400025775,155 736 342,A01,1.0,33.0,0,0,7,1,1.0,
202400025776,155 736 339,A01,2.0,1.0,0,0,0,1,5.0,
202400025777,155 736 340,A01,3.0,7.0,0,1,1,1,1.0,
202400025778,155 736 338,A01,0.0,30.0,0,2,1,1,1.0,
202400025779,155 736 337,A01,1.0,7.0,2,0,3,1,2.0,
202400025780,155 736 331,B01,2.0,1.0,0,2,8,19,5.0,
202400025781,155 736 330,A01,2.0,50.0,0,2,1,1,3.0,
202400025782,155 736 332,B01,2.0,21.0,0,2,7,0,0.0,
202400025783,155 736 328,A01,2.0,10.0,1,0,2,1,1.0,
202400025784,155 736 327,A01,2.0,7.0,0,2,3,16,1.0,
202400025785,155 736 326,A01,3.0,50.0,0,0,0,0,3.0,
202400025786,155 736 323,A01,1.0,7.0,2,0,1,21,1.0,
202400025787,155 736 322,B01,0.0,50.0,0,2,8,19,3.0,
202400025788,155 736 320,B01,1.0,7.0,0,0,4,1,1.0,
202400025789,155 736 319,A01,0.0,37.0,0,1,2,21,1.0,1
202400025790,155 736 315,A01,3.0,7.0,0,2,3,1,1.0,
202400025791,155 736 311,C01,1.0,7.0,0,2,4,12,1.0,
202400025792,155 736 310,A01,1.0,7.0,2,0,1,1,1.0,
202400025793,155 736 308,A01,2.0,7.0,0,2,3,1,1.0,
202400025794,155 736 305,A01,2.0,7.0,0,2,3,1,1.0,
202400025795,155 736 303,B01,3.0,1.0,0,2,1,1,5.0,
202400025796,155 736 301,A01,1.0,7.0,6,0,2,0,1.0,
202400025797,155 736 300,A01,3.0,40.0,0,1,2,1,0.0,
202400025798,155 736 302,A01,1.0,7.0,0,1,1,1,1.0,
202400025799,155 736 298,A01,2.0,7.0,0,9,7,17,1.0,
202400025800,155 736 297,A01,3.0,7.0,0,1,1,15,1.0,
202400025801,155 736 295,A01,2.0,7.0,13,0,0,0,1.0,
202400025802,155 736 292,A01,1.0,7.0,0,9,3,1,1.0,
202400025803,155 736 293,A01,1.0,7.0,0,2,2,1,1.0,
202400025804,155 736 290,A01,0.0,7.0,0,0,2,9,1.0,
202400025805,155 736 289,A01,3.0,7.0,1,0,0,1,1.0,
202400025806,155 736 288,A01,2.0,33.0,2,0,1,1,1.0,
202400025807,155 736 285,A01,1.0,7.0,0,2,1,14,1.0,
202400025808,155 736 284,A01,1.0,7.0,0,1,4,4,0.0,
202400025809,155 736 282,C01,1.0,7.0,0,2,3,1,1.0,
202400025810,155 736 279,A01,2.0,7.0,0,2,7,1,0.0,