Num_Acc,id_vehicule,num_veh,senc,catv,obs,obsm,choc,manv,motor,occutc
202400025811,155 736 278,A01,1.0,7.0,0,2,3,9,1.0,
202400025812,155 736 275,A01,1.0,33.0,2,0,1,1,1.0,
202400025813,155 736 273,B01,2.0,10.0,0,2,2,15,1.0,
202400025814,155 736 274,B01,3.0,50.0,0,2,1,25,3.0,
202400025815,155 736 272,A01,1.0,7.0,2,0,2,13,1.0,
202400025816,155 736 270,B01,3.0,14.0,0,2,8,15,1.0,
202400025817,155 736 266,A01,3.0,2.0,0,2,1,1,1.0,
202400025818,155 736 267,A01,1.0,7.0,0,2,2,15,1.0,
202400025819,155 736 264,A01,1.0,7.0,3,0,3,13,2.0,
202400025820,155 736 260,B01,2.0,7.0,0,2,4,2,1.0,
202400025821,155 736 259,A01,3.0,7.0,2,0,1,13,1.0,
202400025822,155 736 258,B01,1.0,7.0,0,2,7,16,1.0,
202400025823,155 736 257,A01,1.0,7.0,15,0,1,1,1.0,
202400025824,155 736 255,A01,3.0,7.0,0,1,2,1,1.0,
202400025825,155 736 254,A01,2.0,38.0,0,1,1,1,1.0,1
202400025826,155 736 253,A01,2.0,7.0,0,1,1,23,3.0,
202400025827,155 736 252,A01,3.0,30.0,0,0,0,14,1.0,
202400025828,155 736 248,B01,2.0,33.0,0,2,7,1,1.0,
202400025829,155 736 247,C01,1.0,15.0,0,2,0,0,1.0,
202400025830,155 736 246,A01,1.0,37.0,0,1,1,1,1.0,1
202400025831,155 736 244,B01,1.0,1.0,0,2,7,16,5.0,
202400025832,155 736 242,A01,2.0,7.0,5,2,1,13,3.0,
202400025833,155 736 241,A01,3.0,7.0,7,0,1,1,1.0,
202400025834,155 736 237,A01,2.0,7.0,0,2,1,2,1.0,
202400025835,155 736 239,A01,2.0,7.0,0,2,0,15,1.0,
202400025836,155 736 236,A01,3.0,7.0,0,1,8,1,1.0,
202400025837,155 736 235,A01,1.0,7.0,2,0,1,0,1.0,
202400025838,155 736 233,A01,1.0,10.0,0,1,1,1,1.0,
202400025839,155 736 230,A01,1.0,7.0,13,0,6,13,1.0,
202400025840,155 736 229,Z01,1.0,33.0,14,2,0,3,0.0,
202400025841,155 736 228,A01,1.0,7.0,0,9,0,0,1.0,
202400025842,155 736 226,A01,1.0,33.0,0,2,1,1,1.0,
202400025843,155 736 224,A01,0.0,33.0,0,2,1,13,1.0,
202400025844,155 736 223,A01,3.0,7.0,0,0,3,0,1.0,
202400025845,155 736 221,A01,2.0,7.0,8,0,2,0,1.0,
202400025846,155 736 219,A01,1.0,7.0,0,2,1,15,1.0,
202400025847,155 736 217,A01,0.0,7.0,0,0,1,1,1.0,
202400025848,155 736 216,B01,1.0,7.0,0,2,2,15,1.0,
202400025849,155 736 215,A01,0.0,33.0,1,1,1,1,1.0,
202400025850,155 736 212,A01,3.0,1.0,0,2,3,1,5.0,
202400025851,155 736 211,B01,3.0,7.0,0,2,4,1,1.0,
202400025852,155 736 209,A01,3.0,7.0,0,2,6,9,1.0,
202400025853,155 736 207,B01,2.0,7.0,0,2,5,15,1.0,
202400025854,155 736 206,A01,1.0,7.0,4,0,2,1,1.0,
202400025855,155 736 205,A01,0.0,7.0,0,1,1,16,1.0,
202400025856,155 736 204,A01,1.0,33.0,2,0,1,2,1.0,
202400025857,155 736 203,A01,1.0,7.0,14,0,1,1,1.0,
202400025858,155 736 200,A01,1.0,7.0,0,9,3,15,1.0,
202400025859,155 736 196,C01,1.0,7.0,0,2,4,2,1.0,
202400025860,155 736 197,A01,1.0,7.0,0,2,1,1,1.0,
202400025861,155 736 194,A01,3.0,33.0,0,2,1,1,1.0,
202400025862,155 736 193,A01,2.0,1.0,15,0,1,1,5.0,
202400025863,155 736 192,A01,1.0,33.0,0,0,7,15,1.0,
202400025864,155 736 189,A01,2.0,7.0,0,2,1,1,1.0,
202400025865,155 736 187,A01,2.0,33.0,0,0,8,2,1.0,
202400025866,155 736 188,A01,2.0,33.0,0,2,1,2,1.0,
202400025867,155 736 186,A01,1.0,7.0,0,1,3,7,1.0,
202400025868,155 736 185,A01,3.0,7.0,15,0,1,21,1.0,
202400025869,155 736 181,A01,3.0,1.0,0,2,1,1,5.0,
202400025870,155 736 180,A01,2.0,10.0,0,2,6,14,1.0,
202400025871,155 736 179,A01,1.0,7.0,0,2,0,9,1.0,
202400025872,155 736 178,A01,1.0,33.0,15,0,1,1,1.0,
202400025873,155 736 177,A01,1.0,10.0,0,1,3,1,3.0,
202400025874,155 736 172,A01,2.0,7.0,0,9,2,26,1.0,
202400025875,155 736 171,B01,3.0,7.0,0,2,4,2,1.0,
202400025876,155 736 170,B01,2.0,7.0,0,2,1,1,2.0,
202400025877,155 736 169,A01,1.0,33.0,1,0,1,25,1.0,
202400025878,155 736 166,A01,1.0,33.0,2,0,1,0,1.0,
202400025879,155 736 165,B01,1.0,1.0,1,0,8,1,5.0,
202400025880,155 736 164,B01,1.0,7.0,0,0,8,10,0.0,
202400025881,155 736 163,A01,1.0,7.0,6,0,1,1,1.0,
202400025882,155 736 161,A01,1.0,10.0,0,2,3,10,1.0,
202400025883,155 736 159,A01,1.0,7.0,6,0,2,1,1.0,
202400025884,155 736 158,A01,1.0,7.0,0,0,6,19,1.0,
202400025885,155 736 156,B01,1.0,1.0,0,2,1,1,5.0,
202400025886,155 736 152,A01,2.0,7.0,0,1,1,1,1.0,
202400025887,155 736 150,A01,2.0,10.0,0,2,4,2,1.0,
202400025888,155 736 149,B01,2.0,1.0,0,2,8,1,5.0,
202400025889,155 736 143,A01,1.0,7.0,0,2,4,9,1.0,
202400025890,155 736 146,A01,3.0,10.0,0,2,1,2,1.0,
202400025891,155 736 142,A01,0.0,7.0,0,2,3,15,1.0,
202400025892,155 736 139,B01,3.0,50.0,0,2,0,1,3.0,
202400025893,155 736 137,A01,1.0,7.0,0,2,4,2,1.0,
202400025894,155 736 136,A01,1.0,2.0,0,2,1,13,3.0,
202400025895,155 736 132,A01,3.0,10.0,0,1,4,4,1.0,
202400025896,155 736 133,A01,1.0,7.0,0,2,1,1,1.0,
202400025897,155 736 131,Z01,1.0,10.0,0,2,1,1,0.0,
202400025898,155 736 130,A01,1.0,7.0,3,0,1,9,1.0,
202400025899,155 736 129,A01,2.0,7.0,6,0,2,14,1.0,
202400025900,155 736 126,A01,2.0,7.0,0,2,1,1,1.0,
202400025901,155 736 124,A01,3.0,7.0,0,1,2,1,1.0,
202400025902,155 736 122,C01,2.0,7.0,0,2,4,2,1.0,
202400025903,155 736 119,A01,2.0,7.0,0,2,5,12,1.0,
202400025904,155 736 116,B01,2.0,7.0,0,2,8,0,1.0,
202400025905,155 736 115,A01,3.0,50.0,0,2,3,14,3.0,
202400025906,155 736 113,A01,1.0,3.0,0,2,4,0,1.0,
202400025907,155 736 110,B01,3.0,34.0,1,0,1,1,3.0,
202400025908,155 736 108,A01,1.0,7.0,0,2,2,15,1.0,
202400025909,155 736 106,B01,2.0,7.0,0,2,4,2,1.0,
202400025910,155 736 104,A01,3.0,7.0,0,1,2,2,2.0,
202400025911,155 736 100,A01,1.0,7.0,0,2,1,2,1.0,
202400025912,155 736 101,C01,2.0,7.0,0,2,4,1,1.0,
202400025913,155 736 096,A01,1.0,10.0,0,2,1,2,1.0,
202400025914,155 736 099,A01,1.0,7.0,0,1,8,1,1.0,
202400025915,155 736 095,A01,0.0,7.0,0,2,3,26,1.0,
202400025916,155 736 091,B01,2.0,10.0,0,2,6,2,1.0,
202400025917,155 736 092,A01,1.0,13.0,0,1,5,4,1.0,
202400025918,155 736 090,A01,0.0,7.0,0,0,9,1,1.0,
202400025919,155 736 088,A01,1.0,15.0,1,2,4,23,1.0,
202400025920,155 736 086,A01,1.0,7.0,15,0,2,1,1.0,
202400025921,155 736 085,B01,2.0,50.0,0,2,1,1,3.0,
202400025922,155 736 084,A01,1.0,7.0,4,0,1,1,1.0,
202400025923,155 736 081,B01,1.0,7.0,0,2,6,1,2.0,
202400025924,155 736 080,A01,1.0,10.0,0,1,1,1,1.0,
202400025925,155 736 079,A01,1.0,7.0,0,9,2,1,0.0,
202400025926,155 736 078,A01,1.0,33.0,0,0,1,18,1.0,
202400025927,155 736 074,A01,1.0,7.0,0,2,1,26,1.0,
202400025928,155 736 071,A01,2.0,7.0,0,1,4,1,1.0,
202400025929,155 736 072,A01,3.0,7.0,0,2,2,1,1.0,
202400025930,155 736 067,B01,2.0,10.0,0,2,1,1,1.0,
202400025931,155 736 066,A01,1.0,7.0,0,1,0,26,0.0,
202400025932,155 736 063,A01,1.0,7.0,0,2,1,2,1.0,
202400025933,155 736 062,B01,2.0,7.0,0,2,4,1,1.0,
202400025934,155 736 061,C01,1.0,7.0,1,2,0,14,0.0,
202400025935,155 736 059,A01,1.0,33.0,0,2,1,21,1.0,
202400025936,155 736 056,B01,1.0,10.0,0,2,2,1,1.0,
202400025937,155 736 054,A01,0.0,7.0,0,2,8,2,1.0,
202400025938,155 736 052,B01,2.0,7.0,0,2,0,11,1.0,
202400025939,155 736 051,B01,3.0,7.0,0,2,4,2,1.0,
202400025940,155 736 049,A01,1.0,3.0,0,1,7,14,0.0,
202400025941,155 736 048,A01,2.0,7.0,1,0,2,14,1.0,
202400025942,155 736 047,A01,1.0,30.0,8,0,1,26,1.0,
202400025943,155 736 046,A01,2.0,7.0,1,1,4,4,2.0,
202400025944,155 736 043,B01,1.0,7.0,0,2,1,23,1.0,
202400025945,155 736 041,A01,0.0,10.0,0,0,0,0,1.0,
202400025946,155 736 038,A01,1.0,7.0,13,2,4,1,1.0,
202400025947,155 736 036,A01,3.0,7.0,0,2,1,2,1.0,
202400025948,155 736 033,A01,3.0,7.0,0,2,4,20,1.0,
202400025949,155 736 032,B01,1.0,7.0,0,2,4,23,1.0,
202400025950,155 736 031,B01,2.0,7.0,0,2,1,1,1.0,
202400025951,155 736 029,A01,1.0,7.0,0,2,2,26,2.0,
202400025952,155 736 025,A01,2.0,33.0,0,0,8,13,1.0,
202400025953,155 736 026,A01,1.0,7.0,0,1,3,1,1.0,
202400025954,155 736 024,A01,1.0,7.0,0,2,1,1,1.0,
202400025955,155 736 023,B01,2.0,33.0,0,0,1,1,1.0,
202400025956,155 736 018,A01,2.0,7.0,0,1,2,15,1.0,
202400025957,155 736 016,A01,1.0,7.0,0,0,4,1,1.0,
202400025958,155 736 019,A01,1.0,7.0,0,2,2,19,1.0,
202400025959,155 736 015,A01,2.0,7.0,6,0,1,1,1.0,
202400025960,155 736 017,B01,1.0,7.0,0,2,1,1,1.0,
202400025961,155 736 009,A01,1.0,7.0,0,2,2,17,1.0,
202400025962,155 736 005,A01,3.0,30.0,0,2,1,15,1.0,
202400025963,155 736 007,B01,3.0,7.0,0,2,2,1,2.0,
202400025964,155 736 006,A01,2.0,7.0,0,2,2,13,1.0,
202400025965,155 736 004,A01,1.0,10.0,0,2,7,12,1.0,
202400025966,155 736 002,B01,2.0,7.0,0,2,1,15,1.0,
202400025967,155 735 999,A01,1.0,1.0,0,1,1,1,5.0,
202400025968,155 736 001,A01,2.0,7.0,0,1,2,1,1.0,
202400025969,155 735 997,B01,3.0,10.0,0,2,2,1,1.0,
202400025970,155 735 995,A01,2.0,7.0,0,2,1,13,1.0,
202400025971,155 735 994,A01,2.0,2.0,0,2,1,1,1.0,
202400025972,155 735 991,A01,2.0,31.0,0,2,1,1,1.0,
202400025973,155 735 990,A01,1.0,7.0,0,0,1,1,1.0,
202400025974,155 735 989,B01,2.0,32.0,0,0,1,0,1.0,
202400025975,155 735 987,A01,2.0,7.0,0,2,1,13,1.0,
202400025976,155 735 985,A01,1.0,10.0,15,0,1,1,1.0,
202400025977,155 735 984,A01,1.0,7.0,0,2,3,17,1.0,
202400025978,155 735 981,A01,1.0,7.0,0,2,1,1,1.0,
202400025979,155 735 979,A01,2.0,10.0,0,2,4,4,1.0,
202400025980,155 735 977,A01,1.0,7.0,0,2,0,17,1.0,
202400025981,155 735 976,A01,2.0,7.0,0,2,7,1,1.0,
202400025982,155 735 972,A01,2.0,33.0,0,2,1,2,1.0,
202400025983,155 735 970,A01,0.0,32.0,0,0,0,1,1.0,
202400025984,155 735 966,A01,0.0,7.0,0,9,7,1,0.0,
202400025985,155 735 967,A01,3.0,7.0,0,1,1,1,1.0,
202400025986,155 735 973,A01,1.0,7.0,1,2,3,22,1.0,
202400025987,155 735 965,A01,1.0,10.0,0,1,3,1,1.0,
202400025988,155 735 963,A01,1.0,7.0,1,1,1,17,1.0,
202400025989,155 735 962,B01,2.0,7.0,3,0,1,1,1.0,
202400025990,155 735 960,A01,1.0,7.0,10,0,1,9,1.0,
202400025991,155 735 959,A01,2.0,10.0,0,1,2,1,1.0,
202400025992,155 735 957,A01,1.0,7.0,2,0,1,0,2.0,
202400025993,155 735 956,A01,1.0,7.0,0,2,3,1,1.0,
202400025994,155 735 951,A01,1.0,1.0,0,2,7,2,5.0,
202400025995,155 735 961,A01,2.0,2.0,0,0,8,15,1.0,
202400025996,155 735 950,A01,2.0,7.0,2,0,1,13,1.0,
202400025997,155 735 952,A01,2.0,7.0,0,2,1,15,1.0,
202400025998,155 735 948,A01,2.0,7.0,1,0,2,14,1.0,
202400025999,155 735 946,A01,1.0,7.0,0,2,2,13,1.0,
202400026000,155 735 945,Z01,1.0,7.0,0,1,1,8,1.0,
202400026001,155 735 943,A01,3.0,2.0,16,0,8,1,1.0,
202400026002,155 735 941,B01,1.0,7.0,8,0,5,1,1.0,
202400026003,155 735 938,C01,1.0,7.0,0,2,1,2,1.0,
202400026004,155 735 937,B01,3.0,32.0,0,0,8,1,1.0,
202400026005,155 735 933,A01,2.0,2.0,0,2,1,1,1.0,
202400026006,155 735 931,A01,2.0,7.0,0,2,1,2,1.0,
202400026007,155 735 929,A01,1.0,7.0,0,2,2,12,3.0,
202400026008,155 735 927,A01,1.0,7.0,0,2,1,17,1.0,
202400026009,155 735 924,A01,2.0,7.0,0,2,3,11,1.0,
202400026010,155 735 922,A01,2.0,7.0,0,2,6,15,1.0,
202400026011,155 735 921,A01,1.0,7.0,6,0,1,1,1.0,
202400026012,155 735 919,A01,3.0,1.0,0,0,1,1,5.0,
202400026013,155 735 918,A01,1.0,32.0,0,2,1,1,1.0,
202400026014,155 735 915,B01,2.0,1.0,0,2,1,2,5.0,
202400026015,155 735 914,A01,1.0,7.0,0,2,1,17,1.0,
202400026016,155 735 912,A01,3.0,7.0,12,0,3,13,1.0,
202400026017,155 735 911,A01,1.0,32.0,0,2,2,12,1.0,
202400026018,155 735 907,A01,1.0,7.0,3,0,1,1,2.0,
202400026019,155 735 908,A01,3.0,7.0,0,1,2,1,1.0,
202400026020,155 735 905,A01,1.0,33.0,0,2,3,1,1.0,
202400026021,155 735 903,A01,1.0,33.0,0,2,1,2,1.0,
202400026022,155 735 900,A01,1.0,7.0,2,0,1,0,1.0,
202400026023,155 735 901,B01,1.0,7.0,0,2,6,0,3.0,
202400026024,155 735 898,A01,2.0,7.0,2,0,2,2,1.0,
202400026025,155 735 896,A01,2.0,7.0,0,2,4,1,2.0,
202400026026,155 735 893,A01,1.0,7.0,0,1,1,1,1.0,
202400026027,155 735 894,A01,2.0,43.0,14,0,2,13,1.0,
202400026028,155 735 891,Z01,2.0,33.0,0,1,2,1,0.0,
202400026029,155 735 889,A01,1.0,7.0,0,1,2,15,1.0,
202400026030,155 735 886,B01,1.0,3.0,0,2,1,15,1.0,
202400026031,155 735 883,C01,2.0,7.0,0,2,1,1,3.0,
202400026032,155 735 884,A01,1.0,2.0,0,2,3,18,1.0,
202400026033,155 735 880,A01,3.0,1.0,0,1,1,15,5.0,
202400026034,155 735 881,A01,1.0,1.0,0,0,1,1,5.0,
202400026035,155 735 882,A01,1.0,7.0,0,0,9,14,1.0,
202400026036,155 735 878,A01,2.0,7.0,0,2,4,1,2.0,
202400026037,155 735 877,A01,3.0,30.0,0,0,0,1,3.0,
202400026038,155 735 876,Z01,1.0,7.0,0,1,1,1,0.0,
202400026039,155 735 874,A01,1.0,7.0,3,0,3,21,1.0,
202400026040,155 735 873,A01,1.0,7.0,0,2,1,15,1.0,
202400026041,155 735 871,Z01,1.0,10.0,0,1,1,16,0.0,
202400026042,155 735 869,A01,3.0,7.0,11,2,7,15,1.0,
202400026043,155 735 867,A01,1.0,7.0,0,2,1,1,1.0,
202400026044,155 735 866,A01,1.0,10.0,0,2,2,17,1.0,
202400026045,155 735 862,A01,1.0,7.0,16,0,0,26,1.0,
202400026046,155 735 861,A01,2.0,7.0,0,2,1,15,1.0,
202400026047,155 735 860,A01,1.0,7.0,0,1,3,1,1.0,
202400026048,155 735 863,A01,1.0,30.0,0,2,7,17,1.0,
202400026049,155 735 857,A01,1.0,7.0,0,1,1,2,1.0,
202400026050,155 735 853,B01,1.0,7.0,0,2,1,1,1.0,
202400026051,155 735 852,B01,2.0,1.0,0,2,1,1,5.0,
202400026052,155 735 851,A01,2.0,7.0,0,2,9,2,1.0,
202400026053,155 735 849,B01,2.0,2.0,0,2,1,1,1.0,
202400026054,155 735 846,A01,1.0,7.0,0,1,2,1,1.0,
202400026055,155 735 843,B01,2.0,2.0,0,2,1,1,1.0,
202400026056,155 735 840,B01,1.0,50.0,14,0,1,26,3.0,
202400026057,155 735 841,C01,1.0,17.0,0,2,4,2,1.0,
202400026058,155 735 842,EA01,1.0,7.0,0,2,2,15,1.0,
202400026059,155 735 838,A01,3.0,33.0,13,2,7,19,1.0,
202400026060,155 735 835,A01,1.0,7.0,0,1,3,1,3.0,
202400026061,155 735 833,B01,2.0,7.0,0,2,1,26,1.0,
202400026062,155 735 832,B01,2.0,10.0,0,2,0,0,1.0,
202400026063,155 735 829,B01,1.0,10.0,0,2,1,15,0.0,
202400026064,155 735 828,B01,0.0,7.0,0,2,7,1,1.0,
202400026065,155 735 825,A01,1.0,14.0,0,2,2,12,1.0,
202400026066,155 735 826,A01,3.0,7.0,0,1,2,1,1.0,
202400026067,155 735 824,A01,2.0,7.0,0,0,9,2,1.0,
202400026068,155 735 823,A01,2.0,7.0,0,1,2,1,1.0,
202400026069,155 735 818,B01,2.0,1.0,0,2,8,1,5.0,
202400026070,155 735 819,A01,1.0,33.0,0,2,1,2,1.0,
202400026071,155 735 816,A01,1.0,2.0,0,2,1,1,1.0,
202400026072,155 735 811,A01,1.0,50.0,0,2,1,26,3.0,
202400026073,155 735 809,A01,2.0,7.0,0,2,1,2,1.0,
202400026074,155 735 808,A01,2.0,37.0,13,0,2,1,1.0,3
202400026075,155 735 805,A01,3.0,7.0,1,1,1,1,1.0,
202400026076,155 735 804,D01,1.0,7.0,0,2,1,1,1.0,
202400026077,155 735 802,A01,2.0,33.0,0,2,1,3,1.0,
202400026078,155 735 800,A01,1.0,99.0,0,1,3,0,0.0,
202400026079,155 735 801,B01,3.0,7.0,0,2,3,15,1.0,
202400026080,155 735 797,A01,1.0,7.0,17,0,2,1,2.0,
202400026081,155 735 794,A01,1.0,7.0,0,2,1,2,1.0,
202400026082,155 735 792,B01,1.0,17.0,0,0,4,1,1.0,
202400026083,155 735 790,B01,2.0,10.0,0,2,4,26,1.0,
202400026084,155 735 789,B01,0.0,7.0,0,2,0,0,0.0,
202400026085,155 735 786,A01,2.0,7.0,0,1,1,1,1.0,
202400026086,155 735 785,B01,3.0,50.0,14,1,7,26,3.0,
202400026087,155 735 782,A01,2.0,7.0,0,2,3,15,1.0,
202400026088,155 735 779,A01,2.0,7.0,0,2,2,17,1.0,
202400026089,155 735 778,A01,0.0,7.0,0,0,0,26,1.0,
202400026090,155 735 776,B01,2.0,7.0,0,9,6,2,1.0,
202400026091,155 735 773,A01,1.0,10.0,0,2,4,4,1.0,
202400026092,155 735 771,A01,1.0,7.0,0,2,1,5,1.0,
202400026093,155 735 769,A01,2.0,14.0,0,0,0,23,1.0,
202400026094,155 735 767,A01,1.0,33.0,9,0,2,2,0.0,
202400026095,155 735 765,B01,1.0,33.0,0,2,1,17,1.0,
202400026096,155 735 763,A01,1.0,10.0,0,2,1,14,1.0,
202400026097,155 735 762,A01,2.0,7.0,0,2,1,1,2.0,
202400026098,155 735 758,B01,2.0,7.0,0,2,8,1,1.0,
202400026099,155 735 757,B01,1.0,2.0,0,2,4,1,1.0,
202400026100,155 735 750,A01,1.0,7.0,16,0,6,11,1.0,
202400026101,155 735 753,B01,2.0,50.0,0,2,7,1,3.0,
202400026102,155 735 752,C01,1.0,7.0,0,2,5,1,1.0,
202400026103,155 735 749,A01,3.0,30.0,0,2,8,15,3.0,
202400026104,155 735 746,A01,2.0,30.0,0,2,1,1,1.0,
202400026105,155 735 743,B01,3.0,50.0,0,2,1,17,3.0,
202400026106,155 735 741,A01,1.0,15.0,0,2,2,12,1.0,
202400026107,155 735 740,A01,3.0,7.0,0,2,1,13,1.0,
202400026108,155 735 737,B01,1.0,1.0,0,9,0,0,5.0,
202400026109,155 735 736,A01,1.0,10.0,0,1,1,15,1.0,
202400026110,155 735 735,A01,1.0,7.0,6,2,3,11,1.0,
202400026111,155 735 733,A01,3.0,33.0,0,2,0,14,1.0,
202400026112,155 735 731,A01,1.0,10.0,0,1,1,1,1.0,
202400026113,155 735 730,B01,2.0,2.0,0,2,1,1,1.0,
202400026114,155 735 727,A01,2.0,10.0,6,0,1,1,1.0,
202400026115,155 735 728,A01,1.0,7.0,0,2,1,2,1.0,
202400026116,155 735 726,A01,1.0,80.0,12,0,7,2,3.0,
202400026117,155 735 724,B01,2.0,31.0,0,2,1,1,1.0,
202400026118,155 735 722,A01,1.0,7.0,2,0,1,1,1.0,
202400026119,155 735 720,A01,3.0,7.0,0,2,1,16,1.0,
202400026120,155 735 715,B01,1.0,30.0,0,2,8,2,1.0,
202400026121,155 735 716,C01,1.0,10.0,0,2,4,2,1.0,
202400026122,155 735 714,A01,2.0,7.0,0,2,7,12,1.0,
202400026123,155 735 712,A01,1.0,7.0,0,2,3,19,1.0,
202400026124,155 735 710,A01,1.0,10.0,0,1,2,1,1.0,
202400026125,155 735 709,B01,1.0,7.0,0,2,3,1,1.0,
202400026126,155 735 708,A01,3.0,7.0,8,0,1,13,1.0,
202400026127,155 735 706,A01,2.0,7.0,0,2,1,1,1.0,
202400026128,155 735 705,A01,2.0,17.0,0,1,2,2,1.0,
202400026129,155 735 703,A01,2.0,43.0,0,0,7,16,1.0,
202400026130,155 735 699,A01,1.0,7.0,0,0,9,14,1.0,
202400026131,155 735 696,C01,1.0,7.0,0,2,9,2,1.0,
202400026132,155 735 697,B01,2.0,30.0,0,2,1,1,1.0,
202400026133,155 735 695,A01,2.0,31.0,0,2,1,1,3.0,
202400026134,155 735 692,A01,1.0,33.0,16,2,1,13,1.0,
202400026135,155 735 691,A01,2.0,10.0,0,0,9,12,1.0,
202400026136,155 735 690,A01,2.0,7.0,14,0,1,26,1.0,
202400026137,155 735 689,B01,3.0,31.0,0,2,6,23,1.0,
202400026138,155 735 684,A01,1.0,33.0,0,2,2,0,1.0,
202400026139,155 735 683,A01,2.0,7.0,0,2,6,9,1.0,
202400026140,155 735 682,A01,1.0,7.0,0,2,3,11,2.0,
202400026141,155 735 681,A01,2.0,7.0,0,2,2,12,2.0,
202400026142,155 735 680,A01,1.0,7.0,13,0,0,1,1.0,
202400026143,155 735 677,A01,2.0,7.0,0,1,0,9,2.0,
202400026144,155 735 675,A01,1.0,14.0,0,2,7,1,1.0,
202400026145,155 735 674,Z01,1.0,7.0,0,2,1,2,1.0,
202400026146,155 735 673,A01,2.0,7.0,2,0,9,1,1.0,
202400026147,155 735 669,A01,1.0,7.0,0,9,1,15,1.0,
202400026148,155 735 668,A01,3.0,7.0,13,9,2,0,1.0,
202400026149,155 735 666,B01,2.0,7.0,0,2,6,1,1.0,
202400026150,155 735 665,A01,1.0,7.0,10,0,1,16,1.0,
202400026151,155 735 663,A01,1.0,7.0,0,2,5,17,0.0,
202400026152,155 735 661,A01,3.0,33.0,9,0,8,0,1.0,
202400026153,155 735 660,B01,1.0,7.0,0,2,6,2,2.0,
202400026154,155 735 657,B01,2.0,7.0,0,2,2,16,1.0,
202400026155,155 735 654,A01,3.0,50.0,0,1,1,1,3.0,
202400026156,155 735 652,A01,1.0,10.0,0,2,2,16,1.0,
202400026157,155 735 651,A01,1.0,7.0,0,2,6,23,1.0,
202400026158,155 735 650,A01,1.0,7.0,9,1,1,1,1.0,
202400026159,155 735 646,A01,2.0,7.0,0,1,1,15,1.0,
202400026160,155 735 647,A01,1.0,31.0,0,2,4,18,1.0,
202400026161,155 735 645,A01,1.0,1.0,0,2,7,1,0.0,
202400026162,155 735 643,A01,2.0,10.0,0,2,6,9,1.0,
202400026163,155 735 640,A01,1.0,7.0,0,2,4,26,1.0,
202400026164,155 735 639,A01,3.0,7.0,0,1,0,26,1.0,
202400026165,155 735 638,Z01,3.0,10.0,0,2,0,1,0.0,
202400026166,155 735 635,B01,1.0,50.0,0,2,1,1,3.0,
202400026167,155 735 634,A01,1.0,2.0,0,2,1,19,1.0,
202400026168,155 735 633,A01,1.0,7.0,0,1,1,1,1.0,
202400026169,155 735 630,A01,3.0,1.0,0,2,8,19,5.0,
202400026170,155 735 632,A01,2.0,30.0,0,1,1,0,1.0,
202400026171,155 735 629,A01,3.0,99.0,0,0,0,1,6.0,
202400026172,155 735 628,A01,1.0,99.0,6,0,2,26,0.0,
202400026173,155 735 625,A01,3.0,7.0,0,1,2,1,3.0,
202400026174,155 735 623,B01,3.0,37.0,0,2,2,1,1.0,2
202400026175,155 735 622,A01,1.0,50.0,0,1,1,1,3.0,
202400026176,155 735 620,A01,2.0,30.0,0,0,0,1,1.0,
202400026177,155 735 619,A01,0.0,7.0,0,2,3,2,1.0,
202400026178,155 735 618,A01,1.0,7.0,1,1,1,1,2.0,
202400026179,155 735 617,A01,1.0,7.0,0,1,3,1,1.0,
202400026180,155 735 613,A01,3.0,1.0,0,2,1,14,5.0,
202400026181,155 735 611,A01,2.0,10.0,0,2,8,10,1.0,
202400026182,155 735 610,B01,2.0,7.0,0,0,8,1,1.0,
202400026183,155 735 609,A01,1.0,7.0,0,2,8,2,1.0,
202400026184,155 735 608,A01,0.0,15.0,0,0,8,9,1.0,
202400026185,155 735 607,A01,2.0,1.0,14,0,1,2,5.0,
202400026186,155 735 603,A01,2.0,43.0,0,2,2,17,1.0,
202400026187,155 735 602,A01,1.0,10.0,0,2,1,13,1.0,
202400026188,155 735 601,A01,2.0,32.0,0,2,1,1,1.0,
202400026189,155 735 599,A01,1.0,7.0,0,2,1,1,1.0,
202400026190,155 735 595,B01,1.0,33.0,0,2,1,9,1.0,
202400026191,155 735 594,B01,2.0,7.0,0,2,0,0,1.0,
202400026192,155 735 596,A01,2.0,10.0,12,0,1,19,1.0,
202400026193,155 735 592,B01,2.0,1.0,0,2,1,1,5.0,
202400026194,155 735 589,A01,2.0,10.0,0,0,3,0,1.0,
202400026195,155 735 588,A01,2.0,30.0,0,0,0,15,1.0,
202400026196,155 735 585,A01,2.0,7.0,0,2,7,13,1.0,
202400026197,155 735 586,A01,1.0,7.0,0,2,1,9,1.0,
202400026198,155 735 583,A01,3.0,10.0,0,2,1,13,1.0,
202400026199,155 735 580,A01,1.0,7.0,2,0,3,1,1.0,
202400026200,155 735 579,A01,1.0,31.0,0,2,2,17,1.0,
202400026201,155 735 578,A01,0.0,7.0,0,2,3,1,1.0,
202400026202,155 735 576,B01,1.0,7.0,0,2,2,2,1.0,
202400026203,155 735 574,A01,1.0,7.0,0,1,1,15,2.0,
202400026204,155 735 573,A01,2.0,7.0,0,2,1,1,1.0,
202400026205,155 735 572,A01,3.0,2.0,0,0,0,26,1.0,
202400026206,155 735 571,A01,2.0,50.0,12,0,1,14,3.0,
202400026207,155 735 569,A01,1.0,7.0,0,1,2,1,2.0,