Num_Acc,id_vehicule,num_veh,senc,catv,obs,obsm,choc,manv,motor,occutc
202400026208,155 735 570,A01,2.0,15.0,3,0,1,6,1.0,
202400026209,155 735 568,A01,1.0,7.0,2,0,1,15,1.0,
202400026210,155 735 566,A01,2.0,7.0,0,2,2,1,1.0,
202400026211,155 735 564,A01,1.0,7.0,0,1,1,15,1.0,
202400026212,155 735 563,A01,1.0,7.0,0,2,1,5,1.0,
202400026213,155 735 562,A01,1.0,7.0,0,1,2,1,1.0,
202400026214,155 735 561,A01,1.0,7.0,0,1,3,1,1.0,
202400026215,155 735 559,A01,3.0,7.0,8,0,1,1,1.0,
202400026216,155 735 558,A01,2.0,2.0,0,2,1,1,1.0,
202400026217,155 735 557,A01,1.0,7.0,0,0,0,1,2.0,
202400026218,155 735 555,B01,0.0,7.0,0,2,5,16,1.0,
202400026219,155 735 554,B01,1.0,0.0,0,1,0,0,0.0,
202400026220,155 735 551,A01,0.0,1.0,0,0,0,1,5.0,
202400026221,155 735 550,A01,1.0,7.0,3,1,7,10,1.0,
202400026222,155 735 548,A01,2.0,7.0,0,2,3,1,0.0,
202400026223,155 735 549,A01,0.0,50.0,0,2,1,19,3.0,
202400026224,155 735 546,A01,1.0,7.0,0,1,0,9,0.0,
202400026225,155 735 545,A01,2.0,7.0,0,0,0,21,1.0,
202400026226,155 735 544,B01,1.0,17.0,0,0,0,1,1.0,
202400026227,155 735 540,A01,1.0,7.0,4,2,2,14,1.0,
202400026228,155 735 538,A01,1.0,30.0,2,0,1,14,1.0,
202400026229,155 735 539,A01,3.0,7.0,0,2,3,11,1.0,
202400026230,155 735 536,A01,0.0,7.0,7,0,2,1,0.0,
202400026231,155 735 533,A01,3.0,7.0,0,2,3,2,1.0,
202400026232,155 735 532,B01,1.0,7.0,0,2,3,17,1.0,
202400026233,155 735 527,Z01,1.0,7.0,0,2,0,15,1.0,
202400026234,155 735 528,A01,2.0,7.0,0,9,1,1,1.0,
202400026235,155 735 529,B01,0.0,7.0,0,9,3,1,1.0,
202400026236,155 735 525,A01,1.0,33.0,12,0,1,14,1.0,
202400026237,155 735 524,A01,2.0,14.0,0,0,7,14,1.0,
202400026238,155 735 523,B01,2.0,33.0,0,2,1,1,1.0,
202400026239,155 735 519,A01,2.0,7.0,3,0,0,0,1.0,
202400026240,155 735 518,A01,3.0,43.0,0,2,2,3,1.0,
202400026241,155 735 520,A01,0.0,7.0,0,2,2,1,1.0,
202400026242,155 735 515,A01,1.0,1.0,0,0,9,1,5.0,
202400026243,155 735 514,B01,1.0,1.0,0,2,2,1,5.0,
202400026244,155 735 510,B01,2.0,2.0,0,2,1,1,1.0,
202400026245,155 735 509,A01,2.0,7.0,0,2,1,1,1.0,
202400026246,155 735 508,A01,1.0,7.0,0,2,6,1,1.0,
202400026247,155 735 505,A01,2.0,7.0,0,0,4,1,1.0,
202400026248,155 735 504,A01,2.0,1.0,0,1,1,1,5.0,
202400026249,155 735 503,A01,1.0,7.0,0,0,6,9,3.0,
202400026250,155 735 502,A01,1.0,7.0,9,0,1,1,1.0,
202400026251,155 735 500,A01,2.0,7.0,2,0,1,1,0.0,
202400026252,155 735 499,A01,2.0,7.0,0,2,1,13,1.0,
202400026253,155 735 495,A01,2.0,33.0,0,0,8,0,1.0,
202400026254,155 735 493,B01,1.0,2.0,0,2,1,1,1.0,
202400026255,155 735 492,A01,2.0,7.0,0,2,4,1,1.0,
202400026256,155 735 490,B01,1.0,7.0,0,0,4,2,1.0,
202400026257,155 735 489,A01,1.0,7.0,-1,9,4,23,1.0,
202400026258,155 735 488,Z01,0.0,0.0,0,1,0,0,0.0,
202400026259,155 735 487,A01,1.0,7.0,13,0,1,14,3.0,
202400026260,155 735 483,B01,3.0,50.0,0,2,7,1,3.0,
202400026261,155 735 484,A01,1.0,80.0,0,2,1,5,3.0,
202400026262,155 735 482,A01,1.0,7.0,13,0,9,0,1.0,
202400026263,155 735 481,A01,3.0,7.0,0,1,3,19,1.0,
202400026264,155 735 479,A01,1.0,2.0,0,0,0,14,1.0,
202400026265,155 735 478,B01,2.0,1.0,0,2,1,18,5.0,
202400026266,155 735 473,B01,0.0,7.0,0,2,1,1,1.0,
202400026267,155 735 472,B01,1.0,32.0,0,2,1,1,1.0,
202400026268,155 735 470,A01,2.0,2.0,13,0,1,1,1.0,
202400026269,155 735 469,A01,1.0,14.0,0,2,2,21,1.0,
202400026270,155 735 468,A01,1.0,32.0,0,1,3,21,1.0,
202400026271,155 735 467,A01,3.0,7.0,2,0,1,1,1.0,
202400026272,155 735 464,A01,2.0,1.0,0,0,0,1,5.0,
202400026273,155 735 462,C01,2.0,7.0,0,2,4,1,1.0,
202400026274,155 735 461,A01,3.0,7.0,0,2,8,1,1.0,
202400026275,155 735 458,B01,1.0,7.0,0,2,8,15,1.0,
202400026276,155 735 457,A01,2.0,7.0,0,2,1,1,1.0,
202400026277,155 735 453,A01,1.0,7.0,0,9,1,5,1.0,
202400026278,155 735 451,A01,1.0,33.0,0,2,7,1,1.0,
202400026279,155 735 450,B01,1.0,33.0,0,2,1,3,1.0,
202400026280,155 735 448,B01,3.0,10.0,0,2,1,1,1.0,
202400026281,155 735 446,A01,1.0,7.0,13,0,1,26,1.0,
202400026282,155 735 445,A01,1.0,7.0,0,2,7,12,1.0,
202400026283,155 735 442,B01,1.0,33.0,0,2,3,11,1.0,
202400026284,155 735 441,A01,2.0,7.0,0,2,2,15,1.0,
202400026285,155 735 438,A01,2.0,2.0,0,6,1,21,1.0,
202400026286,155 735 437,B01,,7.0,0,2,1,1,,
202400026287,155 735 432,A01,2.0,7.0,0,2,1,0,1.0,
202400026288,155 735 431,A01,2.0,7.0,0,2,8,1,1.0,
202400026289,155 735 429,A01,1.0,7.0,0,0,0,1,1.0,
202400026290,155 735 427,A01,1.0,33.0,3,0,1,0,1.0,
202400026291,155 735 426,A01,1.0,7.0,14,0,2,1,1.0,
202400026292,155 735 425,A01,1.0,7.0,0,1,2,1,1.0,
202400026293,155 735 422,A01,2.0,34.0,0,2,8,3,1.0,
202400026294,155 735 421,A01,3.0,7.0,13,0,1,1,1.0,
202400026295,155 735 420,A01,1.0,7.0,0,2,1,1,1.0,
202400026296,155 735 415,A01,1.0,7.0,0,2,4,10,2.0,
202400026297,155 735 413,A01,1.0,7.0,0,2,3,1,1.0,
202400026298,155 735 411,A01,1.0,1.0,0,0,0,2,5.0,
202400026299,155 735 410,B01,1.0,7.0,0,2,5,1,0.0,
202400026300,155 735 409,A01,2.0,7.0,0,2,1,1,1.0,
202400026301,155 735 408,A01,1.0,7.0,0,0,9,16,1.0,
202400026302,155 735 407,A01,1.0,1.0,8,0,1,25,5.0,
202400026303,155 735 406,A01,2.0,50.0,0,0,0,1,3.0,
202400026304,155 735 404,A01,3.0,1.0,9,0,1,14,5.0,
202400026305,155 735 402,C01,2.0,7.0,0,2,8,0,1.0,
202400026306,155 735 400,A01,2.0,50.0,0,1,0,1,3.0,
202400026307,155 735 401,A01,1.0,7.0,2,0,7,1,1.0,
202400026308,155 735 397,A01,2.0,7.0,2,0,1,0,1.0,
202400026309,155 735 395,A01,1.0,7.0,0,2,5,1,3.0,
202400026310,155 735 394,B01,2.0,10.0,0,2,1,2,0.0,
202400026311,155 735 390,A01,2.0,10.0,0,2,2,15,1.0,
202400026312,155 735 389,B01,2.0,15.0,0,2,3,1,1.0,
202400026313,155 735 388,A01,2.0,7.0,0,2,2,1,1.0,
202400026314,155 735 386,A01,3.0,7.0,13,0,0,1,1.0,
202400026315,155 735 384,A01,3.0,7.0,0,2,3,1,1.0,
202400026316,155 735 383,A01,2.0,7.0,0,2,6,1,1.0,
202400026317,155 735 381,B01,2.0,7.0,0,2,1,1,1.0,
202400026318,155 735 379,B01,1.0,43.0,0,2,1,17,1.0,
202400026319,155 735 376,A01,3.0,7.0,0,2,1,19,1.0,
202400026320,155 735 375,A01,1.0,7.0,6,0,3,1,2.0,
202400026321,155 735 374,A01,2.0,7.0,13,0,0,0,1.0,
202400026322,155 735 373,A01,1.0,7.0,8,0,1,1,1.0,
202400026323,155 735 370,A01,2.0,7.0,0,2,2,5,1.0,
202400026324,155 735 369,A01,2.0,7.0,0,2,1,5,1.0,
202400026325,155 735 366,A01,1.0,7.0,0,2,1,13,0.0,
202400026326,155 735 365,A01,1.0,7.0,0,0,8,15,2.0,
202400026327,155 735 364,A01,2.0,7.0,0,0,2,14,1.0,
202400026328,155 735 362,A01,1.0,7.0,15,0,2,0,1.0,
202400026329,155 735 361,A01,1.0,10.0,0,2,1,1,1.0,
202400026330,155 735 358,A01,2.0,7.0,0,2,1,13,1.0,
202400026331,155 735 357,A01,1.0,7.0,1,0,1,2,1.0,
202400026332,155 735 355,A01,2.0,7.0,3,0,1,1,1.0,
202400026333,155 735 354,B01,1.0,7.0,0,2,1,21,3.0,
202400026334,155 735 353,A01,0.0,7.0,13,0,9,1,1.0,
202400026335,155 735 351,B01,1.0,7.0,0,2,1,1,1.0,
202400026336,155 735 349,A01,3.0,2.0,5,0,1,1,1.0,
202400026337,155 735 350,A01,0.0,80.0,12,0,1,15,3.0,
202400026338,155 735 347,B01,1.0,1.0,0,2,3,9,5.0,
202400026339,155 735 345,A01,1.0,7.0,0,9,2,16,1.0,
202400026340,155 735 343,A01,2.0,7.0,1,1,1,20,1.0,
202400026341,155 735 342,A01,1.0,10.0,0,2,1,1,1.0,
202400026342,155 735 341,A01,1.0,10.0,7,0,2,13,1.0,
202400026343,155 735 339,B01,2.0,1.0,0,2,1,18,5.0,
202400026344,155 735 338,A01,0.0,2.0,0,0,7,0,1.0,
202400026345,155 735 335,B01,1.0,7.0,0,2,3,15,1.0,
202400026346,155 735 332,A01,1.0,7.0,8,0,1,0,2.0,
202400026347,155 735 330,A01,1.0,7.0,0,2,1,5,1.0,
202400026348,155 735 327,A01,0.0,7.0,0,2,8,13,1.0,
202400026349,155 735 326,A01,1.0,7.0,0,2,2,1,1.0,
202400026350,155 735 324,B01,2.0,7.0,0,2,2,1,1.0,
202400026351,155 735 323,A01,1.0,7.0,2,0,1,1,1.0,
202400026352,155 735 322,A01,1.0,31.0,13,0,9,14,1.0,
202400026353,155 735 318,A01,2.0,7.0,4,0,8,13,1.0,
202400026354,155 735 319,A01,3.0,7.0,0,2,1,1,1.0,
202400026355,155 735 315,B01,1.0,1.0,0,2,1,1,5.0,
202400026356,155 735 314,B01,1.0,7.0,0,2,1,1,1.0,
202400026357,155 735 312,A01,1.0,7.0,17,0,3,11,1.0,
202400026358,155 735 313,A01,3.0,33.0,2,9,1,0,1.0,
202400026359,155 735 311,A01,1.0,33.0,0,0,7,1,1.0,
202400026360,155 735 309,A01,1.0,7.0,0,2,3,1,1.0,
202400026361,155 735 307,A01,2.0,7.0,0,9,3,9,1.0,
202400026362,155 735 304,A01,2.0,10.0,0,2,2,17,1.0,
202400026363,155 735 303,A01,1.0,7.0,0,2,1,17,1.0,
202400026364,155 735 300,B01,2.0,15.0,0,2,3,1,1.0,
202400026365,155 735 299,A01,2.0,7.0,0,2,2,19,1.0,
202400026366,155 735 298,A01,1.0,99.0,4,0,3,13,1.0,
202400026367,155 735 294,A01,3.0,33.0,0,2,1,17,1.0,
202400026368,155 735 292,A01,2.0,7.0,0,2,1,13,1.0,
202400026369,155 735 291,A01,1.0,2.0,0,0,8,1,1.0,
202400026370,155 735 290,A01,2.0,7.0,3,0,1,26,3.0,
202400026371,155 735 289,A01,3.0,7.0,0,1,3,15,1.0,
202400026372,155 735 286,A01,2.0,7.0,0,2,5,1,1.0,
202400026373,155 735 284,A01,2.0,7.0,0,2,1,1,1.0,
202400026374,155 735 283,A01,1.0,7.0,16,0,3,26,1.0,
202400026375,155 735 280,A01,1.0,7.0,16,0,0,19,1.0,
202400026376,155 735 281,A01,0.0,31.0,0,2,7,0,1.0,
202400026377,155 735 279,A01,0.0,7.0,4,0,2,16,1.0,
202400026378,155 735 277,A01,1.0,33.0,0,2,0,17,1.0,
202400026379,155 735 276,A01,2.0,7.0,4,0,3,16,1.0,
202400026380,155 735 273,A01,2.0,7.0,3,0,4,2,1.0,
202400026381,155 735 274,B01,2.0,33.0,0,2,1,1,1.0,
202400026382,155 735 272,A01,1.0,10.0,3,0,2,2,1.0,
202400026383,155 735 270,A01,1.0,7.0,0,2,1,17,1.0,
202400026384,155 735 269,A01,2.0,7.0,0,0,1,26,1.0,
202400026385,155 735 268,A01,3.0,10.0,1,1,1,26,1.0,
202400026386,155 735 266,A01,1.0,7.0,0,2,2,1,1.0,
202400026387,155 735 265,A01,3.0,7.0,0,1,3,20,1.0,
202400026388,155 735 263,A01,2.0,7.0,0,2,6,1,1.0,
202400026389,155 735 261,B01,2.0,7.0,0,2,1,1,1.0,
202400026390,155 735 259,A01,1.0,7.0,0,2,1,12,1.0,
202400026391,155 735 257,B01,0.0,80.0,0,0,0,1,3.0,
202400026392,155 735 254,A01,2.0,33.0,0,0,0,1,1.0,
202400026393,155 735 255,A01,2.0,7.0,4,2,3,13,1.0,
202400026394,155 735 252,A01,2.0,7.0,4,0,3,1,1.0,
202400026395,155 735 250,A01,1.0,7.0,0,0,7,0,1.0,
202400026396,155 735 249,A01,1.0,7.0,0,2,2,17,1.0,
202400026397,155 735 247,A01,1.0,7.0,1,2,1,1,1.0,
202400026398,155 735 245,A01,2.0,33.0,0,2,1,5,1.0,
202400026399,155 735 243,B01,1.0,32.0,0,2,8,3,1.0,
202400026400,155 735 241,A01,1.0,17.0,0,2,2,12,1.0,
202400026401,155 735 237,A01,1.0,7.0,0,2,4,13,1.0,
202400026402,155 735 238,A01,2.0,7.0,0,0,1,1,1.0,
202400026403,155 735 236,A01,1.0,7.0,4,0,3,1,1.0,
202400026404,155 735 234,A01,1.0,10.0,0,2,1,1,1.0,
202400026405,155 735 233,A01,2.0,33.0,0,0,0,1,1.0,
202400026406,155 735 232,A01,1.0,34.0,4,0,1,1,1.0,
202400026407,155 735 230,B01,2.0,7.0,0,2,1,1,1.0,
202400026408,155 735 226,A01,1.0,7.0,0,2,3,13,1.0,
202400026409,155 735 224,A01,1.0,7.0,0,2,5,1,1.0,
202400026410,155 735 222,A01,1.0,32.0,0,2,1,0,1.0,
202400026411,155 735 220,B01,1.0,10.0,0,2,1,1,1.0,
202400026412,155 735 219,A01,2.0,33.0,0,0,9,1,1.0,
202400026413,155 735 217,B01,1.0,10.0,0,0,4,1,1.0,
202400026414,155 735 216,A01,1.0,10.0,0,1,1,1,1.0,
202400026415,155 735 213,A01,1.0,7.0,0,2,1,15,1.0,
202400026416,155 735 204,A01,1.0,7.0,0,2,2,15,1.0,
202400026417,155 735 203,A01,3.0,7.0,0,1,1,2,1.0,
202400026418,155 735 202,A01,3.0,31.0,0,0,8,15,1.0,
202400026419,155 735 200,A01,3.0,7.0,0,2,2,15,1.0,
202400026420,155 735 198,B01,2.0,1.0,0,2,0,19,5.0,
202400026421,155 735 195,A01,1.0,7.0,0,2,1,17,1.0,
202400026422,155 735 196,A01,2.0,7.0,0,1,8,1,1.0,
202400026423,155 735 192,B01,2.0,32.0,0,2,7,1,1.0,
202400026424,155 735 190,A01,1.0,7.0,0,2,1,2,6.0,
202400026425,155 735 189,Z01,3.0,50.0,0,1,1,1,3.0,
202400026426,155 735 187,A01,1.0,30.0,12,0,8,1,1.0,
202400026427,155 735 186,B01,2.0,7.0,0,2,7,1,1.0,
202400026428,155 735 183,A01,2.0,7.0,0,2,1,1,2.0,
202400026429,155 735 182,B01,1.0,31.0,0,2,1,1,1.0,
202400026430,155 735 179,A01,1.0,7.0,0,2,1,15,2.0,
202400026431,155 735 178,A01,1.0,7.0,0,2,2,15,1.0,
202400026432,155 735 175,A01,1.0,7.0,0,2,1,0,1.0,
202400026433,155 735 174,B01,1.0,1.0,0,2,6,2,5.0,
202400026434,155 735 171,B01,1.0,7.0,0,2,1,1,1.0,
202400026435,155 735 170,A01,2.0,7.0,0,2,5,2,1.0,
202400026436,155 735 169,A01,0.0,33.0,0,0,8,0,1.0,
202400026437,155 735 167,A01,1.0,7.0,0,1,1,1,1.0,
202400026438,155 735 166,B01,1.0,7.0,0,2,4,1,1.0,
202400026439,155 735 164,B01,2.0,7.0,1,0,7,1,2.0,
202400026440,155 735 162,C01,1.0,7.0,0,2,4,2,1.0,
202400026441,155 735 158,B01,1.0,7.0,0,2,4,2,1.0,
202400026442,155 735 157,A01,2.0,7.0,0,2,3,13,1.0,
202400026443,155 735 155,B01,2.0,7.0,0,2,5,20,1.0,
202400026444,155 735 153,A01,2.0,7.0,0,2,2,9,1.0,
202400026445,155 735 151,A01,2.0,30.0,0,0,0,26,3.0,
202400026446,155 735 149,C01,1.0,7.0,0,2,3,1,1.0,
202400026447,155 735 148,A01,3.0,30.0,0,1,1,9,1.0,
202400026448,155 735 146,B01,2.0,7.0,0,2,3,1,2.0,
202400026449,155 735 145,A01,3.0,7.0,8,0,1,14,2.0,
202400026450,155 735 143,A01,0.0,30.0,0,0,0,1,1.0,
202400026451,155 735 142,A01,0.0,7.0,0,2,5,16,1.0,
202400026452,155 735 141,A01,1.0,7.0,0,1,1,1,0.0,
202400026453,155 735 140,A01,0.0,7.0,0,1,1,1,1.0,
202400026454,155 735 137,A01,1.0,7.0,0,2,0,26,1.0,
202400026455,155 735 138,A01,1.0,7.0,0,1,1,1,1.0,
202400026456,155 735 135,A01,1.0,50.0,12,0,1,1,3.0,
202400026457,155 735 134,B01,0.0,10.0,0,2,8,1,1.0,
202400026458,155 735 133,A01,1.0,30.0,0,1,1,25,1.0,
202400026459,155 735 131,A01,2.0,38.0,0,2,1,1,1.0,1
202400026460,155 735 129,A01,1.0,34.0,0,2,3,18,1.0,
202400026461,155 735 126,A01,1.0,7.0,3,2,7,5,1.0,
202400026462,155 735 125,B01,3.0,7.0,0,2,3,1,1.0,
202400026463,155 735 124,A01,0.0,7.0,0,1,1,1,1.0,
202400026464,155 735 122,A01,1.0,13.0,0,2,1,2,1.0,
202400026465,155 735 119,A01,3.0,7.0,0,2,3,1,3.0,
202400026466,155 735 118,A01,3.0,7.0,0,2,2,9,1.0,
202400026467,155 735 113,A01,3.0,7.0,0,2,3,16,1.0,
202400026468,155 735 111,A01,1.0,50.0,14,0,1,1,3.0,
202400026469,155 735 110,A01,2.0,7.0,0,2,3,15,1.0,
202400026470,155 735 107,A01,3.0,7.0,13,0,7,1,1.0,
202400026471,155 735 108,B01,3.0,30.0,0,2,1,1,0.0,
202400026472,155 735 105,Z01,2.0,7.0,0,9,0,1,1.0,
202400026473,155 735 103,B01,2.0,1.0,0,2,8,15,5.0,
202400026474,155 735 098,A01,2.0,7.0,0,2,1,1,1.0,
202400026475,155 735 097,A01,1.0,1.0,0,2,8,19,5.0,
202400026476,155 735 096,A01,0.0,33.0,0,0,0,1,1.0,
202400026477,155 735 095,A01,1.0,7.0,2,0,1,14,1.0,
202400026478,155 735 094,A01,1.0,30.0,12,0,1,1,1.0,
202400026479,155 735 093,A01,2.0,7.0,2,0,3,13,1.0,
202400026480,155 735 092,A01,3.0,7.0,12,0,1,19,1.0,
202400026481,155 735 091,A01,2.0,7.0,1,0,1,13,1.0,
202400026482,155 735 089,A01,3.0,37.0,0,2,0,21,2.0,11
202400026483,155 735 087,A01,3.0,7.0,0,9,0,5,0.0,
202400026484,155 735 085,A01,1.0,3.0,0,2,1,1,0.0,
202400026485,155 735 083,B01,1.0,7.0,0,1,2,2,1.0,
202400026486,155 735 081,B01,1.0,1.0,0,2,8,1,5.0,
202400026487,155 735 080,A01,1.0,7.0,0,1,1,15,1.0,
202400026488,155 735 078,A01,2.0,7.0,0,2,2,15,1.0,
202400026489,155 735 076,B01,2.0,33.0,0,2,1,1,1.0,
202400026490,155 735 075,A01,2.0,14.0,0,1,2,16,1.0,
202400026491,155 735 073,A01,2.0,10.0,0,2,2,12,0.0,
202400026492,155 735 072,A01,1.0,80.0,0,1,8,1,3.0,
202400026493,155 735 070,B01,2.0,60.0,0,2,1,1,5.0,
202400026494,155 735 068,B01,1.0,7.0,0,2,7,19,1.0,
202400026495,155 735 066,A01,2.0,7.0,0,2,1,1,3.0,
202400026496,155 735 063,B01,1.0,7.0,14,2,4,23,1.0,
202400026497,155 735 062,A01,2.0,7.0,0,1,2,16,3.0,
202400026498,155 735 061,A01,1.0,32.0,0,1,1,1,3.0,
202400026499,155 735 059,A01,1.0,2.0,0,2,7,15,1.0,
202400026500,155 735 057,A01,2.0,1.0,0,2,1,21,5.0,
202400026501,155 735 055,A01,1.0,32.0,0,2,7,2,3.0,
202400026502,155 735 053,A01,2.0,7.0,0,2,2,12,1.0,
202400026503,155 735 052,A01,1.0,31.0,0,1,1,1,1.0,
202400026504,155 735 051,A01,3.0,7.0,0,1,1,1,3.0,
202400026505,155 735 049,B01,0.0,1.0,1,2,1,1,5.0,
202400026506,155 735 047,A01,1.0,7.0,0,2,3,19,1.0,
202400026507,155 735 045,A01,3.0,7.0,0,2,1,2,1.0,
202400026508,155 735 043,B01,3.0,7.0,0,0,0,0,0.0,
202400026509,155 735 042,A01,1.0,7.0,0,1,2,1,1.0,
202400026510,155 735 041,A01,2.0,10.0,0,1,4,4,1.0,
202400026511,155 735 039,B01,1.0,33.0,0,2,2,2,1.0,
202400026512,155 735 036,A01,0.0,7.0,0,2,3,1,2.0,
202400026513,155 735 034,B01,3.0,31.0,0,2,1,1,1.0,
202400026514,155 735 032,A01,1.0,31.0,0,2,1,26,1.0,
202400026515,155 735 030,A01,1.0,7.0,0,9,3,9,1.0,
202400026516,155 735 028,B01,1.0,7.0,1,2,6,20,1.0,
202400026517,155 735 026,A01,1.0,7.0,0,9,1,16,1.0,
202400026518,155 735 025,A01,2.0,80.0,0,0,0,2,3.0,
202400026519,155 735 023,B01,1.0,32.0,0,2,1,1,1.0,
202400026520,155 735 021,B01,0.0,50.0,0,2,6,18,3.0,
202400026521,155 735 019,A01,2.0,50.0,0,2,1,1,3.0,
202400026522,155 735 018,A01,2.0,7.0,14,0,0,1,0.0,
202400026523,155 735 016,A01,2.0,30.0,0,2,1,1,3.0,
202400026524,155 735 015,A01,2.0,7.0,6,0,1,13,1.0,
202400026525,155 735 013,A01,2.0,7.0,13,0,9,14,1.0,
202400026526,155 735 012,A01,0.0,7.0,6,0,0,1,1.0,
202400026527,155 735 011,A01,1.0,7.0,2,0,3,1,1.0,
202400026528,155 735 010,A01,3.0,7.0,0,1,2,11,1.0,
202400026529,155 735 008,A01,3.0,10.0,0,2,1,13,1.0,
202400026530,155 735 007,A01,3.0,33.0,0,0,0,1,1.0,
202400026531,155 735 005,A01,2.0,7.0,0,0,2,1,1.0,
202400026532,155 735 003,A01,1.0,7.0,0,2,1,13,1.0,
202400026533,155 735 002,A01,2.0,7.0,4,0,2,1,2.0,
202400026534,155 735 001,A01,3.0,7.0,4,0,4,4,3.0,
202400026535,155 734 999,B01,2.0,15.0,0,2,2,1,1.0,
202400026536,155 734 997,B01,2.0,7.0,0,2,2,16,3.0,
202400026537,155 734 995,B01,1.0,7.0,0,2,1,1,1.0,
202400026538,155 734 994,A01,1.0,7.0,13,0,8,1,1.0,
202400026539,155 734 992,A01,2.0,7.0,0,2,3,26,1.0,
202400026540,155 734 990,B01,1.0,1.0,0,2,7,1,5.0,
202400026541,155 734 988,B01,2.0,7.0,13,2,3,1,1.0,
202400026542,155 734 986,B01,1.0,2.0,0,2,1,1,1.0,
202400026543,155 734 985,A01,2.0,7.0,0,1,2,0,1.0,
202400026544,155 734 981,D01,2.0,7.0,0,2,1,1,1.0,
202400026545,155 734 979,A01,3.0,7.0,0,2,1,15,1.0,
202400026546,155 734 977,B01,1.0,15.0,0,2,3,1,1.0,
202400026547,155 734 975,B01,1.0,7.0,13,2,2,1,1.0,
202400026548,155 734 974,A01,0.0,7.0,1,0,1,0,2.0,
202400026549,155 734 971,B01,2.0,7.0,0,2,1,1,1.0,
202400026550,155 734 970,A01,0.0,7.0,14,0,1,1,1.0,
202400026551,155 734 969,A01,3.0,3.0,13,0,3,0,1.0,
202400026552,155 734 967,A01,2.0,7.0,0,2,1,13,1.0,
202400026553,155 734 965,B01,2.0,1.0,0,2,6,1,5.0,
202400026554,155 734 963,B01,2.0,7.0,0,0,6,1,1.0,
202400026555,155 734 961,A01,1.0,7.0,0,2,6,15,1.0,
202400026556,155 734 960,A01,1.0,7.0,13,0,1,1,1.0,
202400026557,155 734 958,A01,2.0,31.0,13,2,1,5,1.0,
202400026558,155 734 956,A01,3.0,7.0,2,2,1,19,1.0,
202400026559,155 734 955,A01,1.0,7.0,13,0,1,0,1.0,
202400026560,155 734 953,A01,2.0,7.0,0,2,3,13,3.0,
202400026561,155 734 951,A01,1.0,7.0,0,2,3,1,1.0,
202400026562,155 734 950,A01,2.0,7.0,2,0,0,1,1.0,
202400026563,155 734 948,A01,1.0,7.0,0,2,1,13,1.0,
202400026564,155 734 945,C01,2.0,7.0,0,2,1,17,1.0,
202400026565,155 734 943,B01,2.0,17.0,14,0,3,1,1.0,
202400026566,155 734 942,A01,1.0,7.0,4,0,3,1,1.0,
202400026567,155 734 941,A01,2.0,7.0,3,0,3,1,2.0,
202400026568,155 734 939,A01,3.0,3.0,0,2,3,13,1.0,
202400026569,155 734 938,A01,3.0,10.0,0,1,5,20,1.0,
202400026570,155 734 937,A01,1.0,7.0,16,0,9,1,1.0,
202400026571,155 734 935,A01,2.0,7.0,0,2,1,1,1.0,
202400026572,155 734 934,A01,3.0,7.0,0,1,2,9,1.0,
202400026573,155 734 933,A01,2.0,7.0,2,0,2,21,1.0,
202400026574,155 734 931,A01,1.0,1.0,16,0,0,1,5.0,
202400026575,155 734 929,A01,2.0,7.0,0,2,3,15,1.0,
202400026576,155 734 927,B01,2.0,33.0,3,2,1,1,1.0,
202400026577,155 734 925,A01,1.0,7.0,0,2,1,9,1.0,
202400026578,155 734 923,A01,2.0,7.0,0,2,8,9,1.0,
202400026579,155 734 921,A01,1.0,7.0,0,2,1,11,1.0,
202400026580,155 734 920,A01,2.0,10.0,0,1,2,1,1.0,
202400026581,155 734 918,A01,3.0,7.0,0,2,1,1,1.0,
202400026582,155 734 915,B01,1.0,7.0,0,2,4,2,1.0,
202400026583,155 734 914,A01,1.0,7.0,2,0,1,1,1.0,
202400026584,155 734 911,A01,2.0,7.0,0,2,2,14,2.0,
202400026585,155 734 910,A01,2.0,7.0,4,0,1,19,1.0,
202400026586,155 734 909,A01,2.0,7.0,4,0,2,21,1.0,
202400026587,155 734 907,A01,1.0,7.0,4,2,7,2,1.0,
202400026588,155 734 906,A01,2.0,7.0,3,0,1,1,1.0,
202400026589,155 734 903,C01,1.0,10.0,0,2,1,0,1.0,
202400026590,155 734 902,A01,1.0,7.0,4,0,3,1,1.0,
202400026591,155 734 900,B01,1.0,7.0,0,2,7,11,1.0,
202400026592,155 734 899,A01,1.0,33.0,0,0,7,1,1.0,
202400026593,155 734 897,A01,2.0,7.0,0,2,1,2,1.0,
202400026594,155 734 895,A01,1.0,32.0,0,2,6,11,1.0,
202400026595,155 734 893,A01,2.0,33.0,0,2,8,0,1.0,
202400026596,155 734 891,A01,2.0,7.0,1,2,1,21,1.0,
202400026597,155 734 889,A01,2.0,7.0,0,2,8,11,1.0,
202400026598,155 734 888,A01,1.0,32.0,0,2,7,26,1.0,
202400026599,155 734 887,A01,2.0,7.0,4,0,3,1,1.0,
202400026600,155 734 886,A01,1.0,7.0,3,0,1,1,1.0,
202400026601,155 734 885,A01,2.0,7.0,4,0,6,1,1.0,
202400026602,155 734 884,A01,2.0,7.0,4,2,1,1,1.0,
202400026603,155 734 882,A01,1.0,7.0,0,2,6,9,1.0,
202400026604,155 734 880,A01,2.0,33.0,0,2,7,3,1.0,