Num_Acc,id_vehicule,num_veh,senc,catv,obs,obsm,choc,manv,motor,occutc
202400026605,155 734 877,C01,1.0,7.0,0,2,4,1,1.0,
202400026606,155 734 875,B01,2.0,50.0,0,2,2,1,3.0,
202400026607,155 734 874,A01,2.0,7.0,0,0,3,1,1.0,
202400026608,155 734 872,A01,1.0,21.0,0,2,3,9,1.0,
202400026609,155 734 871,A01,2.0,36.0,0,0,0,1,1.0,
202400026610,155 734 869,A01,1.0,7.0,0,2,2,11,1.0,
202400026611,155 734 868,A01,1.0,1.0,0,0,0,24,5.0,
202400026612,155 734 866,A01,2.0,7.0,0,2,1,2,1.0,
202400026613,155 734 864,B01,1.0,1.0,0,2,6,16,5.0,
202400026614,155 734 862,B01,1.0,33.0,0,2,7,1,1.0,
202400026615,155 734 861,A01,1.0,7.0,14,1,3,2,1.0,
202400026616,155 734 860,A01,1.0,50.0,0,0,0,1,3.0,
202400026617,155 734 858,A01,2.0,50.0,0,2,7,17,3.0,
202400026618,155 734 857,A01,3.0,2.0,0,0,0,1,0.0,
202400026619,155 734 856,A01,3.0,50.0,14,0,1,1,3.0,
202400026620,155 734 854,B01,2.0,7.0,0,2,3,13,1.0,
202400026621,155 734 852,A01,1.0,7.0,0,9,8,17,1.0,
202400026622,155 734 850,A01,2.0,7.0,0,2,1,2,1.0,
202400026623,155 734 848,B01,3.0,7.0,0,2,4,2,1.0,
202400026624,155 734 846,B01,2.0,7.0,0,2,2,26,1.0,
202400026625,155 734 845,A01,3.0,7.0,6,0,2,14,2.0,
202400026626,155 734 844,A01,1.0,7.0,0,1,2,1,0.0,
202400026627,155 734 843,A01,3.0,7.0,0,1,2,15,1.0,
202400026628,155 734 842,A01,1.0,7.0,0,1,3,1,1.0,
202400026629,155 734 841,A01,3.0,7.0,15,1,1,1,1.0,
202400026630,155 734 839,A01,2.0,31.0,0,2,1,1,1.0,
202400026631,155 734 837,A01,1.0,80.0,0,2,3,15,2.0,
202400026632,155 734 836,A01,1.0,33.0,0,1,2,21,1.0,
202400026633,155 734 834,B01,1.0,7.0,0,2,1,11,1.0,
202400026634,155 734 831,A01,3.0,7.0,1,1,4,4,1.0,
202400026635,155 734 828,B01,2.0,7.0,0,2,1,0,1.0,
202400026636,155 734 826,B01,2.0,7.0,0,2,1,1,1.0,
202400026637,155 734 824,B01,3.0,2.0,0,2,7,1,1.0,
202400026638,155 734 823,A01,1.0,2.0,1,0,1,26,1.0,
202400026639,155 734 822,A01,2.0,10.0,0,1,3,15,1.0,
202400026640,155 734 820,A01,2.0,43.0,0,2,1,13,1.0,
202400026641,155 734 818,A01,3.0,7.0,0,2,3,13,1.0,
202400026642,155 734 816,A01,2.0,7.0,0,2,5,15,1.0,
202400026643,155 734 814,A01,1.0,7.0,0,2,1,6,1.0,
202400026644,155 734 813,A01,3.0,10.0,0,1,1,11,1.0,
202400026645,155 734 811,A01,0.0,7.0,0,2,1,1,1.0,
202400026646,155 734 809,A01,3.0,7.0,0,2,8,1,1.0,
202400026647,155 734 808,A01,1.0,7.0,0,1,2,1,2.0,
202400026648,155 734 807,A01,2.0,7.0,0,2,1,1,1.0,
202400026649,155 734 805,A01,1.0,7.0,0,2,3,13,1.0,
202400026650,155 734 803,A01,3.0,7.0,0,2,3,15,1.0,
202400026651,155 734 801,A01,3.0,7.0,0,2,1,1,1.0,
202400026652,155 734 799,A01,1.0,1.0,0,2,7,1,5.0,
202400026653,155 734 795,A01,1.0,7.0,11,0,1,6,2.0,
202400026654,155 734 794,A01,2.0,7.0,0,1,1,15,1.0,
202400026655,155 734 792,A01,2.0,33.0,0,2,1,2,1.0,
202400026656,155 734 791,A01,2.0,7.0,13,0,7,1,1.0,
202400026657,155 734 789,B01,2.0,30.0,0,2,1,1,1.0,
202400026658,155 734 788,A01,1.0,7.0,0,0,0,14,1.0,
202400026659,155 734 787,A01,2.0,7.0,0,1,1,1,1.0,
202400026660,155 734 785,A01,3.0,30.0,0,2,3,19,1.0,
202400026661,155 734 783,A01,3.0,7.0,0,2,1,16,1.0,
202400026662,155 734 782,A01,3.0,10.0,0,1,4,26,1.0,
202400026663,155 734 781,A01,3.0,50.0,0,2,0,0,3.0,
202400026664,155 734 779,A01,0.0,7.0,0,2,3,9,2.0,
202400026665,155 734 777,B01,1.0,7.0,0,2,1,0,0.0,
202400026666,155 734 775,A01,1.0,10.0,0,2,1,2,1.0,
202400026667,155 734 774,A01,2.0,30.0,0,0,7,21,1.0,
202400026668,155 734 772,A01,1.0,30.0,0,2,1,18,1.0,
202400026669,155 734 770,A01,2.0,37.0,0,2,3,1,2.0,1
202400026670,155 734 767,B01,3.0,7.0,0,2,2,1,2.0,
202400026671,155 734 766,A01,1.0,1.0,0,1,1,16,5.0,
202400026672,155 734 764,A01,1.0,7.0,0,2,3,20,1.0,
202400026673,155 734 762,A01,1.0,30.0,1,0,7,12,1.0,
202400026674,155 734 761,A01,1.0,1.0,0,1,8,1,5.0,
202400026675,155 734 759,A01,1.0,43.0,0,2,3,18,1.0,
202400026676,155 734 757,B01,1.0,80.0,1,0,2,1,3.0,
202400026677,155 734 756,A01,3.0,7.0,0,1,3,15,1.0,
202400026678,155 734 755,A01,1.0,7.0,0,1,1,1,1.0,
202400026679,155 734 753,B01,1.0,1.0,0,2,1,1,5.0,
202400026680,155 734 752,A01,3.0,7.0,0,1,1,16,1.0,
202400026681,155 734 750,A01,1.0,34.0,0,2,0,0,1.0,
202400026682,155 734 748,A01,1.0,7.0,1,0,1,1,1.0,
202400026683,155 734 747,A01,3.0,7.0,0,1,1,1,1.0,
202400026684,155 734 746,A01,2.0,7.0,2,0,1,13,1.0,
202400026685,155 734 744,A01,2.0,7.0,0,2,1,13,1.0,
202400026686,155 734 743,A01,1.0,7.0,0,1,1,19,1.0,
202400026687,155 734 741,B01,3.0,30.0,0,2,3,2,1.0,
202400026688,155 734 739,A01,3.0,7.0,0,2,1,0,1.0,
202400026689,155 734 738,A01,1.0,7.0,0,1,1,1,1.0,
202400026690,155 734 736,B01,1.0,1.0,1,0,0,1,5.0,
202400026691,155 734 735,A01,0.0,33.0,0,0,0,0,1.0,
202400026692,155 734 733,B01,2.0,7.0,0,2,2,1,1.0,
202400026693,155 734 731,A01,0.0,7.0,0,2,1,1,1.0,
202400026694,155 734 727,A01,1.0,7.0,0,2,5,15,1.0,
202400026695,155 734 724,B01,0.0,7.0,0,2,4,2,2.0,
202400026696,155 734 722,B01,0.0,7.0,0,2,2,15,1.0,
202400026697,155 734 720,A01,1.0,7.0,0,2,2,16,1.0,
202400026698,155 734 718,A01,0.0,7.0,0,9,2,16,1.0,
202400026699,155 734 715,B01,1.0,7.0,0,2,6,17,1.0,
202400026700,155 734 713,A01,1.0,7.0,0,2,2,1,1.0,
202400026701,155 734 711,A01,2.0,7.0,0,2,3,15,1.0,
202400026702,155 734 709,B01,3.0,50.0,0,2,8,1,3.0,
202400026703,155 734 706,A01,2.0,7.0,1,2,1,1,1.0,
202400026704,155 734 705,A01,3.0,7.0,6,0,1,14,1.0,
202400026705,155 734 703,A01,2.0,7.0,0,2,2,1,1.0,
202400026706,155 734 701,A01,1.0,7.0,0,2,2,5,1.0,
202400026707,155 734 698,A01,1.0,7.0,0,2,8,1,1.0,
202400026708,155 734 697,A01,1.0,7.0,0,1,1,1,1.0,
202400026709,155 734 696,A01,1.0,1.0,0,0,1,1,5.0,
202400026710,155 734 695,A01,1.0,33.0,0,0,7,1,1.0,
202400026711,155 734 694,A01,1.0,30.0,0,0,2,1,1.0,
202400026712,155 734 693,A01,3.0,7.0,0,1,1,1,1.0,
202400026713,155 734 691,A01,2.0,7.0,0,2,1,16,1.0,
202400026714,155 734 689,A01,1.0,31.0,0,2,1,1,1.0,
202400026715,155 734 686,C01,3.0,7.0,0,2,6,16,0.0,
202400026716,155 734 685,Z01,1.0,7.0,0,1,0,0,0.0,
202400026717,155 734 683,A01,2.0,7.0,0,2,3,9,2.0,
202400026718,155 734 681,A01,1.0,7.0,0,2,1,13,1.0,
202400026719,155 734 680,A01,1.0,7.0,0,1,1,1,1.0,
202400026720,155 734 678,A01,2.0,7.0,0,2,1,2,1.0,
202400026721,155 734 676,A01,2.0,1.0,0,2,1,0,5.0,
202400026722,155 734 674,A01,2.0,7.0,0,2,1,1,1.0,
202400026723,155 734 672,A01,3.0,7.0,0,2,3,1,1.0,
202400026724,155 734 670,A01,3.0,7.0,0,2,3,9,1.0,
202400026725,155 734 669,A01,1.0,7.0,0,1,2,1,1.0,
202400026726,155 734 667,A01,1.0,7.0,0,2,1,1,1.0,
202400026727,155 734 665,B01,1.0,33.0,0,2,1,0,0.0,
202400026728,155 734 664,A01,2.0,2.0,0,0,0,16,1.0,
202400026729,155 734 662,B01,1.0,33.0,0,2,4,23,1.0,
202400026730,155 734 661,A01,1.0,7.0,0,1,3,1,1.0,
202400026731,155 734 660,A01,3.0,7.0,0,1,1,15,1.0,
202400026732,155 734 658,A01,1.0,7.0,0,2,6,15,1.0,
202400026733,155 734 654,B01,3.0,2.0,0,2,1,1,1.0,
202400026734,155 734 653,C01,2.0,7.0,0,2,4,1,1.0,
202400026735,155 734 650,A01,2.0,30.0,0,2,1,3,1.0,
202400026736,155 734 649,B01,2.0,31.0,0,2,8,1,1.0,
202400026737,155 734 648,A01,2.0,7.0,0,1,0,0,1.0,
202400026738,155 734 647,A01,2.0,40.0,0,1,1,1,3.0,
202400026739,155 734 646,A01,2.0,31.0,0,1,2,7,1.0,
202400026740,155 734 643,A01,3.0,7.0,0,2,2,15,1.0,
202400026741,155 734 642,B01,1.0,33.0,0,2,2,2,1.0,
202400026742,155 734 640,A01,2.0,7.0,0,2,2,15,1.0,
202400026743,155 734 638,A01,2.0,3.0,0,2,2,15,1.0,
202400026744,155 734 637,A01,1.0,14.0,0,1,1,21,1.0,
202400026745,155 734 636,A01,1.0,7.0,0,1,1,1,1.0,
202400026746,155 734 635,A01,1.0,37.0,0,2,0,26,1.0,5
202400026747,155 734 634,A01,1.0,7.0,0,1,1,1,1.0,
202400026748,155 734 632,B01,3.0,7.0,0,2,1,0,1.0,
202400026749,155 734 631,A01,2.0,7.0,0,1,2,1,1.0,
202400026750,155 734 629,B01,1.0,1.0,0,2,8,15,5.0,
202400026751,155 734 627,B01,2.0,7.0,0,2,4,1,1.0,
202400026752,155 734 625,A01,1.0,30.0,0,2,2,1,1.0,
202400026753,155 734 623,B01,3.0,1.0,0,2,5,1,5.0,
202400026754,155 734 621,A01,2.0,7.0,0,9,7,15,3.0,
202400026755,155 734 617,A01,1.0,30.0,0,2,6,1,1.0,
202400026756,155 734 612,A01,1.0,32.0,0,2,3,1,1.0,
202400026757,155 734 609,A01,3.0,31.0,0,2,1,17,1.0,
202400026758,155 734 608,A01,3.0,14.0,0,2,1,23,1.0,
202400026759,155 734 605,B01,2.0,7.0,0,2,1,2,1.0,
202400026760,155 734 604,B01,1.0,14.0,0,2,2,1,1.0,
202400026761,155 734 603,A01,1.0,7.0,0,1,1,2,1.0,
202400026762,155 734 601,B01,2.0,33.0,0,2,2,3,1.0,
202400026763,155 734 599,A01,1.0,7.0,0,2,3,16,1.0,
202400026764,155 734 597,A01,2.0,7.0,0,2,2,12,1.0,
202400026765,155 734 595,A01,1.0,33.0,0,0,8,3,1.0,
202400026766,155 734 596,A01,2.0,50.0,0,0,0,1,3.0,
202400026767,155 734 593,B01,1.0,33.0,0,2,7,3,1.0,
202400026768,155 734 592,A01,1.0,2.0,11,0,1,1,1.0,
202400026769,155 734 590,Z01,1.0,7.0,0,2,4,2,0.0,
202400026770,155 734 588,A01,3.0,30.0,0,2,1,17,1.0,
202400026771,155 734 587,A01,1.0,33.0,0,0,7,13,1.0,
202400026772,155 734 585,B01,3.0,37.0,0,2,5,1,1.0,1
202400026773,155 734 583,A01,2.0,34.0,0,2,2,18,1.0,
202400026774,155 734 579,A01,2.0,33.0,0,2,1,1,1.0,
202400026775,155 734 578,A01,2.0,7.0,0,2,1,1,1.0,
202400026776,155 734 576,A01,1.0,10.0,0,1,2,1,2.0,
202400026777,155 734 573,A01,1.0,7.0,0,2,1,2,1.0,
202400026778,155 734 572,A01,2.0,1.0,0,2,2,1,5.0,
202400026779,155 734 570,A01,2.0,33.0,0,1,2,1,1.0,
202400026780,155 734 569,B01,1.0,7.0,0,2,3,1,1.0,
202400026781,155 734 568,A01,1.0,10.0,0,1,3,1,1.0,
202400026782,155 734 567,A01,2.0,7.0,0,1,3,15,1.0,
202400026783,155 734 565,B01,1.0,2.0,1,0,2,17,1.0,
202400026784,155 734 561,A01,2.0,50.0,0,2,0,25,3.0,
202400026785,155 734 560,B01,2.0,80.0,0,2,1,1,3.0,
202400026786,155 734 557,A01,1.0,39.0,0,2,1,24,0.0,
202400026787,155 734 556,A01,2.0,32.0,14,2,1,1,1.0,
202400026788,155 734 555,A01,1.0,7.0,0,1,3,23,0.0,
202400026789,155 734 553,A01,1.0,7.0,0,2,2,1,0.0,
202400026790,155 734 551,A01,1.0,7.0,12,0,9,1,1.0,
202400026791,155 734 550,A01,2.0,1.0,0,2,4,15,5.0,
202400026792,155 734 548,A01,1.0,50.0,0,0,8,19,3.0,
202400026793,155 734 547,B01,2.0,1.0,0,2,8,0,5.0,
202400026794,155 734 545,A01,2.0,50.0,8,2,8,5,3.0,
202400026795,155 734 544,A01,3.0,3.0,0,1,1,1,3.0,
202400026796,155 734 543,A01,2.0,33.0,0,1,2,17,3.0,
202400026797,155 734 542,A01,3.0,7.0,0,1,8,15,1.0,
202400026798,155 734 541,A01,3.0,50.0,0,0,0,1,3.0,
202400026799,155 734 540,A01,2.0,50.0,0,0,0,1,3.0,
202400026800,155 734 538,A01,3.0,10.0,0,2,3,9,1.0,
202400026801,155 734 536,A01,3.0,7.0,0,2,1,1,1.0,
202400026802,155 734 533,C01,1.0,7.0,0,2,4,1,0.0,
202400026803,155 734 530,A01,1.0,7.0,0,2,1,1,1.0,
202400026804,155 734 532,A01,1.0,7.0,0,1,2,19,1.0,
202400026805,155 734 528,A01,1.0,7.0,0,2,1,11,1.0,
202400026806,155 734 527,A01,1.0,7.0,0,0,1,2,1.0,
202400026807,155 734 525,A01,1.0,10.0,0,2,2,1,1.0,
202400026808,155 734 521,A01,1.0,50.0,1,2,8,21,3.0,
202400026809,155 734 520,A01,2.0,7.0,0,2,1,2,1.0,
202400026810,155 734 518,B01,2.0,33.0,0,2,1,17,0.0,
202400026811,155 734 517,A01,3.0,7.0,0,1,2,15,1.0,
202400026812,155 734 514,A01,1.0,43.0,1,2,1,17,1.0,
202400026813,155 734 513,A01,0.0,50.0,0,2,1,1,3.0,
202400026814,155 734 510,A01,1.0,33.0,0,2,5,19,1.0,
202400026815,155 734 509,A01,2.0,33.0,0,2,1,17,1.0,
202400026816,155 734 507,B01,3.0,7.0,0,2,8,1,1.0,
202400026817,155 734 504,A01,1.0,7.0,0,2,2,19,1.0,
202400026818,155 734 503,A01,1.0,7.0,0,2,1,1,1.0,
202400026819,155 734 501,A01,0.0,1.0,0,1,1,2,5.0,
202400026820,155 734 500,A01,1.0,33.0,0,2,7,17,1.0,
202400026821,155 734 498,B01,1.0,7.0,0,2,1,1,1.0,
202400026822,155 734 497,A01,1.0,1.0,0,1,1,1,5.0,
202400026823,155 734 495,A01,1.0,7.0,1,0,1,15,1.0,
202400026824,155 734 493,A01,3.0,7.0,0,2,3,16,1.0,
202400026825,155 734 491,A01,2.0,7.0,0,2,3,5,0.0,
202400026826,155 734 488,B01,3.0,2.0,0,2,0,0,1.0,
202400026827,155 734 487,A01,2.0,7.0,0,9,3,26,1.0,
202400026828,155 734 485,A01,2.0,7.0,2,0,1,14,1.0,
202400026829,155 734 483,A01,1.0,7.0,2,0,3,13,1.0,
202400026830,155 734 481,A01,2.0,14.0,15,0,3,13,1.0,
202400026831,155 734 480,A01,0.0,7.0,0,2,7,19,2.0,
202400026832,155 734 478,A01,1.0,7.0,0,2,3,5,1.0,
202400026833,155 734 476,A01,2.0,2.0,0,2,1,2,1.0,
202400026834,155 734 475,A01,1.0,7.0,0,1,2,2,1.0,
202400026835,155 734 472,A01,1.0,7.0,0,2,3,13,1.0,
202400026836,155 734 471,A01,1.0,13.0,0,1,7,16,1.0,
202400026837,155 734 468,A01,1.0,1.0,15,2,1,1,5.0,
202400026838,155 734 467,A01,1.0,7.0,0,2,8,15,1.0,
202400026839,155 734 466,A01,2.0,7.0,12,0,1,14,1.0,
202400026840,155 734 465,Z01,3.0,1.0,0,1,1,1,5.0,
202400026841,155 734 462,B01,3.0,7.0,0,2,4,2,1.0,
202400026842,155 734 461,B01,1.0,1.0,0,2,7,1,5.0,
202400026843,155 734 460,A01,1.0,7.0,13,0,9,14,1.0,
202400026844,155 734 458,A01,2.0,10.0,0,0,8,24,1.0,
202400026845,155 734 457,A01,2.0,7.0,17,0,1,1,1.0,
202400026846,155 734 456,A01,1.0,7.0,0,2,3,2,1.0,
202400026847,155 734 453,B01,1.0,7.0,0,2,3,1,1.0,
202400026848,155 734 454,Z01,1.0,33.0,0,1,0,0,0.0,
202400026849,155 734 450,A01,2.0,7.0,0,2,3,2,1.0,
202400026850,155 734 449,B01,1.0,30.0,0,2,1,1,1.0,
202400026851,155 734 448,A01,2.0,7.0,14,0,1,1,1.0,
202400026852,155 734 447,A01,1.0,37.0,0,1,7,1,3.0,1
202400026853,155 734 445,A01,1.0,33.0,0,2,3,13,1.0,
202400026854,155 734 444,A01,1.0,33.0,0,2,2,1,1.0,
202400026855,155 734 443,A01,1.0,7.0,0,1,3,1,1.0,
202400026856,155 734 442,A01,3.0,50.0,0,0,0,1,3.0,
202400026857,155 734 440,A01,1.0,38.0,0,2,2,1,1.0,1
202400026858,155 734 439,A01,3.0,7.0,0,1,1,0,1.0,
202400026859,155 734 438,A01,2.0,7.0,7,0,1,1,1.0,
202400026860,155 734 437,A01,2.0,7.0,0,1,1,1,1.0,
202400026861,155 734 434,B01,0.0,10.0,0,2,3,1,1.0,
202400026862,155 734 433,A01,3.0,99.0,2,2,8,2,1.0,
202400026863,155 734 432,A01,2.0,2.0,17,0,2,1,1.0,
202400026864,155 734 429,B01,3.0,50.0,0,2,7,2,3.0,
202400026865,155 734 428,A01,2.0,2.0,0,2,8,15,1.0,
202400026866,155 734 426,A01,0.0,14.0,0,2,8,10,0.0,
202400026867,155 734 425,A01,2.0,33.0,0,0,9,16,1.0,
202400026868,155 734 424,A01,0.0,34.0,0,1,1,1,1.0,
202400026869,155 734 422,A01,3.0,1.0,0,2,1,1,5.0,
202400026870,155 734 418,B01,2.0,7.0,0,2,1,1,1.0,
202400026871,155 734 419,A01,1.0,3.0,0,2,3,13,1.0,
202400026872,155 734 415,A01,1.0,10.0,6,0,1,13,1.0,
202400026873,155 734 416,A01,3.0,33.0,0,-1,2,0,1.0,
202400026874,155 734 414,A01,1.0,7.0,0,1,6,4,1.0,
202400026875,155 734 412,A01,1.0,30.0,0,2,6,21,1.0,
202400026876,155 734 410,A01,1.0,7.0,0,1,1,17,0.0,
202400026877,155 734 409,A01,3.0,2.0,0,2,1,13,1.0,
202400026878,155 734 407,B01,1.0,50.0,0,2,1,26,3.0,
202400026879,155 734 406,A01,2.0,33.0,8,0,1,0,1.0,
202400026880,155 734 405,A01,1.0,1.0,8,0,8,25,5.0,
202400026881,155 734 403,A01,1.0,7.0,0,2,5,15,1.0,
202400026882,155 734 401,B01,3.0,7.0,0,2,1,1,1.0,
202400026883,155 734 400,A01,2.0,7.0,7,0,1,21,1.0,
202400026884,155 734 397,A01,1.0,7.0,1,0,3,26,1.0,
202400026885,155 734 396,A01,2.0,7.0,0,2,1,0,1.0,
202400026886,155 734 393,A01,1.0,34.0,13,0,1,1,1.0,
202400026887,155 734 392,A01,2.0,30.0,0,2,2,11,1.0,
202400026888,155 734 389,A01,1.0,33.0,0,2,8,16,1.0,
202400026889,155 734 388,A01,1.0,7.0,0,2,1,2,1.0,
202400026890,155 734 385,B01,1.0,7.0,0,2,4,2,1.0,
202400026891,155 734 384,B01,2.0,10.0,0,2,3,1,1.0,
202400026892,155 734 382,A01,1.0,50.0,0,2,8,26,3.0,
202400026893,155 734 381,A01,2.0,2.0,13,0,1,1,1.0,
202400026894,155 734 377,B01,1.0,7.0,0,2,9,1,0.0,
202400026895,155 734 376,B01,1.0,17.0,0,2,8,1,1.0,
202400026896,155 734 373,A01,2.0,7.0,0,2,3,1,1.0,
202400026897,155 734 372,B01,0.0,10.0,0,2,3,1,0.0,
202400026898,155 734 367,A01,1.0,7.0,0,2,2,19,1.0,
202400026899,155 734 363,A01,3.0,2.0,0,2,8,5,1.0,
202400026900,155 734 364,B01,2.0,7.0,0,2,3,1,1.0,
202400026901,155 734 360,B01,0.0,13.0,0,2,5,11,0.0,
202400026902,155 734 359,B01,1.0,7.0,0,9,6,15,1.0,
202400026903,155 734 357,A01,2.0,33.0,13,0,2,17,1.0,
202400026904,155 734 356,B01,2.0,7.0,0,0,6,1,1.0,
202400026905,155 734 355,A01,1.0,7.0,0,1,2,1,1.0,
202400026906,155 734 354,A01,1.0,7.0,0,1,2,2,1.0,
202400026907,155 734 352,A01,3.0,2.0,0,9,1,13,1.0,
202400026908,155 734 350,B01,2.0,7.0,0,2,1,1,1.0,
202400026909,155 734 347,A01,0.0,7.0,0,1,2,15,1.0,
202400026910,155 734 348,A01,1.0,7.0,0,0,2,15,1.0,
202400026911,155 734 345,A01,1.0,7.0,9,0,2,1,1.0,
202400026912,155 734 344,B01,1.0,80.0,0,2,4,26,3.0,
202400026913,155 734 343,A01,2.0,7.0,13,0,2,0,1.0,
202400026914,155 734 342,A01,1.0,7.0,0,0,0,2,1.0,
202400026915,155 734 338,A01,1.0,7.0,0,2,3,15,1.0,
202400026916,155 734 339,B01,2.0,7.0,0,2,3,15,1.0,
202400026917,155 734 337,A01,1.0,7.0,8,0,8,1,1.0,
202400026918,155 734 335,A01,1.0,7.0,0,2,3,15,1.0,
202400026919,155 734 333,A01,1.0,10.0,0,2,2,2,1.0,
202400026920,155 734 332,A01,2.0,10.0,13,0,3,13,1.0,
202400026921,155 734 331,A01,1.0,21.0,13,0,2,1,1.0,
202400026922,155 734 329,A01,0.0,33.0,0,2,1,17,1.0,
202400026923,155 734 327,A01,0.0,7.0,14,0,1,1,1.0,
202400026924,155 734 326,B01,1.0,7.0,0,2,5,1,2.0,
202400026925,155 734 325,A01,1.0,33.0,0,0,9,1,1.0,
202400026926,155 734 323,B01,1.0,7.0,0,2,3,13,1.0,
202400026927,155 734 320,B01,1.0,7.0,0,2,5,1,1.0,
202400026928,155 734 317,A01,2.0,7.0,0,1,1,1,1.0,
202400026929,155 734 315,A01,1.0,7.0,0,2,1,13,1.0,
202400026930,155 734 313,A01,1.0,33.0,0,0,0,1,1.0,
202400026931,155 734 312,A01,2.0,7.0,0,2,3,5,1.0,
202400026932,155 734 311,A01,1.0,1.0,13,0,1,1,5.0,
202400026933,155 734 310,A01,1.0,7.0,0,1,1,1,1.0,
202400026934,155 734 307,A01,0.0,7.0,0,0,4,15,1.0,
202400026935,155 734 306,B01,1.0,7.0,0,2,2,2,1.0,
202400026936,155 734 305,A01,2.0,10.0,0,1,2,1,1.0,
202400026937,155 734 303,A01,2.0,3.0,0,2,2,15,1.0,
202400026938,155 734 301,B01,2.0,80.0,0,2,1,26,3.0,
202400026939,155 734 299,A01,1.0,7.0,0,2,4,26,1.0,
202400026940,155 734 297,A01,3.0,7.0,0,2,3,1,1.0,
202400026941,155 734 295,B01,1.0,7.0,0,0,3,1,1.0,
202400026942,155 734 293,A01,1.0,7.0,0,0,6,15,1.0,
202400026943,155 734 292,A01,1.0,7.0,2,0,0,0,1.0,
202400026944,155 734 290,A01,1.0,7.0,0,2,1,2,1.0,
202400026945,155 734 288,A01,2.0,7.0,0,2,1,17,1.0,
202400026946,155 734 287,A01,3.0,7.0,0,1,3,1,1.0,
202400026947,155 734 285,B01,1.0,1.0,0,0,6,2,5.0,
202400026948,155 734 282,B01,2.0,7.0,0,0,1,1,1.0,
202400026949,155 734 283,A01,1.0,7.0,2,0,9,1,1.0,
202400026950,155 734 278,A01,1.0,7.0,0,2,7,12,1.0,
202400026951,155 734 275,B01,2.0,34.0,0,2,8,3,1.0,
202400026952,155 734 274,A01,2.0,10.0,3,0,1,1,1.0,
202400026953,155 734 269,A01,2.0,2.0,0,2,1,5,1.0,
202400026954,155 734 268,B01,1.0,7.0,0,2,4,1,1.0,
202400026955,155 734 266,B01,1.0,10.0,0,0,7,15,1.0,
202400026956,155 734 264,A01,2.0,32.0,0,0,8,2,1.0,
202400026957,155 734 263,A01,2.0,7.0,0,1,1,1,1.0,
202400026958,155 734 261,B01,1.0,7.0,0,2,7,12,1.0,
202400026959,155 734 259,A01,1.0,13.0,0,2,1,1,0.0,
202400026960,155 734 257,A01,1.0,7.0,0,2,4,2,1.0,
202400026961,155 734 255,A01,1.0,7.0,0,2,1,13,1.0,
202400026962,155 734 253,A01,1.0,33.0,0,2,3,3,1.0,
202400026963,155 734 251,A01,2.0,7.0,0,2,2,15,1.0,
202400026964,155 734 249,B01,1.0,7.0,0,2,2,1,1.0,
202400026965,155 734 247,A01,2.0,15.0,0,1,2,1,1.0,
202400026966,155 734 244,A01,1.0,33.0,0,2,1,3,1.0,
202400026967,155 734 240,A01,2.0,7.0,0,2,3,13,1.0,
202400026968,155 734 237,A01,2.0,7.0,9,2,1,1,1.0,
202400026969,155 734 239,A01,2.0,7.0,0,2,7,1,1.0,
202400026970,155 734 234,B01,2.0,10.0,0,2,4,23,1.0,
202400026971,155 734 233,A01,1.0,7.0,0,1,1,1,1.0,
202400026972,155 734 231,A01,1.0,7.0,0,2,1,2,1.0,
202400026973,155 734 229,B01,2.0,1.0,0,9,4,2,5.0,
202400026974,155 734 227,A01,1.0,7.0,0,2,1,2,0.0,
202400026975,155 734 225,A01,1.0,7.0,9,0,1,2,1.0,
202400026976,155 734 224,A01,1.0,7.0,13,2,1,0,3.0,
202400026977,155 734 222,A01,1.0,33.0,0,2,1,3,1.0,
202400026978,155 734 221,A01,1.0,33.0,0,5,1,1,1.0,
202400026979,155 734 220,B01,1.0,33.0,0,2,8,1,0.0,
202400026980,155 734 218,B01,2.0,7.0,0,2,7,14,6.0,
202400026981,155 734 216,A01,2.0,7.0,0,2,8,11,1.0,
202400026982,155 734 214,A01,2.0,32.0,0,2,1,3,1.0,
202400026983,155 734 213,A01,1.0,33.0,0,0,2,9,1.0,
202400026984,155 734 209,A01,2.0,17.0,0,2,2,12,1.0,
202400026985,155 734 208,A01,2.0,7.0,0,2,2,3,1.0,
202400026986,155 734 206,B01,1.0,7.0,0,2,4,1,1.0,
202400026987,155 734 204,A01,2.0,31.0,0,2,1,3,1.0,
202400026988,155 734 202,A01,2.0,7.0,0,2,1,19,1.0,
202400026989,155 734 198,B01,1.0,7.0,0,0,4,1,1.0,
202400026990,155 734 196,A01,2.0,33.0,0,2,8,21,1.0,
202400026991,155 734 193,A01,1.0,7.0,0,2,0,19,0.0,
202400026992,155 734 191,A01,1.0,7.0,0,2,4,2,1.0,
202400026993,155 734 186,A01,1.0,7.0,0,2,7,13,1.0,
202400026994,155 734 184,B01,2.0,15.0,0,2,1,2,1.0,
202400026995,155 734 181,A01,1.0,7.0,0,2,3,15,1.0,
202400026996,155 734 178,A01,1.0,2.0,0,0,0,1,1.0,
202400026997,155 734 176,B01,2.0,10.0,0,2,6,1,1.0,
202400026998,155 734 174,A01,1.0,7.0,8,0,0,0,1.0,
202400026999,155 734 173,B01,1.0,7.0,0,2,3,13,1.0,
202400027000,155 734 172,A01,1.0,7.0,0,1,2,1,1.0,
202400027001,155 734 171,A01,2.0,7.0,0,0,9,1,1.0,