Num_Acc,id_vehicule,num_veh,senc,catv,obs,obsm,choc,manv,motor,occutc
202400027002,155 734 169,A01,2.0,3.0,0,2,0,0,1.0,
202400027003,155 734 168,A01,0.0,7.0,0,1,3,1,2.0,
202400027004,155 734 165,B01,2.0,10.0,0,2,2,1,1.0,
202400027005,155 734 164,A01,3.0,50.0,0,2,1,1,3.0,
202400027006,155 734 163,A01,2.0,7.0,0,1,1,1,1.0,
202400027007,155 734 160,A01,2.0,7.0,0,2,3,11,1.0,
202400027008,155 734 159,A01,2.0,7.0,0,9,2,15,1.0,
202400027009,155 734 157,A01,2.0,7.0,0,1,1,1,1.0,
202400027010,155 734 156,A01,3.0,10.0,0,2,6,15,1.0,
202400027011,155 734 154,B01,2.0,1.0,0,2,1,1,5.0,
202400027012,155 734 153,A01,1.0,7.0,12,1,3,15,1.0,
202400027013,155 734 152,A01,2.0,7.0,0,0,9,0,1.0,
202400027014,155 734 149,A01,2.0,33.0,0,2,2,0,1.0,
202400027015,155 734 147,B01,1.0,1.0,0,0,7,1,5.0,
202400027016,155 734 146,A01,1.0,7.0,6,0,1,1,2.0,
202400027017,155 734 145,A01,2.0,80.0,0,0,0,1,3.0,
202400027018,155 734 143,A01,1.0,7.0,0,2,4,11,1.0,
202400027019,155 734 141,A01,1.0,7.0,0,2,1,0,1.0,
202400027020,155 734 140,A01,3.0,7.0,1,0,2,0,1.0,
202400027021,155 734 138,A01,1.0,7.0,0,2,3,1,1.0,
202400027022,155 734 137,A01,1.0,7.0,3,0,2,2,1.0,
202400027023,155 734 136,A01,1.0,7.0,2,0,8,16,1.0,
202400027024,155 734 134,B01,1.0,7.0,0,2,2,1,1.0,
202400027025,155 734 133,A01,3.0,31.0,0,2,0,1,1.0,
202400027026,155 734 130,B01,3.0,7.0,0,2,6,1,1.0,
202400027027,155 734 128,A01,2.0,30.0,0,2,8,1,1.0,
202400027028,155 734 127,A01,3.0,10.0,0,1,3,15,0.0,
202400027029,155 734 125,A01,1.0,10.0,0,2,1,2,1.0,
202400027030,155 734 124,A01,1.0,7.0,0,0,3,1,1.0,
202400027031,155 734 123,A01,1.0,7.0,4,0,1,2,1.0,
202400027032,155 734 122,A01,1.0,2.0,0,2,1,1,3.0,
202400027033,155 734 121,A01,3.0,7.0,8,0,3,13,3.0,
202400027034,155 734 119,A01,1.0,7.0,0,2,1,13,1.0,
202400027035,155 734 117,A01,2.0,43.0,0,2,1,1,1.0,
202400027036,155 734 115,A01,1.0,33.0,0,2,7,14,1.0,
202400027037,155 734 114,A01,3.0,7.0,0,1,3,1,1.0,
202400027038,155 734 112,A01,1.0,7.0,0,2,3,15,1.0,
202400027039,155 734 110,B01,2.0,10.0,0,2,4,16,1.0,
202400027040,155 734 108,A01,3.0,15.0,0,2,1,1,1.0,
202400027041,155 734 106,B01,3.0,10.0,0,2,7,1,1.0,
202400027042,155 734 104,B01,3.0,50.0,0,2,1,1,3.0,
202400027043,155 734 102,A01,1.0,32.0,1,9,1,13,1.0,
202400027044,155 734 100,A01,3.0,7.0,0,2,3,26,1.0,
202400027045,155 734 098,A01,1.0,7.0,0,2,2,26,1.0,
202400027046,155 734 094,A01,3.0,50.0,0,9,0,0,3.0,
202400027047,155 734 093,A01,0.0,14.0,0,1,4,4,1.0,
202400027048,155 734 091,A01,2.0,33.0,0,2,1,1,1.0,
202400027049,155 734 090,A01,2.0,7.0,0,1,3,1,1.0,
202400027050,155 734 088,B01,2.0,2.0,0,2,1,1,1.0,
202400027051,155 734 086,A01,2.0,7.0,0,2,8,15,1.0,
202400027052,155 734 085,A01,1.0,50.0,0,0,0,0,3.0,
202400027053,155 734 082,A01,3.0,7.0,0,2,3,9,1.0,
202400027054,155 734 081,B01,0.0,32.0,0,2,3,15,1.0,
202400027055,155 734 080,A01,1.0,7.0,0,1,1,15,1.0,
202400027056,155 734 078,B01,1.0,7.0,0,2,1,1,1.0,
202400027057,155 734 076,A01,1.0,7.0,0,2,1,2,1.0,
202400027058,155 734 074,A01,1.0,7.0,0,2,1,1,1.0,
202400027059,155 734 072,B01,2.0,10.0,0,2,3,0,0.0,
202400027060,155 734 071,A01,1.0,7.0,0,1,3,0,3.0,
202400027061,155 734 070,A01,1.0,1.0,0,0,7,1,5.0,
202400027062,155 734 069,A01,1.0,7.0,2,0,3,19,2.0,
202400027063,155 734 067,B01,0.0,2.0,0,2,8,21,3.0,
202400027064,155 734 063,A01,1.0,7.0,0,2,7,15,1.0,
202400027065,155 734 064,B01,1.0,7.0,0,2,4,1,1.0,
202400027066,155 734 059,B01,3.0,7.0,0,2,4,1,1.0,
202400027067,155 734 058,B01,2.0,1.0,0,2,1,1,5.0,
202400027068,155 734 057,A01,2.0,50.0,0,1,1,26,3.0,
202400027069,155 734 055,A01,3.0,7.0,0,1,1,26,1.0,
202400027070,155 734 054,A01,1.0,7.0,0,2,7,0,1.0,
202400027071,155 734 052,A01,1.0,7.0,0,2,3,15,1.0,
202400027072,155 734 051,A01,2.0,7.0,0,1,8,1,1.0,
202400027073,155 734 049,A01,2.0,7.0,0,2,1,13,1.0,
202400027074,155 734 046,A01,2.0,7.0,0,2,3,5,1.0,
202400027075,155 734 045,A01,3.0,7.0,0,2,2,21,1.0,
202400027076,155 734 042,A01,1.0,7.0,0,0,1,1,1.0,
202400027077,155 734 041,B01,3.0,2.0,0,2,2,26,3.0,
202400027078,155 734 040,A01,1.0,7.0,11,0,1,1,1.0,
202400027079,155 734 039,A01,1.0,7.0,8,0,9,1,1.0,
202400027080,155 734 038,A01,2.0,30.0,0,0,8,1,1.0,
202400027081,155 734 034,C01,2.0,7.0,0,2,1,1,1.0,
202400027082,155 734 031,A01,2.0,7.0,0,2,1,2,1.0,
202400027083,155 734 030,B01,1.0,80.0,0,2,1,13,3.0,
202400027084,155 734 027,A01,3.0,7.0,0,2,1,16,1.0,
202400027085,155 734 026,B01,1.0,33.0,0,2,1,1,1.0,
202400027086,155 734 024,A01,3.0,31.0,0,2,1,17,1.0,
202400027087,155 734 022,A01,2.0,1.0,0,2,7,0,5.0,
202400027088,155 734 020,A01,2.0,7.0,0,2,1,1,1.0,
202400027089,155 734 018,A01,2.0,10.0,0,2,1,2,1.0,
202400027090,155 734 016,A01,2.0,1.0,0,2,4,2,5.0,
202400027091,155 734 015,A01,3.0,1.0,0,0,0,0,5.0,
202400027092,155 734 014,A01,2.0,2.0,0,1,1,1,1.0,
202400027093,155 734 012,B01,1.0,30.0,0,2,1,1,1.0,
202400027094,155 734 011,A01,3.0,7.0,0,1,2,1,1.0,
202400027095,155 734 010,A01,3.0,50.0,0,1,1,1,3.0,
202400027096,155 734 008,A01,3.0,7.0,0,2,1,1,0.0,
202400027097,155 734 006,A01,1.0,50.0,1,0,1,14,3.0,
202400027098,155 734 005,A01,1.0,30.0,0,0,3,1,1.0,
202400027099,155 734 002,A01,1.0,7.0,6,0,1,1,0.0,
202400027100,155 733 999,A01,2.0,33.0,4,0,7,14,1.0,
202400027101,155 733 997,A01,1.0,7.0,0,2,1,13,1.0,
202400027102,155 733 992,A01,1.0,7.0,4,2,1,1,1.0,
202400027103,155 733 988,A01,1.0,33.0,0,2,1,12,1.0,
202400027104,155 733 981,B01,3.0,7.0,0,2,4,2,1.0,
202400027105,155 733 982,A01,2.0,7.0,0,2,1,2,1.0,
202400027106,155 733 980,A01,3.0,7.0,15,0,9,1,1.0,
202400027107,155 733 977,A01,3.0,7.0,0,2,7,1,1.0,
202400027108,155 733 979,A01,0.0,10.0,0,1,1,16,3.0,
202400027109,155 733 974,A01,1.0,7.0,0,2,1,17,1.0,
202400027110,155 733 975,A01,2.0,7.0,0,1,6,1,1.0,
202400027111,155 733 971,A01,1.0,7.0,0,1,2,1,1.0,
202400027112,155 733 966,A01,3.0,7.0,0,2,2,13,1.0,
202400027113,155 733 967,Z01,1.0,7.0,0,1,8,1,0.0,
202400027114,155 733 962,B01,2.0,1.0,0,2,3,1,5.0,
202400027115,155 733 961,B01,2.0,7.0,0,2,3,1,1.0,
202400027116,155 733 958,A01,3.0,31.0,0,2,8,18,1.0,
202400027117,155 733 954,A01,2.0,33.0,0,2,1,17,1.0,
202400027118,155 733 952,A01,1.0,30.0,0,2,1,1,1.0,
202400027119,155 733 951,A01,1.0,30.0,0,9,1,18,1.0,
202400027120,155 733 949,A01,1.0,10.0,0,2,1,15,1.0,
202400027121,155 733 948,B01,1.0,80.0,14,1,3,26,3.0,
202400027122,155 733 946,A01,2.0,7.0,0,2,8,15,1.0,
202400027123,155 733 943,B01,2.0,2.0,0,2,1,1,3.0,
202400027124,155 733 940,A01,3.0,7.0,0,2,2,16,1.0,
202400027125,155 733 939,B01,2.0,80.0,1,0,1,1,3.0,
202400027126,155 733 936,B01,1.0,7.0,0,2,8,1,1.0,
202400027127,155 733 935,A01,2.0,50.0,12,2,1,1,3.0,
202400027128,155 733 934,A01,3.0,7.0,0,1,1,0,1.0,
202400027129,155 733 932,B01,1.0,7.0,0,2,8,0,1.0,
202400027130,155 733 930,B01,1.0,10.0,0,2,3,1,1.0,
202400027131,155 733 929,A01,1.0,7.0,15,0,2,2,2.0,
202400027132,155 733 925,A01,3.0,34.0,0,2,1,1,1.0,
202400027133,155 733 924,B01,1.0,2.0,0,2,0,0,1.0,
202400027134,155 733 922,A01,1.0,33.0,0,2,3,17,1.0,
202400027135,155 733 919,A01,1.0,7.0,3,0,2,1,1.0,
202400027136,155 733 920,B01,0.0,10.0,0,2,0,0,1.0,
202400027137,155 733 918,A01,1.0,50.0,12,0,2,14,3.0,
202400027138,155 733 916,A01,3.0,7.0,0,1,7,1,1.0,
202400027139,155 733 914,A01,2.0,10.0,0,2,1,19,1.0,
202400027140,155 733 913,A01,2.0,2.0,0,2,1,26,3.0,
202400027141,155 733 912,A01,1.0,7.0,0,1,1,19,1.0,
202400027142,155 733 910,B01,2.0,2.0,0,2,1,1,1.0,
202400027143,155 733 907,A01,1.0,31.0,0,1,7,1,1.0,
202400027144,155 733 908,A01,1.0,7.0,1,0,6,15,1.0,
202400027145,155 733 906,A01,1.0,7.0,0,1,1,26,1.0,
202400027146,155 733 904,B01,0.0,31.0,0,0,0,0,0.0,
202400027147,155 733 902,A01,1.0,32.0,0,2,1,2,1.0,
202400027148,155 733 901,A01,0.0,30.0,0,1,5,26,3.0,
202400027149,155 733 899,A01,1.0,32.0,0,2,1,1,1.0,
202400027150,155 733 897,A01,1.0,33.0,0,2,2,11,1.0,
202400027151,155 733 896,A01,1.0,7.0,3,1,1,1,1.0,
202400027152,155 733 894,A01,1.0,34.0,0,2,1,26,1.0,
202400027153,155 733 892,A01,2.0,32.0,0,2,1,3,1.0,
202400027154,155 733 890,A01,1.0,37.0,0,0,0,1,2.0,5
202400027155,155 733 889,A01,3.0,7.0,0,2,3,2,1.0,
202400027156,155 733 888,A01,1.0,7.0,4,0,1,20,1.0,
202400027157,155 733 885,A01,2.0,7.0,0,2,2,17,1.0,
202400027158,155 733 884,A01,1.0,7.0,0,2,6,20,1.0,
202400027159,155 733 881,A01,1.0,7.0,0,1,2,16,1.0,
202400027160,155 733 879,C01,3.0,10.0,0,2,4,2,0.0,
202400027161,155 733 877,A01,1.0,7.0,0,1,1,16,2.0,
202400027162,155 733 876,B01,2.0,2.0,1,0,2,1,3.0,
202400027163,155 733 875,Z01,3.0,7.0,1,1,4,0,1.0,
202400027164,155 733 871,A01,2.0,2.0,0,2,7,2,3.0,
202400027165,155 733 872,A01,1.0,2.0,0,2,7,1,1.0,
202400027166,155 733 869,A01,2.0,33.0,3,2,0,0,1.0,
202400027167,155 733 867,A01,1.0,33.0,8,0,0,2,1.0,
202400027168,155 733 866,A01,1.0,7.0,0,2,3,13,1.0,
202400027169,155 733 864,B01,2.0,50.0,0,2,0,1,3.0,
202400027170,155 733 862,A01,1.0,7.0,0,1,1,1,1.0,
202400027171,155 733 863,A01,0.0,33.0,12,0,7,1,1.0,
202400027172,155 733 860,A01,1.0,7.0,0,0,9,14,1.0,
202400027173,155 733 859,A01,2.0,7.0,0,1,1,1,1.0,
202400027174,155 733 856,A01,1.0,43.0,0,2,1,2,1.0,
202400027175,155 733 855,A01,2.0,7.0,0,2,3,9,1.0,
202400027176,155 733 853,A01,2.0,50.0,0,2,1,1,3.0,
202400027177,155 733 850,A01,3.0,7.0,8,0,1,0,3.0,
202400027178,155 733 851,A01,2.0,7.0,0,2,2,15,1.0,
202400027179,155 733 847,B01,1.0,30.0,0,2,1,1,1.0,
202400027180,155 733 846,A01,0.0,32.0,14,0,0,13,1.0,
202400027181,155 733 845,A01,1.0,7.0,0,1,1,15,1.0,
202400027182,155 733 843,A01,1.0,7.0,0,2,8,1,1.0,
202400027183,155 733 842,A01,2.0,1.0,0,0,8,9,5.0,
202400027184,155 733 841,A01,1.0,7.0,0,1,2,1,1.0,
202400027185,155 733 839,B01,2.0,7.0,0,2,1,9,1.0,
202400027186,155 733 836,B01,3.0,14.0,0,2,2,1,1.0,
202400027187,155 733 835,A01,1.0,7.0,0,2,1,16,1.0,
202400027188,155 733 833,A01,3.0,7.0,2,0,9,15,1.0,
202400027189,155 733 832,A01,3.0,7.0,0,2,6,15,1.0,
202400027190,155 733 829,A01,2.0,7.0,5,0,1,1,1.0,
202400027191,155 733 828,B01,1.0,7.0,0,2,4,23,1.0,
202400027192,155 733 827,A01,1.0,7.0,13,0,1,1,1.0,
202400027193,155 733 824,B01,3.0,32.0,0,2,1,1,1.0,
202400027194,155 733 823,B01,1.0,7.0,0,2,2,1,1.0,
202400027195,155 733 822,A01,1.0,7.0,0,1,1,1,1.0,
202400027196,155 733 821,A01,3.0,2.0,0,0,7,1,1.0,
202400027197,155 733 820,A01,2.0,7.0,4,0,8,11,1.0,
202400027198,155 733 817,A01,1.0,7.0,2,0,1,21,1.0,
202400027199,155 733 818,A01,2.0,50.0,0,2,1,0,3.0,
202400027200,155 733 816,A01,1.0,33.0,10,0,8,0,1.0,
202400027201,155 733 815,A01,1.0,7.0,0,1,1,1,1.0,
202400027202,155 733 811,A01,1.0,7.0,6,0,7,1,1.0,
202400027203,155 733 810,B01,3.0,7.0,0,9,3,15,1.0,
202400027204,155 733 808,A01,1.0,7.0,0,2,2,15,1.0,
202400027205,155 733 806,A01,1.0,7.0,0,2,7,15,1.0,
202400027206,155 733 804,B01,1.0,14.0,0,0,4,1,1.0,
202400027207,155 733 802,A01,2.0,30.0,0,2,1,2,1.0,
202400027208,155 733 800,B01,2.0,80.0,0,2,8,19,3.0,
202400027209,155 733 798,B01,3.0,7.0,0,2,3,1,1.0,
202400027210,155 733 796,A01,1.0,7.0,0,2,1,1,1.0,
202400027211,155 733 794,A01,1.0,7.0,0,2,4,2,1.0,
202400027212,155 733 789,B01,1.0,50.0,0,2,8,19,3.0,
202400027213,155 733 786,B01,2.0,7.0,0,0,8,1,1.0,
202400027214,155 733 783,A01,0.0,32.0,0,2,7,1,1.0,
202400027215,155 733 779,A01,2.0,33.0,4,2,4,5,1.0,
202400027216,155 733 778,A01,1.0,7.0,0,1,1,1,1.0,
202400027217,155 733 777,A01,1.0,7.0,0,1,1,15,1.0,
202400027218,155 733 776,A01,2.0,33.0,11,0,1,17,1.0,
202400027219,155 733 774,B01,1.0,15.0,0,2,1,1,1.0,
202400027220,155 733 772,A01,2.0,7.0,0,2,1,2,1.0,
202400027221,155 733 771,A01,1.0,33.0,13,0,0,1,1.0,
202400027222,155 733 769,A01,3.0,37.0,14,0,3,1,1.0,1
202400027223,155 733 768,A01,1.0,10.0,0,1,4,4,1.0,
202400027224,155 733 765,A01,2.0,7.0,0,2,0,1,1.0,
202400027225,155 733 767,A01,1.0,7.0,0,0,9,1,1.0,
202400027226,155 733 764,A01,1.0,33.0,16,0,9,1,1.0,
202400027227,155 733 763,A01,0.0,7.0,0,1,1,1,1.0,
202400027228,155 733 761,A01,2.0,7.0,0,2,3,17,1.0,
202400027229,155 733 758,C01,3.0,7.0,0,2,1,9,1.0,
202400027230,155 733 757,B01,2.0,17.0,0,2,0,0,1.0,
202400027231,155 733 756,A01,2.0,3.0,8,0,1,1,1.0,
202400027232,155 733 753,C01,2.0,7.0,0,2,4,23,1.0,
202400027233,155 733 750,A01,2.0,10.0,0,2,2,2,1.0,
202400027234,155 733 749,A01,2.0,7.0,2,0,1,1,1.0,
202400027235,155 733 745,C01,1.0,15.0,0,2,4,2,1.0,
202400027236,155 733 744,B01,2.0,2.0,0,2,1,1,1.0,
202400027237,155 733 742,A01,1.0,7.0,0,2,8,13,3.0,
202400027238,155 733 739,A01,1.0,7.0,3,0,1,21,1.0,
202400027239,155 733 740,B01,1.0,7.0,0,2,4,0,1.0,
202400027240,155 733 735,A01,3.0,7.0,0,2,1,1,1.0,
202400027241,155 733 734,A01,1.0,10.0,0,2,4,2,1.0,
202400027242,155 733 733,A01,1.0,33.0,12,0,9,1,1.0,
202400027243,155 733 731,A01,3.0,7.0,0,2,6,16,1.0,
202400027244,155 733 729,B01,1.0,7.0,0,2,5,12,1.0,
202400027245,155 733 727,A01,1.0,7.0,6,0,2,15,1.0,
202400027246,155 733 726,A01,1.0,31.0,0,2,8,0,1.0,
202400027247,155 733 724,A01,1.0,33.0,0,0,0,3,1.0,
202400027248,155 733 723,A01,1.0,7.0,0,0,0,1,1.0,
202400027249,155 733 721,A01,1.0,7.0,0,1,4,20,1.0,
202400027250,155 733 719,A01,1.0,10.0,0,2,7,12,1.0,
202400027251,155 733 718,C01,1.0,7.0,0,2,4,1,1.0,
202400027252,155 733 717,Z01,2.0,7.0,0,1,1,1,0.0,
202400027253,155 733 715,A01,1.0,7.0,0,1,2,21,1.0,
202400027254,155 733 713,A01,1.0,10.0,0,2,1,2,1.0,
202400027255,155 733 711,A01,1.0,10.0,0,1,2,0,0.0,
202400027256,155 733 710,A01,2.0,2.0,0,2,1,1,1.0,
202400027257,155 733 708,B01,1.0,1.0,0,2,0,1,5.0,
202400027258,155 733 707,A01,3.0,7.0,0,1,3,1,1.0,
202400027259,155 733 706,A01,1.0,7.0,0,1,8,1,0.0,
202400027260,155 733 705,A01,2.0,7.0,0,1,2,16,1.0,
202400027261,155 733 704,A01,1.0,7.0,0,1,8,16,1.0,
202400027262,155 733 703,A01,3.0,10.0,0,1,6,4,1.0,
202400027263,155 733 701,A01,3.0,7.0,0,1,1,2,1.0,
202400027264,155 733 700,A01,1.0,7.0,0,2,3,15,1.0,
202400027265,155 733 699,A01,0.0,7.0,1,0,1,14,2.0,
202400027266,155 733 698,A01,2.0,7.0,0,1,1,1,1.0,
202400027267,155 733 697,A01,3.0,7.0,0,1,2,1,1.0,
202400027268,155 733 694,A01,2.0,7.0,0,2,0,1,1.0,
202400027269,155 733 693,B01,1.0,7.0,0,2,3,0,1.0,
202400027270,155 733 691,A01,1.0,7.0,0,2,5,1,1.0,
202400027271,155 733 690,A01,1.0,10.0,0,1,2,16,1.0,
202400027272,155 733 688,A01,2.0,7.0,13,0,0,2,1.0,
202400027273,155 733 687,A01,3.0,50.0,0,2,2,9,3.0,
202400027274,155 733 685,A01,3.0,7.0,0,1,3,1,1.0,
202400027275,155 733 684,B01,1.0,33.0,0,2,1,21,1.0,
202400027276,155 733 682,A01,1.0,2.0,0,0,0,26,1.0,
202400027277,155 733 683,A01,3.0,7.0,12,1,3,1,0.0,
202400027278,155 733 681,A01,1.0,10.0,0,1,3,16,3.0,
202400027279,155 733 680,A01,3.0,7.0,0,1,6,26,1.0,
202400027280,155 733 678,A01,1.0,33.0,0,2,1,2,1.0,
202400027281,155 733 676,B01,2.0,1.0,0,2,1,1,5.0,
202400027282,155 733 674,B01,1.0,7.0,12,2,1,13,1.0,
202400027283,155 733 673,A01,2.0,7.0,15,0,1,14,1.0,
202400027284,155 733 668,A01,3.0,7.0,0,2,1,2,0.0,
202400027285,155 733 666,B01,3.0,7.0,0,2,4,1,1.0,
202400027286,155 733 664,A01,2.0,7.0,0,2,1,2,1.0,
202400027287,155 733 663,A01,3.0,32.0,0,2,3,21,1.0,
202400027288,155 733 661,A01,1.0,7.0,1,0,1,20,2.0,
202400027289,155 733 659,A01,3.0,7.0,0,2,0,15,1.0,
202400027290,155 733 657,A01,2.0,7.0,0,2,3,9,1.0,
202400027291,155 733 655,A01,3.0,7.0,1,2,2,15,1.0,
202400027292,155 733 654,A01,3.0,7.0,0,1,2,9,1.0,
202400027293,155 733 652,A01,1.0,33.0,0,0,0,1,1.0,
202400027294,155 733 651,A01,1.0,7.0,0,2,3,15,1.0,
202400027295,155 733 650,A01,1.0,0.0,0,1,1,0,1.0,
202400027296,155 733 649,A01,1.0,7.0,0,1,3,1,2.0,
202400027297,155 733 646,A01,3.0,7.0,0,2,2,15,1.0,
202400027298,155 733 645,D01,2.0,33.0,0,2,1,9,,
202400027299,155 733 642,A01,3.0,7.0,0,2,3,19,1.0,
202400027300,155 733 641,A01,1.0,7.0,0,9,1,1,1.0,
202400027301,155 733 638,A01,1.0,14.0,0,2,3,15,0.0,
202400027302,155 733 637,A01,3.0,7.0,0,2,3,16,1.0,
202400027303,155 733 634,A01,3.0,7.0,0,2,2,1,1.0,
202400027304,155 733 633,B01,3.0,10.0,0,2,1,1,1.0,
202400027305,155 733 629,B01,2.0,10.0,0,1,3,1,1.0,
202400027306,155 733 630,A01,2.0,7.0,0,2,3,15,1.0,
202400027307,155 733 625,B01,1.0,60.0,0,2,8,2,5.0,
202400027308,155 733 623,C01,2.0,33.0,0,2,1,1,1.0,
202400027309,155 733 622,B01,1.0,2.0,1,2,2,1,1.0,
202400027310,155 733 621,A01,1.0,7.0,0,1,1,1,1.0,
202400027311,155 733 619,A01,2.0,7.0,9,0,6,26,2.0,
202400027312,155 733 618,B01,3.0,2.0,0,2,1,15,1.0,
202400027313,155 733 617,A01,3.0,30.0,0,0,8,21,1.0,
202400027314,155 733 614,B01,3.0,7.0,0,2,1,0,2.0,
202400027315,155 733 611,A01,1.0,7.0,0,2,7,15,1.0,
202400027316,155 733 612,A01,1.0,7.0,0,2,3,15,1.0,
202400027317,155 733 610,A01,0.0,7.0,0,1,3,1,1.0,
202400027318,155 733 607,A01,1.0,7.0,0,2,7,1,2.0,
202400027319,155 733 606,A01,3.0,7.0,0,2,2,26,1.0,
202400027320,155 733 605,A01,1.0,2.0,3,0,1,26,1.0,
202400027321,155 733 604,A01,1.0,7.0,1,0,1,1,0.0,
202400027322,155 733 601,A01,1.0,7.0,0,2,2,16,1.0,
202400027323,155 733 600,A01,3.0,7.0,0,2,1,2,1.0,
202400027324,155 733 596,A01,1.0,7.0,0,2,6,12,1.0,
202400027325,155 733 597,A01,1.0,10.0,0,2,2,2,1.0,
202400027326,155 733 595,A01,1.0,7.0,13,0,0,13,1.0,
202400027327,155 733 592,A01,2.0,30.0,0,1,1,3,1.0,
202400027328,155 733 591,B01,3.0,7.0,0,2,6,17,1.0,
202400027329,155 733 590,B01,2.0,7.0,0,2,1,19,1.0,
202400027330,155 733 586,A01,2.0,7.0,1,2,1,1,1.0,
202400027331,155 733 587,A01,1.0,34.0,0,2,1,2,1.0,
202400027332,155 733 584,A01,3.0,7.0,0,1,1,1,1.0,
202400027333,155 733 583,A01,1.0,7.0,0,1,3,16,1.0,
202400027334,155 733 582,A01,1.0,7.0,12,0,3,13,1.0,
202400027335,155 733 578,A01,2.0,10.0,0,2,1,15,1.0,
202400027336,155 733 577,A01,3.0,1.0,0,2,7,1,5.0,
202400027337,155 733 576,B01,2.0,99.0,0,0,0,0,0.0,
202400027338,155 733 574,A01,3.0,1.0,0,2,7,1,5.0,
202400027339,155 733 572,A01,1.0,7.0,12,0,2,20,1.0,
202400027340,155 733 571,B01,3.0,7.0,0,2,1,2,1.0,
202400027341,155 733 568,A01,2.0,7.0,0,2,2,10,1.0,
202400027342,155 733 567,B01,0.0,37.0,0,2,1,1,1.0,4
202400027343,155 733 566,A01,1.0,7.0,0,1,1,19,1.0,
202400027344,155 733 564,A01,0.0,7.0,0,1,1,23,1.0,
202400027345,155 733 563,A01,1.0,7.0,0,1,6,4,1.0,
202400027346,155 733 562,A01,2.0,30.0,0,2,8,10,1.0,
202400027347,155 733 559,A01,3.0,7.0,0,2,4,23,1.0,
202400027348,155 733 560,A01,3.0,37.0,0,1,2,15,2.0,1
202400027349,155 733 556,B01,1.0,60.0,0,2,1,19,5.0,
202400027350,155 733 552,A01,3.0,7.0,0,2,2,16,1.0,
202400027351,155 733 551,C01,2.0,7.0,0,2,0,2,1.0,
202400027352,155 733 550,B01,2.0,2.0,0,2,1,1,1.0,
202400027353,155 733 549,A01,1.0,33.0,12,1,1,1,1.0,
202400027354,155 733 547,Z01,2.0,0.0,0,1,1,2,1.0,
202400027355,155 733 546,A01,1.0,39.0,0,1,1,26,2.0,
202400027356,155 733 544,B01,3.0,33.0,0,2,1,1,0.0,
202400027357,155 733 541,A01,1.0,7.0,2,0,1,1,1.0,
202400027358,155 733 538,A01,1.0,10.0,0,1,1,1,1.0,
202400027359,155 733 539,A01,1.0,7.0,13,0,9,1,1.0,
202400027360,155 733 537,A01,1.0,7.0,0,2,4,1,1.0,
202400027361,155 733 536,A01,1.0,3.0,0,1,2,13,3.0,
202400027362,155 733 534,A01,2.0,7.0,0,1,2,9,1.0,
202400027363,155 733 533,A01,3.0,30.0,0,2,1,1,1.0,
202400027364,155 733 531,A01,3.0,7.0,0,1,0,26,0.0,
202400027365,155 733 530,A01,1.0,7.0,0,2,1,2,1.0,
202400027366,155 733 529,A01,1.0,10.0,0,1,1,0,1.0,
202400027367,155 733 526,B01,3.0,7.0,0,2,3,15,0.0,
202400027368,155 733 525,A01,3.0,7.0,0,2,1,1,1.0,
202400027369,155 733 524,A01,3.0,7.0,0,9,1,15,1.0,
202400027370,155 733 522,A01,0.0,50.0,0,0,0,1,3.0,
202400027371,155 733 518,A01,2.0,50.0,0,2,1,1,3.0,
202400027372,155 733 516,B01,1.0,2.0,0,0,0,0,1.0,
202400027373,155 733 514,A01,1.0,7.0,0,1,5,17,1.0,
202400027374,155 733 512,A01,1.0,10.0,6,0,1,13,1.0,
202400027375,155 733 510,A01,0.0,31.0,0,0,7,1,1.0,
202400027376,155 733 507,A01,3.0,50.0,0,9,4,0,3.0,
202400027377,155 733 511,B01,1.0,30.0,0,2,4,2,1.0,
202400027378,155 733 506,A01,1.0,7.0,0,2,1,15,1.0,
202400027379,155 733 505,A01,0.0,7.0,0,1,1,1,1.0,
202400027380,155 733 500,A01,0.0,7.0,0,1,1,1,1.0,
202400027381,155 733 502,A01,0.0,99.0,0,2,3,11,1.0,
202400027382,155 733 501,A01,2.0,10.0,0,2,5,16,1.0,
202400027383,155 733 499,A01,1.0,1.0,0,2,0,0,5.0,
202400027384,155 733 496,A01,3.0,10.0,0,1,4,20,1.0,
202400027385,155 733 495,A01,1.0,7.0,0,2,1,26,1.0,
202400027386,155 733 494,A01,0.0,60.0,0,2,1,1,5.0,
202400027387,155 733 492,A01,3.0,7.0,0,2,1,15,1.0,
202400027388,155 733 491,A01,1.0,7.0,0,1,1,1,6.0,
202400027389,155 733 489,A01,1.0,7.0,0,1,4,20,1.0,
202400027390,155 733 486,A01,2.0,7.0,0,0,2,1,1.0,
202400027391,155 733 484,B01,1.0,2.0,0,2,8,1,1.0,
202400027392,155 733 482,B01,3.0,7.0,0,0,4,2,1.0,
202400027393,155 733 479,A01,3.0,10.0,3,2,1,1,1.0,
202400027394,155 733 478,A01,2.0,7.0,0,2,1,15,1.0,
202400027395,155 733 473,A01,1.0,3.0,0,1,2,26,0.0,
202400027396,155 733 471,C01,1.0,7.0,0,0,0,0,,
202400027397,155 733 472,B01,1.0,31.0,0,2,1,18,1.0,
202400027398,155 733 470,B01,2.0,2.0,0,2,7,1,1.0,