Num_Acc,id_vehicule,num_veh,senc,catv,obs,obsm,choc,manv,motor,occutc
202400027399,155 733 465,A01,3.0,7.0,0,2,3,9,1.0,
202400027400,155 733 464,A01,3.0,7.0,0,2,3,0,1.0,
202400027401,155 733 462,B01,2.0,7.0,0,2,3,1,1.0,
202400027402,155 733 463,A01,1.0,7.0,0,2,4,1,3.0,
202400027403,155 733 461,A01,3.0,7.0,0,1,1,1,1.0,
202400027404,155 733 457,A01,1.0,10.0,0,2,1,15,1.0,
202400027405,155 733 456,A01,2.0,7.0,0,2,3,15,1.0,
202400027406,155 733 455,A01,1.0,7.0,0,2,1,2,1.0,
202400027407,155 733 454,A01,1.0,7.0,0,1,1,1,1.0,
202400027408,155 733 451,A01,1.0,10.0,0,1,2,21,1.0,
202400027409,155 733 450,B01,0.0,2.0,0,2,1,1,1.0,
202400027410,155 733 449,A01,2.0,7.0,0,2,2,19,1.0,
202400027411,155 733 448,A01,2.0,30.0,11,0,1,16,1.0,
202400027412,155 733 447,A01,3.0,7.0,0,1,3,1,1.0,
202400027413,155 733 446,A01,3.0,7.0,0,1,8,2,1.0,
202400027414,155 733 444,A01,2.0,7.0,0,2,3,15,1.0,
202400027415,155 733 442,A01,3.0,33.0,5,0,1,1,1.0,
202400027416,155 733 440,A01,2.0,7.0,0,2,3,9,1.0,
202400027417,155 733 439,B01,3.0,7.0,0,2,4,2,1.0,
202400027418,155 733 436,A01,2.0,10.0,0,2,1,1,1.0,
202400027419,155 733 435,B01,3.0,7.0,0,2,1,1,1.0,
202400027420,155 733 434,A01,3.0,7.0,0,1,3,1,1.0,
202400027421,155 733 430,A01,3.0,7.0,0,2,1,2,1.0,
202400027422,155 733 429,A01,1.0,7.0,0,2,7,1,1.0,
202400027423,155 733 427,A01,0.0,7.0,0,1,1,1,1.0,
202400027424,155 733 426,A01,1.0,7.0,0,2,1,2,1.0,
202400027425,155 733 424,A01,1.0,10.0,0,1,1,2,1.0,
202400027426,155 733 421,A01,1.0,7.0,0,2,1,2,1.0,
202400027427,155 733 419,A01,1.0,7.0,0,2,5,1,1.0,
202400027428,155 733 420,B01,2.0,7.0,0,2,1,1,3.0,
202400027429,155 733 417,A01,2.0,10.0,0,1,1,1,1.0,
202400027430,155 733 415,A01,2.0,7.0,0,2,1,0,1.0,
202400027431,155 733 413,A01,0.0,7.0,0,2,1,15,1.0,
202400027432,155 733 412,B01,2.0,7.0,0,2,0,0,0.0,
202400027433,155 733 409,A01,3.0,7.0,2,0,1,9,1.0,
202400027434,155 733 408,A01,1.0,33.0,0,0,1,17,1.0,
202400027435,155 733 407,B01,1.0,7.0,0,2,3,1,1.0,
202400027436,155 733 406,A01,1.0,7.0,9,0,3,13,1.0,
202400027437,155 733 405,A01,1.0,33.0,14,0,1,16,1.0,
202400027438,155 733 402,A01,1.0,7.0,0,2,0,15,1.0,
202400027439,155 733 401,A01,1.0,7.0,0,2,2,9,3.0,
202400027440,155 733 400,A01,2.0,33.0,0,0,8,26,1.0,
202400027441,155 733 397,B01,1.0,7.0,0,2,5,4,1.0,
202400027442,155 733 396,Z01,1.0,10.0,0,1,1,1,6.0,
202400027443,155 733 399,A01,1.0,7.0,0,1,2,1,1.0,
202400027444,155 733 393,A01,2.0,7.0,1,0,2,14,1.0,
202400027445,155 733 389,B01,1.0,7.0,0,2,4,1,1.0,
202400027446,155 733 388,A01,1.0,7.0,1,2,8,22,1.0,
202400027447,155 733 386,A01,3.0,7.0,0,2,3,19,1.0,
202400027448,155 733 385,B01,3.0,50.0,0,2,8,1,3.0,
202400027449,155 733 383,A01,2.0,7.0,0,1,1,1,1.0,
202400027450,155 733 382,B01,2.0,7.0,0,2,8,1,1.0,
202400027451,155 733 380,A01,1.0,30.0,2,0,1,13,1.0,
202400027452,155 733 381,A01,3.0,7.0,0,1,1,2,1.0,
202400027453,155 733 378,A01,1.0,7.0,0,1,2,1,1.0,
202400027454,155 733 376,A01,2.0,7.0,0,1,1,1,6.0,
202400027455,155 733 371,C01,2.0,7.0,0,2,6,1,1.0,
202400027456,155 733 370,A01,3.0,7.0,0,2,1,2,1.0,
202400027457,155 733 369,A01,2.0,1.0,0,2,8,19,5.0,
202400027458,155 733 365,A01,3.0,7.0,0,1,1,1,1.0,
202400027459,155 733 364,B01,3.0,33.0,0,2,3,1,1.0,
202400027460,155 733 366,B01,3.0,50.0,0,2,2,1,3.0,
202400027461,155 733 363,A01,1.0,7.0,0,1,1,1,1.0,
202400027462,155 733 361,A01,2.0,7.0,0,1,4,26,1.0,
202400027463,155 733 360,A01,1.0,7.0,0,2,4,2,1.0,
202400027464,155 733 357,A01,3.0,7.0,0,2,3,15,0.0,
202400027465,155 733 354,A01,1.0,7.0,1,2,1,1,1.0,
202400027466,155 733 358,A01,2.0,7.0,0,1,1,1,1.0,
202400027467,155 733 353,B01,0.0,43.0,0,2,7,1,1.0,
202400027468,155 733 349,A01,2.0,31.0,0,2,1,1,1.0,
202400027469,155 733 350,B01,2.0,7.0,0,2,0,0,0.0,
202400027470,155 733 348,A01,2.0,7.0,0,1,2,26,3.0,
202400027471,155 733 346,A01,3.0,32.0,12,0,2,14,1.0,
202400027472,155 733 347,A01,3.0,50.0,0,1,1,5,3.0,
202400027473,155 733 345,A01,3.0,7.0,0,1,7,9,1.0,
202400027474,155 733 344,A01,3.0,30.0,1,0,1,26,1.0,
202400027475,155 733 342,B01,3.0,7.0,0,1,0,2,2.0,
202400027476,155 733 340,B01,1.0,60.0,0,0,0,0,5.0,
202400027477,155 733 341,A01,3.0,33.0,0,9,8,1,1.0,
202400027478,155 733 336,Z01,1.0,7.0,0,2,1,2,1.0,
202400027479,155 733 333,A01,3.0,1.0,0,2,5,2,5.0,
202400027480,155 733 332,A01,1.0,13.0,0,1,2,16,1.0,
202400027481,155 733 331,A01,3.0,2.0,0,2,0,0,1.0,
202400027482,155 733 330,Z01,1.0,7.0,0,1,0,1,0.0,
202400027483,155 733 329,A01,1.0,7.0,0,1,7,1,1.0,
202400027484,155 733 326,A01,1.0,1.0,0,2,0,1,5.0,
202400027485,155 733 323,B01,3.0,50.0,0,2,1,1,3.0,
202400027486,155 733 324,A01,1.0,7.0,0,2,6,15,1.0,
202400027487,155 733 321,B01,3.0,1.0,0,2,8,19,5.0,
202400027488,155 733 319,B01,1.0,7.0,0,1,2,1,2.0,
202400027489,155 733 317,A01,2.0,33.0,0,0,7,0,1.0,
202400027490,155 733 318,B01,2.0,7.0,0,2,8,1,1.0,
202400027491,155 733 315,A01,3.0,30.0,0,2,0,21,1.0,
202400027492,155 733 312,A01,1.0,2.0,0,2,1,7,1.0,
202400027493,155 733 311,A01,1.0,31.0,0,2,1,14,3.0,
202400027494,155 733 310,A01,1.0,7.0,0,1,1,1,1.0,
202400027495,155 733 306,A01,2.0,7.0,15,0,1,26,2.0,
202400027496,155 733 304,A01,1.0,33.0,0,2,3,2,1.0,
202400027497,155 733 302,C01,3.0,7.0,0,2,4,23,1.0,
202400027498,155 733 301,B01,1.0,14.0,0,2,5,1,1.0,
202400027499,155 733 300,A01,1.0,7.0,0,1,1,19,1.0,
202400027500,155 733 296,A01,1.0,7.0,9,0,1,5,1.0,
202400027501,155 733 297,A01,2.0,2.0,0,2,7,1,1.0,
202400027502,155 733 295,B01,3.0,31.0,0,2,7,15,3.0,
202400027503,155 733 292,A01,1.0,7.0,0,2,3,1,1.0,
202400027504,155 733 291,A01,1.0,34.0,0,2,3,1,0.0,
202400027505,155 733 290,A01,2.0,33.0,8,0,0,1,1.0,
202400027506,155 733 287,A01,1.0,33.0,12,0,2,1,1.0,
202400027507,155 733 288,B01,3.0,33.0,0,2,1,2,1.0,
202400027508,155 733 286,A01,3.0,7.0,0,1,1,1,1.0,
202400027509,155 733 285,A01,1.0,7.0,0,1,1,0,1.0,
202400027510,155 733 282,A01,1.0,7.0,0,0,6,2,1.0,
202400027511,155 733 281,A01,1.0,31.0,0,2,1,1,1.0,
202400027512,155 733 280,A01,1.0,7.0,0,1,3,1,1.0,
202400027513,155 733 276,A01,3.0,32.0,0,2,1,1,1.0,
202400027514,155 733 277,A01,2.0,10.0,0,1,1,1,1.0,
202400027515,155 733 273,B01,0.0,2.0,0,2,1,13,1.0,
202400027516,155 733 274,B01,3.0,7.0,0,2,8,1,1.0,
202400027517,155 733 270,A01,1.0,7.0,0,0,1,1,1.0,
202400027518,155 733 271,A01,1.0,30.0,0,0,0,1,1.0,
202400027519,155 733 269,A01,1.0,10.0,0,1,7,1,0.0,
202400027520,155 733 268,A01,1.0,1.0,0,2,1,1,5.0,
202400027521,155 733 264,B01,3.0,10.0,0,2,4,1,1.0,
202400027522,155 733 260,A01,3.0,7.0,0,2,2,16,1.0,
202400027523,155 733 262,B01,2.0,7.0,0,0,4,1,1.0,
202400027524,155 733 261,A01,2.0,7.0,0,0,8,9,0.0,
202400027525,155 733 258,B01,1.0,7.0,0,2,1,1,1.0,
202400027526,155 733 257,A01,2.0,7.0,0,1,1,1,1.0,
202400027527,155 733 254,A01,1.0,30.0,0,2,3,11,1.0,
202400027528,155 733 256,A01,1.0,1.0,0,1,8,1,5.0,
202400027529,155 733 250,A01,1.0,1.0,0,2,1,1,5.0,
202400027530,155 733 249,B01,3.0,50.0,0,2,1,1,3.0,
202400027531,155 733 248,A01,1.0,1.0,0,2,1,1,5.0,
202400027532,155 733 247,B01,2.0,40.0,0,2,2,1,0.0,
202400027533,155 733 244,B01,0.0,30.0,0,2,2,17,1.0,
202400027534,155 733 242,A01,1.0,7.0,0,2,6,11,1.0,
202400027535,155 733 243,A01,1.0,30.0,0,0,0,0,1.0,
202400027536,155 733 241,A01,0.0,7.0,0,1,2,1,1.0,
202400027537,155 733 240,A01,2.0,7.0,4,0,2,1,1.0,
202400027538,155 733 239,A01,3.0,13.0,1,1,6,15,1.0,
202400027539,155 733 237,A01,0.0,1.0,0,0,0,0,5.0,
202400027540,155 733 235,B01,2.0,34.0,0,2,7,1,1.0,
202400027541,155 733 232,A01,1.0,50.0,0,2,1,16,3.0,
202400027542,155 733 230,B01,1.0,33.0,0,2,1,1,1.0,
202400027543,155 733 229,C01,0.0,7.0,0,2,4,1,1.0,
202400027544,155 733 225,B01,2.0,1.0,0,9,8,11,5.0,
202400027545,155 733 226,B01,1.0,50.0,0,2,1,7,3.0,
202400027546,155 733 224,A01,1.0,31.0,12,0,7,14,1.0,
202400027547,155 733 222,B01,1.0,50.0,0,0,0,26,3.0,
202400027548,155 733 221,A01,3.0,13.0,0,2,1,16,1.0,
202400027549,155 733 219,B01,0.0,10.0,0,2,7,2,1.0,
202400027550,155 733 218,A01,2.0,50.0,0,0,0,1,3.0,
202400027551,155 733 217,A01,0.0,7.0,0,2,3,10,1.0,
202400027552,155 733 216,A01,1.0,7.0,15,0,1,12,1.0,
202400027553,155 733 211,A01,1.0,32.0,0,2,1,14,1.0,
202400027554,155 733 209,B01,0.0,10.0,0,2,3,1,1.0,
202400027555,155 733 206,A01,1.0,10.0,0,2,1,2,1.0,
202400027556,155 733 205,A01,1.0,32.0,0,0,8,15,1.0,
202400027557,155 733 203,A01,1.0,7.0,0,2,3,0,1.0,
202400027558,155 733 200,A01,3.0,7.0,0,2,3,15,2.0,
202400027559,155 733 199,A01,1.0,30.0,0,2,7,1,1.0,
202400027560,155 733 197,A01,3.0,7.0,0,2,1,2,1.0,
202400027561,155 733 195,A01,1.0,7.0,0,2,0,0,0.0,
202400027562,155 733 194,A01,0.0,7.0,0,1,1,15,1.0,
202400027563,155 733 192,A01,2.0,2.0,12,0,1,1,1.0,
202400027564,155 733 193,A01,3.0,30.0,0,1,0,0,1.0,
202400027565,155 733 190,B01,3.0,7.0,0,2,8,1,1.0,
202400027566,155 733 189,A01,0.0,7.0,0,1,3,15,1.0,
202400027567,155 733 185,B01,1.0,7.0,0,2,3,9,3.0,
202400027568,155 733 186,A01,1.0,7.0,0,2,1,17,1.0,
202400027569,155 733 183,A01,1.0,7.0,0,1,1,1,1.0,
202400027570,155 733 182,A01,2.0,7.0,0,2,1,13,1.0,
202400027571,155 733 179,A01,3.0,7.0,0,1,3,15,1.0,
202400027572,155 733 180,A01,3.0,7.0,0,2,6,5,1.0,
202400027573,155 733 175,A01,0.0,7.0,0,2,6,19,1.0,
202400027574,155 733 176,A01,2.0,7.0,4,2,2,1,1.0,
202400027575,155 733 172,A01,1.0,37.0,0,2,1,1,1.0,1
202400027576,155 733 170,B01,1.0,43.0,0,2,4,26,1.0,
202400027577,155 733 169,A01,1.0,7.0,0,2,2,15,1.0,
202400027578,155 733 167,A01,2.0,7.0,8,1,7,23,0.0,
202400027579,155 733 164,A01,1.0,7.0,12,0,8,1,1.0,
202400027580,155 733 165,C01,2.0,7.0,0,2,4,2,1.0,
202400027581,155 733 162,A01,2.0,33.0,0,1,3,1,1.0,
202400027582,155 733 160,B01,1.0,10.0,1,2,1,1,1.0,
202400027583,155 733 158,A01,0.0,30.0,0,2,7,19,1.0,
202400027584,155 733 156,B01,1.0,7.0,0,2,3,1,1.0,
202400027585,155 733 153,B01,2.0,34.0,0,2,1,9,1.0,
202400027586,155 733 150,A01,2.0,33.0,0,2,3,3,1.0,
202400027587,155 733 149,B01,1.0,7.0,0,2,0,0,0.0,
202400027588,155 733 148,A01,2.0,31.0,0,0,7,2,1.0,
202400027589,155 733 146,A01,2.0,37.0,0,2,2,1,1.0,1
202400027590,155 733 144,A01,2.0,32.0,0,2,8,3,1.0,
202400027591,155 733 142,Z01,0.0,7.0,0,2,0,0,,
202400027592,155 733 139,A01,2.0,33.0,0,1,2,0,1.0,
202400027593,155 733 138,A01,2.0,13.0,0,2,3,1,1.0,
202400027594,155 733 136,B01,1.0,1.0,0,2,1,17,5.0,
202400027595,155 733 134,A01,3.0,7.0,0,1,1,0,1.0,
202400027596,155 733 133,A01,2.0,7.0,0,2,4,4,1.0,
202400027597,155 733 131,A01,1.0,10.0,0,1,1,1,1.0,
202400027598,155 733 132,A01,1.0,10.0,0,1,3,15,1.0,
202400027599,155 733 129,A01,1.0,7.0,0,2,2,1,1.0,
202400027600,155 733 128,A01,2.0,10.0,0,1,2,11,1.0,
202400027601,155 733 127,A01,1.0,7.0,3,0,1,17,1.0,
202400027602,155 733 126,A01,1.0,7.0,0,1,7,1,3.0,
202400027603,155 733 121,A01,2.0,32.0,0,2,1,3,1.0,
202400027604,155 733 119,B01,1.0,7.0,1,0,1,2,1.0,
202400027605,155 733 117,A01,2.0,7.0,0,2,1,1,1.0,
202400027606,155 733 116,A01,2.0,1.0,0,0,0,1,5.0,
202400027607,155 733 115,A01,2.0,10.0,0,1,2,1,1.0,
202400027608,155 733 113,A01,1.0,2.0,15,0,1,1,1.0,
202400027609,155 733 109,B01,1.0,7.0,0,2,2,2,1.0,
202400027610,155 733 110,A01,1.0,20.0,0,2,2,20,3.0,
202400027611,155 733 108,A01,0.0,2.0,0,0,8,0,1.0,
202400027612,155 733 106,A01,3.0,7.0,0,0,8,16,1.0,
202400027613,155 733 107,A01,1.0,7.0,0,1,1,2,3.0,
202400027614,155 733 104,A01,2.0,7.0,0,2,6,15,1.0,
202400027615,155 733 101,A01,2.0,80.0,0,0,4,1,3.0,
202400027616,155 733 100,B01,1.0,32.0,0,2,8,9,1.0,
202400027617,155 733 098,A01,1.0,10.0,0,1,2,16,1.0,
202400027618,155 733 097,B01,3.0,1.0,0,2,1,26,5.0,
202400027619,155 733 096,A01,1.0,1.0,0,1,1,21,5.0,
202400027620,155 733 094,Z01,2.0,32.0,0,1,1,1,1.0,
202400027621,155 733 092,A01,1.0,7.0,0,2,2,15,1.0,
202400027622,155 733 091,A01,1.0,1.0,0,0,1,1,5.0,
202400027623,155 733 090,A01,1.0,7.0,1,0,1,0,1.0,
202400027624,155 733 086,A01,0.0,2.0,0,2,7,13,1.0,
202400027625,155 733 088,B01,1.0,7.0,0,2,1,9,1.0,
202400027626,155 733 082,B01,1.0,10.0,0,2,1,1,0.0,
202400027627,155 733 083,A01,0.0,7.0,0,2,3,1,1.0,
202400027628,155 733 081,Z01,2.0,10.0,0,1,4,4,1.0,
202400027629,155 733 080,A01,2.0,14.0,0,1,2,1,1.0,
202400027630,155 733 079,A01,2.0,7.0,0,1,1,1,1.0,
202400027631,155 733 078,A01,3.0,7.0,2,0,1,1,1.0,
202400027632,155 733 077,A01,1.0,7.0,0,1,3,15,2.0,
202400027633,155 733 075,A01,2.0,7.0,13,0,7,14,1.0,
202400027634,155 733 074,A01,1.0,7.0,0,2,1,9,1.0,
202400027635,155 733 071,B01,1.0,15.0,0,0,4,23,1.0,
202400027636,155 733 070,B01,3.0,30.0,0,2,8,1,1.0,
202400027637,155 733 067,A01,2.0,7.0,0,2,3,9,1.0,
202400027638,155 733 066,B01,2.0,33.0,0,2,8,1,1.0,
202400027639,155 733 064,A01,1.0,7.0,13,0,1,1,1.0,
202400027640,155 733 063,B01,2.0,7.0,0,2,4,1,1.0,
202400027641,155 733 061,A01,1.0,7.0,0,1,8,1,1.0,
202400027642,155 733 060,B01,1.0,7.0,0,2,1,2,1.0,
202400027643,155 733 058,A01,1.0,33.0,0,0,8,1,1.0,
202400027644,155 733 057,B01,1.0,2.0,0,2,1,1,1.0,
202400027645,155 733 056,A01,3.0,7.0,0,1,0,1,1.0,
202400027646,155 733 055,A01,2.0,7.0,0,1,2,16,1.0,
202400027647,155 733 054,A01,3.0,7.0,14,0,1,1,1.0,
202400027648,155 733 052,B01,3.0,99.0,0,2,1,0,3.0,
202400027649,155 733 051,A01,1.0,10.0,2,0,2,1,1.0,
202400027650,155 733 049,A01,3.0,7.0,1,0,2,1,1.0,
202400027651,155 733 047,A01,1.0,7.0,0,2,8,19,1.0,
202400027652,155 733 045,A01,3.0,32.0,0,2,1,17,1.0,
202400027653,155 733 043,A01,3.0,1.0,0,1,1,25,5.0,
202400027654,155 733 042,A01,2.0,7.0,0,2,2,17,1.0,
202400027655,155 733 039,A01,2.0,1.0,0,2,1,1,5.0,
202400027656,155 733 037,A01,2.0,30.0,0,2,8,3,1.0,
202400027657,155 733 036,A01,2.0,7.0,0,2,2,11,1.0,
202400027658,155 733 033,A01,1.0,10.0,0,2,4,1,1.0,
202400027659,155 733 029,C01,1.0,10.0,0,2,3,1,1.0,
202400027660,155 733 028,B01,2.0,32.0,0,2,1,1,1.0,
202400027661,155 733 027,A01,1.0,7.0,0,2,6,1,1.0,
202400027662,155 733 023,A01,1.0,10.0,0,2,1,2,1.0,
202400027663,155 733 021,B01,1.0,33.0,0,2,1,2,1.0,
202400027664,155 733 022,A01,1.0,7.0,4,0,3,12,1.0,
202400027665,155 733 019,A01,1.0,50.0,0,0,2,14,3.0,
202400027666,155 733 018,A01,1.0,10.0,0,2,0,22,1.0,
202400027667,155 733 016,A01,2.0,7.0,14,0,3,21,1.0,
202400027668,155 733 013,B01,3.0,7.0,0,2,7,15,1.0,
202400027669,155 733 011,A01,1.0,7.0,0,1,0,0,1.0,
202400027670,155 733 010,A01,1.0,7.0,0,2,2,17,1.0,
202400027671,155 733 007,B01,1.0,7.0,0,2,2,2,0.0,
202400027672,155 733 008,A01,1.0,60.0,0,0,0,0,5.0,
202400027673,155 733 005,B01,0.0,40.0,14,0,0,26,3.0,
202400027674,155 733 006,A01,3.0,7.0,0,1,1,0,1.0,
202400027675,155 733 003,A01,3.0,36.0,12,0,2,2,1.0,
202400027676,155 733 002,A01,1.0,7.0,0,2,8,22,1.0,
202400027677,155 733 000,A01,2.0,7.0,6,0,1,14,1.0,
202400027678,155 732 995,A01,2.0,10.0,0,2,3,0,1.0,
202400027679,155 732 997,A01,2.0,7.0,0,2,5,17,1.0,
202400027680,155 732 991,B01,3.0,1.0,0,2,7,1,5.0,
202400027681,155 732 987,A01,3.0,7.0,0,2,1,1,1.0,
202400027682,155 732 988,A01,2.0,10.0,3,0,3,13,1.0,
202400027683,155 732 986,A01,2.0,7.0,0,2,3,1,1.0,
202400027684,155 732 984,A01,3.0,32.0,0,0,0,0,1.0,
202400027685,155 732 981,A01,2.0,1.0,0,2,0,1,5.0,
202400027686,155 732 982,A01,3.0,7.0,0,2,7,15,1.0,
202400027687,155 732 980,A01,3.0,7.0,2,0,3,1,1.0,
202400027688,155 732 977,A01,1.0,7.0,0,2,2,17,1.0,
202400027689,155 732 978,A01,1.0,1.0,0,0,0,0,5.0,
202400027690,155 732 975,A01,1.0,7.0,0,1,1,1,1.0,
202400027691,155 732 973,A01,2.0,33.0,0,2,8,1,1.0,
202400027692,155 732 972,A01,1.0,30.0,0,0,0,0,1.0,
202400027693,155 732 970,Z01,1.0,7.0,0,1,1,1,1.0,
202400027694,155 732 967,A01,3.0,2.0,0,2,1,13,1.0,
202400027695,155 732 966,A01,1.0,7.0,0,2,0,0,1.0,
202400027696,155 732 964,A01,2.0,33.0,0,0,1,1,1.0,
202400027697,155 732 961,A01,2.0,7.0,0,2,3,9,1.0,
202400027698,155 732 960,A01,2.0,7.0,2,0,1,1,1.0,
202400027699,155 732 958,A01,2.0,10.0,0,2,1,11,1.0,
202400027700,155 732 955,A01,1.0,7.0,6,0,3,1,1.0,
202400027701,155 732 956,A01,1.0,50.0,12,0,1,0,3.0,
202400027702,155 732 954,A01,3.0,7.0,0,2,1,2,1.0,
202400027703,155 732 952,A01,3.0,7.0,0,2,1,1,1.0,
202400027704,155 732 950,A01,3.0,7.0,0,1,3,26,1.0,
202400027705,155 732 948,A01,1.0,33.0,11,0,3,2,1.0,
202400027706,155 732 946,B01,3.0,7.0,0,2,2,1,1.0,
202400027707,155 732 943,B01,2.0,7.0,0,2,4,14,1.0,
202400027708,155 732 941,A01,3.0,33.0,0,2,8,9,1.0,
202400027709,155 732 942,A01,3.0,7.0,0,9,7,15,1.0,
202400027710,155 732 938,A01,3.0,50.0,0,2,1,5,3.0,
202400027711,155 732 937,A01,2.0,33.0,0,0,7,1,1.0,
202400027712,155 732 936,A01,1.0,2.0,0,2,1,1,1.0,
202400027713,155 732 934,C01,1.0,7.0,0,2,7,2,1.0,
202400027714,155 732 932,A01,1.0,33.0,3,0,2,14,1.0,
202400027715,155 732 931,A01,3.0,10.0,0,1,4,26,1.0,
202400027716,155 732 929,B01,2.0,33.0,0,2,0,1,1.0,
202400027717,155 732 928,A01,2.0,33.0,0,2,2,3,1.0,
202400027718,155 732 927,A01,1.0,7.0,8,0,0,1,1.0,
202400027719,155 732 926,A01,1.0,7.0,0,0,1,1,1.0,
202400027720,155 732 920,A01,1.0,33.0,0,2,1,2,1.0,
202400027721,155 732 918,B01,2.0,7.0,0,2,0,0,1.0,
202400027722,155 732 917,B01,1.0,1.0,0,2,1,1,5.0,
202400027723,155 732 921,A01,1.0,1.0,0,2,8,9,5.0,
202400027724,155 732 915,A01,2.0,43.0,0,2,1,2,1.0,
202400027725,155 732 913,A01,3.0,7.0,0,1,1,1,1.0,
202400027726,155 732 911,A01,1.0,37.0,1,1,0,21,0.0,1
202400027727,155 732 912,A01,2.0,7.0,0,0,9,1,1.0,
202400027728,155 732 909,A01,1.0,33.0,0,2,1,2,1.0,
202400027729,155 732 907,A01,3.0,7.0,0,1,1,1,1.0,
202400027730,155 732 906,A01,2.0,7.0,0,1,1,16,1.0,
202400027731,155 732 903,B01,1.0,7.0,0,2,4,0,1.0,
202400027732,155 732 908,A01,2.0,33.0,17,0,1,14,1.0,
202400027733,155 732 902,A01,1.0,13.0,0,1,2,1,0.0,
202400027734,155 732 901,A01,3.0,7.0,0,2,1,1,1.0,
202400027735,155 732 898,A01,1.0,7.0,0,2,7,5,1.0,
202400027736,155 732 897,B01,1.0,34.0,0,2,1,2,1.0,
202400027737,155 732 892,B01,1.0,7.0,0,2,6,4,1.0,
202400027738,155 732 890,A01,1.0,7.0,0,2,2,12,1.0,
202400027739,155 732 894,A01,2.0,7.0,0,2,1,13,1.0,
202400027740,155 732 889,A01,1.0,33.0,0,2,1,1,1.0,
202400027741,155 732 887,B01,2.0,1.0,0,2,0,1,5.0,
202400027742,155 732 886,Z01,2.0,32.0,1,1,0,26,0.0,
202400027743,155 732 884,A01,3.0,7.0,0,1,2,1,1.0,
202400027744,155 732 881,B01,0.0,7.0,0,2,1,1,1.0,
202400027745,155 732 879,A01,1.0,1.0,0,2,8,1,5.0,
202400027746,155 732 874,A01,1.0,7.0,0,2,3,14,1.0,
202400027747,155 732 873,A01,1.0,7.0,0,2,3,1,1.0,
202400027748,155 732 872,A01,1.0,7.0,0,2,1,1,1.0,
202400027749,155 732 868,A01,2.0,7.0,0,1,7,1,3.0,
202400027750,155 732 865,A01,2.0,7.0,0,9,2,17,0.0,
202400027751,155 732 866,A01,2.0,7.0,0,2,3,10,1.0,
202400027752,155 732 861,B01,1.0,10.0,0,2,2,16,1.0,
202400027753,155 732 860,A01,0.0,7.0,15,0,1,13,1.0,
202400027754,155 732 859,B01,1.0,7.0,0,2,6,2,1.0,
202400027755,155 732 853,A01,1.0,7.0,0,2,7,1,1.0,
202400027756,155 732 855,A01,2.0,36.0,12,0,9,9,1.0,
202400027757,155 732 852,A01,1.0,7.0,0,0,5,15,1.0,
202400027758,155 732 851,B01,1.0,7.0,0,2,4,1,1.0,
202400027759,155 732 849,Z01,3.0,2.0,0,1,0,0,0.0,
202400027760,155 732 847,A01,1.0,7.0,0,1,3,15,0.0,
202400027761,155 732 845,B01,0.0,31.0,0,2,1,17,1.0,
202400027762,155 732 843,B01,1.0,7.0,0,2,7,19,1.0,
202400027763,155 732 844,A01,1.0,7.0,0,2,3,11,3.0,
202400027764,155 732 841,A01,1.0,33.0,0,0,1,0,1.0,
202400027765,155 732 842,A01,1.0,7.0,14,0,2,0,1.0,
202400027766,155 732 840,A01,2.0,7.0,0,0,0,14,1.0,
202400027767,155 732 836,A01,1.0,7.0,0,2,2,2,1.0,
202400027768,155 732 835,A01,1.0,33.0,0,0,0,0,1.0,
202400027769,155 732 834,B01,3.0,50.0,0,2,7,1,3.0,
202400027770,155 732 832,A01,2.0,7.0,0,2,1,2,1.0,
202400027771,155 732 831,A01,2.0,7.0,0,0,0,0,1.0,
202400027772,155 732 828,A01,2.0,7.0,0,2,3,21,1.0,
202400027773,155 732 825,A01,1.0,7.0,0,2,4,0,1.0,
202400027774,155 732 823,A01,1.0,33.0,0,0,7,1,1.0,
202400027775,155 732 824,A01,1.0,10.0,0,2,1,2,1.0,
202400027776,155 732 820,A01,1.0,7.0,0,2,1,2,1.0,
202400027777,155 732 819,A01,2.0,10.0,0,2,6,9,1.0,
202400027778,155 732 817,A01,2.0,7.0,0,1,2,15,3.0,
202400027779,155 732 816,A01,2.0,7.0,3,2,1,1,1.0,
202400027780,155 732 815,A01,2.0,7.0,0,1,1,1,3.0,
202400027781,155 732 814,A01,2.0,7.0,8,0,1,26,1.0,
202400027782,155 732 813,A01,3.0,10.0,12,0,3,15,1.0,
202400027783,155 732 812,A01,2.0,7.0,0,1,2,2,1.0,
202400027784,155 732 811,A01,3.0,13.0,0,1,4,20,1.0,
202400027785,155 732 810,A01,2.0,7.0,8,0,3,2,1.0,
202400027786,155 732 806,A01,3.0,33.0,0,0,8,14,1.0,
202400027787,155 732 805,A01,1.0,33.0,0,2,1,1,1.0,
202400027788,155 732 804,A01,1.0,7.0,0,2,1,17,1.0,
202400027789,155 732 802,A01,3.0,1.0,0,2,1,2,5.0,
202400027790,155 732 800,A01,3.0,7.0,0,1,1,1,1.0,
202400027791,155 732 799,B01,3.0,1.0,1,0,1,1,5.0,
202400027792,155 732 795,A01,2.0,7.0,0,9,1,0,1.0,
202400027793,155 732 794,B01,1.0,1.0,0,2,1,1,5.0,
202400027794,155 732 793,A01,1.0,33.0,0,2,1,2,1.0,
202400027795,155 732 792,Z01,0.0,7.0,0,1,1,0,0.0,