Num_Acc,id_vehicule,num_veh,senc,catv,obs,obsm,choc,manv,motor,occutc
202400027796,155 732 791,A01,2.0,7.0,13,0,2,2,1.0,
202400027797,155 732 789,B01,1.0,30.0,0,2,2,1,1.0,
202400027798,155 732 786,A01,3.0,7.0,0,2,5,15,1.0,
202400027799,155 732 784,B01,2.0,7.0,0,2,3,1,1.0,
202400027800,155 732 782,A01,3.0,7.0,0,1,1,1,1.0,
202400027801,155 732 779,B01,1.0,30.0,0,2,3,1,1.0,
202400027802,155 732 780,A01,2.0,7.0,0,2,7,19,1.0,
202400027803,155 732 777,Z01,2.0,7.0,0,2,2,15,1.0,
202400027804,155 732 775,B01,1.0,7.0,0,2,4,23,1.0,
202400027805,155 732 773,A01,3.0,10.0,0,1,4,4,1.0,
202400027806,155 732 770,B01,0.0,33.0,0,2,7,1,1.0,
202400027807,155 732 771,A01,1.0,7.0,0,2,1,9,1.0,
202400027808,155 732 769,A01,1.0,10.0,0,1,2,1,3.0,
202400027809,155 732 766,B01,1.0,1.0,0,2,4,2,5.0,
202400027810,155 732 764,A01,1.0,7.0,0,2,2,15,1.0,
202400027811,155 732 763,A01,2.0,7.0,2,0,1,21,1.0,
202400027812,155 732 762,A01,1.0,3.0,0,1,1,1,0.0,
202400027813,155 732 760,A01,1.0,31.0,0,2,8,5,1.0,
202400027814,155 732 757,B01,2.0,7.0,0,1,2,1,1.0,
202400027815,155 732 759,A01,1.0,2.0,2,0,1,1,1.0,
202400027816,155 732 758,B01,1.0,31.0,0,2,3,1,1.0,
202400027817,155 732 755,A01,1.0,7.0,0,2,3,9,1.0,
202400027818,155 732 750,A01,2.0,1.0,0,2,1,1,5.0,
202400027819,155 732 749,A01,2.0,7.0,0,2,1,15,1.0,
202400027820,155 732 747,B01,3.0,7.0,0,2,1,1,1.0,
202400027821,155 732 746,A01,1.0,7.0,0,2,3,1,1.0,
202400027822,155 732 744,A01,1.0,50.0,9,2,0,1,3.0,
202400027823,155 732 743,A01,1.0,31.0,0,1,1,2,1.0,
202400027824,155 732 739,B01,3.0,7.0,0,0,6,23,1.0,
202400027825,155 732 736,A01,1.0,7.0,0,2,2,1,3.0,
202400027826,155 732 732,B01,1.0,2.0,0,2,2,1,3.0,
202400027827,155 732 730,C01,2.0,7.0,0,2,1,1,1.0,
202400027828,155 732 726,A01,1.0,7.0,0,9,1,9,1.0,
202400027829,155 732 723,A01,2.0,10.0,0,2,1,1,1.0,
202400027830,155 732 722,B01,3.0,60.0,0,2,1,1,5.0,
202400027831,155 732 720,A01,1.0,7.0,15,0,3,14,1.0,
202400027832,155 732 719,B01,2.0,7.0,0,2,1,1,2.0,
202400027833,155 732 717,A01,1.0,7.0,0,2,1,1,1.0,
202400027834,155 732 711,A01,1.0,33.0,1,2,1,1,1.0,
202400027835,155 732 712,A01,1.0,7.0,0,9,4,23,2.0,
202400027836,155 732 710,A01,2.0,7.0,0,0,0,20,1.0,
202400027837,155 732 709,A01,2.0,2.0,0,2,1,15,1.0,
202400027838,155 732 707,B01,1.0,7.0,0,2,3,15,1.0,
202400027839,155 732 702,A01,1.0,2.0,9,2,2,2,1.0,
202400027840,155 732 703,A01,2.0,10.0,0,2,3,13,1.0,
202400027841,155 732 700,B01,0.0,31.0,0,2,6,1,1.0,
202400027842,155 732 701,A01,2.0,1.0,0,0,0,1,5.0,
202400027843,155 732 697,B01,3.0,1.0,0,0,9,26,5.0,
202400027844,155 732 696,A01,2.0,1.0,12,0,0,2,5.0,
202400027845,155 732 695,A01,1.0,7.0,0,2,5,17,1.0,
202400027846,155 732 692,A01,0.0,1.0,0,2,8,19,5.0,
202400027847,155 732 691,B01,1.0,31.0,0,2,0,1,1.0,
202400027848,155 732 690,A01,1.0,7.0,8,0,2,14,1.0,
202400027849,155 732 689,A01,1.0,7.0,13,0,2,21,1.0,
202400027850,155 732 686,A01,1.0,33.0,0,2,8,17,1.0,
202400027851,155 732 687,A01,1.0,2.0,0,0,5,1,1.0,
202400027852,155 732 682,B01,0.0,37.0,0,2,2,21,1.0,1
202400027853,155 732 681,A01,2.0,7.0,2,0,1,1,1.0,
202400027854,155 732 680,A01,3.0,30.0,0,0,0,1,1.0,
202400027855,155 732 678,Z01,1.0,7.0,0,1,2,16,0.0,
202400027856,155 732 677,A01,1.0,15.0,0,2,1,10,1.0,
202400027857,155 732 676,A01,3.0,7.0,8,0,1,1,1.0,
202400027858,155 732 671,B01,1.0,33.0,0,2,7,9,1.0,
202400027859,155 732 670,A01,3.0,7.0,0,1,1,16,1.0,
202400027860,155 732 668,A01,3.0,7.0,6,0,1,1,1.0,
202400027861,155 732 667,A01,1.0,10.0,1,0,1,2,1.0,
202400027862,155 732 666,D01,1.0,10.0,0,2,6,1,1.0,
202400027863,155 732 665,A01,1.0,33.0,4,0,3,1,1.0,
202400027864,155 732 661,A01,2.0,7.0,0,1,4,20,2.0,
202400027865,155 732 660,A01,3.0,1.0,0,2,0,0,5.0,
202400027866,155 732 657,B01,3.0,2.0,0,2,4,1,0.0,
202400027867,155 732 656,B01,3.0,14.0,0,2,3,5,1.0,
202400027868,155 732 655,A01,2.0,17.0,0,9,3,5,1.0,
202400027869,155 732 651,A01,1.0,30.0,6,0,1,14,1.0,
202400027870,155 732 652,B01,1.0,7.0,0,0,7,1,1.0,
202400027871,155 732 649,A01,1.0,33.0,0,0,7,1,1.0,
202400027872,155 732 648,B01,3.0,7.0,0,2,4,2,0.0,
202400027873,155 732 647,B01,2.0,7.0,0,2,1,2,1.0,
202400027874,155 732 645,A01,1.0,7.0,6,2,1,15,1.0,
202400027875,155 732 643,A01,2.0,7.0,0,2,3,15,1.0,
202400027876,155 732 641,A01,1.0,7.0,0,1,3,1,1.0,
202400027877,155 732 640,A01,1.0,33.0,0,2,5,17,1.0,
202400027878,155 732 639,A01,1.0,7.0,14,0,1,2,1.0,
202400027879,155 732 637,A01,1.0,15.0,3,0,9,2,1.0,
202400027880,155 732 636,A01,2.0,7.0,0,2,3,13,1.0,
202400027881,155 732 634,A01,3.0,7.0,0,1,3,15,1.0,
202400027882,155 732 631,A01,1.0,7.0,0,2,2,16,1.0,
202400027883,155 732 630,A01,0.0,7.0,0,2,4,23,1.0,
202400027884,155 732 628,Z01,3.0,7.0,0,2,1,9,0.0,
202400027885,155 732 629,A01,1.0,7.0,6,0,1,0,1.0,
202400027886,155 732 625,A01,0.0,32.0,0,2,1,5,1.0,
202400027887,155 732 624,A01,1.0,37.0,0,1,2,19,3.0,1
202400027888,155 732 626,A01,2.0,7.0,0,2,2,21,1.0,
202400027889,155 732 621,A01,1.0,33.0,0,2,1,21,1.0,
202400027890,155 732 620,A01,3.0,80.0,0,2,7,1,3.0,
202400027891,155 732 618,A01,3.0,7.0,0,1,3,1,3.0,
202400027892,155 732 615,B01,1.0,33.0,0,2,1,26,1.0,
202400027893,155 732 617,A01,1.0,7.0,0,1,2,26,1.0,
202400027894,155 732 614,A01,1.0,2.0,0,2,3,1,1.0,
202400027895,155 732 612,A01,0.0,50.0,0,0,0,0,3.0,
202400027896,155 732 611,A01,1.0,7.0,8,2,8,1,1.0,
202400027897,155 732 609,B01,2.0,1.0,0,2,1,5,5.0,
202400027898,155 732 608,A01,0.0,7.0,0,1,1,0,1.0,
202400027899,155 732 606,B01,2.0,2.0,0,2,1,1,0.0,
202400027900,155 732 602,B01,2.0,1.0,0,2,1,2,5.0,
202400027901,155 732 600,B01,3.0,34.0,0,0,1,1,1.0,
202400027902,155 732 599,A01,2.0,7.0,0,2,1,2,1.0,
202400027903,155 732 598,A01,3.0,33.0,0,2,1,17,1.0,
202400027904,155 732 596,A01,0.0,7.0,0,2,1,1,1.0,
202400027905,155 732 593,A01,1.0,7.0,0,1,2,1,1.0,
202400027906,155 732 589,A01,3.0,32.0,0,0,7,1,1.0,
202400027907,155 732 587,B01,1.0,7.0,8,2,3,17,1.0,
202400027908,155 732 591,B01,2.0,1.0,0,2,8,2,5.0,
202400027909,155 732 585,B01,2.0,7.0,0,2,9,1,1.0,
202400027910,155 732 584,B01,3.0,2.0,0,2,1,1,1.0,
202400027911,155 732 581,A01,1.0,31.0,0,0,3,1,1.0,
202400027912,155 732 578,A01,1.0,7.0,0,2,3,16,1.0,
202400027913,155 732 577,C01,1.0,13.0,0,2,1,1,1.0,
202400027914,155 732 576,B01,1.0,2.0,0,2,3,1,1.0,
202400027915,155 732 575,A01,3.0,7.0,0,1,1,15,2.0,
202400027916,155 732 573,A01,3.0,7.0,0,1,2,1,1.0,
202400027917,155 732 574,A01,0.0,2.0,15,0,0,13,1.0,
202400027918,155 732 572,A01,2.0,7.0,2,0,1,1,1.0,
202400027919,155 732 570,A01,3.0,7.0,0,0,9,13,1.0,
202400027920,155 732 568,B01,2.0,7.0,0,2,4,1,1.0,
202400027921,155 732 567,A01,3.0,7.0,0,9,2,16,1.0,
202400027922,155 732 562,B01,1.0,7.0,0,2,4,1,1.0,
202400027923,155 732 561,B01,2.0,7.0,0,2,1,1,1.0,
202400027924,155 732 560,A01,3.0,33.0,0,2,1,13,1.0,
202400027925,155 732 559,A01,3.0,7.0,0,2,1,19,1.0,
202400027926,155 732 558,A01,2.0,10.0,0,1,1,15,1.0,
202400027927,155 732 555,A01,2.0,7.0,6,2,1,5,1.0,
202400027928,155 732 556,A01,1.0,1.0,0,0,2,1,5.0,
202400027929,155 732 553,A01,1.0,7.0,0,0,9,26,1.0,
202400027930,155 732 551,A01,1.0,7.0,0,0,0,1,1.0,
202400027931,155 732 550,A01,0.0,30.0,0,0,1,2,1.0,
202400027932,155 732 552,A01,2.0,33.0,0,2,1,1,1.0,
202400027933,155 732 549,A01,0.0,7.0,2,0,9,1,0.0,
202400027934,155 732 547,A01,0.0,50.0,12,0,0,1,3.0,
202400027935,155 732 545,A01,2.0,7.0,1,2,9,14,1.0,
202400027936,155 732 544,B01,1.0,7.0,0,2,2,15,1.0,
202400027937,155 732 543,A01,2.0,7.0,13,0,1,1,2.0,
202400027938,155 732 541,A01,1.0,10.0,2,0,3,1,1.0,
202400027939,155 732 540,A01,2.0,1.0,0,2,7,2,5.0,
202400027940,155 732 538,A01,3.0,7.0,0,1,7,1,1.0,
202400027941,155 732 535,B01,1.0,7.0,0,0,4,23,1.0,
202400027942,155 732 533,A01,1.0,7.0,0,0,1,0,1.0,
202400027943,155 732 532,A01,3.0,7.0,0,0,8,1,1.0,
202400027944,155 732 530,A01,1.0,1.0,0,2,1,19,5.0,
202400027945,155 732 529,A01,2.0,7.0,0,2,1,16,1.0,
202400027946,155 732 527,A01,1.0,7.0,11,2,3,9,1.0,
202400027947,155 732 526,A01,1.0,7.0,0,1,2,14,1.0,
202400027948,155 732 525,A01,2.0,7.0,0,1,2,1,1.0,
202400027949,155 732 523,A01,1.0,7.0,0,1,2,17,1.0,
202400027950,155 732 519,B01,2.0,7.0,2,2,3,1,1.0,
202400027951,155 732 516,A01,2.0,31.0,0,1,1,1,1.0,
202400027952,155 732 517,B01,2.0,7.0,0,9,3,1,1.0,
202400027953,155 732 514,C01,2.0,7.0,0,2,4,2,1.0,
202400027954,155 732 513,A01,1.0,33.0,3,0,8,11,1.0,
202400027955,155 732 515,A01,2.0,7.0,0,2,2,2,1.0,
202400027956,155 732 510,A01,1.0,7.0,0,2,1,1,1.0,
202400027957,155 732 511,A01,0.0,33.0,0,0,0,1,1.0,
202400027958,155 732 507,A01,2.0,7.0,0,2,3,13,1.0,
202400027959,155 732 505,A01,2.0,7.0,0,0,9,1,1.0,
202400027960,155 732 508,A01,3.0,1.0,12,0,7,1,5.0,
202400027961,155 732 502,A01,2.0,7.0,4,0,2,14,1.0,
202400027962,155 732 501,A01,2.0,7.0,0,2,7,13,1.0,
202400027963,155 732 498,A01,2.0,7.0,8,0,1,1,1.0,
202400027964,155 732 491,A01,1.0,33.0,0,2,1,3,1.0,
202400027965,155 732 487,A01,2.0,7.0,0,2,2,9,1.0,
202400027966,155 732 489,A01,2.0,10.0,0,2,1,2,1.0,
202400027967,155 732 488,A01,3.0,7.0,0,2,1,15,1.0,
202400027968,155 732 481,B01,2.0,7.0,0,2,1,15,1.0,
202400027969,155 732 479,A01,1.0,1.0,0,0,4,1,5.0,
202400027970,155 732 480,A01,1.0,33.0,0,2,1,3,1.0,
202400027971,155 732 478,A01,2.0,7.0,0,0,4,2,1.0,
202400027972,155 732 476,A01,0.0,3.0,8,0,1,26,3.0,
202400027973,155 732 473,B01,1.0,33.0,0,2,1,1,1.0,
202400027974,155 732 472,A01,0.0,7.0,0,2,7,15,1.0,
202400027975,155 732 471,A01,2.0,33.0,0,2,1,3,1.0,
202400027976,155 732 468,A01,1.0,7.0,0,0,1,5,1.0,
202400027977,155 732 467,A01,2.0,14.0,0,1,2,1,1.0,
202400027978,155 732 465,A01,2.0,7.0,4,0,9,2,1.0,
202400027979,155 732 462,A01,1.0,7.0,0,2,7,19,1.0,
202400027980,155 732 460,A01,1.0,7.0,0,2,3,1,1.0,
202400027981,155 732 459,A01,1.0,33.0,0,2,1,26,1.0,
202400027982,155 732 457,A01,1.0,33.0,0,2,2,3,1.0,
202400027983,155 732 455,A01,1.0,7.0,1,0,1,14,1.0,
202400027984,155 732 454,A01,2.0,7.0,0,2,1,15,1.0,
202400027985,155 732 449,A01,2.0,7.0,4,2,8,9,1.0,
202400027986,155 732 448,A01,3.0,10.0,0,2,1,21,1.0,
202400027987,155 732 447,A01,2.0,7.0,0,1,1,1,3.0,
202400027988,155 732 445,A01,1.0,33.0,0,0,7,1,1.0,
202400027989,155 732 444,B01,1.0,7.0,0,2,3,1,1.0,
202400027990,155 732 443,A01,0.0,13.0,0,2,4,1,1.0,
202400027991,155 732 441,A01,2.0,7.0,0,1,3,1,2.0,
202400027992,155 732 440,B01,1.0,30.0,0,2,1,16,1.0,
202400027993,155 732 438,A01,1.0,33.0,16,0,0,1,1.0,
202400027994,155 732 434,A01,3.0,33.0,0,1,1,1,1.0,
202400027995,155 732 433,B01,0.0,10.0,0,2,3,15,1.0,
202400027996,155 732 430,A01,1.0,43.0,0,2,1,2,1.0,
202400027997,155 732 428,A01,1.0,7.0,0,2,1,13,1.0,
202400027998,155 732 429,A01,1.0,10.0,0,2,1,2,1.0,
202400027999,155 732 425,B01,0.0,10.0,9,2,1,19,1.0,
202400028000,155 732 422,A01,2.0,7.0,2,0,1,13,1.0,
202400028001,155 732 424,A01,3.0,1.0,0,1,1,0,5.0,
202400028002,155 732 419,A01,0.0,7.0,0,2,1,0,1.0,
202400028003,155 732 417,A01,2.0,14.0,0,2,1,1,1.0,
202400028004,155 732 416,B01,1.0,34.0,0,2,1,1,1.0,
202400028005,155 732 415,A01,2.0,7.0,12,0,2,1,1.0,
202400028006,155 732 413,A01,2.0,7.0,12,0,1,26,1.0,
202400028007,155 732 411,A01,1.0,34.0,0,2,1,17,1.0,
202400028008,155 732 409,B01,1.0,7.0,0,2,4,1,1.0,
202400028009,155 732 406,A01,1.0,7.0,0,2,3,13,1.0,
202400028010,155 732 405,A01,1.0,21.0,0,0,8,19,1.0,
202400028011,155 732 403,A01,0.0,7.0,0,2,1,1,1.0,
202400028012,155 732 401,A01,2.0,10.0,0,2,2,16,1.0,
202400028013,155 732 399,B01,1.0,7.0,0,2,2,12,1.0,
202400028014,155 732 398,A01,1.0,7.0,0,2,4,1,1.0,
202400028015,155 732 394,A01,2.0,7.0,16,0,4,1,1.0,
202400028016,155 732 393,B01,1.0,7.0,0,2,2,15,1.0,
202400028017,155 732 389,A01,1.0,43.0,0,2,1,2,1.0,
202400028018,155 732 390,A01,2.0,7.0,0,2,2,15,1.0,
202400028019,155 732 387,A01,1.0,7.0,0,2,3,26,1.0,
202400028020,155 732 386,A01,2.0,7.0,16,0,9,1,1.0,
202400028021,155 732 388,A01,2.0,1.0,0,1,1,13,5.0,
202400028022,155 732 385,A01,2.0,33.0,0,1,1,1,1.0,
202400028023,155 732 382,A01,3.0,7.0,0,1,1,1,1.0,
202400028024,155 732 381,B01,3.0,31.0,0,2,1,1,1.0,
202400028025,155 732 379,A01,2.0,37.0,0,1,2,7,3.0,1
202400028026,155 732 378,B01,1.0,33.0,0,2,1,1,1.0,
202400028027,155 732 380,A01,2.0,80.0,0,1,1,21,3.0,
202400028028,155 732 377,A01,2.0,7.0,1,0,1,1,1.0,
202400028029,155 732 372,A01,1.0,7.0,0,2,7,1,1.0,
202400028030,155 732 370,A01,2.0,32.0,0,2,1,2,1.0,
202400028031,155 732 371,B01,3.0,7.0,0,2,4,23,1.0,
202400028032,155 732 368,A01,1.0,34.0,0,0,0,1,1.0,
202400028033,155 732 367,B01,2.0,33.0,8,2,0,0,1.0,
202400028034,155 732 364,A01,1.0,7.0,0,2,5,15,1.0,
202400028035,155 732 361,A01,3.0,7.0,0,2,1,1,1.0,
202400028036,155 732 363,A01,2.0,7.0,0,1,1,16,2.0,
202400028037,155 732 357,A01,3.0,32.0,0,2,1,13,1.0,
202400028038,155 732 356,A01,3.0,37.0,0,2,1,1,1.0,3
202400028039,155 732 355,A01,2.0,7.0,0,2,1,2,2.0,
202400028040,155 732 354,A01,3.0,7.0,8,9,1,1,1.0,
202400028041,155 732 353,A01,1.0,7.0,11,0,1,16,1.0,
202400028042,155 732 349,A01,2.0,10.0,0,0,9,17,1.0,
202400028043,155 732 350,A01,1.0,2.0,0,1,1,1,0.0,
202400028044,155 732 347,B01,1.0,7.0,0,2,4,2,1.0,
202400028045,155 732 348,A01,1.0,50.0,0,2,8,19,3.0,
202400028046,155 732 345,A01,2.0,10.0,0,2,2,1,1.0,
202400028047,155 732 344,A01,2.0,7.0,0,1,2,19,1.0,
202400028048,155 732 342,A01,2.0,30.0,0,1,1,13,1.0,
202400028049,155 732 341,A01,3.0,7.0,0,1,1,19,2.0,
202400028050,155 732 343,A01,2.0,7.0,0,1,2,26,1.0,
202400028051,155 732 338,A01,3.0,33.0,0,2,1,1,1.0,
202400028052,155 732 337,A01,2.0,7.0,8,2,3,15,1.0,
202400028053,155 732 334,B01,3.0,10.0,0,2,1,2,0.0,
202400028054,155 732 333,A01,3.0,10.0,0,2,1,26,1.0,
202400028055,155 732 329,B01,1.0,33.0,0,2,1,5,1.0,
202400028056,155 732 328,B01,1.0,7.0,0,2,2,1,1.0,
202400028057,155 732 327,B01,1.0,80.0,0,2,8,1,3.0,
202400028058,155 732 326,A01,2.0,1.0,0,0,0,1,5.0,
202400028059,155 732 325,A01,3.0,50.0,0,0,7,1,3.0,
202400028060,155 732 324,A01,0.0,2.0,8,0,1,0,1.0,
202400028061,155 732 321,B01,1.0,32.0,0,2,1,3,1.0,
202400028062,155 732 318,A01,2.0,2.0,0,0,0,1,1.0,
202400028063,155 732 320,A01,2.0,10.0,0,2,3,15,1.0,
202400028064,155 732 317,B01,2.0,80.0,0,2,1,1,2.0,
202400028065,155 732 315,A01,2.0,7.0,0,1,2,1,1.0,
202400028066,155 732 314,A01,2.0,7.0,0,2,7,10,1.0,
202400028067,155 732 313,A01,1.0,14.0,0,1,2,16,4.0,
202400028068,155 732 311,A01,1.0,7.0,0,2,7,19,0.0,
202400028069,155 732 309,A01,1.0,10.0,0,1,2,2,1.0,
202400028070,155 732 308,A01,2.0,7.0,0,2,4,1,1.0,
202400028071,155 732 306,B01,3.0,7.0,12,0,8,15,1.0,
202400028072,155 732 303,B01,1.0,10.0,0,2,3,2,1.0,
202400028073,155 732 302,A01,1.0,50.0,0,2,3,5,3.0,
202400028074,155 732 299,A01,2.0,7.0,0,2,1,9,1.0,
202400028075,155 732 296,B01,0.0,99.0,0,2,0,0,,
202400028076,155 732 295,A01,1.0,7.0,3,2,1,2,1.0,
202400028077,155 732 294,A01,0.0,33.0,0,0,8,1,1.0,
202400028078,155 732 292,A01,0.0,7.0,0,1,4,26,2.0,
202400028079,155 732 290,A01,1.0,7.0,0,2,1,2,1.0,
202400028080,155 732 289,B01,2.0,7.0,3,2,0,0,1.0,
202400028081,155 732 287,A01,3.0,33.0,0,0,3,1,1.0,
202400028082,155 732 285,B01,3.0,7.0,6,0,6,15,1.0,
202400028083,155 732 284,A01,1.0,7.0,0,2,8,13,1.0,
202400028084,155 732 281,B01,2.0,7.0,0,2,1,1,1.0,
202400028085,155 732 279,A01,0.0,50.0,0,2,1,26,3.0,
202400028086,155 732 278,A01,1.0,7.0,16,2,9,1,1.0,
202400028087,155 732 277,A01,2.0,33.0,13,0,2,14,1.0,
202400028088,155 732 273,A01,2.0,7.0,0,2,1,1,1.0,
202400028089,155 732 274,B01,1.0,7.0,0,2,1,9,1.0,
202400028090,155 732 272,A01,2.0,7.0,2,0,1,1,1.0,
202400028091,155 732 267,B01,1.0,33.0,0,2,1,11,1.0,
202400028092,155 732 268,B01,0.0,34.0,0,2,3,13,1.0,
202400028093,155 732 266,A01,2.0,34.0,0,2,1,12,1.0,
202400028094,155 732 263,A01,3.0,7.0,0,0,3,1,1.0,
202400028095,155 732 262,A01,2.0,34.0,0,2,1,1,1.0,
202400028096,155 732 261,B01,1.0,7.0,0,2,3,1,1.0,
202400028097,155 732 260,A01,2.0,33.0,0,0,7,3,1.0,
202400028098,155 732 258,A01,2.0,7.0,0,2,3,13,1.0,
202400028099,155 732 257,A01,1.0,1.0,0,1,3,1,5.0,
202400028100,155 732 255,A01,3.0,32.0,14,0,1,1,3.0,
202400028101,155 732 254,B01,2.0,7.0,0,2,5,1,3.0,
202400028102,155 732 252,A01,3.0,21.0,0,0,7,1,1.0,
202400028103,155 732 251,A01,1.0,33.0,0,0,0,3,1.0,
202400028104,155 732 250,B01,1.0,1.0,0,2,0,0,5.0,
202400028105,155 732 246,A01,1.0,10.0,0,2,2,14,1.0,
202400028106,155 732 244,A01,1.0,50.0,0,2,3,9,3.0,
202400028107,155 732 245,A01,1.0,7.0,0,2,8,1,2.0,
202400028108,155 732 241,A01,1.0,2.0,16,0,0,0,1.0,
202400028109,155 732 240,A01,2.0,31.0,0,2,1,3,1.0,
202400028110,155 732 239,A01,2.0,7.0,3,0,2,14,1.0,
202400028111,155 732 236,A01,2.0,7.0,0,2,1,2,1.0,
202400028112,155 732 235,B01,1.0,1.0,0,2,4,1,5.0,
202400028113,155 732 232,A01,1.0,7.0,2,0,2,13,1.0,
202400028114,155 732 231,A01,1.0,32.0,0,2,1,17,1.0,
202400028115,155 732 229,A01,2.0,7.0,0,2,1,13,3.0,
202400028116,155 732 227,A01,1.0,7.0,13,0,2,13,1.0,
202400028117,155 732 228,A01,1.0,33.0,2,0,1,14,1.0,
202400028118,155 732 224,B01,3.0,33.0,0,2,8,21,1.0,
202400028119,155 732 223,B01,1.0,7.0,0,2,1,1,1.0,
202400028120,155 732 222,A01,1.0,33.0,3,0,0,1,1.0,
202400028121,155 732 219,A01,1.0,7.0,13,0,1,1,1.0,
202400028122,155 732 218,A01,3.0,7.0,0,0,1,15,1.0,
202400028123,155 732 214,A01,2.0,33.0,13,0,2,2,1.0,
202400028124,155 732 213,A01,2.0,33.0,0,2,7,17,1.0,
202400028125,155 732 212,B01,1.0,31.0,0,2,1,1,1.0,
202400028126,155 732 211,A01,2.0,7.0,2,0,1,1,1.0,
202400028127,155 732 208,A01,1.0,10.0,0,0,1,1,1.0,
202400028128,155 732 209,A01,3.0,2.0,0,2,1,0,1.0,
202400028129,155 732 206,A01,1.0,7.0,0,2,1,13,1.0,
202400028130,155 732 205,A01,1.0,32.0,0,0,0,26,1.0,
202400028131,155 732 204,A01,3.0,34.0,0,1,3,1,1.0,
202400028132,155 732 202,A01,1.0,7.0,13,0,2,0,1.0,
202400028133,155 732 199,A01,1.0,30.0,12,2,7,11,1.0,
202400028134,155 732 200,B01,2.0,7.0,0,2,3,15,1.0,
202400028135,155 732 197,A01,2.0,7.0,0,0,1,1,1.0,
202400028136,155 732 193,A01,1.0,7.0,0,2,1,1,1.0,
202400028137,155 732 194,B01,3.0,1.0,0,2,3,15,5.0,
202400028138,155 732 191,B01,2.0,10.0,0,2,3,17,0.0,
202400028139,155 732 190,A01,2.0,80.0,0,0,0,1,3.0,
202400028140,155 732 189,A01,1.0,37.0,0,1,2,16,1.0,1
202400028141,155 732 188,A01,1.0,7.0,12,0,2,1,1.0,
202400028142,155 732 187,A01,2.0,7.0,13,0,1,1,1.0,
202400028143,155 732 185,A01,2.0,7.0,0,2,3,13,1.0,
202400028144,155 732 181,A01,3.0,7.0,0,2,2,19,1.0,
202400028145,155 732 179,A01,1.0,32.0,0,2,0,0,1.0,
202400028146,155 732 180,A01,3.0,7.0,0,0,3,9,1.0,
202400028147,155 732 177,A01,0.0,7.0,16,0,0,0,1.0,
202400028148,155 732 175,A01,0.0,7.0,0,2,1,1,1.0,
202400028149,155 732 174,A01,1.0,7.0,0,1,1,25,1.0,
202400028150,155 732 172,A01,1.0,7.0,0,2,3,5,1.0,
202400028151,155 732 170,A01,2.0,7.0,2,0,1,1,1.0,
202400028152,155 732 167,A01,1.0,7.0,0,0,3,1,1.0,
202400028153,155 732 164,A01,3.0,7.0,0,9,3,1,1.0,
202400028154,155 732 163,B01,1.0,7.0,0,2,1,21,1.0,
202400028155,155 732 161,A01,1.0,33.0,0,0,2,14,1.0,
202400028156,155 732 160,B01,2.0,7.0,0,9,8,1,1.0,
202400028157,155 732 159,A01,3.0,7.0,8,0,1,1,1.0,
202400028158,155 732 156,A01,1.0,7.0,0,0,2,1,1.0,
202400028159,155 732 155,A01,3.0,7.0,0,2,3,1,1.0,
202400028160,155 732 154,A01,3.0,7.0,0,2,1,26,1.0,
202400028161,155 732 152,A01,1.0,21.0,13,0,7,1,1.0,
202400028162,155 732 151,A01,2.0,7.0,0,0,4,1,1.0,
202400028163,155 732 149,A01,2.0,7.0,0,1,5,4,1.0,
202400028164,155 732 147,B01,0.0,7.0,8,2,9,2,1.0,
202400028165,155 732 145,B01,2.0,33.0,0,2,9,1,1.0,
202400028166,155 732 144,A01,1.0,7.0,13,0,2,15,1.0,
202400028167,155 732 140,B01,3.0,7.0,0,2,1,1,1.0,
202400028168,155 732 139,A01,2.0,33.0,0,2,1,17,1.0,
202400028169,155 732 138,B01,2.0,33.0,0,2,1,26,1.0,
202400028170,155 732 135,A01,3.0,7.0,0,1,3,15,1.0,
202400028171,155 732 133,B01,3.0,50.0,0,2,2,26,3.0,
202400028172,155 732 129,A01,2.0,7.0,0,2,3,17,1.0,
202400028173,155 732 127,A01,2.0,2.0,0,0,7,1,1.0,
202400028174,155 732 128,A01,3.0,7.0,0,1,2,1,1.0,
202400028175,155 732 126,A01,1.0,7.0,1,0,1,5,1.0,
202400028176,155 732 124,B01,1.0,15.0,0,2,3,1,1.0,
202400028177,155 732 121,A01,1.0,7.0,0,2,3,5,1.0,
202400028178,155 732 120,A01,2.0,33.0,4,0,4,0,1.0,
202400028179,155 732 119,B01,1.0,33.0,0,2,1,1,1.0,
202400028180,155 732 115,A01,2.0,7.0,0,2,1,14,1.0,
202400028181,155 732 114,A01,3.0,31.0,0,2,2,2,1.0,
202400028182,155 732 113,B01,1.0,7.0,0,2,7,15,2.0,
202400028183,155 732 112,A01,1.0,7.0,15,0,1,26,1.0,
202400028184,155 732 109,A01,2.0,10.0,0,2,7,17,1.0,
202400028185,155 732 110,A01,0.0,7.0,0,1,3,15,1.0,
202400028186,155 732 106,B01,2.0,7.0,0,2,4,2,4.0,
202400028187,155 732 105,A01,1.0,99.0,0,2,5,17,1.0,
202400028188,155 732 104,A01,1.0,10.0,0,1,8,0,1.0,
202400028189,155 732 101,B01,1.0,7.0,0,2,3,1,0.0,
202400028190,155 732 100,A01,0.0,7.0,0,2,5,4,1.0,
202400028191,155 732 097,A01,1.0,17.0,0,2,1,2,1.0,
202400028192,155 732 096,A01,1.0,7.0,0,2,1,9,1.0,