Num_Acc,id_vehicule,num_veh,senc,catv,obs,obsm,choc,manv,motor,occutc
202400028193,155 732 094,A01,2.0,7.0,0,2,6,15,2.0,
202400028194,155 732 091,B01,1.0,7.0,0,2,2,2,1.0,
202400028195,155 732 090,B01,2.0,33.0,0,2,8,1,1.0,
202400028196,155 732 087,A01,1.0,7.0,15,0,3,13,1.0,
202400028197,155 732 088,X01,2.0,10.0,0,2,1,15,0.0,
202400028198,155 732 086,A01,1.0,7.0,8,0,3,15,1.0,
202400028199,155 732 085,A01,1.0,7.0,2,0,1,1,1.0,
202400028200,155 732 083,A01,0.0,7.0,2,0,1,1,1.0,
202400028201,155 732 078,B01,2.0,7.0,0,2,1,26,1.0,
202400028202,155 732 080,A01,1.0,7.0,0,0,1,13,1.0,
202400028203,155 732 077,A01,2.0,7.0,0,2,3,13,1.0,
202400028204,155 732 076,A01,2.0,50.0,0,0,0,1,3.0,
202400028205,155 732 073,A01,1.0,10.0,0,2,4,2,1.0,
202400028206,155 732 074,A01,2.0,32.0,12,0,1,17,1.0,
202400028207,155 732 071,A01,2.0,31.0,0,2,1,2,1.0,
202400028208,155 732 069,A01,1.0,7.0,13,0,1,0,1.0,
202400028209,155 732 068,A01,3.0,33.0,0,0,-1,11,1.0,
202400028210,155 732 066,A01,2.0,7.0,0,2,1,13,1.0,
202400028211,155 732 065,A01,2.0,7.0,6,0,1,2,1.0,
202400028212,155 732 064,A01,1.0,80.0,14,0,8,1,3.0,
202400028213,155 732 062,A01,2.0,1.0,0,0,0,1,5.0,
202400028214,155 732 061,A01,1.0,1.0,1,0,1,1,5.0,
202400028215,155 732 060,A01,1.0,7.0,0,1,2,1,2.0,
202400028216,155 732 058,B01,2.0,10.0,0,2,1,0,1.0,
202400028217,155 732 057,A01,2.0,7.0,0,1,1,1,1.0,
202400028218,155 732 056,A01,0.0,33.0,0,0,1,1,1.0,
202400028219,155 732 051,B01,3.0,7.0,1,0,0,26,1.0,
202400028220,155 732 050,B01,1.0,7.0,0,0,4,1,1.0,
202400028221,155 732 052,A01,2.0,7.0,0,2,1,5,1.0,
202400028222,155 732 049,A01,2.0,43.0,16,0,9,1,1.0,
202400028223,155 732 047,A01,2.0,10.0,3,0,2,1,1.0,
202400028224,155 732 046,A01,1.0,33.0,0,2,4,13,1.0,
202400028225,155 732 044,A01,2.0,7.0,6,0,1,1,1.0,
202400028226,155 732 045,A01,2.0,7.0,16,0,9,15,1.0,
202400028227,155 732 042,A01,1.0,7.0,0,2,2,1,0.0,
202400028228,155 732 040,A01,0.0,31.0,12,0,0,1,1.0,
202400028229,155 732 037,A01,1.0,7.0,0,0,4,2,1.0,
202400028230,155 732 036,B01,3.0,10.0,0,2,4,0,1.0,
202400028231,155 732 034,A01,3.0,7.0,0,1,5,20,1.0,
202400028232,155 732 033,A01,3.0,7.0,0,0,1,26,1.0,
202400028233,155 732 032,A01,1.0,32.0,0,2,7,17,1.0,
202400028234,155 732 030,A01,1.0,33.0,0,1,1,1,1.0,
202400028235,155 732 029,A01,1.0,7.0,14,1,2,1,1.0,
202400028236,155 732 026,A01,2.0,33.0,0,2,1,2,1.0,
202400028237,155 732 024,A01,3.0,7.0,0,2,1,5,2.0,
202400028238,155 732 021,B01,2.0,1.0,0,2,1,1,5.0,
202400028239,155 732 020,A01,2.0,10.0,0,2,2,2,1.0,
202400028240,155 732 018,A01,1.0,14.0,0,2,3,13,1.0,
202400028241,155 732 017,A01,0.0,50.0,0,0,0,1,3.0,
202400028242,155 732 014,A01,0.0,21.0,13,0,2,14,1.0,
202400028243,155 732 015,A01,1.0,7.0,0,2,4,2,1.0,
202400028244,155 732 012,A01,3.0,1.0,0,0,9,0,5.0,
202400028245,155 732 011,A01,2.0,7.0,4,0,8,0,1.0,
202400028246,155 732 010,A01,1.0,7.0,0,2,3,1,1.0,
202400028247,155 732 008,A01,1.0,33.0,0,2,8,1,1.0,
202400028248,155 732 007,A01,3.0,2.0,8,0,1,1,1.0,
202400028249,155 732 006,A01,2.0,33.0,0,0,0,0,1.0,
202400028250,155 732 005,A01,1.0,7.0,6,0,9,0,1.0,
202400028251,155 732 003,A01,2.0,7.0,8,0,9,21,1.0,
202400028252,155 732 002,A01,2.0,7.0,0,2,1,1,1.0,
202400028253,155 732 000,A01,1.0,14.0,17,0,2,1,1.0,
202400028254,155 731 998,A01,1.0,7.0,3,2,3,16,1.0,
202400028255,155 731 997,B01,0.0,7.0,0,2,5,0,1.0,
202400028256,155 731 994,A01,2.0,2.0,0,2,1,17,1.0,
202400028257,155 731 991,A01,1.0,31.0,0,2,5,15,1.0,
202400028258,155 731 990,A01,1.0,7.0,0,9,1,21,1.0,
202400028259,155 731 989,A01,0.0,7.0,6,0,2,1,1.0,
202400028260,155 731 988,A01,0.0,7.0,8,0,1,1,3.0,
202400028261,155 731 987,A01,1.0,2.0,4,0,1,13,1.0,
202400028262,155 731 984,A01,2.0,7.0,0,2,2,1,1.0,
202400028263,155 731 982,A01,3.0,3.0,0,2,6,1,3.0,
202400028264,155 731 979,A01,3.0,7.0,3,0,1,1,1.0,
202400028265,155 731 980,A01,2.0,7.0,0,2,3,13,1.0,
202400028266,155 731 977,B01,2.0,33.0,0,2,1,1,1.0,
202400028267,155 731 974,B01,2.0,31.0,0,2,1,1,1.0,
202400028268,155 731 973,A01,2.0,7.0,0,2,2,1,1.0,
202400028269,155 731 969,B01,1.0,1.0,0,0,5,12,5.0,
202400028270,155 731 968,B01,1.0,38.0,0,0,3,24,1.0,1
202400028271,155 731 967,A01,1.0,7.0,0,9,1,2,1.0,
202400028272,155 731 966,A01,1.0,7.0,3,0,3,21,1.0,
202400028273,155 731 965,A01,2.0,2.0,0,0,0,1,1.0,
202400028274,155 731 963,A01,1.0,10.0,0,2,2,2,1.0,
202400028275,155 731 961,A01,2.0,7.0,2,0,8,14,1.0,
202400028276,155 731 960,A01,1.0,7.0,0,0,9,1,1.0,
202400028277,155 731 957,A01,2.0,7.0,0,2,4,0,1.0,
202400028278,155 731 956,B01,1.0,31.0,0,2,1,1,1.0,
202400028279,155 731 955,A01,1.0,33.0,0,0,8,1,1.0,
202400028280,155 731 953,A01,1.0,7.0,0,1,1,1,1.0,
202400028281,155 731 952,A01,2.0,7.0,4,0,0,0,1.0,
202400028282,155 731 951,B01,2.0,10.0,0,2,3,24,1.0,
202400028283,155 731 948,B01,2.0,10.0,0,2,3,1,1.0,
202400028284,155 731 949,A01,1.0,7.0,4,0,3,26,1.0,
202400028285,155 731 947,A01,3.0,10.0,0,1,1,1,1.0,
202400028286,155 731 945,A01,2.0,7.0,4,0,2,1,1.0,
202400028287,155 731 944,A01,2.0,7.0,0,2,8,11,1.0,
202400028288,155 731 940,B01,1.0,7.0,16,0,1,1,1.0,
202400028289,155 731 937,A01,2.0,13.0,9,2,4,1,1.0,
202400028290,155 731 936,B01,1.0,7.0,0,2,5,2,1.0,
202400028291,155 731 934,A01,3.0,10.0,0,2,3,3,1.0,
202400028292,155 731 928,A01,1.0,33.0,0,2,4,1,1.0,
202400028293,155 731 930,A01,3.0,33.0,2,0,1,26,1.0,
202400028294,155 731 929,A01,2.0,10.0,0,2,5,1,1.0,
202400028295,155 731 926,A01,3.0,2.0,0,0,0,1,1.0,
202400028296,155 731 924,A01,2.0,33.0,0,2,3,21,1.0,
202400028297,155 731 923,B01,3.0,2.0,0,2,1,15,1.0,
202400028298,155 731 922,A01,1.0,7.0,1,0,1,0,1.0,
202400028299,155 731 921,A01,3.0,2.0,5,0,2,1,1.0,
202400028300,155 731 919,B01,2.0,7.0,0,2,1,19,1.0,
202400028301,155 731 918,A01,1.0,33.0,0,0,8,1,1.0,
202400028302,155 731 915,A01,1.0,7.0,0,9,2,1,1.0,
202400028303,155 731 914,B01,1.0,1.0,0,2,1,1,5.0,
202400028304,155 731 913,A01,2.0,32.0,0,0,7,1,1.0,
202400028305,155 731 911,A01,1.0,7.0,2,0,1,1,1.0,
202400028306,155 731 910,B01,1.0,7.0,0,2,4,19,1.0,
202400028307,155 731 908,B01,3.0,99.0,0,2,6,26,6.0,
202400028308,155 731 905,B01,0.0,1.0,0,2,1,2,5.0,
202400028309,155 731 904,B01,2.0,7.0,0,2,6,1,1.0,
202400028310,155 731 900,B01,2.0,33.0,0,2,1,1,1.0,
202400028311,155 731 899,B01,1.0,7.0,0,2,1,15,1.0,
202400028312,155 731 896,A01,2.0,10.0,0,2,1,2,1.0,
202400028313,155 731 897,A01,0.0,32.0,12,0,1,13,1.0,
202400028314,155 731 893,A01,2.0,7.0,0,2,3,9,1.0,
202400028315,155 731 892,A01,1.0,7.0,8,0,1,1,1.0,
202400028316,155 731 891,A01,1.0,7.0,0,2,1,1,2.0,
202400028317,155 731 889,A01,1.0,7.0,4,0,1,1,1.0,
202400028318,155 731 888,B01,1.0,7.0,0,2,3,2,1.0,
202400028319,155 731 886,A01,3.0,33.0,0,0,2,1,1.0,
202400028320,155 731 885,A01,0.0,7.0,13,0,0,14,1.0,
202400028321,155 731 883,A01,1.0,7.0,0,2,1,15,1.0,
202400028322,155 731 879,A01,2.0,7.0,0,2,1,2,1.0,
202400028323,155 731 878,A01,3.0,7.0,8,0,1,5,1.0,
202400028324,155 731 874,A01,3.0,7.0,0,2,1,13,1.0,
202400028325,155 731 875,A01,0.0,7.0,0,2,6,9,1.0,
202400028326,155 731 872,A01,1.0,7.0,9,2,1,1,1.0,
202400028327,155 731 871,A01,2.0,38.0,0,0,7,1,1.0,3
202400028328,155 731 870,A01,3.0,7.0,0,1,1,1,1.0,
202400028329,155 731 866,A01,2.0,50.0,0,2,0,0,3.0,
202400028330,155 731 865,A01,1.0,10.0,0,2,3,6,1.0,
202400028331,155 731 862,A01,1.0,7.0,0,2,2,15,1.0,
202400028332,155 731 863,A01,1.0,7.0,1,0,3,15,1.0,
202400028333,155 731 861,A01,1.0,7.0,0,1,2,1,1.0,
202400028334,155 731 858,A01,2.0,50.0,0,0,0,1,3.0,
202400028335,155 731 859,A01,3.0,7.0,0,0,1,1,0.0,
202400028336,155 731 857,A01,0.0,33.0,2,9,0,16,1.0,
202400028337,155 731 855,A01,2.0,7.0,2,0,9,14,1.0,
202400028338,155 731 856,A01,2.0,50.0,0,1,1,1,3.0,
202400028339,155 731 851,A01,2.0,7.0,0,1,1,1,1.0,
202400028340,155 731 850,A01,2.0,7.0,0,2,1,1,1.0,
202400028341,155 731 849,B01,1.0,7.0,0,2,1,19,1.0,
202400028342,155 731 847,A01,1.0,30.0,1,0,1,13,1.0,
202400028343,155 731 845,A01,1.0,7.0,0,2,7,1,1.0,
202400028344,155 731 844,A01,1.0,7.0,0,2,3,19,1.0,
202400028345,155 731 842,A01,1.0,33.0,13,0,1,0,1.0,
202400028346,155 731 843,A01,1.0,7.0,0,1,1,1,1.0,
202400028347,155 731 839,B01,2.0,7.0,0,0,4,2,1.0,
202400028348,155 731 838,A01,3.0,31.0,0,2,1,17,1.0,
202400028349,155 731 834,A01,1.0,2.0,0,2,1,1,1.0,
202400028350,155 731 835,A01,1.0,33.0,0,2,2,17,1.0,
202400028351,155 731 832,Z01,3.0,7.0,0,2,1,2,1.0,
202400028352,155 731 830,A01,1.0,7.0,0,2,1,1,1.0,
202400028353,155 731 826,A01,0.0,7.0,0,2,0,12,1.0,
202400028354,155 731 824,A01,3.0,7.0,0,2,3,15,1.0,
202400028355,155 731 823,C01,2.0,7.0,0,2,6,2,1.0,
202400028356,155 731 821,B01,2.0,2.0,0,2,1,2,3.0,
202400028357,155 731 819,A01,1.0,7.0,2,0,1,13,1.0,
202400028358,155 731 818,B01,2.0,7.0,0,2,4,2,1.0,
202400028359,155 731 815,A01,1.0,33.0,0,2,2,15,1.0,
202400028360,155 731 813,A01,2.0,7.0,0,2,8,9,1.0,
202400028361,155 731 812,A01,3.0,7.0,0,9,7,2,1.0,
202400028362,155 731 810,B01,2.0,7.0,0,2,3,15,1.0,
202400028363,155 731 806,B01,1.0,7.0,0,2,0,0,1.0,
202400028364,155 731 807,A01,2.0,7.0,0,2,3,15,1.0,
202400028365,155 731 805,A01,1.0,33.0,9,0,1,16,1.0,
202400028366,155 731 803,A01,1.0,33.0,0,2,0,0,1.0,
202400028367,155 731 800,A01,0.0,7.0,0,2,1,1,1.0,
202400028368,155 731 801,A01,0.0,30.0,0,0,8,1,1.0,
202400028369,155 731 798,A01,3.0,30.0,0,2,2,26,1.0,
202400028370,155 731 794,B01,2.0,37.0,0,2,7,16,3.0,1
202400028371,155 731 792,A01,1.0,7.0,0,2,1,1,4.0,
202400028372,155 731 793,A01,3.0,7.0,0,2,2,15,1.0,
202400028373,155 731 790,A01,3.0,7.0,0,2,3,20,1.0,
202400028374,155 731 789,A01,2.0,7.0,13,0,3,1,1.0,
202400028375,155 731 788,A01,1.0,1.0,0,0,1,26,5.0,
202400028376,155 731 787,A01,1.0,7.0,6,0,0,1,1.0,
202400028377,155 731 786,A01,1.0,7.0,13,0,1,1,1.0,
202400028378,155 731 785,A01,0.0,7.0,0,1,0,9,1.0,
202400028379,155 731 782,A01,3.0,7.0,8,0,3,2,2.0,
202400028380,155 731 780,A01,3.0,7.0,0,2,1,1,1.0,
202400028381,155 731 778,A01,1.0,7.0,4,0,3,21,1.0,
202400028382,155 731 777,A01,1.0,2.0,0,2,8,0,1.0,
202400028383,155 731 775,B01,2.0,80.0,0,2,8,19,3.0,
202400028384,155 731 773,A01,1.0,31.0,0,2,3,1,1.0,
202400028385,155 731 771,A01,1.0,7.0,0,2,8,15,1.0,
202400028386,155 731 768,C01,2.0,7.0,0,2,3,1,1.0,
202400028387,155 731 766,A01,2.0,14.0,0,2,1,1,1.0,
202400028388,155 731 765,A01,2.0,7.0,0,1,2,1,1.0,
202400028389,155 731 763,B01,0.0,2.0,0,2,5,1,1.0,
202400028390,155 731 761,A01,2.0,7.0,0,2,1,1,1.0,
202400028391,155 731 759,B01,1.0,7.0,0,2,1,1,1.0,
202400028392,155 731 758,A01,1.0,7.0,0,1,3,15,2.0,
202400028393,155 731 755,B01,2.0,7.0,0,2,3,19,6.0,
202400028394,155 731 753,A01,1.0,1.0,0,2,1,1,5.0,
202400028395,155 731 752,A01,3.0,7.0,15,0,1,1,1.0,
202400028396,155 731 751,A01,3.0,10.0,0,1,4,4,1.0,
202400028397,155 731 749,A01,2.0,10.0,0,2,8,9,1.0,
202400028398,155 731 748,A01,1.0,50.0,12,0,0,1,3.0,
202400028399,155 731 746,B01,3.0,7.0,0,2,7,1,1.0,
202400028400,155 731 744,B01,3.0,1.0,0,2,1,1,5.0,
202400028401,155 731 743,A01,1.0,7.0,2,0,1,1,1.0,
202400028402,155 731 742,A01,1.0,7.0,0,1,1,1,1.0,
202400028403,155 731 740,B01,2.0,50.0,0,2,1,1,3.0,
202400028404,155 731 739,A01,1.0,7.0,0,1,1,0,1.0,
202400028405,155 731 738,A01,3.0,7.0,0,1,2,1,1.0,
202400028406,155 731 736,A01,1.0,33.0,4,2,1,2,1.0,
202400028407,155 731 734,A01,1.0,10.0,0,1,1,1,1.0,
202400028408,155 731 733,A01,1.0,7.0,0,2,2,15,1.0,
202400028409,155 731 731,B01,1.0,7.0,0,2,4,2,1.0,
202400028410,155 731 729,B01,1.0,7.0,0,2,3,0,1.0,
202400028411,155 731 726,A01,0.0,7.0,0,0,1,2,1.0,
202400028412,155 731 724,A01,1.0,7.0,0,1,0,1,1.0,
202400028413,155 731 723,A01,0.0,7.0,0,2,2,16,1.0,
202400028414,155 731 722,A01,1.0,7.0,8,0,2,1,1.0,
202400028415,155 731 720,B01,1.0,7.0,0,2,1,1,1.0,
202400028416,155 731 719,A01,1.0,7.0,0,1,1,15,1.0,
202400028417,155 731 718,A01,1.0,32.0,0,6,1,1,1.0,
202400028418,155 731 717,A01,1.0,1.0,0,0,1,1,5.0,
202400028419,155 731 716,A01,2.0,7.0,0,1,1,1,1.0,
202400028420,155 731 715,A01,3.0,1.0,0,1,2,21,5.0,
202400028421,155 731 712,B01,1.0,1.0,0,2,7,1,5.0,
202400028422,155 731 710,B01,2.0,33.0,0,2,7,16,3.0,
202400028423,155 731 708,A01,1.0,50.0,0,4,1,1,3.0,
202400028424,155 731 704,A01,3.0,7.0,0,2,2,2,1.0,
202400028425,155 731 702,C01,3.0,7.0,0,0,6,23,1.0,
202400028426,155 731 700,B01,1.0,32.0,0,2,3,1,1.0,
202400028427,155 731 697,A01,1.0,30.0,0,2,1,17,1.0,
202400028428,155 731 696,B01,2.0,1.0,0,2,7,1,5.0,
202400028429,155 731 694,A01,1.0,38.0,0,2,2,1,1.0,1
202400028430,155 731 691,A01,2.0,7.0,3,0,8,1,1.0,
202400028431,155 731 688,B01,2.0,15.0,0,2,6,1,1.0,
202400028432,155 731 687,A01,2.0,1.0,8,0,0,25,5.0,
202400028433,155 731 685,A01,1.0,33.0,0,2,1,1,1.0,
202400028434,155 731 682,A01,1.0,7.0,0,0,9,1,1.0,
202400028435,155 731 683,B01,1.0,1.0,0,2,4,13,5.0,
202400028436,155 731 680,B01,3.0,16.0,0,2,1,26,0.0,
202400028437,155 731 679,A01,1.0,7.0,13,0,1,13,1.0,
202400028438,155 731 677,B01,1.0,21.0,0,0,1,1,1.0,
202400028439,155 731 675,A01,2.0,7.0,0,2,3,13,1.0,
202400028440,155 731 673,B01,3.0,1.0,0,2,8,19,5.0,
202400028441,155 731 671,B01,2.0,80.0,0,0,4,1,3.0,
202400028442,155 731 670,A01,2.0,7.0,0,1,2,1,1.0,
202400028443,155 731 668,A01,1.0,7.0,0,2,1,15,1.0,
202400028444,155 731 667,A01,2.0,7.0,13,0,7,1,1.0,
202400028445,155 731 666,A01,1.0,7.0,6,0,1,1,1.0,
202400028446,155 731 665,A01,1.0,35.0,0,0,8,10,1.0,
202400028447,155 731 663,A01,1.0,7.0,3,2,7,2,1.0,
202400028448,155 731 661,A01,2.0,7.0,0,2,1,13,1.0,
202400028449,155 731 660,A01,2.0,7.0,5,0,2,1,1.0,
202400028450,155 731 658,B01,1.0,14.0,0,0,3,21,0.0,
202400028451,155 731 656,A01,2.0,7.0,0,2,2,1,1.0,
202400028452,155 731 653,A01,1.0,7.0,6,2,3,5,1.0,
202400028453,155 731 651,B01,2.0,33.0,0,2,1,1,1.0,
202400028454,155 731 649,A01,2.0,1.0,0,2,1,1,5.0,
202400028455,155 731 647,A01,2.0,7.0,15,0,4,23,1.0,
202400028456,155 731 646,A01,1.0,33.0,0,0,9,26,1.0,
202400028457,155 731 644,B01,2.0,10.0,0,0,6,1,1.0,
202400028458,155 731 643,A01,,7.0,0,1,3,20,1.0,
202400028459,155 731 641,A01,1.0,10.0,0,2,1,1,1.0,
202400028460,155 731 637,B01,2.0,7.0,0,2,4,1,1.0,
202400028461,155 731 635,A01,1.0,33.0,0,2,1,2,1.0,
202400028462,155 731 634,A01,1.0,7.0,0,1,1,2,1.0,
202400028463,155 731 633,A01,2.0,7.0,0,1,1,1,1.0,
202400028464,155 731 625,A01,2.0,7.0,0,2,1,2,1.0,
202400028465,155 731 623,B01,2.0,7.0,0,2,4,0,1.0,
202400028466,155 731 622,A01,2.0,7.0,0,0,9,0,1.0,
202400028467,155 731 621,A01,1.0,7.0,0,0,0,1,1.0,
202400028468,155 731 619,A01,1.0,7.0,0,2,3,11,1.0,
202400028469,155 731 618,A01,2.0,7.0,0,0,4,1,1.0,
202400028470,155 731 616,A01,1.0,7.0,0,2,1,1,1.0,
202400028471,155 731 615,A01,1.0,7.0,4,0,2,1,1.0,
202400028472,155 731 614,A01,1.0,7.0,1,0,2,1,1.0,
202400028473,155 731 612,Z01,2.0,7.0,0,2,1,1,1.0,
202400028474,155 731 610,B01,1.0,10.0,0,2,4,2,1.0,
202400028475,155 731 608,A01,2.0,14.0,0,2,1,2,1.0,
202400028476,155 731 607,A01,2.0,7.0,4,0,1,1,1.0,
202400028477,155 731 606,A01,2.0,7.0,3,0,1,1,1.0,
202400028478,155 731 604,A01,2.0,7.0,0,2,8,24,1.0,
202400028479,155 731 602,A01,3.0,30.0,0,2,1,2,1.0,
202400028480,155 731 600,B01,3.0,43.0,0,2,1,17,0.0,
202400028481,155 731 598,A01,0.0,7.0,0,9,1,0,1.0,
202400028482,155 731 596,A01,1.0,7.0,0,2,1,13,1.0,
202400028483,155 731 595,A01,1.0,33.0,4,0,0,15,1.0,
202400028484,155 731 593,A01,2.0,10.0,0,2,1,9,0.0,
202400028485,155 731 592,A01,2.0,50.0,1,0,1,1,3.0,
202400028486,155 731 591,A01,2.0,7.0,6,0,1,1,1.0,
202400028487,155 731 590,A01,1.0,33.0,12,0,1,1,1.0,
202400028488,155 731 589,A01,3.0,7.0,12,0,3,1,1.0,
202400028489,155 731 588,A01,3.0,7.0,15,1,7,0,0.0,
202400028490,155 731 585,A01,1.0,7.0,0,2,1,26,0.0,
202400028491,155 731 584,A01,1.0,7.0,1,0,2,14,1.0,
202400028492,155 731 582,B01,3.0,7.0,0,9,8,26,1.0,
202400028493,155 731 580,A01,2.0,7.0,0,2,7,15,1.0,
202400028494,155 731 578,B01,2.0,7.0,0,2,3,1,1.0,
202400028495,155 731 576,B01,3.0,7.0,0,2,8,15,1.0,
202400028496,155 731 574,A01,1.0,10.0,0,2,1,1,1.0,
202400028497,155 731 570,A01,2.0,7.0,0,1,1,1,1.0,
202400028498,155 731 568,A01,1.0,31.0,1,2,8,21,1.0,
202400028499,155 731 566,A01,3.0,10.0,0,2,2,0,0.0,
202400028500,155 731 564,A01,3.0,10.0,0,2,2,1,1.0,
202400028501,155 731 562,A01,1.0,30.0,0,2,1,1,1.0,
202400028502,155 731 561,A01,2.0,99.0,6,0,1,13,1.0,
202400028503,155 731 559,A01,3.0,7.0,0,2,3,11,1.0,
202400028504,155 731 558,C01,1.0,7.0,0,0,2,1,0.0,
202400028505,155 731 555,A01,1.0,7.0,3,2,3,2,1.0,
202400028506,155 731 554,A01,1.0,7.0,0,1,1,1,1.0,
202400028507,155 731 552,A01,0.0,7.0,0,9,1,16,1.0,
202400028508,155 731 550,A01,1.0,7.0,0,2,1,2,1.0,
202400028509,155 731 549,Z01,3.0,1.0,0,1,1,1,5.0,
202400028510,155 731 548,A01,1.0,7.0,4,0,3,1,1.0,
202400028511,155 731 547,A01,3.0,7.0,6,0,1,1,1.0,
202400028512,155 731 545,B01,1.0,7.0,0,2,3,1,1.0,
202400028513,155 731 543,A01,2.0,2.0,0,2,1,1,1.0,
202400028514,155 731 541,A01,2.0,7.0,0,2,8,15,1.0,
202400028515,155 731 540,A01,3.0,30.0,0,0,0,1,1.0,
202400028516,155 731 538,A01,1.0,7.0,0,2,5,15,1.0,
202400028517,155 731 537,A01,2.0,2.0,16,0,0,1,1.0,
202400028518,155 731 535,A01,1.0,7.0,14,0,1,2,1.0,
202400028519,155 731 532,A01,3.0,32.0,0,2,1,19,1.0,
202400028520,155 731 530,A01,3.0,7.0,0,2,0,15,1.0,
202400028521,155 731 529,A01,2.0,7.0,0,1,1,19,1.0,
202400028522,155 731 527,A01,2.0,7.0,0,2,5,12,2.0,
202400028523,155 731 526,A01,1.0,1.0,0,1,1,1,5.0,
202400028524,155 731 524,B01,2.0,1.0,0,2,5,20,5.0,
202400028525,155 731 523,A01,2.0,34.0,0,1,1,1,3.0,
202400028526,155 731 522,Z01,1.0,32.0,0,1,1,1,0.0,
202400028527,155 731 521,A01,1.0,7.0,0,1,3,2,2.0,
202400028528,155 731 519,A01,1.0,34.0,0,2,7,1,1.0,
202400028529,155 731 518,A01,2.0,7.0,0,1,2,1,2.0,
202400028530,155 731 517,A01,1.0,7.0,0,1,1,15,1.0,
202400028531,155 731 515,B01,1.0,1.0,0,2,6,15,5.0,
202400028532,155 731 514,A01,3.0,7.0,1,0,2,14,1.0,
202400028533,155 731 512,A01,2.0,2.0,0,2,6,18,1.0,
202400028534,155 731 510,B01,0.0,7.0,0,0,3,24,1.0,
202400028535,155 731 508,A01,1.0,1.0,0,2,1,13,5.0,
202400028536,155 731 507,A01,1.0,34.0,1,0,1,1,1.0,
202400028537,155 731 506,A01,1.0,7.0,0,1,1,15,1.0,
202400028538,155 731 504,B01,1.0,2.0,0,2,7,12,1.0,
202400028539,155 731 503,A01,2.0,34.0,0,0,3,16,0.0,
202400028540,155 731 501,A01,1.0,7.0,1,0,4,2,1.0,
202400028541,155 731 500,A01,0.0,30.0,14,0,0,1,1.0,
202400028542,155 731 499,A01,3.0,7.0,0,1,1,26,2.0,
202400028543,155 731 497,A01,2.0,7.0,0,2,1,1,1.0,
202400028544,155 731 495,A01,1.0,33.0,1,2,4,1,1.0,
202400028545,155 731 493,A01,1.0,2.0,0,2,1,1,0.0,
202400028546,155 731 492,A01,3.0,1.0,16,0,1,1,5.0,
202400028547,155 731 491,A01,3.0,1.0,2,0,1,2,5.0,
202400028548,155 731 489,B01,1.0,10.0,16,0,6,23,1.0,
202400028549,155 731 486,A01,3.0,7.0,0,2,1,2,1.0,
202400028550,155 731 485,A01,2.0,3.0,0,1,2,10,1.0,
202400028551,155 731 483,A01,1.0,17.0,0,2,1,1,1.0,
202400028552,155 731 482,A01,1.0,7.0,2,0,3,13,1.0,
202400028553,155 731 481,A01,2.0,7.0,2,0,7,0,1.0,
202400028554,155 731 480,A01,1.0,7.0,6,0,3,1,1.0,
202400028555,155 731 478,B01,2.0,1.0,0,2,4,2,5.0,
202400028556,155 731 477,A01,2.0,34.0,16,0,0,0,1.0,
202400028557,155 731 476,A01,0.0,31.0,12,0,1,1,1.0,
202400028558,155 731 475,A01,3.0,7.0,0,1,2,16,1.0,
202400028559,155 731 473,A01,1.0,7.0,0,2,1,13,1.0,
202400028560,155 731 472,A01,1.0,7.0,0,1,1,1,1.0,
202400028561,155 731 470,A01,2.0,7.0,0,2,1,2,1.0,
202400028562,155 731 468,A01,3.0,14.0,0,2,3,10,1.0,
202400028563,155 731 466,B01,1.0,10.0,0,2,3,1,1.0,
202400028564,155 731 464,A01,2.0,7.0,0,2,2,1,1.0,
202400028565,155 731 463,A01,2.0,7.0,6,0,0,1,1.0,
202400028566,155 731 462,A01,2.0,7.0,2,0,1,1,1.0,
202400028567,155 731 461,A01,1.0,7.0,13,0,1,1,1.0,
202400028568,155 731 460,A01,2.0,7.0,2,0,3,0,2.0,
202400028569,155 731 458,B01,1.0,10.0,0,2,2,0,1.0,
202400028570,155 731 456,A01,1.0,7.0,1,2,2,15,1.0,
202400028571,155 731 454,B01,1.0,7.0,0,2,3,1,1.0,
202400028572,155 731 451,B01,2.0,2.0,0,2,3,1,1.0,
202400028573,155 731 449,A01,1.0,7.0,0,2,2,15,1.0,
202400028574,155 731 448,A01,2.0,7.0,2,0,1,13,1.0,
202400028575,155 731 447,A01,1.0,2.0,0,0,7,1,1.0,
202400028576,155 731 445,A01,2.0,7.0,0,2,1,1,1.0,
202400028577,155 731 444,A01,2.0,7.0,1,1,3,5,1.0,
202400028578,155 731 443,A01,2.0,33.0,0,6,1,1,1.0,
202400028579,155 731 441,B01,2.0,10.0,0,2,6,1,1.0,
202400028580,155 731 440,A01,1.0,7.0,2,0,2,14,1.0,
202400028581,155 731 437,A01,1.0,7.0,0,2,2,6,1.0,
202400028582,155 731 436,A01,1.0,33.0,0,0,0,1,1.0,
202400028583,155 731 434,A01,1.0,7.0,0,2,1,1,1.0,
202400028584,155 731 432,B01,1.0,7.0,0,2,3,1,1.0,
202400028585,155 731 430,A01,2.0,7.0,13,0,7,1,1.0,
202400028586,155 731 429,A01,2.0,7.0,2,0,1,0,1.0,
202400028587,155 731 428,A01,1.0,2.0,0,0,0,2,1.0,
202400028588,155 731 426,B01,2.0,7.0,0,2,3,5,1.0,
202400028589,155 731 425,A01,1.0,7.0,0,0,2,1,1.0,