Num_Acc,id_vehicule,num_veh,senc,catv,obs,obsm,choc,manv,motor,occutc
202400028590,155 731 424,A01,2.0,7.0,2,0,1,1,1.0,
202400028591,155 731 423,A01,3.0,7.0,2,0,1,17,1.0,
202400028592,155 731 421,B01,1.0,7.0,0,2,1,1,1.0,
202400028593,155 731 420,A01,0.0,50.0,0,0,0,0,3.0,
202400028594,155 731 419,A01,3.0,21.0,0,0,0,0,0.0,
202400028595,155 731 418,A01,1.0,7.0,13,0,1,13,1.0,
202400028596,155 731 417,A01,1.0,7.0,8,0,2,14,1.0,
202400028597,155 731 415,B01,1.0,7.0,0,2,5,1,1.0,
202400028598,155 731 413,B01,2.0,99.0,0,2,3,21,1.0,
202400028599,155 731 412,A01,1.0,7.0,13,0,1,14,1.0,
202400028600,155 731 411,A01,1.0,7.0,16,0,1,1,0.0,
202400028601,155 731 409,A01,1.0,7.0,13,0,1,12,1.0,
202400028602,155 731 407,A01,1.0,7.0,0,2,0,9,1.0,
202400028603,155 731 405,B01,2.0,7.0,0,2,1,5,1.0,
202400028604,155 731 404,A01,2.0,7.0,3,0,3,1,1.0,
202400028605,155 731 400,C01,2.0,7.0,0,2,1,1,3.0,
202400028606,155 731 399,A01,1.0,7.0,2,0,1,13,1.0,
202400028607,155 731 398,A01,2.0,2.0,6,0,1,1,1.0,
202400028608,155 731 397,A01,3.0,10.0,0,1,2,1,1.0,
202400028609,155 731 395,A01,0.0,7.0,0,2,8,11,1.0,
202400028610,155 731 392,A01,1.0,7.0,0,2,2,17,1.0,
202400028611,155 731 389,A01,1.0,7.0,0,2,1,13,1.0,
202400028612,155 731 388,A01,2.0,10.0,0,1,3,1,1.0,
202400028613,155 731 386,B01,1.0,10.0,0,2,1,1,1.0,
202400028614,155 731 385,A01,1.0,33.0,3,0,2,1,1.0,
202400028615,155 731 384,A01,2.0,34.0,0,0,0,0,1.0,
202400028616,155 731 382,B01,3.0,7.0,0,2,3,26,1.0,
202400028617,155 731 380,A01,2.0,7.0,0,2,3,13,1.0,
202400028618,155 731 379,A01,1.0,7.0,0,1,3,1,1.0,
202400028619,155 731 377,B01,1.0,7.0,0,2,3,2,1.0,
202400028620,155 731 376,A01,3.0,7.0,0,1,3,15,1.0,
202400028621,155 731 375,A01,2.0,7.0,0,1,8,1,2.0,
202400028622,155 731 373,A01,2.0,7.0,14,0,6,15,1.0,
202400028623,155 731 372,A01,2.0,7.0,0,1,2,1,1.0,
202400028624,155 731 370,A01,2.0,33.0,0,2,2,2,1.0,
202400028625,155 731 369,A01,1.0,1.0,12,0,1,14,5.0,
202400028626,155 731 368,A01,2.0,1.0,10,0,0,0,5.0,
202400028627,155 731 366,B01,3.0,50.0,0,2,1,1,3.0,
202400028628,155 731 364,A01,0.0,7.0,0,2,1,1,1.0,
202400028629,155 731 363,A01,3.0,30.0,0,0,0,1,1.0,
202400028630,155 731 361,B01,0.0,1.0,0,2,0,1,5.0,
202400028631,155 731 360,A01,0.0,50.0,0,0,0,0,3.0,
202400028632,155 731 358,A01,2.0,7.0,0,9,5,15,1.0,
202400028633,155 731 356,A01,2.0,7.0,0,2,3,1,1.0,
202400028634,155 731 354,A01,3.0,33.0,0,2,4,9,1.0,
202400028635,155 731 353,A01,3.0,7.0,0,1,5,1,2.0,
202400028636,155 731 348,A01,1.0,7.0,0,2,1,1,1.0,
202400028637,155 731 346,A01,1.0,7.0,0,2,1,13,1.0,
202400028638,155 731 344,A01,0.0,7.0,0,9,2,15,1.0,
202400028639,155 731 342,A01,1.0,7.0,0,2,3,15,1.0,
202400028640,155 731 340,A01,1.0,1.0,0,2,3,5,5.0,
202400028641,155 731 338,B01,1.0,7.0,0,2,4,2,1.0,
202400028642,155 731 337,A01,1.0,7.0,1,0,1,1,1.0,
202400028643,155 731 336,A01,1.0,31.0,0,0,0,2,1.0,
202400028644,155 731 335,A01,1.0,7.0,14,1,2,2,1.0,
202400028645,155 731 333,A01,2.0,50.0,0,2,6,13,3.0,
202400028646,155 731 331,A01,2.0,7.0,0,2,1,1,1.0,
202400028647,155 731 330,A01,3.0,7.0,0,1,0,15,1.0,
202400028648,155 731 329,A01,3.0,50.0,16,0,0,1,3.0,
202400028649,155 731 328,A01,3.0,7.0,16,0,9,1,1.0,
202400028650,155 731 326,A01,0.0,7.0,0,2,7,15,1.0,
202400028651,155 731 324,B01,1.0,37.0,0,2,6,1,1.0,1
202400028652,155 731 323,A01,3.0,33.0,12,0,0,1,1.0,
202400028653,155 731 322,A01,1.0,7.0,0,1,3,21,1.0,
202400028654,155 731 320,A01,2.0,7.0,0,2,1,1,1.0,
202400028655,155 731 315,A01,1.0,80.0,0,0,0,16,3.0,
202400028656,155 731 313,A01,3.0,7.0,0,2,3,15,1.0,
202400028657,155 731 312,A01,1.0,40.0,0,1,2,1,3.0,
202400028658,155 731 310,B01,1.0,32.0,0,2,2,2,1.0,
202400028659,155 731 308,B01,2.0,15.0,0,2,3,21,1.0,
202400028660,155 731 307,A01,3.0,7.0,0,1,1,2,1.0,
202400028661,155 731 305,A01,3.0,7.0,0,2,5,1,1.0,
202400028662,155 731 303,B01,1.0,50.0,0,2,1,1,3.0,
202400028663,155 731 302,A01,2.0,34.0,14,1,0,26,1.0,
202400028664,155 731 300,A01,2.0,7.0,0,2,3,9,0.0,
202400028665,155 731 298,B01,1.0,7.0,0,2,4,1,1.0,
202400028666,155 731 297,A01,1.0,7.0,2,0,1,13,2.0,
202400028667,155 731 295,A01,1.0,80.0,0,2,1,9,3.0,
202400028668,155 731 293,B01,1.0,2.0,0,2,5,1,1.0,
202400028669,155 731 291,B01,2.0,33.0,0,2,8,1,1.0,
202400028670,155 731 289,A01,1.0,30.0,0,2,1,1,1.0,
202400028671,155 731 287,B01,1.0,7.0,0,2,8,1,1.0,
202400028672,155 731 286,A01,3.0,10.0,0,1,2,15,1.0,
202400028673,155 731 285,A01,1.0,1.0,0,1,1,1,5.0,
202400028674,155 731 283,Z01,1.0,7.0,0,2,1,2,1.0,
202400028675,155 731 282,A01,2.0,50.0,0,1,1,1,3.0,
202400028676,155 731 280,A01,2.0,7.0,0,2,2,1,1.0,
202400028677,155 731 278,A01,1.0,33.0,0,2,7,1,1.0,
202400028678,155 731 276,B01,2.0,32.0,0,2,0,1,1.0,
202400028679,155 731 274,B01,1.0,7.0,0,2,4,1,0.0,
202400028680,155 731 273,A01,3.0,7.0,0,1,3,1,1.0,
202400028681,155 731 271,A01,1.0,7.0,0,2,1,15,2.0,
202400028682,155 731 269,B01,2.0,7.0,0,2,1,15,1.0,
202400028683,155 731 267,B01,2.0,10.0,0,2,5,14,1.0,
202400028684,155 731 265,A01,1.0,10.0,12,0,1,0,0.0,
202400028685,155 731 264,A01,1.0,7.0,0,2,2,15,1.0,
202400028686,155 731 263,A01,1.0,7.0,0,1,1,1,1.0,
202400028687,155 731 261,B01,1.0,30.0,0,2,5,2,1.0,
202400028688,155 731 260,A01,2.0,7.0,11,0,1,1,1.0,
202400028689,155 731 259,A01,1.0,7.0,15,0,3,1,1.0,
202400028690,155 731 257,A01,1.0,7.0,3,0,9,9,1.0,
202400028691,155 731 256,B01,0.0,31.0,0,2,1,1,1.0,
202400028692,155 731 254,B01,1.0,50.0,0,2,8,19,3.0,
202400028693,155 731 251,B01,0.0,1.0,0,2,1,1,5.0,
202400028694,155 731 250,A01,1.0,7.0,0,2,7,16,1.0,
202400028695,155 731 249,A01,1.0,31.0,0,0,2,10,3.0,
202400028696,155 731 246,A01,2.0,7.0,0,2,1,2,1.0,
202400028697,155 731 245,A01,1.0,1.0,0,2,8,1,5.0,
202400028698,155 731 243,A01,3.0,1.0,0,0,0,0,5.0,
202400028699,155 731 242,B01,1.0,1.0,0,2,8,15,5.0,
202400028700,155 731 239,A01,1.0,7.0,0,2,3,13,1.0,
202400028701,155 731 238,A01,1.0,7.0,0,2,2,1,1.0,
202400028702,155 731 236,A01,2.0,7.0,0,2,2,15,1.0,
202400028703,155 731 235,A01,1.0,7.0,0,1,2,1,1.0,
202400028704,155 731 234,A01,3.0,7.0,0,1,1,1,1.0,
202400028705,155 731 232,A01,1.0,34.0,8,0,1,1,1.0,
202400028706,155 731 233,A01,1.0,1.0,0,0,0,20,5.0,
202400028707,155 731 231,A01,3.0,7.0,14,5,1,1,1.0,
202400028708,155 731 228,A01,2.0,7.0,0,2,6,1,1.0,
202400028709,155 731 226,B01,2.0,7.0,0,2,4,2,1.0,
202400028710,155 731 225,A01,2.0,7.0,8,0,1,1,1.0,
202400028711,155 731 224,A01,3.0,7.0,0,1,3,15,1.0,
202400028712,155 731 222,A01,2.0,10.0,0,2,2,1,1.0,
202400028713,155 731 221,A01,1.0,33.0,13,0,7,0,1.0,
202400028714,155 731 219,A01,2.0,33.0,0,2,1,1,1.0,
202400028715,155 731 217,B01,2.0,7.0,0,2,4,2,1.0,
202400028716,155 731 215,B01,3.0,38.0,0,2,3,1,1.0,1
202400028717,155 731 214,A01,2.0,7.0,0,1,1,2,1.0,
202400028718,155 731 212,A01,2.0,7.0,0,1,1,2,0.0,
202400028719,155 731 211,B01,3.0,30.0,0,2,1,9,1.0,
202400028720,155 731 208,B01,1.0,7.0,3,0,4,1,1.0,
202400028721,155 731 205,A01,1.0,1.0,0,2,1,1,5.0,
202400028722,155 731 203,A01,1.0,7.0,0,2,1,2,1.0,
202400028723,155 731 202,A01,1.0,1.0,0,0,0,1,5.0,
202400028724,155 731 198,A01,2.0,7.0,0,2,1,2,1.0,
202400028725,155 731 199,B01,3.0,7.0,0,2,6,1,0.0,
202400028726,155 731 195,A01,3.0,43.0,0,2,2,3,1.0,
202400028727,155 731 194,B01,1.0,7.0,0,2,8,15,1.0,
202400028728,155 731 191,A01,3.0,2.0,0,0,0,1,1.0,
202400028729,155 731 190,B01,1.0,7.0,0,2,4,1,1.0,
202400028730,155 731 187,A01,3.0,13.0,0,2,1,19,1.0,
202400028731,155 731 186,A01,1.0,30.0,0,2,1,1,1.0,
202400028732,155 731 183,A01,1.0,30.0,0,2,1,17,1.0,
202400028733,155 731 182,A01,2.0,7.0,0,2,1,13,1.0,
202400028734,155 731 178,A01,1.0,32.0,0,2,0,17,1.0,
202400028735,155 731 179,A01,3.0,2.0,0,2,3,15,1.0,
202400028736,155 731 175,B01,3.0,33.0,0,2,8,1,1.0,
202400028737,155 731 173,A01,1.0,7.0,0,2,3,13,1.0,
202400028738,155 731 172,A01,1.0,33.0,0,1,1,0,1.0,
202400028739,155 731 171,A01,1.0,33.0,4,0,1,2,0.0,
202400028740,155 731 169,B01,2.0,7.0,0,2,1,1,1.0,
202400028741,155 731 167,A01,1.0,7.0,0,2,7,9,1.0,
202400028742,155 731 164,A01,1.0,7.0,13,0,1,13,1.0,
202400028743,155 731 162,D01,2.0,7.0,0,2,4,1,1.0,
202400028744,155 731 160,A01,2.0,7.0,0,2,3,1,1.0,
202400028745,155 731 159,A01,2.0,50.0,0,0,0,15,3.0,
202400028746,155 731 158,A01,2.0,7.0,0,1,1,1,1.0,
202400028747,155 731 157,A01,1.0,33.0,0,0,0,1,1.0,
202400028748,155 731 154,B01,1.0,33.0,0,2,1,1,1.0,
202400028749,155 731 153,B01,1.0,50.0,0,2,8,19,3.0,
202400028750,155 731 150,B01,1.0,33.0,0,2,1,0,1.0,
202400028751,155 731 149,B01,2.0,7.0,0,2,4,1,2.0,
202400028752,155 731 147,A01,1.0,33.0,0,6,1,1,1.0,
202400028753,155 731 146,A01,3.0,32.0,0,2,7,19,1.0,
202400028754,155 731 144,A01,2.0,30.0,0,0,0,15,3.0,
202400028755,155 731 143,A01,1.0,7.0,6,2,5,10,1.0,
202400028756,155 731 141,A01,2.0,80.0,0,0,0,0,3.0,
202400028757,155 731 140,A01,3.0,2.0,0,2,8,18,1.0,
202400028758,155 731 137,B01,1.0,1.0,8,0,4,1,5.0,
202400028759,155 731 138,A01,1.0,10.0,0,1,2,1,1.0,
202400028760,155 731 136,A01,1.0,7.0,6,0,1,0,1.0,
202400028761,155 731 134,B01,1.0,7.0,0,2,5,23,1.0,
202400028762,155 731 133,A01,2.0,7.0,0,1,3,1,1.0,
202400028763,155 731 132,Z01,1.0,33.0,0,1,8,1,0.0,
202400028764,155 731 130,B01,2.0,1.0,0,2,4,2,5.0,
202400028765,155 731 127,B01,1.0,34.0,0,2,1,1,3.0,
202400028766,155 731 126,A01,2.0,2.0,0,2,1,13,1.0,
202400028767,155 731 124,A01,3.0,34.0,12,0,0,15,3.0,
202400028768,155 731 123,A01,1.0,7.0,0,2,1,17,1.0,
202400028769,155 731 120,A01,1.0,7.0,0,2,1,13,1.0,
202400028770,155 731 119,A01,1.0,10.0,0,2,5,16,1.0,
202400028771,155 731 117,A01,3.0,7.0,6,0,3,1,0.0,
202400028772,155 731 116,B01,1.0,33.0,0,2,8,1,1.0,
202400028773,155 731 113,B01,3.0,7.0,0,2,2,2,1.0,
202400028774,155 731 112,B01,2.0,33.0,0,2,1,1,1.0,
202400028775,155 731 111,Z01,2.0,10.0,0,1,1,17,1.0,
202400028776,155 731 107,A01,3.0,10.0,0,2,2,1,1.0,
202400028777,155 731 104,A01,2.0,60.0,0,1,0,1,5.0,
202400028778,155 731 103,A01,2.0,7.0,3,2,3,13,1.0,
202400028779,155 731 101,B01,3.0,33.0,0,2,1,1,0.0,
202400028780,155 731 099,B01,1.0,7.0,0,2,4,1,1.0,
202400028781,155 731 097,A01,2.0,7.0,3,0,3,1,1.0,
202400028782,155 731 096,B01,3.0,33.0,0,2,3,1,1.0,
202400028783,155 731 095,A01,2.0,7.0,3,0,0,1,1.0,
202400028784,155 731 092,A01,1.0,7.0,0,2,5,15,1.0,
202400028785,155 731 090,A01,1.0,7.0,0,0,0,1,1.0,
202400028786,155 731 088,A01,3.0,33.0,2,0,1,1,1.0,
202400028787,155 731 086,B01,1.0,7.0,0,2,4,2,1.0,
202400028788,155 731 083,B01,2.0,32.0,0,2,1,1,1.0,
202400028789,155 731 082,B01,3.0,7.0,0,2,8,24,1.0,
202400028790,155 731 079,A01,1.0,15.0,0,0,5,12,1.0,
202400028791,155 731 078,A01,1.0,7.0,0,0,3,13,1.0,
202400028792,155 731 077,A01,2.0,33.0,0,2,0,1,3.0,
202400028793,155 731 075,B01,1.0,7.0,0,2,8,15,1.0,
202400028794,155 731 072,C01,1.0,7.0,0,2,4,23,1.0,
202400028795,155 731 070,A01,1.0,7.0,0,2,1,1,1.0,
202400028796,155 731 069,A01,3.0,40.0,0,1,1,1,0.0,
202400028797,155 731 066,B01,1.0,7.0,0,2,3,15,1.0,
202400028798,155 731 065,B01,2.0,1.0,0,2,1,1,5.0,
202400028799,155 731 064,A01,3.0,1.0,0,0,1,26,5.0,
202400028800,155 731 062,A01,1.0,2.0,0,2,1,17,1.0,
202400028801,155 731 061,A01,0.0,7.0,0,1,1,15,1.0,
202400028802,155 731 059,A01,0.0,2.0,0,2,1,1,1.0,
202400028803,155 731 057,A01,2.0,7.0,0,9,3,9,1.0,
202400028804,155 731 055,A01,2.0,7.0,0,2,1,17,1.0,
202400028805,155 731 054,A01,2.0,7.0,0,1,1,0,1.0,
202400028806,155 731 051,A01,1.0,7.0,0,2,3,5,1.0,
202400028807,155 731 050,A01,1.0,7.0,0,2,1,1,1.0,
202400028808,155 731 049,A01,0.0,36.0,0,0,0,4,1.0,
202400028809,155 731 048,A01,0.0,7.0,0,0,9,1,1.0,
202400028810,155 731 046,B01,2.0,50.0,0,2,1,1,3.0,
202400028811,155 731 044,A01,1.0,7.0,0,2,3,1,1.0,
202400028812,155 731 043,A01,3.0,2.0,0,0,9,1,1.0,
202400028813,155 731 041,A01,2.0,7.0,4,0,3,0,1.0,
202400028814,155 731 040,B01,1.0,33.0,0,2,1,1,1.0,
202400028815,155 731 039,A01,1.0,7.0,8,0,3,13,1.0,
202400028816,155 731 037,A01,1.0,7.0,0,2,3,1,1.0,
202400028817,155 731 034,B01,1.0,7.0,0,2,4,1,1.0,
202400028818,155 731 032,A01,2.0,7.0,6,0,1,1,1.0,
202400028819,155 731 031,A01,2.0,7.0,0,2,3,15,1.0,
202400028820,155 731 028,A01,1.0,33.0,3,2,8,26,1.0,
202400028821,155 731 027,A01,2.0,7.0,0,2,0,17,0.0,
202400028822,155 731 023,A01,2.0,7.0,0,2,2,15,1.0,
202400028823,155 731 022,A01,1.0,7.0,0,0,1,1,1.0,
202400028824,155 731 020,A01,2.0,10.0,0,2,0,11,1.0,
202400028825,155 731 019,A01,2.0,7.0,0,1,3,1,1.0,
202400028826,155 731 017,B01,2.0,7.0,4,2,4,1,1.0,
202400028827,155 731 013,A01,1.0,7.0,0,2,2,2,1.0,
202400028828,155 731 012,A01,2.0,7.0,0,2,1,1,1.0,
202400028829,155 731 008,B01,1.0,7.0,0,2,1,9,1.0,
202400028830,155 731 006,D01,2.0,10.0,0,2,4,23,1.0,
202400028831,155 731 005,A01,2.0,7.0,2,0,1,1,1.0,
202400028832,155 731 003,A01,2.0,7.0,0,2,1,2,1.0,
202400028833,155 731 002,A01,2.0,50.0,0,0,0,1,3.0,
202400028834,155 730 998,A01,3.0,2.0,0,2,0,1,1.0,
202400028835,155 730 997,A01,1.0,7.0,0,2,1,2,1.0,
202400028836,155 730 994,B01,1.0,7.0,16,2,1,13,1.0,
202400028837,155 730 993,B01,1.0,2.0,0,2,3,3,1.0,
202400028838,155 730 990,A01,2.0,7.0,0,2,3,15,1.0,
202400028839,155 730 989,A01,1.0,7.0,0,2,4,1,1.0,
202400028840,155 730 988,A01,1.0,7.0,3,0,8,13,2.0,
202400028841,155 730 987,A01,0.0,7.0,0,1,3,15,1.0,
202400028842,155 730 985,A01,1.0,7.0,0,2,8,9,1.0,
202400028843,155 730 983,A01,2.0,7.0,0,2,1,1,0.0,
202400028844,155 730 982,A01,1.0,7.0,13,0,2,1,1.0,
202400028845,155 730 978,B01,2.0,15.0,0,2,1,1,1.0,
202400028846,155 730 979,A01,2.0,7.0,0,2,4,2,1.0,
202400028847,155 730 977,A01,1.0,7.0,6,0,7,1,1.0,
202400028848,155 730 976,A01,1.0,34.0,0,0,0,0,1.0,
202400028849,155 730 974,B01,1.0,2.0,0,2,1,2,1.0,
202400028850,155 730 972,A01,1.0,31.0,12,0,2,1,1.0,
202400028851,155 730 973,A01,1.0,7.0,7,0,0,0,1.0,
202400028852,155 730 970,A01,2.0,7.0,0,2,2,15,1.0,
202400028853,155 730 969,A01,1.0,7.0,12,0,0,0,1.0,
202400028854,155 730 968,A01,2.0,7.0,0,1,1,15,1.0,
202400028855,155 730 966,A01,2.0,30.0,0,2,1,11,1.0,
202400028856,155 730 963,B01,2.0,21.0,0,2,3,1,1.0,
202400028857,155 730 962,A01,1.0,7.0,0,0,3,15,1.0,
202400028858,155 730 961,A01,3.0,7.0,1,0,4,26,1.0,
202400028859,155 730 959,A01,2.0,7.0,7,2,1,1,1.0,
202400028860,155 730 957,A01,0.0,1.0,0,0,0,0,5.0,
202400028861,155 730 958,A01,1.0,7.0,3,0,9,6,2.0,
202400028862,155 730 954,A01,1.0,7.0,0,2,3,17,1.0,
202400028863,155 730 953,B01,1.0,7.0,8,2,6,1,1.0,
202400028864,155 730 952,A01,2.0,50.0,0,0,0,1,3.0,
202400028865,155 730 951,A01,1.0,7.0,2,0,1,1,1.0,
202400028866,155 730 950,A01,3.0,36.0,0,0,1,1,1.0,
202400028867,155 730 947,A01,1.0,33.0,0,0,9,1,1.0,
202400028868,155 730 945,A01,2.0,7.0,0,2,3,13,1.0,
202400028869,155 730 948,B01,2.0,7.0,0,2,1,0,0.0,
202400028870,155 730 942,A01,0.0,3.0,0,2,3,0,1.0,
202400028871,155 730 941,B01,2.0,7.0,0,2,1,1,1.0,
202400028872,155 730 940,A01,2.0,33.0,0,0,0,1,1.0,
202400028873,155 730 938,B01,1.0,7.0,0,2,4,11,1.0,
202400028874,155 730 936,A01,0.0,7.0,0,9,2,1,1.0,
202400028875,155 730 935,A01,1.0,7.0,1,0,2,1,1.0,
202400028876,155 730 934,A01,0.0,3.0,15,0,1,0,1.0,
202400028877,155 730 933,A01,1.0,33.0,12,0,3,1,1.0,
202400028878,155 730 930,B01,1.0,10.0,0,2,6,15,1.0,
202400028879,155 730 929,B01,3.0,7.0,0,2,3,1,1.0,
202400028880,155 730 924,C01,3.0,7.0,2,2,1,1,1.0,
202400028881,155 730 923,A01,1.0,7.0,0,2,1,2,1.0,
202400028882,155 730 922,A01,2.0,7.0,2,0,2,14,1.0,
202400028883,155 730 921,A01,1.0,7.0,1,0,1,1,1.0,
202400028884,155 730 919,A01,0.0,7.0,0,1,3,1,3.0,
202400028885,155 730 918,A01,0.0,7.0,0,4,7,1,1.0,
202400028886,155 730 917,A01,1.0,7.0,0,1,2,19,1.0,
202400028887,155 730 916,A01,0.0,7.0,0,1,3,15,1.0,
202400028888,155 730 914,A01,3.0,7.0,0,2,1,9,1.0,
202400028889,155 730 912,B01,1.0,30.0,16,2,1,15,1.0,
202400028890,155 730 909,A01,3.0,3.0,0,2,3,0,1.0,
202400028891,155 730 908,A01,3.0,7.0,0,2,2,15,1.0,
202400028892,155 730 905,A01,3.0,1.0,0,1,1,25,5.0,
202400028893,155 730 906,A01,1.0,7.0,0,2,7,15,1.0,
202400028894,155 730 902,A01,2.0,7.0,0,2,1,1,1.0,
202400028895,155 730 901,A01,3.0,1.0,0,2,5,26,5.0,
202400028896,155 730 900,A01,2.0,7.0,6,0,8,1,1.0,
202400028897,155 730 899,A01,1.0,7.0,0,0,1,6,1.0,
202400028898,155 730 896,B01,3.0,1.0,0,1,1,1,5.0,
202400028899,155 730 895,A01,1.0,7.0,0,2,6,11,1.0,
202400028900,155 730 892,B01,3.0,10.0,13,2,3,1,1.0,
202400028901,155 730 890,B01,1.0,7.0,0,2,4,26,1.0,
202400028902,155 730 887,A01,1.0,7.0,3,2,2,12,1.0,
202400028903,155 730 886,B01,3.0,7.0,0,9,1,1,1.0,
202400028904,155 730 885,A01,2.0,7.0,13,0,1,1,1.0,
202400028905,155 730 881,B01,1.0,7.0,0,2,1,15,1.0,
202400028906,155 730 879,B01,2.0,7.0,0,2,4,2,1.0,
202400028907,155 730 877,A01,2.0,7.0,0,1,2,16,1.0,
202400028908,155 730 876,A01,3.0,7.0,1,0,1,9,1.0,
202400028909,155 730 873,A01,1.0,32.0,4,0,2,14,1.0,
202400028910,155 730 874,A01,3.0,7.0,0,9,3,9,1.0,
202400028911,155 730 870,A01,1.0,33.0,0,2,3,1,1.0,
202400028912,155 730 869,A01,3.0,7.0,0,2,7,15,1.0,
202400028913,155 730 867,A01,3.0,7.0,0,1,2,1,1.0,
202400028914,155 730 866,B01,3.0,50.0,0,2,1,1,3.0,
202400028915,155 730 865,A01,2.0,33.0,3,0,0,1,1.0,
202400028916,155 730 864,A01,1.0,7.0,6,0,1,1,1.0,
202400028917,155 730 862,B01,1.0,7.0,0,2,1,2,1.0,
202400028918,155 730 861,A01,3.0,7.0,4,0,3,1,1.0,
202400028919,155 730 859,A01,2.0,7.0,0,2,7,17,1.0,
202400028920,155 730 857,A01,2.0,7.0,0,2,2,1,0.0,
202400028921,155 730 855,A01,2.0,7.0,0,2,1,1,1.0,
202400028922,155 730 853,A01,3.0,1.0,0,1,2,12,5.0,
202400028923,155 730 852,A01,2.0,7.0,0,2,2,10,0.0,
202400028924,155 730 850,A01,3.0,7.0,1,0,3,13,1.0,
202400028925,155 730 849,A01,1.0,40.0,0,2,3,1,3.0,
202400028926,155 730 848,A01,2.0,7.0,0,1,4,4,1.0,
202400028927,155 730 846,B01,2.0,50.0,0,2,8,5,3.0,
202400028928,155 730 844,A01,3.0,7.0,0,1,2,1,1.0,
202400028929,155 730 843,A01,1.0,3.0,8,0,6,1,1.0,
202400028930,155 730 842,A01,1.0,10.0,4,0,1,11,1.0,
202400028931,155 730 838,C01,3.0,7.0,0,2,4,23,1.0,
202400028932,155 730 837,A01,0.0,1.0,0,2,1,15,5.0,
202400028933,155 730 836,A01,2.0,7.0,15,0,3,16,1.0,
202400028934,155 730 835,A01,1.0,7.0,3,0,8,1,1.0,
202400028935,155 730 833,A01,1.0,7.0,0,2,1,1,1.0,
202400028936,155 730 831,A01,2.0,33.0,0,2,1,12,1.0,
202400028937,155 730 828,B01,2.0,7.0,0,2,3,9,1.0,
202400028938,155 730 827,A01,1.0,1.0,0,2,8,1,5.0,
202400028939,155 730 826,A01,1.0,7.0,0,1,3,13,1.0,
202400028940,155 730 824,A01,1.0,7.0,0,2,2,15,1.0,
202400028941,155 730 822,A01,2.0,7.0,0,2,1,1,1.0,
202400028942,155 730 820,A01,3.0,33.0,0,2,7,2,1.0,
202400028943,155 730 818,B01,1.0,7.0,0,2,3,1,1.0,
202400028944,155 730 816,B01,3.0,33.0,0,2,1,1,1.0,
202400028945,155 730 814,A01,3.0,7.0,0,2,1,2,0.0,
202400028946,155 730 812,A01,0.0,7.0,0,2,3,19,1.0,
202400028947,155 730 810,A01,2.0,7.0,1,0,1,1,1.0,
202400028948,155 730 809,Z01,2.0,7.0,0,2,0,0,0.0,
202400028949,155 730 808,A01,0.0,7.0,0,1,0,0,0.0,
202400028950,155 730 807,A01,2.0,7.0,12,0,2,1,1.0,
202400028951,155 730 806,A01,3.0,7.0,9,0,1,1,1.0,
202400028952,155 730 802,A01,2.0,7.0,0,1,2,1,1.0,
202400028953,155 730 801,A01,1.0,33.0,0,0,0,1,1.0,
202400028954,155 730 800,A01,1.0,80.0,0,5,2,1,3.0,
202400028955,155 730 798,B01,1.0,7.0,0,2,7,15,1.0,
202400028956,155 730 797,A01,0.0,30.0,0,0,7,0,1.0,
202400028957,155 730 795,A01,0.0,7.0,1,0,7,24,1.0,
202400028958,155 730 793,B01,2.0,7.0,0,2,0,1,1.0,
202400028959,155 730 791,A01,3.0,7.0,0,2,8,26,1.0,
202400028960,155 730 790,A01,1.0,7.0,6,0,1,13,1.0,
202400028961,155 730 786,B01,2.0,7.0,0,2,3,10,0.0,
202400028962,155 730 785,A01,1.0,34.0,0,1,0,26,0.0,
202400028963,155 730 783,B01,0.0,7.0,0,2,2,9,0.0,
202400028964,155 730 781,B01,1.0,7.0,0,2,4,10,1.0,
202400028965,155 730 779,A01,2.0,1.0,0,2,3,1,5.0,
202400028966,155 730 778,A01,2.0,7.0,0,1,1,1,3.0,
202400028967,155 730 776,B01,2.0,7.0,0,2,4,23,2.0,
202400028968,155 730 774,B01,3.0,7.0,0,2,2,1,2.0,
202400028969,155 730 772,A01,2.0,1.0,0,2,7,1,5.0,
202400028970,155 730 771,A01,1.0,7.0,0,1,1,1,1.0,
202400028971,155 730 769,A01,1.0,7.0,0,2,2,14,1.0,
202400028972,155 730 767,B01,2.0,2.0,0,2,4,2,1.0,
202400028973,155 730 765,A01,1.0,33.0,0,2,2,9,1.0,
202400028974,155 730 764,A01,0.0,7.0,0,1,7,1,1.0,
202400028975,155 730 762,B01,2.0,7.0,0,2,8,16,1.0,
202400028976,155 730 760,A01,1.0,7.0,0,9,3,15,1.0,
202400028977,155 730 758,A01,1.0,7.0,0,2,3,13,1.0,
202400028978,155 730 757,A01,0.0,7.0,1,0,2,1,2.0,
202400028979,155 730 756,A01,1.0,7.0,0,1,1,0,0.0,
202400028980,155 730 754,A01,2.0,7.0,0,2,1,1,1.0,
202400028981,155 730 753,A01,2.0,33.0,0,0,0,13,1.0,
202400028982,155 730 751,A01,2.0,7.0,0,2,6,16,1.0,
202400028983,155 730 748,B01,1.0,7.0,0,2,3,0,3.0,
202400028984,155 730 746,A01,1.0,7.0,0,2,2,17,1.0,
202400028985,155 730 744,A01,1.0,10.0,4,0,3,0,1.0,
202400028986,155 730 743,A01,2.0,7.0,8,0,2,1,1.0,
202400028987,155 730 742,A01,2.0,7.0,13,0,7,14,1.0,