Num_Acc,id_vehicule,num_veh,senc,catv,obs,obsm,choc,manv,motor,occutc
202400028988,155 730 740,B01,1.0,7.0,0,2,1,1,1.0,
202400028989,155 730 738,B01,2.0,7.0,0,2,2,1,1.0,
202400028990,155 730 736,B01,2.0,2.0,0,2,1,17,1.0,
202400028991,155 730 728,G01,1.0,7.0,0,9,0,0,1.0,
202400028992,155 730 727,A01,2.0,7.0,4,0,8,1,1.0,
202400028993,155 730 724,C01,2.0,7.0,0,2,3,1,1.0,
202400028994,155 730 720,A01,3.0,10.0,0,1,7,1,1.0,
202400028995,155 730 718,A01,1.0,7.0,6,0,6,19,1.0,
202400028996,155 730 717,A01,1.0,33.0,2,0,8,1,1.0,
202400028997,155 730 715,B01,1.0,15.0,8,0,3,21,0.0,
202400028998,155 730 713,A01,2.0,7.0,0,2,2,15,1.0,
202400028999,155 730 710,A01,1.0,10.0,0,2,8,15,1.0,
202400029000,155 730 709,A01,2.0,33.0,0,1,1,17,1.0,
202400029001,155 730 708,A01,2.0,7.0,0,9,3,15,1.0,
202400029002,155 730 707,A01,3.0,7.0,15,9,1,1,0.0,
202400029003,155 730 705,A01,1.0,7.0,13,0,1,14,1.0,
202400029004,155 730 704,B01,2.0,7.0,0,2,6,1,1.0,
202400029005,155 730 703,A01,2.0,7.0,2,0,1,1,1.0,
202400029006,155 730 701,B01,1.0,2.0,0,2,7,1,1.0,
202400029007,155 730 699,A01,1.0,7.0,0,0,7,1,1.0,
202400029008,155 730 697,A01,3.0,7.0,0,1,0,1,1.0,
202400029009,155 730 696,A01,1.0,33.0,13,0,0,1,1.0,
202400029010,155 730 694,A01,2.0,7.0,0,1,1,17,1.0,
202400029011,155 730 693,A01,3.0,7.0,0,2,1,15,1.0,
202400029012,155 730 689,B01,2.0,7.0,0,2,1,1,1.0,
202400029013,155 730 688,A01,1.0,7.0,2,0,3,26,1.0,
202400029014,155 730 687,A01,1.0,10.0,3,0,1,1,1.0,
202400029015,155 730 686,A01,2.0,33.0,8,0,1,2,1.0,
202400029016,155 730 684,B01,2.0,7.0,0,2,1,2,0.0,
202400029017,155 730 682,B01,1.0,15.0,0,0,6,2,1.0,
202400029018,155 730 680,A01,2.0,7.0,0,2,2,17,1.0,
202400029019,155 730 679,A01,2.0,34.0,4,0,3,1,1.0,
202400029020,155 730 677,B01,2.0,38.0,0,2,1,1,1.0,1
202400029021,155 730 675,A01,1.0,33.0,0,0,1,0,1.0,
202400029022,155 730 674,A01,1.0,33.0,0,6,1,21,1.0,
202400029023,155 730 670,A01,2.0,7.0,0,6,2,21,1.0,
202400029024,155 730 669,A01,1.0,7.0,0,1,1,1,1.0,
202400029025,155 730 668,A01,0.0,7.0,0,1,2,1,1.0,
202400029026,155 730 666,B01,1.0,80.0,0,2,1,1,3.0,
202400029027,155 730 664,B01,2.0,13.0,0,2,3,1,1.0,
202400029028,155 730 662,A01,2.0,2.0,0,2,1,1,1.0,
202400029029,155 730 661,A01,3.0,50.0,0,0,1,1,3.0,
202400029030,155 730 659,B01,0.0,1.0,0,2,4,1,5.0,
202400029031,155 730 658,A01,1.0,7.0,0,1,3,15,1.0,
202400029032,155 730 656,A01,3.0,7.0,0,2,7,10,1.0,
202400029033,155 730 655,A01,0.0,7.0,13,0,2,26,1.0,
202400029034,155 730 653,A01,2.0,33.0,0,2,1,3,1.0,
202400029035,155 730 652,A01,1.0,7.0,0,1,2,1,1.0,
202400029036,155 730 651,A01,0.0,7.0,0,0,1,1,1.0,
202400029037,155 730 649,B01,2.0,7.0,0,2,1,1,1.0,
202400029038,155 730 646,A01,1.0,7.0,0,2,6,17,1.0,
202400029039,155 730 644,A01,2.0,7.0,2,0,1,2,1.0,
202400029040,155 730 645,B01,1.0,10.0,0,2,4,23,0.0,
202400029041,155 730 640,A01,2.0,7.0,0,2,8,9,1.0,
202400029042,155 730 639,A01,2.0,32.0,0,2,2,1,1.0,
202400029043,155 730 636,A01,2.0,7.0,0,2,1,11,1.0,
202400029044,155 730 632,C01,1.0,7.0,0,2,8,1,1.0,
202400029045,155 730 631,A01,2.0,7.0,0,2,2,1,1.0,
202400029046,155 730 630,A01,1.0,33.0,0,2,7,14,1.0,
202400029047,155 730 627,A01,1.0,7.0,0,2,1,1,1.0,
202400029048,155 730 629,A01,1.0,7.0,1,1,8,22,0.0,
202400029049,155 730 626,A01,1.0,7.0,16,0,1,14,2.0,
202400029050,155 730 623,A01,2.0,14.0,0,2,2,12,1.0,
202400029051,155 730 625,A01,1.0,37.0,0,1,1,16,3.0,1
202400029052,155 730 621,B01,1.0,33.0,0,9,0,21,1.0,
202400029053,155 730 619,A01,3.0,7.0,0,2,3,11,0.0,
202400029054,155 730 617,A01,2.0,43.0,0,2,2,3,1.0,
202400029055,155 730 615,A01,2.0,7.0,0,2,5,12,1.0,
202400029056,155 730 614,A01,2.0,33.0,0,1,1,19,3.0,
202400029057,155 730 612,B01,2.0,7.0,0,2,9,13,1.0,
202400029058,155 730 609,A01,1.0,33.0,14,0,1,1,1.0,
202400029059,155 730 610,B01,1.0,80.0,0,2,7,1,3.0,
202400029060,155 730 605,A01,1.0,7.0,0,2,1,13,1.0,
202400029061,155 730 604,A01,1.0,10.0,0,2,1,16,1.0,
202400029062,155 730 602,A01,2.0,7.0,0,2,2,15,1.0,
202400029063,155 730 600,A01,2.0,7.0,0,2,2,1,1.0,
202400029064,155 730 598,A01,,31.0,0,9,0,1,1.0,
202400029065,155 730 597,A01,1.0,7.0,16,0,0,1,1.0,
202400029066,155 730 595,A01,2.0,10.0,0,2,3,13,1.0,
202400029067,155 730 593,A01,3.0,7.0,0,1,2,1,3.0,
202400029068,155 730 591,A01,3.0,38.0,0,1,3,15,1.0,1
202400029069,155 730 592,B01,1.0,15.0,0,2,3,1,1.0,
202400029070,155 730 588,B01,1.0,7.0,0,2,1,1,1.0,
202400029071,155 730 586,A01,3.0,50.0,8,0,1,13,3.0,
202400029072,155 730 587,A01,2.0,7.0,0,2,3,1,1.0,
202400029073,155 730 584,A01,0.0,13.0,0,1,4,4,1.0,
202400029074,155 730 583,A01,2.0,7.0,0,2,3,13,0.0,
202400029075,155 730 581,A01,1.0,7.0,0,2,1,16,1.0,
202400029076,155 730 579,A01,3.0,2.0,0,2,3,5,1.0,
202400029077,155 730 576,A01,3.0,33.0,0,0,8,21,1.0,
202400029078,155 730 572,A01,1.0,7.0,0,2,1,13,1.0,
202400029079,155 730 574,A01,1.0,33.0,0,0,2,16,1.0,
202400029080,155 730 569,A01,2.0,7.0,3,2,1,17,1.0,
202400029081,155 730 568,B01,2.0,7.0,0,2,3,15,1.0,
202400029082,155 730 566,A01,1.0,33.0,0,2,1,17,1.0,
202400029083,155 730 564,A01,1.0,7.0,0,2,3,13,1.0,
202400029084,155 730 562,A01,1.0,2.0,6,0,0,1,1.0,
202400029085,155 730 561,A01,3.0,10.0,0,2,3,15,1.0,
202400029086,155 730 560,A01,2.0,7.0,13,0,3,1,1.0,
202400029087,155 730 558,A01,2.0,7.0,0,2,0,0,2.0,
202400029088,155 730 556,A01,1.0,10.0,0,2,3,15,1.0,
202400029089,155 730 554,A01,1.0,7.0,0,2,1,13,1.0,
202400029090,155 730 553,A01,1.0,7.0,2,0,1,26,1.0,
202400029091,155 730 550,B01,1.0,7.0,0,2,1,15,1.0,
202400029092,155 730 547,A01,0.0,7.0,9,1,1,26,1.0,
202400029093,155 730 546,A01,1.0,7.0,1,0,6,24,1.0,
202400029094,155 730 543,A01,3.0,7.0,0,2,1,5,1.0,
202400029095,155 730 542,B01,1.0,7.0,0,2,1,2,1.0,
202400029096,155 730 541,A01,1.0,7.0,2,0,3,1,1.0,
202400029097,155 730 539,A01,2.0,7.0,0,2,1,2,1.0,
202400029098,155 730 538,A01,1.0,7.0,13,0,1,21,1.0,
202400029099,155 730 535,A01,1.0,10.0,0,2,7,15,1.0,
202400029100,155 730 534,B01,1.0,10.0,1,0,4,23,1.0,
202400029101,155 730 533,A01,2.0,7.0,0,1,1,15,1.0,
202400029102,155 730 532,A01,1.0,7.0,2,0,1,1,1.0,
202400029103,155 730 530,B01,1.0,1.0,0,0,4,0,5.0,
202400029104,155 730 529,A01,0.0,7.0,8,0,1,0,6.0,
202400029105,155 730 527,A01,1.0,7.0,0,1,1,1,1.0,
202400029106,155 730 524,A01,3.0,7.0,0,2,2,2,1.0,
202400029107,155 730 525,B01,1.0,33.0,0,2,1,1,1.0,
202400029108,155 730 521,B01,1.0,7.0,1,0,6,19,1.0,
202400029109,155 730 520,A01,1.0,7.0,0,2,1,1,1.0,
202400029110,155 730 518,A01,3.0,37.0,0,1,3,1,1.0,1
202400029111,155 730 517,A01,1.0,7.0,1,2,1,0,1.0,
202400029112,155 730 514,A01,1.0,7.0,0,2,1,1,1.0,
202400029113,155 730 512,B01,2.0,10.0,0,2,1,1,1.0,
202400029114,155 730 509,A01,2.0,3.0,0,2,2,19,1.0,
202400029115,155 730 507,A01,1.0,7.0,0,0,5,20,1.0,
202400029116,155 730 506,A01,2.0,7.0,0,1,1,1,1.0,
202400029117,155 730 504,A01,1.0,7.0,0,0,1,5,1.0,
202400029118,155 730 498,A01,2.0,7.0,0,2,7,15,1.0,
202400029119,155 730 497,B01,1.0,7.0,1,0,2,1,1.0,
202400029120,155 730 495,A01,1.0,7.0,0,2,5,15,1.0,
202400029121,155 730 491,A01,2.0,7.0,0,2,3,13,1.0,
202400029122,155 730 489,A01,1.0,31.0,0,2,9,26,1.0,
202400029123,155 730 488,A01,1.0,17.0,3,0,3,0,1.0,
202400029124,155 730 486,B01,2.0,1.0,0,2,8,1,5.0,
202400029125,155 730 483,B01,3.0,7.0,0,2,3,15,1.0,
202400029126,155 730 480,A01,1.0,7.0,0,1,1,1,1.0,
202400029127,155 730 481,C01,1.0,7.0,0,0,4,2,1.0,
202400029128,155 730 477,B01,2.0,32.0,0,2,1,1,1.0,
202400029129,155 730 476,A01,1.0,10.0,1,0,1,1,1.0,
202400029130,155 730 474,A01,2.0,10.0,13,0,0,13,1.0,
202400029131,155 730 473,B01,2.0,7.0,0,2,1,1,1.0,
202400029132,155 730 471,A01,3.0,7.0,0,1,4,26,1.0,
202400029133,155 730 470,A01,2.0,7.0,2,0,7,13,1.0,
202400029134,155 730 468,A01,3.0,7.0,0,0,1,1,1.0,
202400029135,155 730 467,B01,2.0,10.0,0,2,0,26,1.0,
202400029136,155 730 465,A01,1.0,0.0,0,0,0,0,0.0,
202400029137,155 730 463,A01,2.0,31.0,0,0,0,1,1.0,
202400029138,155 730 461,A01,1.0,32.0,0,2,1,0,1.0,
202400029139,155 730 460,A01,2.0,10.0,1,0,1,0,1.0,
202400029140,155 730 459,A01,1.0,7.0,0,1,1,9,1.0,
202400029141,155 730 457,A01,3.0,10.0,0,1,2,4,3.0,
202400029142,155 730 455,B01,2.0,10.0,0,2,4,2,1.0,
202400029143,155 730 452,A01,3.0,13.0,0,9,0,2,1.0,
202400029144,155 730 451,A01,1.0,7.0,0,2,1,15,1.0,
202400029145,155 730 448,B01,1.0,7.0,0,2,4,23,1.0,
202400029146,155 730 447,A01,1.0,3.0,0,0,5,1,3.0,
202400029147,155 730 444,A01,1.0,7.0,0,0,1,2,1.0,
202400029148,155 730 443,A01,1.0,7.0,0,0,2,1,1.0,
202400029149,155 730 442,A01,2.0,7.0,0,5,0,3,1.0,
202400029150,155 730 441,A01,1.0,10.0,8,0,1,2,1.0,
202400029151,155 730 435,B01,1.0,7.0,0,2,5,1,1.0,
202400029152,155 730 434,A01,2.0,7.0,0,2,1,13,1.0,
202400029153,155 730 433,A01,3.0,7.0,0,1,7,16,1.0,
202400029154,155 730 432,A01,1.0,7.0,0,1,2,0,1.0,
202400029155,155 730 429,B01,1.0,7.0,0,2,0,0,1.0,
202400029156,155 730 430,A01,1.0,7.0,16,0,1,1,1.0,
202400029157,155 730 427,A01,3.0,31.0,0,2,1,2,1.0,
202400029158,155 730 424,A01,1.0,7.0,0,0,4,1,1.0,
202400029159,155 730 423,A01,2.0,7.0,0,2,1,9,1.0,
202400029160,155 730 420,B01,1.0,7.0,0,2,6,2,1.0,
202400029161,155 730 419,B01,3.0,50.0,0,2,1,1,3.0,
202400029162,155 730 417,A01,2.0,7.0,0,1,3,1,1.0,
202400029163,155 730 416,A01,2.0,7.0,0,2,4,2,1.0,
202400029164,155 730 413,B01,2.0,10.0,0,2,1,9,0.0,
202400029165,155 730 411,A01,2.0,7.0,0,2,4,2,1.0,
202400029166,155 730 410,A01,3.0,7.0,0,1,1,16,1.0,
202400029167,155 730 407,A01,2.0,7.0,0,1,1,1,1.0,
202400029168,155 730 406,A01,1.0,7.0,0,2,4,23,1.0,
202400029169,155 730 404,B01,1.0,7.0,0,2,2,1,3.0,
202400029170,155 730 403,A01,1.0,7.0,3,0,1,13,1.0,
202400029171,155 730 402,A01,1.0,7.0,12,0,3,1,1.0,
202400029172,155 730 400,A01,1.0,33.0,0,2,1,2,1.0,
202400029173,155 730 398,B01,2.0,1.0,0,2,8,1,5.0,
202400029174,155 730 396,A01,1.0,10.0,0,1,0,1,0.0,
202400029175,155 730 395,B01,1.0,14.0,0,2,1,1,1.0,
202400029176,155 730 394,A01,1.0,7.0,0,1,1,1,1.0,
202400029177,155 730 392,B01,1.0,15.0,0,2,2,1,1.0,
202400029178,155 730 391,A01,1.0,17.0,0,1,1,23,1.0,
202400029179,155 730 387,A01,1.0,33.0,0,2,1,3,1.0,
202400029180,155 730 386,A01,3.0,7.0,0,2,3,9,1.0,
202400029181,155 730 385,A01,1.0,41.0,0,0,0,0,1.0,
202400029182,155 730 383,B01,3.0,10.0,0,2,1,1,1.0,
202400029183,155 730 380,A01,2.0,7.0,0,1,7,1,1.0,
202400029184,155 730 379,C01,1.0,7.0,0,2,8,1,1.0,
202400029185,155 730 377,A01,3.0,7.0,0,2,3,15,2.0,
202400029186,155 730 374,A01,3.0,10.0,0,2,4,4,1.0,
202400029187,155 730 371,B01,2.0,30.0,0,2,0,0,1.0,
202400029188,155 730 372,B01,1.0,60.0,0,2,0,0,5.0,
202400029189,155 730 370,A01,1.0,7.0,4,0,3,13,1.0,
202400029190,155 730 368,A01,3.0,7.0,0,2,3,13,1.0,
202400029191,155 730 365,A01,1.0,7.0,0,2,1,2,3.0,
202400029192,155 730 364,A01,3.0,7.0,0,1,8,1,0.0,
202400029193,155 730 363,A01,2.0,50.0,12,0,1,14,3.0,
202400029194,155 730 361,A01,1.0,7.0,0,2,1,1,1.0,
202400029195,155 730 360,A01,3.0,7.0,0,1,1,15,2.0,
202400029196,155 730 358,A01,2.0,7.0,14,1,0,16,3.0,
202400029197,155 730 357,B01,1.0,50.0,0,2,0,0,3.0,
202400029198,155 730 354,A01,3.0,7.0,1,2,3,15,1.0,
202400029199,155 730 353,B01,1.0,1.0,0,2,0,1,5.0,
202400029200,155 730 352,A01,1.0,7.0,0,1,0,26,1.0,
202400029201,155 730 349,B01,2.0,7.0,0,2,4,1,1.0,
202400029202,155 730 348,A01,1.0,7.0,0,2,1,12,1.0,
202400029203,155 730 347,A01,1.0,7.0,0,1,1,1,1.0,
202400029204,155 730 345,A01,1.0,7.0,0,2,7,1,1.0,
202400029205,155 730 342,B01,3.0,1.0,0,2,2,26,5.0,
202400029206,155 730 341,B01,1.0,30.0,0,2,4,23,1.0,
202400029207,155 730 340,A01,1.0,10.0,0,1,1,17,1.0,
202400029208,155 730 339,A01,1.0,7.0,0,1,1,1,1.0,
202400029209,155 730 336,A01,3.0,7.0,0,2,3,11,1.0,
202400029210,155 730 330,B01,2.0,7.0,0,2,0,0,1.0,
202400029211,155 730 329,A01,1.0,7.0,0,2,3,26,3.0,
202400029212,155 730 325,A01,2.0,10.0,0,2,3,15,1.0,
202400029213,155 730 327,A01,1.0,10.0,0,2,1,11,0.0,
202400029214,155 730 323,B01,2.0,50.0,0,2,1,5,3.0,
202400029215,155 730 321,B01,1.0,7.0,0,2,1,1,1.0,
202400029216,155 730 316,B01,1.0,7.0,0,2,1,1,1.0,
202400029217,155 730 313,A01,2.0,7.0,0,2,8,15,1.0,
202400029218,155 730 312,A01,2.0,3.0,1,0,8,16,0.0,
202400029219,155 730 310,A01,2.0,7.0,0,2,6,15,1.0,
202400029220,155 730 309,A01,0.0,7.0,0,1,1,9,1.0,
202400029221,155 730 308,A01,2.0,7.0,0,1,2,21,1.0,
202400029222,155 730 306,A01,1.0,7.0,0,9,1,26,2.0,
202400029223,155 730 304,A01,3.0,30.0,0,0,2,26,1.0,
202400029224,155 730 303,B01,3.0,7.0,0,2,1,0,1.0,
202400029225,155 730 301,B01,1.0,7.0,0,2,3,0,1.0,
202400029226,155 730 300,Z01,3.0,0.0,0,0,0,26,0.0,
202400029227,155 730 299,A01,2.0,7.0,0,1,4,4,1.0,
202400029228,155 730 298,A01,2.0,7.0,0,1,1,16,1.0,
202400029229,155 730 296,A01,1.0,7.0,12,1,1,2,1.0,
202400029230,155 730 295,A01,1.0,7.0,0,2,3,2,2.0,
202400029231,155 730 292,A01,1.0,32.0,0,2,7,1,1.0,
202400029232,155 730 291,B01,0.0,99.0,0,0,0,0,5.0,
202400029233,155 730 289,A01,1.0,7.0,0,2,1,2,1.0,
202400029234,155 730 288,A01,2.0,7.0,0,1,1,15,1.0,
202400029235,155 730 286,A01,3.0,7.0,0,1,1,1,1.0,
202400029236,155 730 285,A01,1.0,10.0,0,2,2,1,1.0,
202400029237,155 730 283,A01,1.0,7.0,0,2,8,15,1.0,
202400029238,155 730 281,A01,2.0,7.0,0,2,1,15,2.0,
202400029239,155 730 279,A01,1.0,7.0,0,2,1,26,1.0,
202400029240,155 730 278,A01,2.0,10.0,0,1,2,1,1.0,
202400029241,155 730 276,A01,2.0,10.0,0,2,3,1,1.0,
202400029242,155 730 272,B01,2.0,7.0,0,2,1,15,2.0,
202400029243,155 730 273,A01,3.0,32.0,0,2,1,15,1.0,
202400029244,155 730 271,A01,1.0,7.0,0,1,2,15,1.0,
202400029245,155 730 270,A01,2.0,33.0,0,1,2,1,1.0,
202400029246,155 730 269,A01,1.0,32.0,0,0,0,0,1.0,
202400029247,155 730 268,A01,2.0,2.0,0,0,0,26,3.0,
202400029248,155 730 267,A01,3.0,7.0,4,0,8,26,1.0,
202400029249,155 730 266,A01,2.0,30.0,0,0,0,14,1.0,
202400029250,155 730 264,B01,1.0,7.0,0,2,8,1,1.0,
202400029251,155 730 262,B01,2.0,1.0,0,0,0,0,5.0,
202400029252,155 730 260,A01,1.0,10.0,0,2,4,1,6.0,
202400029253,155 730 258,A01,2.0,1.0,0,2,1,2,5.0,
202400029254,155 730 256,A01,3.0,7.0,0,2,8,19,1.0,
202400029255,155 730 253,A01,2.0,7.0,0,2,7,14,1.0,
202400029256,155 730 252,A01,2.0,7.0,0,2,1,0,1.0,
202400029257,155 730 250,A01,2.0,33.0,1,1,1,1,1.0,
202400029258,155 730 246,A01,2.0,50.0,0,2,1,2,3.0,
202400029259,155 730 245,B01,1.0,33.0,0,2,7,1,1.0,
202400029260,155 730 243,A01,2.0,7.0,4,0,2,14,1.0,
202400029261,155 730 242,A01,0.0,7.0,0,2,1,16,2.0,
202400029262,155 730 241,A01,2.0,30.0,0,0,7,26,1.0,
202400029263,155 730 240,A01,2.0,50.0,1,0,1,1,3.0,
202400029264,155 730 239,A01,2.0,7.0,15,0,1,13,1.0,
202400029265,155 730 237,B01,0.0,33.0,0,2,0,0,1.0,
202400029266,155 730 234,A01,2.0,7.0,0,2,2,1,1.0,
202400029267,155 730 233,A01,3.0,33.0,0,2,2,1,1.0,
202400029268,155 730 231,B01,3.0,1.0,0,2,0,0,5.0,
202400029269,155 730 230,A01,2.0,7.0,14,0,3,5,1.0,
202400029270,155 730 225,C01,3.0,7.0,0,2,4,2,1.0,
202400029271,155 730 224,A01,1.0,10.0,0,2,3,1,3.0,
202400029272,155 730 220,A01,1.0,10.0,0,2,1,0,1.0,
202400029273,155 730 218,A01,1.0,7.0,12,1,1,0,2.0,
202400029274,155 730 217,B01,3.0,7.0,0,2,1,15,1.0,
202400029275,155 730 216,A01,3.0,10.0,0,1,1,1,1.0,
202400029276,155 730 213,B01,3.0,37.0,0,2,1,1,1.0,1
202400029277,155 730 212,B01,3.0,50.0,0,2,8,26,3.0,
202400029278,155 730 210,A01,3.0,10.0,0,2,1,15,1.0,
202400029279,155 730 209,A01,1.0,0.0,0,1,1,2,0.0,
202400029280,155 730 206,A01,3.0,7.0,0,2,1,2,1.0,
202400029281,155 730 205,A01,1.0,7.0,0,9,2,16,1.0,
202400029282,155 730 204,A01,0.0,10.0,0,0,0,0,0.0,
202400029283,155 730 203,A01,1.0,7.0,0,1,1,19,1.0,
202400029284,155 730 199,C01,1.0,33.0,0,2,1,5,1.0,
202400029285,155 730 198,A01,1.0,7.0,0,1,1,26,1.0,
202400029286,155 730 196,B01,2.0,31.0,0,2,8,2,1.0,
202400029287,155 730 195,A01,3.0,7.0,0,1,1,1,1.0,
202400029288,155 730 194,A01,0.0,32.0,8,0,1,1,1.0,
202400029289,155 730 193,A01,3.0,3.0,0,2,0,26,1.0,
202400029290,155 730 192,A01,2.0,33.0,1,1,8,17,1.0,
202400029291,155 730 190,A01,3.0,7.0,2,2,2,13,1.0,
202400029292,155 730 188,A01,1.0,34.0,0,2,2,17,1.0,
202400029293,155 730 186,A01,3.0,7.0,0,2,1,2,1.0,
202400029294,155 730 185,A01,3.0,7.0,0,1,3,16,1.0,
202400029295,155 730 184,A01,3.0,33.0,0,0,0,1,1.0,
202400029296,155 730 182,A01,0.0,7.0,0,2,5,9,2.0,
202400029297,155 730 180,A01,1.0,7.0,0,2,1,13,0.0,
202400029298,155 730 178,A01,2.0,7.0,0,2,3,15,1.0,
202400029299,155 730 177,A01,1.0,37.0,0,0,1,14,3.0,3
202400029300,155 730 176,A01,3.0,1.0,0,0,0,1,5.0,
202400029301,155 730 175,A01,1.0,7.0,0,1,1,1,1.0,
202400029302,155 730 174,A01,1.0,7.0,0,1,3,1,1.0,
202400029303,155 730 173,A01,3.0,2.0,0,0,0,1,1.0,
202400029304,155 730 172,A01,1.0,7.0,6,1,2,21,1.0,
202400029305,155 730 170,A01,1.0,33.0,0,2,2,1,1.0,
202400029306,155 730 168,A01,3.0,7.0,0,2,1,13,1.0,
202400029307,155 730 165,A01,1.0,31.0,0,2,8,21,1.0,
202400029308,155 730 164,B01,3.0,33.0,0,2,1,13,1.0,
202400029309,155 730 161,A01,3.0,31.0,0,2,1,8,1.0,
202400029310,155 730 160,A01,1.0,7.0,0,2,1,6,1.0,
202400029311,155 730 157,A01,2.0,33.0,0,2,1,2,1.0,
202400029312,155 730 156,B01,2.0,7.0,16,2,3,1,1.0,
202400029313,155 730 154,B01,1.0,33.0,0,2,1,1,1.0,
202400029314,155 730 153,A01,3.0,10.0,0,1,3,16,1.0,
202400029315,155 730 151,A01,1.0,7.0,16,0,0,0,1.0,
202400029316,155 730 150,B01,2.0,7.0,0,2,1,11,1.0,
202400029317,155 730 147,A01,3.0,7.0,0,9,2,0,1.0,
202400029318,155 730 146,A01,3.0,7.0,0,2,1,15,1.0,
202400029319,155 730 143,A01,2.0,7.0,0,2,1,13,1.0,
202400029320,155 730 142,B01,0.0,37.0,0,2,2,0,1.0,1
202400029321,155 730 138,B01,2.0,13.0,0,2,3,1,1.0,
202400029322,155 730 137,A01,2.0,10.0,0,2,3,2,1.0,
202400029323,155 730 136,B01,1.0,7.0,0,2,3,9,1.0,
202400029324,155 730 133,A01,2.0,7.0,0,2,8,13,1.0,
202400029325,155 730 132,A01,2.0,30.0,0,0,0,0,1.0,
202400029326,155 730 129,A01,2.0,7.0,0,2,1,17,1.0,
202400029327,155 730 126,A01,1.0,10.0,0,2,1,16,1.0,
202400029328,155 730 125,A01,1.0,7.0,13,0,2,1,1.0,
202400029329,155 730 124,A01,3.0,7.0,0,2,4,23,2.0,
202400029330,155 730 121,A01,1.0,7.0,0,2,2,13,1.0,
202400029331,155 730 120,A01,1.0,31.0,0,2,1,2,1.0,
202400029332,155 730 119,A01,2.0,7.0,0,1,2,2,1.0,
202400029333,155 730 118,A01,2.0,7.0,0,0,9,1,1.0,
202400029334,155 730 116,A01,2.0,7.0,0,0,2,13,1.0,
202400029335,155 730 115,B01,1.0,50.0,0,2,1,1,3.0,
202400029336,155 730 113,A01,1.0,13.0,0,4,1,9,1.0,
202400029337,155 730 112,A01,3.0,7.0,0,1,1,1,2.0,
202400029338,155 730 109,A01,1.0,2.0,0,0,0,2,1.0,
202400029339,155 730 108,B01,2.0,31.0,0,2,3,15,1.0,
202400029340,155 730 107,A01,0.0,7.0,0,0,0,0,1.0,
202400029341,155 730 105,A01,3.0,7.0,0,1,3,1,1.0,
202400029342,155 730 104,B01,1.0,33.0,0,2,1,1,1.0,
202400029343,155 730 102,A01,3.0,7.0,0,1,2,1,2.0,
202400029344,155 730 100,A01,1.0,7.0,0,2,2,1,1.0,
202400029345,155 730 097,A01,0.0,33.0,0,2,2,17,1.0,
202400029346,155 730 096,B01,1.0,31.0,0,2,7,1,1.0,
202400029347,155 730 094,A01,2.0,7.0,4,0,2,1,1.0,
202400029348,155 730 093,A01,2.0,7.0,0,2,3,2,1.0,
202400029349,155 730 088,C01,2.0,10.0,0,2,1,2,1.0,
202400029350,155 730 089,A01,3.0,7.0,0,2,1,26,1.0,
202400029351,155 730 086,A01,2.0,7.0,1,0,6,24,2.0,
202400029352,155 730 084,B01,2.0,33.0,0,2,1,1,1.0,
202400029353,155 730 083,Z01,0.0,7.0,0,1,1,0,0.0,
202400029354,155 730 080,A01,2.0,1.0,0,2,7,0,5.0,
202400029355,155 730 081,A01,1.0,7.0,0,1,1,1,2.0,
202400029356,155 730 077,B01,2.0,1.0,0,2,4,1,5.0,
202400029357,155 730 076,A01,1.0,10.0,0,2,1,1,1.0,
202400029358,155 730 074,B01,1.0,31.0,0,2,3,1,1.0,
202400029359,155 730 073,A01,1.0,7.0,0,1,7,15,1.0,
202400029360,155 730 071,A01,1.0,33.0,0,2,1,1,1.0,
202400029361,155 730 068,A01,1.0,2.0,14,2,3,1,1.0,
202400029362,155 730 067,A01,1.0,30.0,0,0,0,0,1.0,
202400029363,155 730 064,B01,2.0,7.0,0,2,3,1,1.0,
202400029364,155 730 063,B01,1.0,7.0,0,2,3,1,1.0,
202400029365,155 730 061,A01,2.0,50.0,0,2,8,18,3.0,
202400029366,155 730 058,A01,1.0,34.0,0,2,1,1,1.0,
202400029367,155 730 057,A01,2.0,10.0,0,1,3,15,1.0,
202400029368,155 730 053,B01,0.0,7.0,0,2,4,1,1.0,
202400029369,155 730 054,B01,0.0,7.0,0,2,3,15,1.0,
202400029370,155 730 050,A01,1.0,7.0,0,2,1,1,1.0,
202400029371,155 730 049,A01,2.0,7.0,0,2,1,9,1.0,
202400029372,155 730 047,A01,0.0,7.0,0,2,2,0,1.0,
202400029373,155 730 043,A01,3.0,7.0,0,2,1,1,1.0,
202400029374,155 730 042,A01,2.0,10.0,0,1,1,1,1.0,
202400029375,155 730 038,A01,2.0,10.0,0,2,3,13,1.0,
202400029376,155 730 037,A01,1.0,33.0,0,1,1,1,1.0,
202400029377,155 730 036,A01,3.0,10.0,0,1,2,20,1.0,
202400029378,155 730 035,A01,2.0,33.0,0,0,0,1,1.0,
202400029379,155 730 033,A01,3.0,7.0,0,2,2,15,1.0,
202400029380,155 730 032,A01,3.0,7.0,0,1,3,15,1.0,
202400029381,155 730 031,A01,3.0,7.0,0,1,2,17,1.0,
202400029382,155 730 029,A01,1.0,1.0,0,2,1,1,5.0,
202400029383,155 730 028,A01,3.0,7.0,0,1,1,11,2.0,
202400029384,155 730 026,B01,1.0,34.0,4,0,7,13,1.0,