Num_Acc,id_vehicule,num_veh,senc,catv,obs,obsm,choc,manv,motor,occutc
202400029385,155 730 025,A01,2.0,7.0,0,0,1,26,1.0,
202400029386,155 730 023,B01,1.0,33.0,0,2,8,0,1.0,
202400029387,155 730 022,A01,0.0,7.0,8,0,2,1,1.0,
202400029388,155 730 021,A01,0.0,33.0,3,0,0,0,1.0,
202400029389,155 730 017,A01,3.0,10.0,1,2,7,16,1.0,
202400029390,155 730 018,A01,3.0,33.0,0,2,1,7,1.0,
202400029391,155 730 014,B01,3.0,7.0,0,2,8,1,1.0,
202400029392,155 730 013,A01,1.0,1.0,0,9,7,1,5.0,
202400029393,155 730 010,B01,2.0,7.0,0,2,8,11,1.0,
202400029394,155 730 012,A01,3.0,7.0,0,2,0,0,0.0,
202400029395,155 730 008,B01,2.0,33.0,0,2,4,1,1.0,
202400029396,155 730 007,A01,3.0,7.0,0,1,2,16,2.0,
202400029397,155 730 006,A01,2.0,7.0,0,1,1,1,1.0,
202400029398,155 730 002,A01,2.0,2.0,0,2,1,1,1.0,
202400029399,155 730 003,B01,2.0,1.0,0,2,1,9,5.0,
202400029400,155 729 998,A01,3.0,7.0,14,0,1,16,1.0,
202400029401,155 729 999,A01,1.0,7.0,0,2,1,15,1.0,
202400029402,155 729 996,A01,2.0,33.0,0,2,1,1,1.0,
202400029403,155 729 995,A01,1.0,37.0,1,1,5,14,1.0,1
202400029404,155 729 994,A01,2.0,1.0,0,1,1,21,5.0,
202400029405,155 729 991,B01,3.0,50.0,0,2,3,2,3.0,
202400029406,155 729 990,A01,1.0,50.0,0,2,1,9,3.0,
202400029407,155 729 986,A01,3.0,7.0,0,2,3,1,3.0,
202400029408,155 729 988,A01,2.0,33.0,0,2,1,17,1.0,
202400029409,155 729 983,A01,3.0,7.0,9,0,1,26,1.0,
202400029410,155 729 982,A01,2.0,30.0,0,2,1,17,1.0,
202400029411,155 729 979,A01,1.0,2.0,0,2,1,1,1.0,
202400029412,155 729 978,A01,1.0,33.0,0,2,1,2,1.0,
202400029413,155 729 977,A01,0.0,7.0,13,0,1,1,1.0,
202400029414,155 729 974,B01,2.0,33.0,0,0,1,1,1.0,
202400029415,155 729 973,A01,2.0,7.0,0,2,8,20,1.0,
202400029416,155 729 970,A01,1.0,7.0,0,2,1,0,1.0,
202400029417,155 729 967,A01,2.0,10.0,0,2,1,2,1.0,
202400029418,155 729 966,A01,2.0,10.0,0,2,2,11,1.0,
202400029419,155 729 965,A01,2.0,30.0,0,9,0,1,1.0,
202400029420,155 729 961,B01,1.0,10.0,0,2,1,0,1.0,
202400029421,155 729 959,A01,1.0,7.0,0,2,8,17,1.0,
202400029422,155 729 956,A01,1.0,50.0,0,2,1,9,3.0,
202400029423,155 729 954,A01,2.0,10.0,0,1,2,0,1.0,
202400029424,155 729 955,A01,2.0,7.0,11,0,3,6,1.0,
202400029425,155 729 952,A01,2.0,15.0,0,2,6,15,1.0,
202400029426,155 729 949,B01,1.0,17.0,0,2,6,1,0.0,
202400029427,155 729 947,A01,1.0,7.0,0,2,5,1,1.0,
202400029428,155 729 946,A01,2.0,7.0,0,2,1,13,1.0,
202400029429,155 729 945,A01,2.0,7.0,13,0,2,1,1.0,
202400029430,155 729 943,A01,2.0,2.0,14,0,1,11,1.0,
202400029431,155 729 942,A01,0.0,7.0,0,2,1,2,1.0,
202400029432,155 729 941,A01,1.0,7.0,6,0,2,14,1.0,
202400029433,155 729 940,A01,2.0,7.0,6,0,1,1,1.0,
202400029434,155 729 937,A01,1.0,7.0,0,0,4,1,1.0,
202400029435,155 729 936,A01,1.0,7.0,0,2,5,12,1.0,
202400029436,155 729 934,B01,3.0,1.0,0,2,1,19,5.0,
202400029437,155 729 932,B01,1.0,80.0,0,2,6,18,3.0,
202400029438,155 729 930,A01,1.0,7.0,0,2,1,1,1.0,
202400029439,155 729 929,A01,2.0,50.0,0,0,0,5,3.0,
202400029440,155 729 927,A01,2.0,7.0,0,2,2,15,1.0,
202400029441,155 729 925,A01,2.0,1.0,0,2,1,1,5.0,
202400029442,155 729 923,A01,1.0,7.0,0,1,1,1,1.0,
202400029443,155 729 924,A01,1.0,1.0,0,0,0,2,5.0,
202400029444,155 729 922,A01,0.0,7.0,0,1,7,14,1.0,
202400029445,155 729 919,A01,2.0,7.0,0,2,1,1,1.0,
202400029446,155 729 917,A01,1.0,7.0,0,2,2,1,1.0,
202400029447,155 729 916,A01,3.0,33.0,0,0,0,1,1.0,
202400029448,155 729 914,A01,3.0,7.0,0,1,2,26,1.0,
202400029449,155 729 913,A01,2.0,7.0,0,2,3,15,1.0,
202400029450,155 729 910,A01,2.0,7.0,8,1,1,25,1.0,
202400029451,155 729 911,A01,1.0,7.0,0,2,3,15,1.0,
202400029452,155 729 909,A01,3.0,7.0,13,0,1,15,1.0,
202400029453,155 729 908,A01,0.0,7.0,0,1,3,1,1.0,
202400029454,155 729 905,A01,1.0,7.0,0,2,3,1,1.0,
202400029455,155 729 904,A01,3.0,31.0,0,2,1,2,1.0,
202400029456,155 729 903,A01,3.0,7.0,0,1,0,2,1.0,
202400029457,155 729 901,B01,3.0,7.0,0,2,4,1,1.0,
202400029458,155 729 900,A01,1.0,7.0,0,1,2,2,0.0,
202400029459,155 729 899,A01,1.0,37.0,0,1,2,1,1.0,1
202400029460,155 729 897,B01,2.0,7.0,0,2,1,16,1.0,
202400029461,155 729 893,A01,1.0,7.0,0,2,3,20,1.0,
202400029462,155 729 894,B01,2.0,2.0,0,2,1,1,3.0,
202400029463,155 729 892,A01,1.0,7.0,8,0,1,14,1.0,
202400029464,155 729 891,A01,3.0,32.0,2,0,1,1,1.0,
202400029465,155 729 889,B01,2.0,30.0,0,2,3,1,1.0,
202400029466,155 729 887,A01,1.0,7.0,1,0,7,1,1.0,
202400029467,155 729 885,A01,2.0,7.0,0,2,2,15,1.0,
202400029468,155 729 882,B01,1.0,7.0,0,2,4,23,1.0,
202400029469,155 729 880,A01,2.0,10.0,0,2,1,15,1.0,
202400029470,155 729 878,B01,2.0,7.0,0,2,4,23,1.0,
202400029471,155 729 875,A01,2.0,30.0,0,2,2,18,3.0,
202400029472,155 729 873,A01,3.0,7.0,0,1,6,4,1.0,
202400029473,155 729 870,B01,0.0,1.0,0,0,0,0,5.0,
202400029474,155 729 869,A01,1.0,7.0,0,0,2,15,2.0,
202400029475,155 729 866,A01,1.0,7.0,0,2,3,9,1.0,
202400029476,155 729 864,B01,1.0,7.0,9,0,1,1,1.0,
202400029477,155 729 861,B01,1.0,33.0,0,2,1,21,1.0,
202400029478,155 729 862,A01,1.0,37.0,0,1,3,15,2.0,1
202400029479,155 729 858,A01,0.0,33.0,0,2,1,26,1.0,
202400029480,155 729 855,C01,3.0,7.0,0,2,6,23,1.0,
202400029481,155 729 853,A01,1.0,7.0,8,0,1,1,1.0,
202400029482,155 729 852,A01,1.0,7.0,0,9,3,22,1.0,
202400029483,155 729 850,A01,2.0,7.0,0,1,2,15,1.0,
202400029484,155 729 848,B01,1.0,2.0,0,2,1,2,1.0,
202400029485,155 729 847,A01,1.0,2.0,0,0,0,1,1.0,
202400029486,155 729 844,A01,1.0,7.0,1,0,2,14,1.0,
202400029487,155 729 841,A01,3.0,7.0,0,1,1,1,1.0,
202400029488,155 729 839,A01,2.0,7.0,0,2,1,1,1.0,
202400029489,155 729 836,A01,1.0,10.0,0,2,1,26,1.0,
202400029490,155 729 835,B01,3.0,7.0,0,2,3,1,0.0,
202400029491,155 729 834,A01,3.0,1.0,0,0,0,1,5.0,
202400029492,155 729 831,B01,1.0,34.0,0,2,1,17,1.0,
202400029493,155 729 830,A01,1.0,7.0,0,2,1,1,1.0,
202400029494,155 729 825,A01,1.0,15.0,0,2,1,1,0.0,
202400029495,155 729 826,A01,1.0,7.0,0,2,3,1,1.0,
202400029496,155 729 823,A01,0.0,7.0,6,0,1,24,1.0,
202400029497,155 729 822,B01,3.0,7.0,0,2,5,0,0.0,
202400029498,155 729 820,A01,2.0,7.0,0,2,1,2,1.0,
202400029499,155 729 817,A01,1.0,7.0,0,2,7,15,2.0,
202400029500,155 729 816,A01,1.0,7.0,0,2,2,2,1.0,
202400029501,155 729 813,B01,1.0,7.0,0,2,4,1,1.0,
202400029502,155 729 812,A01,1.0,7.0,0,2,3,11,1.0,
202400029503,155 729 810,A01,2.0,10.0,12,0,3,1,1.0,
202400029504,155 729 807,A01,1.0,7.0,0,2,1,2,1.0,
202400029505,155 729 806,A01,1.0,2.0,0,5,8,1,1.0,
202400029506,155 729 803,Z01,2.0,7.0,0,2,2,1,2.0,
202400029507,155 729 802,A01,3.0,38.0,0,2,2,15,1.0,2
202400029508,155 729 798,B01,1.0,7.0,0,2,3,1,1.0,
202400029509,155 729 797,A01,2.0,33.0,0,2,1,1,1.0,
202400029510,155 729 795,A01,1.0,10.0,0,1,4,20,1.0,
202400029511,155 729 793,B01,2.0,17.0,0,2,6,1,1.0,
202400029512,155 729 791,A01,1.0,7.0,0,1,2,26,1.0,
202400029513,155 729 790,A01,2.0,7.0,0,2,1,1,1.0,
202400029514,155 729 788,A01,0.0,10.0,0,2,2,20,1.0,
202400029515,155 729 787,A01,1.0,7.0,0,1,2,1,0.0,
202400029516,155 729 785,A01,3.0,32.0,0,2,7,1,1.0,
202400029517,155 729 784,A01,2.0,7.0,0,1,3,15,3.0,
202400029518,155 729 783,A01,3.0,10.0,0,1,4,4,3.0,
202400029519,155 729 781,A01,1.0,10.0,0,2,1,1,1.0,
202400029520,155 729 778,Z01,2.0,7.0,0,2,6,14,0.0,
202400029521,155 729 777,A01,2.0,7.0,6,0,3,1,1.0,
202400029522,155 729 776,A01,1.0,50.0,12,0,1,26,3.0,
202400029523,155 729 773,B01,1.0,1.0,0,2,5,16,5.0,
202400029524,155 729 772,A01,1.0,7.0,0,2,1,15,1.0,
202400029525,155 729 771,A01,1.0,7.0,3,0,2,14,1.0,
202400029526,155 729 769,B01,1.0,33.0,0,2,1,11,1.0,
202400029527,155 729 768,A01,1.0,7.0,1,1,3,1,1.0,
202400029528,155 729 766,A01,2.0,7.0,0,1,2,16,1.0,
202400029529,155 729 767,A01,2.0,10.0,0,1,1,1,1.0,
202400029530,155 729 765,A01,0.0,7.0,0,1,7,1,3.0,
202400029531,155 729 764,A01,2.0,10.0,0,1,2,1,1.0,
202400029532,155 729 761,A01,3.0,7.0,0,1,1,1,1.0,
202400029533,155 729 762,A01,0.0,1.0,0,2,7,15,5.0,
202400029534,155 729 759,A01,2.0,7.0,0,2,2,15,3.0,
202400029535,155 729 756,B01,1.0,10.0,0,2,1,2,1.0,
202400029536,155 729 757,A01,1.0,7.0,9,0,1,1,1.0,
202400029537,155 729 755,A01,2.0,7.0,0,1,3,1,1.0,
202400029538,155 729 753,A01,2.0,7.0,0,2,2,2,1.0,
202400029539,155 729 751,A01,1.0,2.0,0,0,0,0,1.0,
202400029540,155 729 750,A01,3.0,1.0,0,2,8,15,5.0,
202400029541,155 729 748,A01,1.0,7.0,3,0,1,1,1.0,
202400029542,155 729 746,B01,1.0,33.0,0,2,2,1,1.0,
202400029543,155 729 741,A01,3.0,7.0,0,2,2,1,1.0,
202400029544,155 729 740,A01,1.0,7.0,15,0,3,17,1.0,
202400029545,155 729 737,B01,1.0,31.0,0,2,1,17,1.0,
202400029546,155 729 735,A01,3.0,7.0,0,0,1,0,1.0,
202400029547,155 729 733,A01,2.0,7.0,0,2,3,1,1.0,
202400029548,155 729 730,V01,1.0,80.0,0,2,1,1,3.0,
202400029549,155 729 729,A01,2.0,7.0,0,2,8,11,1.0,
202400029550,155 729 727,A01,2.0,7.0,0,2,1,12,1.0,
202400029551,155 729 725,A01,3.0,7.0,4,0,1,1,1.0,
202400029552,155 729 724,A01,2.0,7.0,3,0,2,13,1.0,
202400029553,155 729 723,A01,3.0,50.0,0,2,8,21,3.0,
202400029554,155 729 719,A01,1.0,7.0,0,2,4,23,1.0,
202400029555,155 729 716,A01,2.0,10.0,0,2,1,2,1.0,
202400029556,155 729 715,B01,2.0,7.0,1,1,8,23,1.0,
202400029557,155 729 710,A01,1.0,7.0,0,2,9,1,1.0,
202400029558,155 729 707,A01,2.0,7.0,0,2,1,2,1.0,
202400029559,155 729 708,A01,2.0,33.0,0,2,6,20,1.0,
202400029560,155 729 703,A01,2.0,7.0,3,0,7,14,1.0,
202400029561,155 729 701,A01,2.0,10.0,0,2,3,26,1.0,
202400029562,155 729 700,A01,1.0,7.0,0,2,5,1,1.0,
202400029563,155 729 697,B01,1.0,7.0,0,2,4,2,1.0,
202400029564,155 729 694,A01,3.0,7.0,9,0,1,16,1.0,
202400029565,155 729 693,E01,2.0,7.0,14,0,1,1,1.0,
202400029566,155 729 692,A01,2.0,7.0,0,1,8,1,1.0,
202400029567,155 729 690,A01,1.0,10.0,0,1,1,16,1.0,
202400029568,155 729 691,A01,0.0,7.0,0,1,1,2,1.0,
202400029569,155 729 687,B01,2.0,7.0,0,2,4,2,1.0,
202400029570,155 729 686,B01,1.0,2.0,0,2,1,17,1.0,
202400029571,155 729 685,A01,1.0,7.0,0,1,1,1,1.0,
202400029572,155 729 684,A01,1.0,7.0,4,0,1,1,1.0,
202400029573,155 729 683,A01,3.0,30.0,0,9,1,26,3.0,
202400029574,155 729 681,A01,1.0,7.0,12,0,3,13,1.0,
202400029575,155 729 679,A01,2.0,7.0,0,2,1,26,1.0,
202400029576,155 729 677,A01,1.0,30.0,0,2,5,15,1.0,
202400029577,155 729 676,A01,1.0,7.0,0,2,3,13,1.0,
202400029578,155 729 672,A01,3.0,7.0,0,2,1,15,1.0,
202400029579,155 729 671,A01,1.0,1.0,0,2,7,9,5.0,
202400029580,155 729 670,A01,3.0,7.0,0,2,3,1,1.0,
202400029581,155 729 666,B01,1.0,1.0,0,2,0,1,5.0,
202400029582,155 729 665,A01,1.0,30.0,0,9,4,26,1.0,
202400029583,155 729 664,A01,2.0,7.0,0,2,5,12,1.0,
202400029584,155 729 662,B01,2.0,80.0,0,2,1,1,3.0,
202400029585,155 729 659,A01,3.0,7.0,0,2,1,0,1.0,
202400029586,155 729 658,A01,1.0,33.0,0,2,8,1,1.0,
202400029587,155 729 656,B01,1.0,2.0,14,2,3,1,1.0,
202400029588,155 729 655,A01,2.0,30.0,0,1,0,26,1.0,
202400029589,155 729 654,A01,1.0,10.0,0,1,2,16,3.0,
202400029590,155 729 652,A01,1.0,7.0,0,2,7,15,1.0,
202400029591,155 729 650,B01,1.0,7.0,0,2,1,1,1.0,
202400029592,155 729 648,A01,1.0,36.0,16,0,7,14,1.0,
202400029593,155 729 647,B01,1.0,33.0,0,2,7,0,1.0,
202400029594,155 729 643,B01,2.0,32.0,0,2,7,15,1.0,
202400029595,155 729 644,B01,0.0,7.0,0,2,1,0,0.0,
202400029596,155 729 642,A01,3.0,33.0,0,1,1,1,1.0,
202400029597,155 729 640,A01,0.0,7.0,2,0,1,2,1.0,
202400029598,155 729 639,A01,3.0,34.0,0,2,1,2,1.0,
202400029599,155 729 636,A01,1.0,7.0,0,2,2,1,1.0,
202400029600,155 729 634,B01,2.0,3.0,0,2,2,20,1.0,
202400029601,155 729 633,B01,3.0,7.0,0,2,7,9,1.0,
202400029602,155 729 630,B01,2.0,7.0,0,2,3,1,1.0,
202400029603,155 729 628,A01,3.0,80.0,0,1,1,1,3.0,
202400029604,155 729 625,A01,2.0,7.0,0,2,1,1,1.0,
202400029605,155 729 624,A01,2.0,7.0,0,2,2,13,1.0,
202400029606,155 729 621,A01,3.0,7.0,0,2,3,16,1.0,
202400029607,155 729 619,A01,2.0,33.0,0,2,1,1,1.0,
202400029608,155 729 618,B01,3.0,7.0,0,2,6,16,1.0,
202400029609,155 729 615,A01,2.0,10.0,0,2,2,17,1.0,
202400029610,155 729 614,B01,2.0,7.0,0,2,1,1,1.0,
202400029611,155 729 611,A01,2.0,30.0,0,2,1,13,1.0,
202400029612,155 729 610,A01,1.0,50.0,0,0,1,0,3.0,
202400029613,155 729 609,A01,1.0,7.0,0,2,8,10,1.0,
202400029614,155 729 607,A01,1.0,10.0,0,1,3,1,1.0,
202400029615,155 729 605,A01,2.0,7.0,0,2,2,14,1.0,
202400029616,155 729 604,A01,1.0,33.0,0,2,1,17,1.0,
202400029617,155 729 603,A01,1.0,7.0,0,1,2,1,1.0,
202400029618,155 729 602,A01,2.0,33.0,0,0,9,1,1.0,
202400029619,155 729 600,B01,1.0,1.0,0,2,6,1,5.0,
202400029620,155 729 598,A01,1.0,7.0,9,0,3,14,1.0,
202400029621,155 729 597,A01,1.0,7.0,6,0,4,1,1.0,
202400029622,155 729 595,A01,1.0,2.0,0,2,1,17,1.0,
202400029623,155 729 599,A01,3.0,7.0,1,1,0,26,1.0,
202400029624,155 729 594,A01,1.0,7.0,8,0,1,2,1.0,
202400029625,155 729 591,A01,3.0,7.0,0,1,2,21,1.0,
202400029626,155 729 590,B01,2.0,14.0,0,0,0,15,1.0,
202400029627,155 729 589,A01,1.0,7.0,0,2,3,1,1.0,
202400029628,155 729 587,B01,2.0,7.0,0,2,4,2,1.0,
202400029629,155 729 585,A01,1.0,7.0,16,0,9,16,1.0,
202400029630,155 729 584,A01,1.0,7.0,0,2,1,11,1.0,
202400029631,155 729 579,A01,0.0,10.0,0,2,4,2,1.0,
202400029632,155 729 577,A01,1.0,7.0,0,1,8,1,1.0,
202400029633,155 729 578,B01,1.0,7.0,0,2,3,15,1.0,
202400029634,155 729 576,A01,0.0,7.0,0,1,4,4,1.0,
202400029635,155 729 575,A01,3.0,7.0,1,0,1,1,1.0,
202400029636,155 729 574,A01,1.0,7.0,6,0,3,13,1.0,
202400029637,155 729 570,A01,1.0,33.0,1,2,1,1,1.0,
202400029638,155 729 569,B01,1.0,7.0,0,2,4,2,1.0,
202400029639,155 729 568,A01,1.0,3.0,0,2,0,13,1.0,
202400029640,155 729 567,A01,2.0,7.0,1,0,2,14,1.0,
202400029641,155 729 564,A01,3.0,7.0,0,2,1,15,2.0,
202400029642,155 729 561,B01,1.0,7.0,0,2,7,1,1.0,
202400029643,155 729 559,A01,1.0,7.0,1,2,3,2,1.0,
202400029644,155 729 558,A01,1.0,30.0,0,2,8,14,3.0,
202400029645,155 729 557,A01,1.0,7.0,0,1,1,1,2.0,
202400029646,155 729 554,A01,2.0,7.0,0,2,1,2,1.0,
202400029647,155 729 555,A01,2.0,14.0,0,0,0,1,1.0,
202400029648,155 729 552,A01,3.0,2.0,0,0,7,26,1.0,
202400029649,155 729 551,A01,3.0,10.0,0,2,3,19,1.0,
202400029650,155 729 546,A01,1.0,7.0,0,2,2,1,1.0,
202400029651,155 729 548,A01,2.0,33.0,0,2,3,13,1.0,
202400029652,155 729 544,A01,2.0,33.0,0,2,2,1,1.0,
202400029653,155 729 543,A01,1.0,17.0,10,0,1,13,1.0,
202400029654,155 729 541,A01,3.0,7.0,12,1,0,0,0.0,
202400029655,155 729 542,Z01,2.0,7.0,0,9,4,9,1.0,
202400029656,155 729 539,A01,3.0,7.0,8,0,1,0,1.0,
202400029657,155 729 537,A01,1.0,7.0,0,2,3,1,1.0,
202400029658,155 729 535,A01,2.0,10.0,0,2,2,12,1.0,
202400029659,155 729 533,A01,2.0,7.0,13,0,1,1,1.0,
202400029660,155 729 532,A01,2.0,50.0,0,2,2,1,3.0,
202400029661,155 729 531,A01,1.0,30.0,0,2,0,5,3.0,
202400029662,155 729 530,A01,1.0,33.0,2,0,9,14,1.0,
202400029663,155 729 528,B01,1.0,50.0,0,0,7,0,3.0,
202400029664,155 729 526,A01,1.0,33.0,0,6,1,1,1.0,
202400029665,155 729 527,A01,2.0,2.0,0,0,8,1,3.0,
202400029666,155 729 521,A01,2.0,7.0,0,0,7,15,1.0,
202400029667,155 729 520,A01,3.0,7.0,0,2,1,26,1.0,
202400029668,155 729 519,B01,2.0,7.0,0,2,1,1,2.0,
202400029669,155 729 523,A01,3.0,7.0,0,2,2,12,1.0,
202400029670,155 729 518,A01,3.0,33.0,0,0,0,26,1.0,
202400029671,155 729 515,A01,1.0,7.0,0,2,3,15,1.0,
202400029672,155 729 513,B01,2.0,32.0,0,2,1,1,1.0,
202400029673,155 729 511,A01,1.0,3.0,0,2,3,1,2.0,
202400029674,155 729 508,A01,2.0,7.0,0,1,1,20,2.0,
202400029675,155 729 507,A01,1.0,7.0,0,0,8,15,1.0,
202400029676,155 729 506,A01,1.0,7.0,0,1,2,1,1.0,
202400029677,155 729 503,A01,3.0,30.0,0,0,7,1,1.0,
202400029678,155 729 510,A01,3.0,7.0,0,2,2,1,1.0,
202400029679,155 729 501,B01,1.0,7.0,0,2,3,1,1.0,
202400029680,155 729 502,B01,1.0,7.0,0,2,7,16,2.0,
202400029681,155 729 500,A01,1.0,7.0,1,0,1,1,3.0,
202400029682,155 729 497,A01,1.0,33.0,1,2,4,23,1.0,
202400029683,155 729 496,A01,1.0,7.0,0,2,3,15,1.0,
202400029684,155 729 494,A01,3.0,7.0,12,0,1,14,2.0,
202400029685,155 729 490,B01,3.0,1.0,0,2,4,2,5.0,
202400029686,155 729 489,B01,3.0,50.0,0,2,3,19,3.0,
202400029687,155 729 488,B01,3.0,7.0,0,2,4,1,1.0,
202400029688,155 729 487,A01,2.0,7.0,0,2,3,16,1.0,
202400029689,155 729 485,A01,1.0,7.0,0,1,2,26,1.0,
202400029690,155 729 484,A01,2.0,7.0,12,0,2,1,1.0,
202400029691,155 729 483,B01,1.0,7.0,0,2,1,1,1.0,
202400029692,155 729 480,A01,2.0,7.0,16,1,3,9,2.0,
202400029693,155 729 479,B01,2.0,7.0,0,9,4,2,1.0,
202400029694,155 729 478,A01,1.0,10.0,0,2,1,1,1.0,
202400029695,155 729 476,B01,0.0,32.0,0,2,3,1,0.0,
202400029696,155 729 472,A01,1.0,33.0,0,2,1,17,1.0,
202400029697,155 729 469,A01,3.0,30.0,0,2,7,2,1.0,
202400029698,155 729 470,B01,1.0,80.0,0,2,4,1,3.0,
202400029699,155 729 468,B01,1.0,50.0,0,2,1,21,3.0,
202400029700,155 729 466,B01,3.0,7.0,0,2,3,1,1.0,
202400029701,155 729 465,A01,3.0,33.0,8,0,1,2,1.0,
202400029702,155 729 461,A01,2.0,7.0,0,2,1,0,1.0,
202400029703,155 729 457,A01,1.0,33.0,4,0,3,1,1.0,
202400029704,155 729 458,A01,2.0,7.0,11,2,1,6,1.0,
202400029705,155 729 456,C01,2.0,7.0,0,2,1,1,1.0,
202400029706,155 729 455,A01,2.0,7.0,0,2,1,1,1.0,
202400029707,155 729 451,B01,2.0,33.0,0,2,1,3,1.0,
202400029708,155 729 450,A01,2.0,7.0,1,1,3,13,1.0,
202400029709,155 729 446,B01,0.0,1.0,-1,-1,-1,0,5.0,
202400029710,155 729 445,A01,2.0,7.0,4,0,4,1,1.0,
202400029711,155 729 449,B01,2.0,7.0,0,9,4,1,1.0,
202400029712,155 729 443,A01,2.0,7.0,0,2,1,1,1.0,
202400029713,155 729 439,A01,3.0,7.0,0,2,1,15,6.0,
202400029714,155 729 436,B01,2.0,7.0,0,2,8,1,2.0,
202400029715,155 729 435,A01,3.0,10.0,0,2,3,10,0.0,
202400029716,155 729 434,A01,2.0,7.0,0,2,2,23,1.0,
202400029717,155 729 430,A01,3.0,10.0,9,0,9,2,1.0,
202400029718,155 729 432,A01,1.0,7.0,0,2,3,13,1.0,
202400029719,155 729 429,A01,1.0,50.0,0,1,1,0,3.0,
202400029720,155 729 428,B01,2.0,1.0,0,2,1,1,5.0,
202400029721,155 729 426,B01,1.0,33.0,0,2,8,0,1.0,
202400029722,155 729 425,A01,3.0,21.0,0,1,2,21,1.0,
202400029723,155 729 422,A01,0.0,7.0,0,0,0,0,0.0,
202400029724,155 729 421,A01,2.0,7.0,0,2,1,2,1.0,
202400029725,155 729 420,A01,2.0,30.0,0,2,4,23,1.0,
202400029726,155 729 418,A01,1.0,33.0,2,2,8,17,1.0,
202400029727,155 729 417,A01,1.0,7.0,4,0,1,1,1.0,
202400029728,155 729 408,A01,2.0,33.0,0,2,8,2,1.0,
202400029729,155 729 413,A01,1.0,7.0,4,0,3,13,1.0,
202400029730,155 729 406,A01,1.0,33.0,0,0,2,1,1.0,
202400029731,155 729 404,A01,1.0,7.0,0,2,1,2,2.0,
202400029732,155 729 402,B01,1.0,60.0,8,2,7,19,5.0,
202400029733,155 729 401,A01,0.0,33.0,8,0,0,0,1.0,
202400029734,155 729 398,A01,2.0,33.0,0,2,1,3,1.0,
202400029735,155 729 397,A01,3.0,7.0,13,0,2,1,1.0,
202400029736,155 729 395,A01,2.0,33.0,0,2,2,17,1.0,
202400029737,155 729 391,A01,1.0,7.0,0,2,5,15,1.0,
202400029738,155 729 388,A01,1.0,7.0,0,2,2,17,1.0,
202400029739,155 729 389,A01,1.0,10.0,0,2,1,2,3.0,
202400029740,155 729 386,B01,2.0,7.0,0,2,2,11,1.0,
202400029741,155 729 383,B01,3.0,7.0,0,2,1,15,1.0,
202400029742,155 729 381,A01,1.0,7.0,0,2,7,19,1.0,
202400029743,155 729 379,B01,0.0,1.0,0,2,8,1,5.0,
202400029744,155 729 380,Z01,3.0,7.0,6,1,2,1,1.0,
202400029745,155 729 376,B01,1.0,7.0,1,0,2,14,1.0,
202400029746,155 729 375,A01,1.0,10.0,0,2,1,13,1.0,
202400029747,155 729 373,A01,1.0,7.0,0,0,1,20,3.0,
202400029748,155 729 370,B01,0.0,7.0,0,0,3,26,1.0,
202400029749,155 729 369,A01,3.0,7.0,0,2,8,9,1.0,
202400029750,155 729 367,A01,3.0,7.0,2,0,9,1,1.0,
202400029751,155 729 368,A01,3.0,43.0,0,2,3,1,1.0,
202400029752,155 729 366,A01,0.0,7.0,0,1,3,15,1.0,
202400029753,155 729 365,A01,1.0,17.0,3,0,1,1,6.0,
202400029754,155 729 363,A01,0.0,7.0,0,1,1,1,0.0,
202400029755,155 729 360,A01,3.0,7.0,0,1,1,1,1.0,
202400029756,155 729 358,B01,1.0,33.0,0,2,2,1,1.0,
202400029757,155 729 356,A01,1.0,7.0,0,2,4,1,1.0,
202400029758,155 729 354,A01,1.0,7.0,0,1,2,1,2.0,
202400029759,155 729 353,A01,2.0,7.0,0,2,8,20,1.0,
202400029760,155 729 350,A01,1.0,7.0,0,2,4,1,1.0,
202400029761,155 729 348,A01,3.0,2.0,0,0,7,1,1.0,
202400029762,155 729 349,B01,2.0,50.0,0,2,1,1,3.0,
202400029763,155 729 346,A01,2.0,7.0,1,0,9,13,1.0,
202400029764,155 729 345,B01,1.0,7.0,0,2,4,2,1.0,
202400029765,155 729 344,A01,2.0,7.0,0,1,2,1,1.0,
202400029766,155 729 340,B01,2.0,1.0,0,2,1,17,5.0,
202400029767,155 729 338,A01,2.0,7.0,0,0,1,1,1.0,
202400029768,155 729 336,A01,2.0,7.0,0,2,4,1,1.0,
202400029769,155 729 337,A01,3.0,30.0,0,2,3,1,3.0,
202400029770,155 729 334,A01,1.0,7.0,2,0,2,14,1.0,
202400029771,155 729 335,A01,1.0,7.0,13,0,9,15,1.0,
202400029772,155 729 332,A01,1.0,1.0,0,2,2,1,5.0,
202400029773,155 729 331,A01,3.0,7.0,0,1,1,1,1.0,
202400029774,155 729 325,A01,2.0,7.0,0,2,3,21,2.0,
202400029775,155 729 324,C01,2.0,7.0,0,2,1,2,1.0,
202400029776,155 729 323,A01,1.0,10.0,0,1,5,14,1.0,
202400029777,155 729 320,A01,1.0,7.0,11,2,1,6,1.0,
202400029778,155 729 318,A01,2.0,1.0,12,0,1,15,5.0,
202400029779,155 729 317,B01,2.0,10.0,0,2,1,2,1.0,
202400029780,155 729 316,A01,2.0,33.0,0,2,8,15,1.0,