Num_Acc,id_vehicule,num_veh,senc,catv,obs,obsm,choc,manv,motor,occutc
202400029781,155 729 313,A01,2.0,15.0,0,1,1,1,1.0,
202400029782,155 729 314,A01,1.0,7.0,3,0,1,1,1.0,
202400029783,155 729 312,A01,2.0,7.0,0,2,3,15,1.0,
202400029784,155 729 309,A01,1.0,10.0,0,1,3,15,1.0,
202400029785,155 729 308,A01,2.0,7.0,0,2,3,1,1.0,
202400029786,155 729 305,A01,2.0,7.0,0,2,1,1,1.0,
202400029787,155 729 306,B01,2.0,7.0,0,2,3,16,2.0,
202400029788,155 729 303,A01,2.0,7.0,0,1,1,1,1.0,
202400029789,155 729 302,A01,1.0,7.0,0,2,1,1,1.0,
202400029790,155 729 301,A01,3.0,7.0,0,1,1,26,1.0,
202400029791,155 729 300,A01,1.0,7.0,0,1,2,21,1.0,
202400029792,155 729 299,A01,1.0,10.0,3,0,9,1,1.0,
202400029793,155 729 294,B01,1.0,7.0,0,2,0,0,0.0,
202400029794,155 729 293,B01,2.0,7.0,0,2,1,1,1.0,
202400029795,155 729 291,B01,1.0,7.0,0,2,5,12,1.0,
202400029796,155 729 292,A01,2.0,7.0,0,2,2,16,2.0,
202400029797,155 729 289,A01,1.0,7.0,0,0,1,0,1.0,
202400029798,155 729 286,B01,3.0,50.0,0,2,1,25,3.0,
202400029799,155 729 284,B01,2.0,7.0,0,2,4,1,1.0,
202400029800,155 729 285,B01,3.0,1.0,0,1,2,1,5.0,
202400029801,155 729 283,A01,2.0,7.0,0,1,1,1,2.0,
202400029802,155 729 278,A01,1.0,7.0,2,0,0,0,1.0,
202400029803,155 729 280,A01,2.0,7.0,0,2,5,12,1.0,
202400029804,155 729 277,B01,0.0,7.0,0,2,3,1,0.0,
202400029805,155 729 276,A01,2.0,7.0,0,2,1,1,1.0,
202400029806,155 729 275,A01,2.0,7.0,0,0,1,14,1.0,
202400029807,155 729 272,A01,2.0,7.0,0,2,2,11,1.0,
202400029808,155 729 270,A01,1.0,30.0,0,2,1,1,3.0,
202400029809,155 729 269,A01,2.0,7.0,0,2,4,23,3.0,
202400029810,155 729 264,A01,3.0,31.0,0,2,1,2,0.0,
202400029811,155 729 266,A01,3.0,32.0,0,2,7,2,1.0,
202400029812,155 729 262,A01,1.0,33.0,0,2,1,1,1.0,
202400029813,155 729 263,A01,2.0,10.0,0,1,4,26,1.0,
202400029814,155 729 258,A01,1.0,7.0,1,0,1,0,1.0,
202400029815,155 729 256,A01,1.0,7.0,0,1,3,1,1.0,
202400029816,155 729 254,A01,1.0,33.0,0,2,2,21,1.0,
202400029817,155 729 255,Z01,1.0,10.0,0,1,1,19,1.0,
202400029818,155 729 252,A01,1.0,7.0,0,1,1,1,1.0,
202400029819,155 729 251,B01,0.0,1.0,0,9,1,1,5.0,
202400029820,155 729 245,B01,3.0,80.0,0,2,7,19,3.0,
202400029821,155 729 247,A01,1.0,7.0,0,2,3,15,1.0,
202400029822,155 729 244,B01,2.0,33.0,0,2,3,1,1.0,
202400029823,155 729 241,A01,2.0,1.0,1,0,1,17,5.0,
202400029824,155 729 240,B01,1.0,10.0,0,2,4,0,1.0,
202400029825,155 729 238,A01,1.0,10.0,0,1,1,1,1.0,
202400029826,155 729 235,B01,3.0,2.0,0,2,7,9,1.0,
202400029827,155 729 234,B01,1.0,7.0,0,2,3,16,1.0,
202400029828,155 729 231,A01,3.0,7.0,0,9,2,2,2.0,
202400029829,155 729 230,A01,3.0,7.0,0,2,3,9,1.0,
202400029830,155 729 229,B01,1.0,7.0,0,2,4,24,1.0,
202400029831,155 729 228,A01,2.0,7.0,0,1,2,1,1.0,
202400029832,155 729 227,A01,2.0,7.0,0,1,1,1,1.0,
202400029833,155 729 223,A01,3.0,7.0,14,0,1,1,1.0,
202400029834,155 729 219,B01,1.0,7.0,0,2,2,17,1.0,
202400029835,155 729 217,A01,1.0,7.0,0,2,2,15,1.0,
202400029836,155 729 218,A01,3.0,10.0,0,2,1,26,0.0,
202400029837,155 729 216,A01,2.0,7.0,0,2,4,1,1.0,
202400029838,155 729 214,A01,2.0,7.0,13,0,3,0,1.0,
202400029839,155 729 213,A01,1.0,7.0,1,0,1,0,1.0,
202400029840,155 729 212,A01,3.0,10.0,0,2,2,16,1.0,
202400029841,155 729 211,A01,2.0,34.0,2,1,1,1,1.0,
202400029842,155 729 210,A01,1.0,10.0,13,0,1,1,1.0,
202400029843,155 729 208,A01,1.0,7.0,13,0,9,1,1.0,
202400029844,155 729 209,A01,1.0,7.0,0,1,3,15,1.0,
202400029845,155 729 202,A01,2.0,7.0,0,2,1,2,1.0,
202400029846,155 729 204,B01,1.0,7.0,0,2,3,1,1.0,
202400029847,155 729 201,A01,1.0,7.0,0,2,2,13,1.0,
202400029848,155 729 200,A01,1.0,7.0,0,2,3,1,1.0,
202400029849,155 729 199,A01,1.0,7.0,13,0,0,0,1.0,
202400029850,155 729 196,A01,1.0,7.0,0,2,3,17,1.0,
202400029851,155 729 191,A01,2.0,7.0,0,2,1,13,1.0,
202400029852,155 729 195,B01,3.0,15.0,1,0,4,24,1.0,
202400029853,155 729 189,B01,0.0,10.0,0,0,3,0,0.0,
202400029854,155 729 188,B01,3.0,7.0,0,2,3,15,2.0,
202400029855,155 729 187,A01,1.0,33.0,0,2,8,0,1.0,
202400029856,155 729 184,A01,3.0,3.0,0,1,2,16,1.0,
202400029857,155 729 182,B01,1.0,7.0,0,2,3,21,2.0,
202400029858,155 729 180,A01,0.0,7.0,0,2,1,0,1.0,
202400029859,155 729 179,A01,1.0,7.0,0,0,4,1,1.0,
202400029860,155 729 176,A01,1.0,36.0,0,0,0,0,1.0,
202400029861,155 729 172,A01,1.0,7.0,1,2,3,5,1.0,
202400029862,155 729 173,A01,2.0,2.0,1,0,2,14,1.0,
202400029863,155 729 175,A01,1.0,7.0,0,2,3,9,1.0,
202400029864,155 729 171,B01,2.0,10.0,0,2,6,15,1.0,
202400029865,155 729 168,A01,3.0,7.0,8,0,1,26,1.0,
202400029866,155 729 166,A01,1.0,7.0,0,2,2,13,1.0,
202400029867,155 729 167,A01,1.0,32.0,0,0,8,1,1.0,
202400029868,155 729 165,A01,3.0,33.0,2,0,1,13,1.0,
202400029869,155 729 162,B01,2.0,10.0,1,2,8,1,1.0,
202400029870,155 729 161,A01,1.0,10.0,6,0,0,13,1.0,
202400029871,155 729 159,A01,2.0,7.0,2,0,7,15,1.0,
202400029872,155 729 157,A01,1.0,33.0,12,0,1,1,1.0,
202400029873,155 729 158,A01,2.0,7.0,0,0,5,1,1.0,
202400029874,155 729 156,B01,1.0,7.0,0,2,1,13,1.0,
202400029875,155 729 153,A01,3.0,2.0,7,0,1,1,1.0,
202400029876,155 729 154,A01,2.0,10.0,0,1,1,2,1.0,
202400029877,155 729 152,A01,1.0,7.0,0,2,1,2,1.0,
202400029878,155 729 151,A01,2.0,7.0,2,2,3,26,1.0,
202400029879,155 729 145,B01,2.0,7.0,0,2,1,2,1.0,
202400029880,155 729 147,A01,1.0,7.0,4,2,8,9,1.0,
202400029881,155 729 143,A01,3.0,7.0,0,2,5,2,1.0,
202400029882,155 729 141,B01,2.0,1.0,0,2,7,1,5.0,
202400029883,155 729 142,A01,1.0,32.0,0,2,1,1,1.0,
202400029884,155 729 138,A01,2.0,7.0,0,2,3,1,1.0,
202400029885,155 729 136,A01,2.0,7.0,2,0,2,1,1.0,
202400029886,155 729 131,A01,2.0,7.0,0,0,9,26,1.0,
202400029887,155 729 133,B01,1.0,7.0,0,2,1,0,1.0,
202400029888,155 729 128,A01,1.0,7.0,0,2,9,1,1.0,
202400029889,155 729 127,A01,3.0,33.0,13,0,8,1,1.0,
202400029890,155 729 125,A01,3.0,1.0,0,2,1,1,5.0,
202400029891,155 729 123,A01,1.0,7.0,0,9,2,16,1.0,
202400029892,155 729 121,A01,2.0,33.0,0,0,1,1,1.0,
202400029893,155 729 119,A01,2.0,7.0,0,2,2,2,1.0,
202400029894,155 729 120,A01,1.0,7.0,0,2,1,1,1.0,
202400029895,155 729 118,A01,2.0,33.0,0,0,0,0,1.0,
202400029896,155 729 112,B01,1.0,7.0,0,2,4,1,2.0,
202400029897,155 729 110,B01,3.0,31.0,0,2,7,2,1.0,
202400029898,155 729 109,A01,2.0,15.0,0,2,7,12,1.0,
202400029899,155 729 106,B01,2.0,7.0,0,2,8,1,1.0,
202400029900,155 729 105,A01,2.0,7.0,3,0,1,0,1.0,
202400029901,155 729 103,A01,2.0,7.0,8,0,1,26,1.0,
202400029902,155 729 102,A01,1.0,7.0,13,0,1,2,1.0,
202400029903,155 729 101,B01,0.0,7.0,0,2,4,1,1.0,
202400029904,155 729 099,A01,2.0,7.0,0,0,9,14,1.0,
202400029905,155 729 096,A01,1.0,7.0,0,2,8,11,1.0,
202400029906,155 729 097,A01,2.0,1.0,4,0,2,1,5.0,
202400029907,155 729 095,A01,0.0,50.0,0,0,0,1,3.0,
202400029908,155 729 094,B01,1.0,10.0,0,2,2,1,1.0,
202400029909,155 729 090,A01,2.0,7.0,0,2,8,1,1.0,
202400029910,155 729 089,A01,3.0,7.0,0,2,2,1,1.0,
202400029911,155 729 088,A01,1.0,7.0,0,1,1,26,1.0,
202400029912,155 729 087,A01,2.0,7.0,3,0,1,1,1.0,
202400029913,155 729 086,A01,1.0,7.0,0,1,3,1,1.0,
202400029914,155 729 085,A01,1.0,7.0,0,1,1,15,1.0,
202400029915,155 729 082,A01,1.0,7.0,0,2,1,1,1.0,
202400029916,155 729 081,A01,1.0,10.0,0,0,2,1,1.0,
202400029917,155 729 083,A01,1.0,7.0,3,0,0,17,1.0,
202400029918,155 729 078,A01,1.0,7.0,0,2,1,9,1.0,
202400029919,155 729 077,B01,1.0,7.0,0,2,4,2,3.0,
202400029920,155 729 075,A01,3.0,3.0,2,0,1,14,3.0,
202400029921,155 729 073,A01,1.0,7.0,4,0,1,12,1.0,
202400029922,155 729 072,A01,2.0,7.0,0,2,3,2,1.0,
202400029923,155 729 071,A01,2.0,7.0,0,0,9,0,1.0,
202400029924,155 729 069,A01,1.0,10.0,0,2,8,11,1.0,
202400029925,155 729 067,A01,1.0,7.0,0,2,2,9,1.0,
202400029926,155 729 066,A01,1.0,7.0,0,2,7,0,1.0,
202400029927,155 729 061,B01,2.0,10.0,0,2,2,1,3.0,
202400029928,155 729 060,A01,1.0,7.0,0,2,1,13,1.0,
202400029929,155 729 057,B01,1.0,7.0,0,2,1,1,1.0,
202400029930,155 729 054,A01,3.0,31.0,0,0,0,1,1.0,
202400029931,155 729 053,A01,2.0,10.0,0,2,1,2,1.0,
202400029932,155 729 052,A01,1.0,7.0,0,2,2,14,1.0,
202400029933,155 729 051,A01,1.0,10.0,2,0,3,1,1.0,
202400029934,155 729 047,A01,1.0,7.0,16,0,3,1,1.0,
202400029935,155 729 043,D01,1.0,10.0,0,2,4,1,1.0,
202400029936,155 729 041,A01,2.0,33.0,0,0,0,16,1.0,
202400029937,155 729 042,C01,2.0,15.0,0,2,6,1,1.0,
202400029938,155 729 039,B01,2.0,7.0,3,2,1,1,1.0,
202400029939,155 729 035,C01,2.0,7.0,0,2,8,1,1.0,
202400029940,155 729 034,A01,2.0,7.0,0,2,1,13,1.0,
202400029941,155 729 033,Y01,3.0,1.0,0,2,5,25,5.0,
202400029942,155 729 030,B01,1.0,7.0,0,2,4,2,1.0,
202400029943,155 729 031,A01,2.0,33.0,0,0,8,1,1.0,
202400029944,155 729 029,A01,2.0,7.0,15,0,1,1,1.0,
202400029945,155 729 027,B01,2.0,1.0,0,2,4,14,5.0,
202400029946,155 729 024,B01,2.0,7.0,0,9,1,2,0.0,
202400029947,155 729 021,A01,2.0,33.0,0,2,1,1,1.0,
202400029948,155 729 018,A01,3.0,7.0,0,2,3,13,1.0,
202400029949,155 729 020,A01,2.0,7.0,0,1,2,1,2.0,
202400029950,155 729 019,A01,1.0,31.0,0,2,1,13,1.0,
202400029951,155 729 016,A01,3.0,7.0,13,0,2,14,1.0,
202400029952,155 729 013,A01,2.0,7.0,0,2,3,2,1.0,
202400029953,155 729 012,A01,2.0,1.0,0,0,1,1,5.0,
202400029954,155 729 011,A01,1.0,7.0,2,0,3,14,1.0,
202400029955,155 729 010,A01,2.0,38.0,0,1,1,1,1.0,1
202400029956,155 729 009,A01,1.0,7.0,6,0,3,16,1.0,
202400029957,155 729 005,B01,1.0,1.0,0,2,4,13,5.0,
202400029958,155 729 004,A01,1.0,7.0,0,2,1,13,1.0,
202400029959,155 729 003,A01,1.0,50.0,0,2,8,15,3.0,
202400029960,155 729 002,A01,1.0,33.0,0,6,1,0,1.0,
202400029961,155 729 001,A01,1.0,2.0,0,0,0,1,1.0,
202400029962,155 728 998,B01,3.0,7.0,0,2,0,0,0.0,
202400029963,155 728 995,A01,2.0,7.0,0,2,1,1,1.0,
202400029964,155 728 996,A01,2.0,7.0,0,0,3,1,1.0,
202400029965,155 728 992,E01,3.0,60.0,0,1,1,2,5.0,
202400029966,155 728 990,A01,2.0,10.0,0,2,3,13,1.0,
202400029967,155 728 989,A01,3.0,33.0,0,0,0,1,1.0,
202400029968,155 728 991,B01,1.0,15.0,0,2,6,1,1.0,
202400029969,155 728 988,A01,1.0,33.0,0,0,8,1,1.0,
202400029970,155 728 985,A01,2.0,7.0,3,0,2,2,1.0,
202400029971,155 728 986,B01,0.0,7.0,0,2,3,11,1.0,
202400029972,155 728 984,A01,2.0,7.0,13,0,9,1,1.0,
202400029973,155 728 980,A01,1.0,7.0,0,2,2,1,1.0,
202400029974,155 728 981,A01,1.0,1.0,12,2,1,26,5.0,
202400029975,155 728 978,B01,2.0,7.0,0,2,4,23,1.0,
202400029976,155 728 975,A01,1.0,7.0,0,2,1,19,1.0,
202400029977,155 728 974,A01,3.0,7.0,0,1,5,4,0.0,
202400029978,155 728 976,A01,0.0,1.0,0,0,0,0,5.0,
202400029979,155 728 973,A01,1.0,7.0,0,1,1,16,1.0,
202400029980,155 728 972,A01,1.0,2.0,0,0,0,1,1.0,
202400029981,155 728 970,A01,1.0,7.0,9,0,1,1,1.0,
202400029982,155 728 969,A01,1.0,7.0,0,2,1,2,1.0,
202400029983,155 728 967,A01,2.0,21.0,0,0,7,15,1.0,
202400029984,155 728 966,A01,2.0,2.0,0,0,7,1,1.0,
202400029985,155 728 965,A01,2.0,1.0,0,2,4,2,5.0,
202400029986,155 728 962,A01,1.0,7.0,0,1,1,1,0.0,
202400029987,155 728 961,A01,1.0,7.0,0,2,3,1,1.0,
202400029988,155 728 955,B01,2.0,13.0,0,2,3,1,0.0,
202400029989,155 728 956,B01,1.0,7.0,0,2,2,19,1.0,
202400029990,155 728 954,A01,1.0,7.0,12,2,3,15,1.0,
202400029991,155 728 959,A01,2.0,7.0,2,0,9,1,1.0,
202400029992,155 728 951,A01,3.0,50.0,0,0,0,1,3.0,
202400029993,155 728 948,A01,1.0,17.0,2,0,8,1,1.0,
202400029994,155 728 946,A01,3.0,7.0,1,2,8,26,1.0,
202400029995,155 728 943,B01,2.0,1.0,0,2,7,25,5.0,
202400029996,155 728 945,A01,1.0,21.0,9,0,1,13,1.0,
202400029997,155 728 941,A01,1.0,7.0,8,2,1,1,1.0,
202400029998,155 728 938,A01,2.0,7.0,0,2,3,26,0.0,
202400029999,155 728 937,A01,1.0,7.0,6,0,1,1,1.0,
202400030000,155 728 936,B01,1.0,7.0,8,2,8,1,1.0,
202400030001,155 728 935,A01,2.0,7.0,0,1,2,20,1.0,
202400030002,155 728 932,A01,2.0,7.0,0,2,3,1,2.0,
202400030003,155 728 930,A01,2.0,33.0,0,0,0,2,1.0,
202400030004,155 728 929,B01,1.0,7.0,0,2,3,1,1.0,
202400030005,155 728 928,A01,2.0,7.0,0,2,1,1,1.0,
202400030006,155 728 925,A01,1.0,7.0,8,0,2,14,0.0,
202400030007,155 728 923,A01,1.0,33.0,0,2,1,17,1.0,
202400030008,155 728 926,A01,1.0,33.0,13,0,2,1,1.0,
202400030009,155 728 922,A01,2.0,34.0,0,2,3,13,1.0,
202400030010,155 728 921,A01,3.0,7.0,9,0,1,1,1.0,
202400030011,155 728 916,A01,1.0,7.0,0,2,1,1,1.0,
202400030012,155 728 915,A01,1.0,2.0,0,2,7,2,1.0,
202400030013,155 728 914,B01,3.0,7.0,2,0,1,5,1.0,
202400030014,155 728 913,B01,2.0,7.0,0,2,1,1,1.0,
202400030015,155 728 912,A01,1.0,33.0,0,0,0,11,1.0,
202400030016,155 728 909,A01,1.0,7.0,0,1,1,1,1.0,
202400030017,155 728 910,A01,1.0,32.0,0,2,1,1,1.0,
202400030018,155 728 907,A01,2.0,7.0,0,2,1,13,1.0,
202400030019,155 728 903,A01,2.0,7.0,0,2,2,1,1.0,
202400030020,155 728 901,B01,1.0,7.0,0,2,8,15,1.0,
202400030021,155 728 900,B01,1.0,7.0,0,2,8,26,1.0,
202400030022,155 728 896,A01,1.0,7.0,0,2,3,13,1.0,
202400030023,155 728 894,A01,1.0,7.0,0,2,0,15,1.0,
202400030024,155 728 899,A01,2.0,7.0,2,0,2,0,1.0,
202400030025,155 728 893,A01,1.0,33.0,0,2,1,1,1.0,
202400030026,155 728 891,A01,1.0,7.0,0,1,2,1,1.0,
202400030027,155 728 889,A01,1.0,7.0,2,0,1,13,1.0,
202400030028,155 728 892,A01,0.0,31.0,8,0,1,1,1.0,
202400030029,155 728 888,A01,2.0,7.0,0,0,7,15,3.0,
202400030030,155 728 886,A01,3.0,7.0,0,2,5,11,1.0,
202400030031,155 728 882,B01,2.0,10.0,0,2,8,1,1.0,
202400030032,155 728 883,A01,2.0,10.0,0,2,3,13,1.0,
202400030033,155 728 880,A01,2.0,33.0,0,2,1,1,1.0,
202400030034,155 728 879,A01,3.0,1.0,0,0,1,21,5.0,
202400030035,155 728 875,A01,3.0,7.0,2,0,1,13,1.0,
202400030036,155 728 876,A01,3.0,2.0,0,2,1,0,1.0,
202400030037,155 728 874,A01,1.0,7.0,0,2,8,2,1.0,
202400030038,155 728 872,A01,1.0,1.0,0,0,8,1,5.0,
202400030039,155 728 868,A01,1.0,7.0,0,2,1,17,1.0,
202400030040,155 728 869,B01,3.0,1.0,0,2,1,1,5.0,
202400030041,155 728 866,A01,1.0,7.0,0,2,3,13,1.0,
202400030042,155 728 864,A01,2.0,7.0,15,0,1,6,1.0,
202400030043,155 728 862,C01,1.0,7.0,0,2,2,17,1.0,
202400030044,155 728 860,A01,1.0,33.0,0,2,1,1,1.0,
202400030045,155 728 861,A01,2.0,7.0,0,1,1,1,1.0,
202400030046,155 728 858,B01,2.0,33.0,0,2,1,1,1.0,
202400030047,155 728 855,A01,2.0,7.0,0,0,8,15,1.0,
202400030048,155 728 856,A01,1.0,7.0,8,0,1,1,1.0,
202400030049,155 728 849,A01,2.0,7.0,0,2,1,0,2.0,
202400030050,155 728 848,A01,3.0,7.0,0,2,2,16,1.0,
202400030051,155 728 847,A01,1.0,7.0,0,2,0,0,1.0,
202400030052,155 728 845,A01,3.0,2.0,14,0,1,1,1.0,
202400030053,155 728 844,B01,2.0,7.0,0,2,3,1,1.0,
202400030054,155 728 842,A01,2.0,7.0,0,2,2,2,1.0,
202400030055,155 728 839,B01,2.0,1.0,0,0,8,6,5.0,
202400030056,155 728 838,B01,1.0,31.0,0,2,8,1,1.0,
202400030057,155 728 836,A01,1.0,2.0,2,0,0,21,1.0,
202400030058,155 728 834,B01,2.0,10.0,0,2,1,1,1.0,
202400030059,155 728 832,A01,1.0,17.0,16,0,9,1,1.0,
202400030060,155 728 831,C01,0.0,7.0,0,2,3,1,1.0,
202400030061,155 728 827,A01,1.0,7.0,13,2,1,5,1.0,
202400030062,155 728 826,A01,2.0,7.0,4,0,2,9,1.0,
202400030063,155 728 824,A01,1.0,2.0,0,0,7,15,1.0,
202400030064,155 728 825,A01,2.0,7.0,0,0,1,1,1.0,
202400030065,155 728 823,A01,1.0,31.0,0,5,1,1,1.0,
202400030066,155 728 822,A01,2.0,50.0,13,0,3,1,3.0,
202400030067,155 728 820,A01,1.0,7.0,0,0,9,1,1.0,
202400030068,155 728 821,A01,1.0,7.0,3,0,1,14,1.0,
202400030069,155 728 817,A01,2.0,7.0,0,2,1,2,1.0,
202400030070,155 728 815,A01,1.0,7.0,0,2,4,1,1.0,
202400030071,155 728 814,A01,1.0,7.0,6,0,3,5,1.0,
202400030072,155 728 813,B01,2.0,7.0,0,2,2,1,1.0,
202400030073,155 728 811,A01,1.0,34.0,0,2,1,2,1.0,
202400030074,155 728 810,A01,1.0,10.0,8,0,1,13,1.0,
202400030075,155 728 807,A01,3.0,7.0,2,0,1,1,1.0,
202400030076,155 728 804,C01,2.0,7.0,0,2,7,17,1.0,
202400030077,155 728 803,A01,3.0,99.0,8,0,1,16,5.0,
202400030078,155 728 800,A01,1.0,7.0,13,0,1,1,1.0,
202400030079,155 728 801,A01,2.0,10.0,0,2,1,13,1.0,
202400030080,155 728 798,B01,3.0,7.0,0,2,4,2,1.0,
202400030081,155 728 796,A01,3.0,7.0,0,1,1,1,1.0,
202400030082,155 728 795,B01,0.0,7.0,0,2,7,19,1.0,
202400030083,155 728 792,A01,2.0,30.0,0,2,7,1,1.0,
202400030084,155 728 790,A01,1.0,33.0,6,0,9,0,1.0,
202400030085,155 728 791,A01,3.0,33.0,0,0,7,1,1.0,
202400030086,155 728 789,A01,1.0,33.0,0,0,0,13,1.0,
202400030087,155 728 788,A01,2.0,2.0,0,0,1,1,1.0,
202400030088,155 728 784,A01,2.0,60.0,0,2,1,9,5.0,
202400030089,155 728 782,A01,2.0,15.0,0,2,4,4,1.0,
202400030090,155 728 783,A01,2.0,7.0,0,2,3,1,1.0,
202400030091,155 728 777,A01,2.0,7.0,0,2,1,5,1.0,
202400030092,155 728 778,A01,2.0,7.0,0,0,5,2,2.0,
202400030093,155 728 776,B01,1.0,1.0,0,0,4,2,5.0,
202400030094,155 728 775,A01,1.0,10.0,13,0,3,1,1.0,
202400030095,155 728 774,A01,2.0,7.0,0,1,3,12,1.0,
202400030096,155 728 769,A01,2.0,7.0,0,2,1,13,1.0,
202400030097,155 728 770,B01,1.0,7.0,0,2,3,1,1.0,
202400030098,155 728 767,A01,1.0,7.0,0,2,0,0,0.0,
202400030099,155 728 763,C01,1.0,7.0,0,2,3,1,1.0,
202400030100,155 728 762,A01,0.0,7.0,5,1,2,2,0.0,
202400030101,155 728 761,A01,2.0,7.0,0,2,3,15,1.0,
202400030102,155 728 760,A01,1.0,7.0,2,0,2,0,1.0,
202400030103,155 728 758,A01,1.0,31.0,0,0,0,2,1.0,
202400030104,155 728 756,A01,1.0,7.0,13,0,1,1,1.0,
202400030105,155 728 755,B01,2.0,33.0,0,2,1,17,1.0,
202400030106,155 728 753,A01,1.0,2.0,0,0,0,16,1.0,
202400030107,155 728 751,A01,0.0,7.0,0,2,3,16,1.0,
202400030108,155 728 749,A01,3.0,7.0,12,2,1,11,1.0,
202400030109,155 728 748,A01,1.0,7.0,13,0,2,1,1.0,
202400030110,155 728 745,A01,2.0,7.0,0,2,7,15,1.0,
202400030111,155 728 746,A01,3.0,7.0,0,1,3,13,1.0,
202400030112,155 728 743,B01,2.0,14.0,0,9,7,16,1.0,
202400030113,155 728 742,A01,2.0,7.0,12,0,1,1,1.0,
202400030114,155 728 740,A01,2.0,10.0,7,2,3,1,1.0,
202400030115,155 728 738,A01,2.0,7.0,0,0,4,15,1.0,
202400030116,155 728 737,A01,2.0,33.0,9,0,1,1,1.0,
202400030117,155 728 736,A01,2.0,10.0,0,1,2,2,1.0,
202400030118,155 728 735,A01,2.0,31.0,8,0,1,14,1.0,
202400030119,155 728 734,A01,1.0,10.0,0,1,1,1,1.0,
202400030120,155 728 732,A01,2.0,7.0,13,0,0,2,1.0,
202400030121,155 728 730,A01,0.0,7.0,0,0,1,1,1.0,
202400030122,155 728 729,B01,2.0,7.0,0,2,3,15,1.0,
202400030123,155 728 727,A01,1.0,50.0,12,0,1,0,3.0,
202400030124,155 728 726,A01,1.0,7.0,0,2,1,1,1.0,
202400030125,155 728 724,A01,1.0,7.0,0,2,1,2,1.0,
202400030126,155 728 722,A01,2.0,7.0,0,2,4,1,1.0,
202400030127,155 728 719,B01,1.0,7.0,0,2,8,1,1.0,
202400030128,155 728 718,A01,1.0,7.0,0,0,1,1,1.0,
202400030129,155 728 716,B01,2.0,7.0,0,2,1,1,1.0,
202400030130,155 728 713,A01,2.0,7.0,0,2,1,13,1.0,
202400030131,155 728 711,B01,1.0,33.0,0,2,1,1,1.0,
202400030132,155 728 710,A01,2.0,7.0,4,2,9,2,1.0,
202400030133,155 728 706,B01,2.0,38.0,0,2,6,23,1.0,1
202400030134,155 728 704,A01,2.0,10.0,0,2,3,15,1.0,
202400030135,155 728 705,B01,3.0,15.0,0,2,3,1,0.0,
202400030136,155 728 700,A01,0.0,31.0,15,0,1,0,1.0,
202400030137,155 728 698,A01,2.0,33.0,0,2,1,17,1.0,
202400030138,155 728 699,A01,2.0,7.0,0,2,3,1,1.0,
202400030139,155 728 696,A01,0.0,34.0,0,0,0,1,1.0,
202400030140,155 728 695,A01,1.0,7.0,0,2,1,14,1.0,
202400030141,155 728 693,B01,1.0,17.0,0,2,4,2,1.0,
202400030142,155 728 690,A01,2.0,33.0,0,2,1,2,1.0,
202400030143,155 728 689,A01,1.0,7.0,0,2,0,1,0.0,
202400030144,155 728 687,A01,1.0,7.0,3,0,7,2,1.0,
202400030145,155 728 688,A01,0.0,7.0,3,0,0,13,1.0,
202400030146,155 728 682,A01,2.0,7.0,0,2,1,2,1.0,
202400030147,155 728 685,A01,1.0,1.0,0,2,3,11,5.0,
202400030148,155 728 681,B01,1.0,7.0,0,2,3,11,1.0,
202400030149,155 728 676,A01,1.0,50.0,0,2,1,2,3.0,
202400030150,155 728 674,C01,1.0,7.0,0,2,1,2,1.0,
202400030151,155 728 673,C01,1.0,7.0,0,2,4,1,1.0,
202400030152,155 728 671,A01,1.0,7.0,4,0,8,2,1.0,
202400030153,155 728 670,A01,1.0,7.0,0,2,8,10,1.0,
202400030154,155 728 666,A01,1.0,10.0,0,2,1,2,1.0,
202400030155,155 728 663,B01,2.0,7.0,0,2,4,1,2.0,
202400030156,155 728 664,A01,2.0,7.0,0,2,1,2,1.0,
202400030157,155 728 660,A01,1.0,33.0,16,0,7,26,1.0,
202400030158,155 728 659,B01,2.0,7.0,0,2,4,2,1.0,
202400030159,155 728 658,A01,2.0,7.0,0,2,1,9,1.0,
202400030160,155 728 656,B01,1.0,15.0,0,2,1,1,1.0,
202400030161,155 728 653,A01,2.0,7.0,0,2,2,12,2.0,
202400030162,155 728 650,A01,1.0,10.0,0,2,1,1,1.0,
202400030163,155 728 649,A01,2.0,2.0,0,1,0,18,1.0,
202400030164,155 728 646,B01,2.0,7.0,0,2,4,2,1.0,
202400030165,155 728 644,B01,2.0,7.0,0,2,4,1,6.0,
202400030166,155 728 638,A01,2.0,7.0,0,2,3,11,1.0,
202400030167,155 728 636,B01,2.0,16.0,3,0,6,6,1.0,
202400030168,155 728 637,A01,1.0,33.0,0,0,0,0,1.0,
202400030169,155 728 635,A01,1.0,34.0,0,0,2,1,1.0,
202400030170,155 728 634,A01,3.0,10.0,0,1,7,2,1.0,
202400030171,155 728 633,A01,3.0,7.0,0,1,1,1,1.0,
202400030172,155 728 628,A01,2.0,7.0,0,2,1,0,1.0,
202400030173,155 728 627,C01,1.0,7.0,0,2,4,0,1.0,
202400030174,155 728 626,A01,3.0,30.0,0,2,1,26,1.0,
202400030175,155 728 623,A01,2.0,7.0,0,2,1,1,2.0,
202400030176,155 728 622,A01,1.0,33.0,0,2,8,12,1.0,
202400030177,155 728 620,B01,1.0,7.0,0,2,5,1,1.0,