Num_Acc,id_vehicule,num_veh,senc,catv,obs,obsm,choc,manv,motor,occutc
202400030178,155 728 619,A01,1.0,7.0,12,0,1,2,1.0,
202400030179,155 728 617,B01,2.0,33.0,0,2,1,1,1.0,
202400030180,155 728 614,A01,1.0,7.0,0,2,6,10,1.0,
202400030181,155 728 613,A01,2.0,32.0,0,0,2,3,1.0,
202400030182,155 728 611,A01,3.0,1.0,0,2,7,19,5.0,
202400030183,155 728 610,A01,1.0,33.0,3,0,8,16,1.0,
202400030184,155 728 608,A01,1.0,7.0,0,2,1,1,1.0,
202400030185,155 728 607,Z01,1.0,7.0,0,1,1,26,1.0,
202400030186,155 728 600,A01,2.0,7.0,0,2,1,2,1.0,
202400030187,155 728 599,B01,1.0,7.0,0,2,4,1,2.0,
202400030188,155 728 598,C01,1.0,7.0,0,2,1,1,1.0,
202400030189,155 728 597,A01,1.0,30.0,0,0,0,0,1.0,
202400030190,155 728 592,A01,1.0,7.0,0,1,8,1,1.0,
202400030191,155 728 593,A01,1.0,30.0,0,2,1,3,3.0,
202400030192,155 728 590,A01,3.0,7.0,12,0,7,15,1.0,
202400030193,155 728 586,A01,1.0,7.0,0,2,1,13,1.0,
202400030194,155 728 587,A01,2.0,7.0,0,2,1,2,1.0,
202400030195,155 728 584,A01,1.0,7.0,0,2,3,13,1.0,
202400030196,155 728 583,Z01,1.0,7.0,0,1,0,19,0.0,
202400030197,155 728 582,A01,2.0,3.0,0,1,1,1,1.0,
202400030198,155 728 577,B01,2.0,7.0,0,2,3,1,1.0,
202400030199,155 728 575,D01,1.0,7.0,0,2,4,2,1.0,
202400030200,155 728 574,A01,3.0,7.0,0,0,0,26,1.0,
202400030201,155 728 570,A01,3.0,7.0,0,2,5,12,1.0,
202400030202,155 728 569,Z01,1.0,0.0,0,2,3,16,1.0,
202400030203,155 728 568,A01,1.0,7.0,0,1,2,16,1.0,
202400030204,155 728 566,A01,1.0,7.0,0,2,3,19,1.0,
202400030205,155 728 564,B01,1.0,7.0,0,2,8,16,1.0,
202400030206,155 728 561,A01,2.0,7.0,13,0,3,0,1.0,
202400030207,155 728 560,A01,1.0,7.0,0,2,3,13,1.0,
202400030208,155 728 556,A01,1.0,7.0,0,2,4,4,1.0,
202400030209,155 728 557,A01,3.0,7.0,0,2,1,2,1.0,
202400030210,155 728 555,A01,1.0,3.0,12,0,7,13,3.0,
202400030211,155 728 550,A01,3.0,32.0,0,2,3,7,1.0,
202400030212,155 728 552,A01,2.0,10.0,0,2,1,9,1.0,
202400030213,155 728 547,A01,1.0,7.0,0,2,1,1,0.0,
202400030214,155 728 546,B01,3.0,10.0,0,2,1,0,1.0,
202400030215,155 728 544,B01,1.0,2.0,0,2,3,1,1.0,
202400030216,155 728 543,A01,3.0,33.0,1,0,1,26,1.0,
202400030217,155 728 540,A01,3.0,7.0,0,2,3,1,1.0,
202400030218,155 728 539,B01,3.0,7.0,0,1,4,16,1.0,
202400030219,155 728 537,A01,2.0,38.0,1,0,2,16,1.0,1
202400030220,155 728 536,A01,2.0,7.0,12,0,1,26,1.0,
202400030221,155 728 534,A01,3.0,7.0,0,1,1,1,1.0,
202400030222,155 728 533,A01,2.0,7.0,0,2,2,15,1.0,
202400030223,155 728 531,A01,2.0,7.0,1,0,2,0,1.0,
202400030224,155 728 530,B01,2.0,7.0,0,2,3,1,1.0,
202400030225,155 728 528,A01,2.0,1.0,0,2,1,17,5.0,
202400030226,155 728 526,A01,3.0,7.0,0,2,3,5,1.0,
202400030227,155 728 524,A01,3.0,7.0,2,0,8,13,1.0,
202400030228,155 728 523,B01,1.0,32.0,0,2,1,1,1.0,
202400030229,155 728 522,A01,3.0,7.0,9,0,5,0,2.0,
202400030230,155 728 521,A01,1.0,31.0,0,0,0,26,1.0,
202400030231,155 728 519,A01,2.0,7.0,9,0,1,1,1.0,
202400030232,155 728 518,B01,3.0,7.0,0,2,2,11,1.0,
202400030233,155 728 517,A01,1.0,10.0,8,1,4,26,1.0,
202400030234,155 728 514,B01,1.0,33.0,0,2,7,1,1.0,
202400030235,155 728 513,A01,1.0,7.0,0,2,6,19,1.0,
202400030236,155 728 511,A01,1.0,7.0,0,2,3,15,1.0,
202400030237,155 728 510,A01,1.0,31.0,0,0,0,14,1.0,
202400030238,155 728 508,A01,1.0,33.0,0,0,0,26,1.0,
202400030239,155 728 507,A01,3.0,7.0,0,2,2,26,1.0,
202400030240,155 728 504,B01,3.0,7.0,0,2,6,4,1.0,
202400030241,155 728 503,A01,3.0,10.0,0,2,1,15,1.0,
202400030242,155 728 501,A01,2.0,10.0,0,2,0,9,,
202400030243,155 728 499,A01,3.0,30.0,0,2,4,1,1.0,
202400030244,155 728 498,A01,3.0,1.0,0,1,1,1,5.0,
202400030245,155 728 497,A01,2.0,7.0,0,1,3,1,1.0,
202400030246,155 728 496,A01,3.0,33.0,10,0,1,1,1.0,
202400030247,155 728 495,A01,1.0,7.0,0,1,1,1,1.0,
202400030248,155 728 491,B01,1.0,14.0,0,2,4,1,1.0,
202400030249,155 728 490,B01,3.0,1.0,0,2,3,16,5.0,
202400030250,155 728 487,A01,1.0,33.0,0,2,1,17,1.0,
202400030251,155 728 486,A01,1.0,7.0,0,2,1,9,1.0,
202400030252,155 728 484,A01,3.0,33.0,0,2,5,17,1.0,
202400030253,155 728 481,A01,1.0,7.0,0,2,6,13,1.0,
202400030254,155 728 480,A01,1.0,7.0,0,2,1,15,2.0,
202400030255,155 728 479,A01,2.0,7.0,0,1,1,1,1.0,
202400030256,155 728 478,A01,1.0,7.0,2,0,2,14,1.0,
202400030257,155 728 476,Z01,2.0,50.0,0,1,0,1,3.0,
202400030258,155 728 475,B01,1.0,10.0,0,2,3,11,1.0,
202400030259,155 728 474,A01,3.0,80.0,0,0,0,1,3.0,
202400030260,155 728 472,A01,3.0,50.0,0,0,1,1,3.0,
202400030261,155 728 471,B01,3.0,1.0,0,2,7,0,5.0,
202400030262,155 728 470,A01,2.0,7.0,13,0,0,1,1.0,
202400030263,155 728 469,A01,2.0,33.0,0,0,2,21,1.0,
202400030264,155 728 466,A01,2.0,7.0,0,2,7,15,1.0,
202400030265,155 728 465,B01,1.0,33.0,0,0,0,0,1.0,
202400030266,155 728 463,A01,2.0,7.0,3,0,1,12,1.0,
202400030267,155 728 462,A01,2.0,10.0,0,2,1,1,1.0,
202400030268,155 728 460,A01,1.0,7.0,6,0,1,26,1.0,
202400030269,155 728 459,B01,2.0,13.0,0,0,0,0,1.0,
202400030270,155 728 456,B01,2.0,7.0,0,2,1,1,1.0,
202400030271,155 728 455,A01,2.0,7.0,0,2,8,19,1.0,
202400030272,155 728 454,A01,3.0,7.0,0,1,1,15,1.0,
202400030273,155 728 453,A01,1.0,7.0,0,0,1,1,1.0,
202400030274,155 728 451,A01,1.0,7.0,0,2,1,2,1.0,
202400030275,155 728 448,B01,1.0,7.0,0,2,4,2,1.0,
202400030276,155 728 447,A01,1.0,7.0,2,0,8,16,1.0,
202400030277,155 728 445,A01,1.0,7.0,0,2,2,15,1.0,
202400030278,155 728 443,A01,1.0,7.0,0,2,8,15,1.0,
202400030279,155 728 440,B01,1.0,2.0,0,2,3,15,1.0,
202400030280,155 728 435,B01,3.0,37.0,0,2,2,1,6.0,3
202400030281,155 728 433,A01,2.0,7.0,0,2,2,15,1.0,
202400030282,155 728 431,A01,3.0,10.0,0,2,3,15,1.0,
202400030283,155 728 429,A01,3.0,10.0,14,2,7,21,1.0,
202400030284,155 728 428,A01,2.0,7.0,0,1,1,26,1.0,
202400030285,155 728 427,A01,1.0,32.0,14,0,1,1,1.0,
202400030286,155 728 424,B01,1.0,7.0,0,2,3,0,0.0,
202400030287,155 728 423,A01,1.0,7.0,0,2,1,15,1.0,
202400030288,155 728 419,A01,1.0,10.0,0,2,3,9,1.0,
202400030289,155 728 417,B01,1.0,7.0,0,2,4,2,1.0,
202400030290,155 728 415,A01,2.0,33.0,0,2,1,3,1.0,
202400030291,155 728 412,A01,2.0,50.0,0,2,7,25,3.0,
202400030292,155 728 411,A01,1.0,7.0,0,2,3,9,1.0,
202400030293,155 728 409,Z01,1.0,7.0,0,1,3,1,1.0,
202400030294,155 728 408,B01,1.0,50.0,0,2,1,21,3.0,
202400030295,155 728 407,A01,2.0,1.0,12,0,7,1,5.0,
202400030296,155 728 405,A01,1.0,50.0,0,2,1,1,3.0,
202400030297,155 728 404,A01,2.0,1.0,0,1,3,1,5.0,
202400030298,155 728 403,Z01,1.0,1.0,0,1,8,5,5.0,
202400030299,155 728 402,A01,3.0,10.0,0,1,4,26,1.0,
202400030300,155 728 401,A01,2.0,50.0,0,1,1,25,3.0,
202400030301,155 728 399,A01,1.0,43.0,0,2,3,1,1.0,
202400030302,155 728 398,Z01,1.0,43.0,0,1,0,26,1.0,
202400030303,155 728 396,A01,2.0,7.0,0,2,2,1,1.0,
202400030304,155 728 394,B01,2.0,1.0,0,2,8,1,5.0,
202400030305,155 728 392,A01,1.0,10.0,0,2,4,0,1.0,
202400030306,155 728 390,A01,2.0,34.0,0,2,1,23,1.0,
202400030307,155 728 388,B01,2.0,80.0,0,2,3,1,3.0,
202400030308,155 728 387,A01,2.0,7.0,0,1,1,1,3.0,
202400030309,155 728 386,A01,1.0,1.0,0,1,1,1,5.0,
202400030310,155 728 383,A01,1.0,33.0,0,2,2,17,1.0,
202400030311,155 728 381,B01,1.0,7.0,0,2,2,1,1.0,
202400030312,155 728 378,B01,1.0,31.0,0,2,1,16,1.0,
202400030313,155 728 377,A01,3.0,10.0,0,2,2,12,1.0,
202400030314,155 728 375,A01,1.0,1.0,0,2,7,16,5.0,
202400030315,155 728 373,A01,3.0,7.0,0,2,2,19,1.0,
202400030316,155 728 372,A01,1.0,33.0,16,0,1,1,1.0,
202400030317,155 728 368,A01,3.0,7.0,0,2,3,15,1.0,
202400030318,155 728 367,A01,3.0,7.0,0,2,7,1,1.0,
202400030319,155 728 366,A01,2.0,7.0,8,0,1,9,1.0,
202400030320,155 728 364,B01,1.0,7.0,0,2,4,1,1.0,
202400030321,155 728 363,A01,1.0,7.0,0,0,2,16,1.0,
202400030322,155 728 360,B01,3.0,7.0,0,2,2,1,1.0,
202400030323,155 728 358,B01,1.0,7.0,0,2,6,24,1.0,
202400030324,155 728 357,A01,1.0,37.0,0,1,2,16,1.0,1
202400030325,155 728 354,A01,1.0,7.0,0,9,2,2,1.0,
202400030326,155 728 353,B01,1.0,99.0,0,9,1,0,3.0,
202400030327,155 728 350,A01,1.0,7.0,0,2,1,1,3.0,
202400030328,155 728 349,B01,1.0,1.0,0,2,8,1,5.0,
202400030329,155 728 348,A01,2.0,32.0,8,0,2,15,1.0,
202400030330,155 728 347,B01,1.0,80.0,0,1,1,1,3.0,
202400030331,155 728 346,A01,2.0,1.0,0,0,0,1,5.0,
202400030332,155 728 345,A01,0.0,7.0,9,2,9,1,1.0,
202400030333,155 728 343,A01,2.0,7.0,0,0,0,5,0.0,
202400030334,155 728 342,A01,2.0,7.0,1,0,2,1,3.0,
202400030335,155 728 339,A01,3.0,33.0,0,2,1,9,1.0,
202400030336,155 728 337,A01,1.0,7.0,0,0,4,23,1.0,
202400030337,155 728 334,A01,1.0,7.0,0,9,0,16,0.0,
202400030338,155 728 332,B01,2.0,7.0,4,2,4,23,1.0,
202400030339,155 728 331,A01,3.0,10.0,0,1,1,1,1.0,
202400030340,155 728 330,A01,2.0,7.0,2,0,0,1,1.0,
202400030341,155 728 328,A01,2.0,33.0,13,0,0,14,1.0,
202400030342,155 728 325,A01,2.0,7.0,1,0,1,0,1.0,
202400030343,155 728 326,A01,1.0,7.0,0,2,1,26,1.0,
202400030344,155 728 321,A01,1.0,33.0,0,2,1,17,1.0,
202400030345,155 728 322,B01,2.0,7.0,0,2,4,2,1.0,
202400030346,155 728 320,A01,2.0,7.0,13,0,1,19,6.0,
202400030347,155 728 319,A01,1.0,7.0,0,1,4,26,1.0,
202400030348,155 728 317,A01,2.0,7.0,7,2,2,9,1.0,
202400030349,155 728 316,A01,1.0,10.0,13,0,2,1,1.0,
202400030350,155 728 314,A01,2.0,7.0,0,2,1,17,1.0,
202400030351,155 728 312,B01,1.0,7.0,6,2,7,21,1.0,
202400030352,155 728 311,A01,1.0,7.0,8,0,2,15,1.0,
202400030353,155 728 309,A01,1.0,33.0,13,0,1,1,1.0,
202400030354,155 728 308,A01,2.0,7.0,0,2,3,15,1.0,
202400030355,155 728 305,A01,1.0,31.0,0,2,1,2,0.0,
202400030356,155 728 304,A01,2.0,7.0,0,1,3,1,1.0,
202400030357,155 728 303,A01,2.0,7.0,0,2,3,15,1.0,
202400030358,155 728 300,A01,2.0,10.0,0,2,3,14,1.0,
202400030359,155 728 299,A01,1.0,7.0,6,0,2,1,1.0,
202400030360,155 728 298,A01,1.0,7.0,0,1,1,1,1.0,
202400030361,155 728 297,A01,1.0,7.0,7,0,2,1,1.0,
202400030362,155 728 296,A01,1.0,33.0,7,0,1,1,1.0,
202400030363,155 728 291,A01,2.0,7.0,0,2,8,10,2.0,
202400030364,155 728 290,A01,1.0,7.0,8,0,9,13,1.0,
202400030365,155 728 287,C01,1.0,7.0,0,2,7,1,1.0,
202400030366,155 728 285,A01,1.0,7.0,0,2,8,1,1.0,
202400030367,155 728 284,A01,1.0,7.0,0,1,3,1,1.0,
202400030368,155 728 282,A01,1.0,7.0,0,2,1,9,1.0,
202400030369,155 728 280,A01,2.0,7.0,0,2,3,13,1.0,
202400030370,155 728 279,A01,1.0,7.0,2,0,1,1,1.0,
202400030371,155 728 277,B01,1.0,7.0,0,2,1,1,1.0,
202400030372,155 728 275,B01,2.0,7.0,0,0,2,1,1.0,
202400030373,155 728 274,A01,0.0,1.0,12,0,0,1,5.0,
202400030374,155 728 273,A01,1.0,7.0,8,0,2,1,1.0,
202400030375,155 728 271,B01,2.0,33.0,0,0,2,17,1.0,
202400030376,155 728 269,A01,1.0,7.0,0,2,2,1,1.0,
202400030377,155 728 268,A01,1.0,7.0,3,0,1,0,1.0,
202400030378,155 728 267,A01,1.0,7.0,0,1,3,1,1.0,
202400030379,155 728 264,A01,1.0,7.0,0,2,4,1,1.0,
202400030380,155 728 262,A01,1.0,7.0,6,2,2,12,1.0,
202400030381,155 728 261,A01,1.0,7.0,4,0,1,26,1.0,
202400030382,155 728 260,A01,2.0,7.0,4,0,1,1,1.0,
202400030383,155 728 258,A01,2.0,7.0,0,2,1,2,1.0,
202400030384,155 728 255,A01,2.0,7.0,4,2,1,1,3.0,
202400030385,155 728 254,A01,1.0,31.0,14,0,1,26,1.0,
202400030386,155 728 252,A01,2.0,7.0,0,0,1,1,1.0,
202400030387,155 728 249,C01,2.0,7.0,0,2,2,1,1.0,
202400030388,155 728 248,A01,2.0,7.0,4,0,1,17,1.0,
202400030389,155 728 246,A01,2.0,33.0,0,2,1,5,1.0,
202400030390,155 728 245,A01,1.0,33.0,8,0,8,15,1.0,
202400030391,155 728 244,A01,2.0,21.0,0,0,0,1,1.0,
202400030392,155 728 241,A01,1.0,33.0,0,2,8,1,1.0,
202400030393,155 728 239,B01,1.0,33.0,0,0,3,1,1.0,
202400030394,155 728 235,A01,3.0,7.0,0,2,1,2,1.0,
202400030395,155 728 234,A01,3.0,10.0,0,1,4,4,1.0,
202400030396,155 728 232,A01,1.0,2.0,0,2,1,5,1.0,
202400030397,155 728 230,A01,3.0,7.0,0,9,1,16,1.0,
202400030398,155 728 228,A01,3.0,7.0,0,2,3,11,1.0,
202400030399,155 728 226,A01,1.0,7.0,0,2,3,13,1.0,
202400030400,155 728 224,A01,2.0,10.0,15,0,8,19,1.0,
202400030401,155 728 223,A01,3.0,80.0,0,0,0,0,3.0,
202400030402,155 728 221,A01,2.0,7.0,0,2,7,16,1.0,
202400030403,155 728 219,A01,2.0,7.0,0,9,1,3,1.0,
202400030404,155 728 218,A01,1.0,7.0,13,0,3,13,1.0,
202400030405,155 728 217,A01,2.0,30.0,0,1,1,17,1.0,
202400030406,155 728 216,A01,1.0,7.0,0,1,2,1,1.0,
202400030407,155 728 214,A01,0.0,33.0,0,2,1,19,1.0,
202400030408,155 728 210,B01,1.0,7.0,0,2,3,1,1.0,
202400030409,155 728 208,A01,2.0,7.0,0,9,5,15,1.0,
202400030410,155 728 206,A01,1.0,7.0,0,2,2,14,2.0,
202400030411,155 728 204,A01,2.0,7.0,0,2,1,1,2.0,
202400030412,155 728 203,A01,3.0,7.0,16,0,9,1,1.0,
202400030413,155 728 201,A01,1.0,33.0,0,2,8,1,1.0,
202400030414,155 728 199,A01,3.0,7.0,0,2,6,0,1.0,
202400030415,155 728 198,A01,1.0,7.0,2,0,8,1,3.0,
202400030416,155 728 196,A01,1.0,7.0,0,0,3,14,1.0,
202400030417,155 728 195,A01,3.0,21.0,0,0,9,0,1.0,
202400030418,155 728 193,A01,1.0,7.0,0,2,1,16,1.0,
202400030419,155 728 191,B01,2.0,10.0,0,2,4,0,1.0,
202400030420,155 728 190,A01,2.0,7.0,0,1,3,1,1.0,
202400030421,155 728 188,A01,2.0,7.0,0,9,2,0,1.0,
202400030422,155 728 186,A01,1.0,7.0,0,2,7,15,1.0,
202400030423,155 728 184,A01,1.0,7.0,0,2,1,15,0.0,
202400030424,155 728 183,A01,1.0,7.0,0,1,4,4,1.0,
202400030425,155 728 182,A01,1.0,7.0,0,0,0,1,1.0,
202400030426,155 728 180,A01,2.0,10.0,0,2,1,15,1.0,
202400030427,155 728 179,A01,3.0,7.0,0,1,1,16,1.0,
202400030428,155 728 177,B01,3.0,2.0,0,2,8,1,1.0,
202400030429,155 728 175,A01,1.0,7.0,0,2,1,2,1.0,
202400030430,155 728 173,A01,1.0,7.0,0,2,2,15,1.0,
202400030431,155 728 171,A01,3.0,7.0,0,2,4,23,1.0,
202400030432,155 728 167,B01,1.0,7.0,0,2,2,2,0.0,
202400030433,155 728 166,A01,2.0,43.0,8,0,2,1,1.0,
202400030434,155 728 165,A01,1.0,7.0,0,1,2,1,1.0,
202400030435,155 728 163,A01,1.0,50.0,0,2,1,5,3.0,
202400030436,155 728 162,A01,2.0,7.0,14,0,1,26,1.0,
202400030437,155 728 160,A01,1.0,7.0,0,2,3,15,1.0,
202400030438,155 728 158,A01,1.0,7.0,0,2,1,2,1.0,
202400030439,155 728 156,A01,2.0,80.0,0,2,1,2,3.0,
202400030440,155 728 153,B01,1.0,7.0,0,2,4,2,1.0,
202400030441,155 728 152,A01,2.0,3.0,8,0,1,1,1.0,
202400030442,155 728 151,A01,1.0,7.0,0,1,2,1,2.0,
202400030443,155 728 149,A01,1.0,7.0,1,0,1,14,1.0,
202400030444,155 728 147,B01,1.0,1.0,0,2,1,1,5.0,
202400030445,155 728 145,A01,1.0,1.0,0,2,1,19,5.0,
202400030446,155 728 143,A01,1.0,1.0,0,2,1,2,5.0,
202400030447,155 728 141,B01,3.0,7.0,0,2,4,1,1.0,
202400030448,155 728 139,B01,2.0,7.0,0,2,1,1,6.0,
202400030449,155 728 138,A01,3.0,7.0,0,1,3,16,2.0,
202400030450,155 728 136,B01,2.0,7.0,0,2,8,1,1.0,
202400030451,155 728 134,A01,0.0,1.0,0,2,0,19,5.0,
202400030452,155 728 132,B01,2.0,7.0,0,2,1,1,1.0,
202400030453,155 728 129,C01,1.0,7.0,0,2,3,1,1.0,
202400030454,155 728 128,A01,3.0,33.0,0,1,1,1,1.0,
202400030455,155 728 126,B01,1.0,7.0,0,2,4,1,1.0,
202400030456,155 728 125,A01,1.0,3.0,0,2,0,9,0.0,
202400030457,155 728 123,A01,2.0,7.0,0,2,4,1,1.0,
202400030458,155 728 121,A01,3.0,10.0,0,2,1,1,1.0,
202400030459,155 728 119,B01,3.0,10.0,0,2,3,9,1.0,
202400030460,155 728 117,A01,1.0,2.0,0,2,2,9,1.0,
202400030461,155 728 115,A01,2.0,10.0,0,2,2,16,1.0,
202400030462,155 728 113,A01,1.0,7.0,0,2,1,13,1.0,
202400030463,155 728 111,A01,1.0,7.0,0,2,5,15,1.0,
202400030464,155 728 109,A01,1.0,7.0,0,2,1,2,1.0,
202400030465,155 728 107,B01,1.0,15.0,0,2,2,2,1.0,
202400030466,155 728 106,A01,1.0,7.0,1,0,1,1,2.0,
202400030467,155 728 104,AB01,0.0,1.0,0,2,4,1,5.0,
202400030468,155 728 103,A01,2.0,7.0,0,1,1,1,1.0,
202400030469,155 728 101,B01,1.0,7.0,0,2,4,1,1.0,
202400030470,155 728 100,A01,2.0,80.0,0,0,1,1,3.0,
202400030471,155 728 098,A01,1.0,80.0,0,2,1,5,3.0,
202400030472,155 728 097,A01,2.0,7.0,0,1,0,0,1.0,
202400030473,155 728 096,A01,1.0,7.0,0,1,1,15,1.0,
202400030474,155 728 094,A01,3.0,10.0,0,2,1,15,1.0,
202400030475,155 728 092,B01,2.0,37.0,0,2,1,0,1.0,3
202400030476,155 728 091,A01,1.0,7.0,0,1,3,15,1.0,
202400030477,155 728 090,A01,3.0,33.0,4,0,2,14,1.0,
202400030478,155 728 088,A01,3.0,7.0,0,2,4,2,1.0,
202400030479,155 728 086,A01,1.0,7.0,0,2,1,1,1.0,
202400030480,155 728 084,B01,2.0,7.0,0,2,8,0,2.0,
202400030481,155 728 082,B01,1.0,7.0,0,2,1,0,1.0,
202400030482,155 728 079,A01,1.0,33.0,0,2,2,1,1.0,
202400030483,155 728 077,A01,1.0,7.0,0,2,1,15,0.0,
202400030484,155 728 075,A01,1.0,7.0,0,2,0,0,1.0,
202400030485,155 728 074,A01,1.0,7.0,0,2,2,2,2.0,
202400030486,155 728 073,A01,2.0,7.0,15,0,1,14,1.0,
202400030487,155 728 071,B01,0.0,30.0,0,2,1,1,1.0,
202400030488,155 728 069,B01,1.0,7.0,0,2,3,1,1.0,
202400030489,155 728 066,B01,1.0,7.0,0,2,4,2,1.0,
202400030490,155 728 064,B01,1.0,7.0,0,2,0,5,0.0,
202400030491,155 728 063,A01,2.0,7.0,0,1,1,19,1.0,
202400030492,155 728 062,A01,0.0,33.0,0,0,0,1,1.0,
202400030493,155 728 061,A01,1.0,33.0,0,0,0,1,1.0,
202400030494,155 728 059,A01,1.0,7.0,13,0,3,1,1.0,
202400030495,155 728 057,A01,1.0,33.0,0,0,1,2,1.0,
202400030496,155 728 055,A01,1.0,33.0,0,2,1,17,1.0,
202400030497,155 728 054,A01,2.0,33.0,0,0,0,14,1.0,
202400030498,155 728 053,A01,3.0,50.0,0,0,0,1,3.0,
202400030499,155 728 051,A01,2.0,34.0,0,2,7,17,1.0,
202400030500,155 728 050,A01,1.0,7.0,13,0,9,1,1.0,
202400030501,155 728 049,A01,1.0,2.0,0,0,9,1,1.0,
202400030502,155 728 047,B01,1.0,7.0,0,2,3,1,1.0,
202400030503,155 728 045,B01,1.0,7.0,0,2,3,1,1.0,
202400030504,155 728 041,B01,1.0,33.0,0,2,1,1,0.0,
202400030505,155 728 039,A01,0.0,2.0,0,2,3,11,0.0,
202400030506,155 728 038,A01,2.0,33.0,13,0,3,1,1.0,
202400030507,155 728 037,A01,1.0,7.0,16,0,9,14,1.0,
202400030508,155 728 036,A01,1.0,7.0,13,0,1,1,1.0,
202400030509,155 728 034,B01,2.0,21.0,0,2,8,1,1.0,
202400030510,155 728 032,B01,1.0,1.0,0,2,5,1,5.0,
202400030511,155 728 030,A01,1.0,7.0,0,2,2,1,1.0,
202400030512,155 728 029,A01,1.0,7.0,0,1,2,1,1.0,
202400030513,155 728 028,A01,1.0,7.0,6,0,1,1,1.0,
202400030514,155 728 027,A01,2.0,7.0,2,0,3,0,1.0,
202400030515,155 728 026,A01,2.0,7.0,15,0,2,1,1.0,
202400030516,155 728 025,A01,2.0,7.0,0,0,0,14,1.0,
202400030517,155 728 023,A01,3.0,2.0,0,2,1,13,1.0,
202400030518,155 728 021,B01,1.0,7.0,0,2,3,1,1.0,
202400030519,155 728 019,B01,2.0,7.0,0,2,3,1,1.0,
202400030520,155 728 017,B01,2.0,7.0,0,0,6,13,1.0,
202400030521,155 728 016,A01,1.0,7.0,2,0,3,1,1.0,
202400030522,155 728 014,B01,2.0,2.0,0,2,1,17,1.0,
202400030523,155 728 012,A01,1.0,7.0,0,2,3,13,1.0,
202400030524,155 728 010,B01,1.0,1.0,0,2,1,1,5.0,
202400030525,155 728 008,B01,0.0,1.0,0,2,4,2,5.0,
202400030526,155 728 007,A01,3.0,7.0,2,0,3,2,1.0,
202400030527,155 728 006,A01,1.0,7.0,0,0,0,13,1.0,
202400030528,155 728 005,A01,1.0,7.0,2,0,1,1,1.0,
202400030529,155 728 004,A01,1.0,1.0,12,0,0,1,5.0,
202400030530,155 728 003,A01,1.0,7.0,7,0,1,1,1.0,
202400030531,155 728 001,B01,1.0,33.0,0,2,1,1,1.0,
202400030532,155 727 999,A01,2.0,7.0,0,2,1,13,1.0,
202400030533,155 727 998,A01,0.0,7.0,0,1,3,9,2.0,
202400030534,155 727 997,A01,3.0,7.0,0,1,0,15,1.0,
202400030535,155 727 996,A01,1.0,10.0,7,0,9,14,1.0,
202400030536,155 727 995,A01,1.0,10.0,3,0,1,1,1.0,
202400030537,155 727 994,A01,1.0,32.0,6,0,1,0,1.0,
202400030538,155 727 993,A01,2.0,33.0,0,0,7,1,1.0,
202400030539,155 727 992,A01,2.0,7.0,3,0,3,1,1.0,
202400030540,155 727 988,A01,3.0,7.0,13,0,2,14,1.0,
202400030541,155 727 986,A01,2.0,33.0,0,2,7,17,1.0,
202400030542,155 727 985,A01,0.0,36.0,12,0,2,1,1.0,
202400030543,155 727 984,A01,2.0,33.0,13,0,1,1,1.0,
202400030544,155 727 981,B01,1.0,7.0,0,2,8,13,1.0,
202400030545,155 727 978,A01,1.0,7.0,0,2,1,2,1.0,
202400030546,155 727 976,B01,1.0,7.0,0,2,1,1,1.0,
202400030547,155 727 974,A01,3.0,7.0,0,2,2,16,3.0,
202400030548,155 727 972,A01,1.0,7.0,0,2,3,9,1.0,
202400030549,155 727 971,A01,1.0,34.0,0,2,7,17,1.0,
202400030550,155 727 970,A01,1.0,7.0,15,0,1,2,1.0,
202400030551,155 727 969,A01,2.0,7.0,8,0,3,13,1.0,
202400030552,155 727 967,B01,1.0,7.0,0,2,2,16,1.0,
202400030553,155 727 965,A01,1.0,7.0,0,2,7,1,1.0,
202400030554,155 727 963,A01,1.0,42.0,14,0,2,17,1.0,
202400030555,155 727 961,A01,2.0,33.0,0,2,1,2,1.0,
202400030556,155 727 960,A01,1.0,7.0,0,1,3,1,1.0,
202400030557,155 727 959,A01,1.0,1.0,0,1,2,1,5.0,
202400030558,155 727 956,A01,1.0,30.0,0,1,1,3,3.0,
202400030559,155 727 954,B01,0.0,33.0,0,2,2,1,1.0,
202400030560,155 727 952,A01,1.0,7.0,12,2,2,2,1.0,
202400030561,155 727 950,B01,2.0,7.0,0,2,0,0,1.0,
202400030562,155 727 948,A01,2.0,7.0,0,2,1,2,1.0,
202400030563,155 727 946,B01,1.0,7.0,0,2,3,6,1.0,
202400030564,155 727 945,A01,3.0,7.0,0,1,2,20,1.0,
202400030565,155 727 943,A01,2.0,2.0,0,2,7,1,1.0,
202400030566,155 727 942,A01,1.0,34.0,12,0,9,1,1.0,
202400030567,155 727 940,A01,1.0,7.0,0,2,8,9,2.0,
202400030568,155 727 939,A01,1.0,7.0,12,0,1,20,1.0,
202400030569,155 727 938,A01,1.0,33.0,0,0,7,1,1.0,
202400030570,155 727 937,A01,2.0,33.0,13,0,1,17,1.0,
202400030571,155 727 935,B01,1.0,7.0,0,2,1,1,1.0,
202400030572,155 727 933,B01,1.0,33.0,0,2,1,1,1.0,
202400030573,155 727 932,A01,1.0,7.0,8,0,9,13,1.0,
202400030574,155 727 930,A01,1.0,7.0,0,2,1,5,1.0,