Num_Acc,id_vehicule,num_veh,senc,catv,obs,obsm,choc,manv,motor,occutc
202400030575,155 727 929,A01,0.0,7.0,0,0,0,0,1.0,
202400030576,155 727 928,A01,1.0,33.0,0,0,1,1,1.0,
202400030577,155 727 924,A01,2.0,7.0,0,2,1,1,1.0,
202400030578,155 727 922,A01,1.0,33.0,2,2,1,13,1.0,
202400030579,155 727 920,A01,2.0,7.0,0,2,3,13,1.0,
202400030580,155 727 919,A01,2.0,33.0,13,0,1,17,1.0,
202400030581,155 727 918,A01,1.0,7.0,8,0,3,13,1.0,
202400030582,155 727 917,A01,3.0,33.0,0,0,0,1,1.0,
202400030583,155 727 915,A01,3.0,7.0,0,2,3,15,2.0,
202400030584,155 727 914,A01,2.0,33.0,0,0,0,1,1.0,
202400030585,155 727 913,A01,1.0,10.0,15,0,2,14,1.0,
202400030586,155 727 912,A01,1.0,7.0,0,0,2,14,1.0,
202400030587,155 727 910,A01,1.0,33.0,0,2,1,2,1.0,
202400030588,155 727 909,A01,1.0,33.0,0,0,9,1,1.0,
202400030589,155 727 908,A01,1.0,7.0,13,0,7,14,1.0,
202400030590,155 727 907,A01,3.0,7.0,0,0,2,1,1.0,
202400030591,155 727 906,A01,2.0,7.0,6,0,1,1,1.0,
202400030592,155 727 904,B01,2.0,15.0,0,2,1,1,1.0,
202400030593,155 727 903,A01,1.0,33.0,0,0,7,26,1.0,
202400030594,155 727 902,A01,2.0,33.0,9,0,2,1,1.0,
202400030595,155 727 901,A01,2.0,33.0,0,0,8,1,1.0,
202400030596,155 727 899,B01,1.0,33.0,0,2,1,1,1.0,
202400030597,155 727 897,A01,2.0,33.0,0,0,1,2,1.0,
202400030598,155 727 896,A01,3.0,10.0,0,1,7,16,1.0,
202400030599,155 727 894,A01,1.0,7.0,0,2,2,19,1.0,
202400030600,155 727 892,A01,2.0,7.0,0,2,1,19,1.0,
202400030601,155 727 891,A01,2.0,7.0,14,0,1,1,1.0,
202400030602,155 727 890,A01,1.0,7.0,10,0,3,1,1.0,
202400030603,155 727 888,A01,2.0,15.0,0,2,2,9,1.0,
202400030604,155 727 887,A01,2.0,33.0,0,0,4,1,1.0,
202400030605,155 727 885,A01,1.0,17.0,1,0,2,14,1.0,
202400030606,155 727 884,A01,2.0,7.0,16,0,1,1,1.0,
202400030607,155 727 882,A01,3.0,2.0,0,2,1,1,1.0,
202400030608,155 727 880,A01,1.0,7.0,2,0,7,1,1.0,
202400030609,155 727 878,A01,2.0,7.0,0,2,1,2,1.0,
202400030610,155 727 877,A01,1.0,1.0,0,5,7,1,5.0,
202400030611,155 727 876,A01,1.0,10.0,3,0,1,1,1.0,
202400030612,155 727 874,A01,3.0,1.0,0,2,7,1,5.0,
202400030613,155 727 873,A01,1.0,2.0,0,0,7,1,6.0,
202400030614,155 727 872,A01,1.0,1.0,6,0,1,1,5.0,
202400030615,155 727 870,A01,2.0,7.0,0,2,1,11,1.0,
202400030616,155 727 868,A01,2.0,33.0,16,2,4,11,1.0,
202400030617,155 727 866,A01,1.0,7.0,0,2,1,1,1.0,
202400030618,155 727 865,A01,0.0,7.0,6,0,1,1,1.0,
202400030619,155 727 863,A01,1.0,7.0,0,2,6,1,1.0,
202400030620,155 727 861,A01,2.0,7.0,0,2,1,5,1.0,
202400030621,155 727 859,A01,2.0,33.0,0,2,1,2,1.0,
202400030622,155 727 858,A01,1.0,33.0,8,0,2,1,1.0,
202400030623,155 727 855,A01,0.0,33.0,13,0,1,0,0.0,
202400030624,155 727 852,B01,2.0,2.0,0,2,1,1,1.0,
202400030625,155 727 851,A01,3.0,7.0,0,2,3,16,1.0,
202400030626,155 727 849,A01,1.0,33.0,14,0,2,17,1.0,
202400030627,155 727 848,A01,2.0,33.0,16,0,1,1,1.0,
202400030628,155 727 847,A01,1.0,33.0,0,0,9,10,1.0,
202400030629,155 727 846,A01,3.0,7.0,2,0,9,1,1.0,
202400030630,155 727 844,A01,1.0,1.0,0,0,6,16,5.0,
202400030631,155 727 843,A01,1.0,10.0,4,0,1,1,1.0,
202400030632,155 727 841,B01,1.0,7.0,0,2,6,16,1.0,
202400030633,155 727 840,A01,1.0,14.0,13,0,9,1,1.0,
202400030634,155 727 837,A01,2.0,13.0,3,0,4,1,1.0,
202400030635,155 727 836,A01,1.0,17.0,0,2,3,13,1.0,
202400030636,155 727 835,A01,1.0,10.0,2,0,2,1,1.0,
202400030637,155 727 831,A01,1.0,7.0,0,0,4,1,1.0,
202400030638,155 727 830,A01,1.0,13.0,3,0,2,26,1.0,
202400030639,155 727 828,A01,1.0,7.0,0,9,1,9,1.0,
202400030640,155 727 826,A01,2.0,7.0,0,0,4,1,1.0,
202400030641,155 727 824,A01,2.0,30.0,0,2,1,2,1.0,
202400030642,155 727 822,A01,1.0,10.0,0,2,5,15,4.0,
202400030643,155 727 819,C01,2.0,10.0,0,2,1,1,1.0,
202400030644,155 727 815,A01,1.0,7.0,1,0,8,23,1.0,
202400030645,155 727 812,D01,1.0,7.0,0,0,4,21,1.0,
202400030646,155 727 811,A01,2.0,7.0,4,0,1,16,1.0,
202400030647,155 727 810,A01,1.0,10.0,0,1,7,14,1.0,
202400030648,155 727 808,A01,2.0,7.0,0,2,1,1,1.0,
202400030649,155 727 806,A01,2.0,7.0,0,2,2,0,1.0,
202400030650,155 727 805,A01,1.0,7.0,4,0,3,26,1.0,
202400030651,155 727 804,A01,1.0,7.0,6,0,1,13,1.0,
202400030652,155 727 802,B01,1.0,7.0,0,2,4,2,1.0,
202400030653,155 727 800,A01,1.0,7.0,4,0,2,1,1.0,
202400030654,155 727 801,A01,2.0,1.0,9,0,1,0,5.0,
202400030655,155 727 798,B01,2.0,7.0,0,2,1,1,1.0,
202400030656,155 727 797,A01,2.0,7.0,0,1,1,16,1.0,
202400030657,155 727 793,B01,2.0,7.0,0,2,4,23,1.0,
202400030658,155 727 792,A01,1.0,7.0,0,2,3,11,1.0,
202400030659,155 727 791,A01,2.0,7.0,13,0,3,1,1.0,
202400030660,155 727 786,A01,1.0,7.0,0,2,1,2,1.0,
202400030661,155 727 785,A01,1.0,7.0,0,2,1,1,1.0,
202400030662,155 727 783,A01,1.0,7.0,0,2,1,1,1.0,
202400030663,155 727 781,A01,1.0,7.0,4,0,1,1,1.0,
202400030664,155 727 779,A01,2.0,33.0,0,0,3,1,1.0,
202400030665,155 727 780,A01,2.0,7.0,0,2,1,13,3.0,
202400030666,155 727 776,A01,2.0,7.0,0,2,2,1,1.0,
202400030667,155 727 775,A01,2.0,7.0,0,2,7,17,3.0,
202400030668,155 727 774,A01,2.0,33.0,4,0,8,13,1.0,
202400030669,155 727 773,A01,2.0,10.0,2,0,3,1,1.0,
202400030670,155 727 771,B01,2.0,7.0,0,0,5,2,1.0,
202400030671,155 727 770,A01,1.0,7.0,2,0,8,1,1.0,
202400030672,155 727 768,A01,2.0,7.0,4,0,2,11,1.0,
202400030673,155 727 767,A01,2.0,7.0,13,2,2,21,2.0,
202400030674,155 727 764,A01,2.0,10.0,0,2,1,1,1.0,
202400030675,155 727 762,C01,1.0,7.0,3,2,4,2,1.0,
202400030676,155 727 761,BA01,0.0,32.0,0,5,9,21,1.0,
202400030677,155 727 759,A01,1.0,33.0,0,2,4,23,1.0,
202400030678,155 727 758,A01,1.0,30.0,0,0,7,1,1.0,
202400030679,155 727 757,A01,1.0,7.0,1,1,2,2,1.0,
202400030680,155 727 756,A01,1.0,50.0,0,0,0,1,3.0,
202400030681,155 727 754,B01,1.0,33.0,0,2,7,1,1.0,
202400030682,155 727 752,A01,1.0,7.0,0,2,1,2,1.0,
202400030683,155 727 749,A01,1.0,0.0,0,1,1,26,1.0,
202400030684,155 727 748,A01,2.0,7.0,0,2,1,1,1.0,
202400030685,155 727 746,A01,1.0,7.0,0,2,7,15,1.0,
202400030686,155 727 744,Z01,3.0,7.0,0,1,4,24,1.0,
202400030687,155 727 745,A01,2.0,7.0,4,0,3,1,1.0,
202400030688,155 727 742,B01,1.0,33.0,0,2,1,0,1.0,
202400030689,155 727 741,A01,1.0,7.0,13,0,9,13,1.0,
202400030690,155 727 740,A01,1.0,7.0,0,1,6,26,1.0,
202400030691,155 727 738,A01,1.0,7.0,0,1,3,1,1.0,
202400030692,155 727 737,A01,2.0,7.0,0,0,2,2,1.0,
202400030693,155 727 735,A01,2.0,1.0,0,0,0,0,5.0,
202400030694,155 727 734,B01,3.0,7.0,0,2,3,1,1.0,
202400030695,155 727 733,A01,1.0,2.0,0,0,0,0,1.0,
202400030696,155 727 727,A01,2.0,7.0,0,2,2,2,1.0,
202400030697,155 727 728,A01,2.0,7.0,0,2,7,15,1.0,
202400030698,155 727 723,A01,1.0,1.0,0,2,1,1,5.0,
202400030699,155 727 722,A01,3.0,2.0,9,0,0,1,1.0,
202400030700,155 727 724,A01,2.0,7.0,12,2,3,5,1.0,
202400030701,155 727 721,A01,1.0,33.0,15,0,1,14,1.0,
202400030702,155 727 719,B01,2.0,7.0,0,2,1,1,1.0,
202400030703,155 727 716,A01,2.0,7.0,13,2,1,1,1.0,
202400030704,155 727 715,B01,2.0,33.0,0,2,8,1,1.0,
202400030705,155 727 712,B01,3.0,7.0,0,2,1,0,,
202400030706,155 727 713,A01,2.0,15.0,9,0,1,16,1.0,
202400030707,155 727 711,A01,0.0,7.0,1,0,7,14,1.0,
202400030708,155 727 710,A01,3.0,7.0,1,0,3,26,1.0,
202400030709,155 727 709,A01,3.0,7.0,1,0,1,1,1.0,
202400030710,155 727 706,A01,3.0,31.0,15,0,0,0,0.0,
202400030711,155 727 705,C01,1.0,7.0,0,2,1,1,1.0,
202400030712,155 727 704,A01,3.0,7.0,15,0,1,1,1.0,
202400030713,155 727 700,A01,2.0,7.0,0,9,7,15,1.0,
202400030714,155 727 699,B01,1.0,7.0,0,2,5,0,1.0,
202400030715,155 727 697,A01,0.0,31.0,1,0,1,1,1.0,
202400030716,155 727 696,B01,1.0,7.0,0,2,5,1,1.0,
202400030717,155 727 695,A01,2.0,7.0,13,0,1,0,2.0,
202400030718,155 727 694,A01,3.0,7.0,0,1,4,4,2.0,
202400030719,155 727 692,A01,2.0,10.0,15,0,1,14,1.0,
202400030720,155 727 691,B01,0.0,1.0,0,2,0,0,5.0,
202400030721,155 727 687,A01,1.0,7.0,0,2,5,23,2.0,
202400030722,155 727 685,A01,2.0,34.0,0,2,1,16,1.0,
202400030723,155 727 682,A01,1.0,31.0,0,0,1,2,1.0,
202400030724,155 727 679,A01,2.0,7.0,6,2,1,13,1.0,
202400030725,155 727 677,B01,3.0,7.0,0,2,1,1,1.0,
202400030726,155 727 675,A01,1.0,7.0,0,1,3,15,1.0,
202400030727,155 727 674,B01,1.0,7.0,0,2,6,11,1.0,
202400030728,155 727 672,A01,1.0,50.0,0,2,1,13,3.0,
202400030729,155 727 670,A01,3.0,7.0,0,2,2,14,1.0,
202400030730,155 727 668,A01,3.0,7.0,0,2,8,1,1.0,
202400030731,155 727 667,A01,3.0,33.0,0,0,0,1,1.0,
202400030732,155 727 663,A01,1.0,7.0,0,2,4,20,2.0,
202400030733,155 727 664,B01,1.0,7.0,0,2,8,15,1.0,
202400030734,155 727 658,B01,0.0,50.0,0,2,0,26,3.0,
202400030735,155 727 656,B01,2.0,7.0,0,2,4,23,1.0,
202400030736,155 727 654,A01,3.0,7.0,0,0,0,1,1.0,
202400030737,155 727 653,A01,2.0,7.0,0,2,8,10,2.0,
202400030738,155 727 649,A01,2.0,7.0,6,0,1,1,1.0,
202400030739,155 727 648,B01,2.0,1.0,0,2,1,1,5.0,
202400030740,155 727 647,A01,3.0,7.0,13,0,0,0,1.0,
202400030741,155 727 646,A01,3.0,7.0,1,0,2,1,1.0,
202400030742,155 727 643,B01,2.0,7.0,0,2,0,15,1.0,
202400030743,155 727 642,A01,3.0,7.0,0,1,3,1,0.0,
202400030744,155 727 641,A01,1.0,7.0,8,2,3,26,1.0,
202400030745,155 727 640,A01,3.0,7.0,0,0,3,1,1.0,
202400030746,155 727 639,A01,1.0,7.0,0,1,1,1,1.0,
202400030747,155 727 636,A01,1.0,7.0,0,2,1,2,1.0,
202400030748,155 727 632,B01,2.0,10.0,0,2,1,1,0.0,
202400030749,155 727 633,B01,3.0,10.0,0,2,1,2,2.0,
202400030750,155 727 630,B01,2.0,50.0,0,2,8,1,3.0,
202400030751,155 727 628,A01,1.0,7.0,5,0,1,3,1.0,
202400030752,155 727 627,A01,3.0,10.0,0,2,7,15,1.0,
202400030753,155 727 625,B01,3.0,7.0,0,2,8,1,1.0,
202400030754,155 727 623,A01,3.0,7.0,6,0,1,5,1.0,
202400030755,155 727 622,A01,1.0,7.0,6,2,2,17,1.0,
202400030756,155 727 620,B01,1.0,7.0,0,2,1,1,1.0,
202400030757,155 727 618,A01,1.0,7.0,1,0,2,14,1.0,
202400030758,155 727 614,A01,3.0,7.0,0,2,6,1,1.0,
202400030759,155 727 616,A01,1.0,7.0,0,2,1,1,1.0,
202400030760,155 727 613,A01,2.0,7.0,0,1,1,15,1.0,
202400030761,155 727 610,B01,3.0,7.0,0,2,6,2,0.0,
202400030762,155 727 607,A01,1.0,7.0,0,2,1,1,1.0,
202400030763,155 727 604,A01,1.0,7.0,0,2,3,10,1.0,
202400030764,155 727 603,A01,3.0,7.0,0,2,3,1,1.0,
202400030765,155 727 600,B01,2.0,7.0,0,2,3,1,1.0,
202400030766,155 727 597,B01,3.0,7.0,0,2,1,2,1.0,
202400030767,155 727 598,A01,1.0,7.0,2,0,3,1,1.0,
202400030768,155 727 594,C01,2.0,10.0,0,2,7,23,1.0,
202400030769,155 727 593,A01,3.0,7.0,8,0,1,14,1.0,
202400030770,155 727 592,A01,3.0,50.0,0,0,0,26,3.0,
202400030771,155 727 591,A01,3.0,30.0,12,0,3,0,1.0,
202400030772,155 727 588,A01,3.0,7.0,0,2,3,1,1.0,
202400030773,155 727 587,A01,2.0,7.0,0,2,1,1,1.0,
202400030774,155 727 585,A01,2.0,7.0,0,2,1,12,1.0,
202400030775,155 727 583,A01,3.0,10.0,0,1,2,15,1.0,
202400030776,155 727 584,A01,2.0,7.0,0,1,2,17,1.0,
202400030777,155 727 581,A01,3.0,2.0,0,2,1,1,3.0,
202400030778,155 727 579,B01,2.0,1.0,0,2,2,1,5.0,
202400030779,155 727 575,B01,2.0,1.0,0,0,0,0,5.0,
202400030780,155 727 576,A01,1.0,10.0,0,2,3,9,1.0,
202400030781,155 727 574,Z01,1.0,1.0,0,1,0,0,5.0,
202400030782,155 727 572,B01,2.0,7.0,0,2,3,23,1.0,
202400030783,155 727 570,A01,1.0,7.0,1,0,6,1,1.0,
202400030784,155 727 569,A01,2.0,1.0,0,0,0,0,5.0,
202400030785,155 727 568,A01,3.0,7.0,0,1,3,15,0.0,
202400030786,155 727 566,A01,1.0,80.0,0,2,1,1,3.0,
202400030787,155 727 563,A01,2.0,7.0,0,2,8,15,1.0,
202400030788,155 727 562,A01,3.0,7.0,2,0,1,1,1.0,
202400030789,155 727 560,A01,2.0,31.0,0,2,0,1,3.0,
202400030790,155 727 557,A01,2.0,31.0,0,2,1,2,1.0,
202400030791,155 727 558,A01,3.0,7.0,2,0,1,15,1.0,
202400030792,155 727 555,B01,1.0,1.0,0,9,1,2,5.0,
202400030793,155 727 552,Z01,3.0,7.0,0,2,0,0,0.0,
202400030794,155 727 549,A01,3.0,7.0,0,2,1,0,0.0,
202400030795,155 727 550,A01,1.0,30.0,0,2,8,26,1.0,
202400030796,155 727 548,A01,0.0,10.0,8,1,0,20,0.0,
202400030797,155 727 545,B01,3.0,7.0,0,2,3,1,2.0,
202400030798,155 727 547,A01,1.0,7.0,6,0,1,1,1.0,
202400030799,155 727 544,A01,3.0,32.0,1,0,2,15,1.0,
202400030800,155 727 543,A01,1.0,7.0,4,0,9,1,1.0,
202400030801,155 727 540,A01,2.0,31.0,0,2,3,1,1.0,
202400030802,155 727 537,A01,0.0,7.0,0,2,6,15,1.0,
202400030803,155 727 539,A01,3.0,33.0,0,2,2,2,1.0,
202400030804,155 727 536,A01,3.0,7.0,0,1,1,13,0.0,
202400030805,155 727 534,A01,1.0,30.0,0,2,7,1,0.0,
202400030806,155 727 532,A01,3.0,7.0,14,0,9,26,2.0,
202400030807,155 727 528,A01,1.0,30.0,0,2,3,9,1.0,
202400030808,155 727 526,A01,1.0,31.0,1,0,0,0,1.0,
202400030809,155 727 525,A01,0.0,7.0,0,1,1,16,1.0,
202400030810,155 727 521,A01,1.0,32.0,0,2,1,26,1.0,
202400030811,155 727 522,A01,1.0,33.0,0,2,1,9,1.0,
202400030812,155 727 520,A01,1.0,31.0,0,1,1,1,1.0,
202400030813,155 727 517,A01,1.0,7.0,6,0,8,1,1.0,
202400030814,155 727 518,Z01,2.0,7.0,0,2,2,16,0.0,
202400030815,155 727 516,A01,1.0,7.0,13,0,3,1,1.0,
202400030816,155 727 515,A01,1.0,7.0,11,0,1,1,1.0,
202400030817,155 727 513,A01,1.0,7.0,0,2,3,1,1.0,
202400030818,155 727 510,A01,0.0,0.0,1,0,1,0,0.0,
202400030819,155 727 511,B01,2.0,1.0,0,2,1,1,5.0,
202400030820,155 727 508,B01,1.0,7.0,0,2,1,26,1.0,
202400030821,155 727 506,A01,2.0,7.0,13,0,2,1,1.0,
202400030822,155 727 505,A01,2.0,7.0,0,2,7,16,1.0,
202400030823,155 727 503,A01,2.0,7.0,0,2,6,1,1.0,
202400030824,155 727 502,A01,3.0,7.0,2,0,1,14,1.0,
202400030825,155 727 501,A01,2.0,50.0,0,1,0,1,3.0,
202400030826,155 727 498,A01,2.0,10.0,0,2,1,0,1.0,
202400030827,155 727 497,A01,1.0,32.0,14,0,8,13,1.0,
202400030828,155 727 493,Z01,2.0,7.0,0,2,1,1,0.0,
202400030829,155 727 495,A01,2.0,2.0,0,0,4,1,3.0,
202400030830,155 727 491,A01,1.0,7.0,13,0,1,0,1.0,
202400030831,155 727 490,A01,1.0,1.0,0,2,8,1,5.0,
202400030832,155 727 488,A01,2.0,33.0,4,2,1,2,1.0,
202400030833,155 727 486,A01,2.0,7.0,0,2,3,15,1.0,
202400030834,155 727 485,A01,1.0,7.0,0,1,1,14,1.0,
202400030835,155 727 482,B01,2.0,1.0,0,2,4,1,5.0,
202400030836,155 727 481,A01,1.0,34.0,0,2,1,17,1.0,
202400030837,155 727 478,A01,2.0,7.0,0,2,1,1,1.0,
202400030838,155 727 477,B01,3.0,33.0,0,2,1,1,1.0,
202400030839,155 727 476,A01,1.0,33.0,13,0,1,1,1.0,
202400030840,155 727 475,A01,2.0,7.0,0,2,2,1,1.0,
202400030841,155 727 474,A01,2.0,7.0,0,0,9,1,1.0,
202400030842,155 727 471,B01,3.0,33.0,0,2,6,1,1.0,
202400030843,155 727 468,A01,2.0,33.0,0,2,7,1,1.0,
202400030844,155 727 467,A01,2.0,7.0,0,2,7,0,1.0,
202400030845,155 727 465,A01,3.0,7.0,0,2,1,13,1.0,
202400030846,155 727 463,B01,1.0,1.0,0,2,1,1,5.0,
202400030847,155 727 461,A01,2.0,7.0,0,2,3,1,2.0,
202400030848,155 727 460,Z01,2.0,7.0,0,1,2,1,0.0,
202400030849,155 727 458,B01,1.0,7.0,0,2,3,1,1.0,
202400030850,155 727 456,A01,2.0,7.0,0,1,2,1,1.0,
202400030851,155 727 455,A01,1.0,7.0,0,2,2,15,2.0,
202400030852,155 727 452,A01,3.0,2.0,0,2,7,26,1.0,
202400030853,155 727 451,A01,1.0,30.0,0,2,1,17,3.0,
202400030854,155 727 449,A01,1.0,7.0,8,0,1,2,1.0,
202400030855,155 727 448,B01,0.0,7.0,0,0,4,16,1.0,
202400030856,155 727 447,A01,1.0,7.0,0,1,1,1,1.0,
202400030857,155 727 444,A01,2.0,2.0,0,2,8,17,1.0,
202400030858,155 727 441,A01,1.0,7.0,0,0,4,1,1.0,
202400030859,155 727 440,A01,2.0,7.0,0,2,1,5,1.0,
202400030860,155 727 439,A01,1.0,7.0,3,0,1,0,1.0,
202400030861,155 727 438,A01,2.0,10.0,0,1,1,1,1.0,
202400030862,155 727 436,C01,3.0,2.0,0,2,1,26,1.0,
202400030863,155 727 435,A01,1.0,7.0,13,0,2,14,1.0,
202400030864,155 727 434,A01,2.0,7.0,6,0,1,1,1.0,
202400030865,155 727 433,A01,1.0,7.0,0,1,3,19,2.0,
202400030866,155 727 431,A01,2.0,7.0,0,2,1,1,1.0,
202400030867,155 727 430,A01,1.0,7.0,0,1,2,1,1.0,
202400030868,155 727 429,A01,1.0,7.0,13,0,9,6,1.0,
202400030869,155 727 428,A01,1.0,7.0,2,0,1,1,1.0,
202400030870,155 727 427,A01,2.0,7.0,0,1,3,1,1.0,
202400030871,155 727 425,A01,1.0,7.0,0,2,1,5,1.0,
202400030872,155 727 423,A01,2.0,32.0,0,0,0,1,1.0,
202400030873,155 727 421,A01,1.0,13.0,15,0,7,1,1.0,
202400030874,155 727 419,A01,2.0,7.0,3,2,1,1,1.0,
202400030875,155 727 422,A01,1.0,7.0,0,2,3,15,1.0,
202400030876,155 727 417,A01,3.0,33.0,12,0,2,1,6.0,
202400030877,155 727 413,D01,1.0,10.0,0,2,1,1,1.0,
202400030878,155 727 412,A01,1.0,38.0,0,2,1,2,1.0,4
202400030879,155 727 410,B01,2.0,7.0,0,2,4,2,1.0,
202400030880,155 727 409,A01,3.0,36.0,0,0,8,0,1.0,
202400030881,155 727 405,A01,0.0,50.0,12,0,1,16,3.0,
202400030882,155 727 404,A01,2.0,10.0,0,2,1,2,1.0,
202400030883,155 727 402,A01,1.0,7.0,0,1,1,1,1.0,
202400030884,155 727 403,A01,1.0,7.0,2,0,7,14,1.0,
202400030885,155 727 400,B01,2.0,33.0,0,2,8,3,1.0,
202400030886,155 727 399,A01,1.0,10.0,0,1,4,4,1.0,
202400030887,155 727 397,A01,1.0,7.0,0,0,2,26,1.0,
202400030888,155 727 394,C01,2.0,7.0,0,2,2,1,1.0,
202400030889,155 727 391,A01,2.0,7.0,0,2,4,1,1.0,
202400030890,155 727 390,B01,1.0,15.0,0,2,4,1,1.0,
202400030891,155 727 387,A01,2.0,7.0,0,2,2,2,3.0,
202400030892,155 727 386,B01,2.0,7.0,0,2,4,2,1.0,
202400030893,155 727 384,A01,2.0,7.0,4,2,9,26,1.0,
202400030894,155 727 382,A01,2.0,7.0,0,2,5,12,1.0,
202400030895,155 727 381,A01,2.0,7.0,3,0,2,1,1.0,
202400030896,155 727 379,B01,2.0,7.0,0,2,0,0,1.0,
202400030897,155 727 377,A01,1.0,31.0,0,2,9,3,1.0,
202400030898,155 727 374,A01,1.0,7.0,0,2,7,2,1.0,
202400030899,155 727 373,A01,2.0,7.0,0,2,1,2,1.0,
202400030900,155 727 370,A01,1.0,15.0,0,1,5,20,1.0,
202400030901,155 727 369,A01,1.0,33.0,0,2,1,2,1.0,
202400030902,155 727 367,A01,1.0,7.0,0,2,1,2,1.0,
202400030903,155 727 363,A01,2.0,7.0,0,2,2,21,1.0,
202400030904,155 727 362,A01,2.0,7.0,0,2,7,12,1.0,
202400030905,155 727 360,A01,2.0,7.0,4,0,1,21,1.0,
202400030906,155 727 359,Z01,1.0,7.0,0,2,8,11,0.0,
202400030907,155 727 356,B01,1.0,10.0,0,2,4,1,1.0,
202400030908,155 727 354,T01,2.0,7.0,0,2,0,2,1.0,
202400030909,155 727 350,B01,1.0,7.0,0,2,4,12,1.0,
202400030910,155 727 349,B01,1.0,7.0,0,2,4,2,3.0,
202400030911,155 727 348,A01,1.0,30.0,6,0,2,20,1.0,
202400030912,155 727 346,A01,1.0,7.0,0,2,1,1,1.0,
202400030913,155 727 345,A01,1.0,80.0,1,0,4,1,3.0,
202400030914,155 727 344,A01,1.0,7.0,4,2,1,9,1.0,
202400030915,155 727 341,B01,3.0,7.0,0,2,1,2,1.0,
202400030916,155 727 342,A01,2.0,10.0,4,0,0,0,1.0,
202400030917,155 727 338,A01,2.0,10.0,0,2,1,15,1.0,
202400030918,155 727 336,B01,1.0,7.0,0,2,1,1,,
202400030919,155 727 335,A01,3.0,30.0,0,0,0,19,1.0,
202400030920,155 727 334,A01,2.0,33.0,0,5,1,1,1.0,
202400030921,155 727 331,A01,2.0,7.0,0,2,4,26,1.0,
202400030922,155 727 330,A01,1.0,33.0,0,2,5,19,1.0,
202400030923,155 727 327,A01,1.0,7.0,0,2,3,15,1.0,
202400030924,155 727 326,A01,1.0,7.0,12,2,1,19,1.0,
202400030925,155 727 323,B01,2.0,1.0,1,0,1,1,5.0,
202400030926,155 727 322,B01,1.0,50.0,0,2,1,21,3.0,
202400030927,155 727 320,A01,2.0,32.0,0,1,8,21,1.0,
202400030928,155 727 319,B01,1.0,10.0,0,2,3,1,0.0,
202400030929,155 727 317,B01,1.0,10.0,0,0,5,23,1.0,
202400030930,155 727 315,B01,1.0,7.0,0,2,1,1,1.0,
202400030931,155 727 313,A01,1.0,50.0,0,2,1,5,3.0,
202400030932,155 727 310,B01,1.0,7.0,0,2,5,2,2.0,
202400030933,155 727 309,A01,1.0,7.0,0,2,0,0,2.0,
202400030934,155 727 305,Z01,0.0,7.0,0,0,0,16,1.0,
202400030935,155 727 304,A01,1.0,7.0,0,2,1,1,1.0,
202400030936,155 727 301,A01,3.0,7.0,0,2,4,2,1.0,
202400030937,155 727 300,A01,3.0,10.0,0,2,6,9,1.0,
202400030938,155 727 298,B01,1.0,7.0,0,2,1,1,1.0,
202400030939,155 727 296,A01,2.0,10.0,6,2,1,17,1.0,
202400030940,155 727 294,B01,2.0,50.0,0,2,1,1,3.0,
202400030941,155 727 293,A01,3.0,7.0,4,0,1,14,1.0,
202400030942,155 727 291,B01,2.0,7.0,0,2,1,15,,
202400030943,155 727 288,A01,1.0,7.0,0,2,5,16,1.0,
202400030944,155 727 287,B01,2.0,33.0,0,2,1,1,1.0,
202400030945,155 727 285,A01,0.0,7.0,9,0,2,14,1.0,
202400030946,155 727 284,A01,3.0,7.0,0,2,3,16,2.0,
202400030947,155 727 282,A01,0.0,7.0,0,2,1,2,1.0,
202400030948,155 727 281,A01,1.0,7.0,3,0,0,0,1.0,
202400030949,155 727 279,A01,3.0,7.0,16,0,3,19,1.0,
202400030950,155 727 276,A01,1.0,7.0,0,2,1,9,1.0,
202400030951,155 727 275,A01,3.0,7.0,14,0,1,11,1.0,
202400030952,155 727 272,A01,1.0,37.0,0,2,0,1,2.0,1
202400030953,155 727 271,B01,3.0,7.0,0,2,7,1,0.0,
202400030954,155 727 269,B01,2.0,32.0,1,2,1,1,0.0,
202400030955,155 727 268,A01,1.0,7.0,0,1,2,15,1.0,
202400030956,155 727 266,A01,2.0,34.0,14,0,1,0,1.0,
202400030957,155 727 265,B01,1.0,7.0,0,2,8,1,2.0,
202400030958,155 727 264,A01,1.0,7.0,0,1,2,1,1.0,
202400030959,155 727 263,A01,2.0,7.0,8,0,1,0,1.0,
202400030960,155 727 262,A01,3.0,7.0,0,1,3,15,1.0,
202400030961,155 727 261,A01,2.0,7.0,0,1,2,14,1.0,
202400030962,155 727 259,A01,1.0,7.0,0,9,1,9,1.0,
202400030963,155 727 257,A01,1.0,7.0,0,2,2,9,1.0,
202400030964,155 727 256,A01,2.0,7.0,0,1,6,1,6.0,
202400030965,155 727 255,A01,3.0,7.0,11,0,0,0,1.0,
202400030966,155 727 254,A01,2.0,7.0,3,0,3,14,1.0,
202400030967,155 727 251,A01,2.0,7.0,0,2,1,2,1.0,
202400030968,155 727 249,B01,1.0,10.0,0,2,1,2,1.0,
202400030969,155 727 247,A01,2.0,7.0,0,2,3,15,1.0,
202400030970,155 727 246,A01,1.0,7.0,2,0,2,1,1.0,
202400030971,155 727 245,B01,1.0,7.0,0,2,2,15,1.0,