Num_Acc,id_vehicule,num_veh,senc,catv,obs,obsm,choc,manv,motor,occutc
202400030972,155 727 241,A01,3.0,7.0,0,9,3,1,1.0,
202400030973,155 727 242,B01,2.0,31.0,0,2,1,1,1.0,
202400030974,155 727 240,A01,3.0,7.0,0,1,2,16,1.0,
202400030975,155 727 238,A01,2.0,7.0,0,2,1,5,1.0,
202400030976,155 727 236,B01,1.0,7.0,8,0,6,1,1.0,
202400030977,155 727 234,A01,3.0,7.0,1,0,3,13,1.0,
202400030978,155 727 233,A01,1.0,33.0,0,2,1,17,1.0,
202400030979,155 727 232,A01,2.0,10.0,0,1,1,1,1.0,
202400030980,155 727 231,A01,1.0,7.0,2,0,3,2,1.0,
202400030981,155 727 228,A01,2.0,7.0,0,2,5,16,1.0,
202400030982,155 727 226,C01,2.0,15.0,0,2,1,2,1.0,
202400030983,155 727 224,A01,2.0,30.0,0,2,1,1,1.0,
202400030984,155 727 222,B01,1.0,7.0,0,2,1,1,0.0,
202400030985,155 727 221,A01,2.0,7.0,6,0,2,21,1.0,
202400030986,155 727 218,A01,2.0,7.0,0,2,1,17,1.0,
202400030987,155 727 216,A01,2.0,7.0,0,2,2,15,1.0,
202400030988,155 727 215,A01,2.0,7.0,2,0,1,1,1.0,
202400030989,155 727 212,A01,3.0,7.0,0,2,3,26,1.0,
202400030990,155 727 210,A01,1.0,7.0,0,0,1,13,1.0,
202400030991,155 727 209,A01,3.0,7.0,0,1,2,1,1.0,
202400030992,155 727 208,A01,0.0,2.0,8,0,0,1,1.0,
202400030993,155 727 205,A01,3.0,7.0,0,9,3,11,1.0,
202400030994,155 727 203,B01,2.0,7.0,0,2,4,1,1.0,
202400030995,155 727 198,A01,1.0,7.0,0,2,1,13,1.0,
202400030996,155 727 199,A01,1.0,7.0,8,0,1,14,1.0,
202400030997,155 727 193,A01,3.0,7.0,4,0,3,1,1.0,
202400030998,155 727 190,A01,2.0,33.0,0,2,1,26,1.0,
202400030999,155 727 189,A01,2.0,7.0,0,2,2,14,1.0,
202400031000,155 727 183,A01,1.0,15.0,0,2,6,23,1.0,
202400031001,155 727 181,A01,3.0,7.0,0,2,1,2,1.0,
202400031002,155 727 177,B01,1.0,2.0,0,2,7,10,1.0,
202400031003,155 727 173,A01,2.0,7.0,2,0,1,1,1.0,
202400031004,155 727 171,A01,2.0,7.0,0,2,1,13,1.0,
202400031005,155 727 168,A01,1.0,3.0,13,0,2,1,1.0,
202400031006,155 727 166,A01,1.0,7.0,0,1,3,1,0.0,
202400031007,155 727 165,B01,1.0,33.0,0,2,1,2,1.0,
202400031008,155 727 162,B01,3.0,2.0,0,2,1,1,1.0,
202400031009,155 727 161,B01,1.0,15.0,0,2,3,21,1.0,
202400031010,155 727 159,A01,1.0,7.0,0,2,2,16,3.0,
202400031011,155 727 156,A01,3.0,7.0,0,2,3,1,1.0,
202400031012,155 727 155,B01,1.0,7.0,0,1,1,1,1.0,
202400031013,155 727 152,C01,2.0,1.0,0,2,1,2,5.0,
202400031014,155 727 149,A01,2.0,7.0,0,2,1,0,1.0,
202400031015,155 727 147,A01,1.0,2.0,0,2,1,1,1.0,
202400031016,155 727 146,A01,1.0,7.0,0,1,2,2,1.0,
202400031017,155 727 151,A01,2.0,1.0,0,1,1,1,5.0,
202400031018,155 727 144,A01,1.0,7.0,0,2,7,15,1.0,
202400031019,155 727 142,B01,2.0,50.0,0,2,3,1,3.0,
202400031020,155 727 141,A01,3.0,7.0,0,1,1,26,1.0,
202400031021,155 727 138,A01,2.0,10.0,6,1,1,21,1.0,
202400031022,155 727 139,A01,1.0,7.0,0,2,2,1,1.0,
202400031023,155 727 136,A01,3.0,7.0,5,0,1,1,1.0,
202400031024,155 727 135,A01,2.0,7.0,0,2,8,10,1.0,
202400031025,155 727 134,A01,1.0,7.0,13,0,1,1,1.0,
202400031026,155 727 132,B01,2.0,1.0,0,2,1,1,5.0,
202400031027,155 727 131,A01,1.0,7.0,13,0,8,1,1.0,
202400031028,155 727 127,A01,2.0,7.0,0,2,2,15,1.0,
202400031029,155 727 126,A01,2.0,33.0,0,2,0,3,1.0,
202400031030,155 727 125,A01,1.0,40.0,0,1,1,1,3.0,
202400031031,155 727 123,A01,1.0,7.0,0,9,6,26,1.0,
202400031032,155 727 121,B01,2.0,1.0,0,2,6,1,5.0,
202400031033,155 727 119,B01,2.0,7.0,0,0,5,1,1.0,
202400031034,155 727 116,B01,1.0,50.0,0,2,1,1,3.0,
202400031035,155 727 113,B01,3.0,2.0,0,2,1,1,1.0,
202400031036,155 727 112,A01,1.0,2.0,8,1,1,25,1.0,
202400031037,155 727 110,A01,2.0,7.0,0,2,1,5,1.0,
202400031038,155 727 109,A01,3.0,7.0,0,1,1,26,1.0,
202400031039,155 727 115,B01,2.0,7.0,0,2,4,1,1.0,
202400031040,155 727 107,A01,1.0,13.0,0,9,8,2,1.0,
202400031041,155 727 105,A01,1.0,7.0,0,2,1,1,0.0,
202400031042,155 727 103,A01,1.0,10.0,0,2,1,2,1.0,
202400031043,155 727 101,A01,2.0,7.0,0,2,1,2,1.0,
202400031044,155 727 100,A01,2.0,7.0,4,0,3,1,1.0,
202400031045,155 727 098,A01,1.0,7.0,0,2,1,2,1.0,
202400031046,155 727 097,A01,1.0,33.0,0,2,2,1,1.0,
202400031047,155 727 094,A01,2.0,7.0,0,2,1,1,1.0,
202400031048,155 727 091,C01,1.0,10.0,0,2,4,2,1.0,
202400031049,155 727 090,A01,1.0,7.0,4,0,3,13,1.0,
202400031050,155 727 088,A01,0.0,7.0,0,2,5,19,1.0,
202400031051,155 727 087,A01,1.0,7.0,0,1,1,0,0.0,
202400031052,155 727 085,B01,1.0,30.0,1,2,1,1,1.0,
202400031053,155 727 084,A01,1.0,10.0,0,1,2,1,1.0,
202400031054,155 727 082,A01,3.0,7.0,0,2,3,15,1.0,
202400031055,155 727 081,A01,3.0,7.0,0,1,2,16,1.0,
202400031056,155 727 079,B01,3.0,60.0,0,2,1,1,5.0,
202400031057,155 727 076,B01,2.0,7.0,0,2,3,1,1.0,
202400031058,155 727 075,A01,3.0,7.0,0,1,4,4,1.0,
202400031059,155 727 073,B01,1.0,7.0,0,2,7,1,1.0,
202400031060,155 727 071,A01,2.0,50.0,0,2,1,17,3.0,
202400031061,155 727 069,A01,2.0,7.0,0,2,1,16,1.0,
202400031062,155 727 067,A01,2.0,7.0,0,2,1,13,1.0,
202400031063,155 727 065,A01,2.0,33.0,0,2,3,13,1.0,
202400031064,155 727 063,A01,1.0,7.0,0,2,6,9,1.0,
202400031065,155 727 061,A01,2.0,2.0,0,2,1,2,1.0,
202400031066,155 727 058,B01,2.0,7.0,0,2,4,23,1.0,
202400031067,155 727 057,A01,2.0,7.0,0,1,2,1,1.0,
202400031068,155 727 055,B01,3.0,1.0,0,2,8,15,5.0,
202400031069,155 727 053,A01,3.0,7.0,0,2,3,15,1.0,
202400031070,155 727 052,A01,3.0,7.0,15,0,2,1,1.0,
202400031071,155 727 050,A01,2.0,7.0,0,2,8,15,1.0,
202400031072,155 727 049,A01,3.0,2.0,0,2,1,15,1.0,
202400031073,155 727 048,A01,3.0,7.0,9,0,1,14,1.0,
202400031074,155 727 047,A01,1.0,7.0,0,1,3,1,1.0,
202400031075,155 727 045,Y01,0.0,99.0,0,2,0,26,0.0,
202400031076,155 727 044,A01,1.0,40.0,0,1,1,1,3.0,
202400031077,155 727 042,A01,2.0,7.0,0,2,3,1,1.0,
202400031078,155 727 041,A01,1.0,7.0,0,1,2,1,1.0,
202400031079,155 727 039,B01,3.0,1.0,0,2,8,1,5.0,
202400031080,155 727 037,A01,1.0,50.0,0,2,1,0,3.0,
202400031081,155 727 035,A01,3.0,7.0,0,2,2,1,0.0,
202400031082,155 727 033,A01,3.0,33.0,0,0,0,0,1.0,
202400031083,155 727 031,B01,3.0,7.0,0,2,1,1,2.0,
202400031084,155 727 029,A01,1.0,10.0,0,2,3,16,1.0,
202400031085,155 727 028,A01,1.0,7.0,15,0,1,15,1.0,
202400031086,155 727 027,A01,1.0,7.0,0,1,1,1,1.0,
202400031087,155 727 026,A01,1.0,10.0,0,0,1,1,1.0,
202400031088,155 727 024,A01,2.0,7.0,0,2,1,17,1.0,
202400031089,155 727 022,B01,3.0,2.0,0,2,7,1,1.0,
202400031090,155 727 020,B01,1.0,7.0,6,2,2,1,1.0,
202400031091,155 727 019,A01,2.0,7.0,8,0,1,2,1.0,
202400031092,155 727 018,A01,2.0,7.0,0,0,1,14,1.0,
202400031093,155 727 016,B01,1.0,7.0,0,2,1,1,1.0,
202400031094,155 727 015,A01,2.0,7.0,0,1,1,1,1.0,
202400031095,155 727 014,A01,2.0,7.0,0,1,1,21,1.0,
202400031096,155 727 012,B01,3.0,2.0,0,2,2,17,1.0,
202400031097,155 727 011,A01,0.0,7.0,0,0,1,1,1.0,
202400031098,155 727 009,A01,1.0,7.0,0,2,8,15,1.0,
202400031099,155 727 007,B01,2.0,50.0,0,2,8,19,3.0,
202400031100,155 727 005,A01,1.0,31.0,0,2,1,17,1.0,
202400031101,155 727 003,A01,2.0,7.0,0,2,2,3,1.0,
202400031102,155 727 001,B01,1.0,7.0,0,2,4,2,2.0,
202400031103,155 726 999,Z01,1.0,7.0,0,2,7,12,0.0,
202400031104,155 726 997,B01,2.0,7.0,0,2,4,2,1.0,
202400031105,155 726 994,A01,1.0,31.0,0,2,1,3,1.0,
202400031106,155 726 992,B01,1.0,7.0,0,2,3,1,1.0,
202400031107,155 726 990,A01,2.0,31.0,0,0,0,7,1.0,
202400031108,155 726 987,A01,1.0,7.0,12,0,2,16,2.0,
202400031109,155 726 985,A01,3.0,7.0,0,0,1,16,1.0,
202400031110,155 726 984,A01,1.0,30.0,0,0,0,0,1.0,
202400031111,155 726 983,A01,1.0,7.0,14,0,8,1,1.0,
202400031112,155 726 982,A01,1.0,7.0,2,0,3,14,1.0,
202400031113,155 726 979,A01,2.0,7.0,0,2,1,2,1.0,
202400031114,155 726 978,B01,1.0,7.0,0,0,1,1,1.0,
202400031115,155 726 976,B01,2.0,32.0,0,2,1,1,1.0,
202400031116,155 726 974,A01,2.0,7.0,0,2,3,15,2.0,
202400031117,155 726 973,A01,1.0,31.0,0,1,1,9,1.0,
202400031118,155 726 971,B01,2.0,2.0,0,2,1,1,1.0,
202400031119,155 726 970,A01,1.0,7.0,0,1,4,4,1.0,
202400031120,155 726 968,A01,2.0,30.0,0,1,7,1,1.0,
202400031121,155 726 967,A01,1.0,30.0,0,2,1,15,1.0,
202400031122,155 726 964,B01,3.0,7.0,0,2,4,2,2.0,
202400031123,155 726 963,A01,2.0,13.0,0,2,7,12,1.0,
202400031124,155 726 959,A01,1.0,7.0,1,0,1,14,1.0,
202400031125,155 726 958,C01,2.0,7.0,0,2,1,0,1.0,
202400031126,155 726 954,A01,3.0,7.0,0,2,2,26,1.0,
202400031127,155 726 953,A01,2.0,10.0,0,2,1,2,1.0,
202400031128,155 726 951,A01,1.0,7.0,17,0,1,14,1.0,
202400031129,155 726 950,A01,1.0,7.0,1,0,1,1,1.0,
202400031130,155 726 948,A01,0.0,7.0,0,1,4,20,1.0,
202400031131,155 726 947,A01,2.0,7.0,0,2,2,17,0.0,
202400031132,155 726 946,A01,0.0,7.0,0,0,2,1,1.0,
202400031133,155 726 944,A01,1.0,7.0,0,9,3,15,1.0,
202400031134,155 726 942,A01,2.0,50.0,0,9,1,13,3.0,
202400031135,155 726 939,B01,1.0,1.0,0,2,4,0,5.0,
202400031136,155 726 940,A01,2.0,7.0,14,0,1,1,1.0,
202400031137,155 726 938,A01,3.0,7.0,0,1,1,1,1.0,
202400031138,155 726 934,A01,1.0,7.0,0,2,1,19,1.0,
202400031139,155 726 935,A01,1.0,7.0,0,2,0,11,1.0,
202400031140,155 726 932,A01,0.0,7.0,6,0,1,0,1.0,
202400031141,155 726 931,A01,2.0,7.0,0,2,3,1,1.0,
202400031142,155 726 930,A01,1.0,7.0,13,0,1,0,1.0,
202400031143,155 726 927,B01,1.0,7.0,0,2,6,2,1.0,
202400031144,155 726 925,C01,2.0,7.0,0,2,1,1,3.0,
202400031145,155 726 923,B01,1.0,7.0,0,2,1,1,1.0,
202400031146,155 726 921,A01,2.0,32.0,4,0,1,1,1.0,
202400031147,155 726 917,B01,3.0,7.0,0,2,3,15,1.0,
202400031148,155 726 916,D01,2.0,7.0,0,2,8,1,1.0,
202400031149,155 726 915,A01,1.0,7.0,0,1,3,19,1.0,
202400031150,155 726 913,A01,1.0,7.0,1,0,1,2,1.0,
202400031151,155 726 911,A01,1.0,7.0,0,2,2,5,1.0,
202400031152,155 726 909,A01,1.0,7.0,0,2,6,23,1.0,
202400031153,155 726 908,A01,2.0,7.0,5,0,0,13,1.0,
202400031154,155 726 907,A01,2.0,7.0,0,0,-1,1,1.0,
202400031155,155 726 906,A01,2.0,7.0,13,0,0,0,1.0,
202400031156,155 726 903,A01,1.0,7.0,0,2,3,1,1.0,
202400031157,155 726 902,B01,2.0,7.0,0,2,0,0,1.0,
202400031158,155 726 901,A01,2.0,7.0,0,1,0,24,1.0,
202400031159,155 726 900,A01,2.0,7.0,0,1,0,1,1.0,
202400031160,155 726 898,A01,2.0,7.0,0,2,2,1,1.0,
202400031161,155 726 897,A01,1.0,10.0,0,0,0,0,1.0,
202400031162,155 726 895,A01,1.0,7.0,0,2,4,1,3.0,
202400031163,155 726 893,A01,2.0,7.0,0,2,1,2,1.0,
202400031164,155 726 891,A01,1.0,2.0,0,2,1,1,1.0,
202400031165,155 726 890,A01,2.0,7.0,0,1,3,1,1.0,
202400031166,155 726 888,A01,2.0,7.0,16,2,9,26,6.0,
202400031167,155 726 886,B01,1.0,7.0,0,2,3,1,2.0,
202400031168,155 726 883,B01,2.0,7.0,0,2,4,1,1.0,
202400031169,155 726 882,A01,1.0,33.0,0,1,2,26,1.0,
202400031170,155 726 880,A01,2.0,7.0,0,2,1,1,1.0,
202400031171,155 726 876,B01,1.0,2.0,0,2,3,1,3.0,
202400031172,155 726 874,B01,1.0,37.0,0,2,8,2,1.0,4
202400031173,155 726 872,B01,3.0,7.0,0,2,7,1,1.0,
202400031174,155 726 871,A01,2.0,7.0,0,1,1,1,1.0,
202400031175,155 726 870,A01,2.0,7.0,2,0,2,14,1.0,
202400031176,155 726 868,B01,1.0,7.0,0,2,8,1,1.0,
202400031177,155 726 866,B01,3.0,1.0,0,2,4,1,5.0,
202400031178,155 726 864,A01,3.0,7.0,0,2,3,9,1.0,
202400031179,155 726 863,A01,1.0,33.0,0,0,7,26,1.0,
202400031180,155 726 862,A01,3.0,7.0,13,0,1,26,1.0,
202400031181,155 726 860,A01,3.0,60.0,0,2,5,1,5.0,
202400031182,155 726 859,Z01,1.0,7.0,0,1,1,0,0.0,
202400031183,155 726 857,A01,1.0,7.0,0,2,3,13,1.0,
202400031184,155 726 855,A01,2.0,7.0,0,2,7,12,1.0,
202400031185,155 726 853,A01,1.0,10.0,0,2,1,2,1.0,
202400031186,155 726 851,A01,1.0,7.0,0,2,7,12,1.0,
202400031187,155 726 847,B01,1.0,7.0,0,2,4,2,1.0,
202400031188,155 726 845,A01,1.0,43.0,0,2,1,2,1.0,
202400031189,155 726 844,A01,2.0,7.0,0,1,7,1,2.0,
202400031190,155 726 842,B01,3.0,33.0,0,2,3,1,1.0,
202400031191,155 726 836,A01,2.0,10.0,0,2,1,1,1.0,
202400031192,155 726 834,A01,2.0,1.0,0,2,8,1,5.0,
202400031193,155 726 833,A01,1.0,2.0,0,0,2,2,3.0,
202400031194,155 726 832,A01,1.0,30.0,0,0,2,1,3.0,
202400031195,155 726 830,B01,1.0,7.0,0,2,5,1,1.0,
202400031196,155 726 829,A01,3.0,7.0,0,1,2,1,2.0,
202400031197,155 726 827,A01,1.0,7.0,0,2,1,1,1.0,
202400031198,155 726 826,A01,2.0,7.0,12,0,2,14,1.0,
202400031199,155 726 824,A01,2.0,7.0,0,2,3,1,1.0,
202400031200,155 726 823,A01,3.0,7.0,2,0,3,1,1.0,
202400031201,155 726 820,A01,2.0,7.0,0,2,3,1,1.0,
202400031202,155 726 819,A01,1.0,7.0,13,0,1,6,1.0,
202400031203,155 726 816,A01,1.0,7.0,0,2,3,1,1.0,
202400031204,155 726 815,A01,1.0,10.0,13,0,9,1,1.0,
202400031205,155 726 813,A01,2.0,7.0,13,2,2,26,1.0,
202400031206,155 726 811,B01,1.0,7.0,0,2,1,1,1.0,
202400031207,155 726 810,A01,1.0,7.0,13,0,8,1,1.0,
202400031208,155 726 807,A01,1.0,7.0,0,2,7,5,1.0,
202400031209,155 726 805,B01,2.0,7.0,0,2,1,1,1.0,
202400031210,155 726 804,A01,1.0,7.0,14,0,1,14,1.0,
202400031211,155 726 803,A01,1.0,7.0,4,0,1,1,1.0,
202400031212,155 726 801,A01,1.0,7.0,0,2,3,13,1.0,
202400031213,155 726 800,A01,1.0,7.0,0,0,0,21,1.0,
202400031214,155 726 798,A01,2.0,33.0,0,2,1,13,1.0,
202400031215,155 726 796,A01,1.0,7.0,0,2,3,19,1.0,
202400031216,155 726 794,A01,2.0,50.0,0,2,3,15,3.0,
202400031217,155 726 792,B01,1.0,7.0,0,0,4,23,1.0,
202400031218,155 726 791,A01,2.0,7.0,16,0,0,0,1.0,
202400031219,155 726 790,A01,2.0,7.0,0,0,0,2,1.0,
202400031220,155 726 788,B01,2.0,7.0,0,2,1,1,1.0,
202400031221,155 726 785,A01,1.0,15.0,0,2,3,13,1.0,
202400031222,155 726 784,B01,2.0,1.0,0,2,8,1,5.0,
202400031223,155 726 782,A01,1.0,7.0,0,0,7,6,1.0,
202400031224,155 726 778,A01,1.0,10.0,0,0,4,23,1.0,
202400031225,155 726 779,B01,1.0,7.0,0,2,4,20,1.0,
202400031226,155 726 776,A01,1.0,33.0,0,2,1,2,1.0,
202400031227,155 726 775,A01,3.0,7.0,0,2,1,1,1.0,
202400031228,155 726 771,A01,1.0,33.0,0,1,1,1,1.0,
202400031229,155 726 769,B01,2.0,7.0,0,0,1,23,1.0,
202400031230,155 726 767,A01,2.0,32.0,0,2,1,17,1.0,
202400031231,155 726 766,A01,1.0,7.0,6,0,1,1,1.0,
202400031232,155 726 764,A01,2.0,2.0,0,2,1,5,1.0,
202400031233,155 726 762,B01,2.0,7.0,0,2,8,15,1.0,
202400031234,155 726 760,A01,2.0,7.0,0,2,1,13,1.0,
202400031235,155 726 759,A01,1.0,7.0,0,1,3,1,1.0,
202400031236,155 726 756,A01,1.0,32.0,0,2,8,11,1.0,
202400031237,155 726 755,B01,1.0,7.0,0,2,1,1,1.0,
202400031238,155 726 752,B01,1.0,1.0,0,2,7,1,5.0,
202400031239,155 726 753,A01,2.0,10.0,2,0,9,14,1.0,
202400031240,155 726 751,A01,2.0,40.0,0,1,7,1,3.0,
202400031241,155 726 749,A01,3.0,10.0,0,2,8,2,1.0,
202400031242,155 726 747,A01,2.0,7.0,0,2,1,19,2.0,
202400031243,155 726 744,B01,2.0,2.0,0,2,1,1,0.0,
202400031244,155 726 743,A01,0.0,7.0,0,2,1,15,1.0,
202400031245,155 726 742,A01,2.0,7.0,0,1,2,1,1.0,
202400031246,155 726 741,A01,0.0,50.0,0,1,1,0,3.0,
202400031247,155 726 739,A01,1.0,7.0,0,2,4,2,1.0,
202400031248,155 726 735,A01,1.0,7.0,0,2,8,10,1.0,
202400031249,155 726 734,C01,2.0,10.0,1,0,2,2,1.0,
202400031250,155 726 731,A01,1.0,7.0,4,2,1,1,1.0,
202400031251,155 726 730,B01,1.0,7.0,0,2,3,1,1.0,
202400031252,155 726 727,A01,1.0,10.0,0,1,2,26,1.0,
202400031253,155 726 725,A01,2.0,7.0,0,2,7,5,1.0,
202400031254,155 726 721,A01,2.0,43.0,0,2,1,12,1.0,
202400031255,155 726 722,B01,3.0,7.0,0,2,4,2,1.0,
202400031256,155 726 720,A01,1.0,7.0,4,0,4,0,1.0,
202400031257,155 726 718,A01,3.0,7.0,0,2,1,1,1.0,
202400031258,155 726 717,A01,2.0,7.0,0,2,1,2,1.0,
202400031259,155 726 713,B01,1.0,33.0,0,2,1,1,1.0,
202400031260,155 726 714,A01,3.0,7.0,0,2,1,13,1.0,
202400031261,155 726 709,A01,3.0,7.0,0,2,1,1,1.0,
202400031262,155 726 704,C01,2.0,7.0,0,2,4,1,1.0,
202400031263,155 726 705,A01,3.0,7.0,0,1,1,1,1.0,
202400031264,155 726 701,A01,2.0,7.0,0,2,3,1,1.0,
202400031265,155 726 702,A01,1.0,3.0,0,1,2,0,1.0,
202400031266,155 726 698,B01,2.0,10.0,0,2,8,26,0.0,
202400031267,155 726 697,B01,2.0,7.0,0,2,3,1,1.0,
202400031268,155 726 694,A01,2.0,7.0,3,2,1,1,1.0,
202400031269,155 726 693,B01,1.0,7.0,0,2,2,1,1.0,
202400031270,155 726 692,A01,1.0,33.0,3,0,0,1,1.0,
202400031271,155 726 690,A01,1.0,7.0,0,2,2,2,1.0,
202400031272,155 726 689,A01,2.0,7.0,0,2,1,1,1.0,
202400031273,155 726 688,A01,3.0,7.0,0,1,1,18,1.0,
202400031274,155 726 686,A01,2.0,7.0,0,2,1,12,1.0,
202400031275,155 726 683,A01,3.0,33.0,0,2,7,17,1.0,
202400031276,155 726 681,C01,1.0,7.0,0,2,2,1,2.0,
202400031277,155 726 680,A01,3.0,7.0,0,1,2,15,1.0,
202400031278,155 726 678,B01,2.0,7.0,0,2,4,1,1.0,
202400031279,155 726 675,B01,2.0,7.0,0,2,1,21,1.0,
202400031280,155 726 674,Z01,0.0,1.0,0,9,1,19,5.0,
202400031281,155 726 672,A01,2.0,1.0,1,2,3,1,5.0,
202400031282,155 726 668,A01,2.0,7.0,0,2,3,16,1.0,
202400031283,155 726 669,B01,1.0,1.0,0,2,1,1,5.0,
202400031284,155 726 667,A01,1.0,7.0,5,0,2,14,1.0,
202400031285,155 726 666,A01,3.0,33.0,0,5,1,1,1.0,
202400031286,155 726 664,B01,2.0,2.0,0,2,7,1,1.0,
202400031287,155 726 662,A01,3.0,7.0,4,0,1,9,1.0,
202400031288,155 726 660,A01,2.0,7.0,0,2,3,1,1.0,
202400031289,155 726 658,C01,1.0,7.0,4,2,6,2,1.0,
202400031290,155 726 657,A01,3.0,10.0,0,1,4,25,1.0,
202400031291,155 726 655,A01,1.0,7.0,0,2,1,1,1.0,
202400031292,155 726 652,A01,3.0,10.0,0,2,2,16,0.0,
202400031293,155 726 653,A01,3.0,33.0,14,0,1,17,1.0,
202400031294,155 726 650,A01,1.0,7.0,0,2,2,15,1.0,
202400031295,155 726 649,A01,1.0,7.0,0,0,3,26,1.0,
202400031296,155 726 648,A01,1.0,31.0,12,0,1,17,1.0,
202400031297,155 726 646,A01,2.0,80.0,0,0,7,15,3.0,
202400031298,155 726 642,B01,0.0,10.0,0,2,7,16,1.0,
202400031299,155 726 640,A01,1.0,7.0,0,2,7,15,1.0,
202400031300,155 726 639,A01,2.0,7.0,13,0,1,13,1.0,
202400031301,155 726 637,A01,1.0,10.0,0,2,1,2,1.0,
202400031302,155 726 635,A01,3.0,7.0,0,1,2,1,1.0,
202400031303,155 726 636,A01,2.0,7.0,0,1,2,16,1.0,
202400031304,155 726 633,A01,2.0,7.0,0,2,7,15,1.0,
202400031305,155 726 630,A01,2.0,7.0,0,2,3,15,1.0,
202400031306,155 726 629,B01,3.0,50.0,0,2,1,1,3.0,
202400031307,155 726 628,A01,2.0,3.0,15,0,1,1,1.0,
202400031308,155 726 624,A01,1.0,7.0,0,2,1,1,1.0,
202400031309,155 726 621,C01,2.0,7.0,0,0,0,0,1.0,
202400031310,155 726 619,B01,2.0,7.0,0,2,4,23,1.0,
202400031311,155 726 616,B01,3.0,50.0,0,2,2,19,3.0,
202400031312,155 726 622,A01,2.0,7.0,0,2,3,2,1.0,
202400031313,155 726 613,A01,2.0,33.0,2,0,0,0,1.0,
202400031314,155 726 611,A01,3.0,7.0,0,2,1,1,1.0,
202400031315,155 726 610,A01,1.0,7.0,0,0,0,9,1.0,
202400031316,155 726 607,A01,0.0,7.0,0,2,5,17,1.0,
202400031317,155 726 605,A01,3.0,7.0,0,1,1,1,1.0,
202400031318,155 726 603,A01,0.0,7.0,0,1,5,20,1.0,
202400031319,155 726 601,A01,3.0,7.0,8,0,1,13,1.0,
202400031320,155 726 602,B01,2.0,7.0,0,2,3,1,1.0,
202400031321,155 726 599,A01,2.0,50.0,0,2,8,2,3.0,
202400031322,155 726 597,A01,1.0,7.0,0,1,3,16,1.0,
202400031323,155 726 595,A01,1.0,7.0,6,0,1,0,1.0,
202400031324,155 726 596,A01,2.0,7.0,0,2,3,15,1.0,
202400031325,155 726 594,A01,1.0,7.0,6,2,1,0,1.0,
202400031326,155 726 592,A01,2.0,7.0,8,0,3,26,1.0,
202400031327,155 726 589,C01,1.0,10.0,0,2,1,1,1.0,
202400031328,155 726 588,A01,2.0,7.0,0,1,1,1,1.0,
202400031329,155 726 586,A01,2.0,10.0,0,1,7,1,1.0,
202400031330,155 726 587,B01,3.0,1.0,0,2,2,26,5.0,
202400031331,155 726 584,A01,2.0,7.0,0,2,2,15,1.0,
202400031332,155 726 583,A01,1.0,7.0,0,1,1,1,2.0,
202400031333,155 726 580,B01,3.0,7.0,0,2,4,0,1.0,
202400031334,155 726 578,A01,1.0,2.0,0,1,1,1,3.0,
202400031335,155 726 579,A01,1.0,7.0,0,2,2,16,1.0,
202400031336,155 726 577,Z01,0.0,7.0,0,1,0,0,1.0,
202400031337,155 726 575,A01,1.0,7.0,0,1,1,10,1.0,
202400031338,155 726 573,B01,2.0,7.0,0,2,1,0,2.0,
202400031339,155 726 572,A01,1.0,7.0,0,2,3,15,1.0,
202400031340,155 726 569,A01,3.0,7.0,0,2,1,13,1.0,
202400031341,155 726 568,B01,1.0,1.0,1,2,1,1,5.0,
202400031342,155 726 567,A01,1.0,7.0,0,1,2,1,1.0,
202400031343,155 726 564,A01,1.0,7.0,0,1,4,4,1.0,
202400031344,155 726 563,Z01,2.0,0.0,0,0,0,0,0.0,
202400031345,155 726 561,A01,1.0,10.0,0,2,1,2,1.0,
202400031346,155 726 559,B01,2.0,7.0,0,0,6,23,1.0,
202400031347,155 726 558,A01,3.0,7.0,8,0,3,1,1.0,
202400031348,155 726 557,A01,2.0,80.0,0,1,1,17,3.0,
202400031349,155 726 554,A01,1.0,7.0,0,2,4,2,1.0,
202400031350,155 726 553,A01,2.0,10.0,0,1,1,1,1.0,
202400031351,155 726 552,B01,3.0,7.0,0,2,3,1,1.0,
202400031352,155 726 549,B01,1.0,31.0,0,2,1,1,1.0,
202400031353,155 726 548,A01,2.0,33.0,0,2,1,1,1.0,
202400031354,155 726 545,A01,2.0,7.0,0,0,0,1,1.0,
202400031355,155 726 542,B01,1.0,7.0,0,2,1,2,1.0,
202400031356,155 726 541,A01,2.0,7.0,13,0,1,1,1.0,
202400031357,155 726 540,A01,3.0,30.0,0,0,0,0,1.0,
202400031358,155 726 538,A01,3.0,2.0,0,2,3,1,1.0,
202400031359,155 726 532,A01,2.0,50.0,0,2,1,1,3.0,
202400031360,155 726 535,A01,1.0,7.0,0,2,3,13,1.0,
202400031361,155 726 530,A01,1.0,80.0,0,2,1,1,3.0,
202400031362,155 726 528,A01,2.0,7.0,0,1,1,1,1.0,
202400031363,155 726 526,A01,2.0,7.0,0,0,1,26,1.0,
202400031364,155 726 527,A01,2.0,7.0,0,2,3,1,1.0,
202400031365,155 726 523,A01,3.0,10.0,0,1,4,4,1.0,
202400031366,155 726 522,B01,1.0,7.0,0,2,4,2,1.0,
202400031367,155 726 520,A01,0.0,30.0,0,2,1,5,1.0,
202400031368,155 726 519,A01,2.0,7.0,0,2,7,16,1.0,
202400031369,155 726 517,A01,2.0,7.0,0,1,1,26,1.0,