Num_Acc,id_vehicule,num_veh,senc,catv,obs,obsm,choc,manv,motor,occutc
202400031370,155 726 516,A01,2.0,7.0,0,2,4,23,1.0,
202400031371,155 726 514,B01,2.0,7.0,0,2,4,2,3.0,
202400031372,155 726 511,A01,3.0,50.0,0,1,1,25,3.0,
202400031373,155 726 509,B01,1.0,7.0,0,2,1,1,0.0,
202400031374,155 726 507,A01,3.0,7.0,0,2,1,1,1.0,
202400031375,155 726 504,A01,3.0,7.0,0,2,1,13,1.0,
202400031376,155 726 505,B01,1.0,2.0,0,2,7,17,1.0,
202400031377,155 726 501,A01,1.0,7.0,0,2,1,8,1.0,
202400031378,155 726 499,A01,2.0,30.0,0,2,1,1,1.0,
202400031379,155 726 498,A01,1.0,7.0,0,2,1,2,1.0,
202400031380,155 726 497,A01,1.0,7.0,4,0,0,16,1.0,
202400031381,155 726 494,B01,2.0,50.0,0,2,1,1,3.0,
202400031382,155 726 495,A01,1.0,7.0,0,1,1,15,2.0,
202400031383,155 726 488,A01,2.0,7.0,0,2,3,13,1.0,
202400031384,155 726 492,A01,3.0,34.0,0,2,1,26,1.0,
202400031385,155 726 487,A01,2.0,33.0,0,0,7,1,1.0,
202400031386,155 726 486,A01,1.0,37.0,0,1,2,1,1.0,1
202400031387,155 726 485,A01,2.0,32.0,0,1,1,1,1.0,
202400031388,155 726 483,A01,2.0,7.0,8,0,2,14,1.0,
202400031389,155 726 484,A01,1.0,7.0,0,1,1,16,1.0,
202400031390,155 726 482,A01,3.0,7.0,0,1,1,0,1.0,
202400031391,155 726 480,A01,0.0,7.0,0,1,1,20,0.0,
202400031392,155 726 481,A01,1.0,7.0,0,1,0,1,1.0,
202400031393,155 726 476,B01,1.0,34.0,0,2,4,26,1.0,
202400031394,155 726 474,B01,1.0,7.0,0,2,4,0,1.0,
202400031395,155 726 473,B01,2.0,7.0,0,2,4,1,1.0,
202400031396,155 726 472,A01,2.0,7.0,0,1,3,15,1.0,
202400031397,155 726 471,A01,2.0,7.0,0,1,1,1,1.0,
202400031398,155 726 470,A01,2.0,7.0,0,1,2,15,2.0,
202400031399,155 726 469,A01,1.0,1.0,0,9,8,0,5.0,
202400031400,155 726 467,A01,1.0,7.0,0,2,1,2,1.0,
202400031401,155 726 463,B01,2.0,7.0,0,2,4,2,1.0,
202400031402,155 726 462,B01,1.0,7.0,2,2,1,21,1.0,
202400031403,155 726 459,A01,1.0,7.0,0,2,3,1,1.0,
202400031404,155 726 458,B01,2.0,33.0,0,2,1,1,1.0,
202400031405,155 726 456,A01,3.0,7.0,0,2,3,5,1.0,
202400031406,155 726 455,A01,2.0,7.0,6,0,1,26,1.0,
202400031407,155 726 454,A01,2.0,7.0,2,0,7,1,1.0,
202400031408,155 726 451,A01,3.0,7.0,0,1,4,26,1.0,
202400031409,155 726 453,A01,3.0,7.0,0,1,8,15,3.0,
202400031410,155 726 450,A01,3.0,7.0,0,2,2,15,3.0,
202400031411,155 726 449,A01,1.0,7.0,2,0,1,1,1.0,
202400031412,155 726 446,A01,1.0,7.0,1,2,3,13,1.0,
202400031413,155 726 443,B01,1.0,7.0,0,2,6,23,1.0,
202400031414,155 726 442,A01,2.0,80.0,0,2,6,1,3.0,
202400031415,155 726 441,A01,1.0,33.0,0,2,3,5,1.0,
202400031416,155 726 439,A01,2.0,7.0,0,2,1,2,1.0,
202400031417,155 726 433,B01,1.0,7.0,0,2,5,12,1.0,
202400031418,155 726 434,A01,1.0,7.0,12,2,3,13,2.0,
202400031419,155 726 437,A01,1.0,7.0,2,0,3,13,2.0,
202400031420,155 726 430,A01,2.0,7.0,0,2,1,1,1.0,
202400031421,155 726 428,A01,1.0,7.0,0,1,4,4,2.0,
202400031422,155 726 427,A01,1.0,7.0,16,0,9,17,1.0,
202400031423,155 726 426,A01,1.0,33.0,0,2,1,12,1.0,
202400031424,155 726 425,A01,2.0,7.0,0,1,1,1,1.0,
202400031425,155 726 422,A01,1.0,3.0,0,0,9,0,1.0,
202400031426,155 726 420,B01,3.0,7.0,0,2,4,2,1.0,
202400031427,155 726 416,A01,1.0,7.0,0,1,2,1,1.0,
202400031428,155 726 417,D01,1.0,10.0,0,2,4,23,1.0,
202400031429,155 726 414,A01,0.0,7.0,1,0,0,0,1.0,
202400031430,155 726 413,A01,2.0,33.0,0,2,1,2,1.0,
202400031431,155 726 410,A01,2.0,1.0,0,2,4,1,5.0,
202400031432,155 726 409,A01,1.0,33.0,0,2,8,17,1.0,
202400031433,155 726 407,A01,2.0,37.0,0,1,2,1,1.0,1
202400031434,155 726 404,A01,2.0,7.0,0,1,4,4,1.0,
202400031435,155 726 405,A01,1.0,2.0,0,2,3,24,3.0,
202400031436,155 726 403,A01,1.0,7.0,0,2,3,1,1.0,
202400031437,155 726 401,A01,1.0,15.0,4,0,2,1,1.0,
202400031438,155 726 397,A01,0.0,7.0,0,1,1,15,1.0,
202400031439,155 726 398,B01,1.0,32.0,0,2,8,1,1.0,
202400031440,155 726 399,A01,1.0,7.0,0,2,3,1,1.0,
202400031441,155 726 395,A01,2.0,7.0,0,2,1,5,1.0,
202400031442,155 726 393,A01,0.0,7.0,0,1,1,1,0.0,
202400031443,155 726 391,A01,1.0,7.0,0,1,1,1,1.0,
202400031444,155 726 390,A01,1.0,7.0,0,2,1,19,2.0,
202400031445,155 726 392,A01,2.0,40.0,0,1,2,1,3.0,
202400031446,155 726 388,A01,0.0,1.0,7,0,1,17,5.0,
202400031447,155 726 386,A01,1.0,31.0,0,2,1,21,1.0,
202400031448,155 726 385,B01,0.0,7.0,0,2,1,15,1.0,
202400031449,155 726 384,A01,2.0,7.0,0,1,2,1,1.0,
202400031450,155 726 381,A01,2.0,1.0,0,2,4,2,5.0,
202400031451,155 726 379,A01,1.0,50.0,0,2,8,18,3.0,
202400031452,155 726 377,B01,2.0,10.0,0,2,8,21,1.0,
202400031453,155 726 376,B01,3.0,1.0,0,2,1,16,5.0,
202400031454,155 726 374,A01,1.0,7.0,0,1,2,15,1.0,
202400031455,155 726 372,A01,0.0,1.0,0,2,4,26,5.0,
202400031456,155 726 370,A01,1.0,7.0,0,2,1,15,1.0,
202400031457,155 726 369,A01,1.0,31.0,0,0,0,1,1.0,
202400031458,155 726 368,A01,1.0,7.0,14,0,4,23,1.0,
202400031459,155 726 366,A01,0.0,7.0,0,1,1,1,2.0,
202400031460,155 726 362,B01,2.0,2.0,0,2,8,1,1.0,
202400031461,155 726 361,A01,1.0,30.0,0,2,1,17,1.0,
202400031462,155 726 360,C01,1.0,7.0,0,2,4,2,3.0,
202400031463,155 726 357,A01,2.0,7.0,0,0,9,13,1.0,
202400031464,155 726 355,A01,2.0,7.0,0,0,3,22,2.0,
202400031465,155 726 356,A01,2.0,33.0,0,2,1,2,1.0,
202400031466,155 726 352,A01,2.0,7.0,17,0,1,1,1.0,
202400031467,155 726 353,A01,2.0,1.0,0,2,1,1,5.0,
202400031468,155 726 349,B01,1.0,1.0,1,0,1,1,5.0,
202400031469,155 726 348,A01,1.0,7.0,0,2,8,15,2.0,
202400031470,155 726 347,A01,1.0,31.0,7,0,8,1,1.0,
202400031471,155 726 343,A01,3.0,7.0,8,0,1,1,1.0,
202400031472,155 726 344,A01,1.0,1.0,0,2,1,1,5.0,
202400031473,155 726 341,B01,2.0,7.0,0,2,8,1,2.0,
202400031474,155 726 338,C01,1.0,10.0,0,9,4,1,1.0,
202400031475,155 726 334,A01,1.0,7.0,0,2,2,1,1.0,
202400031476,155 726 336,A01,3.0,1.0,14,1,1,1,5.0,
202400031477,155 726 333,C01,1.0,1.0,0,2,2,1,5.0,
202400031478,155 726 331,A01,2.0,7.0,3,0,5,1,1.0,
202400031479,155 726 330,A01,1.0,33.0,0,1,3,2,1.0,
202400031480,155 726 329,A01,1.0,7.0,15,0,2,1,1.0,
202400031481,155 726 325,A01,2.0,50.0,0,0,0,1,3.0,
202400031482,155 726 323,B01,1.0,7.0,0,2,1,1,0.0,
202400031483,155 726 321,A01,1.0,10.0,0,2,1,1,1.0,
202400031484,155 726 322,A01,0.0,7.0,0,2,1,15,1.0,
202400031485,155 726 319,A01,2.0,32.0,15,0,1,0,1.0,
202400031486,155 726 316,A01,2.0,7.0,13,0,1,1,1.0,
202400031487,155 726 315,A01,1.0,10.0,0,2,1,5,1.0,
202400031488,155 726 314,A01,2.0,20.0,0,2,3,17,0.0,
202400031489,155 726 312,A01,2.0,34.0,0,2,0,15,1.0,
202400031490,155 726 308,A01,1.0,7.0,13,0,1,16,1.0,
202400031491,155 726 310,A01,3.0,7.0,0,1,3,1,1.0,
202400031492,155 726 309,A01,2.0,7.0,0,2,1,13,1.0,
202400031493,155 726 307,A01,1.0,33.0,11,0,0,6,1.0,
202400031494,155 726 303,A01,2.0,7.0,0,2,3,1,1.0,
202400031495,155 726 302,A01,2.0,7.0,0,2,1,10,1.0,
202400031496,155 726 301,A01,1.0,33.0,0,2,1,1,1.0,
202400031497,155 726 300,A01,2.0,33.0,0,0,3,1,1.0,
202400031498,155 726 298,A01,1.0,7.0,15,0,7,1,1.0,
202400031499,155 726 297,A01,3.0,7.0,1,0,2,2,1.0,
202400031500,155 726 295,B01,1.0,7.0,0,2,4,16,1.0,
202400031501,155 726 292,A01,2.0,1.0,0,2,4,2,5.0,
202400031502,155 726 293,A01,1.0,7.0,8,0,3,1,1.0,
202400031503,155 726 288,A01,3.0,7.0,14,0,1,1,0.0,
202400031504,155 726 289,A01,2.0,7.0,0,2,4,23,1.0,
202400031505,155 726 287,A01,1.0,33.0,13,0,1,1,1.0,
202400031506,155 726 286,A01,2.0,7.0,0,2,1,2,1.0,
202400031507,155 726 282,A01,2.0,7.0,0,2,3,26,1.0,
202400031508,155 726 280,B01,1.0,21.0,0,2,1,21,0.0,
202400031509,155 726 279,A01,2.0,7.0,0,2,3,5,3.0,
202400031510,155 726 278,B01,2.0,80.0,0,0,4,13,3.0,
202400031511,155 726 277,A01,2.0,7.0,2,0,3,1,1.0,
202400031512,155 726 273,B01,2.0,7.0,0,2,3,15,1.0,
202400031513,155 726 271,A01,2.0,7.0,0,2,1,1,1.0,
202400031514,155 726 269,A01,1.0,7.0,6,0,1,1,2.0,
202400031515,155 726 263,B01,0.0,7.0,0,2,8,1,0.0,
202400031516,155 726 258,A01,2.0,33.0,0,0,8,1,1.0,
202400031517,155 726 259,B01,1.0,7.0,0,0,1,1,1.0,
202400031518,155 726 255,E01,2.0,7.0,0,9,1,1,1.0,
202400031519,155 726 254,A01,0.0,7.0,0,2,1,1,1.0,
202400031520,155 726 252,A01,2.0,7.0,2,0,1,2,1.0,
202400031521,155 726 248,A01,1.0,7.0,0,2,3,13,1.0,
202400031522,155 726 247,Y01,3.0,60.0,0,2,3,19,5.0,
202400031523,155 726 245,B01,1.0,33.0,0,2,1,1,1.0,
202400031524,155 726 243,A01,2.0,2.0,0,5,0,1,1.0,
202400031525,155 726 241,A01,1.0,33.0,0,2,1,2,1.0,
202400031526,155 726 240,A01,2.0,33.0,0,0,0,0,0.0,
202400031527,155 726 237,A01,1.0,7.0,17,0,1,1,1.0,
202400031528,155 726 239,A01,3.0,7.0,0,2,2,19,1.0,
202400031529,155 726 236,B01,3.0,1.0,0,2,1,26,5.0,
202400031530,155 726 233,B01,2.0,7.0,3,0,4,2,1.0,
202400031531,155 726 232,B01,1.0,7.0,0,2,4,2,3.0,
202400031532,155 726 227,B01,1.0,10.0,0,0,5,1,1.0,
202400031533,155 726 226,B01,2.0,7.0,1,2,3,1,1.0,
202400031534,155 726 225,A01,2.0,7.0,0,2,8,26,1.0,
202400031535,155 726 224,A01,2.0,7.0,0,2,2,19,1.0,
202400031536,155 726 221,A01,1.0,7.0,0,2,7,15,1.0,
202400031537,155 726 220,A01,2.0,7.0,13,0,2,14,1.0,
202400031538,155 726 219,B01,2.0,99.0,0,9,2,17,1.0,
202400031539,155 726 217,A01,1.0,7.0,1,0,1,14,1.0,
202400031540,155 726 215,B01,2.0,7.0,0,2,3,1,1.0,
202400031541,155 726 213,A01,1.0,7.0,0,2,4,1,1.0,
202400031542,155 726 211,A01,0.0,7.0,1,0,1,1,1.0,
202400031543,155 726 212,A01,2.0,7.0,0,9,0,16,1.0,
202400031544,155 726 210,A01,3.0,2.0,15,0,0,1,1.0,
202400031545,155 726 208,A01,2.0,7.0,15,0,2,1,1.0,
202400031546,155 726 207,B01,1.0,2.0,0,2,1,17,1.0,
202400031547,155 726 205,A01,1.0,2.0,0,0,0,1,1.0,
202400031548,155 726 204,A01,3.0,10.0,0,2,1,15,1.0,
202400031549,155 726 201,A01,1.0,7.0,0,2,3,13,1.0,
202400031550,155 726 200,A01,2.0,7.0,0,2,2,17,1.0,
202400031551,155 726 199,A01,2.0,7.0,3,1,2,1,1.0,
202400031552,155 726 196,A01,2.0,10.0,0,2,3,15,1.0,
202400031553,155 726 194,A01,1.0,7.0,3,0,1,9,1.0,
202400031554,155 726 193,A01,2.0,7.0,0,2,8,13,1.0,
202400031555,155 726 191,A01,2.0,7.0,0,2,6,15,1.0,
202400031556,155 726 186,B01,2.0,7.0,0,2,4,1,1.0,
202400031557,155 726 185,A01,1.0,7.0,0,2,1,20,1.0,
202400031558,155 726 184,A01,2.0,7.0,0,2,4,2,1.0,
202400031559,155 726 182,A01,2.0,33.0,0,0,3,14,1.0,
202400031560,155 726 181,A01,1.0,7.0,0,2,1,14,1.0,
202400031561,155 726 178,A01,2.0,7.0,0,2,8,1,1.0,
202400031562,155 726 176,A01,2.0,15.0,0,2,6,1,1.0,
202400031563,155 726 175,A01,1.0,7.0,6,0,1,13,1.0,
202400031564,155 726 174,A01,3.0,7.0,0,1,7,1,1.0,
202400031565,155 726 173,A01,1.0,15.0,13,0,8,2,1.0,
202400031566,155 726 172,A01,3.0,21.0,0,0,0,15,1.0,
202400031567,155 726 168,B01,3.0,2.0,0,2,1,1,3.0,
202400031568,155 726 167,A01,2.0,7.0,0,2,1,2,1.0,
202400031569,155 726 165,A01,1.0,33.0,0,2,1,1,1.0,
202400031570,155 726 163,A01,1.0,1.0,0,2,1,13,5.0,
202400031571,155 726 160,A01,2.0,33.0,0,2,1,16,1.0,
202400031572,155 726 159,A01,2.0,7.0,0,2,5,13,1.0,
202400031573,155 726 158,A01,1.0,7.0,16,0,0,14,1.0,
202400031574,155 726 157,A01,1.0,7.0,13,0,2,0,1.0,
202400031575,155 726 154,A01,2.0,3.0,0,2,8,15,3.0,
202400031576,155 726 152,A01,1.0,7.0,0,2,8,19,1.0,
202400031577,155 726 151,A01,2.0,15.0,0,0,5,26,1.0,
202400031578,155 726 150,A01,1.0,7.0,15,0,0,1,1.0,
202400031579,155 726 149,A01,2.0,32.0,0,0,1,26,1.0,
202400031580,155 726 147,A01,1.0,7.0,0,1,2,1,1.0,
202400031581,155 726 146,A01,2.0,7.0,0,2,3,15,1.0,
202400031582,155 726 144,B01,1.0,7.0,0,2,3,15,1.0,
202400031583,155 726 142,A01,0.0,2.0,0,2,1,13,1.0,
202400031584,155 726 141,A01,3.0,10.0,0,1,1,26,1.0,
202400031585,155 726 140,A01,1.0,7.0,6,0,2,14,1.0,
202400031586,155 726 137,A01,2.0,7.0,15,0,1,1,1.0,
202400031587,155 726 135,A01,1.0,7.0,0,2,3,1,1.0,
202400031588,155 726 136,A01,3.0,1.0,0,2,1,15,5.0,
202400031589,155 726 131,A01,2.0,7.0,0,2,1,13,1.0,
202400031590,155 726 133,A01,1.0,33.0,3,0,0,1,1.0,
202400031591,155 726 130,B01,1.0,7.0,0,2,2,0,2.0,
202400031592,155 726 128,A01,3.0,7.0,0,1,2,9,0.0,
202400031593,155 726 125,A01,3.0,7.0,0,0,0,1,1.0,
202400031594,155 726 126,C01,3.0,7.0,0,9,8,15,1.0,
202400031595,155 726 124,A01,2.0,10.0,0,2,2,19,1.0,
202400031596,155 726 123,A01,0.0,7.0,0,1,1,1,1.0,
202400031597,155 726 122,A01,1.0,33.0,0,0,0,1,1.0,
202400031598,155 726 120,A01,2.0,7.0,0,1,3,1,1.0,
202400031599,155 726 119,A01,2.0,7.0,0,2,3,9,1.0,
202400031600,155 726 116,A01,2.0,7.0,3,0,1,14,1.0,
202400031601,155 726 114,A01,1.0,7.0,0,2,3,13,1.0,
202400031602,155 726 111,A01,3.0,7.0,1,0,3,1,1.0,
202400031603,155 726 110,A01,1.0,7.0,0,1,3,16,1.0,
202400031604,155 726 109,B01,2.0,33.0,0,2,1,1,1.0,
202400031605,155 726 108,A01,1.0,7.0,15,0,1,13,1.0,
202400031606,155 726 107,A01,0.0,7.0,0,1,2,1,1.0,
202400031607,155 726 102,A01,2.0,7.0,0,2,1,15,1.0,
202400031608,155 726 103,B01,2.0,7.0,0,2,5,1,1.0,
202400031609,155 726 101,A01,2.0,7.0,0,2,1,15,1.0,
202400031610,155 726 098,A01,1.0,7.0,0,2,2,2,1.0,
202400031611,155 726 097,A01,2.0,10.0,0,2,1,1,1.0,
202400031612,155 726 096,A01,1.0,7.0,4,0,3,11,1.0,
202400031613,155 726 095,A01,2.0,7.0,0,1,2,1,1.0,
202400031614,155 726 090,A01,2.0,7.0,0,0,9,1,1.0,
202400031615,155 726 091,A01,1.0,7.0,0,2,1,1,1.0,
202400031616,155 726 089,A01,2.0,7.0,0,2,1,2,1.0,
202400031617,155 726 085,B01,1.0,7.0,0,2,6,1,1.0,
202400031618,155 726 084,A01,2.0,33.0,0,2,1,3,1.0,
202400031619,155 726 083,B01,1.0,7.0,0,0,8,5,1.0,
202400031620,155 726 080,A01,2.0,7.0,0,2,8,10,1.0,
202400031621,155 726 079,B01,2.0,7.0,0,2,2,12,1.0,
202400031622,155 726 077,A01,2.0,7.0,0,0,1,1,1.0,
202400031623,155 726 075,A01,2.0,33.0,0,0,7,1,1.0,
202400031624,155 726 074,A01,2.0,7.0,0,2,3,16,1.0,
202400031625,155 726 072,A01,3.0,7.0,0,0,6,9,0.0,
202400031626,155 726 069,A01,1.0,7.0,0,2,7,12,1.0,
202400031627,155 726 068,B01,2.0,7.0,0,2,4,2,1.0,
202400031628,155 726 065,A01,1.0,7.0,0,2,1,5,1.0,
202400031629,155 726 064,B01,1.0,15.0,0,2,4,2,1.0,
202400031630,155 726 063,A01,2.0,7.0,0,1,0,1,0.0,
202400031631,155 726 062,A01,2.0,7.0,8,0,3,1,1.0,
202400031632,155 726 061,A01,2.0,33.0,0,2,0,3,1.0,
202400031633,155 726 060,A01,3.0,7.0,0,1,1,16,1.0,
202400031634,155 726 056,A01,1.0,7.0,2,0,2,1,1.0,
202400031635,155 726 057,A01,2.0,7.0,0,2,1,1,1.0,
202400031636,155 726 055,B01,1.0,13.0,0,2,2,12,1.0,
202400031637,155 726 053,A01,2.0,7.0,0,1,1,1,1.0,
202400031638,155 726 049,A01,1.0,7.0,3,0,2,14,1.0,
202400031639,155 726 051,B01,3.0,80.0,0,2,7,15,3.0,
202400031640,155 726 047,A01,1.0,33.0,0,0,0,9,1.0,
202400031641,155 726 045,B01,1.0,2.0,0,2,7,17,3.0,
202400031642,155 726 044,A01,2.0,7.0,2,0,8,0,1.0,
202400031643,155 726 043,A01,1.0,7.0,0,2,2,1,1.0,
202400031644,155 726 040,A01,1.0,7.0,0,1,3,1,1.0,
202400031645,155 726 036,C01,3.0,7.0,0,2,0,0,0.0,
202400031646,155 726 035,A01,2.0,33.0,11,0,1,1,1.0,
202400031647,155 726 034,C01,3.0,7.0,0,2,4,2,1.0,
202400031648,155 726 033,A01,1.0,7.0,1,0,3,1,1.0,
202400031649,155 726 030,A01,1.0,7.0,0,2,2,12,1.0,
202400031650,155 726 029,A01,1.0,10.0,0,2,1,26,1.0,
202400031651,155 726 027,B01,2.0,31.0,0,2,1,1,1.0,
202400031652,155 726 025,B01,1.0,7.0,0,2,1,1,1.0,
202400031653,155 726 023,A01,0.0,7.0,0,2,1,2,0.0,
202400031654,155 726 022,A01,3.0,10.0,0,1,2,2,1.0,
202400031655,155 726 021,A01,1.0,30.0,0,0,7,1,1.0,
202400031656,155 726 018,A01,2.0,31.0,0,1,1,1,1.0,
202400031657,155 726 019,A01,1.0,7.0,7,0,1,0,1.0,
202400031658,155 726 017,B01,2.0,33.0,0,2,1,1,1.0,
202400031659,155 726 015,A01,1.0,7.0,0,2,2,1,1.0,
202400031660,155 726 014,A01,2.0,10.0,0,1,1,15,1.0,
202400031661,155 726 012,A01,1.0,1.0,0,2,7,15,5.0,
202400031662,155 726 011,A01,1.0,43.0,0,0,0,1,1.0,
202400031663,155 726 009,A01,1.0,7.0,0,2,5,1,1.0,
202400031664,155 726 006,A01,2.0,7.0,0,2,1,2,1.0,
202400031665,155 726 005,A01,1.0,7.0,0,2,4,23,1.0,
202400031666,155 726 004,A01,2.0,7.0,0,1,1,16,1.0,
202400031667,155 725 999,A01,1.0,7.0,0,2,3,1,1.0,
202400031668,155 725 997,A01,1.0,7.0,0,2,1,1,1.0,
202400031669,155 726 001,A01,1.0,10.0,0,2,8,11,1.0,
202400031670,155 725 995,B01,1.0,7.0,0,2,1,1,1.0,
202400031671,155 725 994,A01,2.0,7.0,0,1,1,16,3.0,
202400031672,155 725 990,A01,1.0,7.0,0,2,8,11,1.0,
202400031673,155 725 991,B01,2.0,7.0,0,2,4,12,1.0,
202400031674,155 725 988,A01,3.0,7.0,0,2,1,2,1.0,
202400031675,155 725 987,A01,1.0,7.0,4,0,4,13,1.0,
202400031676,155 725 980,B01,3.0,10.0,0,2,4,1,0.0,
202400031677,155 725 981,A01,2.0,7.0,0,2,3,15,1.0,
202400031678,155 725 978,A01,1.0,7.0,0,1,1,0,0.0,
202400031679,155 725 976,A01,2.0,37.0,0,1,7,1,1.0,1
202400031680,155 725 975,C01,1.0,7.0,0,2,4,2,1.0,
202400031681,155 725 971,E01,1.0,7.0,1,0,4,20,1.0,
202400031682,155 725 968,A01,1.0,7.0,7,2,1,2,1.0,
202400031683,155 725 963,A01,2.0,7.0,0,2,4,23,1.0,
202400031684,155 725 961,B01,1.0,50.0,1,0,2,1,3.0,
202400031685,155 725 960,A01,2.0,33.0,0,2,1,18,1.0,
202400031686,155 725 966,A01,2.0,7.0,0,2,5,15,1.0,
202400031687,155 725 958,A01,1.0,7.0,0,2,2,1,1.0,
202400031688,155 725 957,A01,3.0,2.0,0,0,3,26,1.0,
202400031689,155 725 955,A01,3.0,7.0,0,2,8,1,1.0,
202400031690,155 725 953,A01,2.0,7.0,4,2,1,1,1.0,
202400031691,155 725 949,B01,1.0,7.0,0,2,1,12,1.0,
202400031692,155 725 946,B01,3.0,7.0,0,2,1,0,0.0,
202400031693,155 725 945,B01,2.0,7.0,0,2,4,23,1.0,
202400031694,155 725 944,A01,3.0,7.0,0,1,1,16,1.0,
202400031695,155 725 948,B01,1.0,31.0,0,2,1,1,1.0,
202400031696,155 725 943,A01,1.0,7.0,6,0,8,13,1.0,
202400031697,155 725 942,A01,2.0,7.0,0,1,1,15,1.0,
202400031698,155 725 937,A01,1.0,32.0,1,0,1,0,1.0,
202400031699,155 725 936,C01,1.0,7.0,0,2,1,1,1.0,
202400031700,155 725 934,B01,1.0,7.0,0,2,8,1,1.0,
202400031701,155 725 932,B01,1.0,33.0,1,0,1,1,1.0,
202400031702,155 725 930,A01,3.0,7.0,7,0,3,13,1.0,
202400031703,155 725 931,Z01,0.0,7.0,0,1,4,4,0.0,
202400031704,155 725 933,B01,2.0,33.0,0,2,2,2,1.0,
202400031705,155 725 928,B01,3.0,7.0,6,2,4,20,1.0,
202400031706,155 725 927,A01,2.0,10.0,0,1,1,15,1.0,
202400031707,155 725 926,A01,3.0,7.0,0,1,1,1,1.0,
202400031708,155 725 924,A01,3.0,7.0,0,1,5,11,1.0,
202400031709,155 725 925,A01,1.0,7.0,2,0,1,0,1.0,
202400031710,155 725 919,A01,1.0,7.0,8,2,1,26,0.0,
202400031711,155 725 921,A01,1.0,7.0,0,2,0,0,0.0,
202400031712,155 725 917,B01,1.0,7.0,0,2,3,1,1.0,
202400031713,155 725 914,B01,1.0,7.0,0,2,2,0,1.0,
202400031714,155 725 911,A01,1.0,2.0,0,0,8,0,1.0,
202400031715,155 725 909,A01,2.0,7.0,0,2,2,13,1.0,
202400031716,155 725 908,B01,0.0,0.0,0,2,0,0,0.0,
202400031717,155 725 905,A01,2.0,7.0,0,0,0,1,1.0,
202400031718,155 725 906,A01,3.0,1.0,0,0,7,1,5.0,
202400031719,155 725 904,A01,0.0,7.0,0,2,2,21,1.0,
202400031720,155 725 903,B01,0.0,7.0,0,2,1,1,1.0,
202400031721,155 725 899,B01,0.0,7.0,0,2,2,1,1.0,
202400031722,155 725 898,B01,1.0,7.0,0,2,3,1,2.0,
202400031723,155 725 896,B01,2.0,7.0,0,2,3,21,1.0,
202400031724,155 725 895,A01,1.0,7.0,1,0,3,13,1.0,
202400031725,155 725 894,B01,2.0,30.0,0,2,1,1,1.0,
202400031726,155 725 893,A01,3.0,7.0,6,0,1,0,1.0,
202400031727,155 725 889,A01,3.0,7.0,0,1,7,1,1.0,
202400031728,155 725 883,C01,3.0,7.0,0,2,3,24,1.0,
202400031729,155 725 884,D01,3.0,7.0,0,2,0,1,1.0,
202400031730,155 725 881,A01,2.0,7.0,1,1,2,1,1.0,
202400031731,155 725 882,A01,2.0,21.0,0,2,7,1,1.0,
202400031732,155 725 877,B01,1.0,7.0,0,2,1,9,1.0,
202400031733,155 725 876,B01,2.0,50.0,0,2,2,19,3.0,
202400031734,155 725 875,A01,2.0,32.0,0,2,2,17,1.0,
202400031735,155 725 868,A01,1.0,7.0,0,2,8,9,1.0,
202400031736,155 725 867,Z01,2.0,13.0,0,2,5,2,1.0,
202400031737,155 725 869,A01,2.0,2.0,0,2,3,21,3.0,
202400031738,155 725 866,C01,1.0,7.0,0,2,1,1,1.0,
202400031739,155 725 863,A01,2.0,10.0,0,2,7,12,3.0,
202400031740,155 725 861,A01,1.0,7.0,4,0,1,9,1.0,
202400031741,155 725 860,A01,2.0,7.0,0,2,1,2,1.0,
202400031742,155 725 857,B01,1.0,2.0,0,2,1,1,1.0,
202400031743,155 725 854,B01,1.0,7.0,0,2,1,1,1.0,
202400031744,155 725 853,B01,2.0,33.0,0,2,2,2,1.0,
202400031745,155 725 859,A01,2.0,33.0,0,0,8,23,1.0,
202400031746,155 725 852,A01,2.0,1.0,0,0,3,1,5.0,
202400031747,155 725 850,A01,1.0,37.0,0,1,7,1,1.0,1
202400031748,155 725 851,Z01,1.0,7.0,0,1,0,1,0.0,
202400031749,155 725 847,A01,1.0,7.0,0,2,5,12,3.0,
202400031750,155 725 844,A01,1.0,7.0,0,2,8,15,2.0,
202400031751,155 725 845,A01,3.0,30.0,0,2,1,1,1.0,
202400031752,155 725 841,A01,2.0,1.0,0,2,7,18,5.0,
202400031753,155 725 839,B01,1.0,2.0,0,2,8,15,1.0,
202400031754,155 725 838,B01,2.0,7.0,0,2,1,15,1.0,
202400031755,155 725 837,A01,1.0,7.0,0,1,1,15,1.0,
202400031756,155 725 832,A01,1.0,1.0,14,0,1,1,5.0,
202400031757,155 725 829,A01,1.0,10.0,0,2,3,16,0.0,
202400031758,155 725 831,A01,1.0,10.0,0,2,0,20,1.0,
202400031759,155 725 828,A01,1.0,7.0,0,1,3,19,1.0,
202400031760,155 725 826,A01,1.0,7.0,0,1,2,1,1.0,
202400031761,155 725 830,A01,2.0,7.0,0,2,3,13,1.0,
202400031762,155 725 827,A01,1.0,7.0,0,1,2,0,1.0,
202400031763,155 725 825,A01,3.0,99.0,0,1,1,1,0.0,
202400031764,155 725 818,A01,2.0,1.0,0,2,6,13,5.0,
202400031765,155 725 817,A01,2.0,7.0,4,2,9,14,1.0,
202400031766,155 725 819,B01,2.0,7.0,0,2,3,1,1.0,
202400031767,155 725 815,A01,1.0,7.0,0,2,1,26,1.0,