Num_Acc,id_vehicule,num_veh,senc,catv,obs,obsm,choc,manv,motor,occutc
202400031768,155 725 812,A01,1.0,7.0,0,2,2,1,1.0,
202400031769,155 725 811,B01,2.0,7.0,15,2,1,17,0.0,
202400031770,155 725 805,A01,1.0,7.0,0,2,7,15,1.0,
202400031771,155 725 809,B01,2.0,33.0,0,0,0,0,1.0,
202400031772,155 725 804,A01,3.0,37.0,0,2,1,1,2.0,1
202400031773,155 725 802,A01,2.0,7.0,0,1,1,1,1.0,
202400031774,155 725 799,A01,1.0,50.0,0,1,1,25,3.0,
202400031775,155 725 798,A01,0.0,50.0,0,2,0,0,3.0,
202400031776,155 725 800,B01,1.0,7.0,0,2,1,1,1.0,
202400031777,155 725 795,B01,3.0,37.0,0,0,6,1,1.0,1
202400031778,155 725 793,A01,1.0,50.0,0,2,1,5,3.0,
202400031779,155 725 792,B01,1.0,50.0,12,2,1,26,3.0,
202400031780,155 725 791,A01,3.0,7.0,0,0,1,1,1.0,
202400031781,155 725 789,A01,1.0,7.0,0,1,3,1,1.0,
202400031782,155 725 788,A01,3.0,7.0,0,2,3,13,1.0,
202400031783,155 725 785,A01,3.0,30.0,0,1,8,13,1.0,
202400031784,155 725 786,A01,3.0,7.0,0,1,0,0,0.0,
202400031785,155 725 784,A01,3.0,7.0,0,2,7,26,1.0,
202400031786,155 725 775,A01,3.0,7.0,0,2,3,1,1.0,
202400031787,155 725 776,A01,1.0,30.0,0,0,0,0,1.0,
202400031788,155 725 779,A01,2.0,7.0,0,2,3,19,1.0,
202400031789,155 725 774,A01,3.0,33.0,15,2,1,1,1.0,
202400031790,155 725 770,A01,2.0,10.0,0,2,1,15,1.0,
202400031791,155 725 766,A01,3.0,7.0,0,2,1,1,1.0,
202400031792,155 725 769,B01,1.0,7.0,2,2,3,1,1.0,
202400031793,155 725 763,A01,0.0,50.0,0,2,0,0,3.0,
202400031794,155 725 765,A01,2.0,31.0,0,2,8,19,1.0,
202400031795,155 725 761,B01,3.0,15.0,0,2,1,1,1.0,
202400031796,155 725 760,A01,0.0,7.0,0,9,1,1,1.0,
202400031797,155 725 757,A01,1.0,7.0,0,1,1,1,1.0,
202400031798,155 725 755,A01,1.0,7.0,0,2,8,13,1.0,
202400031799,155 725 754,B01,2.0,50.0,0,2,1,1,3.0,
202400031800,155 725 752,A01,3.0,7.0,0,1,1,1,1.0,
202400031801,155 725 750,B01,1.0,13.0,0,2,1,23,1.0,
202400031802,155 725 749,A01,3.0,33.0,2,0,8,1,1.0,
202400031803,155 725 748,A01,0.0,7.0,0,1,1,1,1.0,
202400031804,155 725 747,A01,2.0,7.0,0,1,1,1,1.0,
202400031805,155 725 745,A01,1.0,7.0,0,2,1,15,1.0,
202400031806,155 725 742,A01,1.0,7.0,0,1,3,1,2.0,
202400031807,155 725 741,A01,2.0,7.0,0,2,1,1,1.0,
202400031808,155 725 735,A01,1.0,7.0,0,1,2,1,1.0,
202400031809,155 725 739,B01,1.0,7.0,0,2,2,26,1.0,
202400031810,155 725 736,A01,1.0,7.0,0,0,4,2,1.0,
202400031811,155 725 734,A01,2.0,7.0,0,2,3,1,1.0,
202400031812,155 725 732,B01,1.0,7.0,0,2,4,23,1.0,
202400031813,155 725 728,B01,1.0,80.0,0,2,3,5,3.0,
202400031814,155 725 727,B01,1.0,7.0,0,2,1,15,1.0,
202400031815,155 725 725,A01,1.0,7.0,0,1,3,1,1.0,
202400031816,155 725 721,A01,2.0,7.0,0,1,2,1,1.0,
202400031817,155 725 720,A01,2.0,7.0,0,2,1,15,1.0,
202400031818,155 725 718,A01,1.0,10.0,0,0,5,1,1.0,
202400031819,155 725 715,A01,1.0,7.0,0,2,1,19,1.0,
202400031820,155 725 711,A01,2.0,7.0,0,2,3,0,1.0,
202400031821,155 725 707,C01,1.0,7.0,0,2,3,23,1.0,
202400031822,155 725 708,B01,1.0,33.0,0,2,2,17,1.0,
202400031823,155 725 705,A01,2.0,10.0,0,2,2,17,1.0,
202400031824,155 725 714,A01,2.0,30.0,0,0,2,1,1.0,
202400031825,155 725 701,A01,3.0,7.0,0,1,1,15,1.0,
202400031826,155 725 702,B01,1.0,50.0,0,2,1,1,3.0,
202400031827,155 725 703,A01,1.0,3.0,8,0,2,1,1.0,
202400031828,155 725 699,A01,2.0,7.0,0,2,3,1,1.0,
202400031829,155 725 695,A01,0.0,7.0,0,2,2,17,1.0,
202400031830,155 725 693,A01,2.0,30.0,0,1,1,1,1.0,
202400031831,155 725 692,A01,3.0,10.0,0,2,8,14,1.0,
202400031832,155 725 688,A01,2.0,7.0,0,0,4,1,1.0,
202400031833,155 725 689,A01,2.0,7.0,0,2,7,17,1.0,
202400031834,155 725 687,B01,2.0,7.0,0,2,1,1,1.0,
202400031835,155 725 685,A01,1.0,80.0,0,0,0,26,2.0,
202400031836,155 725 684,A01,3.0,1.0,0,2,1,1,5.0,
202400031837,155 725 682,A01,1.0,7.0,0,2,1,13,1.0,
202400031838,155 725 681,A01,2.0,7.0,0,1,3,15,1.0,
202400031839,155 725 679,A01,2.0,33.0,2,0,1,1,1.0,
202400031840,155 725 678,B01,1.0,14.0,0,2,3,1,1.0,
202400031841,155 725 677,A01,3.0,7.0,0,1,1,17,1.0,
202400031842,155 725 675,A01,2.0,7.0,0,2,1,13,1.0,
202400031843,155 725 672,A01,3.0,7.0,0,2,3,0,1.0,
202400031844,155 725 671,A01,1.0,7.0,0,1,3,1,1.0,
202400031845,155 725 670,A01,2.0,21.0,0,2,3,21,1.0,
202400031846,155 725 667,A01,1.0,10.0,0,2,1,1,1.0,
202400031847,155 725 665,B01,0.0,50.0,0,2,1,1,3.0,
202400031848,155 725 664,A01,2.0,10.0,0,2,3,16,1.0,
202400031849,155 725 663,A01,2.0,7.0,3,0,1,13,1.0,
202400031850,155 725 658,B01,2.0,15.0,0,0,0,11,1.0,
202400031851,155 725 657,B01,3.0,7.0,0,2,1,1,1.0,
202400031852,155 725 654,A01,1.0,3.0,0,2,3,10,1.0,
202400031853,155 725 655,B01,1.0,7.0,0,2,2,15,1.0,
202400031854,155 725 653,A01,2.0,33.0,4,0,8,17,1.0,
202400031855,155 725 652,A01,1.0,30.0,6,0,1,1,1.0,
202400031856,155 725 651,A01,1.0,7.0,0,1,1,1,1.0,
202400031857,155 725 650,A01,1.0,7.0,3,0,0,1,1.0,
202400031858,155 725 648,B01,1.0,7.0,0,2,3,1,1.0,
202400031859,155 725 647,A01,1.0,7.0,0,1,2,1,1.0,
202400031860,155 725 643,A01,0.0,33.0,0,2,7,21,1.0,
202400031861,155 725 640,A01,3.0,7.0,0,2,3,9,1.0,
202400031862,155 725 641,A01,1.0,7.0,3,2,5,13,1.0,
202400031863,155 725 639,A01,2.0,7.0,15,0,2,1,1.0,
202400031864,155 725 638,A01,1.0,7.0,0,1,1,1,2.0,
202400031865,155 725 637,A01,1.0,33.0,0,0,8,1,1.0,
202400031866,155 725 634,A01,2.0,7.0,0,2,3,1,2.0,
202400031867,155 725 633,B01,2.0,2.0,0,2,1,1,1.0,
202400031868,155 725 629,B01,2.0,1.0,0,2,0,1,5.0,
202400031869,155 725 625,A01,2.0,7.0,0,2,3,15,1.0,
202400031870,155 725 624,A01,1.0,7.0,0,2,1,13,1.0,
202400031871,155 725 626,A01,1.0,32.0,0,2,8,15,1.0,
202400031872,155 725 621,B01,1.0,7.0,0,2,7,15,1.0,
202400031873,155 725 620,A01,0.0,7.0,3,0,0,26,1.0,
202400031874,155 725 619,A01,2.0,7.0,8,0,0,0,1.0,
202400031875,155 725 618,A01,0.0,7.0,6,0,1,1,3.0,
202400031876,155 725 615,A01,1.0,7.0,0,2,3,9,1.0,
202400031877,155 725 612,A01,2.0,7.0,0,2,7,1,1.0,
202400031878,155 725 611,A01,1.0,14.0,0,2,4,15,1.0,
202400031879,155 725 607,B01,1.0,1.0,14,2,1,2,5.0,
202400031880,155 725 608,A01,1.0,7.0,0,1,3,1,0.0,
202400031881,155 725 604,A01,1.0,7.0,0,0,0,1,1.0,
202400031882,155 725 603,B01,3.0,10.0,0,2,1,1,1.0,
202400031883,155 725 602,A01,1.0,7.0,2,0,1,0,1.0,
202400031884,155 725 600,A01,2.0,7.0,0,1,1,1,1.0,
202400031885,155 725 599,A01,1.0,7.0,0,2,3,1,1.0,
202400031886,155 725 596,A01,2.0,7.0,0,2,8,15,1.0,
202400031887,155 725 595,A01,2.0,7.0,11,2,1,13,1.0,
202400031888,155 725 594,A01,3.0,10.0,2,0,1,6,1.0,
202400031889,155 725 590,B01,1.0,21.0,0,0,5,15,0.0,
202400031890,155 725 591,A01,2.0,7.0,0,2,8,13,1.0,
202400031891,155 725 586,A01,3.0,7.0,0,2,1,1,1.0,
202400031892,155 725 584,A01,2.0,7.0,0,2,3,5,1.0,
202400031893,155 725 585,B01,2.0,10.0,0,2,1,0,1.0,
202400031894,155 725 583,A01,2.0,50.0,0,0,1,1,3.0,
202400031895,155 725 582,A01,3.0,7.0,15,1,1,16,1.0,
202400031896,155 725 580,A01,2.0,7.0,16,0,3,1,1.0,
202400031897,155 725 578,A01,3.0,7.0,0,2,1,1,1.0,
202400031898,155 725 575,A01,1.0,7.0,0,0,3,1,1.0,
202400031899,155 725 576,A01,1.0,7.0,14,0,2,1,1.0,
202400031900,155 725 573,A01,1.0,50.0,9,0,2,25,3.0,
202400031901,155 725 574,B01,3.0,2.0,0,2,1,1,1.0,
202400031902,155 725 569,A01,1.0,7.0,0,2,7,17,1.0,
202400031903,155 725 567,B01,1.0,7.0,0,2,1,1,1.0,
202400031904,155 725 566,A01,3.0,1.0,0,2,7,26,5.0,
202400031905,155 725 564,B01,2.0,7.0,0,2,1,1,1.0,
202400031906,155 725 563,A01,1.0,31.0,0,2,1,2,1.0,
202400031907,155 725 559,A01,0.0,1.0,0,2,2,19,5.0,
202400031908,155 725 558,A01,2.0,7.0,0,2,1,15,1.0,
202400031909,155 725 556,A01,1.0,7.0,0,2,1,2,1.0,
202400031910,155 725 552,A01,1.0,7.0,0,2,2,2,1.0,
202400031911,155 725 553,B01,1.0,7.0,0,2,2,1,1.0,
202400031912,155 725 550,A01,1.0,7.0,0,2,7,19,1.0,
202400031913,155 725 548,A01,1.0,7.0,0,9,1,16,1.0,
202400031914,155 725 544,A01,1.0,7.0,0,2,2,1,1.0,
202400031915,155 725 539,A01,1.0,2.0,1,0,1,0,1.0,
202400031916,155 725 540,B01,1.0,7.0,0,2,1,9,1.0,
202400031917,155 725 542,A01,2.0,21.0,6,0,3,13,1.0,
202400031918,155 725 543,B01,2.0,33.0,0,2,1,1,1.0,
202400031919,155 725 538,A01,2.0,7.0,0,2,3,15,1.0,
202400031920,155 725 534,B01,1.0,1.0,0,2,0,5,5.0,
202400031921,155 725 532,A01,0.0,2.0,0,2,1,13,1.0,
202400031922,155 725 531,A01,1.0,7.0,0,2,2,1,1.0,
202400031923,155 725 530,A01,0.0,7.0,0,2,3,9,1.0,
202400031924,155 725 528,A01,2.0,7.0,0,2,1,5,1.0,
202400031925,155 725 524,A01,1.0,80.0,1,0,1,1,3.0,
202400031926,155 725 522,B01,3.0,7.0,0,2,2,1,1.0,
202400031927,155 725 520,A01,3.0,32.0,0,2,1,17,1.0,
202400031928,155 725 518,A01,1.0,7.0,16,0,1,2,6.0,
202400031929,155 725 514,A01,3.0,37.0,0,2,1,2,1.0,9
202400031930,155 725 513,A01,1.0,7.0,0,2,1,1,1.0,
202400031931,155 725 510,A01,2.0,33.0,0,2,1,15,1.0,
202400031932,155 725 506,A01,1.0,7.0,6,0,1,2,1.0,
202400031933,155 725 507,A01,2.0,1.0,0,0,1,1,5.0,
202400031934,155 725 504,B01,2.0,7.0,0,0,4,24,1.0,
202400031935,155 725 503,A01,0.0,7.0,0,9,8,26,1.0,
202400031936,155 725 500,A01,1.0,7.0,2,2,2,21,1.0,
202400031937,155 725 499,A01,1.0,7.0,0,1,1,26,1.0,
202400031938,155 725 497,A01,1.0,7.0,0,0,9,1,1.0,
202400031939,155 725 496,A01,3.0,7.0,0,2,1,1,1.0,
202400031940,155 725 494,A01,2.0,33.0,0,2,1,2,1.0,
202400031941,155 725 488,B01,2.0,10.0,3,2,6,1,1.0,
202400031942,155 725 486,A01,1.0,33.0,0,2,1,17,1.0,
202400031943,155 725 487,B01,2.0,15.0,0,2,1,1,1.0,
202400031944,155 725 485,A01,2.0,10.0,0,2,3,11,1.0,
202400031945,155 725 484,A01,1.0,33.0,0,6,1,1,1.0,
202400031946,155 725 482,A01,1.0,33.0,3,0,2,2,1.0,
202400031947,155 725 479,A01,2.0,7.0,0,2,1,2,1.0,
202400031948,155 725 478,C01,1.0,10.0,4,2,1,1,1.0,
202400031949,155 725 475,B01,2.0,15.0,0,2,8,1,1.0,
202400031950,155 725 474,A01,1.0,17.0,4,0,3,26,1.0,
202400031951,155 725 471,B01,2.0,7.0,0,2,3,13,1.0,
202400031952,155 725 469,A01,2.0,32.0,0,2,1,3,1.0,
202400031953,155 725 468,A01,1.0,7.0,0,2,1,2,1.0,
202400031954,155 725 467,A01,2.0,7.0,0,1,3,1,1.0,
202400031955,155 725 463,A01,2.0,33.0,0,2,1,3,1.0,
202400031956,155 725 462,A01,1.0,7.0,0,2,1,2,1.0,
202400031957,155 725 460,B01,0.0,7.0,0,2,8,0,0.0,
202400031958,155 725 458,A01,2.0,33.0,0,2,3,3,1.0,
202400031959,155 725 454,A01,1.0,33.0,0,0,7,0,1.0,
202400031960,155 725 453,A01,1.0,7.0,0,2,3,15,1.0,
202400031961,155 725 455,A01,2.0,7.0,0,2,2,15,1.0,
202400031962,155 725 451,B01,3.0,32.0,0,2,1,1,1.0,
202400031963,155 725 450,A01,2.0,7.0,0,1,2,0,1.0,
202400031964,155 725 447,A01,0.0,7.0,0,2,2,15,1.0,
202400031965,155 725 445,A01,3.0,32.0,0,2,0,0,1.0,
202400031966,155 725 444,A01,3.0,7.0,0,2,1,1,2.0,
202400031967,155 725 442,A01,2.0,7.0,8,0,2,13,1.0,
202400031968,155 725 441,A01,2.0,30.0,0,2,1,2,1.0,
202400031969,155 725 437,A01,2.0,7.0,0,2,1,2,1.0,
202400031970,155 725 438,A01,1.0,7.0,2,0,3,1,1.0,
202400031971,155 725 436,A01,2.0,7.0,0,2,3,9,3.0,
202400031972,155 725 431,A01,1.0,7.0,0,2,3,1,1.0,
202400031973,155 725 432,B01,3.0,1.0,0,2,4,2,5.0,
202400031974,155 725 433,A01,2.0,2.0,0,0,0,0,1.0,
202400031975,155 725 430,A01,0.0,30.0,0,0,0,1,,
202400031976,155 725 429,A01,1.0,2.0,0,0,7,1,1.0,
202400031977,155 725 428,A01,0.0,7.0,0,1,3,21,1.0,
202400031978,155 725 425,A01,2.0,7.0,0,1,3,1,1.0,
202400031979,155 725 423,B01,1.0,7.0,0,2,4,2,1.0,
202400031980,155 725 421,B01,2.0,7.0,3,2,4,1,1.0,
202400031981,155 725 420,A01,1.0,33.0,0,0,0,0,1.0,
202400031982,155 725 419,A01,1.0,7.0,0,1,2,1,1.0,
202400031983,155 725 415,A01,2.0,31.0,0,2,8,13,1.0,
202400031984,155 725 413,B01,1.0,31.0,0,2,1,1,1.0,
202400031985,155 725 412,B01,0.0,1.0,0,2,1,1,5.0,
202400031986,155 725 410,A01,3.0,2.0,0,2,4,15,0.0,
202400031987,155 725 404,B01,1.0,7.0,0,2,1,1,1.0,
202400031988,155 725 403,B01,2.0,7.0,0,2,3,1,1.0,
202400031989,155 725 400,A01,1.0,7.0,0,2,4,2,1.0,
202400031990,155 725 398,A01,1.0,7.0,0,2,2,2,1.0,
202400031991,155 725 392,A01,3.0,33.0,0,0,0,1,1.0,
202400031992,155 725 390,A01,3.0,30.0,0,2,1,1,1.0,
202400031993,155 725 389,E01,1.0,10.0,0,2,4,1,1.0,
202400031994,155 725 387,A01,3.0,7.0,0,1,1,1,1.0,
202400031995,155 725 388,A01,3.0,0.0,0,0,0,1,0.0,
202400031996,155 725 386,A01,1.0,7.0,4,0,1,11,1.0,
202400031997,155 725 384,A01,1.0,33.0,0,2,2,2,1.0,
202400031998,155 725 382,A01,1.0,7.0,0,2,2,11,1.0,
202400031999,155 725 381,A01,2.0,7.0,0,9,1,0,1.0,
202400032000,155 725 379,B01,1.0,7.0,0,2,4,2,1.0,
202400032001,155 725 376,B01,2.0,7.0,0,2,3,15,3.0,
202400032002,155 725 374,A01,2.0,7.0,0,2,8,2,1.0,
202400032003,155 725 373,A01,2.0,2.0,0,2,1,14,1.0,
202400032004,155 725 371,A01,1.0,7.0,0,0,0,20,1.0,
202400032005,155 725 368,B01,1.0,10.0,0,2,7,1,1.0,
202400032006,155 725 365,A01,1.0,33.0,0,2,2,3,1.0,
202400032007,155 725 364,B01,3.0,7.0,0,2,3,1,1.0,
202400032008,155 725 363,Z01,2.0,50.0,0,1,0,0,3.0,
202400032009,155 725 357,B01,1.0,33.0,0,1,8,1,1.0,
202400032010,155 725 356,B01,2.0,7.0,0,2,5,16,1.0,
202400032011,155 725 354,A01,1.0,7.0,0,2,4,0,1.0,
202400032012,155 725 353,A01,2.0,7.0,0,1,2,1,1.0,
202400032013,155 725 351,B01,2.0,1.0,1,0,7,1,5.0,
202400032014,155 725 348,A01,3.0,7.0,14,0,1,13,1.0,
202400032015,155 725 349,A01,2.0,7.0,0,2,0,2,1.0,
202400032016,155 725 347,A01,1.0,1.0,0,1,4,1,5.0,
202400032017,155 725 344,A01,1.0,7.0,0,2,2,19,1.0,
202400032018,155 725 343,A01,2.0,33.0,0,1,1,1,1.0,
202400032019,155 725 342,B01,2.0,7.0,0,2,4,1,1.0,
202400032020,155 725 340,B01,2.0,7.0,0,2,8,15,1.0,
202400032021,155 725 339,A01,1.0,1.0,12,2,2,12,5.0,
202400032022,155 725 334,A01,0.0,7.0,0,0,1,19,1.0,
202400032023,155 725 333,A01,1.0,43.0,0,2,1,5,1.0,
202400032024,155 725 332,B01,1.0,7.0,0,2,4,2,1.0,
202400032025,155 725 329,A01,1.0,7.0,0,2,1,13,1.0,
202400032026,155 725 328,A01,2.0,7.0,0,2,1,1,1.0,
202400032027,155 725 326,A01,2.0,7.0,4,0,1,1,1.0,
202400032028,155 725 323,B01,0.0,7.0,0,2,6,1,1.0,
202400032029,155 725 322,A01,1.0,7.0,0,2,1,2,1.0,
202400032030,155 725 319,A01,3.0,1.0,0,2,1,1,5.0,
202400032031,155 725 320,A01,2.0,33.0,5,0,1,1,1.0,
202400032032,155 725 318,A01,3.0,50.0,0,1,1,1,3.0,
202400032033,155 725 316,A01,2.0,7.0,0,2,8,2,1.0,
202400032034,155 725 315,A01,3.0,7.0,0,1,1,1,1.0,
202400032035,155 725 314,A01,1.0,7.0,4,0,1,2,1.0,
202400032036,155 725 313,A01,3.0,1.0,0,0,1,1,5.0,
202400032037,155 725 311,A01,2.0,7.0,0,2,6,2,1.0,
202400032038,155 725 308,A01,2.0,7.0,0,2,1,1,1.0,
202400032039,155 725 307,A01,1.0,7.0,0,2,1,2,1.0,
202400032040,155 725 304,A01,2.0,14.0,0,2,7,1,1.0,
202400032041,155 725 303,B01,1.0,15.0,1,0,2,1,1.0,
202400032042,155 725 301,A01,1.0,7.0,4,0,7,1,3.0,
202400032043,155 725 300,A01,1.0,10.0,0,2,1,9,1.0,
202400032044,155 725 298,B01,2.0,43.0,4,2,6,1,1.0,
202400032045,155 725 296,A01,1.0,7.0,0,2,3,1,1.0,
202400032046,155 725 295,A01,1.0,7.0,4,0,1,1,1.0,
202400032047,155 725 293,A01,2.0,7.0,0,2,3,15,1.0,
202400032048,155 725 290,C01,1.0,10.0,0,2,4,2,1.0,
202400032049,155 725 289,A01,1.0,7.0,0,1,3,1,1.0,
202400032050,155 725 286,A01,1.0,7.0,0,2,8,1,1.0,
202400032051,155 725 285,B01,2.0,7.0,0,2,2,1,1.0,
202400032052,155 725 280,A01,2.0,33.0,0,2,8,15,1.0,
202400032053,155 725 281,A01,1.0,10.0,0,2,1,2,1.0,
202400032054,155 725 276,A01,1.0,10.0,0,2,6,11,1.0,
202400032055,155 725 277,A01,2.0,2.0,0,2,1,2,1.0,
202400032056,155 725 273,A01,2.0,31.0,0,2,1,17,1.0,
202400032057,155 725 272,Z01,1.0,7.0,0,2,2,15,0.0,
202400032058,155 725 269,A01,1.0,7.0,0,2,3,9,1.0,
202400032059,155 725 268,B01,1.0,7.0,0,2,6,2,1.0,
202400032060,155 725 266,A01,3.0,7.0,0,0,1,13,1.0,
202400032061,155 725 265,B01,3.0,33.0,0,0,1,2,0.0,
202400032062,155 725 262,A01,1.0,2.0,0,2,9,1,1.0,
202400032063,155 725 261,B01,3.0,1.0,0,2,3,1,5.0,
202400032064,155 725 259,A01,1.0,14.0,0,2,2,16,1.0,
202400032065,155 725 257,A01,3.0,7.0,0,2,3,10,1.0,
202400032066,155 725 256,A01,1.0,31.0,0,0,0,13,1.0,
202400032067,155 725 253,A01,3.0,10.0,0,2,1,2,1.0,
202400032068,155 725 252,A01,2.0,7.0,0,2,1,2,1.0,
202400032069,155 725 251,A01,3.0,31.0,0,0,7,16,1.0,
202400032070,155 725 246,B01,1.0,2.0,0,2,1,2,1.0,
202400032071,155 725 244,A01,3.0,7.0,0,2,0,0,1.0,
202400032072,155 725 242,B01,1.0,3.0,0,2,2,2,1.0,
202400032073,155 725 241,A01,1.0,33.0,0,0,0,0,1.0,
202400032074,155 725 238,B01,1.0,38.0,1,0,6,1,1.0,1
202400032075,155 725 237,A01,1.0,7.0,0,2,1,19,1.0,
202400032076,155 725 236,A01,0.0,7.0,0,1,4,4,1.0,
202400032077,155 725 234,A01,3.0,7.0,4,0,1,19,1.0,
202400032078,155 725 233,B01,1.0,30.0,0,2,1,0,1.0,
202400032079,155 725 231,A01,1.0,7.0,8,0,1,15,1.0,
202400032080,155 725 229,B01,1.0,37.0,0,2,3,1,1.0,3
202400032081,155 725 227,A01,2.0,2.0,0,2,1,3,1.0,
202400032082,155 725 226,A01,1.0,33.0,12,0,1,17,1.0,
202400032083,155 725 225,A01,0.0,7.0,6,0,1,0,1.0,
202400032084,155 725 224,A01,1.0,33.0,0,1,1,1,1.0,
202400032085,155 725 220,B01,1.0,33.0,0,2,0,0,1.0,
202400032086,155 725 219,A01,0.0,30.0,0,2,8,1,3.0,
202400032087,155 725 216,A01,1.0,7.0,0,2,1,1,1.0,
202400032088,155 725 215,A01,1.0,7.0,0,2,6,11,1.0,
202400032089,155 725 214,A01,2.0,1.0,12,0,0,0,5.0,
202400032090,155 725 212,A01,3.0,50.0,0,1,1,1,3.0,
202400032091,155 725 211,A01,2.0,7.0,0,2,1,13,1.0,
202400032092,155 725 208,A01,2.0,7.0,9,2,6,1,1.0,
202400032093,155 725 207,A01,2.0,10.0,0,2,5,19,1.0,
202400032094,155 725 206,A01,1.0,7.0,0,1,1,1,1.0,
202400032095,155 725 204,A01,2.0,7.0,0,2,1,9,1.0,
202400032096,155 725 202,B01,2.0,15.0,0,2,1,1,1.0,
202400032097,155 725 199,B01,1.0,10.0,0,2,3,15,1.0,
202400032098,155 725 198,B01,1.0,7.0,0,2,4,2,2.0,
202400032099,155 725 195,A01,2.0,7.0,0,9,2,16,1.0,
202400032100,155 725 194,A01,0.0,30.0,0,2,1,15,1.0,
202400032101,155 725 192,A01,0.0,7.0,0,1,1,1,1.0,
202400032102,155 725 191,B01,3.0,2.0,0,2,1,2,1.0,
202400032103,155 725 190,A01,1.0,7.0,0,1,1,1,0.0,
202400032104,155 725 187,B01,2.0,14.0,0,0,3,23,1.0,
202400032105,155 725 186,A01,1.0,7.0,0,2,7,1,1.0,
202400032106,155 725 183,A01,2.0,7.0,0,9,1,9,2.0,
202400032107,155 725 182,A01,1.0,7.0,0,2,3,1,1.0,
202400032108,155 725 179,A01,2.0,10.0,0,2,3,26,1.0,
202400032109,155 725 178,B01,1.0,31.0,0,2,1,1,1.0,
202400032110,155 725 176,A01,1.0,7.0,0,1,2,1,1.0,
202400032111,155 725 175,A01,1.0,2.0,0,2,5,19,1.0,
202400032112,155 725 174,A01,3.0,7.0,0,1,2,20,0.0,
202400032113,155 725 173,A01,1.0,7.0,0,0,3,13,1.0,
202400032114,155 725 170,A01,1.0,7.0,0,1,3,14,1.0,
202400032115,155 725 168,A01,1.0,7.0,0,2,2,12,1.0,
202400032116,155 725 167,A01,2.0,32.0,0,1,1,17,1.0,
202400032117,155 725 166,A01,1.0,7.0,0,1,8,15,0.0,
202400032118,155 725 165,Z01,3.0,30.0,0,1,1,0,0.0,
202400032119,155 725 163,A01,0.0,7.0,0,1,2,26,1.0,
202400032120,155 725 162,A01,2.0,30.0,0,4,2,9,1.0,
202400032121,155 725 160,A01,1.0,7.0,0,1,-1,4,,
202400032122,155 725 159,B01,3.0,7.0,0,2,3,8,1.0,
202400032123,155 725 157,A01,2.0,7.0,0,1,6,4,1.0,
202400032124,155 725 156,B01,3.0,50.0,0,2,7,1,3.0,
202400032125,155 725 152,C01,2.0,7.0,0,2,1,15,1.0,
202400032126,155 725 151,C01,2.0,7.0,0,2,4,2,1.0,
202400032127,155 725 150,A01,2.0,32.0,12,0,8,1,1.0,
202400032128,155 725 147,C01,2.0,7.0,0,2,6,2,1.0,
202400032129,155 725 146,A01,0.0,2.0,0,1,1,1,1.0,
202400032130,155 725 142,B01,1.0,7.0,0,2,1,1,1.0,
202400032131,155 725 141,B01,1.0,33.0,0,2,4,2,1.0,
202400032132,155 725 139,A01,2.0,7.0,0,2,1,2,1.0,
202400032133,155 725 137,B01,1.0,7.0,0,2,4,2,1.0,
202400032134,155 725 134,B01,2.0,31.0,0,2,5,14,1.0,
202400032135,155 725 133,A01,1.0,7.0,0,2,1,26,1.0,
202400032136,155 725 130,A01,1.0,31.0,0,2,1,3,1.0,
202400032137,155 725 129,B01,1.0,10.0,0,2,4,2,1.0,
202400032138,155 725 125,C01,2.0,7.0,0,2,4,1,1.0,
202400032139,155 725 127,A01,1.0,7.0,0,1,3,15,1.0,
202400032140,155 725 123,B01,1.0,10.0,0,2,4,1,1.0,
202400032141,155 725 120,A01,3.0,7.0,0,2,1,1,1.0,
202400032142,155 725 118,A01,1.0,33.0,0,2,1,3,1.0,
202400032143,155 725 117,A01,1.0,7.0,0,1,1,1,1.0,
202400032144,155 725 115,A01,2.0,33.0,0,2,1,2,1.0,
202400032145,155 725 114,A01,3.0,34.0,0,0,0,1,1.0,
202400032146,155 725 112,Z01,1.0,7.0,15,2,1,0,1.0,
202400032147,155 725 110,B01,1.0,7.0,0,2,1,1,1.0,
202400032148,155 725 108,A01,1.0,7.0,0,1,2,1,1.0,
202400032149,155 725 107,B01,1.0,1.0,0,2,1,2,5.0,
202400032150,155 725 105,B01,2.0,30.0,0,2,1,1,1.0,
202400032151,155 725 103,A01,1.0,7.0,0,9,2,2,2.0,
202400032152,155 725 101,A01,3.0,7.0,0,2,1,1,1.0,
202400032153,155 725 099,A01,3.0,7.0,0,2,3,13,1.0,
202400032154,155 725 097,B01,2.0,7.0,0,2,3,15,1.0,
202400032155,155 725 095,A01,1.0,7.0,0,2,1,1,1.0,
202400032156,155 725 093,A01,2.0,10.0,0,1,4,4,1.0,
202400032157,155 725 092,A01,1.0,7.0,15,2,1,6,1.0,
202400032158,155 725 089,A01,2.0,31.0,0,2,4,23,3.0,
202400032159,155 725 087,A01,1.0,7.0,0,2,4,1,1.0,
202400032160,155 725 086,A01,2.0,31.0,0,0,2,1,3.0,
202400032161,155 725 085,A01,1.0,33.0,0,1,1,11,1.0,
202400032162,155 725 083,A01,2.0,33.0,0,1,1,1,1.0,
202400032163,155 725 082,A01,2.0,7.0,0,2,3,1,1.0,
202400032164,155 725 081,A01,0.0,7.0,16,0,1,13,1.0,