Num_Acc,id_vehicule,num_veh,senc,catv,obs,obsm,choc,manv,motor,occutc
202400032165,155 725 077,C01,1.0,10.0,0,2,1,1,1.0,
202400032166,155 725 076,A01,0.0,10.0,0,2,0,0,1.0,
202400032167,155 725 073,B01,2.0,7.0,0,2,4,2,1.0,
202400032168,155 725 072,A01,1.0,7.0,0,2,4,23,1.0,
202400032169,155 725 070,A01,3.0,7.0,0,2,3,0,1.0,
202400032170,155 725 068,A01,3.0,7.0,1,0,2,1,1.0,
202400032171,155 725 066,B01,0.0,50.0,0,2,8,1,3.0,
202400032172,155 725 060,A01,1.0,7.0,0,2,7,22,3.0,
202400032173,155 725 059,A01,3.0,13.0,0,2,1,1,1.0,
202400032174,155 725 056,B01,3.0,37.0,0,2,7,1,1.0,1
202400032175,155 725 055,B01,1.0,7.0,0,2,4,2,1.0,
202400032176,155 725 053,A01,1.0,7.0,0,1,1,24,1.0,
202400032177,155 725 052,A01,1.0,7.0,0,2,2,3,1.0,
202400032178,155 725 050,A01,1.0,7.0,0,2,3,15,1.0,
202400032179,155 725 049,A01,3.0,7.0,1,0,1,16,0.0,
202400032180,155 725 047,A01,1.0,7.0,0,1,0,26,3.0,
202400032181,155 725 046,A01,1.0,33.0,1,2,2,17,1.0,
202400032182,155 725 044,A01,2.0,7.0,0,2,7,1,2.0,
202400032183,155 725 042,A01,2.0,7.0,0,2,2,1,1.0,
202400032184,155 725 039,A01,0.0,31.0,0,0,3,0,1.0,
202400032185,155 725 038,B01,2.0,99.0,0,2,6,9,1.0,
202400032186,155 725 036,A01,1.0,7.0,0,1,1,1,0.0,
202400032187,155 725 035,A01,3.0,7.0,0,2,0,12,1.0,
202400032188,155 725 032,A01,1.0,7.0,0,2,3,15,1.0,
202400032189,155 725 031,B01,3.0,32.0,0,2,2,0,1.0,
202400032190,155 725 029,A01,3.0,30.0,8,0,0,0,1.0,
202400032191,155 725 028,A01,3.0,10.0,0,2,3,1,1.0,
202400032192,155 725 025,B01,1.0,7.0,0,2,4,1,2.0,
202400032193,155 725 026,A01,1.0,32.0,0,1,8,1,1.0,
202400032194,155 725 024,A01,1.0,80.0,0,0,0,1,3.0,
202400032195,155 725 023,Z01,1.0,7.0,0,1,1,0,0.0,
202400032196,155 725 021,B01,2.0,32.0,0,9,1,1,1.0,
202400032197,155 725 019,B01,2.0,50.0,0,2,1,25,3.0,
202400032198,155 725 018,A01,1.0,10.0,0,1,1,1,1.0,
202400032199,155 725 015,A01,1.0,7.0,0,2,6,2,1.0,
202400032200,155 725 013,A01,0.0,30.0,0,0,0,0,3.0,
202400032201,155 725 014,A01,1.0,7.0,0,9,3,24,1.0,
202400032202,155 725 012,A01,2.0,7.0,0,1,2,21,1.0,
202400032203,155 725 010,A01,3.0,7.0,0,2,0,0,1.0,
202400032204,155 725 007,B01,1.0,7.0,0,2,6,1,1.0,
202400032205,155 725 006,A01,1.0,7.0,0,2,1,2,1.0,
202400032206,155 725 002,B01,1.0,7.0,1,2,2,2,1.0,
202400032207,155 725 001,A01,1.0,2.0,0,2,0,1,1.0,
202400032208,155 724 998,A01,2.0,33.0,13,2,2,17,1.0,
202400032209,155 724 997,Z01,3.0,30.0,0,2,0,0,0.0,
202400032210,155 724 995,A01,2.0,13.0,0,9,2,12,1.0,
202400032211,155 724 993,A01,3.0,7.0,0,2,3,16,1.0,
202400032212,155 724 990,A01,1.0,7.0,13,0,9,1,1.0,
202400032213,155 724 986,B01,2.0,1.0,0,2,1,1,5.0,
202400032214,155 724 987,A01,2.0,7.0,0,2,1,2,1.0,
202400032215,155 724 985,A01,2.0,1.0,1,0,1,14,5.0,
202400032216,155 724 984,A01,3.0,7.0,0,1,3,1,1.0,
202400032217,155 724 981,A01,2.0,10.0,6,2,7,2,1.0,
202400032218,155 724 980,B01,1.0,32.0,0,2,1,1,1.0,
202400032219,155 724 977,A01,1.0,7.0,0,2,1,2,1.0,
202400032220,155 724 976,B01,1.0,10.0,0,2,3,1,0.0,
202400032221,155 724 975,A01,2.0,2.0,10,0,1,0,3.0,
202400032222,155 724 971,A01,2.0,33.0,3,0,1,1,1.0,
202400032223,155 724 972,A01,1.0,10.0,0,2,2,2,1.0,
202400032224,155 724 969,A01,3.0,7.0,4,0,2,1,1.0,
202400032225,155 724 968,A01,1.0,7.0,0,2,6,13,1.0,
202400032226,155 724 965,A01,2.0,7.0,0,0,1,2,1.0,
202400032227,155 724 964,A01,2.0,10.0,0,2,3,13,1.0,
202400032228,155 724 963,A01,1.0,10.0,13,0,1,1,1.0,
202400032229,155 724 961,A01,1.0,7.0,13,2,5,26,1.0,
202400032230,155 724 960,A01,0.0,7.0,0,0,9,1,1.0,
202400032231,155 724 957,A01,1.0,10.0,0,2,3,13,1.0,
202400032232,155 724 955,A01,2.0,7.0,0,2,1,0,1.0,
202400032233,155 724 953,A01,2.0,33.0,0,0,2,1,1.0,
202400032234,155 724 952,A01,2.0,7.0,0,2,3,1,1.0,
202400032235,155 724 950,A01,1.0,7.0,0,1,2,2,1.0,
202400032236,155 724 949,A01,1.0,7.0,0,2,3,1,1.0,
202400032237,155 724 948,A01,3.0,7.0,0,1,1,1,1.0,
202400032238,155 724 947,A01,2.0,33.0,13,6,1,13,1.0,
202400032239,155 724 946,A01,1.0,7.0,2,0,1,14,1.0,
202400032240,155 724 944,A01,1.0,36.0,0,2,1,13,1.0,
202400032241,155 724 942,A01,3.0,2.0,0,2,8,13,1.0,
202400032242,155 724 941,A01,2.0,31.0,3,0,7,14,1.0,
202400032243,155 724 939,A01,1.0,7.0,0,2,2,9,1.0,
202400032244,155 724 938,A01,1.0,7.0,0,1,1,1,1.0,
202400032245,155 724 935,A01,2.0,7.0,0,2,2,1,1.0,
202400032246,155 724 936,A01,2.0,7.0,16,0,2,1,1.0,
202400032247,155 724 934,A01,2.0,31.0,0,0,0,1,1.0,
202400032248,155 724 932,B01,2.0,2.0,0,2,1,1,1.0,
202400032249,155 724 929,A01,0.0,7.0,0,2,6,1,1.0,
202400032250,155 724 928,A01,1.0,10.0,0,2,1,0,1.0,
202400032251,155 724 926,A01,2.0,7.0,0,0,0,0,1.0,
202400032252,155 724 925,B01,1.0,33.0,0,2,1,1,1.0,
202400032253,155 724 923,A01,0.0,1.0,0,0,0,0,5.0,
202400032254,155 724 922,A01,1.0,10.0,0,2,2,15,1.0,
202400032255,155 724 920,A01,1.0,7.0,0,2,5,19,1.0,
202400032256,155 724 919,A01,1.0,31.0,0,0,0,0,1.0,
202400032257,155 724 917,A01,2.0,10.0,0,0,0,21,1.0,
202400032258,155 724 914,A01,2.0,7.0,5,0,9,17,1.0,
202400032259,155 724 915,A01,1.0,7.0,0,2,3,5,1.0,
202400032260,155 724 911,B01,1.0,33.0,3,2,1,18,1.0,
202400032261,155 724 910,A01,2.0,7.0,0,2,2,16,1.0,
202400032262,155 724 909,A01,2.0,33.0,13,0,1,0,1.0,
202400032263,155 724 908,A01,1.0,31.0,12,0,0,1,1.0,
202400032264,155 724 906,A01,0.0,2.0,0,2,2,1,1.0,
202400032265,155 724 905,A01,2.0,7.0,13,0,2,14,1.0,
202400032266,155 724 904,A01,1.0,7.0,0,1,2,1,1.0,
202400032267,155 724 903,A01,3.0,7.0,0,1,3,0,1.0,
202400032268,155 724 902,A01,3.0,7.0,0,1,3,15,1.0,
202400032269,155 724 900,A01,3.0,36.0,0,0,0,1,1.0,
202400032270,155 724 899,A01,1.0,7.0,0,2,8,15,1.0,
202400032271,155 724 897,A01,2.0,7.0,2,0,1,0,1.0,
202400032272,155 724 896,A01,1.0,21.0,0,2,3,15,1.0,
202400032273,155 724 891,D01,2.0,7.0,0,0,4,23,1.0,
202400032274,155 724 890,A01,1.0,7.0,0,2,4,15,1.0,
202400032275,155 724 888,A01,3.0,7.0,0,2,2,26,1.0,
202400032276,155 724 885,A01,2.0,38.0,0,2,3,1,1.0,1
202400032277,155 724 884,A01,3.0,7.0,0,2,1,13,1.0,
202400032278,155 724 882,A01,1.0,14.0,0,2,2,15,1.0,
202400032279,155 724 878,A01,2.0,7.0,13,0,9,26,1.0,
202400032280,155 724 877,A01,3.0,7.0,0,0,0,0,1.0,
202400032281,155 724 875,A01,2.0,7.0,0,2,2,6,1.0,
202400032282,155 724 873,A01,1.0,32.0,0,2,1,17,1.0,
202400032283,155 724 872,A01,1.0,34.0,11,0,9,1,1.0,
202400032284,155 724 869,A01,2.0,7.0,0,2,3,13,1.0,
202400032285,155 724 868,A01,1.0,7.0,0,1,4,4,1.0,
202400032286,155 724 866,B01,1.0,33.0,0,2,8,1,1.0,
202400032287,155 724 865,A01,2.0,33.0,8,0,2,0,1.0,
202400032288,155 724 864,A01,3.0,7.0,0,1,5,20,1.0,
202400032289,155 724 862,B01,1.0,33.0,0,2,1,1,1.0,
202400032290,155 724 860,A01,1.0,3.0,0,2,2,9,3.0,
202400032291,155 724 858,A01,2.0,2.0,0,2,3,19,1.0,
202400032292,155 724 857,A01,3.0,36.0,0,0,0,1,1.0,
202400032293,155 724 854,A01,2.0,7.0,3,2,1,2,1.0,
202400032294,155 724 853,A01,1.0,33.0,3,0,7,17,1.0,
202400032295,155 724 852,A01,0.0,7.0,2,0,0,1,2.0,
202400032296,155 724 850,A01,0.0,7.0,0,2,3,19,1.0,
202400032297,155 724 848,A01,2.0,7.0,0,2,7,15,1.0,
202400032298,155 724 847,A01,1.0,33.0,0,0,0,15,1.0,
202400032299,155 724 845,B01,2.0,33.0,0,2,1,1,1.0,
202400032300,155 724 843,A01,2.0,7.0,0,9,2,15,1.0,
202400032301,155 724 841,A01,2.0,7.0,0,2,3,1,1.0,
202400032302,155 724 839,A01,2.0,7.0,3,2,4,12,1.0,
202400032303,155 724 837,B01,3.0,7.0,0,2,8,15,1.0,
202400032304,155 724 835,B01,2.0,33.0,0,2,1,1,1.0,
202400032305,155 724 834,A01,0.0,7.0,0,1,2,1,1.0,
202400032306,155 724 832,A01,1.0,33.0,0,2,1,13,1.0,
202400032307,155 724 831,A01,2.0,7.0,0,1,1,13,1.0,
202400032308,155 724 830,A01,3.0,7.0,2,0,1,1,0.0,
202400032309,155 724 828,A01,2.0,7.0,0,2,1,1,1.0,
202400032310,155 724 825,B01,1.0,7.0,0,2,2,2,1.0,
202400032311,155 724 823,A01,2.0,7.0,0,2,1,2,1.0,
202400032312,155 724 821,B01,2.0,17.0,4,2,8,1,1.0,
202400032313,155 724 819,A01,1.0,37.0,1,0,2,21,1.0,1
202400032314,155 724 815,A01,2.0,7.0,4,2,3,3,1.0,
202400032315,155 724 813,A01,1.0,7.0,0,2,1,2,2.0,
202400032316,155 724 811,A01,2.0,7.0,0,2,1,2,1.0,
202400032317,155 724 809,A01,2.0,7.0,0,2,1,2,1.0,
202400032318,155 724 807,A01,1.0,7.0,1,0,2,21,1.0,
202400032319,155 724 805,A01,2.0,32.0,0,2,2,13,1.0,
202400032320,155 724 801,C01,2.0,33.0,0,2,1,3,1.0,
202400032321,155 724 800,A01,2.0,33.0,0,2,1,1,1.0,
202400032322,155 724 798,A01,2.0,33.0,0,2,1,1,1.0,
202400032323,155 724 794,B01,2.0,7.0,0,2,1,2,1.0,
202400032324,155 724 792,A01,2.0,34.0,0,2,1,1,1.0,
202400032325,155 724 790,A01,2.0,7.0,1,0,2,14,1.0,
202400032326,155 724 788,A01,2.0,33.0,0,2,5,2,1.0,
202400032327,155 724 786,A01,1.0,7.0,0,9,7,16,1.0,
202400032328,155 724 784,A01,2.0,7.0,0,2,1,5,1.0,
202400032329,155 724 783,A01,2.0,7.0,1,0,1,1,1.0,
202400032330,155 724 781,A01,1.0,10.0,0,2,7,2,1.0,
202400032331,155 724 779,B01,2.0,7.0,0,2,1,10,1.0,
202400032332,155 724 777,B01,2.0,33.0,0,2,1,2,1.0,
202400032333,155 724 776,A01,1.0,10.0,0,1,2,1,1.0,
202400032334,155 724 775,A01,1.0,2.0,0,1,1,1,3.0,
202400032335,155 724 773,C01,3.0,50.0,0,2,3,-1,3.0,
202400032336,155 724 771,B01,2.0,50.0,0,2,0,14,3.0,
202400032337,155 724 770,A01,1.0,30.0,0,0,7,1,1.0,
202400032338,155 724 768,B01,2.0,7.0,0,2,1,1,1.0,
202400032339,155 724 766,B01,3.0,7.0,0,2,3,15,1.0,
202400032340,155 724 765,A01,2.0,7.0,4,0,3,13,1.0,
202400032341,155 724 763,A01,3.0,7.0,0,2,1,9,1.0,
202400032342,155 724 761,A01,3.0,7.0,0,2,1,2,1.0,
202400032343,155 724 759,A01,3.0,37.0,0,2,1,2,3.0,1
202400032344,155 724 757,A01,0.0,7.0,0,2,3,1,1.0,
202400032345,155 724 755,A01,1.0,7.0,0,2,3,13,1.0,
202400032346,155 724 754,A01,2.0,7.0,13,0,2,0,1.0,
202400032347,155 724 753,A01,3.0,7.0,0,1,2,1,1.0,
202400032348,155 724 751,B01,1.0,7.0,1,0,8,24,1.0,
202400032349,155 724 750,A01,2.0,7.0,0,1,1,15,1.0,
202400032350,155 724 748,B01,0.0,7.0,0,2,3,1,1.0,
202400032351,155 724 745,A01,3.0,10.0,0,2,1,2,1.0,
202400032352,155 724 743,B01,3.0,50.0,0,2,1,1,3.0,
202400032353,155 724 742,A01,3.0,33.0,0,1,1,9,1.0,
202400032354,155 724 741,A01,1.0,7.0,16,0,9,15,1.0,
202400032355,155 724 739,B01,2.0,50.0,0,2,1,1,3.0,
202400032356,155 724 738,A01,3.0,7.0,12,0,9,1,1.0,
202400032357,155 724 737,B01,3.0,7.0,0,1,2,1,1.0,
202400032358,155 724 735,B01,3.0,7.0,0,2,2,1,1.0,
202400032359,155 724 733,B01,2.0,7.0,0,2,1,1,1.0,
202400032360,155 724 732,A01,2.0,80.0,12,0,1,1,2.0,
202400032361,155 724 730,A01,3.0,30.0,0,2,4,2,1.0,
202400032362,155 724 729,A01,3.0,7.0,0,1,1,2,0.0,
202400032363,155 724 727,B01,1.0,7.0,0,2,0,0,1.0,
202400032364,155 724 725,A01,1.0,31.0,0,2,1,1,1.0,
202400032365,155 724 724,A01,3.0,7.0,0,1,1,15,1.0,
202400032366,155 724 722,B01,3.0,50.0,0,2,8,1,3.0,
202400032367,155 724 720,A01,2.0,7.0,1,2,9,17,1.0,
202400032368,155 724 718,A01,3.0,7.0,0,2,3,10,2.0,
202400032369,155 724 716,B01,1.0,7.0,0,2,7,1,1.0,
202400032370,155 724 715,A01,3.0,7.0,0,1,4,20,3.0,
202400032371,155 724 713,A01,2.0,7.0,0,2,3,9,1.0,
202400032372,155 724 711,A01,0.0,7.0,0,2,3,13,1.0,
202400032373,155 724 709,B01,1.0,7.0,0,2,1,1,1.0,
202400032374,155 724 707,B01,3.0,37.0,0,2,2,1,1.0,1
202400032375,155 724 705,A01,1.0,30.0,0,2,3,2,1.0,
202400032376,155 724 704,A01,1.0,50.0,0,1,2,5,3.0,
202400032377,155 724 703,A01,3.0,50.0,1,2,1,21,3.0,
202400032378,155 724 701,B01,1.0,7.0,0,0,0,0,1.0,
202400032379,155 724 699,A01,1.0,7.0,0,2,1,1,1.0,
202400032380,155 724 697,B01,3.0,30.0,0,2,4,1,1.0,
202400032381,155 724 695,A01,0.0,99.0,0,2,0,1,6.0,
202400032382,155 724 693,A01,3.0,7.0,0,2,1,1,1.0,
202400032383,155 724 692,A01,3.0,7.0,0,1,2,15,1.0,
202400032384,155 724 690,B01,1.0,30.0,0,2,2,17,1.0,
202400032385,155 724 688,B01,2.0,80.0,0,2,1,5,3.0,
202400032386,155 724 686,A01,1.0,7.0,0,2,3,15,1.0,
202400032387,155 724 685,A01,1.0,7.0,0,1,3,19,1.0,
202400032388,155 724 683,A01,3.0,7.0,0,2,3,15,,
202400032389,155 724 681,A01,3.0,7.0,0,2,5,15,1.0,
202400032390,155 724 680,A01,1.0,30.0,0,0,8,0,1.0,
202400032391,155 724 678,A01,2.0,7.0,0,2,3,15,1.0,
202400032392,155 724 675,C01,2.0,7.0,0,2,1,1,1.0,
202400032393,155 724 673,B01,1.0,10.0,0,2,3,11,1.0,
202400032394,155 724 671,A01,1.0,7.0,0,2,1,2,1.0,
202400032395,155 724 669,Z01,3.0,7.0,0,2,2,2,0.0,
202400032396,155 724 667,A01,2.0,1.0,0,2,7,1,5.0,
202400032397,155 724 665,B01,3.0,7.0,0,2,1,1,1.0,
202400032398,155 724 663,A01,1.0,7.0,0,9,1,15,1.0,
202400032399,155 724 661,A01,3.0,7.0,0,2,2,15,1.0,
202400032400,155 724 660,A01,3.0,10.0,0,1,2,1,1.0,
202400032401,155 724 658,A01,1.0,33.0,0,2,1,17,1.0,
202400032402,155 724 657,A01,3.0,33.0,12,0,2,0,1.0,
202400032403,155 724 655,B01,0.0,50.0,0,9,7,16,3.0,
202400032404,155 724 652,A01,2.0,7.0,0,2,1,2,1.0,
202400032405,155 724 650,B01,1.0,34.0,0,2,1,1,1.0,
202400032406,155 724 648,A01,2.0,7.0,0,2,4,23,1.0,
202400032407,155 724 646,A01,3.0,50.0,0,2,1,1,3.0,
202400032408,155 724 645,A01,1.0,7.0,0,1,3,15,1.0,
202400032409,155 724 643,B01,1.0,31.0,0,2,1,1,1.0,
202400032410,155 724 642,A01,2.0,10.0,0,9,2,1,1.0,
202400032411,155 724 640,A01,2.0,7.0,0,2,3,19,1.0,
202400032412,155 724 638,B01,2.0,38.0,0,2,6,1,1.0,1
202400032413,155 724 637,A01,3.0,33.0,14,0,1,26,1.0,
202400032414,155 724 636,A01,3.0,33.0,7,0,7,26,1.0,
202400032415,155 724 634,A01,1.0,7.0,0,0,2,14,1.0,
202400032416,155 724 633,A01,2.0,50.0,1,0,1,17,3.0,
202400032417,155 724 631,B01,0.0,1.0,0,2,1,1,5.0,
202400032418,155 724 630,A01,2.0,33.0,0,1,3,1,1.0,
202400032419,155 724 628,A01,1.0,30.0,0,2,1,18,1.0,
202400032420,155 724 626,Z01,1.0,7.0,0,2,6,24,0.0,
202400032421,155 724 624,B01,1.0,7.0,0,2,5,24,2.0,
202400032422,155 724 622,A01,1.0,30.0,0,2,1,21,1.0,
202400032423,155 724 620,A01,1.0,50.0,0,2,6,15,3.0,
202400032424,155 724 618,A01,1.0,50.0,0,2,1,5,3.0,
202400032425,155 724 616,B01,0.0,7.0,0,2,1,1,1.0,
202400032426,155 724 614,A01,3.0,7.0,0,2,1,16,1.0,
202400032427,155 724 612,B01,2.0,33.0,0,2,1,1,1.0,
202400032428,155 724 610,B01,1.0,50.0,0,2,3,2,3.0,
202400032429,155 724 608,A01,3.0,21.0,0,2,1,16,1.0,
202400032430,155 724 606,B01,1.0,7.0,0,2,7,14,1.0,
202400032431,155 724 604,A01,1.0,33.0,0,2,1,1,1.0,
202400032432,155 724 602,A01,1.0,7.0,0,2,1,1,1.0,
202400032433,155 724 600,A01,1.0,30.0,0,2,3,1,1.0,
202400032434,155 724 599,A01,3.0,7.0,0,1,2,1,2.0,
202400032435,155 724 598,A01,0.0,0.0,0,1,1,1,0.0,
202400032436,155 724 596,A01,1.0,10.0,0,2,3,17,1.0,
202400032437,155 724 595,A01,2.0,50.0,1,0,3,13,3.0,
202400032438,155 724 593,B01,3.0,7.0,0,2,3,1,1.0,
202400032439,155 724 591,B01,2.0,34.0,1,2,6,1,1.0,
202400032440,155 724 589,A01,3.0,30.0,0,2,7,15,1.0,
202400032441,155 724 587,A01,3.0,7.0,0,2,1,1,1.0,
202400032442,155 724 586,A01,3.0,1.0,12,0,2,26,5.0,
202400032443,155 724 585,A01,3.0,50.0,14,0,1,1,3.0,
202400032444,155 724 584,A01,2.0,33.0,0,1,1,3,1.0,
202400032445,155 724 583,A01,2.0,7.0,2,0,3,13,1.0,
202400032446,155 724 581,A01,1.0,7.0,4,2,8,14,1.0,
202400032447,155 724 579,B01,2.0,1.0,0,0,4,0,5.0,
202400032448,155 724 578,A01,1.0,33.0,0,0,7,0,0.0,
202400032449,155 724 577,A01,2.0,7.0,13,0,3,1,0.0,
202400032450,155 724 575,A01,1.0,7.0,0,2,1,13,1.0,
202400032451,155 724 574,A01,1.0,7.0,0,0,1,1,1.0,
202400032452,155 724 573,A01,1.0,33.0,0,0,8,1,1.0,
202400032453,155 724 571,B01,1.0,7.0,0,2,3,1,1.0,
202400032454,155 724 570,A01,2.0,7.0,13,0,3,13,1.0,
202400032455,155 724 568,A01,2.0,3.0,0,2,3,13,1.0,
202400032456,155 724 567,A01,2.0,7.0,13,0,1,1,1.0,
202400032457,155 724 565,A01,3.0,7.0,0,2,8,19,1.0,
202400032458,155 724 564,A01,1.0,33.0,0,0,9,13,1.0,
202400032459,155 724 563,A01,2.0,33.0,0,0,0,14,1.0,
202400032460,155 724 561,B01,1.0,7.0,0,0,8,15,1.0,
202400032461,155 724 559,A01,1.0,7.0,0,2,7,19,1.0,
202400032462,155 724 557,A01,2.0,31.0,0,2,1,1,1.0,
202400032463,155 724 556,A01,2.0,7.0,13,0,2,1,1.0,
202400032464,155 724 554,A01,2.0,2.0,0,2,2,1,1.0,
202400032465,155 724 553,A01,2.0,7.0,2,0,1,1,1.0,
202400032466,155 724 551,A01,0.0,7.0,0,2,3,9,2.0,
202400032467,155 724 549,A01,2.0,7.0,0,2,1,16,1.0,
202400032468,155 724 547,A01,2.0,10.0,3,2,1,5,1.0,
202400032469,155 724 545,A01,2.0,7.0,0,2,1,1,0.0,
202400032470,155 724 543,A01,1.0,7.0,3,0,2,2,1.0,
202400032471,155 724 541,A01,0.0,7.0,0,2,6,15,1.0,
202400032472,155 724 539,A01,1.0,7.0,3,2,8,13,1.0,
202400032473,155 724 536,A01,1.0,7.0,0,2,1,1,1.0,
202400032474,155 724 533,B01,1.0,7.0,0,2,4,2,1.0,
202400032475,155 724 531,B01,2.0,15.0,0,2,3,1,1.0,
202400032476,155 724 529,A01,1.0,7.0,4,2,8,11,1.0,
202400032477,155 724 527,A01,2.0,32.0,0,2,1,3,1.0,
202400032478,155 724 526,A01,2.0,33.0,4,0,1,0,1.0,
202400032479,155 724 524,A01,1.0,33.0,0,2,1,2,1.0,
202400032480,155 724 522,A01,1.0,7.0,0,2,1,13,1.0,
202400032481,155 724 520,B01,1.0,31.0,0,2,1,2,1.0,
202400032482,155 724 517,A01,1.0,7.0,0,2,5,0,1.0,
202400032483,155 724 515,A01,1.0,17.0,0,2,2,2,1.0,
202400032484,155 724 513,A01,2.0,7.0,0,2,6,18,1.0,
202400032485,155 724 511,A01,2.0,7.0,0,2,1,2,1.0,
202400032486,155 724 509,A01,2.0,7.0,0,2,3,1,1.0,
202400032487,155 724 507,A01,2.0,7.0,0,2,7,16,1.0,
202400032488,155 724 504,A01,1.0,30.0,0,2,3,1,3.0,
202400032489,155 724 502,A01,2.0,7.0,0,2,7,12,1.0,
202400032490,155 724 500,A01,1.0,7.0,0,2,3,1,1.0,
202400032491,155 724 499,A01,1.0,7.0,2,0,1,13,1.0,
202400032492,155 724 498,A01,1.0,7.0,13,0,1,13,1.0,
202400032493,155 724 497,A01,3.0,21.0,0,0,9,1,1.0,
202400032494,155 724 496,A01,3.0,7.0,8,0,0,2,1.0,
202400032495,155 724 495,A01,1.0,7.0,0,1,2,1,0.0,
202400032496,155 724 494,A01,3.0,7.0,1,1,2,26,1.0,
202400032497,155 724 492,B01,2.0,33.0,0,2,1,1,1.0,
202400032498,155 724 491,A01,1.0,7.0,0,1,1,1,1.0,
202400032499,155 724 489,B01,0.0,7.0,0,2,1,1,2.0,
202400032500,155 724 487,A01,0.0,14.0,14,2,6,1,1.0,
202400032501,155 724 484,A01,1.0,10.0,0,0,3,9,1.0,
202400032502,155 724 481,A01,2.0,1.0,0,2,4,1,5.0,
202400032503,155 724 480,A01,2.0,7.0,0,1,3,15,1.0,
202400032504,155 724 479,A01,1.0,7.0,13,0,9,1,1.0,
202400032505,155 724 478,A01,2.0,31.0,2,0,1,1,1.0,
202400032506,155 724 476,A01,3.0,1.0,0,2,8,1,5.0,
202400032507,155 724 475,A01,2.0,7.0,13,0,1,1,1.0,
202400032508,155 724 473,A01,1.0,7.0,0,9,2,15,1.0,
202400032509,155 724 472,A01,1.0,31.0,7,0,1,1,1.0,
202400032510,155 724 471,A01,1.0,7.0,2,0,1,1,1.0,
202400032511,155 724 470,A01,1.0,7.0,2,0,1,0,1.0,
202400032512,155 724 469,A01,1.0,7.0,11,0,1,2,1.0,
202400032513,155 724 467,A01,3.0,7.0,0,2,1,1,1.0,
202400032514,155 724 466,A01,1.0,33.0,2,0,0,2,1.0,
202400032515,155 724 464,A01,1.0,10.0,0,0,2,1,1.0,
202400032516,155 724 463,A01,1.0,0.0,0,1,2,1,0.0,
202400032517,155 724 462,A01,1.0,7.0,3,0,1,2,2.0,
202400032518,155 724 461,A01,1.0,33.0,4,0,7,1,1.0,
202400032519,155 724 458,A01,2.0,33.0,0,0,0,0,1.0,
202400032520,155 724 456,B01,1.0,7.0,0,2,3,15,1.0,
202400032521,155 724 454,B01,2.0,7.0,0,2,2,1,1.0,
202400032522,155 724 452,A01,1.0,7.0,0,2,3,13,1.0,
202400032523,155 724 450,A01,2.0,2.0,0,2,1,17,1.0,
202400032524,155 724 448,B01,1.0,33.0,0,2,9,1,0.0,
202400032525,155 724 446,B01,2.0,2.0,0,0,4,2,1.0,
202400032526,155 724 444,B01,1.0,2.0,0,0,5,16,1.0,
202400032527,155 724 442,A01,2.0,7.0,16,2,2,13,1.0,
202400032528,155 724 440,B01,2.0,7.0,3,2,7,1,1.0,
202400032529,155 724 438,A01,3.0,7.0,0,2,1,16,1.0,
202400032530,155 724 435,C01,0.0,7.0,5,2,8,1,1.0,
202400032531,155 724 434,A01,1.0,7.0,5,0,1,14,1.0,
202400032532,155 724 433,A01,2.0,32.0,0,0,9,23,1.0,
202400032533,155 724 431,A01,3.0,7.0,0,2,2,26,1.0,
202400032534,155 724 429,A01,1.0,7.0,0,2,5,13,1.0,
202400032535,155 724 426,B01,2.0,2.0,0,0,4,2,1.0,
202400032536,155 724 424,B01,1.0,33.0,0,2,3,3,1.0,
202400032537,155 724 422,A01,1.0,7.0,0,2,1,1,1.0,
202400032538,155 724 420,A01,2.0,7.0,0,2,1,2,1.0,
202400032539,155 724 418,A01,1.0,33.0,0,2,1,9,1.0,
202400032540,155 724 416,A01,1.0,7.0,0,2,1,1,1.0,
202400032541,155 724 414,A01,1.0,7.0,0,2,1,9,1.0,
202400032542,155 724 412,A01,1.0,7.0,0,2,1,1,1.0,
202400032543,155 724 410,A01,1.0,7.0,4,2,1,1,1.0,
202400032544,155 724 408,A01,3.0,7.0,0,2,1,2,1.0,
202400032545,155 724 407,A01,1.0,50.0,14,0,1,1,3.0,
202400032546,155 724 405,A01,3.0,32.0,0,2,1,1,1.0,
202400032547,155 724 404,A01,1.0,30.0,0,0,0,1,1.0,
202400032548,155 724 402,B01,1.0,7.0,0,2,8,19,1.0,
202400032549,155 724 400,B01,1.0,80.0,0,2,8,1,3.0,
202400032550,155 724 398,A01,2.0,80.0,0,2,4,15,3.0,
202400032551,155 724 396,A01,2.0,7.0,0,2,4,10,1.0,
202400032552,155 724 392,A01,2.0,7.0,0,2,2,17,1.0,
202400032553,155 724 390,A01,2.0,7.0,0,2,1,26,1.0,
202400032554,155 724 387,C01,1.0,10.0,0,2,1,2,1.0,
202400032555,155 724 385,A01,2.0,32.0,0,2,1,17,1.0,
202400032556,155 724 383,A01,2.0,10.0,0,2,2,2,1.0,
202400032557,155 724 382,A01,3.0,7.0,0,1,1,26,1.0,
202400032558,155 724 380,B01,1.0,10.0,0,2,5,1,2.0,
202400032559,155 724 378,A01,3.0,50.0,0,2,0,0,3.0,
202400032560,155 724 377,A01,3.0,30.0,0,1,1,2,1.0,
202400032561,155 724 376,Z01,0.0,10.0,0,1,4,4,0.0,