Num_Acc,id_vehicule,num_veh,senc,catv,obs,obsm,choc,manv,motor,occutc
202400032562,155 724 375,A01,3.0,7.0,4,0,1,1,1.0,
202400032563,155 724 371,A01,3.0,7.0,9,0,1,9,1.0,
202400032564,155 724 370,A01,2.0,7.0,9,1,1,15,1.0,
202400032565,155 724 367,A01,3.0,7.0,0,2,1,0,0.0,
202400032566,155 724 366,A01,3.0,7.0,0,2,1,13,1.0,
202400032567,155 724 364,A01,0.0,7.0,0,1,4,20,1.0,
202400032568,155 724 363,B01,2.0,7.0,0,2,3,13,1.0,
202400032569,155 724 362,B01,2.0,30.0,0,1,1,2,1.0,
202400032570,155 724 360,A01,0.0,1.0,0,2,0,18,5.0,
202400032571,155 724 358,B01,1.0,7.0,0,2,1,5,1.0,
202400032572,155 724 357,A01,3.0,10.0,0,1,1,15,0.0,
202400032573,155 724 356,A01,2.0,34.0,0,1,1,1,1.0,
202400032574,155 724 355,A01,3.0,1.0,1,0,0,0,5.0,
202400032575,155 724 354,A01,2.0,7.0,0,1,2,2,1.0,
202400032576,155 724 352,A01,1.0,7.0,0,2,3,15,1.0,
202400032577,155 724 350,A01,1.0,14.0,0,2,3,9,1.0,
202400032578,155 724 349,A01,1.0,7.0,3,0,3,1,1.0,
202400032579,155 724 347,A01,2.0,7.0,0,2,8,10,0.0,
202400032580,155 724 345,A01,0.0,2.0,0,0,0,26,3.0,
202400032581,155 724 343,B01,1.0,7.0,0,2,1,1,1.0,
202400032582,155 724 342,A01,2.0,7.0,0,1,2,1,1.0,
202400032583,155 724 339,A01,0.0,7.0,0,2,1,1,1.0,
202400032584,155 724 338,A01,3.0,7.0,0,0,4,1,1.0,
202400032585,155 724 335,A01,3.0,7.0,0,0,5,15,1.0,
202400032586,155 724 334,A01,1.0,7.0,0,2,1,1,1.0,
202400032587,155 724 332,B01,3.0,80.0,0,2,1,1,3.0,
202400032588,155 724 331,A01,3.0,7.0,0,1,3,1,1.0,
202400032589,155 724 329,A01,3.0,7.0,0,2,1,2,1.0,
202400032590,155 724 327,A01,3.0,7.0,0,2,3,1,1.0,
202400032591,155 724 325,A01,1.0,2.0,0,1,1,3,1.0,
202400032592,155 724 324,B01,3.0,7.0,0,2,2,1,1.0,
202400032593,155 724 323,A01,3.0,2.0,0,0,7,1,1.0,
202400032594,155 724 319,A01,3.0,7.0,0,2,8,15,1.0,
202400032595,155 724 320,A01,3.0,2.0,0,2,0,5,1.0,
202400032596,155 724 318,A01,1.0,7.0,13,0,1,26,2.0,
202400032597,155 724 316,A01,1.0,7.0,13,0,9,1,1.0,
202400032598,155 724 315,B01,1.0,7.0,0,2,7,1,1.0,
202400032599,155 724 312,B01,2.0,33.0,0,2,7,17,1.0,
202400032600,155 724 310,A01,3.0,7.0,0,2,1,2,1.0,
202400032601,155 724 309,A01,2.0,7.0,0,1,2,1,1.0,
202400032602,155 724 307,A01,3.0,50.0,0,2,4,26,3.0,
202400032603,155 724 306,A01,2.0,7.0,2,0,1,1,1.0,
202400032604,155 724 303,A01,1.0,30.0,0,2,1,0,1.0,
202400032605,155 724 304,A01,2.0,7.0,0,1,2,15,1.0,
202400032606,155 724 302,A01,1.0,30.0,12,0,1,14,1.0,
202400032607,155 724 300,B01,1.0,1.0,0,2,7,1,5.0,
202400032608,155 724 299,A01,2.0,30.0,0,0,8,1,1.0,
202400032609,155 724 298,A01,1.0,7.0,2,0,9,1,1.0,
202400032610,155 724 297,A01,1.0,7.0,0,0,0,1,1.0,
202400032611,155 724 296,A01,0.0,3.0,0,0,4,10,1.0,
202400032612,155 724 294,A01,2.0,33.0,0,6,1,1,1.0,
202400032613,155 724 293,A01,3.0,7.0,0,2,5,1,1.0,
202400032614,155 724 291,B01,1.0,1.0,0,2,4,1,5.0,
202400032615,155 724 289,A01,1.0,7.0,0,2,1,1,1.0,
202400032616,155 724 288,A01,2.0,7.0,13,0,9,0,1.0,
202400032617,155 724 286,B01,1.0,1.0,0,2,4,19,5.0,
202400032618,155 724 285,A01,2.0,33.0,2,0,0,0,1.0,
202400032619,155 724 282,B01,1.0,1.0,1,0,4,7,5.0,
202400032620,155 724 280,C01,2.0,10.0,0,0,3,24,0.0,
202400032621,155 724 278,A01,2.0,10.0,13,0,1,13,1.0,
202400032622,155 724 277,A01,1.0,7.0,0,2,3,15,1.0,
202400032623,155 724 276,A01,1.0,2.0,6,0,1,1,1.0,
202400032624,155 724 274,A01,2.0,80.0,0,2,1,1,3.0,
202400032625,155 724 273,A01,3.0,7.0,2,0,2,1,1.0,
202400032626,155 724 271,A01,1.0,7.0,13,0,1,1,1.0,
202400032627,155 724 269,A01,2.0,7.0,0,2,1,1,1.0,
202400032628,155 724 268,A01,2.0,33.0,0,0,0,1,1.0,
202400032629,155 724 267,A01,3.0,7.0,15,0,6,26,1.0,
202400032630,155 724 266,A01,3.0,50.0,0,0,0,0,3.0,
202400032631,155 724 261,A01,1.0,7.0,6,2,1,1,1.0,
202400032632,155 724 260,A01,1.0,37.0,0,1,2,1,2.0,1
202400032633,155 724 259,A01,3.0,36.0,13,0,3,16,1.0,
202400032634,155 724 257,A01,2.0,7.0,0,2,1,2,1.0,
202400032635,155 724 256,A01,1.0,7.0,1,1,1,1,1.0,
202400032636,155 724 253,A01,3.0,3.0,0,1,1,1,1.0,
202400032637,155 724 254,A01,2.0,33.0,0,2,1,1,1.0,
202400032638,155 724 252,A01,0.0,33.0,0,5,8,1,1.0,
202400032639,155 724 250,A01,2.0,7.0,0,2,5,1,1.0,
202400032640,155 724 248,A01,2.0,7.0,0,2,1,5,1.0,
202400032641,155 724 246,A01,1.0,7.0,0,2,1,16,1.0,
202400032642,155 724 245,A01,3.0,7.0,0,1,1,1,0.0,
202400032643,155 724 243,A01,1.0,7.0,0,2,1,2,1.0,
202400032644,155 724 242,A01,0.0,7.0,0,1,2,1,3.0,
202400032645,155 724 241,A01,1.0,7.0,0,1,2,1,1.0,
202400032646,155 724 239,A01,2.0,2.0,0,2,8,1,1.0,
202400032647,155 724 238,A01,3.0,7.0,8,0,3,1,1.0,
202400032648,155 724 234,A01,1.0,30.0,0,2,1,1,1.0,
202400032649,155 724 231,B01,1.0,7.0,0,2,3,15,1.0,
202400032650,155 724 230,C01,1.0,10.0,0,0,0,15,1.0,
202400032651,155 724 228,A01,1.0,7.0,13,0,9,1,1.0,
202400032652,155 724 227,B01,0.0,50.0,0,2,1,19,3.0,
202400032653,155 724 226,A01,1.0,7.0,4,0,3,1,1.0,
202400032654,155 724 225,A01,3.0,30.0,0,0,0,26,1.0,
202400032655,155 724 224,A01,2.0,7.0,8,0,1,1,1.0,
202400032656,155 724 222,A01,1.0,7.0,0,2,3,13,1.0,
202400032657,155 724 220,A01,0.0,1.0,0,0,4,1,5.0,
202400032658,155 724 218,A01,1.0,7.0,0,2,1,15,1.0,
202400032659,155 724 215,A01,0.0,7.0,0,1,0,20,1.0,
202400032660,155 724 216,A01,1.0,7.0,0,2,3,0,1.0,
202400032661,155 724 212,A01,1.0,7.0,0,2,3,2,1.0,
202400032662,155 724 209,A01,1.0,2.0,0,0,0,1,1.0,
202400032663,155 724 208,D01,2.0,7.0,0,9,1,0,1.0,
202400032664,155 724 207,A01,1.0,13.0,3,1,7,1,6.0,
202400032665,155 724 205,A01,1.0,33.0,0,2,2,0,1.0,
202400032666,155 724 201,B01,2.0,7.0,0,2,1,1,1.0,
202400032667,155 724 200,B01,2.0,7.0,1,0,6,1,1.0,
202400032668,155 724 199,A01,1.0,7.0,4,0,2,1,1.0,
202400032669,155 724 197,B01,2.0,7.0,0,2,1,19,1.0,
202400032670,155 724 194,A01,1.0,7.0,0,2,3,2,1.0,
202400032671,155 724 193,A01,1.0,7.0,0,2,2,17,1.0,
202400032672,155 724 190,B01,2.0,7.0,0,2,3,1,1.0,
202400032673,155 724 188,A01,1.0,7.0,0,2,8,15,1.0,
202400032674,155 724 186,B01,2.0,33.0,0,2,1,13,1.0,
202400032675,155 724 185,A01,1.0,30.0,0,0,0,1,1.0,
202400032676,155 724 184,A01,3.0,2.0,5,0,7,1,1.0,
202400032677,155 724 180,D01,3.0,7.0,0,2,6,24,1.0,
202400032678,155 724 181,A01,3.0,7.0,0,1,1,19,1.0,
202400032679,155 724 178,A01,1.0,50.0,0,0,0,1,3.0,
202400032680,155 724 176,A01,1.0,37.0,0,2,1,1,2.0,1
202400032681,155 724 175,A01,2.0,7.0,3,0,2,1,1.0,
202400032682,155 724 173,Z01,2.0,80.0,0,1,2,1,3.0,
202400032683,155 724 172,A01,1.0,7.0,0,1,5,11,0.0,
202400032684,155 724 170,A01,1.0,14.0,0,2,1,2,1.0,
202400032685,155 724 168,A01,3.0,33.0,0,2,1,13,1.0,
202400032686,155 724 167,A01,1.0,33.0,0,1,1,1,1.0,
202400032687,155 724 165,A01,1.0,7.0,0,2,3,0,1.0,
202400032688,155 724 163,A01,3.0,7.0,15,0,1,14,1.0,
202400032689,155 724 162,B01,2.0,1.0,0,2,3,1,5.0,
202400032690,155 724 161,A01,1.0,33.0,0,0,1,1,1.0,
202400032691,155 724 160,A01,2.0,1.0,0,2,8,21,5.0,
202400032692,155 724 159,A01,2.0,10.0,1,0,2,1,1.0,
202400032693,155 724 158,A01,1.0,7.0,0,1,2,1,2.0,
202400032694,155 724 155,B01,3.0,33.0,0,2,2,1,1.0,
202400032695,155 724 154,A01,3.0,7.0,2,0,1,0,1.0,
202400032696,155 724 153,A01,2.0,1.0,0,1,2,1,5.0,
202400032697,155 724 151,B01,2.0,7.0,0,2,8,1,1.0,
202400032698,155 724 150,A01,0.0,1.0,0,0,8,2,5.0,
202400032699,155 724 147,A01,2.0,7.0,0,2,1,2,1.0,
202400032700,155 724 145,B01,1.0,50.0,0,2,2,17,3.0,
202400032701,155 724 143,A01,1.0,7.0,0,2,2,1,1.0,
202400032702,155 724 142,A01,1.0,30.0,14,0,7,8,1.0,
202400032703,155 724 140,B01,1.0,7.0,0,2,2,1,1.0,
202400032704,155 724 137,C01,3.0,1.0,0,2,8,0,5.0,
202400032705,155 724 136,A01,2.0,7.0,4,0,1,18,1.0,
202400032706,155 724 133,A01,2.0,7.0,0,2,2,1,1.0,
202400032707,155 724 131,B01,2.0,7.0,0,2,8,1,2.0,
202400032708,155 724 129,A01,2.0,7.0,0,2,1,17,1.0,
202400032709,155 724 127,B01,2.0,7.0,0,2,3,9,1.0,
202400032710,155 724 123,A01,1.0,99.0,0,9,1,26,0.0,
202400032711,155 724 125,A01,0.0,7.0,0,2,2,15,3.0,
202400032712,155 724 119,B01,1.0,7.0,0,2,2,1,1.0,
202400032713,155 724 118,A01,0.0,7.0,0,2,3,17,1.0,
202400032714,155 724 117,B01,1.0,7.0,8,2,8,1,1.0,
202400032715,155 724 115,A01,1.0,7.0,10,0,2,14,1.0,
202400032716,155 724 113,A01,3.0,7.0,0,2,8,9,1.0,
202400032717,155 724 112,A01,1.0,10.0,0,2,3,15,1.0,
202400032718,155 724 111,A01,0.0,7.0,0,1,3,15,1.0,
202400032719,155 724 108,Z01,2.0,7.0,0,2,0,0,0.0,
202400032720,155 724 107,B01,3.0,10.0,0,2,1,0,1.0,
202400032721,155 724 105,A01,2.0,7.0,0,2,1,13,1.0,
202400032722,155 724 103,A01,1.0,7.0,1,0,0,22,1.0,
202400032723,155 724 101,A01,1.0,7.0,0,0,0,0,1.0,
202400032724,155 724 100,A01,1.0,2.0,0,0,0,1,1.0,
202400032725,155 724 099,A01,1.0,32.0,0,2,1,1,1.0,
202400032726,155 724 098,A01,2.0,7.0,13,0,1,5,1.0,
202400032727,155 724 097,A01,1.0,30.0,0,0,7,26,1.0,
202400032728,155 724 094,A01,2.0,33.0,13,0,9,1,1.0,
202400032729,155 724 093,B01,3.0,7.0,0,2,0,13,2.0,
202400032730,155 724 095,A01,3.0,31.0,0,0,8,1,1.0,
202400032731,155 724 092,A01,2.0,33.0,0,0,0,0,1.0,
202400032732,155 724 090,B01,3.0,34.0,0,2,7,1,1.0,
202400032733,155 724 089,A01,1.0,7.0,6,0,1,26,1.0,
202400032734,155 724 088,A01,1.0,7.0,2,0,1,6,1.0,
202400032735,155 724 086,A01,1.0,7.0,6,0,1,1,1.0,
202400032736,155 724 083,C01,1.0,7.0,0,2,4,2,1.0,
202400032737,155 724 082,B01,2.0,2.0,0,2,8,1,1.0,
202400032738,155 724 081,A01,1.0,7.0,13,0,2,1,1.0,
202400032739,155 724 079,B01,0.0,50.0,0,2,1,1,3.0,
202400032740,155 724 076,B01,1.0,33.0,0,2,1,1,1.0,
202400032741,155 724 075,B01,1.0,7.0,0,0,1,26,0.0,
202400032742,155 724 074,A01,1.0,7.0,0,1,1,1,2.0,
202400032743,155 724 073,A01,0.0,31.0,0,0,1,0,1.0,
202400032744,155 724 068,A01,2.0,7.0,13,0,1,1,1.0,
202400032745,155 724 069,B01,3.0,7.0,0,2,8,15,1.0,
202400032746,155 724 070,A01,3.0,7.0,0,2,1,9,2.0,
202400032747,155 724 066,A01,1.0,10.0,0,1,4,4,3.0,
202400032748,155 724 064,A01,2.0,7.0,0,2,3,17,1.0,
202400032749,155 724 063,A01,1.0,7.0,0,2,2,15,1.0,
202400032750,155 724 061,A01,1.0,33.0,2,0,0,2,1.0,
202400032751,155 724 060,A01,1.0,50.0,0,2,8,1,3.0,
202400032752,155 724 058,B01,3.0,7.0,0,1,0,0,0.0,
202400032753,155 724 057,B01,2.0,38.0,0,0,5,15,1.0,1
202400032754,155 724 054,B01,,0.0,0,2,-1,0,,
202400032755,155 724 053,A01,1.0,1.0,0,2,3,1,5.0,
202400032756,155 724 052,A01,1.0,10.0,0,1,2,1,1.0,
202400032757,155 724 048,B01,0.0,10.0,0,2,3,9,1.0,
202400032758,155 724 049,A01,2.0,7.0,0,2,2,15,1.0,
202400032759,155 724 046,A01,1.0,7.0,0,2,4,2,1.0,
202400032760,155 724 044,A01,3.0,7.0,0,2,1,2,1.0,
202400032761,155 724 043,A01,1.0,7.0,13,0,1,13,1.0,
202400032762,155 724 042,A01,2.0,7.0,0,1,3,1,1.0,
202400032763,155 724 041,A01,1.0,10.0,1,0,2,1,0.0,
202400032764,155 724 040,A01,2.0,7.0,2,0,1,1,1.0,
202400032765,155 724 035,A01,1.0,7.0,0,2,1,2,2.0,
202400032766,155 724 036,A01,1.0,7.0,0,2,3,9,1.0,
202400032767,155 724 037,A01,3.0,7.0,2,0,3,1,1.0,
202400032768,155 724 031,B01,1.0,7.0,0,2,7,1,1.0,
202400032769,155 724 030,A01,0.0,34.0,0,2,3,13,1.0,
202400032770,155 724 029,A01,3.0,7.0,0,2,7,15,1.0,
202400032771,155 724 028,A01,1.0,7.0,1,0,3,13,2.0,
202400032772,155 724 026,A01,3.0,7.0,1,0,1,14,1.0,
202400032773,155 724 025,B01,2.0,7.0,3,0,4,2,1.0,
202400032774,155 724 024,A01,2.0,31.0,0,0,1,0,1.0,
202400032775,155 724 020,A01,1.0,1.0,0,0,0,26,5.0,
202400032776,155 724 019,A01,3.0,7.0,0,2,1,2,1.0,
202400032777,155 724 018,A01,1.0,10.0,0,2,1,2,1.0,
202400032778,155 724 015,A01,2.0,7.0,0,2,2,13,1.0,
202400032779,155 724 014,A01,1.0,10.0,0,1,2,1,1.0,
202400032780,155 724 013,A01,3.0,7.0,0,2,7,19,1.0,
202400032781,155 724 009,A01,1.0,7.0,0,2,2,26,1.0,
202400032782,155 724 007,A01,1.0,10.0,3,0,8,1,1.0,
202400032783,155 724 008,A01,2.0,7.0,0,2,6,15,1.0,
202400032784,155 724 005,B01,1.0,7.0,0,2,7,0,1.0,
202400032785,155 724 002,A01,1.0,7.0,0,2,1,0,1.0,
202400032786,155 724 001,B01,2.0,31.0,0,2,1,3,1.0,
202400032787,155 724 000,A01,1.0,33.0,0,0,0,0,0.0,
202400032788,155 723 998,A01,1.0,33.0,0,0,0,0,1.0,
202400032789,155 723 997,A01,0.0,33.0,1,0,1,14,1.0,
202400032790,155 723 995,B01,0.0,50.0,0,2,1,1,3.0,
202400032791,155 723 993,A01,3.0,36.0,0,0,1,14,1.0,
202400032792,155 723 992,A01,1.0,2.0,0,2,2,17,1.0,
202400032793,155 723 988,A01,3.0,10.0,0,2,1,1,1.0,
202400032794,155 723 986,A01,1.0,10.0,0,2,6,15,1.0,
202400032795,155 723 984,A01,0.0,2.0,6,0,1,0,1.0,
202400032796,155 723 983,A01,1.0,7.0,0,1,3,19,1.0,
202400032797,155 723 980,A01,1.0,7.0,0,2,2,21,1.0,
202400032798,155 723 979,A01,3.0,17.0,0,2,0,1,1.0,
202400032799,155 723 976,A01,1.0,10.0,6,0,1,1,1.0,
202400032800,155 723 973,A01,1.0,36.0,0,2,1,26,1.0,
202400032801,155 723 971,A01,2.0,7.0,0,2,1,17,1.0,
202400032802,155 723 969,A01,2.0,7.0,2,0,1,1,0.0,
202400032803,155 723 968,A01,0.0,7.0,0,2,8,1,1.0,
202400032804,155 723 966,A01,2.0,7.0,0,2,1,13,1.0,
202400032805,155 723 965,A01,1.0,2.0,6,0,1,1,1.0,
202400032806,155 723 964,A01,1.0,7.0,2,0,3,0,2.0,
202400032807,155 723 963,A01,2.0,7.0,8,0,8,1,1.0,
202400032808,155 723 962,A01,2.0,7.0,0,0,1,1,1.0,
202400032809,155 723 961,A01,3.0,7.0,0,1,1,1,1.0,
202400032810,155 723 960,A01,1.0,7.0,8,0,1,1,1.0,
202400032811,155 723 956,A01,1.0,33.0,0,2,7,17,1.0,
202400032812,155 723 955,A01,1.0,7.0,0,2,1,2,1.0,
202400032813,155 723 954,A01,1.0,7.0,0,2,2,13,1.0,
202400032814,155 723 953,A01,1.0,7.0,0,0,0,1,1.0,
202400032815,155 723 951,B01,1.0,10.0,4,2,3,1,0.0,
202400032816,155 723 950,A01,2.0,7.0,0,1,1,0,1.0,
202400032817,155 723 949,A01,3.0,10.0,0,1,1,26,1.0,
202400032818,155 723 945,A01,2.0,7.0,2,0,5,13,1.0,
202400032819,155 723 944,A01,2.0,7.0,0,2,1,1,1.0,
202400032820,155 723 946,A01,1.0,7.0,0,2,3,16,1.0,
202400032821,155 723 940,B01,1.0,7.0,0,0,8,1,1.0,
202400032822,155 723 941,A01,1.0,30.0,0,0,8,1,1.0,
202400032823,155 723 939,B01,2.0,2.0,0,2,2,1,1.0,
202400032824,155 723 935,B01,1.0,7.0,0,2,1,1,1.0,
202400032825,155 723 933,A01,3.0,2.0,0,2,8,19,1.0,
202400032826,155 723 934,B01,1.0,1.0,0,2,1,0,5.0,
202400032827,155 723 932,A01,0.0,7.0,0,1,2,1,1.0,
202400032828,155 723 930,A01,1.0,7.0,13,0,9,1,1.0,
202400032829,155 723 929,A01,2.0,7.0,0,1,1,1,1.0,
202400032830,155 723 926,A01,1.0,7.0,0,2,8,1,1.0,
202400032831,155 723 923,B01,1.0,7.0,0,2,1,1,1.0,
202400032832,155 723 922,B01,3.0,7.0,0,2,1,1,1.0,
202400032833,155 723 920,A01,2.0,99.0,0,2,8,1,3.0,
202400032834,155 723 919,A01,1.0,7.0,16,0,0,13,1.0,
202400032835,155 723 915,A01,2.0,3.0,15,0,3,0,1.0,
202400032836,155 723 917,A01,2.0,7.0,0,2,1,15,1.0,
202400032837,155 723 914,A01,2.0,7.0,3,0,1,0,1.0,
202400032838,155 723 912,A01,1.0,7.0,4,0,1,1,1.0,
202400032839,155 723 911,A01,3.0,7.0,0,2,1,19,1.0,
202400032840,155 723 908,A01,1.0,7.0,0,2,3,13,1.0,
202400032841,155 723 907,B01,2.0,7.0,0,2,3,1,1.0,
202400032842,155 723 905,A01,3.0,7.0,0,2,2,15,1.0,
202400032843,155 723 901,B01,2.0,7.0,0,2,4,1,1.0,
202400032844,155 723 900,A01,1.0,7.0,0,2,2,15,1.0,
202400032845,155 723 898,B01,1.0,7.0,0,2,0,0,1.0,
202400032846,155 723 904,A01,1.0,7.0,2,0,3,1,1.0,
202400032847,155 723 895,A01,1.0,7.0,0,2,1,13,1.0,
202400032848,155 723 894,A01,2.0,7.0,3,0,9,1,1.0,
202400032849,155 723 892,A01,2.0,7.0,0,2,1,2,1.0,
202400032850,155 723 887,A01,1.0,7.0,0,2,3,15,1.0,
202400032851,155 723 888,B01,2.0,50.0,0,2,2,9,3.0,
202400032852,155 723 886,A01,1.0,7.0,0,2,1,2,1.0,
202400032853,155 723 885,A01,1.0,7.0,4,0,3,1,1.0,
202400032854,155 723 883,A01,1.0,31.0,16,0,7,26,1.0,
202400032855,155 723 882,B01,1.0,31.0,0,2,1,1,1.0,
202400032856,155 723 878,B01,2.0,2.0,0,2,3,15,1.0,
202400032857,155 723 877,A01,2.0,30.0,0,2,8,1,1.0,
202400032858,155 723 875,A01,1.0,7.0,0,2,1,2,1.0,
202400032859,155 723 873,A01,2.0,7.0,0,0,0,15,1.0,
202400032860,155 723 872,A01,2.0,7.0,3,0,2,12,1.0,
202400032861,155 723 870,A01,2.0,7.0,0,2,1,2,1.0,
202400032862,155 723 866,A01,1.0,7.0,0,2,4,1,1.0,
202400032863,155 723 865,A01,2.0,7.0,0,2,5,15,1.0,
202400032864,155 723 861,A01,1.0,31.0,0,2,2,17,1.0,
202400032865,155 723 860,A01,1.0,7.0,0,2,3,13,1.0,
202400032866,155 723 857,A01,1.0,7.0,0,2,3,15,1.0,
202400032867,155 723 856,B01,2.0,7.0,0,2,0,12,1.0,
202400032868,155 723 853,A01,1.0,7.0,0,2,1,0,1.0,
202400032869,155 723 852,B01,1.0,7.0,4,2,4,1,1.0,
202400032870,155 723 849,B01,1.0,1.0,0,2,1,1,5.0,
202400032871,155 723 848,A01,1.0,33.0,0,2,1,2,1.0,
202400032872,155 723 847,A01,3.0,37.0,0,1,2,15,1.0,1
202400032873,155 723 845,B01,3.0,50.0,0,2,6,0,3.0,
202400032874,155 723 842,A01,2.0,33.0,4,0,9,26,1.0,
202400032875,155 723 843,A01,3.0,7.0,0,2,5,2,1.0,
202400032876,155 723 839,A01,2.0,7.0,0,2,1,5,1.0,
202400032877,155 723 838,A01,3.0,7.0,0,2,7,15,1.0,
202400032878,155 723 835,A01,2.0,7.0,0,2,3,10,1.0,
202400032879,155 723 834,B01,1.0,33.0,12,0,0,1,1.0,
202400032880,155 723 833,A01,3.0,7.0,0,1,2,1,1.0,
202400032881,155 723 831,A01,1.0,32.0,0,2,7,15,1.0,
202400032882,155 723 830,A01,2.0,7.0,0,1,7,1,1.0,
202400032883,155 723 829,A01,3.0,33.0,0,0,7,1,1.0,
202400032884,155 723 827,A01,1.0,7.0,6,0,1,0,1.0,
202400032885,155 723 826,A01,3.0,50.0,0,2,8,19,3.0,
202400032886,155 723 824,A01,1.0,33.0,0,2,1,0,1.0,
202400032887,155 723 821,A01,1.0,7.0,0,2,3,1,1.0,
202400032888,155 723 820,A01,2.0,7.0,0,2,7,14,1.0,
202400032889,155 723 817,A01,2.0,7.0,0,2,2,2,1.0,
202400032890,155 723 816,B01,0.0,7.0,0,2,0,26,,
202400032891,155 723 813,A01,2.0,7.0,0,2,2,16,1.0,
202400032892,155 723 812,A01,2.0,7.0,0,2,3,26,1.0,
202400032893,155 723 811,A01,0.0,3.0,0,1,1,1,0.0,
202400032894,155 723 808,A01,1.0,7.0,0,2,1,1,0.0,
202400032895,155 723 806,A01,0.0,10.0,0,2,7,16,1.0,
202400032896,155 723 805,A01,2.0,30.0,0,1,1,1,3.0,
202400032897,155 723 802,B01,1.0,1.0,0,2,1,1,5.0,
202400032898,155 723 801,A01,1.0,7.0,0,2,1,1,1.0,
202400032899,155 723 799,B01,1.0,7.0,0,2,4,1,1.0,
202400032900,155 723 797,A01,3.0,30.0,0,1,7,16,1.0,
202400032901,155 723 796,B01,2.0,7.0,0,2,1,15,1.0,
202400032902,155 723 794,B01,3.0,50.0,0,2,7,19,3.0,
202400032903,155 723 793,A01,3.0,32.0,0,0,0,0,1.0,
202400032904,155 723 791,A01,2.0,2.0,0,2,3,1,1.0,
202400032905,155 723 790,A01,1.0,7.0,0,1,3,1,1.0,
202400032906,155 723 789,A01,1.0,7.0,0,1,3,0,3.0,
202400032907,155 723 787,A01,2.0,7.0,0,2,3,13,1.0,
202400032908,155 723 786,A01,1.0,7.0,0,1,1,15,2.0,
202400032909,155 723 783,A01,3.0,7.0,1,0,4,1,1.0,
202400032910,155 723 782,A01,1.0,7.0,0,2,7,15,1.0,
202400032911,155 723 781,Z01,1.0,10.0,0,1,1,26,1.0,
202400032912,155 723 778,C01,2.0,7.0,0,2,4,1,1.0,
202400032913,155 723 777,A01,2.0,7.0,1,0,2,14,1.0,
202400032914,155 723 775,A01,2.0,7.0,0,9,3,20,1.0,
202400032915,155 723 773,A01,1.0,7.0,0,9,2,1,1.0,
202400032916,155 723 771,A01,2.0,33.0,0,2,1,1,1.0,
202400032917,155 723 769,A01,3.0,7.0,0,2,3,13,1.0,
202400032918,155 723 768,A01,3.0,7.0,0,1,1,1,1.0,
202400032919,155 723 767,A01,3.0,50.0,0,0,0,1,3.0,
202400032920,155 723 765,A01,1.0,7.0,0,2,1,15,1.0,
202400032921,155 723 764,A01,2.0,7.0,0,1,2,2,1.0,
202400032922,155 723 762,A01,0.0,7.0,1,2,1,1,1.0,
202400032923,155 723 760,A01,3.0,30.0,0,2,8,9,1.0,
202400032924,155 723 759,A01,2.0,7.0,0,1,5,26,2.0,
202400032925,155 723 756,B01,2.0,32.0,0,2,1,1,1.0,
202400032926,155 723 754,C01,1.0,7.0,0,2,3,0,1.0,
202400032927,155 723 752,A01,3.0,50.0,0,1,1,2,3.0,
202400032928,155 723 751,A01,3.0,7.0,0,2,2,15,1.0,
202400032929,155 723 748,A01,1.0,50.0,0,2,1,3,3.0,
202400032930,155 723 744,E01,1.0,7.0,0,2,1,2,1.0,
202400032931,155 723 742,A01,1.0,7.0,0,2,8,15,1.0,
202400032932,155 723 740,B01,3.0,7.0,1,2,3,1,1.0,
202400032933,155 723 738,A01,3.0,7.0,0,2,1,2,1.0,
202400032934,155 723 736,A01,0.0,7.0,0,2,2,17,0.0,
202400032935,155 723 735,A01,1.0,7.0,0,1,2,1,1.0,
202400032936,155 723 733,B01,3.0,50.0,0,2,1,1,3.0,
202400032937,155 723 730,A01,0.0,10.0,0,2,1,1,1.0,
202400032938,155 723 729,A01,0.0,7.0,0,9,2,9,1.0,
202400032939,155 723 728,A01,1.0,10.0,0,1,5,4,1.0,
202400032940,155 723 726,A01,2.0,7.0,0,2,3,18,1.0,
202400032941,155 723 724,A01,2.0,7.0,0,2,2,15,1.0,
202400032942,155 723 723,A01,3.0,7.0,0,0,3,26,1.0,
202400032943,155 723 721,A01,2.0,7.0,0,2,1,15,1.0,
202400032944,155 723 719,A01,1.0,7.0,0,2,2,16,1.0,
202400032945,155 723 716,A01,3.0,7.0,0,2,3,15,1.0,
202400032946,155 723 715,B01,2.0,34.0,0,2,1,1,1.0,
202400032947,155 723 713,A01,2.0,32.0,14,0,1,17,1.0,
202400032948,155 723 712,A01,0.0,7.0,0,2,1,1,1.0,
202400032949,155 723 709,A01,3.0,10.0,0,1,4,20,1.0,
202400032950,155 723 710,A01,3.0,7.0,0,9,3,19,1.0,
202400032951,155 723 708,A01,1.0,80.0,0,0,1,1,3.0,
202400032952,155 723 703,A01,1.0,7.0,0,2,3,15,1.0,
202400032953,155 723 702,A01,1.0,7.0,0,2,6,3,1.0,
202400032954,155 723 698,A01,3.0,7.0,0,1,8,1,3.0,
202400032955,155 723 697,A01,1.0,7.0,0,2,1,0,2.0,
202400032956,155 723 696,A01,3.0,7.0,13,0,1,9,1.0,
202400032957,155 723 694,A01,1.0,7.0,0,9,1,13,1.0,
202400032958,155 723 692,B01,2.0,50.0,0,2,1,1,3.0,