Num_Acc,id_vehicule,num_veh,senc,catv,obs,obsm,choc,manv,motor,occutc
202400032959,155 723 689,A01,3.0,7.0,2,0,8,0,1.0,
202400032960,155 723 690,A01,2.0,32.0,0,2,2,21,1.0,
202400032961,155 723 688,A01,1.0,10.0,0,1,1,1,1.0,
202400032962,155 723 686,A01,1.0,33.0,0,2,1,2,1.0,
202400032963,155 723 685,A01,3.0,34.0,0,0,0,0,1.0,
202400032964,155 723 684,A01,1.0,1.0,0,1,1,1,5.0,
202400032965,155 723 683,A01,3.0,7.0,1,1,4,4,2.0,
202400032966,155 723 682,A01,2.0,1.0,0,1,1,1,5.0,
202400032967,155 723 680,A01,0.0,7.0,0,2,1,2,1.0,
202400032968,155 723 676,C01,1.0,1.0,0,2,7,3,5.0,
202400032969,155 723 675,B01,1.0,50.0,0,2,1,19,3.0,
202400032970,155 723 673,B01,1.0,80.0,0,2,8,1,3.0,
202400032971,155 723 672,A01,1.0,7.0,0,1,1,15,2.0,
202400032972,155 723 670,A01,2.0,7.0,8,0,8,0,1.0,
202400032973,155 723 669,Z01,3.0,7.0,0,2,1,5,1.0,
202400032974,155 723 667,B01,1.0,33.0,0,2,1,1,1.0,
202400032975,155 723 666,A01,2.0,7.0,0,1,1,16,2.0,
202400032976,155 723 663,B01,0.0,7.0,0,2,2,26,1.0,
202400032977,155 723 662,A01,1.0,32.0,0,2,7,3,1.0,
202400032978,155 723 660,B01,1.0,1.0,1,0,4,14,5.0,
202400032979,155 723 659,A01,1.0,80.0,0,0,8,21,3.0,
202400032980,155 723 657,B01,1.0,33.0,0,2,4,1,1.0,
202400032981,155 723 656,A01,1.0,7.0,0,1,3,1,1.0,
202400032982,155 723 654,A01,2.0,7.0,0,2,2,16,3.0,
202400032983,155 723 649,B01,2.0,2.0,0,2,8,1,1.0,
202400032984,155 723 650,A01,1.0,10.0,0,2,2,10,1.0,
202400032985,155 723 647,A01,2.0,13.0,0,2,2,15,1.0,
202400032986,155 723 646,A01,1.0,1.0,0,1,1,5,5.0,
202400032987,155 723 643,A01,2.0,7.0,0,2,6,1,1.0,
202400032988,155 723 642,A01,1.0,7.0,0,2,3,15,1.0,
202400032989,155 723 640,A01,1.0,1.0,0,1,1,1,5.0,
202400032990,155 723 639,B01,1.0,7.0,0,2,3,15,1.0,
202400032991,155 723 637,A01,2.0,33.0,0,2,3,1,1.0,
202400032992,155 723 635,A01,1.0,7.0,0,2,2,15,2.0,
202400032993,155 723 633,A01,2.0,34.0,0,2,2,3,1.0,
202400032994,155 723 631,B01,2.0,10.0,0,2,4,16,1.0,
202400032995,155 723 628,A01,2.0,10.0,0,2,8,24,1.0,
202400032996,155 723 627,A01,1.0,7.0,0,2,2,10,1.0,
202400032997,155 723 626,A01,2.0,2.0,12,0,1,1,3.0,
202400032998,155 723 624,A01,2.0,33.0,0,2,7,17,1.0,
202400032999,155 723 623,A01,2.0,7.0,8,1,3,13,2.0,
202400033000,155 723 621,B01,1.0,50.0,0,2,1,1,3.0,
202400033001,155 723 618,B01,2.0,50.0,0,0,1,25,3.0,
202400033002,155 723 619,A01,1.0,33.0,0,1,3,1,1.0,
202400033003,155 723 616,A01,1.0,7.0,0,0,4,1,1.0,
202400033004,155 723 614,Z01,1.0,7.0,0,1,1,1,1.0,
202400033005,155 723 611,A01,2.0,7.0,0,2,1,1,1.0,
202400033006,155 723 613,A01,1.0,7.0,0,9,1,1,1.0,
202400033007,155 723 610,A01,1.0,7.0,0,1,3,1,2.0,
202400033008,155 723 609,A01,2.0,7.0,0,1,2,16,1.0,
202400033009,155 723 607,B01,2.0,50.0,0,2,8,26,3.0,
202400033010,155 723 605,A01,3.0,7.0,0,2,1,5,0.0,
202400033011,155 723 603,A01,1.0,33.0,0,2,7,1,1.0,
202400033012,155 723 601,A01,2.0,7.0,0,2,3,13,1.0,
202400033013,155 723 599,B01,2.0,2.0,0,2,1,5,0.0,
202400033014,155 723 598,A01,3.0,30.0,0,1,1,1,1.0,
202400033015,155 723 597,A01,3.0,7.0,0,1,1,1,1.0,
202400033016,155 723 596,A01,2.0,7.0,9,0,1,16,1.0,
202400033017,155 723 595,A01,2.0,7.0,0,1,2,21,1.0,
202400033018,155 723 593,A01,2.0,7.0,0,1,5,2,1.0,
202400033019,155 723 592,A01,2.0,30.0,0,0,8,1,1.0,
202400033020,155 723 591,A01,3.0,7.0,1,0,3,1,1.0,
202400033021,155 723 589,A01,2.0,7.0,0,2,8,15,1.0,
202400033022,155 723 587,A01,2.0,7.0,0,0,0,0,1.0,
202400033023,155 723 585,B01,1.0,33.0,0,2,1,1,1.0,
202400033024,155 723 584,A01,3.0,10.0,1,0,1,21,1.0,
202400033025,155 723 583,A01,2.0,43.0,0,1,1,1,1.0,
202400033026,155 723 581,A01,2.0,34.0,0,2,2,15,1.0,
202400033027,155 723 579,B01,3.0,32.0,0,2,7,1,1.0,
202400033028,155 723 577,B01,1.0,7.0,0,2,8,1,1.0,
202400033029,155 723 576,A01,3.0,33.0,15,0,7,14,1.0,
202400033030,155 723 575,A01,1.0,7.0,15,0,1,1,1.0,
202400033031,155 723 572,A01,1.0,7.0,3,6,1,1,1.0,
202400033032,155 723 570,B01,2.0,7.0,0,2,3,0,1.0,
202400033033,155 723 569,A01,1.0,7.0,13,0,1,14,1.0,
202400033034,155 723 568,A01,1.0,7.0,2,0,7,0,1.0,
202400033035,155 723 566,A01,1.0,7.0,13,2,8,13,1.0,
202400033036,155 723 565,A01,1.0,1.0,0,0,8,11,5.0,
202400033037,155 723 563,A01,2.0,10.0,0,2,1,9,1.0,
202400033038,155 723 561,B01,2.0,80.0,0,2,1,1,3.0,
202400033039,155 723 560,A01,1.0,31.0,0,0,8,1,1.0,
202400033040,155 723 559,A01,1.0,7.0,13,0,7,14,1.0,
202400033041,155 723 557,A01,0.0,2.0,0,2,1,13,1.0,
202400033042,155 723 555,A01,1.0,7.0,0,2,1,1,1.0,
202400033043,155 723 554,A01,1.0,7.0,8,0,3,1,1.0,
202400033044,155 723 553,A01,1.0,7.0,0,0,1,1,1.0,
202400033045,155 723 551,A01,1.0,7.0,0,2,1,13,1.0,
202400033046,155 723 549,A01,1.0,7.0,0,2,1,0,1.0,
202400033047,155 723 547,A01,1.0,7.0,0,2,1,1,1.0,
202400033048,155 723 546,A01,2.0,7.0,2,0,1,1,1.0,
202400033049,155 723 544,A01,1.0,2.0,0,2,1,0,1.0,
202400033050,155 723 542,B01,2.0,17.0,0,0,6,1,1.0,
202400033051,155 723 541,A01,2.0,7.0,6,0,2,1,1.0,
202400033052,155 723 539,A01,1.0,7.0,0,2,1,2,1.0,
202400033053,155 723 537,A01,1.0,7.0,0,2,7,13,1.0,
202400033054,155 723 535,A01,3.0,7.0,0,2,4,23,1.0,
202400033055,155 723 533,A01,3.0,34.0,0,2,7,5,1.0,
202400033056,155 723 531,A01,2.0,7.0,0,2,7,1,1.0,
202400033057,155 723 529,B01,2.0,7.0,0,2,1,1,1.0,
202400033058,155 723 528,A01,2.0,2.0,0,0,0,1,0.0,
202400033059,155 723 526,B01,3.0,7.0,0,2,6,5,1.0,
202400033060,155 723 525,A01,1.0,7.0,13,0,3,2,1.0,
202400033061,155 723 524,A01,1.0,7.0,8,0,1,1,1.0,
202400033062,155 723 523,A01,0.0,7.0,15,0,1,5,1.0,
202400033063,155 723 521,B01,1.0,7.0,0,2,3,13,1.0,
202400033064,155 723 520,A01,1.0,33.0,3,0,2,1,1.0,
202400033065,155 723 519,A01,1.0,7.0,2,0,1,13,1.0,
202400033066,155 723 517,B01,0.0,30.0,0,2,1,1,1.0,
202400033067,155 723 514,A01,2.0,7.0,3,2,0,5,1.0,
202400033068,155 723 513,A01,2.0,7.0,4,0,1,1,1.0,
202400033069,155 723 510,A01,2.0,7.0,0,2,1,2,1.0,
202400033070,155 723 508,A01,2.0,33.0,0,2,0,26,1.0,
202400033071,155 723 505,C01,1.0,7.0,0,2,1,2,3.0,
202400033072,155 723 502,C01,1.0,7.0,0,2,6,1,2.0,
202400033073,155 723 501,A01,2.0,7.0,0,2,1,2,1.0,
202400033074,155 723 499,B01,1.0,7.0,0,2,2,1,1.0,
202400033075,155 723 496,A01,2.0,7.0,0,2,3,2,1.0,
202400033076,155 723 495,A01,1.0,7.0,3,0,1,26,1.0,
202400033077,155 723 493,A01,3.0,10.0,0,2,2,19,1.0,
202400033078,155 723 491,B01,1.0,7.0,7,0,1,0,1.0,
202400033079,155 723 488,A01,1.0,37.0,0,0,0,14,1.0,51
202400033080,155 723 486,A01,2.0,7.0,0,2,1,17,1.0,
202400033081,155 723 484,A01,1.0,7.0,0,2,1,5,1.0,
202400033082,155 723 482,B01,2.0,33.0,0,2,1,18,1.0,
202400033083,155 723 480,A01,3.0,10.0,0,2,3,1,1.0,
202400033084,155 723 478,A01,2.0,7.0,0,2,1,0,1.0,
202400033085,155 723 477,A01,2.0,7.0,8,0,1,0,1.0,
202400033086,155 723 475,B01,2.0,7.0,0,2,5,19,1.0,
202400033087,155 723 472,B01,2.0,7.0,0,2,1,17,1.0,
202400033088,155 723 470,A01,0.0,33.0,0,2,3,0,1.0,
202400033089,155 723 469,A01,1.0,7.0,16,0,9,0,1.0,
202400033090,155 723 467,B01,1.0,2.0,0,0,3,1,1.0,
202400033091,155 723 466,A01,2.0,33.0,3,0,0,16,1.0,
202400033092,155 723 465,A01,1.0,33.0,13,0,1,0,1.0,
202400033093,155 723 463,A01,1.0,7.0,0,2,3,1,1.0,
202400033094,155 723 462,A01,2.0,31.0,0,0,3,1,1.0,
202400033095,155 723 460,A01,1.0,7.0,0,2,3,13,1.0,
202400033096,155 723 459,A01,1.0,7.0,6,0,2,2,1.0,
202400033097,155 723 458,A01,2.0,1.0,12,0,0,1,5.0,
202400033098,155 723 457,A01,1.0,2.0,0,6,1,0,1.0,
202400033099,155 723 456,A01,0.0,7.0,0,0,1,1,1.0,
202400033100,155 723 455,A01,1.0,7.0,3,0,3,1,2.0,
202400033101,155 723 453,A01,2.0,7.0,0,2,8,10,1.0,
202400033102,155 723 452,A01,3.0,32.0,17,0,1,13,1.0,
202400033103,155 723 451,A01,1.0,7.0,2,0,7,1,1.0,
202400033104,155 723 449,A01,1.0,7.0,5,0,1,0,1.0,
202400033105,155 723 445,B01,2.0,7.0,0,2,4,1,1.0,
202400033106,155 723 444,A01,1.0,7.0,0,2,3,16,3.0,
202400033107,155 723 441,A01,3.0,30.0,0,0,0,0,1.0,
202400033108,155 723 439,A01,1.0,7.0,0,9,2,1,1.0,
202400033109,155 723 437,A01,2.0,33.0,16,0,3,1,1.0,
202400033110,155 723 436,A01,0.0,7.0,0,2,2,15,1.0,
202400033111,155 723 434,A01,1.0,7.0,0,2,2,1,1.0,
202400033112,155 723 433,A01,1.0,0.0,0,1,0,0,0.0,
202400033113,155 723 432,A01,2.0,7.0,15,0,1,2,1.0,
202400033114,155 723 430,A01,3.0,7.0,0,2,1,1,1.0,
202400033115,155 723 427,A01,3.0,50.0,0,1,1,25,3.0,
202400033116,155 723 428,A01,1.0,7.0,0,2,2,15,1.0,
202400033117,155 723 426,A01,2.0,7.0,0,0,9,1,1.0,
202400033118,155 723 425,A01,2.0,32.0,0,1,1,1,1.0,
202400033119,155 723 423,A01,2.0,7.0,0,2,3,13,1.0,
202400033120,155 723 420,A01,1.0,7.0,0,2,8,26,1.0,
202400033121,155 723 416,A01,1.0,7.0,13,2,7,13,1.0,
202400033122,155 723 415,A01,1.0,7.0,0,9,2,16,1.0,
202400033123,155 723 412,A01,1.0,10.0,0,2,1,15,1.0,
202400033124,155 723 410,A01,2.0,7.0,0,2,1,15,1.0,
202400033125,155 723 407,B01,0.0,33.0,0,2,1,1,1.0,
202400033126,155 723 406,A01,1.0,7.0,0,2,2,12,1.0,
202400033127,155 723 402,A01,1.0,31.0,0,2,6,3,1.0,
202400033128,155 723 401,A01,0.0,7.0,0,2,2,1,1.0,
202400033129,155 723 397,C01,2.0,7.0,0,2,7,2,1.0,
202400033130,155 723 396,A01,1.0,7.0,7,0,1,1,1.0,
202400033131,155 723 395,A01,1.0,7.0,14,0,3,2,2.0,
202400033132,155 723 394,A01,1.0,3.0,1,0,1,14,1.0,
202400033133,155 723 391,A01,1.0,31.0,0,2,1,21,1.0,
202400033134,155 723 390,A01,2.0,7.0,0,2,1,2,1.0,
202400033135,155 723 388,A01,2.0,7.0,0,1,5,1,1.0,
202400033136,155 723 386,A01,2.0,7.0,0,2,1,1,1.0,
202400033137,155 723 384,A01,1.0,7.0,4,0,9,17,1.0,
202400033138,155 723 383,A01,3.0,2.0,0,2,3,2,1.0,
202400033139,155 723 378,B01,2.0,10.0,0,2,3,9,1.0,
202400033140,155 723 377,A01,2.0,7.0,0,2,1,1,1.0,
202400033141,155 723 376,A01,1.0,2.0,0,1,1,1,1.0,
202400033142,155 723 372,A01,1.0,7.0,0,2,3,5,1.0,
202400033143,155 723 373,A01,2.0,7.0,0,2,4,2,1.0,
202400033144,155 723 370,A01,3.0,7.0,8,0,1,0,1.0,
202400033145,155 723 371,A01,2.0,50.0,0,0,0,0,3.0,
202400033146,155 723 368,A01,2.0,33.0,0,2,2,3,1.0,
202400033147,155 723 365,A01,1.0,7.0,0,2,3,13,1.0,
202400033148,155 723 364,A01,1.0,7.0,0,2,2,1,1.0,
202400033149,155 723 362,A01,1.0,7.0,0,2,1,1,1.0,
202400033150,155 723 359,A01,2.0,15.0,3,2,1,2,1.0,
202400033151,155 723 360,A01,2.0,7.0,0,1,3,1,2.0,
202400033152,155 723 357,A01,3.0,14.0,0,9,2,1,0.0,
202400033153,155 723 356,A01,1.0,7.0,0,1,1,15,1.0,
202400033154,155 723 355,A01,2.0,33.0,1,1,1,1,1.0,
202400033155,155 723 353,A01,3.0,7.0,0,2,1,15,1.0,
202400033156,155 723 352,A01,0.0,7.0,0,1,4,20,1.0,
202400033157,155 723 351,A01,2.0,7.0,0,0,8,13,1.0,
202400033158,155 723 346,C01,2.0,10.0,0,2,1,2,1.0,
202400033159,155 723 345,A01,3.0,10.0,0,1,1,1,1.0,
202400033160,155 723 344,B01,2.0,7.0,0,1,4,23,2.0,
202400033161,155 723 341,A01,1.0,10.0,0,2,1,2,1.0,
202400033162,155 723 339,A01,3.0,10.0,0,2,3,15,1.0,
202400033163,155 723 336,A01,1.0,30.0,0,0,0,14,1.0,
202400033164,155 723 335,A01,1.0,32.0,0,2,3,3,1.0,
202400033165,155 723 338,A01,2.0,7.0,0,2,2,1,1.0,
202400033166,155 723 332,A01,1.0,30.0,0,9,1,9,1.0,
202400033167,155 723 329,B01,2.0,7.0,0,2,1,1,1.0,
202400033168,155 723 327,A01,2.0,10.0,0,2,4,20,3.0,
202400033169,155 723 326,C01,2.0,7.0,0,2,4,26,1.0,
202400033170,155 723 325,A01,1.0,7.0,0,2,5,15,1.0,
202400033171,155 723 322,B01,2.0,7.0,0,2,4,1,1.0,
202400033172,155 723 321,A01,1.0,80.0,12,0,7,14,3.0,
202400033173,155 723 317,B01,2.0,7.0,0,2,3,16,1.0,
202400033174,155 723 315,A01,2.0,7.0,0,2,1,2,1.0,
202400033175,155 723 314,A01,1.0,7.0,0,4,3,9,0.0,
202400033176,155 723 313,B01,2.0,7.0,0,2,0,0,2.0,
202400033177,155 723 312,A01,1.0,7.0,0,1,1,16,1.0,
202400033178,155 723 310,A01,1.0,7.0,0,0,0,9,2.0,
202400033179,155 723 309,B01,1.0,7.0,0,2,6,23,1.0,
202400033180,155 723 308,A01,3.0,1.0,12,0,0,2,5.0,
202400033181,155 723 307,A01,1.0,7.0,1,0,1,21,1.0,
202400033182,155 723 303,A01,2.0,7.0,0,2,3,13,1.0,
202400033183,155 723 304,A01,2.0,80.0,9,0,1,1,3.0,
202400033184,155 723 302,B01,2.0,7.0,0,2,6,1,1.0,
202400033185,155 723 301,A01,2.0,7.0,0,1,1,15,1.0,
202400033186,155 723 295,A01,0.0,1.0,0,0,0,25,5.0,
202400033187,155 723 296,A01,1.0,7.0,3,2,3,1,2.0,
202400033188,155 723 294,A01,1.0,7.0,0,2,3,13,1.0,
202400033189,155 723 297,A01,1.0,7.0,0,2,8,13,6.0,
202400033190,155 723 292,A01,2.0,7.0,4,0,2,1,1.0,
202400033191,155 723 289,A01,1.0,10.0,0,2,3,1,1.0,
202400033192,155 723 288,A01,1.0,7.0,0,2,2,15,1.0,
202400033193,155 723 290,A01,2.0,7.0,0,1,2,16,1.0,
202400033194,155 723 286,B01,2.0,7.0,1,0,1,2,1.0,
202400033195,155 723 282,A01,2.0,7.0,0,2,2,15,1.0,
202400033196,155 723 279,A01,1.0,10.0,2,1,2,1,1.0,
202400033197,155 723 280,B01,1.0,10.0,0,2,7,13,1.0,
202400033198,155 723 281,A01,1.0,7.0,0,2,2,15,1.0,
202400033199,155 723 277,A01,1.0,7.0,0,2,1,0,1.0,
202400033200,155 723 276,A01,2.0,7.0,3,0,1,26,1.0,
202400033201,155 723 275,A01,3.0,7.0,1,1,3,1,1.0,
202400033202,155 723 273,A01,3.0,7.0,8,0,1,1,1.0,
202400033203,155 723 274,A01,1.0,7.0,0,1,1,1,0.0,
202400033204,155 723 268,A01,1.0,7.0,15,2,2,12,1.0,
202400033205,155 723 269,A01,1.0,7.0,0,2,7,1,1.0,
202400033206,155 723 267,B01,1.0,99.0,1,0,0,0,0.0,
202400033207,155 723 261,B01,0.0,31.0,0,0,0,0,1.0,
202400033208,155 723 259,A01,2.0,38.0,0,2,3,26,1.0,1
202400033209,155 723 260,B01,1.0,7.0,0,2,1,0,1.0,
202400033210,155 723 257,B01,3.0,7.0,0,2,2,15,1.0,
202400033211,155 723 255,A01,1.0,7.0,0,1,2,1,1.0,
202400033212,155 723 254,A01,1.0,7.0,0,2,4,26,0.0,
202400033213,155 723 253,A01,3.0,7.0,0,1,1,1,1.0,
202400033214,155 723 252,A01,3.0,7.0,0,1,1,15,1.0,
202400033215,155 723 248,A01,2.0,33.0,12,0,1,1,0.0,
202400033216,155 723 247,A01,2.0,33.0,0,2,0,17,1.0,
202400033217,155 723 246,B01,1.0,7.0,0,2,1,15,1.0,
202400033218,155 723 244,B01,1.0,7.0,0,0,6,23,1.0,
202400033219,155 723 242,A01,2.0,7.0,0,1,3,1,1.0,
202400033220,155 723 241,A01,1.0,7.0,0,2,3,13,1.0,
202400033221,155 723 238,B01,3.0,7.0,6,2,8,1,1.0,
202400033222,155 723 237,A01,2.0,10.0,0,1,2,19,1.0,
202400033223,155 723 235,A01,2.0,7.0,0,2,1,1,2.0,
202400033224,155 723 233,A01,1.0,33.0,1,0,6,2,1.0,
202400033225,155 723 234,B01,2.0,1.0,0,2,7,26,5.0,
202400033226,155 723 231,A01,2.0,7.0,0,2,1,2,1.0,
202400033227,155 723 228,A01,3.0,7.0,4,0,1,15,1.0,
202400033228,155 723 226,B01,1.0,10.0,0,2,6,1,1.0,
202400033229,155 723 225,A01,1.0,7.0,0,2,1,2,1.0,
202400033230,155 723 224,A01,2.0,7.0,0,2,1,1,1.0,
202400033231,155 723 222,A01,3.0,7.0,0,1,4,19,1.0,
202400033232,155 723 220,A01,1.0,7.0,0,2,8,23,1.0,
202400033233,155 723 219,A01,1.0,10.0,0,2,4,2,1.0,
202400033234,155 723 215,A01,0.0,7.0,0,2,8,1,3.0,
202400033235,155 723 216,A01,1.0,7.0,0,2,1,13,1.0,
202400033236,155 723 213,B01,2.0,10.0,0,2,7,15,0.0,
202400033237,155 723 208,A01,1.0,7.0,0,2,1,2,1.0,
202400033238,155 723 206,B01,1.0,33.0,0,2,2,15,1.0,
202400033239,155 723 204,A01,1.0,7.0,0,2,2,15,1.0,
202400033240,155 723 203,C01,2.0,7.0,0,2,6,1,1.0,
202400033241,155 723 201,A01,1.0,7.0,0,1,1,19,2.0,
202400033242,155 723 200,A01,1.0,7.0,0,2,2,0,1.0,
202400033243,155 723 197,A01,1.0,7.0,0,2,3,20,3.0,
202400033244,155 723 196,A01,2.0,33.0,0,2,1,1,1.0,
202400033245,155 723 194,A01,3.0,7.0,0,1,1,15,1.0,
202400033246,155 723 192,C01,2.0,7.0,1,0,6,24,2.0,
202400033247,155 723 188,B01,2.0,1.0,0,2,3,1,5.0,
202400033248,155 723 186,B01,1.0,30.0,14,2,1,1,0.0,
202400033249,155 723 185,A01,1.0,34.0,0,2,7,26,1.0,
202400033250,155 723 187,B01,1.0,33.0,0,2,1,1,1.0,
202400033251,155 723 182,A01,1.0,30.0,0,0,0,1,1.0,
202400033252,155 723 181,B01,1.0,7.0,0,2,4,1,0.0,
202400033253,155 723 180,B01,1.0,10.0,0,2,1,16,1.0,
202400033254,155 723 176,B01,1.0,7.0,0,2,2,1,1.0,
202400033255,155 723 175,B01,2.0,2.0,0,2,4,1,1.0,
202400033256,155 723 173,B01,1.0,32.0,0,2,2,1,1.0,
202400033257,155 723 172,B01,1.0,7.0,0,2,1,15,1.0,
202400033258,155 723 170,A01,0.0,7.0,0,1,2,1,1.0,
202400033259,155 723 168,B01,3.0,50.0,0,2,8,19,3.0,
202400033260,155 723 165,A01,0.0,33.0,0,2,3,26,0.0,
202400033261,155 723 166,B01,3.0,1.0,0,2,1,1,5.0,
202400033262,155 723 162,A01,0.0,7.0,0,2,3,9,1.0,
202400033263,155 723 160,A01,1.0,33.0,3,0,8,1,1.0,
202400033264,155 723 158,B01,1.0,50.0,0,0,1,0,3.0,
202400033265,155 723 159,A01,1.0,7.0,0,2,2,15,1.0,
202400033266,155 723 154,B01,1.0,7.0,0,2,9,2,1.0,
202400033267,155 723 152,A01,1.0,37.0,0,2,3,9,0.0,3
202400033268,155 723 150,A01,3.0,7.0,0,2,5,1,1.0,
202400033269,155 723 149,A01,1.0,7.0,0,2,1,1,1.0,
202400033270,155 723 147,A01,2.0,7.0,0,1,1,1,1.0,
202400033271,155 723 146,A01,1.0,7.0,0,2,1,1,1.0,
202400033272,155 723 144,A01,1.0,7.0,0,2,2,15,1.0,
202400033273,155 723 143,A01,2.0,7.0,0,1,3,15,1.0,
202400033274,155 723 140,A01,2.0,15.0,8,0,3,1,1.0,
202400033275,155 723 138,B01,2.0,34.0,0,2,1,13,0.0,
202400033276,155 723 136,B01,1.0,7.0,0,2,3,24,1.0,
202400033277,155 723 134,A01,1.0,7.0,0,2,2,15,1.0,
202400033278,155 723 131,A01,1.0,7.0,0,0,2,1,1.0,
202400033279,155 723 132,A01,2.0,7.0,4,0,3,13,1.0,
202400033280,155 723 129,A01,1.0,40.0,0,1,1,1,3.0,
202400033281,155 723 127,A01,2.0,2.0,0,2,2,1,1.0,
202400033282,155 723 126,A01,2.0,3.0,0,0,3,1,1.0,
202400033283,155 723 125,A01,3.0,7.0,0,2,1,16,1.0,
202400033284,155 723 122,B01,1.0,7.0,0,2,2,1,,
202400033285,155 723 121,A01,3.0,1.0,0,0,1,1,5.0,
202400033286,155 723 119,A01,3.0,7.0,0,2,9,2,1.0,
202400033287,155 723 117,A01,1.0,7.0,4,2,9,1,1.0,
202400033288,155 723 115,B01,1.0,32.0,0,2,1,2,1.0,
202400033289,155 723 114,A01,1.0,7.0,0,2,6,11,1.0,
202400033290,155 723 109,A01,2.0,7.0,0,0,1,1,1.0,
202400033291,155 723 108,A01,1.0,31.0,0,2,1,9,1.0,
202400033292,155 723 107,A01,2.0,7.0,0,2,8,15,1.0,
202400033293,155 723 106,B01,1.0,7.0,0,0,6,1,1.0,
202400033294,155 723 101,A01,1.0,7.0,15,0,2,1,1.0,
202400033295,155 723 102,B01,2.0,33.0,13,0,0,1,1.0,
202400033296,155 723 100,A01,1.0,7.0,0,2,1,9,1.0,
202400033297,155 723 099,A01,1.0,7.0,0,2,8,1,1.0,
202400033298,155 723 096,A01,2.0,7.0,1,0,2,2,1.0,
202400033299,155 723 095,A01,1.0,7.0,1,2,3,16,1.0,
202400033300,155 723 094,B01,0.0,7.0,0,2,1,15,1.0,
202400033301,155 723 091,B01,2.0,7.0,0,2,1,1,1.0,
202400033302,155 723 093,A01,2.0,7.0,16,0,0,17,1.0,
202400033303,155 723 090,A01,3.0,10.0,8,0,1,1,0.0,
202400033304,155 723 087,A01,2.0,7.0,0,2,6,13,1.0,
202400033305,155 723 086,A01,1.0,32.0,0,2,1,3,1.0,
202400033306,155 723 084,A01,1.0,32.0,13,0,2,1,1.0,
202400033307,155 723 083,A01,0.0,7.0,0,2,1,1,1.0,
202400033308,155 723 082,A01,2.0,7.0,0,1,1,1,1.0,
202400033309,155 723 081,A01,1.0,7.0,6,0,9,13,1.0,
202400033310,155 723 079,B01,3.0,7.0,0,9,1,2,1.0,
202400033311,155 723 077,A01,1.0,7.0,13,0,3,13,1.0,
202400033312,155 723 075,A01,1.0,10.0,0,2,2,17,3.0,
202400033313,155 723 074,A01,1.0,7.0,0,2,2,15,1.0,
202400033314,155 723 073,A01,2.0,33.0,13,0,7,1,1.0,
202400033315,155 723 070,A01,1.0,7.0,0,2,3,13,1.0,
202400033316,155 723 069,A01,2.0,30.0,0,2,8,21,1.0,
202400033317,155 723 066,B01,2.0,7.0,0,2,1,13,1.0,
202400033318,155 723 067,A01,2.0,10.0,0,1,2,16,1.0,
202400033319,155 723 064,A01,2.0,7.0,13,0,2,1,1.0,
202400033320,155 723 061,A01,1.0,7.0,3,0,9,17,1.0,
202400033321,155 723 062,A01,2.0,7.0,0,2,1,16,1.0,
202400033322,155 723 063,A01,3.0,7.0,0,1,1,26,1.0,
202400033323,155 723 060,A01,3.0,2.0,13,0,1,1,1.0,
202400033324,155 723 056,A01,0.0,7.0,0,1,1,16,1.0,
202400033325,155 723 054,C01,2.0,1.0,0,2,4,1,5.0,
202400033326,155 723 053,B01,2.0,7.0,0,2,8,1,1.0,
202400033327,155 723 052,A01,2.0,7.0,0,2,6,15,1.0,
202400033328,155 723 049,A01,1.0,7.0,2,0,7,1,1.0,
202400033329,155 723 048,A01,1.0,7.0,8,2,6,16,1.0,
202400033330,155 723 046,A01,0.0,7.0,11,2,1,1,1.0,
202400033331,155 723 044,A01,1.0,33.0,0,0,2,1,1.0,
202400033332,155 723 042,A01,3.0,7.0,0,2,3,13,1.0,
202400033333,155 723 041,A01,2.0,7.0,0,2,1,1,1.0,
202400033334,155 723 040,A01,1.0,7.0,0,1,1,1,1.0,
202400033335,155 723 036,A01,2.0,33.0,0,6,1,26,1.0,
202400033336,155 723 035,B01,2.0,7.0,0,2,3,15,1.0,
202400033337,155 723 034,A01,1.0,7.0,0,2,1,1,1.0,
202400033338,155 723 033,A01,3.0,7.0,1,1,1,20,1.0,
202400033339,155 723 032,A01,2.0,7.0,2,0,3,1,1.0,
202400033340,155 723 031,A01,0.0,1.0,0,0,0,25,5.0,
202400033341,155 723 027,A01,3.0,14.0,0,9,2,16,1.0,
202400033342,155 723 028,A01,2.0,33.0,1,0,1,13,1.0,
202400033343,155 723 023,B01,1.0,2.0,0,2,1,19,1.0,
202400033344,155 723 024,B01,0.0,2.0,0,2,1,1,1.0,
202400033345,155 723 020,B01,2.0,7.0,0,2,6,2,1.0,
202400033346,155 723 019,B01,1.0,7.0,0,2,1,11,1.0,
202400033347,155 723 017,B01,3.0,50.0,0,2,1,19,3.0,
202400033348,155 723 015,A01,1.0,10.0,0,2,5,13,1.0,
202400033349,155 723 010,A01,2.0,10.0,8,2,8,10,1.0,
202400033350,155 723 012,B01,2.0,7.0,0,2,3,15,1.0,
202400033351,155 723 007,A01,2.0,7.0,7,0,2,14,1.0,
202400033352,155 723 005,B01,1.0,7.0,0,2,1,2,1.0,
202400033353,155 723 009,A01,1.0,7.0,0,2,4,2,1.0,
202400033354,155 723 003,A01,1.0,7.0,6,0,2,13,1.0,
202400033355,155 723 001,B01,1.0,1.0,0,2,4,1,5.0,