Num_Acc,id_vehicule,num_veh,senc,catv,obs,obsm,choc,manv,motor,occutc
202400033356,155 722 998,A01,2.0,7.0,0,2,2,2,1.0,
202400033357,155 722 996,A01,2.0,7.0,0,2,1,5,1.0,
202400033358,155 722 994,A01,1.0,7.0,0,2,1,1,1.0,
202400033359,155 722 993,A01,1.0,38.0,0,2,1,1,1.0,1
202400033360,155 722 991,A01,1.0,33.0,0,0,7,1,1.0,
202400033361,155 722 990,A01,0.0,7.0,0,2,7,10,1.0,
202400033362,155 722 988,A01,2.0,33.0,7,0,3,13,1.0,
202400033363,155 722 983,A01,3.0,7.0,6,0,3,13,1.0,
202400033364,155 722 984,A01,3.0,7.0,0,2,8,16,1.0,
202400033365,155 722 982,A01,1.0,7.0,6,0,1,5,1.0,
202400033366,155 722 981,A01,0.0,7.0,0,2,3,1,1.0,
202400033367,155 722 979,A01,1.0,10.0,0,1,3,15,1.0,
202400033368,155 722 976,A01,3.0,7.0,0,2,1,15,1.0,
202400033369,155 722 974,A01,2.0,7.0,0,2,3,13,1.0,
202400033370,155 722 971,A01,1.0,7.0,2,0,1,1,1.0,
202400033371,155 722 972,A01,2.0,7.0,0,1,1,16,1.0,
202400033372,155 722 970,A01,1.0,7.0,2,0,2,19,1.0,
202400033373,155 722 969,B01,3.0,7.0,0,2,8,26,1.0,
202400033374,155 722 968,A01,2.0,7.0,3,0,8,0,1.0,
202400033375,155 722 967,A01,2.0,7.0,0,1,1,1,1.0,
202400033376,155 722 965,B01,1.0,33.0,0,2,2,17,1.0,
202400033377,155 722 961,A01,1.0,2.0,0,2,0,13,1.0,
202400033378,155 722 960,A01,3.0,7.0,0,2,3,9,1.0,
202400033379,155 722 959,A01,2.0,2.0,10,0,8,1,1.0,
202400033380,155 722 958,C01,2.0,7.0,0,2,4,1,1.0,
202400033381,155 722 953,B01,1.0,7.0,0,0,5,1,1.0,
202400033382,155 722 950,B01,3.0,7.0,0,2,8,16,1.0,
202400033383,155 722 951,A01,3.0,33.0,0,2,1,1,1.0,
202400033384,155 722 949,C01,1.0,37.0,0,2,1,1,1.0,1
202400033385,155 722 947,A01,2.0,33.0,0,2,1,1,1.0,
202400033386,155 722 944,B01,0.0,7.0,0,1,1,1,1.0,
202400033387,155 722 943,A01,1.0,7.0,0,2,5,15,1.0,
202400033388,155 722 940,A01,3.0,15.0,0,1,5,15,1.0,
202400033389,155 722 939,A01,1.0,7.0,4,2,9,12,1.0,
202400033390,155 722 941,A01,2.0,10.0,13,0,3,21,1.0,
202400033391,155 722 938,A01,2.0,7.0,8,0,1,1,1.0,
202400033392,155 722 934,A01,2.0,33.0,0,2,7,1,1.0,
202400033393,155 722 932,B01,1.0,33.0,0,2,1,18,1.0,
202400033394,155 722 931,A01,1.0,33.0,0,2,8,18,1.0,
202400033395,155 722 930,B01,2.0,7.0,0,2,1,19,1.0,
202400033396,155 722 925,A01,1.0,7.0,0,2,2,9,1.0,
202400033397,155 722 924,B01,2.0,14.0,0,2,4,26,1.0,
202400033398,155 722 922,A01,2.0,7.0,0,2,3,15,1.0,
202400033399,155 722 923,A01,2.0,7.0,0,2,1,2,1.0,
202400033400,155 722 921,A01,1.0,43.0,4,0,7,1,1.0,
202400033401,155 722 920,A01,2.0,7.0,2,0,7,0,1.0,
202400033402,155 722 916,A01,2.0,33.0,0,2,8,3,1.0,
202400033403,155 722 914,A01,2.0,7.0,0,2,7,22,1.0,
202400033404,155 722 913,A01,1.0,7.0,13,0,3,13,1.0,
202400033405,155 722 912,A01,1.0,7.0,4,0,7,1,1.0,
202400033406,155 722 915,A01,2.0,30.0,0,2,8,7,1.0,
202400033407,155 722 907,A01,2.0,7.0,0,2,4,12,1.0,
202400033408,155 722 906,A01,1.0,7.0,0,2,2,15,1.0,
202400033409,155 722 905,B01,0.0,1.0,0,2,1,17,5.0,
202400033410,155 722 899,C01,1.0,7.0,0,2,6,26,1.0,
202400033411,155 722 900,A01,2.0,7.0,0,2,8,10,1.0,
202400033412,155 722 898,A01,1.0,7.0,13,0,9,1,1.0,
202400033413,155 722 897,A01,3.0,7.0,9,0,1,14,1.0,
202400033414,155 722 895,A01,1.0,43.0,14,0,2,1,1.0,
202400033415,155 722 894,A01,2.0,7.0,3,0,1,1,1.0,
202400033416,155 722 892,C01,1.0,7.0,0,2,2,0,1.0,
202400033417,155 722 891,A01,1.0,10.0,0,1,1,1,1.0,
202400033418,155 722 889,A01,1.0,7.0,0,1,1,9,2.0,
202400033419,155 722 885,A01,2.0,7.0,0,2,1,11,1.0,
202400033420,155 722 884,A01,2.0,33.0,0,2,1,1,1.0,
202400033421,155 722 883,B01,1.0,1.0,0,2,4,1,5.0,
202400033422,155 722 882,A01,1.0,31.0,12,0,8,17,1.0,
202400033423,155 722 880,A01,2.0,7.0,0,2,1,2,1.0,
202400033424,155 722 875,B01,3.0,1.0,0,2,1,1,5.0,
202400033425,155 722 876,A01,1.0,7.0,0,1,3,15,1.0,
202400033426,155 722 873,A01,2.0,7.0,0,2,3,13,1.0,
202400033427,155 722 872,A01,2.0,15.0,0,2,2,1,1.0,
202400033428,155 722 871,A01,3.0,33.0,13,0,1,5,1.0,
202400033429,155 722 870,A01,3.0,30.0,0,1,1,1,1.0,
202400033430,155 722 865,B01,2.0,33.0,0,2,2,1,1.0,
202400033431,155 722 862,B01,3.0,7.0,0,2,8,1,1.0,
202400033432,155 722 864,A01,0.0,37.0,0,2,0,0,0.0,1
202400033433,155 722 863,B01,1.0,33.0,0,2,1,0,1.0,
202400033434,155 722 858,A01,3.0,7.0,0,1,1,15,1.0,
202400033435,155 722 856,A01,1.0,33.0,0,2,1,1,1.0,
202400033436,155 722 854,D01,2.0,7.0,0,2,3,1,1.0,
202400033437,155 722 851,A01,,10.0,0,1,4,4,0.0,
202400033438,155 722 850,B01,1.0,7.0,0,2,1,1,1.0,
202400033439,155 722 849,A01,1.0,2.0,0,1,1,3,1.0,
202400033440,155 722 844,B01,1.0,7.0,0,2,1,2,1.0,
202400033441,155 722 843,A01,1.0,33.0,0,2,8,3,1.0,
202400033442,155 722 842,A01,1.0,10.0,0,2,6,16,1.0,
202400033443,155 722 840,A01,2.0,7.0,0,1,1,15,1.0,
202400033444,155 722 841,C01,1.0,10.0,0,2,1,1,1.0,
202400033445,155 722 839,A01,2.0,7.0,6,0,1,1,1.0,
202400033446,155 722 838,A01,1.0,7.0,2,0,2,1,1.0,
202400033447,155 722 837,A01,0.0,32.0,0,0,7,1,3.0,
202400033448,155 722 835,A01,1.0,7.0,6,0,2,1,1.0,
202400033449,155 722 831,C01,1.0,7.0,0,2,1,1,1.0,
202400033450,155 722 833,A01,2.0,33.0,0,0,8,3,1.0,
202400033451,155 722 828,B01,0.0,7.0,0,2,1,0,2.0,
202400033452,155 722 829,B01,3.0,7.0,0,2,3,1,1.0,
202400033453,155 722 826,A01,1.0,31.0,0,2,3,3,3.0,
202400033454,155 722 825,A01,1.0,37.0,0,1,1,23,3.0,1
202400033455,155 722 820,A01,1.0,32.0,0,0,2,23,1.0,
202400033456,155 722 821,A01,1.0,7.0,0,2,1,0,1.0,
202400033457,155 722 819,A01,1.0,50.0,0,2,1,16,3.0,
202400033458,155 722 817,A01,1.0,7.0,1,0,1,13,1.0,
202400033459,155 722 815,A01,1.0,7.0,12,2,1,13,1.0,
202400033460,155 722 814,A01,1.0,7.0,0,1,2,1,1.0,
202400033461,155 722 813,A01,2.0,7.0,2,0,2,13,1.0,
202400033462,155 722 818,B01,1.0,10.0,0,2,2,12,1.0,
202400033463,155 722 811,A01,2.0,50.0,0,2,1,19,3.0,
202400033464,155 722 808,A01,0.0,7.0,0,2,1,0,1.0,
202400033465,155 722 807,A01,2.0,7.0,13,0,7,1,1.0,
202400033466,155 722 802,A01,2.0,7.0,0,2,6,11,1.0,
202400033467,155 722 803,X01,2.0,30.0,0,1,1,18,1.0,
202400033468,155 722 800,B01,1.0,7.0,0,2,6,1,1.0,
202400033469,155 722 797,B01,1.0,7.0,0,9,1,1,1.0,
202400033470,155 722 795,A01,1.0,7.0,0,2,6,2,1.0,
202400033471,155 722 792,A01,1.0,7.0,0,1,3,1,1.0,
202400033472,155 722 796,A01,1.0,7.0,0,1,7,2,1.0,
202400033473,155 722 791,A01,1.0,10.0,0,2,3,1,1.0,
202400033474,155 722 790,A01,1.0,7.0,0,2,1,1,1.0,
202400033475,155 722 788,B01,2.0,10.0,1,0,1,1,1.0,
202400033476,155 722 787,A01,1.0,7.0,0,1,2,15,1.0,
202400033477,155 722 783,A01,1.0,16.0,0,2,2,12,1.0,
202400033478,155 722 780,A01,1.0,7.0,0,0,4,12,1.0,
202400033479,155 722 779,A01,2.0,7.0,3,0,1,1,1.0,
202400033480,155 722 777,A01,1.0,7.0,2,0,2,14,1.0,
202400033481,155 722 776,B01,3.0,1.0,0,0,4,24,5.0,
202400033482,155 722 778,B01,2.0,50.0,0,2,7,1,3.0,
202400033483,155 722 773,A01,1.0,7.0,0,1,2,16,2.0,
202400033484,155 722 771,B01,1.0,7.0,0,2,3,1,1.0,
202400033485,155 722 770,C01,1.0,10.0,0,2,4,23,1.0,
202400033486,155 722 769,A01,1.0,10.0,0,1,4,4,1.0,
202400033487,155 722 766,A01,1.0,10.0,0,1,1,16,1.0,
202400033488,155 722 765,A01,1.0,7.0,0,2,1,2,1.0,
202400033489,155 722 764,A01,2.0,10.0,0,1,6,15,1.0,
202400033490,155 722 762,A01,1.0,33.0,0,0,9,1,1.0,
202400033491,155 722 767,A01,1.0,7.0,0,1,1,0,1.0,
202400033492,155 722 761,A01,1.0,30.0,0,2,2,15,3.0,
202400033493,155 722 759,B01,2.0,17.0,0,2,2,1,1.0,
202400033494,155 722 754,A01,2.0,7.0,0,2,1,2,1.0,
202400033495,155 722 752,B01,2.0,80.0,0,2,1,1,3.0,
202400033496,155 722 750,A01,2.0,7.0,0,2,8,19,1.0,
202400033497,155 722 748,A01,2.0,33.0,0,2,3,3,1.0,
202400033498,155 722 751,B01,1.0,7.0,0,2,4,1,1.0,
202400033499,155 722 745,A01,1.0,7.0,0,1,4,1,1.0,
202400033500,155 722 744,A01,2.0,7.0,0,2,1,1,1.0,
202400033501,155 722 742,A01,1.0,33.0,0,2,1,2,1.0,
202400033502,155 722 737,A01,2.0,33.0,0,2,4,17,1.0,
202400033503,155 722 735,A01,1.0,7.0,0,1,2,1,1.0,
202400033504,155 722 733,A01,1.0,33.0,0,0,8,3,1.0,
202400033505,155 722 732,A01,1.0,7.0,7,2,1,13,1.0,
202400033506,155 722 731,A01,1.0,38.0,0,1,2,21,1.0,1
202400033507,155 722 726,C01,2.0,7.0,0,2,4,1,2.0,
202400033508,155 722 724,A01,1.0,1.0,0,2,6,26,5.0,
202400033509,155 722 723,B01,1.0,7.0,0,2,1,1,1.0,
202400033510,155 722 727,B01,3.0,7.0,0,2,6,23,1.0,
202400033511,155 722 720,B01,1.0,32.0,0,2,4,3,1.0,
202400033512,155 722 721,A01,1.0,7.0,1,0,2,1,1.0,
202400033513,155 722 718,A01,1.0,7.0,0,2,1,9,1.0,
202400033514,155 722 715,A01,1.0,7.0,4,2,3,17,1.0,
202400033515,155 722 714,A01,2.0,7.0,0,1,1,1,1.0,
202400033516,155 722 716,A01,2.0,7.0,0,1,3,15,1.0,
202400033517,155 722 709,A01,1.0,14.0,0,2,2,21,1.0,
202400033518,155 722 713,A01,1.0,7.0,0,0,0,26,1.0,
202400033519,155 722 708,A01,2.0,7.0,0,2,2,2,1.0,
202400033520,155 722 707,B01,2.0,30.0,0,2,1,1,3.0,
202400033521,155 722 705,A01,3.0,7.0,0,1,4,20,1.0,
202400033522,155 722 700,B01,1.0,7.0,16,2,3,1,1.0,
202400033523,155 722 699,A01,1.0,7.0,0,1,2,16,1.0,
202400033524,155 722 697,A01,1.0,7.0,0,2,1,1,1.0,
202400033525,155 722 693,A01,1.0,21.0,0,9,0,1,1.0,
202400033526,155 722 694,A01,2.0,7.0,13,0,1,14,1.0,
202400033527,155 722 691,A01,1.0,7.0,0,2,3,2,1.0,
202400033528,155 722 698,A01,1.0,7.0,12,0,3,13,1.0,
202400033529,155 722 689,A01,1.0,7.0,2,0,1,14,1.0,
202400033530,155 722 690,A01,3.0,7.0,0,0,0,1,1.0,
202400033531,155 722 688,A01,1.0,7.0,0,1,7,16,1.0,
202400033532,155 722 686,A01,2.0,7.0,0,1,1,15,1.0,
202400033533,155 722 684,A01,2.0,30.0,0,2,1,1,1.0,
202400033534,155 722 683,A01,1.0,10.0,0,2,1,1,1.0,
202400033535,155 722 677,A01,0.0,21.0,0,0,9,1,1.0,
202400033536,155 722 678,A01,1.0,50.0,0,2,1,5,3.0,
202400033537,155 722 679,B01,3.0,37.0,0,2,8,1,1.0,4
202400033538,155 722 676,A01,1.0,7.0,0,2,1,26,2.0,
202400033539,155 722 672,A01,2.0,7.0,0,2,1,17,0.0,
202400033540,155 722 671,A01,2.0,7.0,0,1,3,2,1.0,
202400033541,155 722 673,A01,2.0,7.0,0,1,1,16,1.0,
202400033542,155 722 670,Z01,3.0,7.0,0,2,3,15,0.0,
202400033543,155 722 665,B01,0.0,7.0,0,2,1,0,1.0,
202400033544,155 722 663,A01,,33.0,12,2,0,1,1.0,
202400033545,155 722 664,B01,1.0,7.0,0,2,5,1,1.0,
202400033546,155 722 662,A01,3.0,7.0,0,2,1,2,1.0,
202400033547,155 722 658,A01,2.0,7.0,0,1,3,1,1.0,
202400033548,155 722 660,A01,1.0,1.0,0,1,1,19,5.0,
202400033549,155 722 657,A01,2.0,7.0,0,2,3,1,0.0,
202400033550,155 722 656,Z01,2.0,7.0,0,2,1,15,1.0,
202400033551,155 722 654,A01,3.0,7.0,0,1,3,1,1.0,
202400033552,155 722 649,A01,1.0,7.0,0,2,3,13,1.0,
202400033553,155 722 651,A01,0.0,7.0,0,2,1,1,1.0,
202400033554,155 722 650,A01,3.0,10.0,0,2,2,9,1.0,
202400033555,155 722 648,A01,1.0,7.0,0,6,1,1,1.0,
202400033556,155 722 646,A01,1.0,7.0,3,0,2,0,1.0,
202400033557,155 722 645,A01,3.0,30.0,0,1,1,1,1.0,
202400033558,155 722 643,C01,1.0,7.0,0,2,4,2,1.0,
202400033559,155 722 641,A01,1.0,32.0,3,0,7,1,1.0,
202400033560,155 722 640,B01,2.0,7.0,0,2,1,19,1.0,
202400033561,155 722 639,A01,3.0,7.0,0,1,1,16,1.0,
202400033562,155 722 637,A01,2.0,7.0,0,2,5,1,1.0,
202400033563,155 722 633,A01,2.0,32.0,0,2,1,17,1.0,
202400033564,155 722 629,B01,1.0,7.0,0,0,4,1,1.0,
202400033565,155 722 625,A01,2.0,7.0,0,2,1,2,1.0,
202400033566,155 722 626,A01,1.0,7.0,0,2,3,1,1.0,
202400033567,155 722 624,A01,3.0,7.0,0,1,1,15,1.0,
202400033568,155 722 632,A01,3.0,7.0,0,1,3,1,1.0,
202400033569,155 722 622,C01,2.0,7.0,0,2,1,1,1.0,
202400033570,155 722 620,A01,1.0,50.0,0,0,0,1,3.0,
202400033571,155 722 619,A01,2.0,7.0,0,2,1,15,1.0,
202400033572,155 722 618,A01,0.0,7.0,0,9,1,16,1.0,
202400033573,155 722 617,A01,2.0,7.0,0,1,2,1,0.0,
202400033574,155 722 612,B01,1.0,99.0,0,2,2,1,1.0,
202400033575,155 722 611,B01,1.0,50.0,9,0,1,1,3.0,
202400033576,155 722 610,A01,2.0,7.0,0,2,1,5,1.0,
202400033577,155 722 609,A01,1.0,7.0,0,1,3,13,1.0,
202400033578,155 722 608,A01,2.0,7.0,0,0,9,1,0.0,
202400033579,155 722 607,A01,1.0,10.0,0,1,3,1,1.0,
202400033580,155 722 606,A01,1.0,10.0,11,0,3,1,1.0,
202400033581,155 722 604,A01,3.0,7.0,0,1,2,2,1.0,
202400033582,155 722 602,A01,2.0,7.0,0,0,2,15,1.0,
202400033583,155 722 600,B01,2.0,34.0,0,2,7,1,1.0,
202400033584,155 722 599,A01,3.0,7.0,0,2,8,15,1.0,
202400033585,155 722 597,A01,1.0,50.0,0,0,0,26,3.0,
202400033586,155 722 596,B01,2.0,7.0,14,2,1,19,0.0,
202400033587,155 722 594,A01,1.0,7.0,0,2,8,22,0.0,
202400033588,155 722 593,A01,1.0,33.0,0,0,1,15,1.0,
202400033589,155 722 592,A01,3.0,7.0,0,1,2,16,1.0,
202400033590,155 722 590,A01,3.0,7.0,2,0,1,1,1.0,
202400033591,155 722 589,A01,1.0,7.0,15,1,3,13,1.0,
202400033592,155 722 587,A01,1.0,7.0,0,1,2,1,1.0,
202400033593,155 722 585,B01,1.0,38.0,0,2,2,1,1.0,3
202400033594,155 722 584,A01,1.0,33.0,4,0,8,1,1.0,
202400033595,155 722 582,A01,1.0,7.0,2,0,1,0,1.0,
202400033596,155 722 583,A01,2.0,50.0,0,2,1,1,3.0,
202400033597,155 722 581,A01,1.0,7.0,0,1,2,1,1.0,
202400033598,155 722 580,A01,3.0,50.0,12,0,1,1,3.0,
202400033599,155 722 578,A01,0.0,7.0,0,1,3,1,1.0,
202400033600,155 722 576,A01,1.0,7.0,6,0,3,13,1.0,
202400033601,155 722 577,A01,2.0,31.0,0,0,8,1,1.0,
202400033602,155 722 575,A01,1.0,7.0,0,1,2,1,1.0,
202400033603,155 722 574,A01,1.0,7.0,0,1,1,15,1.0,
202400033604,155 722 573,A01,1.0,7.0,12,0,2,14,1.0,
202400033605,155 722 572,A01,3.0,31.0,4,0,3,0,1.0,
202400033606,155 722 571,A01,3.0,7.0,13,0,0,0,5.0,
202400033607,155 722 568,A01,2.0,2.0,0,0,9,1,1.0,
202400033608,155 722 567,A01,1.0,7.0,0,1,3,1,1.0,
202400033609,155 722 565,A01,0.0,7.0,0,2,2,1,1.0,
202400033610,155 722 566,A01,2.0,10.0,0,2,2,15,1.0,
202400033611,155 722 562,A01,3.0,7.0,0,2,3,1,1.0,
202400033612,155 722 561,A01,1.0,7.0,0,1,1,17,1.0,
202400033613,155 722 560,A01,1.0,50.0,0,1,1,1,3.0,
202400033614,155 722 559,A01,2.0,7.0,0,2,1,2,1.0,
202400033615,155 722 557,A01,1.0,7.0,0,1,4,4,1.0,
202400033616,155 722 555,A01,1.0,7.0,0,2,3,9,1.0,
202400033617,155 722 552,A01,0.0,10.0,0,2,8,15,1.0,
202400033618,155 722 553,A01,1.0,7.0,8,2,8,1,1.0,
202400033619,155 722 548,Z01,1.0,14.0,0,0,0,0,0.0,
202400033620,155 722 549,A01,1.0,1.0,0,2,1,19,5.0,
202400033621,155 722 546,A01,3.0,7.0,4,0,1,1,1.0,
202400033622,155 722 545,A01,2.0,7.0,0,2,3,1,1.0,
202400033623,155 722 543,A01,2.0,33.0,0,2,1,1,1.0,
202400033624,155 722 542,A01,1.0,7.0,0,2,1,13,1.0,
202400033625,155 722 538,A01,2.0,7.0,0,2,1,16,1.0,
202400033626,155 722 535,A01,1.0,7.0,3,2,1,1,1.0,
202400033627,155 722 536,A01,2.0,7.0,0,2,1,13,1.0,
202400033628,155 722 534,A01,3.0,7.0,8,2,2,1,1.0,
202400033629,155 722 530,A01,2.0,10.0,0,2,2,16,1.0,
202400033630,155 722 529,B01,1.0,33.0,0,2,3,13,1.0,
202400033631,155 722 528,A01,1.0,2.0,14,0,1,1,1.0,
202400033632,155 722 527,A01,1.0,7.0,13,0,0,1,0.0,
202400033633,155 722 524,A01,2.0,7.0,2,2,1,13,1.0,
202400033634,155 722 525,A01,2.0,33.0,11,0,1,13,1.0,
202400033635,155 722 522,A01,1.0,32.0,0,0,0,14,2.0,
202400033636,155 722 523,A01,1.0,7.0,0,2,1,1,1.0,
202400033637,155 722 520,A01,1.0,7.0,4,0,0,1,1.0,
202400033638,155 722 519,A01,1.0,10.0,16,0,9,13,1.0,
202400033639,155 722 515,Z01,1.0,7.0,0,2,1,0,0.0,
202400033640,155 722 516,C01,1.0,7.0,0,2,4,1,1.0,
202400033641,155 722 513,B01,2.0,34.0,0,2,1,1,1.0,
202400033642,155 722 510,A01,3.0,1.0,0,0,0,1,5.0,
202400033643,155 722 509,B01,2.0,7.0,0,2,6,2,1.0,
202400033644,155 722 507,A01,2.0,7.0,0,2,1,2,1.0,
202400033645,155 722 506,A01,3.0,7.0,2,2,7,20,1.0,
202400033646,155 722 504,A01,1.0,7.0,0,2,5,15,1.0,
202400033647,155 722 503,A01,2.0,7.0,6,0,8,1,1.0,
202400033648,155 722 500,A01,1.0,2.0,0,0,0,0,1.0,
202400033649,155 722 499,A01,2.0,7.0,0,2,3,1,2.0,
202400033650,155 722 498,A01,2.0,7.0,0,2,2,1,1.0,
202400033651,155 722 494,A01,2.0,7.0,0,1,6,4,1.0,
202400033652,155 722 493,B01,2.0,1.0,0,2,3,1,5.0,
202400033653,155 722 489,A01,2.0,7.0,0,2,3,23,1.0,
202400033654,155 722 488,B01,1.0,1.0,0,2,2,1,5.0,
202400033655,155 722 492,B01,3.0,7.0,0,2,7,1,1.0,
202400033656,155 722 487,A01,1.0,7.0,8,0,1,14,1.0,
202400033657,155 722 486,A01,1.0,7.0,0,2,7,10,1.0,
202400033658,155 722 482,B01,1.0,1.0,0,2,2,1,5.0,
202400033659,155 722 480,A01,1.0,33.0,13,0,8,2,1.0,
202400033660,155 722 481,A01,1.0,7.0,0,0,6,21,0.0,
202400033661,155 722 479,A01,1.0,33.0,0,1,1,1,1.0,
202400033662,155 722 476,A01,2.0,7.0,0,2,1,1,1.0,
202400033663,155 722 474,A01,2.0,7.0,0,1,2,2,1.0,
202400033664,155 722 472,A01,1.0,7.0,0,2,4,15,1.0,
202400033665,155 722 473,B01,1.0,7.0,0,2,3,2,1.0,
202400033666,155 722 469,A01,0.0,7.0,8,0,1,14,1.0,
202400033667,155 722 468,A01,3.0,7.0,0,2,3,17,1.0,
202400033668,155 722 466,B01,2.0,33.0,14,2,2,3,1.0,
202400033669,155 722 463,A01,3.0,10.0,0,2,3,2,1.0,
202400033670,155 722 461,A01,1.0,30.0,0,0,0,0,1.0,
202400033671,155 722 460,A01,1.0,7.0,0,0,4,23,1.0,
202400033672,155 722 459,A01,3.0,7.0,0,1,1,1,2.0,
202400033673,155 722 458,A01,1.0,7.0,11,0,3,13,1.0,
202400033674,155 722 456,A01,2.0,7.0,13,0,8,13,1.0,
202400033675,155 722 457,B01,2.0,7.0,0,2,8,15,1.0,
202400033676,155 722 454,A01,1.0,7.0,0,1,3,15,1.0,
202400033677,155 722 451,A01,2.0,7.0,8,0,1,0,1.0,
202400033678,155 722 452,A01,1.0,7.0,2,0,7,1,1.0,
202400033679,155 722 450,A01,1.0,7.0,0,2,5,15,1.0,
202400033680,155 722 448,B01,2.0,7.0,0,2,3,1,1.0,
202400033681,155 722 444,A01,2.0,30.0,0,2,2,17,1.0,
202400033682,155 722 441,A01,3.0,1.0,0,2,0,1,5.0,
202400033683,155 722 443,A01,3.0,7.0,0,2,7,1,1.0,
202400033684,155 722 442,B01,2.0,20.0,0,0,6,15,1.0,
202400033685,155 722 436,A01,2.0,7.0,13,0,9,1,1.0,
202400033686,155 722 438,B01,1.0,7.0,0,2,5,1,1.0,
202400033687,155 722 432,A01,1.0,10.0,0,1,7,2,1.0,
202400033688,155 722 434,A01,1.0,7.0,0,2,1,15,2.0,
202400033689,155 722 428,A01,0.0,1.0,0,0,1,1,5.0,
202400033690,155 722 429,B01,2.0,15.0,0,2,4,2,1.0,
202400033691,155 722 422,C01,2.0,7.0,0,2,8,23,1.0,
202400033692,155 722 421,B01,1.0,33.0,0,2,7,3,1.0,
202400033693,155 722 419,A01,0.0,2.0,0,2,1,1,1.0,
202400033694,155 722 417,A01,1.0,33.0,0,2,1,2,1.0,
202400033695,155 722 416,A01,3.0,7.0,0,1,1,0,1.0,
202400033696,155 722 418,A01,1.0,7.0,0,1,1,1,1.0,
202400033697,155 722 415,A01,1.0,7.0,0,0,1,1,1.0,
202400033698,155 722 414,A01,0.0,7.0,16,0,0,17,1.0,
202400033699,155 722 412,A01,2.0,7.0,0,2,2,19,1.0,
202400033700,155 722 409,A01,2.0,10.0,0,1,2,0,1.0,
202400033701,155 722 407,A01,1.0,7.0,2,0,7,1,1.0,
202400033702,155 722 406,A01,3.0,7.0,0,2,2,1,1.0,
202400033703,155 722 405,A01,1.0,7.0,8,0,0,14,1.0,
202400033704,155 722 404,A01,3.0,7.0,0,1,1,15,1.0,
202400033705,155 722 401,A01,1.0,7.0,0,2,0,0,0.0,
202400033706,155 722 399,A01,2.0,7.0,0,2,2,15,1.0,
202400033707,155 722 396,Z01,2.0,7.0,0,1,1,0,1.0,
202400033708,155 722 397,A01,2.0,7.0,0,2,3,2,1.0,
202400033709,155 722 395,A01,0.0,7.0,0,2,8,0,1.0,
202400033710,155 722 394,A01,2.0,7.0,0,1,3,1,1.0,
202400033711,155 722 393,A01,2.0,7.0,3,0,1,2,1.0,
202400033712,155 722 392,A01,2.0,7.0,0,0,3,13,1.0,
202400033713,155 722 391,A01,0.0,7.0,0,1,2,1,1.0,
202400033714,155 722 390,A01,0.0,7.0,0,1,1,1,1.0,
202400033715,155 722 387,B01,1.0,7.0,0,2,5,2,1.0,
202400033716,155 722 386,A01,1.0,10.0,0,1,3,2,1.0,
202400033717,155 722 384,A01,2.0,2.0,0,2,3,9,1.0,
202400033718,155 722 383,A01,1.0,7.0,2,0,5,14,1.0,
202400033719,155 722 382,A01,2.0,7.0,0,2,8,22,1.0,
202400033720,155 722 375,Z01,2.0,7.0,0,2,1,9,0.0,
202400033721,155 722 374,A01,2.0,7.0,0,2,3,0,1.0,
202400033722,155 722 373,B01,1.0,34.0,0,2,2,1,1.0,
202400033723,155 722 377,B01,3.0,33.0,0,2,1,1,1.0,
202400033724,155 722 372,A01,2.0,10.0,0,2,8,10,1.0,
202400033725,155 722 368,B01,2.0,7.0,0,2,2,1,1.0,
202400033726,155 722 366,A01,3.0,7.0,0,1,1,16,1.0,
202400033727,155 722 364,C01,2.0,17.0,0,0,5,1,1.0,
202400033728,155 722 361,A01,2.0,7.0,14,0,1,6,1.0,
202400033729,155 722 363,A01,1.0,7.0,0,2,9,13,1.0,
202400033730,155 722 360,A01,1.0,7.0,0,1,2,15,2.0,
202400033731,155 722 358,B01,1.0,7.0,0,0,0,9,0.0,
202400033732,155 722 355,A01,1.0,7.0,0,1,1,1,1.0,
202400033733,155 722 354,B01,,40.0,0,9,2,1,3.0,
202400033734,155 722 353,A01,3.0,7.0,6,2,5,4,1.0,
202400033735,155 722 350,A01,1.0,10.0,0,9,2,2,0.0,
202400033736,155 722 349,B01,1.0,33.0,0,2,1,18,1.0,
202400033737,155 722 345,B01,2.0,30.0,0,2,4,0,3.0,
202400033738,155 722 343,A01,1.0,33.0,3,9,4,2,1.0,
202400033739,155 722 344,A01,2.0,7.0,14,0,1,21,1.0,
202400033740,155 722 340,A01,2.0,7.0,0,2,1,13,1.0,
202400033741,155 722 339,A01,1.0,10.0,0,2,8,15,1.0,
202400033742,155 722 338,A01,1.0,33.0,2,0,9,1,1.0,
202400033743,155 722 337,A01,1.0,7.0,0,1,7,1,1.0,
202400033744,155 722 334,A01,3.0,7.0,0,1,4,4,1.0,
202400033745,155 722 336,A01,2.0,7.0,0,1,1,1,0.0,
202400033746,155 722 333,A01,1.0,7.0,0,2,7,15,1.0,
202400033747,155 722 331,A01,0.0,7.0,15,0,3,13,1.0,
202400033748,155 722 328,B01,1.0,1.0,0,2,8,1,5.0,
202400033749,155 722 327,A01,0.0,50.0,0,0,8,25,3.0,
202400033750,155 722 323,A01,2.0,7.0,0,2,3,15,1.0,
202400033751,155 722 319,A01,0.0,21.0,0,2,4,1,1.0,
202400033752,155 722 320,B01,2.0,7.0,0,2,2,1,1.0,