Num_Acc,id_vehicule,num_veh,senc,catv,obs,obsm,choc,manv,motor,occutc
202400033753,155 722 318,A01,3.0,3.0,0,2,1,9,1.0,
202400033754,155 722 317,A01,3.0,7.0,0,1,6,4,1.0,
202400033755,155 722 315,A01,2.0,30.0,0,2,1,11,1.0,
202400033756,155 722 314,A01,1.0,7.0,2,0,1,0,1.0,
202400033757,155 722 313,B01,2.0,38.0,0,1,1,1,1.0,1
202400033758,155 722 312,A01,1.0,10.0,2,0,2,0,1.0,
202400033759,155 722 309,A01,1.0,7.0,16,2,8,15,1.0,
202400033760,155 722 305,A01,3.0,7.0,0,2,3,16,2.0,
202400033761,155 722 304,A01,2.0,7.0,0,2,1,13,1.0,
202400033762,155 722 306,A01,1.0,7.0,15,0,2,14,1.0,
202400033763,155 722 302,A01,3.0,7.0,0,2,1,0,1.0,
202400033764,155 722 298,A01,3.0,7.0,0,2,4,4,1.0,
202400033765,155 722 299,A01,1.0,7.0,0,2,6,11,1.0,
202400033766,155 722 297,A01,2.0,7.0,0,1,1,16,1.0,
202400033767,155 722 296,A01,3.0,7.0,2,0,1,1,1.0,
202400033768,155 722 291,B01,0.0,7.0,0,2,1,16,1.0,
202400033769,155 722 290,B01,3.0,34.0,0,2,6,1,1.0,
202400033770,155 722 289,A01,2.0,10.0,0,0,0,15,1.0,
202400033771,155 722 287,A01,1.0,7.0,1,0,8,1,1.0,
202400033772,155 722 286,A01,2.0,31.0,0,0,0,1,1.0,
202400033773,155 722 284,A01,2.0,7.0,1,0,9,1,1.0,
202400033774,155 722 283,B01,2.0,1.0,0,2,3,1,5.0,
202400033775,155 722 282,A01,2.0,40.0,0,1,2,1,3.0,
202400033776,155 722 281,A01,3.0,50.0,0,1,1,1,3.0,
202400033777,155 722 278,A01,2.0,15.0,0,2,7,12,1.0,
202400033778,155 722 279,A01,2.0,34.0,0,0,2,1,1.0,
202400033779,155 722 276,A01,1.0,7.0,0,2,7,16,1.0,
202400033780,155 722 274,B01,1.0,7.0,0,2,4,2,1.0,
202400033781,155 722 270,A01,2.0,7.0,0,2,2,12,1.0,
202400033782,155 722 266,A01,2.0,33.0,0,2,1,1,1.0,
202400033783,155 722 267,A01,1.0,7.0,0,2,3,2,1.0,
202400033784,155 722 265,B01,1.0,7.0,0,0,3,23,1.0,
202400033785,155 722 264,Z01,1.0,1.0,0,1,7,1,5.0,
202400033786,155 722 263,A01,1.0,7.0,8,0,1,2,1.0,
202400033787,155 722 261,B01,2.0,33.0,0,2,8,1,1.0,
202400033788,155 722 257,A01,1.0,1.0,0,2,8,1,5.0,
202400033789,155 722 255,B01,2.0,33.0,1,9,1,1,1.0,
202400033790,155 722 253,A01,2.0,80.0,0,2,2,17,3.0,
202400033791,155 722 254,B01,1.0,33.0,0,2,1,1,1.0,
202400033792,155 722 252,A01,1.0,14.0,6,0,3,1,1.0,
202400033793,155 722 248,A01,1.0,33.0,16,0,7,0,0.0,
202400033794,155 722 247,B01,1.0,7.0,0,2,3,15,1.0,
202400033795,155 722 249,A01,1.0,2.0,0,2,0,11,1.0,
202400033796,155 722 246,A01,2.0,80.0,0,1,1,1,3.0,
202400033797,155 722 242,A01,2.0,43.0,0,1,1,17,1.0,
202400033798,155 722 241,B01,2.0,7.0,0,2,4,2,1.0,
202400033799,155 722 240,A01,2.0,7.0,0,2,1,1,2.0,
202400033800,155 722 239,B01,1.0,30.0,0,2,5,15,1.0,
202400033801,155 722 237,Z01,1.0,7.0,0,2,0,0,0.0,
202400033802,155 722 236,A01,2.0,7.0,0,1,1,1,1.0,
202400033803,155 722 235,A01,1.0,14.0,0,1,2,1,1.0,
202400033804,155 722 232,A01,3.0,7.0,0,1,2,1,1.0,
202400033805,155 722 230,B01,3.0,7.0,0,2,3,15,0.0,
202400033806,155 722 231,A01,2.0,7.0,0,2,3,15,2.0,
202400033807,155 722 228,A01,3.0,7.0,0,2,3,13,1.0,
202400033808,155 722 224,Z01,1.0,50.0,0,1,0,1,3.0,
202400033809,155 722 225,A01,1.0,7.0,0,2,8,24,1.0,
202400033810,155 722 223,A01,1.0,7.0,0,2,1,2,1.0,
202400033811,155 722 222,A01,1.0,7.0,0,1,3,15,1.0,
202400033812,155 722 218,A01,2.0,50.0,0,0,-1,1,3.0,
202400033813,155 722 219,A01,2.0,33.0,0,2,2,10,1.0,
202400033814,155 722 217,A01,1.0,33.0,0,2,2,12,1.0,
202400033815,155 722 215,A01,1.0,7.0,0,2,1,1,1.0,
202400033816,155 722 212,A01,2.0,1.0,0,1,1,1,5.0,
202400033817,155 722 211,A01,1.0,7.0,0,2,3,13,1.0,
202400033818,155 722 209,A01,1.0,7.0,0,1,1,0,1.0,
202400033819,155 722 206,A01,2.0,7.0,0,2,1,1,2.0,
202400033820,155 722 210,A01,1.0,7.0,0,2,3,15,1.0,
202400033821,155 722 203,A01,1.0,50.0,0,2,2,1,3.0,
202400033822,155 722 202,C01,2.0,7.0,0,2,1,2,1.0,
202400033823,155 722 199,B01,1.0,33.0,0,2,6,3,1.0,
202400033824,155 722 195,A01,0.0,37.0,0,2,3,26,1.0,1
202400033825,155 722 194,A01,2.0,7.0,4,0,9,2,1.0,
202400033826,155 722 193,B01,3.0,7.0,0,2,3,1,1.0,
202400033827,155 722 191,A01,1.0,7.0,0,0,7,1,1.0,
202400033828,155 722 190,A01,2.0,13.0,0,2,3,13,1.0,
202400033829,155 722 189,A01,1.0,7.0,0,1,1,0,0.0,
202400033830,155 722 185,A01,2.0,43.0,0,1,3,1,1.0,
202400033831,155 722 182,C01,1.0,10.0,0,2,4,2,1.0,
202400033832,155 722 181,Z01,2.0,7.0,0,2,1,1,1.0,
202400033833,155 722 180,A01,1.0,7.0,14,0,1,1,0.0,
202400033834,155 722 178,A01,1.0,7.0,13,0,1,1,1.0,
202400033835,155 722 183,Z01,1.0,7.0,0,2,1,1,1.0,
202400033836,155 722 179,A01,2.0,31.0,0,0,0,1,1.0,
202400033837,155 722 176,B01,2.0,32.0,1,2,1,1,1.0,
202400033838,155 722 173,A01,2.0,7.0,4,2,2,12,1.0,
202400033839,155 722 172,A01,3.0,7.0,1,0,4,20,1.0,
202400033840,155 722 171,A01,1.0,37.0,0,1,1,1,1.0,2
202400033841,155 722 167,A01,2.0,33.0,0,2,1,3,1.0,
202400033842,155 722 164,A01,1.0,33.0,0,2,7,15,1.0,
202400033843,155 722 169,A01,1.0,7.0,0,2,1,2,1.0,
202400033844,155 722 158,B01,3.0,31.0,0,2,2,0,1.0,
202400033845,155 722 156,A01,2.0,7.0,0,2,1,12,1.0,
202400033846,155 722 154,A01,2.0,7.0,0,2,3,15,1.0,
202400033847,155 722 155,A01,3.0,7.0,0,2,1,1,1.0,
202400033848,155 722 153,A01,2.0,37.0,1,1,0,0,1.0,1
202400033849,155 722 152,A01,3.0,33.0,4,0,1,16,1.0,
202400033850,155 722 150,A01,2.0,7.0,0,1,1,1,1.0,
202400033851,155 722 147,A01,1.0,1.0,0,2,2,1,5.0,
202400033852,155 722 145,A01,1.0,10.0,0,2,4,1,1.0,
202400033853,155 722 144,A01,1.0,7.0,0,2,4,1,1.0,
202400033854,155 722 141,B01,1.0,1.0,1,2,1,1,5.0,
202400033855,155 722 140,A01,2.0,15.0,0,1,2,2,1.0,
202400033856,155 722 139,B01,3.0,1.0,0,2,0,0,5.0,
202400033857,155 722 138,A01,1.0,10.0,2,0,2,1,1.0,
202400033858,155 722 136,A01,1.0,7.0,0,1,1,1,1.0,
202400033859,155 722 135,A01,1.0,7.0,2,0,2,1,1.0,
202400033860,155 722 134,B01,2.0,10.0,15,2,7,1,1.0,
202400033861,155 722 133,A01,3.0,7.0,0,1,1,15,1.0,
202400033862,155 722 130,A01,1.0,7.0,0,1,3,1,1.0,
202400033863,155 722 131,A01,3.0,7.0,0,1,2,17,1.0,
202400033864,155 722 129,B01,1.0,30.0,0,2,1,5,1.0,
202400033865,155 722 128,A01,2.0,2.0,13,0,9,0,1.0,
202400033866,155 722 125,A01,3.0,7.0,0,2,1,26,1.0,
202400033867,155 722 124,Z01,1.0,7.0,1,2,3,13,3.0,
202400033868,155 722 120,B01,1.0,2.0,0,2,0,0,1.0,
202400033869,155 722 121,A01,1.0,7.0,0,2,3,1,1.0,
202400033870,155 722 114,A01,2.0,7.0,0,2,4,23,1.0,
202400033871,155 722 113,A01,3.0,7.0,0,2,1,5,1.0,
202400033872,155 722 112,A01,2.0,10.0,0,2,1,1,1.0,
202400033873,155 722 111,A01,2.0,7.0,6,0,1,2,1.0,
202400033874,155 722 106,B01,0.0,32.0,0,2,4,23,1.0,
202400033875,155 722 105,A01,1.0,7.0,0,2,1,13,1.0,
202400033876,155 722 103,A01,1.0,7.0,0,9,2,15,1.0,
202400033877,155 722 104,B01,1.0,15.0,0,2,6,1,1.0,
202400033878,155 722 102,A01,2.0,34.0,1,0,1,0,1.0,
202400033879,155 722 098,A01,1.0,17.0,0,0,6,2,1.0,
202400033880,155 722 099,A01,3.0,2.0,1,0,1,25,1.0,
202400033881,155 722 097,A01,1.0,50.0,0,2,1,16,3.0,
202400033882,155 722 094,A01,2.0,7.0,6,1,1,20,1.0,
202400033883,155 722 092,A01,1.0,2.0,0,2,1,2,1.0,
202400033884,155 722 091,A01,2.0,33.0,2,0,1,2,1.0,
202400033885,155 722 090,A01,1.0,7.0,0,2,1,13,1.0,
202400033886,155 722 089,A01,2.0,7.0,15,0,1,0,1.0,
202400033887,155 722 088,A01,3.0,7.0,0,1,2,15,0.0,
202400033888,155 722 086,B01,2.0,30.0,0,2,1,1,3.0,
202400033889,155 722 085,A01,2.0,7.0,6,0,1,1,1.0,
202400033890,155 722 083,A01,2.0,33.0,0,2,4,26,1.0,
202400033891,155 722 081,B01,1.0,13.0,0,2,3,0,1.0,
202400033892,155 722 080,A01,2.0,7.0,9,2,1,13,1.0,
202400033893,155 722 079,A01,1.0,7.0,0,1,1,21,2.0,
202400033894,155 722 077,A01,2.0,2.0,12,2,7,1,3.0,
202400033895,155 722 076,A01,2.0,7.0,0,2,2,16,1.0,
202400033896,155 722 073,A01,2.0,34.0,0,2,4,23,1.0,
202400033897,155 722 072,B01,3.0,7.0,0,2,5,1,,
202400033898,155 722 071,A01,2.0,30.0,0,0,0,26,3.0,
202400033899,155 722 068,B01,0.0,7.0,0,2,3,0,1.0,
202400033900,155 722 067,A01,1.0,7.0,0,2,5,15,1.0,
202400033901,155 722 062,A01,3.0,10.0,0,2,1,12,1.0,
202400033902,155 722 063,A01,1.0,10.0,0,2,3,9,1.0,
202400033903,155 722 061,A01,2.0,33.0,0,0,9,1,1.0,
202400033904,155 722 059,A01,1.0,10.0,12,0,1,5,0.0,
202400033905,155 722 056,A01,1.0,33.0,0,2,3,17,1.0,
202400033906,155 722 057,A01,1.0,33.0,1,0,7,1,1.0,
202400033907,155 722 055,A01,2.0,33.0,0,0,0,26,1.0,
202400033908,155 722 053,A01,1.0,7.0,0,2,1,19,2.0,
202400033909,155 722 052,A01,1.0,2.0,0,0,3,1,1.0,
202400033910,155 722 047,A01,2.0,7.0,0,2,1,13,1.0,
202400033911,155 722 046,B01,1.0,7.0,0,2,8,1,1.0,
202400033912,155 722 044,A01,1.0,7.0,4,0,1,1,1.0,
202400033913,155 722 043,A01,2.0,7.0,0,2,2,17,1.0,
202400033914,155 722 041,A01,2.0,7.0,0,2,4,10,1.0,
202400033915,155 722 040,A01,1.0,7.0,0,0,2,1,1.0,
202400033916,155 722 036,A01,2.0,2.0,0,0,0,1,1.0,
202400033917,155 722 037,B01,2.0,7.0,0,2,4,1,1.0,
202400033918,155 722 035,A01,1.0,7.0,0,2,0,17,1.0,
202400033919,155 722 034,A01,1.0,7.0,0,1,1,19,1.0,
202400033920,155 722 029,A01,1.0,37.0,0,2,1,1,1.0,1
202400033921,155 722 030,A01,3.0,7.0,0,2,1,1,1.0,
202400033922,155 722 028,A01,1.0,30.0,0,0,3,14,1.0,
202400033923,155 722 023,A01,2.0,10.0,0,2,1,2,1.0,
202400033924,155 722 021,A01,2.0,7.0,0,2,1,3,1.0,
202400033925,155 722 018,A01,2.0,14.0,0,2,2,12,1.0,
202400033926,155 722 017,A01,3.0,7.0,0,2,2,16,1.0,
202400033927,155 722 016,A01,1.0,7.0,0,0,9,1,1.0,
202400033928,155 722 015,A01,1.0,37.0,0,1,1,1,0.0,1
202400033929,155 722 013,B01,1.0,7.0,4,2,6,9,1.0,
202400033930,155 722 011,A01,1.0,33.0,0,2,1,1,1.0,
202400033931,155 722 009,A01,2.0,43.0,0,2,2,3,1.0,
202400033932,155 722 007,A01,1.0,7.0,0,2,5,12,1.0,
202400033933,155 722 005,A01,1.0,7.0,0,1,2,1,1.0,
202400033934,155 722 004,B01,2.0,32.0,0,2,1,26,1.0,
202400033935,155 722 003,A01,0.0,1.0,5,0,1,14,5.0,
202400033936,155 722 000,A01,1.0,15.0,0,2,1,2,1.0,
202400033937,155 721 999,A01,2.0,30.0,1,0,1,14,1.0,
202400033938,155 721 996,Z01,1.0,7.0,0,2,1,26,0.0,
202400033939,155 721 995,A01,2.0,7.0,0,2,1,1,1.0,
202400033940,155 721 994,A01,1.0,7.0,0,1,1,1,1.0,
202400033941,155 721 992,A01,2.0,1.0,0,1,1,1,5.0,
202400033942,155 721 989,D01,1.0,7.0,0,2,4,2,1.0,
202400033943,155 721 987,A01,2.0,7.0,0,1,3,1,1.0,
202400033944,155 721 986,A01,1.0,10.0,13,9,2,21,1.0,
202400033945,155 721 983,A01,2.0,7.0,0,2,3,15,1.0,
202400033946,155 721 981,A01,3.0,7.0,0,2,8,1,1.0,
202400033947,155 721 980,A01,2.0,7.0,3,0,3,13,1.0,
202400033948,155 721 978,A01,1.0,34.0,0,2,0,21,1.0,
202400033949,155 721 976,B01,3.0,30.0,0,2,1,1,1.0,
202400033950,155 721 974,A01,1.0,33.0,0,2,3,1,1.0,
202400033951,155 721 972,B01,1.0,1.0,0,2,1,1,5.0,
202400033952,155 721 969,A01,3.0,7.0,0,2,3,13,1.0,
202400033953,155 721 968,A01,2.0,30.0,1,0,1,0,1.0,
202400033954,155 721 966,A01,2.0,7.0,0,2,3,10,1.0,
202400033955,155 721 965,A01,1.0,30.0,0,0,0,0,1.0,
202400033956,155 721 964,A01,2.0,7.0,0,1,7,1,3.0,
202400033957,155 721 961,B01,3.0,7.0,0,2,0,0,1.0,
202400033958,155 721 962,B01,2.0,7.0,0,2,3,1,2.0,
202400033959,155 721 959,A01,1.0,7.0,0,1,1,1,1.0,
202400033960,155 721 958,B01,2.0,33.0,0,2,7,3,1.0,
202400033961,155 721 955,A01,0.0,7.0,0,2,8,13,1.0,
202400033962,155 721 953,B01,3.0,7.0,0,2,1,9,1.0,
202400033963,155 721 951,A01,0.0,30.0,0,2,1,26,1.0,
202400033964,155 721 950,A01,1.0,7.0,0,1,4,20,2.0,
202400033965,155 721 947,A01,1.0,7.0,0,1,1,2,1.0,
202400033966,155 721 948,A01,2.0,7.0,0,2,4,1,1.0,
202400033967,155 721 944,B01,1.0,7.0,0,2,3,1,1.0,
202400033968,155 721 942,C01,2.0,7.0,0,2,4,2,1.0,
202400033969,155 721 938,A01,2.0,7.0,0,2,1,2,1.0,
202400033970,155 721 939,B01,1.0,7.0,0,2,4,9,1.0,
202400033971,155 721 936,A01,2.0,33.0,0,2,3,3,1.0,
202400033972,155 721 935,A01,1.0,7.0,4,0,9,13,1.0,
202400033973,155 721 933,A01,2.0,7.0,0,2,3,15,1.0,
202400033974,155 721 932,A01,2.0,7.0,0,2,7,21,1.0,
202400033975,155 721 931,A01,2.0,1.0,0,1,1,1,5.0,
202400033976,155 721 929,A01,2.0,33.0,0,2,1,0,1.0,
202400033977,155 721 927,A01,3.0,30.0,14,0,0,1,1.0,
202400033978,155 721 926,A01,1.0,30.0,0,2,5,26,1.0,
202400033979,155 721 925,A01,3.0,7.0,2,0,1,14,1.0,
202400033980,155 721 923,A01,2.0,7.0,6,0,1,1,3.0,
202400033981,155 721 922,B01,1.0,1.0,1,0,1,1,5.0,
202400033982,155 721 920,A01,2.0,7.0,0,2,7,2,1.0,
202400033983,155 721 918,B01,1.0,7.0,0,2,4,23,1.0,
202400033984,155 721 917,A01,3.0,7.0,0,1,1,15,0.0,
202400033985,155 721 916,A01,2.0,1.0,0,1,1,1,5.0,
202400033986,155 721 914,A01,1.0,7.0,0,2,1,1,1.0,
202400033987,155 721 913,A01,1.0,80.0,12,0,8,1,3.0,
202400033988,155 721 911,A01,1.0,7.0,0,2,2,19,3.0,
202400033989,155 721 910,A01,2.0,7.0,0,1,2,1,3.0,
202400033990,155 721 908,A01,0.0,7.0,0,1,0,0,,
202400033991,155 721 907,A01,0.0,7.0,0,2,2,2,1.0,
202400033992,155 721 905,A01,1.0,7.0,8,0,1,2,1.0,
202400033993,155 721 904,B01,2.0,7.0,0,2,7,15,1.0,
202400033994,155 721 903,A01,1.0,1.0,16,0,0,0,5.0,
202400033995,155 721 902,A01,2.0,7.0,0,1,2,17,1.0,
202400033996,155 721 900,A01,1.0,7.0,0,2,2,16,1.0,
202400033997,155 721 897,A01,1.0,50.0,0,2,1,26,3.0,
202400033998,155 721 896,B01,1.0,10.0,0,2,3,1,1.0,
202400033999,155 721 894,A01,2.0,2.0,14,0,8,12,1.0,
202400034000,155 721 895,A01,3.0,7.0,0,1,1,1,1.0,
202400034001,155 721 891,B01,1.0,33.0,0,2,1,1,1.0,
202400034002,155 721 890,B01,2.0,7.0,0,2,4,16,1.0,
202400034003,155 721 889,A01,3.0,7.0,6,0,1,1,2.0,
202400034004,155 721 887,C01,2.0,7.0,0,0,5,1,1.0,
202400034005,155 721 885,A01,1.0,30.0,0,2,3,2,1.0,
202400034006,155 721 883,A01,2.0,30.0,6,0,1,1,1.0,
202400034007,155 721 882,B01,1.0,30.0,0,2,1,1,1.0,
202400034008,155 721 879,B01,1.0,33.0,0,2,6,11,1.0,
202400034009,155 721 878,A01,3.0,7.0,0,2,3,15,2.0,
202400034010,155 721 876,A01,2.0,7.0,0,2,3,1,1.0,
202400034011,155 721 875,A01,1.0,31.0,9,0,1,26,1.0,
202400034012,155 721 873,A01,0.0,33.0,0,2,1,17,1.0,
202400034013,155 721 871,A01,2.0,7.0,0,2,2,13,1.0,
202400034014,155 721 870,A01,1.0,7.0,0,1,1,1,1.0,
202400034015,155 721 866,A01,1.0,17.0,0,2,6,11,1.0,
202400034016,155 721 864,B01,1.0,7.0,0,2,4,23,2.0,
202400034017,155 721 863,A01,1.0,2.0,13,0,1,2,1.0,
202400034018,155 721 860,A01,1.0,33.0,0,2,1,1,1.0,
202400034019,155 721 859,A01,3.0,14.0,0,2,3,13,6.0,
202400034020,155 721 857,A01,1.0,33.0,5,0,2,0,1.0,
202400034021,155 721 852,A01,3.0,7.0,0,2,1,2,1.0,
202400034022,155 721 849,B01,2.0,33.0,0,0,7,1,1.0,
202400034023,155 721 848,B01,1.0,60.0,0,2,0,0,5.0,
202400034024,155 721 846,B01,3.0,1.0,0,2,8,9,5.0,
202400034025,155 721 844,A01,1.0,7.0,6,0,2,26,1.0,
202400034026,155 721 843,B01,2.0,7.0,0,2,1,1,1.0,
202400034027,155 721 841,B01,2.0,1.0,0,2,4,1,5.0,
202400034028,155 721 838,A01,3.0,10.0,0,2,1,1,1.0,
202400034029,155 721 836,A01,2.0,7.0,0,2,2,1,1.0,
202400034030,155 721 835,B01,2.0,33.0,0,0,7,1,1.0,
202400034031,155 721 834,A01,1.0,7.0,0,1,1,1,1.0,
202400034032,155 721 833,A01,1.0,7.0,2,0,1,1,1.0,
202400034033,155 721 831,A01,2.0,7.0,0,1,3,1,1.0,
202400034034,155 721 830,A01,3.0,1.0,0,2,2,15,5.0,
202400034035,155 721 828,A01,1.0,7.0,0,0,3,6,1.0,
202400034036,155 721 825,B01,1.0,21.0,0,2,6,2,0.0,
202400034037,155 721 824,B01,1.0,50.0,0,2,1,1,3.0,
202400034038,155 721 823,A01,1.0,1.0,14,0,1,0,5.0,
202400034039,155 721 821,B01,0.0,33.0,0,2,1,9,1.0,
202400034040,155 721 819,A01,3.0,10.0,0,9,3,16,1.0,
202400034041,155 721 817,B01,1.0,33.0,0,2,1,1,1.0,
202400034042,155 721 815,A01,1.0,7.0,0,2,3,19,2.0,
202400034043,155 721 813,A01,3.0,33.0,0,2,8,2,1.0,
202400034044,155 721 810,A01,3.0,7.0,0,2,8,11,1.0,
202400034045,155 721 811,A01,1.0,7.0,0,0,9,1,1.0,
202400034046,155 721 809,A01,1.0,7.0,1,0,2,14,1.0,
202400034047,155 721 808,A01,1.0,33.0,0,0,8,1,1.0,
202400034048,155 721 807,A01,3.0,7.0,0,1,1,1,1.0,
202400034049,155 721 805,A01,2.0,33.0,13,0,0,2,1.0,
202400034050,155 721 804,A01,3.0,7.0,0,2,8,9,1.0,
202400034051,155 721 802,B01,3.0,7.0,0,2,1,9,1.0,
202400034052,155 721 799,B01,3.0,1.0,0,2,1,1,5.0,
202400034053,155 721 795,A01,2.0,1.0,0,2,0,2,5.0,
202400034054,155 721 793,A01,3.0,50.0,0,2,1,1,3.0,
202400034055,155 721 792,A01,2.0,7.0,2,0,1,14,1.0,
202400034056,155 721 790,A01,,33.0,0,2,1,0,,
202400034057,155 721 788,A01,2.0,7.0,0,2,1,13,1.0,
202400034058,155 721 784,B01,2.0,1.0,0,0,9,21,5.0,
202400034059,155 721 783,C01,2.0,7.0,0,2,8,1,1.0,
202400034060,155 721 782,A01,2.0,10.0,13,0,8,13,1.0,
202400034061,155 721 780,A01,3.0,7.0,0,2,3,20,1.0,
202400034062,155 721 779,A01,2.0,3.0,2,0,7,1,1.0,
202400034063,155 721 775,B01,0.0,30.0,0,2,1,1,1.0,
202400034064,155 721 776,A01,1.0,1.0,0,2,8,1,5.0,
202400034065,155 721 772,A01,2.0,7.0,0,2,3,15,1.0,
202400034066,155 721 771,A01,1.0,7.0,0,2,1,1,1.0,
202400034067,155 721 770,A01,1.0,7.0,0,0,5,0,6.0,
202400034068,155 721 766,A01,2.0,7.0,2,2,2,1,1.0,
202400034069,155 721 767,A01,1.0,7.0,0,2,2,26,1.0,
202400034070,155 721 764,A01,2.0,7.0,4,0,3,0,1.0,
202400034071,155 721 763,A01,2.0,3.0,0,2,3,16,1.0,
202400034072,155 721 761,A01,3.0,7.0,6,0,1,1,1.0,
202400034073,155 721 759,B01,2.0,14.0,1,0,2,1,1.0,
202400034074,155 721 758,A01,0.0,33.0,4,0,1,1,1.0,
202400034075,155 721 754,A01,2.0,7.0,0,2,3,10,1.0,
202400034076,155 721 753,B01,2.0,7.0,0,2,3,1,1.0,
202400034077,155 721 752,A01,1.0,33.0,0,0,1,0,1.0,
202400034078,155 721 750,A01,3.0,7.0,0,2,1,13,0.0,
202400034079,155 721 747,A01,2.0,7.0,0,0,0,9,2.0,
202400034080,155 721 746,A01,3.0,50.0,0,2,1,19,3.0,
202400034081,155 721 743,A01,3.0,10.0,0,2,3,19,1.0,
202400034082,155 721 742,A01,1.0,7.0,0,2,3,13,1.0,
202400034083,155 721 741,A01,1.0,7.0,0,1,2,11,1.0,
202400034084,155 721 740,A01,3.0,2.0,2,0,1,1,1.0,
202400034085,155 721 738,B01,2.0,1.0,0,2,0,0,5.0,
202400034086,155 721 737,A01,1.0,7.0,1,0,1,13,1.0,
202400034087,155 721 735,A01,1.0,33.0,0,2,1,2,1.0,
202400034088,155 721 733,A01,2.0,33.0,0,2,1,1,1.0,
202400034089,155 721 731,A01,2.0,7.0,8,2,2,13,1.0,
202400034090,155 721 729,B01,1.0,7.0,15,2,8,1,1.0,
202400034091,155 721 726,A01,2.0,7.0,13,0,3,13,1.0,
202400034092,155 721 723,B01,1.0,7.0,0,2,4,2,1.0,
202400034093,155 721 721,A01,1.0,33.0,0,2,2,17,1.0,
202400034094,155 721 719,A01,1.0,33.0,12,2,1,2,1.0,
202400034095,155 721 718,A01,2.0,7.0,13,0,1,2,1.0,
202400034096,155 721 715,A01,2.0,7.0,0,2,1,2,1.0,
202400034097,155 721 713,A01,3.0,2.0,0,2,7,19,1.0,
202400034098,155 721 712,A01,1.0,7.0,0,1,5,1,1.0,
202400034099,155 721 711,A01,1.0,7.0,2,0,9,1,1.0,
202400034100,155 721 708,A01,1.0,2.0,0,2,1,1,1.0,
202400034101,155 721 707,A01,1.0,7.0,0,2,2,19,1.0,
202400034102,155 721 706,A01,2.0,33.0,0,1,1,10,1.0,
202400034103,155 721 702,B01,1.0,32.0,0,0,6,15,1.0,
202400034104,155 721 701,A01,1.0,10.0,0,2,1,2,1.0,
202400034105,155 721 700,A01,0.0,2.0,0,0,0,1,3.0,
202400034106,155 721 699,A01,2.0,1.0,14,0,1,1,5.0,
202400034107,155 721 697,A01,0.0,7.0,0,2,2,1,1.0,
202400034108,155 721 696,A01,2.0,1.0,0,1,1,1,5.0,
202400034109,155 721 694,B01,0.0,33.0,3,2,8,1,1.0,
202400034110,155 721 692,A01,2.0,10.0,0,2,7,15,2.0,
202400034111,155 721 690,A01,1.0,1.0,0,1,1,1,5.0,
202400034112,155 721 689,A01,1.0,7.0,0,2,1,26,1.0,
202400034113,155 721 687,A01,1.0,31.0,0,0,0,14,1.0,
202400034114,155 721 688,A01,2.0,7.0,0,1,8,0,2.0,
202400034115,155 721 684,A01,2.0,7.0,0,2,4,12,1.0,
202400034116,155 721 682,B01,1.0,31.0,0,2,7,2,1.0,
202400034117,155 721 680,A01,2.0,34.0,0,2,1,3,1.0,
202400034118,155 721 678,A01,2.0,7.0,0,2,6,26,1.0,
202400034119,155 721 673,B01,3.0,37.0,0,2,3,1,1.0,2
202400034120,155 721 672,B01,2.0,7.0,0,2,4,23,1.0,
202400034121,155 721 670,A01,1.0,10.0,0,2,1,1,1.0,
202400034122,155 721 666,A01,0.0,32.0,0,2,2,1,1.0,
202400034123,155 721 665,A01,2.0,7.0,0,2,1,2,3.0,
202400034124,155 721 662,A01,1.0,7.0,1,0,0,1,2.0,
202400034125,155 721 663,A01,2.0,7.0,0,2,4,4,1.0,
202400034126,155 721 658,A01,1.0,7.0,0,2,1,15,2.0,
202400034127,155 721 657,B01,2.0,7.0,0,2,0,2,1.0,
202400034128,155 721 655,A01,1.0,30.0,0,1,1,1,1.0,
202400034129,155 721 654,A01,3.0,7.0,0,1,2,1,1.0,
202400034130,155 721 653,B01,1.0,1.0,0,2,7,1,5.0,
202400034131,155 721 650,A01,1.0,7.0,0,2,3,11,2.0,
202400034132,155 721 649,A01,1.0,33.0,0,2,1,2,1.0,
202400034133,155 721 647,A01,1.0,7.0,14,0,3,1,1.0,
202400034134,155 721 646,A01,1.0,7.0,8,0,1,1,1.0,
202400034135,155 721 645,A01,2.0,7.0,0,2,1,19,1.0,
202400034136,155 721 642,B01,1.0,30.0,0,2,3,1,0.0,
202400034137,155 721 640,A01,3.0,36.0,0,2,0,13,1.0,
202400034138,155 721 639,A01,1.0,50.0,1,0,1,26,3.0,
202400034139,155 721 638,B01,1.0,50.0,0,2,4,1,3.0,
202400034140,155 721 636,A01,2.0,30.0,0,1,1,18,1.0,
202400034141,155 721 635,B01,2.0,7.0,0,2,8,2,1.0,
202400034142,155 721 633,A01,2.0,7.0,0,1,1,16,0.0,
202400034143,155 721 632,A01,2.0,2.0,0,0,0,1,1.0,
202400034144,155 721 628,A01,3.0,7.0,0,2,1,2,1.0,
202400034145,155 721 627,A01,2.0,33.0,12,2,0,1,1.0,
202400034146,155 721 626,A01,3.0,7.0,0,9,5,16,1.0,
202400034147,155 721 625,B01,3.0,7.0,0,0,3,2,1.0,
202400034148,155 721 622,B01,1.0,7.0,0,2,6,1,1.0,
202400034149,155 721 623,Z01,0.0,7.0,0,1,8,25,0.0,