Num_Acc,id_vehicule,num_veh,senc,catv,obs,obsm,choc,manv,motor,occutc
202400034150,155 721 621,A01,1.0,2.0,15,0,1,1,1.0,
202400034151,155 721 620,A01,1.0,33.0,0,5,8,1,1.0,
202400034152,155 721 616,B01,1.0,7.0,0,0,-1,9,1.0,
202400034153,155 721 614,A01,1.0,7.0,0,2,3,11,0.0,
202400034154,155 721 615,B01,0.0,7.0,0,2,3,1,1.0,
202400034155,155 721 612,B01,3.0,31.0,0,2,1,1,1.0,
202400034156,155 721 606,B01,0.0,10.0,0,0,3,1,0.0,
202400034157,155 721 604,A01,1.0,7.0,13,0,1,14,1.0,
202400034158,155 721 609,A01,3.0,7.0,0,2,2,16,1.0,
202400034159,155 721 603,A01,1.0,7.0,0,0,0,2,1.0,
202400034160,155 721 601,A01,2.0,50.0,0,0,1,1,3.0,
202400034161,155 721 599,A01,1.0,7.0,0,0,9,12,1.0,
202400034162,155 721 596,A01,3.0,7.0,0,2,1,13,1.0,
202400034163,155 721 594,A01,3.0,7.0,0,1,1,1,1.0,
202400034164,155 721 592,B01,1.0,31.0,0,2,5,17,1.0,
202400034165,155 721 590,E01,2.0,7.0,14,2,3,2,1.0,
202400034166,155 721 586,A01,0.0,7.0,0,9,1,1,1.0,
202400034167,155 721 585,B01,3.0,33.0,0,2,1,1,0.0,
202400034168,155 721 584,A01,3.0,7.0,0,0,3,1,1.0,
202400034169,155 721 583,A01,2.0,33.0,4,0,7,16,1.0,
202400034170,155 721 580,A01,3.0,7.0,0,1,7,2,1.0,
202400034171,155 721 581,A01,1.0,7.0,0,9,3,9,1.0,
202400034172,155 721 578,A01,2.0,7.0,14,0,1,26,1.0,
202400034173,155 721 573,B01,1.0,7.0,0,2,3,1,1.0,
202400034174,155 721 574,A01,1.0,7.0,0,2,1,1,1.0,
202400034175,155 721 571,A01,2.0,7.0,0,2,1,9,1.0,
202400034176,155 721 569,A01,1.0,7.0,0,2,3,15,1.0,
202400034177,155 721 567,A01,3.0,7.0,0,1,4,20,1.0,
202400034178,155 721 566,B01,1.0,32.0,0,2,8,1,1.0,
202400034179,155 721 563,A01,2.0,7.0,0,2,2,1,1.0,
202400034180,155 721 560,A01,3.0,21.0,0,2,8,9,1.0,
202400034181,155 721 559,A01,2.0,80.0,0,2,1,19,3.0,
202400034182,155 721 556,A01,1.0,36.0,12,0,2,1,1.0,
202400034183,155 721 555,B01,2.0,1.0,0,2,0,1,5.0,
202400034184,155 721 557,A01,1.0,38.0,16,0,7,1,1.0,56
202400034185,155 721 551,B01,1.0,31.0,0,2,1,15,1.0,
202400034186,155 721 553,A01,0.0,33.0,6,0,1,1,1.0,
202400034187,155 721 550,A01,1.0,7.0,0,2,7,20,1.0,
202400034188,155 721 549,A01,2.0,80.0,1,0,0,1,3.0,
202400034189,155 721 548,A01,1.0,7.0,9,0,2,1,1.0,
202400034190,155 721 545,A01,1.0,2.0,12,0,0,1,1.0,
202400034191,155 721 546,A01,1.0,7.0,0,2,0,0,0.0,
202400034192,155 721 544,A01,1.0,43.0,11,0,1,17,1.0,
202400034193,155 721 542,B01,3.0,7.0,0,2,1,1,1.0,
202400034194,155 721 539,B01,2.0,37.0,0,2,6,1,0.0,1
202400034195,155 721 538,A01,1.0,33.0,0,2,1,1,1.0,
202400034196,155 721 537,A01,1.0,7.0,0,1,4,25,1.0,
202400034197,155 721 535,A01,1.0,50.0,0,2,1,19,3.0,
202400034198,155 721 534,A01,3.0,7.0,0,1,1,1,1.0,
202400034199,155 721 530,B01,2.0,7.0,0,2,1,1,1.0,
202400034200,155 721 531,A01,1.0,50.0,0,4,1,1,3.0,
202400034201,155 721 529,A01,3.0,7.0,16,0,-1,1,1.0,
202400034202,155 721 527,A01,2.0,7.0,0,2,1,13,1.0,
202400034203,155 721 525,A01,2.0,7.0,0,2,3,15,1.0,
202400034204,155 721 521,A01,3.0,7.0,0,0,2,1,1.0,
202400034205,155 721 522,B01,1.0,2.0,0,2,0,0,0.0,
202400034206,155 721 518,A01,0.0,2.0,5,2,1,2,1.0,
202400034207,155 721 516,A01,3.0,7.0,6,0,7,0,1.0,
202400034208,155 721 517,B01,1.0,7.0,0,2,1,1,1.0,
202400034209,155 721 515,A01,3.0,2.0,0,0,2,1,1.0,
202400034210,155 721 512,A01,2.0,7.0,0,2,2,2,1.0,
202400034211,155 721 510,A01,1.0,2.0,0,2,1,2,1.0,
202400034212,155 721 509,A01,2.0,7.0,2,0,1,14,1.0,
202400034213,155 721 507,B01,3.0,1.0,0,2,4,0,5.0,
202400034214,155 721 505,A01,2.0,7.0,0,2,1,15,1.0,
202400034215,155 721 503,A01,2.0,7.0,13,2,1,1,1.0,
202400034216,155 721 499,B01,1.0,15.0,0,2,3,0,1.0,
202400034217,155 721 495,C01,1.0,7.0,0,0,5,1,1.0,
202400034218,155 721 494,B01,2.0,2.0,0,2,7,1,1.0,
202400034219,155 721 492,A01,3.0,2.0,0,2,3,1,1.0,
202400034220,155 721 490,A01,2.0,7.0,7,0,1,1,1.0,
202400034221,155 721 486,A01,1.0,7.0,3,0,2,1,1.0,
202400034222,155 721 487,A01,1.0,7.0,0,2,8,21,1.0,
202400034223,155 721 483,A01,1.0,10.0,0,2,3,13,1.0,
202400034224,155 721 480,A01,1.0,7.0,0,2,8,1,1.0,
202400034225,155 721 481,A01,3.0,7.0,8,2,3,1,2.0,
202400034226,155 721 478,A01,3.0,7.0,0,1,3,1,1.0,
202400034227,155 721 477,A01,2.0,7.0,0,2,1,13,1.0,
202400034228,155 721 476,A01,2.0,7.0,0,1,2,14,3.0,
202400034229,155 721 474,A01,1.0,7.0,0,2,1,17,1.0,
202400034230,155 721 472,A01,1.0,33.0,0,0,8,2,1.0,
202400034231,155 721 473,A01,1.0,33.0,12,0,8,1,1.0,
202400034232,155 721 469,A01,2.0,34.0,0,2,1,2,1.0,
202400034233,155 721 468,B01,2.0,7.0,0,2,4,1,1.0,
202400034234,155 721 465,A01,3.0,7.0,0,1,1,1,1.0,
202400034235,155 721 462,B01,2.0,7.0,0,2,4,2,1.0,
202400034236,155 721 461,A01,2.0,7.0,0,1,1,15,1.0,
202400034237,155 721 459,A01,2.0,33.0,0,2,1,1,1.0,
202400034238,155 721 457,A01,2.0,7.0,2,0,9,14,1.0,
202400034239,155 721 455,A01,1.0,1.0,0,0,0,0,5.0,
202400034240,155 721 456,A01,1.0,7.0,0,2,5,15,1.0,
202400034241,155 721 454,A01,1.0,7.0,16,0,0,0,1.0,
202400034242,155 721 452,A01,3.0,10.0,0,2,6,9,1.0,
202400034243,155 721 450,B01,2.0,7.0,0,2,1,1,1.0,
202400034244,155 721 446,B01,2.0,33.0,0,2,1,2,1.0,
202400034245,155 721 448,A01,1.0,50.0,0,2,7,15,3.0,
202400034246,155 721 445,A01,1.0,7.0,0,0,1,1,1.0,
202400034247,155 721 442,A01,2.0,7.0,13,0,3,1,1.0,
202400034248,155 721 443,A01,3.0,10.0,0,2,3,13,1.0,
202400034249,155 721 439,B01,2.0,7.0,0,2,3,1,1.0,
202400034250,155 721 438,B01,2.0,7.0,0,2,3,1,1.0,
202400034251,155 721 436,A01,3.0,10.0,0,9,2,0,0.0,
202400034252,155 721 434,A01,1.0,33.0,7,2,3,13,1.0,
202400034253,155 721 432,A01,2.0,7.0,0,9,3,1,1.0,
202400034254,155 721 431,A01,3.0,7.0,0,1,1,0,1.0,
202400034255,155 721 429,A01,1.0,7.0,0,2,4,26,1.0,
202400034256,155 721 425,B01,2.0,7.0,0,2,5,1,1.0,
202400034257,155 721 423,A01,2.0,31.0,0,0,7,1,1.0,
202400034258,155 721 422,A01,0.0,7.0,0,1,7,1,1.0,
202400034259,155 721 420,A01,2.0,7.0,0,2,1,1,1.0,
202400034260,155 721 416,A01,1.0,33.0,0,2,1,1,1.0,
202400034261,155 721 417,A01,1.0,10.0,0,2,2,1,2.0,
202400034262,155 721 413,B01,2.0,7.0,8,2,4,2,1.0,
202400034263,155 721 410,B01,1.0,7.0,0,2,4,2,2.0,
202400034264,155 721 409,A01,1.0,7.0,0,1,1,1,1.0,
202400034265,155 721 407,A01,2.0,7.0,0,2,2,11,1.0,
202400034266,155 721 405,B01,1.0,7.0,0,2,3,11,1.0,
202400034267,155 721 404,A01,2.0,7.0,0,2,8,1,1.0,
202400034268,155 721 402,B01,1.0,7.0,0,2,4,0,1.0,
202400034269,155 721 398,A01,3.0,7.0,8,2,3,1,1.0,
202400034270,155 721 397,B01,1.0,10.0,0,2,4,2,1.0,
202400034271,155 721 395,A01,1.0,33.0,0,2,1,2,1.0,
202400034272,155 721 392,B01,2.0,33.0,0,2,8,1,1.0,
202400034273,155 721 390,A01,1.0,33.0,0,2,1,1,1.0,
202400034274,155 721 387,A01,2.0,10.0,0,2,6,1,1.0,
202400034275,155 721 386,B01,1.0,7.0,0,2,6,15,1.0,
202400034276,155 721 383,A01,1.0,10.0,0,2,4,1,1.0,
202400034277,155 721 382,A01,3.0,30.0,0,1,1,1,1.0,
202400034278,155 721 379,A01,2.0,33.0,0,2,7,3,1.0,
202400034279,155 721 378,B01,1.0,33.0,0,2,1,1,1.0,
202400034280,155 721 376,A01,2.0,33.0,0,0,8,15,1.0,
202400034281,155 721 375,B01,3.0,37.0,0,2,3,1,1.0,1
202400034282,155 721 374,A01,1.0,7.0,0,1,1,2,1.0,
202400034283,155 721 372,A01,0.0,7.0,0,2,1,1,3.0,
202400034284,155 721 369,A01,3.0,7.0,0,2,3,1,1.0,
202400034285,155 721 367,A01,3.0,7.0,0,1,2,1,1.0,
202400034286,155 721 366,B01,0.0,30.0,0,2,4,1,1.0,
202400034287,155 721 362,A01,3.0,50.0,0,2,8,19,3.0,
202400034288,155 721 361,B01,1.0,7.0,0,2,4,23,1.0,
202400034289,155 721 357,A01,1.0,7.0,0,2,3,13,1.0,
202400034290,155 721 353,A01,1.0,33.0,0,2,1,1,1.0,
202400034291,155 721 354,B01,1.0,50.0,0,2,1,1,3.0,
202400034292,155 721 352,A01,1.0,50.0,1,0,1,1,3.0,
202400034293,155 721 351,A01,1.0,31.0,13,0,3,1,1.0,
202400034294,155 721 350,A01,2.0,7.0,0,2,2,1,1.0,
202400034295,155 721 348,A01,2.0,7.0,0,2,2,11,1.0,
202400034296,155 721 346,A01,2.0,7.0,0,2,3,15,1.0,
202400034297,155 721 345,A01,1.0,7.0,0,1,1,2,2.0,
202400034298,155 721 344,A01,1.0,50.0,0,1,1,25,3.0,
202400034299,155 721 340,B01,3.0,1.0,0,2,3,19,5.0,
202400034300,155 721 339,B01,3.0,7.0,0,2,2,1,1.0,
202400034301,155 721 337,A01,2.0,7.0,0,1,1,1,1.0,
202400034302,155 721 334,A01,3.0,7.0,0,2,1,9,1.0,
202400034303,155 721 336,B01,1.0,7.0,0,2,1,15,1.0,
202400034304,155 721 332,A01,2.0,34.0,0,2,1,12,1.0,
202400034305,155 721 330,A01,1.0,37.0,1,2,7,17,1.0,2
202400034306,155 721 329,A01,1.0,10.0,0,1,4,20,1.0,
202400034307,155 721 326,A01,2.0,1.0,0,2,3,15,5.0,
202400034308,155 721 324,A01,2.0,1.0,0,2,8,13,5.0,
202400034309,155 721 323,A01,2.0,31.0,0,2,1,17,1.0,
202400034310,155 721 321,B01,2.0,1.0,0,2,6,2,5.0,
202400034311,155 721 318,A01,2.0,10.0,0,2,1,19,1.0,
202400034312,155 721 315,A01,2.0,7.0,0,2,3,16,1.0,
202400034313,155 721 313,A01,2.0,33.0,1,1,1,1,1.0,
202400034314,155 721 314,A01,3.0,10.0,0,2,2,15,1.0,
202400034315,155 721 312,A01,2.0,33.0,4,0,2,1,1.0,
202400034316,155 721 310,A01,1.0,7.0,0,2,3,1,2.0,
202400034317,155 721 308,B01,0.0,7.0,0,2,1,13,0.0,
202400034318,155 721 306,A01,2.0,7.0,0,2,2,19,1.0,
202400034319,155 721 305,A01,3.0,7.0,1,1,3,15,1.0,
202400034320,155 721 303,A01,1.0,7.0,0,2,2,1,2.0,
202400034321,155 721 301,B01,0.0,50.0,0,2,1,1,3.0,
202400034322,155 721 300,A01,0.0,7.0,2,0,1,2,2.0,
202400034323,155 721 299,A01,3.0,14.0,0,1,2,15,1.0,
202400034324,155 721 297,B01,1.0,14.0,0,0,7,0,0.0,
202400034325,155 721 295,B01,0.0,7.0,0,2,3,15,0.0,
202400034326,155 721 294,A01,3.0,7.0,0,1,3,1,1.0,
202400034327,155 721 293,A01,1.0,10.0,0,1,1,0,3.0,
202400034328,155 721 289,A01,1.0,7.0,0,2,1,1,1.0,
202400034329,155 721 287,B01,1.0,7.0,0,2,2,0,1.0,
202400034330,155 721 286,A01,0.0,60.0,14,0,1,25,5.0,
202400034331,155 721 284,B01,2.0,7.0,0,2,1,2,1.0,
202400034332,155 721 282,B01,1.0,7.0,0,2,7,16,1.0,
202400034333,155 721 281,A01,3.0,7.0,0,1,3,1,2.0,
202400034334,155 721 279,B01,0.0,34.0,0,2,8,1,1.0,
202400034335,155 721 277,B01,2.0,7.0,0,2,4,1,2.0,
202400034336,155 721 276,A01,3.0,33.0,0,1,8,0,1.0,
202400034337,155 721 274,A01,2.0,7.0,0,0,8,10,1.0,
202400034338,155 721 273,A01,3.0,2.0,1,0,1,17,1.0,
202400034339,155 721 272,A01,3.0,2.0,13,0,7,2,1.0,
202400034340,155 721 270,A01,1.0,7.0,0,2,3,1,1.0,
202400034341,155 721 269,A01,2.0,33.0,0,6,8,1,1.0,
202400034342,155 721 268,A01,3.0,7.0,13,0,1,1,1.0,
202400034343,155 721 266,A01,1.0,7.0,0,2,2,15,1.0,
202400034344,155 721 265,A01,2.0,14.0,0,0,0,1,1.0,
202400034345,155 721 263,A01,2.0,7.0,0,2,7,15,1.0,
202400034346,155 721 262,A01,2.0,2.0,6,0,1,1,1.0,
202400034347,155 721 261,A01,1.0,7.0,4,0,3,1,1.0,
202400034348,155 721 259,B01,1.0,7.0,0,2,8,1,1.0,
202400034349,155 721 258,A01,3.0,34.0,0,0,8,15,1.0,
202400034350,155 721 257,A01,1.0,7.0,0,0,9,0,1.0,
202400034351,155 721 256,A01,2.0,7.0,13,0,3,1,1.0,
202400034352,155 721 254,A01,2.0,1.0,0,2,0,0,5.0,
202400034353,155 721 252,A01,2.0,7.0,0,2,2,17,1.0,
202400034354,155 721 250,A01,1.0,7.0,0,2,3,1,1.0,
202400034355,155 721 248,A01,1.0,7.0,0,2,1,1,1.0,
202400034356,155 721 247,A01,1.0,7.0,15,0,1,1,3.0,
202400034357,155 721 246,A01,2.0,33.0,0,0,3,1,1.0,
202400034358,155 721 245,A01,2.0,33.0,2,0,2,1,1.0,
202400034359,155 721 242,A01,0.0,7.0,12,1,1,20,2.0,
202400034360,155 721 243,A01,1.0,7.0,0,2,8,13,1.0,
202400034361,155 721 239,A01,1.0,7.0,0,2,1,1,1.0,
202400034362,155 721 238,A01,3.0,7.0,6,2,2,1,1.0,
202400034363,155 721 235,A01,2.0,33.0,0,2,8,1,1.0,
202400034364,155 721 234,A01,3.0,7.0,15,2,1,19,1.0,
202400034365,155 721 233,A01,0.0,2.0,0,9,0,0,1.0,
202400034366,155 721 231,A01,2.0,7.0,0,2,3,15,2.0,
202400034367,155 721 228,B01,2.0,15.0,0,2,3,1,0.0,
202400034368,155 721 226,A01,1.0,33.0,8,0,1,26,1.0,
202400034369,155 721 222,C01,2.0,7.0,0,2,7,21,1.0,
202400034370,155 721 225,B01,2.0,7.0,0,9,7,17,1.0,
202400034371,155 721 221,A01,3.0,7.0,8,0,1,1,1.0,
202400034372,155 721 218,A01,1.0,7.0,0,2,1,17,1.0,
202400034373,155 721 217,B01,2.0,7.0,0,2,4,2,1.0,
202400034374,155 721 215,A01,1.0,7.0,0,1,2,2,1.0,
202400034375,155 721 214,B01,2.0,7.0,0,2,7,21,1.0,
202400034376,155 721 213,A01,2.0,33.0,0,0,8,1,1.0,
202400034377,155 721 211,A01,1.0,7.0,0,2,1,0,1.0,
202400034378,155 721 210,A01,1.0,2.0,13,0,1,26,1.0,
202400034379,155 721 209,A01,1.0,2.0,12,0,0,1,1.0,
202400034380,155 721 208,A01,1.0,7.0,0,1,3,1,1.0,
202400034381,155 721 206,B01,1.0,7.0,0,2,1,1,1.0,
202400034382,155 721 202,A01,2.0,7.0,0,2,2,2,1.0,
202400034383,155 721 203,A01,1.0,10.0,0,2,1,19,1.0,
202400034384,155 721 201,A01,2.0,33.0,3,0,7,1,1.0,
202400034385,155 721 200,A01,2.0,7.0,0,9,1,13,1.0,
202400034386,155 721 196,A01,2.0,7.0,13,0,0,21,1.0,
202400034387,155 721 197,A01,3.0,7.0,2,2,2,1,3.0,
202400034388,155 721 193,B01,1.0,2.0,0,2,1,19,0.0,
202400034389,155 721 192,A01,3.0,7.0,0,2,3,15,1.0,
202400034390,155 721 190,A01,2.0,10.0,0,0,1,13,1.0,
202400034391,155 721 189,A01,2.0,7.0,6,0,1,1,1.0,
202400034392,155 721 187,A01,3.0,50.0,0,1,8,2,3.0,
202400034393,155 721 184,A01,0.0,31.0,0,9,1,2,1.0,
202400034394,155 721 183,C01,1.0,7.0,0,2,4,23,1.0,
202400034395,155 721 182,A01,2.0,7.0,3,0,3,1,1.0,
202400034396,155 721 179,A01,1.0,33.0,0,2,3,26,1.0,
202400034397,155 721 177,A01,1.0,10.0,0,2,2,15,1.0,
202400034398,155 721 175,A01,2.0,7.0,10,0,3,1,1.0,
202400034399,155 721 174,A01,1.0,7.0,0,2,3,12,1.0,
202400034400,155 721 172,A01,0.0,15.0,0,0,8,1,1.0,
202400034401,155 721 171,A01,3.0,2.0,0,0,5,26,1.0,
202400034402,155 721 168,A01,2.0,33.0,0,2,2,17,1.0,
202400034403,155 721 166,A01,2.0,7.0,0,2,1,13,1.0,
202400034404,155 721 160,A01,1.0,7.0,0,2,1,2,1.0,
202400034405,155 721 161,A01,1.0,7.0,0,2,2,9,1.0,
202400034406,155 721 157,A01,3.0,1.0,0,2,3,1,5.0,
202400034407,155 721 156,A01,2.0,7.0,0,2,1,13,1.0,
202400034408,155 721 154,A01,1.0,2.0,0,0,3,1,1.0,
202400034409,155 721 153,A01,1.0,7.0,0,2,3,15,1.0,
202400034410,155 721 152,A01,2.0,10.0,2,0,1,14,1.0,
202400034411,155 721 151,A01,3.0,10.0,0,1,5,4,1.0,
202400034412,155 721 150,A01,0.0,2.0,0,0,1,1,1.0,
202400034413,155 721 149,A01,1.0,7.0,2,0,1,14,1.0,
202400034414,155 721 148,A01,1.0,7.0,0,1,3,1,1.0,
202400034415,155 721 146,B01,1.0,7.0,0,0,6,1,1.0,
202400034416,155 721 142,A01,1.0,7.0,0,2,2,14,1.0,
202400034417,155 721 141,B01,1.0,33.0,0,2,1,14,1.0,
202400034418,155 721 140,A01,2.0,33.0,0,2,1,3,1.0,
202400034419,155 721 138,A01,3.0,10.0,0,2,6,10,1.0,
202400034420,155 721 136,A01,2.0,7.0,0,2,7,12,1.0,
202400034421,155 721 133,B01,1.0,7.0,0,2,3,1,1.0,
202400034422,155 721 131,C01,2.0,10.0,0,2,1,1,1.0,
202400034423,155 721 128,A01,3.0,10.0,0,2,3,5,1.0,
202400034424,155 721 126,A01,1.0,33.0,0,2,1,3,1.0,
202400034425,155 721 122,Z01,2.0,7.0,0,2,1,2,0.0,
202400034426,155 721 121,A01,1.0,7.0,4,2,2,21,2.0,
202400034427,155 721 118,A01,1.0,7.0,0,2,4,1,1.0,
202400034428,155 721 117,A01,2.0,15.0,0,2,1,2,0.0,
202400034429,155 721 115,A01,1.0,7.0,0,2,2,12,1.0,
202400034430,155 721 113,B01,1.0,7.0,0,2,9,0,1.0,
202400034431,155 721 111,A01,1.0,33.0,0,2,8,1,1.0,
202400034432,155 721 109,A01,1.0,7.0,3,2,4,23,1.0,
202400034433,155 721 108,A01,2.0,7.0,4,2,1,21,1.0,
202400034434,155 721 107,A01,1.0,7.0,4,0,3,26,1.0,
202400034435,155 721 103,A01,2.0,7.0,0,2,3,14,1.0,
202400034436,155 721 102,B01,3.0,7.0,0,2,4,26,1.0,
202400034437,155 721 100,A01,2.0,7.0,0,2,3,1,1.0,
202400034438,155 721 099,A01,2.0,37.0,0,1,2,7,1.0,1
202400034439,155 721 097,A01,3.0,7.0,0,2,1,1,1.0,
202400034440,155 721 095,A01,2.0,34.0,0,2,6,3,1.0,
202400034441,155 721 092,A01,2.0,7.0,4,0,3,13,1.0,
202400034442,155 721 090,A01,2.0,33.0,0,2,1,1,1.0,
202400034443,155 721 091,B01,2.0,50.0,0,2,1,3,3.0,
202400034444,155 721 088,A01,1.0,2.0,0,0,0,26,1.0,
202400034445,155 721 087,A01,1.0,7.0,0,2,1,1,1.0,
202400034446,155 721 086,A01,3.0,7.0,0,1,2,1,1.0,
202400034447,155 721 082,B01,3.0,7.0,0,2,4,1,1.0,
202400034448,155 721 081,A01,1.0,7.0,0,2,1,1,1.0,
202400034449,155 721 077,A01,2.0,7.0,4,0,1,0,1.0,
202400034450,155 721 076,A01,1.0,10.0,0,2,3,2,0.0,
202400034451,155 721 075,A01,1.0,7.0,0,2,8,13,1.0,
202400034452,155 721 072,B01,1.0,7.0,0,2,6,24,1.0,
202400034453,155 721 070,A01,1.0,7.0,0,2,8,13,2.0,
202400034454,155 721 068,A01,3.0,7.0,2,0,8,13,1.0,
202400034455,155 721 067,A01,2.0,7.0,0,2,4,1,1.0,
202400034456,155 721 062,B01,3.0,60.0,0,2,4,0,5.0,
202400034457,155 721 063,B01,1.0,7.0,0,2,3,15,1.0,
202400034458,155 721 061,A01,2.0,7.0,0,2,1,12,1.0,
202400034459,155 721 059,A01,1.0,2.0,0,0,7,1,3.0,
202400034460,155 721 058,A01,3.0,2.0,0,2,1,17,1.0,
202400034461,155 721 057,A01,3.0,7.0,1,0,2,1,1.0,
202400034462,155 721 054,A01,2.0,7.0,3,0,2,1,1.0,
202400034463,155 721 048,A01,1.0,7.0,0,1,1,1,1.0,
202400034464,155 721 047,A01,2.0,7.0,0,2,1,26,1.0,
202400034465,155 721 046,A01,1.0,10.0,0,2,1,2,1.0,
202400034466,155 721 045,A01,1.0,7.0,13,0,9,0,1.0,
202400034467,155 721 043,A01,2.0,10.0,0,1,2,1,1.0,
202400034468,155 721 042,B01,2.0,50.0,0,2,2,5,3.0,
202400034469,155 721 037,B01,0.0,10.0,0,2,3,15,1.0,
202400034470,155 721 036,A01,2.0,13.0,6,0,1,26,1.0,
202400034471,155 721 038,A01,3.0,2.0,0,1,1,0,1.0,
202400034472,155 721 034,A01,1.0,7.0,0,1,2,1,1.0,
202400034473,155 721 031,C01,2.0,7.0,0,2,7,1,1.0,
202400034474,155 721 030,A01,1.0,30.0,0,2,7,17,1.0,
202400034475,155 721 029,A01,1.0,10.0,0,1,6,1,1.0,
202400034476,155 721 026,A01,2.0,7.0,16,0,3,17,1.0,
202400034477,155 721 025,A01,3.0,7.0,0,1,2,1,1.0,
202400034478,155 721 019,C01,3.0,38.0,0,2,8,0,1.0,1
202400034479,155 721 021,A01,1.0,80.0,0,1,2,1,3.0,
202400034480,155 721 018,B01,2.0,7.0,0,2,1,16,1.0,
202400034481,155 721 017,A01,1.0,37.0,1,1,1,1,1.0,1
202400034482,155 721 015,A01,2.0,7.0,0,2,1,17,1.0,
202400034483,155 721 014,A01,3.0,7.0,0,1,0,13,0.0,
202400034484,155 721 013,A01,2.0,7.0,0,1,1,1,1.0,
202400034485,155 721 012,A01,2.0,7.0,6,0,1,1,1.0,
202400034486,155 721 009,A01,1.0,10.0,0,2,1,0,0.0,
202400034487,155 721 008,B01,2.0,1.0,0,2,7,15,5.0,
202400034488,155 721 006,A01,1.0,7.0,0,0,1,0,1.0,
202400034489,155 721 005,A01,2.0,7.0,0,2,1,13,1.0,
202400034490,155 721 001,B01,2.0,7.0,0,2,8,1,0.0,
202400034491,155 721 000,B01,3.0,7.0,0,2,7,15,3.0,
202400034492,155 720 999,A01,1.0,7.0,7,2,3,1,1.0,
202400034493,155 720 996,B01,1.0,7.0,0,2,8,2,1.0,
202400034494,155 720 994,A01,2.0,7.0,0,2,2,16,1.0,
202400034495,155 720 993,B01,2.0,7.0,0,2,3,1,1.0,
202400034496,155 720 992,A01,3.0,7.0,4,0,3,13,1.0,
202400034497,155 720 990,B01,1.0,1.0,0,2,0,0,5.0,
202400034498,155 720 989,A01,3.0,7.0,0,1,1,1,1.0,
202400034499,155 720 988,A01,1.0,7.0,2,0,1,26,1.0,
202400034500,155 720 984,B01,3.0,7.0,0,0,0,0,1.0,
202400034501,155 720 983,B01,2.0,7.0,12,2,4,23,1.0,
202400034502,155 720 980,A01,1.0,40.0,0,1,7,1,3.0,
202400034503,155 720 979,A01,1.0,7.0,0,2,1,1,1.0,
202400034504,155 720 977,A01,3.0,7.0,9,0,1,1,1.0,
202400034505,155 720 976,A01,1.0,7.0,0,2,2,15,1.0,
202400034506,155 720 972,C01,1.0,7.0,0,2,4,1,0.0,
202400034507,155 720 970,A01,1.0,10.0,0,2,5,10,1.0,
202400034508,155 720 968,A01,2.0,7.0,13,0,1,21,1.0,
202400034509,155 720 966,B01,2.0,10.0,0,2,2,1,1.0,
202400034510,155 720 965,B01,1.0,20.0,0,2,4,4,1.0,
202400034511,155 720 964,A01,3.0,7.0,0,1,1,1,1.0,
202400034512,155 720 960,A01,2.0,7.0,0,2,1,1,1.0,
202400034513,155 720 959,A01,3.0,7.0,0,2,1,9,1.0,
202400034514,155 720 957,A01,2.0,10.0,0,2,1,1,1.0,
202400034515,155 720 954,B01,2.0,7.0,0,2,5,23,1.0,
202400034516,155 720 953,B01,1.0,37.0,0,2,8,0,1.0,4
202400034517,155 720 948,Y01,1.0,1.0,0,2,1,1,0.0,
202400034518,155 720 950,A01,2.0,50.0,0,2,1,1,3.0,
202400034519,155 720 947,A01,3.0,7.0,0,9,3,9,1.0,
202400034520,155 720 946,A01,3.0,7.0,14,1,2,16,1.0,
202400034521,155 720 944,A01,2.0,33.0,14,0,0,1,1.0,
202400034522,155 720 941,A01,3.0,7.0,0,2,1,1,1.0,
202400034523,155 720 939,A01,2.0,7.0,0,2,1,2,1.0,
202400034524,155 720 938,A01,1.0,7.0,2,0,1,14,2.0,
202400034525,155 720 937,A01,1.0,7.0,0,1,3,13,3.0,
202400034526,155 720 933,A01,2.0,7.0,0,2,6,15,1.0,
202400034527,155 720 932,B01,2.0,99.0,0,2,1,7,1.0,
202400034528,155 720 931,B01,3.0,7.0,0,2,7,1,1.0,
202400034529,155 720 927,A01,3.0,7.0,0,2,3,9,2.0,
202400034530,155 720 928,A01,3.0,7.0,15,0,2,0,1.0,
202400034531,155 720 926,A01,0.0,7.0,0,2,3,13,1.0,
202400034532,155 720 922,B01,1.0,13.0,0,2,4,1,1.0,
202400034533,155 720 921,B01,2.0,7.0,0,2,3,1,0.0,
202400034534,155 720 920,B01,2.0,2.0,0,2,1,1,1.0,
202400034535,155 720 918,A01,1.0,7.0,0,2,1,9,1.0,
202400034536,155 720 917,A01,0.0,7.0,0,1,3,1,1.0,
202400034537,155 720 915,A01,3.0,10.0,0,1,4,4,1.0,
202400034538,155 720 913,B01,1.0,50.0,0,2,1,1,3.0,
202400034539,155 720 910,A01,1.0,10.0,0,2,1,1,0.0,
202400034540,155 720 909,A01,0.0,3.0,0,1,7,1,0.0,
202400034541,155 720 905,A01,1.0,10.0,0,1,1,1,1.0,
202400034542,155 720 907,A01,1.0,7.0,0,2,1,0,1.0,
202400034543,155 720 906,A01,3.0,10.0,0,1,2,15,3.0,
202400034544,155 720 904,A01,2.0,37.0,0,1,7,1,6.0,1
202400034545,155 720 902,A01,3.0,7.0,1,1,3,13,1.0,
202400034546,155 720 901,B01,2.0,10.0,0,2,3,15,1.0,