Num_Acc,id_vehicule,num_veh,senc,catv,obs,obsm,choc,manv,motor,occutc
202400034547,155 720 898,A01,3.0,7.0,0,2,4,20,1.0,
202400034548,155 720 897,B01,3.0,50.0,0,2,8,1,3.0,
202400034549,155 720 893,A01,2.0,7.0,0,2,1,1,1.0,
202400034550,155 720 892,A01,3.0,7.0,0,2,0,22,1.0,
202400034551,155 720 891,A01,1.0,7.0,0,2,1,17,1.0,
202400034552,155 720 890,A01,1.0,10.0,0,1,3,1,1.0,
202400034553,155 720 889,B01,1.0,7.0,0,0,9,14,1.0,
202400034554,155 720 887,A01,2.0,7.0,0,2,1,13,1.0,
202400034555,155 720 885,A01,0.0,37.0,0,2,2,21,1.0,1
202400034556,155 720 882,A01,2.0,7.0,0,2,3,19,1.0,
202400034557,155 720 879,B01,2.0,7.0,0,2,1,1,1.0,
202400034558,155 720 880,B01,1.0,7.0,0,2,1,19,1.0,
202400034559,155 720 876,B01,1.0,7.0,0,2,3,1,1.0,
202400034560,155 720 873,A01,1.0,10.0,0,1,1,1,1.0,
202400034561,155 720 874,A01,2.0,7.0,0,2,3,1,1.0,
202400034562,155 720 870,A01,1.0,7.0,0,2,3,26,1.0,
202400034563,155 720 869,B01,2.0,3.0,0,2,7,1,1.0,
202400034564,155 720 866,A01,2.0,7.0,0,2,1,1,1.0,
202400034565,155 720 867,A01,2.0,7.0,13,0,1,1,1.0,
202400034566,155 720 862,B01,1.0,7.0,0,0,8,15,1.0,
202400034567,155 720 861,A01,1.0,10.0,0,2,1,2,1.0,
202400034568,155 720 857,A01,1.0,30.0,0,2,1,1,1.0,
202400034569,155 720 858,A01,2.0,7.0,0,2,2,1,2.0,
202400034570,155 720 856,A01,3.0,31.0,0,0,2,26,1.0,
202400034571,155 720 854,B01,1.0,1.0,0,2,4,0,5.0,
202400034572,155 720 852,A01,3.0,1.0,0,2,2,1,5.0,
202400034573,155 720 850,A01,1.0,43.0,7,9,1,14,1.0,
202400034574,155 720 847,A01,1.0,7.0,0,2,3,15,2.0,
202400034575,155 720 845,A01,2.0,7.0,0,2,6,0,1.0,
202400034576,155 720 844,A01,3.0,7.0,0,1,5,4,2.0,
202400034577,155 720 842,A01,2.0,1.0,0,2,1,1,5.0,
202400034578,155 720 840,A01,1.0,33.0,0,0,1,17,1.0,
202400034579,155 720 839,A01,1.0,7.0,0,6,1,1,1.0,
202400034580,155 720 836,B01,2.0,7.0,0,2,5,26,1.0,
202400034581,155 720 835,A01,1.0,7.0,0,2,3,1,1.0,
202400034582,155 720 833,A01,1.0,7.0,13,0,3,1,1.0,
202400034583,155 720 832,B01,1.0,7.0,0,2,1,9,1.0,
202400034584,155 720 831,A01,2.0,33.0,6,0,1,1,1.0,
202400034585,155 720 827,A01,2.0,32.0,0,2,1,17,1.0,
202400034586,155 720 828,B01,3.0,7.0,0,2,2,1,1.0,
202400034587,155 720 826,A01,1.0,1.0,0,1,1,1,5.0,
202400034588,155 720 825,A01,1.0,2.0,0,0,0,1,1.0,
202400034589,155 720 824,A01,1.0,7.0,13,0,9,25,1.0,
202400034590,155 720 822,A01,1.0,7.0,4,2,3,5,1.0,
202400034591,155 720 820,A01,3.0,50.0,0,2,1,25,3.0,
202400034592,155 720 818,A01,1.0,7.0,0,1,1,1,1.0,
202400034593,155 720 817,A01,1.0,7.0,0,2,1,1,1.0,
202400034594,155 720 816,A01,1.0,7.0,16,0,1,19,1.0,
202400034595,155 720 814,A01,1.0,7.0,0,2,1,1,1.0,
202400034596,155 720 811,B01,2.0,2.0,0,2,1,1,1.0,
202400034597,155 720 810,B01,3.0,7.0,0,2,1,1,1.0,
202400034598,155 720 808,B01,2.0,10.0,0,0,5,15,1.0,
202400034599,155 720 807,A01,1.0,30.0,0,1,1,13,1.0,
202400034600,155 720 806,A01,1.0,2.0,1,0,1,1,3.0,
202400034601,155 720 805,A01,1.0,31.0,0,9,8,1,1.0,
202400034602,155 720 802,A01,2.0,7.0,0,2,8,9,1.0,
202400034603,155 720 800,A01,1.0,7.0,0,2,8,2,1.0,
202400034604,155 720 799,A01,2.0,50.0,1,0,1,26,3.0,
202400034605,155 720 797,A01,2.0,43.0,0,2,1,3,1.0,
202400034606,155 720 795,A01,2.0,7.0,9,0,3,16,1.0,
202400034607,155 720 796,A01,2.0,15.0,0,1,0,1,0.0,
202400034608,155 720 793,A01,1.0,14.0,1,0,5,22,1.0,
202400034609,155 720 790,A01,1.0,37.0,0,1,1,1,3.0,1
202400034610,155 720 791,A01,1.0,7.0,0,2,1,1,1.0,
202400034611,155 720 788,A01,1.0,7.0,0,2,3,13,1.0,
202400034612,155 720 787,A01,1.0,7.0,13,0,1,1,1.0,
202400034613,155 720 785,A01,3.0,2.0,0,2,3,15,3.0,
202400034614,155 720 782,A01,1.0,10.0,0,9,1,16,1.0,
202400034615,155 720 781,A01,1.0,7.0,0,2,4,1,1.0,
202400034616,155 720 778,A01,2.0,33.0,0,2,1,1,1.0,
202400034617,155 720 779,A01,1.0,7.0,0,0,0,1,1.0,
202400034618,155 720 776,B01,2.0,1.0,0,2,7,1,5.0,
202400034619,155 720 774,Z01,1.0,50.0,0,1,1,5,3.0,
202400034620,155 720 773,A01,2.0,7.0,0,2,1,2,1.0,
202400034621,155 720 770,A01,2.0,7.0,0,2,3,10,1.0,
202400034622,155 720 771,A01,2.0,7.0,4,0,1,26,1.0,
202400034623,155 720 768,A01,2.0,10.0,0,2,4,4,1.0,
202400034624,155 720 764,A01,1.0,14.0,0,2,2,16,1.0,
202400034625,155 720 762,A01,1.0,7.0,0,1,3,1,1.0,
202400034626,155 720 763,C01,2.0,7.0,0,2,4,1,1.0,
202400034627,155 720 760,B01,2.0,14.0,0,2,1,2,1.0,
202400034628,155 720 759,A01,2.0,7.0,4,0,1,1,1.0,
202400034629,155 720 756,A01,3.0,7.0,0,2,5,15,1.0,
202400034630,155 720 757,A01,1.0,31.0,0,0,8,1,1.0,
202400034631,155 720 754,A01,0.0,7.0,0,2,2,11,1.0,
202400034632,155 720 751,A01,1.0,7.0,0,1,1,1,1.0,
202400034633,155 720 752,A01,1.0,7.0,0,2,3,11,1.0,
202400034634,155 720 749,A01,1.0,32.0,4,0,3,9,1.0,
202400034635,155 720 747,A01,2.0,10.0,0,2,1,2,1.0,
202400034636,155 720 743,A01,1.0,10.0,0,2,2,14,1.0,
202400034637,155 720 742,A01,2.0,10.0,0,2,1,2,1.0,
202400034638,155 720 740,A01,1.0,34.0,0,2,3,15,1.0,
202400034639,155 720 736,B01,2.0,2.0,0,2,1,1,1.0,
202400034640,155 720 737,A01,2.0,33.0,0,2,1,3,1.0,
202400034641,155 720 734,A01,1.0,10.0,0,2,2,12,1.0,
202400034642,155 720 732,A01,1.0,33.0,0,2,7,3,1.0,
202400034643,155 720 730,B01,1.0,32.0,0,2,1,1,1.0,
202400034644,155 720 728,A01,1.0,7.0,0,1,2,1,1.0,
202400034645,155 720 727,B01,1.0,7.0,0,2,6,1,1.0,
202400034646,155 720 725,B01,2.0,7.0,2,2,8,1,1.0,
202400034647,155 720 723,A01,1.0,33.0,0,2,1,17,1.0,
202400034648,155 720 721,B01,1.0,7.0,0,0,5,15,1.0,
202400034649,155 720 720,A01,1.0,7.0,0,1,6,4,1.0,
202400034650,155 720 716,A01,3.0,7.0,0,2,3,5,1.0,
202400034651,155 720 717,A01,1.0,33.0,0,2,1,21,1.0,
202400034652,155 720 714,A01,0.0,1.0,0,2,1,26,5.0,
202400034653,155 720 712,A01,1.0,31.0,3,0,0,1,1.0,
202400034654,155 720 711,A01,2.0,33.0,0,2,0,3,1.0,
202400034655,155 720 709,A01,1.0,7.0,3,2,1,14,1.0,
202400034656,155 720 708,A01,1.0,2.0,13,0,2,0,1.0,
202400034657,155 720 707,A01,2.0,33.0,0,0,8,1,1.0,
202400034658,155 720 706,A01,1.0,7.0,13,0,0,1,1.0,
202400034659,155 720 703,A01,2.0,7.0,0,2,1,2,1.0,
202400034660,155 720 702,A01,1.0,7.0,0,2,1,2,1.0,
202400034661,155 720 700,A01,2.0,1.0,0,2,3,0,5.0,
202400034662,155 720 698,A01,3.0,21.0,2,0,0,0,1.0,
202400034663,155 720 697,A01,1.0,7.0,0,2,4,11,1.0,
202400034664,155 720 696,A01,2.0,7.0,2,0,1,1,1.0,
202400034665,155 720 694,A01,1.0,7.0,6,0,1,13,1.0,
202400034666,155 720 690,A01,1.0,7.0,0,2,1,13,1.0,
202400034667,155 720 692,C01,1.0,13.0,0,2,4,2,1.0,
202400034668,155 720 688,A01,1.0,7.0,0,2,1,17,1.0,
202400034669,155 720 687,A01,1.0,7.0,2,0,7,1,1.0,
202400034670,155 720 686,A01,2.0,3.0,0,0,9,15,1.0,
202400034671,155 720 685,A01,2.0,7.0,0,1,1,16,1.0,
202400034672,155 720 684,A01,1.0,7.0,6,0,1,1,1.0,
202400034673,155 720 682,A01,3.0,2.0,0,2,1,13,1.0,
202400034674,155 720 680,A01,1.0,33.0,16,0,9,13,1.0,
202400034675,155 720 678,B01,2.0,31.0,0,2,1,1,1.0,
202400034676,155 720 676,A01,1.0,7.0,0,2,2,1,1.0,
202400034677,155 720 675,A01,2.0,7.0,0,0,1,13,1.0,
202400034678,155 720 674,A01,2.0,15.0,0,1,2,1,1.0,
202400034679,155 720 671,A01,3.0,10.0,0,2,1,15,3.0,
202400034680,155 720 670,A01,3.0,7.0,0,2,3,19,1.0,
202400034681,155 720 668,B01,1.0,10.0,0,9,2,20,1.0,
202400034682,155 720 666,A01,0.0,1.0,0,2,1,0,5.0,
202400034683,155 720 665,A01,3.0,7.0,1,0,2,14,2.0,
202400034684,155 720 663,A01,2.0,10.0,0,0,8,10,1.0,
202400034685,155 720 660,A01,3.0,7.0,0,2,2,1,1.0,
202400034686,155 720 659,A01,1.0,10.0,0,2,3,15,1.0,
202400034687,155 720 657,A01,2.0,7.0,0,1,2,1,1.0,
202400034688,155 720 656,A01,1.0,7.0,0,1,4,23,1.0,
202400034689,155 720 655,A01,3.0,1.0,0,0,0,1,5.0,
202400034690,155 720 653,A01,2.0,7.0,0,9,1,9,0.0,
202400034691,155 720 647,A01,1.0,7.0,0,2,1,1,1.0,
202400034692,155 720 648,B01,2.0,2.0,0,2,7,1,1.0,
202400034693,155 720 644,A01,1.0,7.0,0,2,1,13,1.0,
202400034694,155 720 643,A01,1.0,30.0,0,2,8,2,1.0,
202400034695,155 720 642,A01,1.0,10.0,2,0,1,13,1.0,
202400034696,155 720 640,A01,1.0,40.0,0,2,0,0,3.0,
202400034697,155 720 639,A01,1.0,7.0,7,5,1,1,1.0,
202400034698,155 720 638,A01,2.0,34.0,0,1,1,26,0.0,
202400034699,155 720 636,A01,2.0,15.0,0,0,0,17,1.0,
202400034700,155 720 635,A01,3.0,7.0,0,1,3,0,1.0,
202400034701,155 720 633,A01,1.0,7.0,0,2,1,1,1.0,
202400034702,155 720 631,B01,1.0,7.0,0,2,1,1,1.0,
202400034703,155 720 629,A01,0.0,31.0,6,2,3,26,1.0,
202400034704,155 720 626,A01,2.0,7.0,4,2,1,2,1.0,
202400034705,155 720 624,A01,1.0,10.0,0,0,9,13,1.0,
202400034706,155 720 625,A01,1.0,33.0,9,0,0,0,1.0,
202400034707,155 720 618,A01,1.0,31.0,0,2,1,5,1.0,
202400034708,155 720 616,B01,1.0,7.0,0,2,5,1,1.0,
202400034709,155 720 615,B01,3.0,7.0,0,2,6,2,1.0,
202400034710,155 720 612,A01,1.0,10.0,3,2,8,1,1.0,
202400034711,155 720 610,A01,1.0,33.0,0,2,1,2,1.0,
202400034712,155 720 609,A01,3.0,7.0,0,2,3,1,1.0,
202400034713,155 720 608,A01,0.0,1.0,0,0,0,9,5.0,
202400034714,155 720 606,A01,2.0,10.0,0,1,1,19,2.0,
202400034715,155 720 605,A01,2.0,7.0,4,2,1,2,1.0,
202400034716,155 720 604,A01,1.0,7.0,3,0,2,2,1.0,
202400034717,155 720 603,A01,2.0,15.0,3,0,1,1,1.0,
202400034718,155 720 601,A01,2.0,32.0,3,0,3,13,1.0,
202400034719,155 720 600,A01,3.0,7.0,0,2,3,16,1.0,
202400034720,155 720 599,Z01,1.0,0.0,0,1,0,0,0.0,
202400034721,155 720 597,A01,2.0,7.0,2,0,1,1,1.0,
202400034722,155 720 593,B01,3.0,0.0,0,2,2,15,0.0,
202400034723,155 720 594,B01,1.0,7.0,0,2,9,0,1.0,
202400034724,155 720 591,B01,2.0,15.0,0,2,1,21,1.0,
202400034725,155 720 587,B01,3.0,7.0,0,2,1,1,1.0,
202400034726,155 720 586,B01,2.0,7.0,0,2,1,9,0.0,
202400034727,155 720 585,A01,1.0,7.0,0,1,1,1,1.0,
202400034728,155 720 583,A01,1.0,50.0,12,0,7,25,3.0,
202400034729,155 720 584,A01,1.0,7.0,0,2,9,14,1.0,
202400034730,155 720 582,A01,1.0,33.0,4,0,7,1,1.0,
202400034731,155 720 579,B01,2.0,1.0,0,2,1,1,5.0,
202400034732,155 720 578,A01,1.0,7.0,6,0,1,14,1.0,
202400034733,155 720 577,A01,2.0,32.0,0,2,2,17,3.0,
202400034734,155 720 574,A01,1.0,33.0,0,2,1,3,1.0,
202400034735,155 720 572,A01,3.0,50.0,0,2,1,1,3.0,
202400034736,155 720 571,B01,1.0,32.0,0,2,7,1,1.0,
202400034737,155 720 570,A01,2.0,32.0,0,5,1,19,1.0,
202400034738,155 720 568,A01,1.0,33.0,0,0,2,26,1.0,
202400034739,155 720 566,A01,3.0,7.0,0,2,1,26,1.0,
202400034740,155 720 565,B01,1.0,7.0,0,0,7,1,1.0,
202400034741,155 720 562,B01,1.0,33.0,0,2,2,13,1.0,
202400034742,155 720 561,A01,1.0,33.0,0,0,7,26,1.0,
202400034743,155 720 560,B01,1.0,33.0,0,2,4,0,1.0,
202400034744,155 720 558,A01,2.0,7.0,0,2,1,15,1.0,
202400034745,155 720 557,A01,3.0,30.0,0,0,0,1,1.0,
202400034746,155 720 555,A01,1.0,7.0,0,2,7,12,3.0,
202400034747,155 720 552,B01,1.0,33.0,0,2,1,1,1.0,
202400034748,155 720 551,B01,2.0,7.0,0,9,1,26,1.0,
202400034749,155 720 550,A01,1.0,14.0,0,1,3,1,1.0,
202400034750,155 720 549,A01,1.0,7.0,0,1,1,1,2.0,
202400034751,155 720 547,A01,1.0,7.0,0,2,5,1,1.0,
202400034752,155 720 544,B01,1.0,7.0,0,2,3,1,2.0,
202400034753,155 720 542,B01,1.0,7.0,0,2,8,1,1.0,
202400034754,155 720 541,A01,1.0,10.0,0,9,3,15,1.0,
202400034755,155 720 539,A01,2.0,30.0,0,0,0,1,1.0,
202400034756,155 720 538,B01,1.0,2.0,0,2,4,2,3.0,
202400034757,155 720 537,A01,3.0,99.0,0,1,1,1,1.0,
202400034758,155 720 534,A01,2.0,7.0,0,2,8,1,1.0,
202400034759,155 720 531,A01,2.0,7.0,0,2,2,13,1.0,
202400034760,155 720 532,A01,2.0,7.0,0,2,3,15,2.0,
202400034761,155 720 529,A01,2.0,7.0,0,2,1,15,2.0,
202400034762,155 720 527,A01,2.0,30.0,0,1,1,17,1.0,
202400034763,155 720 526,A01,1.0,10.0,0,2,1,1,1.0,
202400034764,155 720 523,A01,1.0,33.0,8,0,0,1,1.0,
202400034765,155 720 524,B01,2.0,33.0,0,2,1,1,1.0,
202400034766,155 720 521,A01,3.0,7.0,2,0,1,1,1.0,
202400034767,155 720 520,A01,1.0,7.0,0,0,0,1,1.0,
202400034768,155 720 519,A01,1.0,7.0,0,1,8,1,1.0,
202400034769,155 720 517,A01,1.0,7.0,0,2,1,15,1.0,
202400034770,155 720 515,B01,2.0,7.0,0,2,2,1,1.0,
202400034771,155 720 513,B01,2.0,7.0,0,2,8,1,1.0,
202400034772,155 720 511,A01,1.0,7.0,0,2,3,13,1.0,
202400034773,155 720 509,A01,2.0,33.0,0,2,1,2,1.0,
202400034774,155 720 507,A01,1.0,7.0,0,1,1,1,1.0,
202400034775,155 720 506,B01,1.0,7.0,0,2,2,1,2.0,
202400034776,155 720 504,B01,2.0,32.0,0,2,7,1,1.0,
202400034777,155 720 502,Z01,3.0,7.0,0,2,1,2,0.0,
202400034778,155 720 500,A01,1.0,7.0,1,2,4,2,1.0,
202400034779,155 720 497,B01,1.0,7.0,1,2,4,23,1.0,
202400034780,155 720 493,A01,1.0,50.0,0,2,1,5,3.0,
202400034781,155 720 492,B01,3.0,7.0,0,2,1,1,1.0,
202400034782,155 720 489,B01,2.0,7.0,0,2,3,1,1.0,
202400034783,155 720 488,B01,2.0,7.0,0,2,3,15,1.0,
202400034784,155 720 486,B01,3.0,10.0,0,0,0,1,1.0,
202400034785,155 720 485,A01,3.0,7.0,0,1,3,0,0.0,
202400034786,155 720 483,A01,2.0,7.0,8,0,1,13,1.0,
202400034787,155 720 482,A01,2.0,7.0,0,2,1,2,1.0,
202400034788,155 720 481,A01,2.0,7.0,9,0,3,1,1.0,
202400034789,155 720 480,A01,3.0,32.0,16,0,7,1,1.0,
202400034790,155 720 478,A01,2.0,37.0,0,2,2,1,1.0,1
202400034791,155 720 477,A01,3.0,50.0,12,0,0,1,3.0,
202400034792,155 720 475,B01,3.0,1.0,0,2,7,0,5.0,
202400034793,155 720 474,A01,0.0,7.0,0,1,8,18,1.0,
202400034794,155 720 470,A01,2.0,7.0,0,2,1,16,1.0,
202400034795,155 720 469,B01,1.0,31.0,0,2,1,13,1.0,
202400034796,155 720 468,A01,3.0,7.0,0,1,1,1,1.0,
202400034797,155 720 466,B01,1.0,31.0,0,2,8,1,1.0,
202400034798,155 720 465,A01,2.0,10.0,8,0,3,19,1.0,
202400034799,155 720 463,B01,1.0,2.0,0,2,0,21,1.0,
202400034800,155 720 461,A01,1.0,34.0,0,2,1,1,1.0,
202400034801,155 720 460,A01,0.0,7.0,0,1,1,1,1.0,
202400034802,155 720 459,A01,3.0,7.0,0,1,3,1,1.0,
202400034803,155 720 458,A01,3.0,10.0,0,1,1,17,1.0,
202400034804,155 720 457,A01,2.0,10.0,0,1,8,1,1.0,
202400034805,155 720 454,A01,1.0,7.0,0,1,7,0,0.0,
202400034806,155 720 453,C01,1.0,7.0,0,2,4,23,1.0,
202400034807,155 720 449,A01,1.0,7.0,12,2,5,16,1.0,
202400034808,155 720 446,A01,1.0,7.0,6,0,1,1,1.0,
202400034809,155 720 444,A01,2.0,37.0,0,1,7,1,1.0,1
202400034810,155 720 442,A01,1.0,7.0,0,2,1,2,1.0,
202400034811,155 720 437,B01,1.0,7.0,0,2,5,1,1.0,
202400034812,155 720 438,B01,1.0,7.0,3,2,6,1,1.0,
202400034813,155 720 435,B01,1.0,33.0,0,2,1,17,1.0,
202400034814,155 720 434,A01,1.0,7.0,0,1,1,0,1.0,
202400034815,155 720 432,A01,1.0,14.0,0,1,8,15,1.0,
202400034816,155 720 431,A01,2.0,7.0,0,2,2,15,1.0,
202400034817,155 720 427,A01,0.0,7.0,0,2,1,1,1.0,
202400034818,155 720 428,B01,2.0,32.0,0,2,1,1,1.0,
202400034819,155 720 424,Z01,2.0,7.0,0,1,1,1,0.0,
202400034820,155 720 425,B01,3.0,1.0,0,2,1,1,5.0,
202400034821,155 720 421,A01,1.0,7.0,0,2,7,15,1.0,
202400034822,155 720 420,A01,1.0,10.0,0,2,1,16,1.0,
202400034823,155 720 418,A01,1.0,50.0,0,0,0,0,3.0,
202400034824,155 720 417,A01,3.0,30.0,0,2,1,11,1.0,
202400034825,155 720 415,A01,3.0,7.0,0,1,2,1,1.0,
202400034826,155 720 414,A01,3.0,10.0,0,2,7,15,1.0,
202400034827,155 720 411,A01,2.0,1.0,0,2,1,1,5.0,
202400034828,155 720 412,A01,2.0,33.0,6,0,1,6,1.0,
202400034829,155 720 408,A01,2.0,50.0,0,2,1,17,3.0,
202400034830,155 720 407,A01,2.0,7.0,0,2,1,13,1.0,
202400034831,155 720 404,A01,1.0,7.0,0,2,1,1,1.0,
202400034832,155 720 403,A01,2.0,33.0,0,2,1,1,1.0,
202400034833,155 720 402,A01,1.0,7.0,0,1,1,16,1.0,
202400034834,155 720 400,A01,1.0,10.0,0,2,8,22,1.0,
202400034835,155 720 399,A01,3.0,7.0,0,1,1,19,1.0,
202400034836,155 720 397,A01,2.0,30.0,0,2,3,9,1.0,
202400034837,155 720 396,A01,1.0,7.0,2,0,1,14,1.0,
202400034838,155 720 395,A01,1.0,37.0,0,1,1,9,3.0,1
202400034839,155 720 393,B01,2.0,50.0,0,2,1,15,3.0,
202400034840,155 720 392,A01,2.0,1.0,0,1,1,1,5.0,
202400034841,155 720 390,A01,1.0,15.0,0,2,4,2,0.0,
202400034842,155 720 388,A01,3.0,1.0,0,2,3,1,5.0,
202400034843,155 720 386,B01,3.0,7.0,0,2,8,1,3.0,
202400034844,155 720 384,A01,2.0,7.0,0,2,3,13,1.0,
202400034845,155 720 382,A01,1.0,38.0,0,2,3,1,1.0,1
202400034846,155 720 380,A01,1.0,30.0,0,2,1,1,1.0,
202400034847,155 720 379,A01,0.0,7.0,4,0,4,1,1.0,
202400034848,155 720 376,A01,1.0,7.0,0,2,1,1,1.0,
202400034849,155 720 377,A01,1.0,33.0,0,1,1,1,1.0,
202400034850,155 720 374,A01,2.0,10.0,0,1,1,1,1.0,
202400034851,155 720 373,A01,2.0,2.0,0,2,0,17,1.0,
202400034852,155 720 371,B01,1.0,1.0,0,2,1,25,5.0,
202400034853,155 720 368,A01,1.0,10.0,0,2,5,1,1.0,
202400034854,155 720 367,A01,2.0,16.0,0,2,8,20,1.0,
202400034855,155 720 364,A01,1.0,7.0,0,2,1,10,1.0,
202400034856,155 720 363,A01,2.0,7.0,0,2,3,15,1.0,
202400034857,155 720 361,A01,1.0,7.0,9,2,1,13,1.0,
202400034858,155 720 359,B01,2.0,1.0,0,2,2,19,5.0,
202400034859,155 720 357,B01,1.0,33.0,0,2,1,1,1.0,
202400034860,155 720 355,A01,3.0,7.0,0,2,5,12,1.0,
202400034861,155 720 351,B01,3.0,7.0,0,2,4,0,1.0,
202400034862,155 720 352,A01,2.0,99.0,0,2,1,2,1.0,
202400034863,155 720 348,A01,3.0,7.0,13,0,0,14,1.0,
202400034864,155 720 349,B01,2.0,50.0,0,2,1,5,3.0,
202400034865,155 720 345,A01,2.0,30.0,0,2,1,1,1.0,
202400034866,155 720 344,A01,2.0,10.0,0,2,1,26,3.0,
202400034867,155 720 342,A01,0.0,7.0,0,1,4,20,1.0,
202400034868,155 720 341,B01,1.0,80.0,0,2,7,5,3.0,
202400034869,155 720 340,A01,2.0,7.0,0,1,1,1,1.0,
202400034870,155 720 339,A01,2.0,7.0,8,0,1,26,1.0,
202400034871,155 720 337,A01,0.0,43.0,0,1,2,1,1.0,
202400034872,155 720 335,A01,1.0,7.0,0,2,1,2,1.0,
202400034873,155 720 331,B01,2.0,32.0,0,2,1,1,1.0,
202400034874,155 720 330,D01,3.0,7.0,0,2,1,23,1.0,
202400034875,155 720 328,A01,3.0,7.0,0,1,1,0,1.0,
202400034876,155 720 327,A01,2.0,33.0,0,2,4,20,1.0,
202400034877,155 720 324,B01,1.0,43.0,0,2,3,15,1.0,
202400034878,155 720 323,A01,1.0,7.0,0,2,1,1,1.0,
202400034879,155 720 320,A01,1.0,1.0,0,2,1,1,5.0,
202400034880,155 720 319,B01,1.0,34.0,0,2,1,2,1.0,
202400034881,155 720 318,A01,3.0,50.0,8,0,1,1,3.0,
202400034882,155 720 317,A01,3.0,7.0,4,0,1,26,1.0,
202400034883,155 720 315,A01,0.0,32.0,0,2,1,21,1.0,
202400034884,155 720 314,A01,1.0,7.0,0,1,2,1,1.0,
202400034885,155 720 313,A01,1.0,7.0,0,1,1,16,1.0,
202400034886,155 720 311,A01,1.0,7.0,0,2,1,13,1.0,
202400034887,155 720 309,A01,3.0,7.0,6,0,1,13,1.0,
202400034888,155 720 308,A01,1.0,10.0,0,2,1,1,1.0,
202400034889,155 720 305,B01,3.0,10.0,0,2,3,1,1.0,
202400034890,155 720 304,A01,2.0,60.0,0,2,0,0,5.0,
202400034891,155 720 303,B01,3.0,7.0,0,1,1,2,1.0,
202400034892,155 720 302,A01,2.0,7.0,0,1,2,0,1.0,
202400034893,155 720 299,A01,1.0,7.0,0,2,1,2,1.0,
202400034894,155 720 298,B01,2.0,1.0,0,2,1,5,5.0,
202400034895,155 720 296,A01,2.0,7.0,0,2,1,2,1.0,
202400034896,155 720 294,A01,1.0,7.0,0,1,2,14,1.0,
202400034897,155 720 292,A01,2.0,7.0,0,2,1,2,1.0,
202400034898,155 720 290,A01,3.0,7.0,0,2,2,9,1.0,
202400034899,155 720 289,A01,1.0,80.0,8,9,2,21,3.0,
202400034900,155 720 287,A01,1.0,7.0,0,2,2,1,1.0,
202400034901,155 720 284,A01,2.0,21.0,0,0,7,1,1.0,
202400034902,155 720 285,B01,1.0,43.0,0,2,1,1,1.0,
202400034903,155 720 281,A01,2.0,1.0,0,1,1,1,5.0,
202400034904,155 720 282,B01,1.0,7.0,0,2,1,13,1.0,
202400034905,155 720 276,B01,3.0,7.0,0,2,4,23,1.0,
202400034906,155 720 277,A01,1.0,2.0,0,0,1,1,1.0,
202400034907,155 720 274,B01,2.0,33.0,1,0,2,1,1.0,
202400034908,155 720 272,A01,3.0,7.0,0,2,1,1,1.0,
202400034909,155 720 269,A01,1.0,7.0,0,2,6,9,1.0,
202400034910,155 720 267,A01,0.0,31.0,0,2,8,0,1.0,
202400034911,155 720 262,B01,1.0,10.0,0,2,3,1,1.0,
202400034912,155 720 263,A01,3.0,7.0,0,2,1,16,1.0,
202400034913,155 720 260,A01,2.0,7.0,0,2,3,13,1.0,
202400034914,155 720 258,A01,1.0,7.0,12,0,2,21,1.0,
202400034915,155 720 257,A01,2.0,7.0,2,0,1,14,1.0,
202400034916,155 720 254,B01,2.0,34.0,0,2,1,1,3.0,
202400034917,155 720 253,B01,2.0,38.0,0,0,7,1,1.0,1
202400034918,155 720 250,B01,3.0,7.0,0,2,4,1,1.0,
202400034919,155 720 249,B01,1.0,7.0,0,2,3,17,1.0,
202400034920,155 720 247,A01,2.0,10.0,1,0,2,0,1.0,
202400034921,155 720 246,B01,3.0,37.0,0,2,3,0,1.0,3
202400034922,155 720 245,A01,2.0,33.0,0,1,1,1,1.0,
202400034923,155 720 244,A01,3.0,33.0,0,0,7,26,1.0,
202400034924,155 720 242,A01,3.0,7.0,0,2,3,15,0.0,
202400034925,155 720 240,A01,0.0,10.0,0,2,1,11,0.0,
202400034926,155 720 238,B01,2.0,7.0,0,2,3,15,1.0,
202400034927,155 720 236,B01,1.0,43.0,0,2,1,1,1.0,
202400034928,155 720 233,A01,1.0,32.0,1,0,3,1,1.0,
202400034929,155 720 231,A01,1.0,30.0,0,2,1,1,1.0,
202400034930,155 720 229,B01,3.0,7.0,0,2,1,2,2.0,
202400034931,155 720 228,A01,2.0,34.0,1,0,2,14,1.0,
202400034932,155 720 227,A01,1.0,99.0,0,0,1,15,0.0,
202400034933,155 720 225,B01,2.0,32.0,0,2,1,17,1.0,
202400034934,155 720 224,Z01,2.0,1.0,0,1,0,16,5.0,
202400034935,155 720 222,A01,1.0,7.0,0,2,1,1,0.0,
202400034936,155 720 219,A01,0.0,7.0,0,1,1,1,1.0,
202400034937,155 720 217,A01,1.0,10.0,5,2,2,1,1.0,
202400034938,155 720 215,B01,3.0,1.0,0,2,1,19,5.0,
202400034939,155 720 214,A01,0.0,7.0,8,0,7,13,1.0,
202400034940,155 720 213,A01,2.0,7.0,2,0,1,0,1.0,
202400034941,155 720 211,A01,2.0,7.0,0,2,3,1,1.0,
202400034942,155 720 210,A01,1.0,7.0,17,0,8,13,1.0,
202400034943,155 720 208,A01,3.0,7.0,0,2,2,1,1.0,