Num_Acc,id_vehicule,num_veh,senc,catv,obs,obsm,choc,manv,motor,occutc
202400034944,155 720 207,A01,3.0,36.0,6,0,3,1,1.0,
202400034945,155 720 205,A01,2.0,7.0,0,2,1,9,1.0,
202400034946,155 720 204,A01,1.0,33.0,2,0,1,1,1.0,
202400034947,155 720 202,B01,2.0,7.0,0,2,8,15,2.0,
202400034948,155 720 201,A01,1.0,7.0,0,0,9,1,1.0,
202400034949,155 720 200,A01,1.0,2.0,0,0,9,1,1.0,
202400034950,155 720 199,A01,1.0,7.0,2,0,1,1,1.0,
202400034951,155 720 197,B01,2.0,10.0,0,2,8,21,1.0,
202400034952,155 720 195,B01,3.0,10.0,0,2,8,15,1.0,
202400034953,155 720 194,A01,2.0,7.0,3,0,1,1,1.0,
202400034954,155 720 192,A01,2.0,7.0,0,2,2,5,1.0,
202400034955,155 720 191,A01,2.0,7.0,2,0,9,1,1.0,
202400034956,155 720 190,A01,2.0,33.0,13,0,0,1,1.0,
202400034957,155 720 189,A01,3.0,7.0,13,0,1,13,1.0,
202400034958,155 720 188,A01,2.0,7.0,16,0,0,2,1.0,
202400034959,155 720 187,A01,1.0,2.0,12,0,1,1,1.0,
202400034960,155 720 185,A01,1.0,7.0,0,2,3,16,1.0,
202400034961,155 720 183,A01,1.0,7.0,0,0,3,9,1.0,
202400034962,155 720 182,A01,1.0,7.0,17,0,1,1,1.0,
202400034963,155 720 180,A01,3.0,7.0,0,6,1,1,1.0,
202400034964,155 720 178,A01,2.0,7.0,0,2,2,17,1.0,
202400034965,155 720 177,A01,3.0,7.0,0,1,2,1,3.0,
202400034966,155 720 176,A01,1.0,7.0,2,0,9,1,1.0,
202400034967,155 720 174,A01,3.0,7.0,0,2,3,0,1.0,
202400034968,155 720 173,A01,1.0,7.0,13,0,0,0,0.0,
202400034969,155 720 172,A01,2.0,2.0,0,0,0,0,1.0,
202400034970,155 720 167,A01,1.0,17.0,0,2,2,19,1.0,
202400034971,155 720 166,A01,2.0,15.0,16,0,7,0,1.0,
202400034972,155 720 165,A01,1.0,7.0,13,0,1,1,1.0,
202400034973,155 720 162,A01,2.0,7.0,2,0,3,17,1.0,
202400034974,155 720 155,A01,2.0,7.0,0,2,0,15,0.0,
202400034975,155 720 154,A01,3.0,7.0,2,0,4,21,1.0,
202400034976,155 720 152,A01,2.0,33.0,0,2,1,17,1.0,
202400034977,155 720 150,A01,1.0,7.0,0,2,1,13,1.0,
202400034978,155 720 148,A01,1.0,7.0,0,2,2,1,1.0,
202400034979,155 720 147,A01,1.0,7.0,13,0,1,1,1.0,
202400034980,155 720 145,A01,3.0,10.0,0,1,1,1,1.0,
202400034981,155 720 143,A01,2.0,7.0,0,9,2,0,1.0,
202400034982,155 720 141,B01,3.0,50.0,0,2,1,11,3.0,
202400034983,155 720 138,A01,1.0,7.0,0,2,2,26,1.0,
202400034984,155 720 136,B01,2.0,7.0,0,2,4,2,1.0,
202400034985,155 720 134,A01,1.0,7.0,2,2,9,17,1.0,
202400034986,155 720 132,A01,2.0,37.0,4,2,1,2,1.0,1
202400034987,155 720 131,A01,1.0,10.0,4,0,1,26,1.0,
202400034988,155 720 129,B01,2.0,7.0,0,2,4,2,1.0,
202400034989,155 720 127,A01,1.0,7.0,0,2,1,2,1.0,
202400034990,155 720 125,A01,1.0,7.0,0,2,3,11,1.0,
202400034991,155 720 123,B01,1.0,7.0,0,2,4,2,0.0,
202400034992,155 720 121,A01,1.0,7.0,0,2,1,2,1.0,
202400034993,155 720 119,B01,1.0,10.0,0,0,4,0,0.0,
202400034994,155 720 117,A01,1.0,33.0,0,2,1,3,1.0,
202400034995,155 720 115,B01,2.0,7.0,0,2,6,21,1.0,
202400034996,155 720 112,A01,2.0,33.0,4,2,1,3,1.0,
202400034997,155 720 109,B01,2.0,7.0,0,2,4,1,1.0,
202400034998,155 720 107,B01,1.0,15.0,0,2,3,2,1.0,
202400034999,155 720 106,A01,1.0,33.0,0,0,8,1,1.0,
202400035000,155 720 104,A01,1.0,7.0,0,2,1,15,1.0,
202400035001,155 720 102,B01,2.0,32.0,0,2,0,0,1.0,
202400035002,155 720 100,B01,1.0,7.0,0,2,3,1,1.0,
202400035003,155 720 098,B01,1.0,30.0,0,2,1,1,1.0,
202400035004,155 720 096,B01,2.0,2.0,0,2,1,1,1.0,
202400035005,155 720 094,A01,1.0,7.0,0,2,8,10,1.0,
202400035006,155 720 091,A01,1.0,7.0,0,2,6,26,1.0,
202400035007,155 720 088,A01,2.0,7.0,1,0,2,2,1.0,
202400035008,155 720 086,A01,2.0,7.0,0,2,3,13,1.0,
202400035009,155 720 085,A01,2.0,7.0,9,0,1,2,2.0,
202400035010,155 720 083,A01,3.0,7.0,0,9,2,1,1.0,
202400035011,155 720 082,A01,1.0,7.0,0,1,7,1,1.0,
202400035012,155 720 081,A01,2.0,7.0,0,1,1,1,1.0,
202400035013,155 720 079,B01,2.0,7.0,0,2,4,1,1.0,
202400035014,155 720 078,A01,2.0,7.0,13,0,0,0,1.0,
202400035015,155 720 077,A01,2.0,7.0,8,0,1,14,1.0,
202400035016,155 720 075,A01,1.0,7.0,4,2,4,17,1.0,
202400035017,155 720 073,A01,1.0,31.0,0,2,6,1,1.0,
202400035018,155 720 071,A01,2.0,7.0,17,2,3,1,1.0,
202400035019,155 720 069,A01,2.0,7.0,0,2,3,13,1.0,
202400035020,155 720 067,B01,1.0,10.0,0,2,3,1,1.0,
202400035021,155 720 066,A01,2.0,7.0,0,0,9,14,1.0,
202400035022,155 720 063,B01,1.0,7.0,0,0,6,1,1.0,
202400035023,155 720 061,A01,2.0,7.0,0,2,2,19,1.0,
202400035024,155 720 060,A01,2.0,7.0,13,0,3,10,1.0,
202400035025,155 720 059,A01,1.0,33.0,0,9,1,1,1.0,
202400035026,155 720 055,A01,1.0,7.0,0,2,1,1,1.0,
202400035027,155 720 053,A01,2.0,10.0,0,2,1,2,1.0,
202400035028,155 720 049,B01,2.0,7.0,0,2,4,23,1.0,
202400035029,155 720 047,B01,1.0,33.0,0,2,7,1,0.0,
202400035030,155 720 045,B01,1.0,50.0,0,2,1,19,3.0,
202400035031,155 720 044,A01,2.0,31.0,0,2,8,2,1.0,
202400035032,155 720 042,A01,3.0,33.0,0,2,7,1,1.0,
202400035033,155 720 041,A01,3.0,7.0,2,0,1,1,1.0,
202400035034,155 720 039,B01,1.0,7.0,0,2,6,0,2.0,
202400035035,155 720 037,B01,1.0,7.0,0,9,7,1,1.0,
202400035036,155 720 034,B01,1.0,7.0,0,2,4,1,1.0,
202400035037,155 720 033,A01,2.0,7.0,3,0,0,0,1.0,
202400035038,155 720 031,B01,2.0,33.0,0,2,7,3,1.0,
202400035039,155 720 028,B01,1.0,10.0,0,2,6,2,1.0,
202400035040,155 720 026,A01,3.0,14.0,0,2,7,1,1.0,
202400035041,155 720 025,B01,3.0,1.0,0,2,1,1,5.0,
202400035042,155 720 024,A01,2.0,7.0,4,0,1,0,1.0,
202400035043,155 720 023,A01,3.0,7.0,0,1,1,1,1.0,
202400035044,155 720 022,A01,1.0,20.0,16,0,0,2,0.0,
202400035045,155 720 018,A01,3.0,50.0,0,2,2,1,3.0,
202400035046,155 720 017,A01,2.0,7.0,0,2,6,13,1.0,
202400035047,155 720 014,A01,2.0,0.0,0,2,3,13,0.0,
202400035048,155 720 015,A01,1.0,1.0,0,0,0,0,5.0,
202400035049,155 720 012,A01,2.0,7.0,4,2,2,1,1.0,
202400035050,155 720 009,A01,1.0,1.0,0,0,0,21,5.0,
202400035051,155 720 008,B01,3.0,31.0,0,2,1,1,1.0,
202400035052,155 720 006,A01,3.0,7.0,0,1,4,20,1.0,
202400035053,155 720 002,A01,2.0,33.0,0,2,1,3,1.0,
202400035054,155 720 000,A01,1.0,7.0,0,1,1,15,1.0,
202400035055,155 720 001,A01,2.0,7.0,0,2,2,15,1.0,
202400035056,155 719 998,A01,2.0,10.0,0,2,3,11,1.0,
202400035057,155 719 997,Z01,2.0,50.0,0,1,1,1,3.0,
202400035058,155 719 993,A01,2.0,7.0,1,1,1,1,1.0,
202400035059,155 719 992,A01,1.0,34.0,0,2,7,3,1.0,
202400035060,155 719 991,B01,2.0,14.0,0,2,3,1,1.0,
202400035061,155 719 986,A01,2.0,10.0,0,2,4,2,1.0,
202400035062,155 719 982,D01,1.0,7.0,0,2,4,1,1.0,
202400035063,155 719 983,A01,3.0,7.0,6,0,1,1,1.0,
202400035064,155 719 981,C01,2.0,10.0,0,2,5,1,1.0,
202400035065,155 719 980,A01,1.0,7.0,15,0,1,1,1.0,
202400035066,155 719 977,A01,1.0,7.0,0,2,2,14,1.0,
202400035067,155 719 976,A01,2.0,7.0,4,0,3,1,1.0,
202400035068,155 719 975,A01,2.0,33.0,12,0,1,2,1.0,
202400035069,155 719 974,B01,2.0,1.0,0,2,1,1,5.0,
202400035070,155 719 971,A01,1.0,7.0,0,2,1,2,1.0,
202400035071,155 719 970,A01,1.0,7.0,0,0,3,15,1.0,
202400035072,155 719 968,A01,1.0,7.0,0,2,1,2,3.0,
202400035073,155 719 967,A01,1.0,33.0,13,0,0,1,1.0,
202400035074,155 719 966,A01,2.0,33.0,15,0,1,14,1.0,
202400035075,155 719 963,A01,2.0,33.0,0,0,7,1,1.0,
202400035076,155 719 961,A01,1.0,7.0,0,1,2,1,1.0,
202400035077,155 719 960,A01,1.0,7.0,0,2,3,15,1.0,
202400035078,155 719 959,A01,1.0,7.0,0,1,1,16,1.0,
202400035079,155 719 954,A01,1.0,7.0,0,1,3,1,1.0,
202400035080,155 719 952,A01,2.0,7.0,0,2,3,1,1.0,
202400035081,155 719 951,B01,2.0,7.0,0,2,3,1,1.0,
202400035082,155 719 950,A01,1.0,7.0,0,2,1,1,1.0,
202400035083,155 719 948,A01,1.0,7.0,13,0,3,1,2.0,
202400035084,155 719 947,A01,2.0,31.0,12,0,1,15,1.0,
202400035085,155 719 946,A01,1.0,7.0,0,2,7,1,1.0,
202400035086,155 719 945,A01,1.0,33.0,2,0,1,1,1.0,
202400035087,155 719 942,B01,3.0,1.0,0,2,8,19,5.0,
202400035088,155 719 940,A01,3.0,7.0,0,2,1,15,1.0,
202400035089,155 719 939,A01,3.0,33.0,0,0,7,1,1.0,
202400035090,155 719 938,A01,1.0,10.0,0,2,3,19,1.0,
202400035091,155 719 937,A01,2.0,7.0,15,0,1,13,1.0,
202400035092,155 719 934,A01,1.0,31.0,12,0,1,6,1.0,
202400035093,155 719 933,A01,1.0,7.0,0,2,3,10,1.0,
202400035094,155 719 931,A01,1.0,33.0,0,2,3,1,1.0,
202400035095,155 719 932,A01,0.0,50.0,0,1,0,1,3.0,
202400035096,155 719 930,A01,1.0,7.0,0,0,9,1,1.0,
202400035097,155 719 927,B01,1.0,80.0,0,2,8,5,3.0,
202400035098,155 719 925,A01,1.0,7.0,2,0,1,26,1.0,
202400035099,155 719 924,A01,2.0,7.0,2,0,1,14,1.0,
202400035100,155 719 926,A01,1.0,7.0,0,2,2,14,1.0,
202400035101,155 719 922,B01,2.0,10.0,0,0,0,11,1.0,
202400035102,155 719 918,A01,2.0,7.0,0,2,1,0,1.0,
202400035103,155 719 919,A01,0.0,7.0,0,2,2,19,1.0,
202400035104,155 719 916,A01,1.0,7.0,0,1,2,1,1.0,
202400035105,155 719 915,A01,3.0,7.0,0,9,3,1,1.0,
202400035106,155 719 914,A01,2.0,7.0,0,1,2,0,1.0,
202400035107,155 719 913,A01,1.0,2.0,13,0,7,13,1.0,
202400035108,155 719 910,A01,2.0,7.0,8,0,3,16,1.0,
202400035109,155 719 909,B01,1.0,1.0,0,2,8,2,5.0,
202400035110,155 719 908,A01,2.0,7.0,0,2,7,1,1.0,
202400035111,155 719 907,A01,3.0,7.0,16,0,1,0,1.0,
202400035112,155 719 906,A01,3.0,7.0,0,0,0,13,1.0,
202400035113,155 719 902,B01,1.0,7.0,0,2,1,1,1.0,
202400035114,155 719 901,B01,1.0,2.0,0,2,1,17,1.0,
202400035115,155 719 900,B01,2.0,10.0,0,2,2,16,1.0,
202400035116,155 719 898,A01,2.0,7.0,0,0,4,23,1.0,
202400035117,155 719 896,A01,2.0,7.0,0,1,3,1,1.0,
202400035118,155 719 894,B01,1.0,17.0,0,2,1,2,1.0,
202400035119,155 719 892,A01,3.0,7.0,0,2,2,13,1.0,
202400035120,155 719 891,A01,2.0,7.0,0,0,4,1,1.0,
202400035121,155 719 885,A01,3.0,7.0,0,2,1,16,0.0,
202400035122,155 719 884,A01,1.0,10.0,0,2,1,2,1.0,
202400035123,155 719 886,A01,1.0,7.0,0,2,7,15,1.0,
202400035124,155 719 882,A01,1.0,10.0,0,1,2,20,1.0,
202400035125,155 719 881,A01,1.0,7.0,0,2,1,19,1.0,
202400035126,155 719 879,A01,1.0,17.0,0,1,1,2,1.0,
202400035127,155 719 878,B01,2.0,7.0,0,2,4,23,1.0,
202400035128,155 719 877,A01,2.0,30.0,0,1,8,1,3.0,
202400035129,155 719 875,A01,1.0,7.0,4,0,3,13,1.0,
202400035130,155 719 870,A01,1.0,7.0,0,2,0,0,1.0,
202400035131,155 719 869,A01,1.0,10.0,0,2,1,17,1.0,
202400035132,155 719 867,B01,1.0,33.0,0,2,7,1,1.0,
202400035133,155 719 866,A01,2.0,7.0,0,2,1,13,1.0,
202400035134,155 719 864,A01,0.0,7.0,0,0,0,0,0.0,
202400035135,155 719 863,A01,1.0,7.0,0,2,3,11,1.0,
202400035136,155 719 861,A01,3.0,50.0,0,0,0,1,3.0,
202400035137,155 719 862,A01,3.0,7.0,1,1,7,26,1.0,
202400035138,155 719 860,A01,3.0,7.0,0,2,3,2,1.0,
202400035139,155 719 858,A01,1.0,10.0,0,2,3,20,1.0,
202400035140,155 719 856,A01,2.0,33.0,0,0,0,26,1.0,
202400035141,155 719 854,A01,2.0,7.0,0,2,1,1,1.0,
202400035142,155 719 852,B01,1.0,7.0,0,2,4,1,1.0,
202400035143,155 719 851,B01,2.0,7.0,0,2,4,2,1.0,
202400035144,155 719 850,A01,1.0,31.0,0,0,0,16,1.0,
202400035145,155 719 848,B01,3.0,7.0,0,1,3,1,1.0,
202400035146,155 719 847,A01,3.0,32.0,12,0,8,1,1.0,
202400035147,155 719 849,A01,2.0,1.0,16,0,1,16,5.0,
202400035148,155 719 845,A01,1.0,33.0,0,1,1,1,1.0,
202400035149,155 719 840,B01,1.0,15.0,1,0,1,1,1.0,
202400035150,155 719 841,B01,2.0,7.0,0,2,1,1,1.0,
202400035151,155 719 839,A01,3.0,7.0,0,1,1,1,1.0,
202400035152,155 719 842,A01,1.0,31.0,0,2,8,23,1.0,
202400035153,155 719 835,A01,1.0,7.0,0,2,1,1,1.0,
202400035154,155 719 833,A01,1.0,7.0,0,2,3,2,1.0,
202400035155,155 719 834,A01,1.0,33.0,0,2,1,0,1.0,
202400035156,155 719 831,A01,1.0,7.0,0,2,1,0,1.0,
202400035157,155 719 828,A01,2.0,34.0,0,0,1,1,1.0,
202400035158,155 719 827,A01,1.0,7.0,0,2,2,0,1.0,
202400035159,155 719 826,A01,1.0,7.0,0,2,2,16,1.0,
202400035160,155 719 821,A01,0.0,7.0,0,2,6,23,1.0,
202400035161,155 719 822,A01,3.0,7.0,0,2,1,0,1.0,
202400035162,155 719 819,A01,2.0,7.0,0,2,1,15,1.0,
202400035163,155 719 818,A01,1.0,2.0,0,0,3,1,0.0,
202400035164,155 719 816,A01,3.0,1.0,0,1,1,1,5.0,
202400035165,155 719 817,B01,2.0,38.0,0,2,3,1,1.0,6
202400035166,155 719 814,A01,1.0,7.0,9,0,1,1,1.0,
202400035167,155 719 813,A01,2.0,33.0,0,2,1,17,1.0,
202400035168,155 719 811,A01,1.0,7.0,0,1,2,1,1.0,
202400035169,155 719 810,A01,0.0,7.0,0,1,4,26,3.0,
202400035170,155 719 809,B01,2.0,7.0,0,2,6,0,1.0,
202400035171,155 719 807,A01,1.0,7.0,0,2,1,13,1.0,
202400035172,155 719 803,B01,2.0,1.0,0,2,0,1,5.0,
202400035173,155 719 805,A01,2.0,7.0,0,1,1,1,2.0,
202400035174,155 719 800,B01,1.0,7.0,0,2,1,11,1.0,
202400035175,155 719 797,A01,1.0,7.0,9,2,3,5,1.0,
202400035176,155 719 793,A01,2.0,17.0,0,2,1,2,1.0,
202400035177,155 719 795,A01,1.0,7.0,0,2,0,2,1.0,
202400035178,155 719 792,A01,2.0,7.0,0,0,3,1,1.0,
202400035179,155 719 790,A01,0.0,7.0,0,2,1,1,1.0,
202400035180,155 719 789,A01,1.0,7.0,3,0,3,17,2.0,
202400035181,155 719 787,A01,1.0,10.0,13,0,9,1,1.0,
202400035182,155 719 786,A01,3.0,7.0,0,2,3,13,1.0,
202400035183,155 719 785,A01,3.0,33.0,12,0,7,1,1.0,
202400035184,155 719 781,A01,2.0,7.0,6,0,1,1,1.0,
202400035185,155 719 778,A01,2.0,7.0,0,0,4,2,1.0,
202400035186,155 719 777,B01,1.0,33.0,0,2,1,1,1.0,
202400035187,155 719 776,A01,1.0,7.0,0,2,3,19,1.0,
202400035188,155 719 773,A01,3.0,7.0,1,0,2,0,1.0,
202400035189,155 719 770,A01,2.0,7.0,0,2,1,26,1.0,
202400035190,155 719 769,A01,3.0,7.0,0,2,3,1,1.0,
202400035191,155 719 766,C01,1.0,7.0,0,2,1,1,1.0,
202400035192,155 719 764,B01,1.0,33.0,0,2,1,1,1.0,
202400035193,155 719 761,A01,1.0,7.0,0,2,2,17,1.0,
202400035194,155 719 757,A01,1.0,33.0,0,2,7,3,1.0,
202400035195,155 719 756,A01,1.0,7.0,3,0,3,1,1.0,
202400035196,155 719 754,A01,3.0,7.0,0,2,7,13,2.0,
202400035197,155 719 752,B01,1.0,13.0,0,2,2,17,1.0,
202400035198,155 719 751,A01,2.0,10.0,0,2,5,12,1.0,
202400035199,155 719 749,B01,0.0,20.0,0,2,1,23,1.0,
202400035200,155 719 746,A01,1.0,33.0,0,1,3,26,1.0,
202400035201,155 719 745,A01,2.0,42.0,0,2,1,3,1.0,
202400035202,155 719 744,A01,2.0,7.0,16,0,2,13,1.0,
202400035203,155 719 743,B01,2.0,7.0,0,2,3,1,1.0,
202400035204,155 719 739,B01,2.0,15.0,0,2,4,1,1.0,
202400035205,155 719 737,A01,0.0,7.0,0,1,4,4,1.0,
202400035206,155 719 732,C01,2.0,15.0,0,2,7,1,1.0,
202400035207,155 719 729,A01,1.0,7.0,0,1,2,1,1.0,
202400035208,155 719 730,A01,2.0,33.0,0,2,0,3,1.0,
202400035209,155 719 728,A01,1.0,7.0,6,0,1,1,3.0,
202400035210,155 719 726,B01,1.0,7.0,0,2,3,1,1.0,
202400035211,155 719 725,A01,2.0,7.0,13,0,9,1,1.0,
202400035212,155 719 724,A01,3.0,2.0,2,0,1,15,1.0,
202400035213,155 719 721,A01,3.0,7.0,0,2,4,4,1.0,
202400035214,155 719 719,B01,3.0,7.0,0,2,3,15,1.0,
202400035215,155 719 718,A01,3.0,32.0,3,0,8,16,1.0,
202400035216,155 719 717,A01,1.0,7.0,0,2,8,13,1.0,
202400035217,155 719 716,A01,2.0,7.0,13,0,2,0,1.0,
202400035218,155 719 714,A01,1.0,7.0,0,1,3,1,1.0,
202400035219,155 719 711,A01,1.0,7.0,4,0,2,26,1.0,
202400035220,155 719 712,B01,2.0,7.0,0,2,8,1,1.0,
202400035221,155 719 710,A01,2.0,15.0,0,2,1,2,1.0,
202400035222,155 719 709,A01,1.0,7.0,0,1,1,1,1.0,
202400035223,155 719 704,B01,2.0,10.0,0,2,7,1,1.0,
202400035224,155 719 705,B01,1.0,7.0,0,2,5,2,1.0,
202400035225,155 719 706,A01,2.0,7.0,9,0,3,1,4.0,
202400035226,155 719 700,A01,1.0,7.0,0,2,3,1,1.0,
202400035227,155 719 698,A01,0.0,50.0,0,2,1,26,3.0,
202400035228,155 719 695,A01,2.0,32.0,0,2,3,3,1.0,
202400035229,155 719 693,A01,1.0,7.0,0,2,3,1,2.0,
202400035230,155 719 691,B01,1.0,17.0,0,0,2,1,1.0,
202400035231,155 719 689,A01,1.0,7.0,0,2,2,1,1.0,
202400035232,155 719 688,A01,2.0,7.0,0,2,7,12,1.0,
202400035233,155 719 686,A01,1.0,7.0,6,0,1,14,1.0,
202400035234,155 719 687,A01,3.0,33.0,0,0,8,26,0.0,
202400035235,155 719 683,B01,0.0,7.0,0,2,7,1,1.0,
202400035236,155 719 682,A01,1.0,32.0,0,2,3,3,1.0,
202400035237,155 719 681,A01,1.0,15.0,0,1,2,2,1.0,
202400035238,155 719 679,A01,2.0,7.0,0,5,9,1,1.0,
202400035239,155 719 676,A01,1.0,7.0,0,2,8,23,1.0,
202400035240,155 719 677,A01,2.0,7.0,0,1,3,1,1.0,
202400035241,155 719 674,A01,2.0,10.0,3,2,2,12,1.0,
202400035242,155 719 671,A01,2.0,10.0,0,2,8,11,1.0,
202400035243,155 719 668,A01,3.0,36.0,13,0,1,14,1.0,
202400035244,155 719 665,A01,2.0,7.0,0,2,1,2,1.0,
202400035245,155 719 664,B01,2.0,7.0,0,2,3,1,1.0,
202400035246,155 719 663,A01,2.0,14.0,0,2,2,12,1.0,
202400035247,155 719 662,A01,1.0,7.0,0,1,3,13,2.0,
202400035248,155 719 660,A01,2.0,7.0,0,2,1,2,2.0,
202400035249,155 719 657,A01,2.0,7.0,0,1,1,2,1.0,
202400035250,155 719 653,A01,3.0,7.0,0,2,7,26,1.0,
202400035251,155 719 652,C01,1.0,7.0,0,2,1,1,1.0,
202400035252,155 719 654,A01,2.0,30.0,0,2,1,17,1.0,
202400035253,155 719 646,A01,2.0,1.0,0,2,7,1,5.0,
202400035254,155 719 645,A01,1.0,10.0,0,2,2,14,1.0,
202400035255,155 719 643,A01,1.0,40.0,0,1,1,1,3.0,
202400035256,155 719 644,A01,3.0,30.0,0,2,1,19,1.0,
202400035257,155 719 642,A01,0.0,7.0,2,0,3,1,1.0,
202400035258,155 719 640,A01,2.0,7.0,1,0,2,14,1.0,
202400035259,155 719 637,C01,1.0,7.0,0,2,4,1,0.0,
202400035260,155 719 634,A01,0.0,7.0,0,1,1,1,1.0,
202400035261,155 719 635,A01,1.0,7.0,0,2,2,9,1.0,
202400035262,155 719 633,B01,2.0,33.0,0,2,1,17,1.0,
202400035263,155 719 630,B01,2.0,7.0,0,2,4,2,1.0,
202400035264,155 719 628,B01,3.0,2.0,0,2,1,1,1.0,
202400035265,155 719 624,A01,1.0,7.0,4,2,0,2,1.0,
202400035266,155 719 625,A01,1.0,7.0,0,0,8,15,1.0,
202400035267,155 719 622,A01,1.0,7.0,13,2,3,1,1.0,
202400035268,155 719 619,A01,1.0,7.0,0,2,2,2,1.0,
202400035269,155 719 616,A01,1.0,7.0,12,0,9,1,1.0,
202400035270,155 719 617,A01,1.0,7.0,0,1,2,1,1.0,
202400035271,155 719 614,B01,2.0,33.0,0,0,1,1,1.0,
202400035272,155 719 613,B01,1.0,7.0,0,2,3,11,0.0,
202400035273,155 719 612,A01,3.0,7.0,4,0,1,26,1.0,
202400035274,155 719 607,B01,1.0,10.0,0,2,6,1,1.0,
202400035275,155 719 609,A01,2.0,7.0,0,2,3,20,1.0,
202400035276,155 719 604,A01,1.0,32.0,0,0,7,21,1.0,
202400035277,155 719 602,A01,1.0,7.0,4,0,9,1,1.0,
202400035278,155 719 603,B01,1.0,7.0,0,2,4,23,1.0,
202400035279,155 719 599,A01,2.0,7.0,0,1,7,1,1.0,
202400035280,155 719 597,A01,1.0,7.0,0,2,6,1,1.0,
202400035281,155 719 596,B01,2.0,37.0,0,2,3,1,1.0,3
202400035282,155 719 598,A01,2.0,7.0,3,0,9,0,1.0,
202400035283,155 719 593,A01,2.0,7.0,0,2,7,13,1.0,
202400035284,155 719 594,A01,1.0,30.0,12,0,1,1,1.0,
202400035285,155 719 591,A01,2.0,7.0,3,0,9,26,1.0,
202400035286,155 719 588,A01,2.0,7.0,4,0,2,0,1.0,
202400035287,155 719 590,A01,1.0,7.0,0,2,1,15,1.0,
202400035288,155 719 587,A01,1.0,7.0,0,2,2,10,1.0,
202400035289,155 719 583,A01,1.0,7.0,0,2,4,1,1.0,
202400035290,155 719 586,A01,1.0,7.0,0,1,1,15,2.0,
202400035291,155 719 580,B01,2.0,10.0,0,2,9,0,1.0,
202400035292,155 719 579,A01,2.0,7.0,4,0,1,1,1.0,
202400035293,155 719 581,A01,3.0,7.0,0,2,3,21,1.0,
202400035294,155 719 578,A01,1.0,7.0,6,0,2,26,1.0,
202400035295,155 719 576,A01,1.0,7.0,8,0,1,26,1.0,
202400035296,155 719 577,A01,1.0,7.0,13,0,1,26,1.0,
202400035297,155 719 575,A01,1.0,1.0,0,2,0,0,5.0,
202400035298,155 719 573,A01,1.0,7.0,13,0,0,0,1.0,
202400035299,155 719 572,A01,1.0,0.0,0,1,1,1,1.0,
202400035300,155 719 574,A01,2.0,7.0,2,0,1,1,1.0,
202400035301,155 719 570,A01,2.0,7.0,0,2,2,1,2.0,
202400035302,155 719 567,B01,0.0,7.0,0,0,0,0,0.0,
202400035303,155 719 566,A01,1.0,7.0,1,2,2,14,1.0,
202400035304,155 719 565,A01,1.0,50.0,0,1,0,21,3.0,
202400035305,155 719 564,A01,3.0,13.0,0,1,1,1,1.0,
202400035306,155 719 562,A01,2.0,7.0,9,0,1,1,1.0,
202400035307,155 719 560,A01,1.0,7.0,0,2,1,15,1.0,
202400035308,155 719 559,A01,3.0,1.0,0,0,0,1,5.0,
202400035309,155 719 558,B01,1.0,33.0,0,2,1,1,1.0,
202400035310,155 719 553,A01,2.0,7.0,0,2,7,2,1.0,
202400035311,155 719 551,A01,3.0,7.0,0,2,1,17,1.0,
202400035312,155 719 555,B01,3.0,7.0,0,2,6,1,1.0,
202400035313,155 719 550,A01,3.0,7.0,0,2,1,2,1.0,
202400035314,155 719 549,A01,2.0,31.0,0,0,0,21,1.0,
202400035315,155 719 547,A01,1.0,7.0,0,1,1,1,1.0,
202400035316,155 719 545,A01,1.0,7.0,14,0,1,1,3.0,
202400035317,155 719 546,B01,2.0,33.0,0,2,1,1,1.0,
202400035318,155 719 543,A01,1.0,7.0,0,2,2,15,1.0,
202400035319,155 719 540,A01,1.0,7.0,0,2,2,17,1.0,
202400035320,155 719 538,A01,3.0,7.0,0,2,3,9,1.0,
202400035321,155 719 535,A01,2.0,7.0,0,2,3,9,1.0,
202400035322,155 719 530,A01,1.0,10.0,0,2,5,1,1.0,
202400035323,155 719 531,A01,0.0,7.0,0,2,1,1,0.0,
202400035324,155 719 527,A01,2.0,7.0,6,0,1,14,1.0,
202400035325,155 719 524,B01,1.0,30.0,0,2,1,1,1.0,
202400035326,155 719 521,B01,1.0,2.0,0,2,8,18,1.0,
202400035327,155 719 520,A01,2.0,33.0,0,2,7,17,1.0,
202400035328,155 719 518,A01,3.0,20.0,0,1,4,26,1.0,
202400035329,155 719 517,A01,2.0,10.0,0,2,1,15,1.0,
202400035330,155 719 515,Z01,1.0,7.0,0,1,0,0,0.0,
202400035331,155 719 514,B01,0.0,7.0,0,2,7,16,1.0,
202400035332,155 719 512,A01,2.0,7.0,0,1,1,1,1.0,
202400035333,155 719 508,B01,2.0,7.0,0,0,0,0,1.0,
202400035334,155 719 510,A01,1.0,7.0,0,1,3,1,1.0,
202400035335,155 719 505,A01,2.0,14.0,0,2,7,12,1.0,
202400035336,155 719 506,A01,3.0,2.0,0,2,7,17,1.0,
202400035337,155 719 504,A01,3.0,7.0,0,1,7,26,2.0,
202400035338,155 719 503,A01,1.0,7.0,4,0,1,0,1.0,
202400035339,155 719 499,A01,1.0,7.0,0,2,1,3,1.0,
202400035340,155 719 497,A01,1.0,30.0,0,2,1,19,1.0,