Num_Acc,id_vehicule,num_veh,senc,catv,obs,obsm,choc,manv,motor,occutc
202400035341,155 719 493,A01,1.0,33.0,0,2,2,13,1.0,
202400035342,155 719 492,Z01,0.0,0.0,0,1,8,2,0.0,
202400035343,155 719 491,A01,2.0,33.0,0,2,1,2,1.0,
202400035344,155 719 489,A01,2.0,7.0,8,0,1,1,1.0,
202400035345,155 719 488,A01,3.0,7.0,0,2,1,13,1.0,
202400035346,155 719 486,A01,2.0,7.0,0,0,2,14,1.0,
202400035347,155 719 485,A01,2.0,7.0,0,2,2,1,1.0,
202400035348,155 719 483,A01,1.0,7.0,0,1,2,1,2.0,
202400035349,155 719 484,A01,1.0,7.0,0,1,0,1,0.0,
202400035350,155 719 482,Z01,2.0,31.0,0,1,0,26,1.0,
202400035351,155 719 480,A01,0.0,7.0,1,1,3,1,1.0,
202400035352,155 719 479,A01,1.0,7.0,1,0,1,1,0.0,
202400035353,155 719 478,A01,1.0,10.0,0,2,6,10,1.0,
202400035354,155 719 474,A01,1.0,7.0,8,0,1,1,1.0,
202400035355,155 719 475,B01,1.0,7.0,0,2,1,1,1.0,
202400035356,155 719 472,B01,1.0,7.0,0,0,1,2,1.0,
202400035357,155 719 471,A01,2.0,7.0,9,2,8,1,1.0,
202400035358,155 719 470,A01,3.0,7.0,0,1,3,15,1.0,
202400035359,155 719 465,C01,3.0,7.0,0,2,4,23,1.0,
202400035360,155 719 466,B01,1.0,7.0,0,2,1,1,1.0,
202400035361,155 719 461,A01,1.0,31.0,0,2,2,17,1.0,
202400035362,155 719 462,A01,1.0,7.0,0,2,1,1,1.0,
202400035363,155 719 459,B01,2.0,7.0,0,2,7,15,1.0,
202400035364,155 719 454,A01,1.0,37.0,0,2,3,1,3.0,2
202400035365,155 719 455,A01,3.0,7.0,0,2,2,9,1.0,
202400035366,155 719 453,A01,2.0,7.0,0,2,1,1,1.0,
202400035367,155 719 452,A01,1.0,10.0,0,1,3,1,1.0,
202400035368,155 719 451,A01,1.0,33.0,0,0,3,1,1.0,
202400035369,155 719 450,A01,2.0,43.0,0,1,1,3,1.0,
202400035370,155 719 447,A01,2.0,7.0,0,2,2,20,1.0,
202400035371,155 719 444,A01,1.0,7.0,0,2,3,2,1.0,
202400035372,155 719 443,A01,3.0,7.0,0,2,3,1,1.0,
202400035373,155 719 442,A01,2.0,7.0,0,9,2,15,1.0,
202400035374,155 719 437,A01,3.0,7.0,0,1,2,16,1.0,
202400035375,155 719 439,B01,1.0,30.0,0,2,1,1,1.0,
202400035376,155 719 434,A01,2.0,7.0,0,2,1,2,1.0,
202400035377,155 719 433,A01,2.0,7.0,6,0,1,16,1.0,
202400035378,155 719 432,A01,2.0,1.0,0,1,1,1,5.0,
202400035379,155 719 430,A01,1.0,7.0,1,0,1,2,1.0,
202400035380,155 719 425,B01,2.0,33.0,0,2,1,1,1.0,
202400035381,155 719 424,B01,1.0,33.0,0,2,1,13,1.0,
202400035382,155 719 426,A01,1.0,1.0,0,2,1,1,5.0,
202400035383,155 719 423,A01,2.0,7.0,0,1,1,1,2.0,
202400035384,155 719 419,B01,1.0,7.0,0,2,6,1,1.0,
202400035385,155 719 417,A01,2.0,13.0,0,0,0,0,1.0,
202400035386,155 719 418,A01,2.0,2.0,0,2,8,16,1.0,
202400035387,155 719 415,A01,1.0,30.0,1,2,1,14,3.0,
202400035388,155 719 411,A01,1.0,7.0,0,2,3,1,1.0,
202400035389,155 719 412,A01,1.0,30.0,14,1,7,1,1.0,
202400035390,155 719 410,B01,1.0,10.0,0,2,2,26,0.0,
202400035391,155 719 405,A01,1.0,7.0,0,1,3,1,1.0,
202400035392,155 719 407,A01,2.0,80.0,0,1,7,1,3.0,
202400035393,155 719 406,B01,1.0,40.0,0,2,1,1,3.0,
202400035394,155 719 404,B01,3.0,1.0,0,2,1,1,5.0,
202400035395,155 719 398,A01,3.0,7.0,0,1,2,1,1.0,
202400035396,155 719 401,A01,1.0,7.0,0,2,8,10,1.0,
202400035397,155 719 400,A01,2.0,7.0,0,0,2,1,1.0,
202400035398,155 719 397,A01,1.0,7.0,0,2,6,2,1.0,
202400035399,155 719 393,A01,1.0,7.0,0,1,3,1,1.0,
202400035400,155 719 394,A01,2.0,7.0,0,2,1,1,1.0,
202400035401,155 719 395,A01,1.0,1.0,12,0,2,14,5.0,
202400035402,155 719 390,A01,3.0,33.0,12,2,4,26,1.0,
202400035403,155 719 387,A01,1.0,7.0,0,9,6,0,1.0,
202400035404,155 719 385,A01,1.0,7.0,0,2,2,1,1.0,
202400035405,155 719 386,A01,1.0,31.0,1,1,1,17,1.0,
202400035406,155 719 380,A01,1.0,10.0,0,2,1,13,1.0,
202400035407,155 719 379,B01,3.0,7.0,0,2,4,23,1.0,
202400035408,155 719 375,A01,2.0,7.0,0,2,1,2,1.0,
202400035409,155 719 373,B01,3.0,7.0,0,2,2,1,1.0,
202400035410,155 719 372,A01,2.0,7.0,0,2,2,15,1.0,
202400035411,155 719 371,A01,2.0,7.0,0,2,2,23,1.0,
202400035412,155 719 365,A01,1.0,7.0,0,1,1,1,2.0,
202400035413,155 719 367,B01,2.0,7.0,1,0,4,17,1.0,
202400035414,155 719 366,B01,1.0,7.0,0,2,1,21,1.0,
202400035415,155 719 364,A01,3.0,7.0,2,0,1,13,1.0,
202400035416,155 719 361,A01,3.0,7.0,0,1,1,1,1.0,
202400035417,155 719 360,B01,2.0,31.0,0,2,1,1,1.0,
202400035418,155 719 357,B01,1.0,7.0,0,2,1,1,1.0,
202400035419,155 719 359,A01,1.0,7.0,1,0,2,16,1.0,
202400035420,155 719 356,A01,3.0,7.0,0,2,1,1,1.0,
202400035421,155 719 352,B01,1.0,7.0,0,2,1,1,1.0,
202400035422,155 719 351,A01,1.0,31.0,0,2,1,1,0.0,
202400035423,155 719 355,A01,3.0,7.0,6,0,1,16,1.0,
202400035424,155 719 344,A01,0.0,7.0,0,2,2,15,1.0,
202400035425,155 719 343,A01,1.0,7.0,0,2,3,5,1.0,
202400035426,155 719 341,A01,2.0,7.0,0,2,3,9,1.0,
202400035427,155 719 342,A01,3.0,30.0,0,2,2,1,1.0,
202400035428,155 719 337,A01,2.0,7.0,0,2,2,5,1.0,
202400035429,155 719 336,B01,2.0,10.0,0,2,3,23,1.0,
202400035430,155 719 338,A01,3.0,7.0,0,1,2,21,1.0,
202400035431,155 719 334,A01,1.0,33.0,8,2,3,17,1.0,
202400035432,155 719 331,A01,1.0,10.0,0,2,1,13,1.0,
202400035433,155 719 330,A01,2.0,7.0,0,2,1,15,1.0,
202400035434,155 719 328,A01,2.0,7.0,2,0,2,16,1.0,
202400035435,155 719 327,A01,1.0,30.0,0,2,0,0,1.0,
202400035436,155 719 325,A01,2.0,7.0,0,1,1,1,1.0,
202400035437,155 719 326,A01,3.0,7.0,0,1,1,16,1.0,
202400035438,155 719 322,A01,3.0,30.0,15,1,1,25,1.0,
202400035439,155 719 321,A01,2.0,10.0,0,1,1,1,1.0,
202400035440,155 719 319,A01,3.0,15.0,0,2,1,2,1.0,
202400035441,155 719 316,A01,0.0,7.0,0,1,1,1,1.0,
202400035442,155 719 315,A01,0.0,7.0,0,2,8,26,1.0,
202400035443,155 719 314,B01,1.0,2.0,0,2,1,1,1.0,
202400035444,155 719 311,A01,2.0,7.0,8,0,1,26,1.0,
202400035445,155 719 310,Y01,3.0,50.0,0,2,3,26,3.0,
202400035446,155 719 309,B01,2.0,33.0,0,2,2,1,1.0,
202400035447,155 719 306,A01,1.0,7.0,0,2,2,1,1.0,
202400035448,155 719 305,A01,3.0,50.0,0,0,1,1,3.0,
202400035449,155 719 303,B01,2.0,1.0,0,2,2,1,5.0,
202400035450,155 719 298,A01,1.0,7.0,0,2,2,1,1.0,
202400035451,155 719 296,B01,2.0,10.0,0,2,7,16,1.0,
202400035452,155 719 292,A01,2.0,7.0,0,2,3,9,1.0,
202400035453,155 719 295,A01,0.0,7.0,0,2,1,1,1.0,
202400035454,155 719 293,B01,2.0,1.0,1,0,8,1,5.0,
202400035455,155 719 291,A01,1.0,31.0,7,0,2,26,1.0,
202400035456,155 719 286,A01,2.0,7.0,0,1,3,1,2.0,
202400035457,155 719 285,A01,3.0,7.0,0,2,1,13,0.0,
202400035458,155 719 287,A01,1.0,7.0,0,9,3,15,1.0,
202400035459,155 719 288,A01,2.0,7.0,0,1,1,15,1.0,
202400035460,155 719 283,A01,2.0,13.0,0,2,5,4,1.0,
202400035461,155 719 280,Z01,1.0,10.0,0,1,1,1,0.0,
202400035462,155 719 278,A01,1.0,30.0,0,2,1,26,1.0,
202400035463,155 719 275,A01,2.0,13.0,0,2,1,1,1.0,
202400035464,155 719 272,A01,1.0,7.0,0,2,1,21,1.0,
202400035465,155 719 269,A01,2.0,10.0,0,2,1,2,1.0,
202400035466,155 719 266,A01,3.0,7.0,0,1,1,19,6.0,
202400035467,155 719 267,A01,3.0,7.0,0,2,1,5,1.0,
202400035468,155 719 263,B01,1.0,33.0,0,2,1,1,1.0,
202400035469,155 719 261,A01,1.0,7.0,0,2,8,10,1.0,
202400035470,155 719 260,A01,3.0,7.0,0,0,1,1,1.0,
202400035471,155 719 259,B01,3.0,32.0,0,2,0,0,0.0,
202400035472,155 719 255,A01,3.0,7.0,0,2,3,1,1.0,
202400035473,155 719 257,A01,1.0,7.0,5,0,2,0,1.0,
202400035474,155 719 253,A01,2.0,7.0,0,2,3,13,1.0,
202400035475,155 719 252,A01,0.0,7.0,0,2,5,15,1.0,
202400035476,155 719 249,B01,2.0,1.0,0,2,1,1,5.0,
202400035477,155 719 244,A01,2.0,7.0,0,2,3,11,2.0,
202400035478,155 719 245,B01,1.0,31.0,0,2,1,1,1.0,
202400035479,155 719 243,A01,1.0,7.0,0,2,1,13,1.0,
202400035480,155 719 242,Z01,2.0,31.0,0,1,0,1,0.0,
202400035481,155 719 239,Z01,1.0,7.0,0,2,1,2,1.0,
202400035482,155 719 237,A01,1.0,7.0,0,2,1,1,2.0,
202400035483,155 719 236,A01,0.0,7.0,1,2,1,1,1.0,
202400035484,155 719 233,A01,3.0,7.0,0,2,2,15,1.0,
202400035485,155 719 232,A01,3.0,21.0,0,0,0,13,1.0,
202400035486,155 719 229,A01,3.0,10.0,0,2,4,4,1.0,
202400035487,155 719 226,B01,1.0,1.0,0,2,3,7,5.0,
202400035488,155 719 227,B01,2.0,1.0,0,0,8,1,5.0,
202400035489,155 719 225,A01,2.0,7.0,15,0,9,1,1.0,
202400035490,155 719 221,A01,2.0,2.0,6,0,1,10,1.0,
202400035491,155 719 219,B01,0.0,37.0,0,2,4,1,1.0,1
202400035492,155 719 220,A01,2.0,7.0,0,9,8,22,1.0,
202400035493,155 719 217,B01,2.0,33.0,0,2,8,1,1.0,
202400035494,155 719 213,A01,2.0,7.0,0,2,1,15,1.0,
202400035495,155 719 212,A01,1.0,10.0,0,2,1,2,1.0,
202400035496,155 719 211,A01,1.0,7.0,0,2,2,1,3.0,
202400035497,155 719 209,A01,1.0,7.0,0,2,3,9,1.0,
202400035498,155 719 204,A01,2.0,1.0,0,2,3,15,5.0,
202400035499,155 719 202,A01,1.0,1.0,0,2,0,1,5.0,
202400035500,155 719 201,A01,1.0,7.0,0,2,3,16,2.0,
202400035501,155 719 203,A01,2.0,2.0,12,2,7,1,1.0,
202400035502,155 719 197,A01,1.0,7.0,0,0,0,1,1.0,
202400035503,155 719 196,A01,2.0,31.0,1,0,0,26,1.0,
202400035504,155 719 198,A01,1.0,1.0,0,0,0,1,5.0,
202400035505,155 719 194,A01,1.0,7.0,0,2,1,1,1.0,
202400035506,155 719 191,A01,1.0,7.0,0,1,3,1,1.0,
202400035507,155 719 188,A01,1.0,7.0,0,1,1,15,1.0,
202400035508,155 719 185,B01,1.0,10.0,0,2,0,9,1.0,
202400035509,155 719 186,A01,1.0,31.0,0,2,1,2,1.0,
202400035510,155 719 184,A01,2.0,33.0,0,0,8,15,1.0,
202400035511,155 719 182,A01,2.0,7.0,1,0,1,26,1.0,
202400035512,155 719 181,A01,3.0,7.0,0,2,1,15,1.0,
202400035513,155 719 176,A01,1.0,7.0,0,2,3,17,1.0,
202400035514,155 719 175,A01,2.0,1.0,0,1,1,1,5.0,
202400035515,155 719 170,A01,1.0,37.0,0,9,1,2,3.0,1
202400035516,155 719 173,B01,1.0,33.0,0,2,8,2,1.0,
202400035517,155 719 168,A01,3.0,7.0,0,2,3,17,6.0,
202400035518,155 719 165,A01,1.0,1.0,8,0,1,1,5.0,
202400035519,155 719 161,A01,3.0,10.0,0,2,2,20,1.0,
202400035520,155 719 160,B01,3.0,33.0,0,9,3,23,1.0,
202400035521,155 719 159,A01,2.0,7.0,0,1,3,16,2.0,
202400035522,155 719 156,A01,2.0,7.0,4,0,9,26,1.0,
202400035523,155 719 158,A01,2.0,50.0,0,0,0,1,3.0,
202400035524,155 719 157,A01,3.0,7.0,0,2,1,1,1.0,
202400035525,155 719 153,A01,1.0,10.0,0,9,5,26,1.0,
202400035526,155 719 152,B01,2.0,7.0,0,2,2,21,1.0,
202400035527,155 719 151,A01,1.0,7.0,0,1,1,1,1.0,
202400035528,155 719 150,A01,1.0,7.0,0,1,3,1,1.0,
202400035529,155 719 147,A01,1.0,7.0,0,6,1,0,2.0,
202400035530,155 719 146,A01,1.0,10.0,0,2,7,15,1.0,
202400035531,155 719 145,B01,3.0,1.0,0,2,1,5,5.0,
202400035532,155 719 143,A01,2.0,7.0,0,2,6,11,1.0,
202400035533,155 719 141,A01,1.0,7.0,0,1,2,1,1.0,
202400035534,155 719 137,A01,2.0,34.0,0,1,1,1,1.0,
202400035535,155 719 138,A01,2.0,7.0,0,0,2,2,1.0,
202400035536,155 719 134,B01,0.0,32.0,0,2,1,1,1.0,
202400035537,155 719 136,B01,1.0,7.0,7,2,4,1,1.0,
202400035538,155 719 132,A01,2.0,7.0,0,2,3,13,2.0,
202400035539,155 719 131,A01,3.0,33.0,0,1,3,1,1.0,
202400035540,155 719 129,A01,1.0,7.0,0,1,1,2,1.0,
202400035541,155 719 124,A01,2.0,1.0,0,2,2,1,5.0,
202400035542,155 719 122,B01,2.0,7.0,0,2,1,1,1.0,
202400035543,155 719 121,A01,3.0,33.0,0,2,3,17,1.0,
202400035544,155 719 123,B01,3.0,2.0,0,2,4,0,1.0,
202400035545,155 719 119,A01,2.0,7.0,0,2,5,15,3.0,
202400035546,155 719 114,A01,1.0,10.0,1,0,2,0,1.0,
202400035547,155 719 113,A01,1.0,32.0,0,2,2,17,1.0,
202400035548,155 719 115,A01,1.0,15.0,0,2,1,2,1.0,
202400035549,155 719 109,A01,3.0,7.0,0,1,2,16,1.0,
202400035550,155 719 111,B01,2.0,7.0,0,2,1,1,1.0,
202400035551,155 719 110,A01,1.0,7.0,12,1,1,26,1.0,
202400035552,155 719 107,A01,2.0,7.0,1,0,2,14,1.0,
202400035553,155 719 105,A01,2.0,7.0,0,2,1,13,1.0,
202400035554,155 719 102,A01,3.0,7.0,0,2,1,13,1.0,
202400035555,155 719 098,B01,3.0,7.0,0,2,1,1,0.0,
202400035556,155 719 097,B01,1.0,7.0,0,0,1,19,0.0,
202400035557,155 719 099,A01,1.0,7.0,0,2,0,21,1.0,
202400035558,155 719 095,A01,3.0,50.0,0,0,0,0,3.0,
202400035559,155 719 094,A01,0.0,7.0,0,1,7,1,1.0,
202400035560,155 719 087,A01,2.0,32.0,1,0,2,1,1.0,
202400035561,155 719 086,A01,2.0,10.0,1,2,2,0,1.0,
202400035562,155 719 084,C01,1.0,7.0,0,0,4,2,1.0,
202400035563,155 719 083,B01,1.0,33.0,0,2,8,23,1.0,
202400035564,155 719 080,A01,2.0,40.0,0,1,2,26,0.0,
202400035565,155 719 081,A01,1.0,7.0,6,0,1,1,1.0,
202400035566,155 719 078,B01,1.0,33.0,0,2,1,1,1.0,
202400035567,155 719 077,A01,3.0,7.0,0,1,2,15,1.0,
202400035568,155 719 076,A01,2.0,13.0,0,2,6,23,1.0,
202400035569,155 719 074,A01,0.0,15.0,0,1,0,26,0.0,
202400035570,155 719 075,A01,3.0,10.0,0,1,2,0,0.0,
202400035571,155 719 071,B01,2.0,7.0,0,2,1,9,1.0,
202400035572,155 719 069,A01,1.0,7.0,0,2,1,1,1.0,
202400035573,155 719 066,A01,1.0,17.0,3,9,1,6,1.0,
202400035574,155 719 064,B01,0.0,7.0,0,2,1,1,1.0,
202400035575,155 719 062,A01,2.0,7.0,0,2,2,1,1.0,
202400035576,155 719 060,A01,2.0,7.0,0,2,1,1,1.0,
202400035577,155 719 056,A01,3.0,7.0,0,1,6,4,3.0,
202400035578,155 719 059,A01,1.0,13.0,0,2,3,1,1.0,
202400035579,155 719 055,A01,2.0,7.0,0,9,3,1,1.0,
202400035580,155 719 054,A01,2.0,7.0,0,2,2,1,1.0,
202400035581,155 719 053,A01,1.0,7.0,6,0,3,26,1.0,
202400035582,155 719 049,A01,2.0,7.0,2,0,3,14,1.0,
202400035583,155 719 048,B01,1.0,50.0,0,2,1,1,3.0,
202400035584,155 719 046,A01,2.0,7.0,0,2,2,15,2.0,
202400035585,155 719 047,A01,1.0,33.0,0,2,1,18,1.0,
202400035586,155 719 044,A01,2.0,7.0,1,0,1,1,1.0,
202400035587,155 719 045,A01,1.0,7.0,6,0,1,14,2.0,
202400035588,155 719 043,A01,2.0,7.0,0,1,2,14,1.0,
202400035589,155 719 040,A01,2.0,1.0,0,2,1,1,5.0,
202400035590,155 719 037,B01,1.0,7.0,0,2,1,1,1.0,
202400035591,155 719 033,B01,1.0,7.0,0,2,4,2,1.0,
202400035592,155 719 035,A01,1.0,7.0,0,2,3,13,1.0,
202400035593,155 719 031,A01,2.0,7.0,0,2,1,15,2.0,
202400035594,155 719 029,A01,0.0,7.0,0,2,1,2,1.0,
202400035595,155 719 027,A01,1.0,10.0,16,0,2,21,1.0,
202400035596,155 719 026,A01,2.0,7.0,0,9,1,26,1.0,
202400035597,155 719 025,A01,2.0,33.0,0,2,1,1,1.0,
202400035598,155 719 024,A01,1.0,7.0,0,1,1,1,1.0,
202400035599,155 719 023,A01,1.0,7.0,6,0,1,14,1.0,
202400035600,155 719 021,A01,2.0,17.0,0,0,6,23,1.0,
202400035601,155 719 016,A01,1.0,7.0,0,2,1,2,2.0,
202400035602,155 719 015,A01,2.0,7.0,0,2,3,15,3.0,
202400035603,155 719 017,A01,2.0,10.0,0,2,3,1,1.0,
202400035604,155 719 011,B01,3.0,1.0,0,2,7,26,5.0,
202400035605,155 719 012,B01,1.0,31.0,0,2,1,1,1.0,
202400035606,155 719 007,B01,3.0,43.0,0,2,0,0,1.0,
202400035607,155 719 008,A01,1.0,2.0,0,-1,-1,1,1.0,
202400035608,155 719 006,B01,2.0,2.0,0,2,3,1,0.0,
202400035609,155 719 005,A01,1.0,7.0,2,0,1,1,1.0,
202400035610,155 719 002,A01,3.0,7.0,2,0,1,13,1.0,
202400035611,155 719 000,A01,2.0,7.0,0,2,1,13,1.0,
202400035612,155 719 001,A01,2.0,7.0,0,2,8,11,1.0,
202400035613,155 718 999,Z01,2.0,0.0,0,1,1,11,0.0,
202400035614,155 718 997,A01,1.0,7.0,0,2,7,16,1.0,
202400035615,155 718 995,A01,2.0,7.0,2,0,2,1,1.0,
202400035616,155 718 992,A01,1.0,7.0,0,2,2,15,1.0,
202400035617,155 718 990,A01,1.0,30.0,0,2,1,1,1.0,
202400035618,155 718 991,A01,1.0,30.0,0,2,3,7,1.0,
202400035619,155 718 986,A01,1.0,7.0,0,0,4,1,1.0,
202400035620,155 718 983,A01,1.0,7.0,0,2,1,19,1.0,
202400035621,155 718 982,A01,1.0,7.0,0,2,1,1,1.0,
202400035622,155 718 981,A01,1.0,7.0,13,0,2,1,1.0,
202400035623,155 718 980,A01,3.0,7.0,3,2,3,1,1.0,
202400035624,155 718 977,A01,1.0,33.0,0,2,2,17,1.0,
202400035625,155 718 975,A01,3.0,10.0,0,1,8,1,1.0,
202400035626,155 718 973,A01,2.0,7.0,0,0,8,10,1.0,
202400035627,155 718 972,B01,1.0,7.0,11,2,1,0,1.0,
202400035628,155 718 969,A01,3.0,7.0,0,2,3,1,1.0,
202400035629,155 718 966,A01,2.0,7.0,0,2,1,19,1.0,
202400035630,155 718 965,A01,1.0,33.0,0,2,1,1,1.0,
202400035631,155 718 963,B01,1.0,1.0,0,2,8,9,5.0,
202400035632,155 718 956,B01,1.0,7.0,0,2,3,1,0.0,
202400035633,155 718 955,A01,2.0,7.0,0,2,3,5,2.0,
202400035634,155 718 954,A01,2.0,7.0,0,2,1,1,1.0,
202400035635,155 718 953,B01,2.0,7.0,0,2,4,1,0.0,
202400035636,155 718 952,A01,1.0,10.0,0,1,3,1,1.0,
202400035637,155 718 948,A01,2.0,7.0,1,0,2,1,1.0,
202400035638,155 718 950,A01,2.0,17.0,6,0,1,13,1.0,
202400035639,155 718 947,A01,2.0,7.0,0,0,1,2,2.0,
202400035640,155 718 944,A01,1.0,30.0,0,2,1,14,1.0,
202400035641,155 718 938,A01,1.0,33.0,0,2,1,17,1.0,
202400035642,155 718 942,A01,3.0,10.0,4,0,3,1,1.0,
202400035643,155 718 933,A01,2.0,10.0,6,0,1,13,1.0,
202400035644,155 718 937,C01,1.0,7.0,0,2,1,23,1.0,
202400035645,155 718 931,B01,2.0,7.0,0,2,4,2,1.0,
202400035646,155 718 925,A01,2.0,7.0,8,2,1,13,1.0,
202400035647,155 718 926,A01,1.0,7.0,0,2,7,1,1.0,
202400035648,155 718 924,A01,2.0,7.0,0,9,7,16,1.0,
202400035649,155 718 922,A01,1.0,7.0,3,0,1,1,1.0,
202400035650,155 718 917,A01,2.0,33.0,0,2,3,3,1.0,
202400035651,155 718 921,A01,1.0,7.0,0,1,2,21,1.0,
202400035652,155 718 923,A01,1.0,15.0,0,2,1,21,1.0,
202400035653,155 718 914,B01,1.0,17.0,0,2,1,1,0.0,
202400035654,155 718 912,B01,2.0,15.0,0,2,6,1,1.0,
202400035655,155 718 910,Z01,1.0,7.0,0,1,2,11,0.0,
202400035656,155 718 909,A01,2.0,7.0,0,2,3,11,1.0,
202400035657,155 718 908,A01,1.0,7.0,6,0,1,1,1.0,
202400035658,155 718 903,A01,1.0,10.0,0,2,4,1,1.0,
202400035659,155 718 902,B01,1.0,33.0,0,2,1,1,1.0,
202400035660,155 718 901,A01,1.0,7.0,0,0,3,13,1.0,
202400035661,155 718 899,B01,3.0,7.0,0,2,7,1,1.0,
202400035662,155 718 897,A01,2.0,33.0,0,0,1,1,1.0,
202400035663,155 718 894,A01,2.0,7.0,0,2,2,12,1.0,
202400035664,155 718 893,A01,3.0,7.0,0,2,3,1,1.0,
202400035665,155 718 895,A01,1.0,7.0,0,2,1,2,1.0,
202400035666,155 718 891,A01,1.0,50.0,0,0,1,15,3.0,
202400035667,155 718 889,A01,1.0,7.0,0,0,0,1,1.0,
202400035668,155 718 884,A01,1.0,33.0,0,2,8,26,1.0,
202400035669,155 718 885,A01,0.0,33.0,0,0,8,0,1.0,
202400035670,155 718 883,A01,1.0,7.0,0,2,7,14,1.0,
202400035671,155 718 887,B01,1.0,7.0,0,2,8,1,3.0,
202400035672,155 718 878,A01,3.0,7.0,0,0,4,26,1.0,
202400035673,155 718 879,B01,,0.0,-1,-1,-1,-1,,
202400035674,155 718 877,A01,1.0,7.0,0,2,2,1,1.0,
202400035675,155 718 876,A01,2.0,1.0,14,0,1,26,5.0,
202400035676,155 718 872,A01,0.0,7.0,0,2,5,1,1.0,
202400035677,155 718 871,A01,2.0,7.0,0,2,7,1,1.0,
202400035678,155 718 863,A01,1.0,7.0,0,2,1,1,1.0,
202400035679,155 718 865,Z01,2.0,31.0,0,1,1,1,1.0,
202400035680,155 718 861,A01,2.0,7.0,0,2,3,1,1.0,
202400035681,155 718 860,A01,1.0,15.0,0,0,9,2,1.0,
202400035682,155 718 859,B01,3.0,1.0,0,2,3,26,5.0,
202400035683,155 718 857,A01,0.0,7.0,0,1,2,1,1.0,
202400035684,155 718 855,A01,2.0,7.0,0,2,1,13,1.0,
202400035685,155 718 854,A01,1.0,10.0,0,2,1,2,1.0,
202400035686,155 718 853,A01,1.0,7.0,6,0,1,14,1.0,
202400035687,155 718 849,A01,3.0,7.0,0,2,1,13,1.0,
202400035688,155 718 846,A01,3.0,7.0,12,0,3,16,1.0,
202400035689,155 718 847,A01,2.0,7.0,0,1,1,16,1.0,
202400035690,155 718 848,B01,1.0,1.0,0,2,3,26,5.0,
202400035691,155 718 844,A01,1.0,7.0,4,0,3,1,1.0,
202400035692,155 718 839,A01,1.0,7.0,0,2,1,15,1.0,
202400035693,155 718 842,A01,1.0,10.0,0,1,3,1,1.0,
202400035694,155 718 838,A01,2.0,7.0,0,2,1,15,1.0,
202400035695,155 718 836,A01,2.0,7.0,0,2,2,15,1.0,
202400035696,155 718 833,A01,1.0,2.0,0,2,1,1,1.0,
202400035697,155 718 828,A01,2.0,7.0,2,0,1,1,1.0,
202400035698,155 718 829,A01,1.0,10.0,0,2,3,9,1.0,
202400035699,155 718 830,B01,0.0,7.0,0,2,2,1,1.0,
202400035700,155 718 827,B01,2.0,32.0,0,2,2,17,1.0,
202400035701,155 718 825,A01,1.0,7.0,0,1,1,1,1.0,
202400035702,155 718 821,A01,1.0,7.0,0,2,6,10,1.0,
202400035703,155 718 822,A01,2.0,1.0,11,0,1,26,5.0,
202400035704,155 718 819,A01,2.0,21.0,0,0,0,0,1.0,
202400035705,155 718 823,B01,1.0,10.0,0,2,8,2,1.0,
202400035706,155 718 818,A01,3.0,32.0,0,0,3,1,3.0,
202400035707,155 718 816,A01,1.0,7.0,13,0,3,1,1.0,
202400035708,155 718 817,B01,1.0,1.0,0,2,2,1,5.0,
202400035709,155 718 813,A01,1.0,7.0,4,0,9,1,1.0,
202400035710,155 718 812,A01,1.0,1.0,0,2,1,1,5.0,
202400035711,155 718 810,A01,1.0,7.0,3,0,0,0,1.0,
202400035712,155 718 809,A01,2.0,33.0,0,2,1,1,1.0,
202400035713,155 718 805,A01,1.0,7.0,0,2,0,11,1.0,
202400035714,155 718 807,A01,1.0,43.0,0,1,2,21,1.0,
202400035715,155 718 801,B01,2.0,7.0,0,2,1,1,1.0,
202400035716,155 718 799,A01,3.0,7.0,0,2,1,15,1.0,
202400035717,155 718 803,A01,1.0,31.0,0,1,1,1,3.0,
202400035718,155 718 797,B01,1.0,7.0,9,2,5,1,1.0,
202400035719,155 718 796,A01,1.0,7.0,13,0,2,1,1.0,
202400035720,155 718 798,A01,1.0,10.0,0,1,1,1,1.0,
202400035721,155 718 793,A01,3.0,7.0,0,2,2,19,1.0,
202400035722,155 718 792,A01,1.0,7.0,8,0,8,1,1.0,
202400035723,155 718 790,A01,1.0,37.0,0,1,2,26,1.0,1
202400035724,155 718 788,A01,3.0,30.0,0,2,7,2,1.0,
202400035725,155 718 787,A01,2.0,7.0,0,2,7,15,1.0,
202400035726,155 718 794,A01,2.0,7.0,1,1,2,15,1.0,
202400035727,155 718 785,A01,1.0,33.0,0,0,1,1,1.0,
202400035728,155 718 784,B01,0.0,7.0,0,2,3,1,1.0,
202400035729,155 718 781,B01,3.0,7.0,0,0,0,0,1.0,
202400035730,155 718 783,A01,1.0,37.0,0,1,2,26,1.0,1
202400035731,155 718 780,A01,2.0,10.0,0,0,0,0,1.0,
202400035732,155 718 775,A01,2.0,7.0,2,0,1,1,1.0,
202400035733,155 718 774,A01,3.0,7.0,0,2,8,0,0.0,
202400035734,155 718 773,A01,2.0,7.0,0,1,1,1,1.0,
202400035735,155 718 772,B01,1.0,33.0,0,2,3,2,1.0,
202400035736,155 718 776,A01,1.0,7.0,0,2,1,1,1.0,
202400035737,155 718 771,A01,2.0,7.0,15,0,1,1,1.0,