Num_Acc,id_vehicule,num_veh,senc,catv,obs,obsm,choc,manv,motor,occutc
202400035738,155 718 767,A01,1.0,33.0,12,0,2,1,1.0,
202400035739,155 718 766,A01,2.0,7.0,0,2,1,11,1.0,
202400035740,155 718 764,A01,1.0,2.0,0,0,7,1,1.0,
202400035741,155 718 765,B01,1.0,10.0,0,2,4,1,1.0,
202400035742,155 718 762,A01,1.0,10.0,0,2,2,2,1.0,
202400035743,155 718 759,B01,0.0,32.0,0,2,1,1,1.0,
202400035744,155 718 758,Z01,1.0,10.0,0,0,0,0,0.0,
202400035745,155 718 757,A01,1.0,7.0,0,1,3,15,1.0,
202400035746,155 718 755,A01,2.0,10.0,0,1,2,1,1.0,
202400035747,155 718 754,A01,3.0,50.0,14,0,1,1,3.0,
202400035748,155 718 756,A01,1.0,7.0,0,1,3,1,1.0,
202400035749,155 718 751,A01,1.0,10.0,1,0,1,14,1.0,
202400035750,155 718 749,A01,0.0,32.0,0,0,0,1,1.0,
202400035751,155 718 747,B01,1.0,10.0,0,2,3,15,1.0,
202400035752,155 718 748,B01,3.0,1.0,0,2,0,0,5.0,
202400035753,155 718 744,A01,1.0,7.0,0,2,6,11,0.0,
202400035754,155 718 740,A01,1.0,7.0,0,2,3,13,1.0,
202400035755,155 718 738,B01,2.0,1.0,0,2,3,1,5.0,
202400035756,155 718 741,A01,1.0,7.0,0,1,3,15,1.0,
202400035757,155 718 739,B01,3.0,7.0,0,2,2,1,1.0,
202400035758,155 718 736,A01,2.0,33.0,0,2,2,1,1.0,
202400035759,155 718 735,A01,1.0,33.0,14,0,1,1,1.0,
202400035760,155 718 734,A01,1.0,30.0,0,0,8,9,1.0,
202400035761,155 718 733,A01,1.0,7.0,0,1,8,17,1.0,
202400035762,155 718 730,A01,1.0,7.0,0,2,8,9,1.0,
202400035763,155 718 729,A01,1.0,30.0,0,1,2,1,3.0,
202400035764,155 718 728,B01,1.0,7.0,0,2,1,15,1.0,
202400035765,155 718 725,A01,1.0,50.0,0,2,1,1,3.0,
202400035766,155 718 723,A01,1.0,7.0,0,2,2,15,1.0,
202400035767,155 718 722,A01,1.0,33.0,0,2,1,21,1.0,
202400035768,155 718 721,A01,2.0,7.0,0,1,3,15,1.0,
202400035769,155 718 720,A01,1.0,7.0,6,1,1,13,1.0,
202400035770,155 718 718,A01,2.0,1.0,0,0,0,15,5.0,
202400035771,155 718 717,B01,2.0,7.0,0,2,1,9,1.0,
202400035772,155 718 714,A01,1.0,7.0,0,1,1,1,1.0,
202400035773,155 718 711,A01,0.0,2.0,0,2,1,2,1.0,
202400035774,155 718 708,A01,1.0,7.0,8,0,1,1,1.0,
202400035775,155 718 710,A01,1.0,7.0,15,0,1,1,1.0,
202400035776,155 718 712,A01,2.0,10.0,0,2,1,2,1.0,
202400035777,155 718 707,B01,1.0,7.0,0,2,1,26,1.0,
202400035778,155 718 706,A01,1.0,7.0,6,0,1,13,1.0,
202400035779,155 718 702,B01,0.0,1.0,0,2,1,1,5.0,
202400035780,155 718 698,B01,1.0,14.0,0,2,4,2,1.0,
202400035781,155 718 699,A01,1.0,2.0,0,6,1,1,1.0,
202400035782,155 718 697,A01,1.0,7.0,0,2,8,1,1.0,
202400035783,155 718 696,A01,0.0,7.0,0,2,8,19,1.0,
202400035784,155 718 693,A01,2.0,16.0,1,0,1,14,1.0,
202400035785,155 718 694,A01,1.0,30.0,0,0,0,26,1.0,
202400035786,155 718 690,A01,1.0,10.0,13,0,1,1,1.0,
202400035787,155 718 689,A01,3.0,7.0,0,1,2,16,1.0,
202400035788,155 718 688,A01,3.0,7.0,3,0,1,0,1.0,
202400035789,155 718 684,A01,1.0,30.0,0,2,3,1,1.0,
202400035790,155 718 682,B01,2.0,10.0,0,2,2,1,1.0,
202400035791,155 718 681,B01,3.0,7.0,0,2,1,1,1.0,
202400035792,155 718 678,A01,2.0,7.0,0,1,1,1,1.0,
202400035793,155 718 675,B01,2.0,33.0,0,2,1,17,1.0,
202400035794,155 718 676,B01,1.0,15.0,0,0,0,17,1.0,
202400035795,155 718 680,B01,1.0,33.0,6,2,1,21,1.0,
202400035796,155 718 673,A01,1.0,7.0,0,2,1,7,1.0,
202400035797,155 718 669,A01,1.0,7.0,0,2,1,14,1.0,
202400035798,155 718 668,B01,1.0,7.0,0,2,0,0,1.0,
202400035799,155 718 667,A01,1.0,50.0,0,0,8,15,3.0,
202400035800,155 718 666,A01,1.0,7.0,2,0,1,0,1.0,
202400035801,155 718 664,A01,1.0,31.0,0,9,8,1,3.0,
202400035802,155 718 662,A01,1.0,7.0,0,2,0,19,0.0,
202400035803,155 718 661,B01,1.0,99.0,0,0,0,1,0.0,
202400035804,155 718 660,A01,0.0,7.0,0,1,2,1,1.0,
202400035805,155 718 659,A01,3.0,7.0,8,1,1,14,1.0,
202400035806,155 718 656,A01,1.0,7.0,0,1,8,0,1.0,
202400035807,155 718 657,B01,0.0,30.0,0,2,3,18,1.0,
202400035808,155 718 654,A01,3.0,3.0,0,2,5,1,1.0,
202400035809,155 718 653,A01,1.0,7.0,0,1,1,1,1.0,
202400035810,155 718 652,A01,1.0,7.0,2,0,1,14,2.0,
202400035811,155 718 650,A01,1.0,31.0,0,2,1,17,1.0,
202400035812,155 718 647,B01,2.0,7.0,0,2,3,15,1.0,
202400035813,155 718 648,A01,1.0,33.0,8,0,1,1,1.0,
202400035814,155 718 645,A01,1.0,7.0,0,2,3,13,0.0,
202400035815,155 718 644,A01,1.0,33.0,13,0,0,1,1.0,
202400035816,155 718 642,A01,1.0,7.0,0,2,0,13,1.0,
202400035817,155 718 640,B01,1.0,7.0,0,2,6,9,1.0,
202400035818,155 718 638,A01,3.0,7.0,13,0,3,14,1.0,
202400035819,155 718 637,A01,2.0,10.0,13,0,0,1,1.0,
202400035820,155 718 636,B01,2.0,2.0,0,2,1,1,1.0,
202400035821,155 718 633,A01,2.0,10.0,0,2,4,23,1.0,
202400035822,155 718 629,C01,1.0,7.0,0,2,1,2,0.0,
202400035823,155 718 628,A01,1.0,31.0,13,0,1,1,1.0,
202400035824,155 718 625,A01,1.0,33.0,0,2,1,1,1.0,
202400035825,155 718 624,B01,1.0,7.0,1,2,2,16,0.0,
202400035826,155 718 622,A01,1.0,7.0,0,2,1,13,1.0,
202400035827,155 718 619,A01,1.0,7.0,3,0,1,0,1.0,
202400035828,155 718 614,C01,2.0,7.0,0,2,1,21,2.0,
202400035829,155 718 615,C01,3.0,7.0,0,2,4,15,1.0,
202400035830,155 718 612,A01,3.0,3.0,0,2,1,1,1.0,
202400035831,155 718 609,A01,1.0,7.0,0,2,7,14,1.0,
202400035832,155 718 608,A01,1.0,7.0,13,0,9,1,1.0,
202400035833,155 718 607,B01,1.0,10.0,0,2,8,1,1.0,
202400035834,155 718 606,A01,1.0,7.0,0,1,1,0,2.0,
202400035835,155 718 603,A01,2.0,7.0,0,9,2,2,1.0,
202400035836,155 718 602,B01,1.0,7.0,0,2,3,13,3.0,
202400035837,155 718 600,A01,2.0,33.0,13,0,0,1,1.0,
202400035838,155 718 598,A01,2.0,7.0,0,2,1,1,1.0,
202400035839,155 718 596,A01,1.0,33.0,0,0,8,1,1.0,
202400035840,155 718 597,B01,2.0,7.0,0,2,8,1,1.0,
202400035841,155 718 594,A01,2.0,7.0,0,2,4,2,1.0,
202400035842,155 718 590,A01,2.0,15.0,0,0,6,1,1.0,
202400035843,155 718 589,B01,1.0,7.0,0,2,8,15,1.0,
202400035844,155 718 588,A01,3.0,7.0,0,1,3,1,1.0,
202400035845,155 718 587,A01,3.0,2.0,9,0,3,0,1.0,
202400035846,155 718 585,A01,2.0,7.0,0,2,1,2,1.0,
202400035847,155 718 584,A01,2.0,33.0,15,0,1,21,1.0,
202400035848,155 718 582,A01,1.0,33.0,0,2,4,1,1.0,
202400035849,155 718 580,A01,1.0,31.0,13,0,1,0,1.0,
202400035850,155 718 581,A01,0.0,7.0,0,1,1,1,1.0,
202400035851,155 718 577,A01,1.0,33.0,4,0,8,1,1.0,
202400035852,155 718 576,A01,1.0,10.0,0,2,4,4,1.0,
202400035853,155 718 573,A01,1.0,10.0,0,2,2,14,1.0,
202400035854,155 718 574,A01,1.0,7.0,5,0,9,26,1.0,
202400035855,155 718 571,A01,1.0,31.0,0,0,8,21,1.0,
202400035856,155 718 568,B01,1.0,7.0,0,2,4,1,1.0,
202400035857,155 718 566,A01,2.0,7.0,8,0,1,14,1.0,
202400035858,155 718 567,A01,2.0,7.0,0,2,2,15,1.0,
202400035859,155 718 563,B01,2.0,7.0,0,2,1,13,1.0,
202400035860,155 718 562,A01,1.0,7.0,0,2,3,1,1.0,
202400035861,155 718 558,C01,2.0,7.0,0,1,0,19,1.0,
202400035862,155 718 556,B01,3.0,7.0,0,2,8,1,1.0,
202400035863,155 718 555,A01,1.0,7.0,0,9,7,1,1.0,
202400035864,155 718 550,A01,1.0,7.0,0,2,1,1,1.0,
202400035865,155 718 549,B01,2.0,7.0,0,2,8,1,1.0,
202400035866,155 718 548,A01,1.0,7.0,9,0,1,3,2.0,
202400035867,155 718 546,A01,1.0,33.0,5,0,1,1,1.0,
202400035868,155 718 545,A01,1.0,7.0,0,2,1,15,2.0,
202400035869,155 718 542,B01,2.0,7.0,0,2,2,1,1.0,
202400035870,155 718 541,A01,0.0,7.0,1,2,1,1,1.0,
202400035871,155 718 540,A01,3.0,7.0,2,0,1,14,2.0,
202400035872,155 718 538,B01,3.0,50.0,0,2,1,1,3.0,
202400035873,155 718 537,A01,3.0,2.0,0,6,1,1,1.0,
202400035874,155 718 535,A01,3.0,31.0,0,2,8,1,1.0,
202400035875,155 718 532,A01,2.0,7.0,0,2,7,16,1.0,
202400035876,155 718 531,B01,2.0,7.0,0,2,1,1,1.0,
202400035877,155 718 528,A01,3.0,2.0,6,0,2,1,1.0,
202400035878,155 718 529,B01,2.0,7.0,0,2,2,1,1.0,
202400035879,155 718 526,A01,1.0,30.0,0,0,9,1,1.0,
202400035880,155 718 525,A01,1.0,7.0,0,2,2,13,1.0,
202400035881,155 718 524,A01,3.0,10.0,0,1,2,16,1.0,
202400035882,155 718 523,A01,2.0,7.0,2,0,3,13,1.0,
202400035883,155 718 522,A01,3.0,80.0,8,0,1,26,3.0,
202400035884,155 718 521,A01,3.0,36.0,0,0,0,1,1.0,
202400035885,155 718 519,A01,3.0,7.0,0,2,6,11,1.0,
202400035886,155 718 517,B01,2.0,1.0,2,2,1,1,5.0,
202400035887,155 718 515,A01,1.0,7.0,13,0,0,1,1.0,
202400035888,155 718 514,B01,2.0,33.0,0,2,7,1,1.0,
202400035889,155 718 512,A01,1.0,7.0,13,0,0,1,3.0,
202400035890,155 718 511,B01,0.0,50.0,0,2,0,2,3.0,
202400035891,155 718 509,MB01,3.0,7.0,0,1,1,21,1.0,
202400035892,155 718 508,B01,0.0,2.0,0,2,1,1,0.0,
202400035893,155 718 506,A01,2.0,7.0,0,2,3,1,1.0,
202400035894,155 718 504,A01,2.0,7.0,12,0,1,1,1.0,
202400035895,155 718 503,A01,1.0,7.0,0,0,5,14,1.0,
202400035896,155 718 501,A01,3.0,7.0,13,0,0,1,0.0,
202400035897,155 718 500,A01,3.0,7.0,0,2,1,1,1.0,
202400035898,155 718 498,A01,2.0,7.0,0,2,8,20,1.0,
202400035899,155 718 497,A01,2.0,10.0,14,0,1,1,1.0,
202400035900,155 718 495,A01,2.0,7.0,0,2,1,2,1.0,
202400035901,155 718 493,A01,1.0,50.0,0,2,0,25,3.0,
202400035902,155 718 492,A01,2.0,15.0,0,2,2,1,1.0,
202400035903,155 718 491,Z01,3.0,1.0,0,1,6,1,5.0,
202400035904,155 718 490,A01,3.0,7.0,13,0,9,1,1.0,
202400035905,155 718 488,A01,2.0,2.0,0,2,1,2,1.0,
202400035906,155 718 487,B01,1.0,17.0,0,1,7,1,1.0,
202400035907,155 718 486,A01,3.0,33.0,0,0,8,1,1.0,
202400035908,155 718 484,A01,2.0,7.0,0,2,3,12,1.0,
202400035909,155 718 483,A01,3.0,7.0,1,0,2,1,1.0,
202400035910,155 718 479,C01,3.0,7.0,0,2,4,2,1.0,
202400035911,155 718 478,A01,1.0,7.0,0,2,1,1,1.0,
202400035912,155 718 476,A01,1.0,33.0,0,2,0,0,1.0,
202400035913,155 718 472,B01,2.0,7.0,0,2,3,1,1.0,
202400035914,155 718 473,A01,2.0,7.0,0,9,8,1,1.0,
202400035915,155 718 470,A01,0.0,7.0,15,0,1,0,1.0,
202400035916,155 718 469,A01,1.0,7.0,0,2,3,20,1.0,
202400035917,155 718 468,A01,1.0,33.0,0,0,0,2,1.0,
202400035918,155 718 467,A01,1.0,7.0,4,0,1,1,1.0,
202400035919,155 718 465,A01,3.0,2.0,8,0,2,1,1.0,
202400035920,155 718 466,A01,1.0,33.0,0,0,7,1,1.0,
202400035921,155 718 462,B01,3.0,7.0,0,2,7,16,0.0,
202400035922,155 718 460,B01,2.0,33.0,0,2,1,17,1.0,
202400035923,155 718 458,Z01,1.0,7.0,0,2,0,0,0.0,
202400035924,155 718 456,A01,2.0,1.0,0,1,1,1,5.0,
202400035925,155 718 455,A01,2.0,10.0,0,2,3,1,1.0,
202400035926,155 718 454,A01,1.0,7.0,15,9,1,6,1.0,
202400035927,155 718 453,A01,3.0,7.0,0,1,3,1,1.0,
202400035928,155 718 450,A01,3.0,7.0,0,1,7,19,1.0,
202400035929,155 718 451,A01,1.0,7.0,5,2,1,1,1.0,
202400035930,155 718 448,A01,3.0,30.0,0,0,0,0,1.0,
202400035931,155 718 447,A01,1.0,7.0,0,2,2,15,1.0,
202400035932,155 718 446,A01,1.0,7.0,9,1,2,21,1.0,
202400035933,155 718 445,Z01,1.0,34.0,0,1,0,0,0.0,
202400035934,155 718 444,A01,1.0,1.0,4,0,2,14,5.0,
202400035935,155 718 442,A01,3.0,17.0,0,2,1,0,1.0,
202400035936,155 718 440,A01,1.0,7.0,0,0,3,13,1.0,
202400035937,155 718 438,A01,1.0,7.0,0,2,1,1,1.0,
202400035938,155 718 436,A01,1.0,7.0,0,2,1,13,1.0,
202400035939,155 718 434,A01,2.0,7.0,0,2,7,15,1.0,
202400035940,155 718 432,B01,1.0,7.0,0,9,3,1,3.0,
202400035941,155 718 430,A01,1.0,7.0,2,0,0,13,1.0,
202400035942,155 718 429,B01,2.0,7.0,0,2,3,1,0.0,
202400035943,155 718 427,A01,2.0,7.0,0,9,9,1,1.0,
202400035944,155 718 426,A01,3.0,7.0,1,0,1,21,1.0,
202400035945,155 718 425,A01,2.0,3.0,0,0,0,14,3.0,
202400035946,155 718 422,A01,1.0,7.0,0,2,2,2,2.0,
202400035947,155 718 421,A01,1.0,10.0,0,2,1,16,1.0,
202400035948,155 718 418,A01,2.0,15.0,0,2,2,12,1.0,
202400035949,155 718 416,A01,1.0,43.0,0,2,1,18,1.0,
202400035950,155 718 413,A01,2.0,32.0,0,2,2,13,1.0,
202400035951,155 718 412,B01,1.0,7.0,0,2,4,1,1.0,
202400035952,155 718 411,A01,1.0,2.0,0,2,1,26,3.0,
202400035953,155 718 409,A01,3.0,80.0,0,0,1,25,3.0,
202400035954,155 718 410,A01,1.0,7.0,0,0,9,1,1.0,
202400035955,155 718 408,A01,1.0,10.0,0,1,2,1,1.0,
202400035956,155 718 407,A01,2.0,7.0,9,0,1,13,2.0,
202400035957,155 718 404,B01,2.0,1.0,0,2,7,1,5.0,
202400035958,155 718 403,A01,1.0,33.0,0,2,8,12,1.0,
202400035959,155 718 401,Z01,2.0,7.0,0,2,3,13,0.0,
202400035960,155 718 400,A01,2.0,7.0,3,0,1,13,1.0,
202400035961,155 718 398,A01,1.0,7.0,0,2,1,1,1.0,
202400035962,155 718 397,A01,1.0,7.0,3,0,1,26,1.0,
202400035963,155 718 393,B01,2.0,14.0,0,2,2,1,6.0,
202400035964,155 718 392,A01,2.0,7.0,0,2,1,1,1.0,
202400035965,155 718 390,A01,0.0,7.0,0,2,7,19,1.0,
202400035966,155 718 389,A01,1.0,7.0,4,0,1,1,1.0,
202400035967,155 718 386,A01,1.0,34.0,0,2,1,1,1.0,
202400035968,155 718 385,A01,2.0,10.0,0,2,1,2,1.0,
202400035969,155 718 383,A01,1.0,7.0,4,0,9,1,1.0,
202400035970,155 718 382,B01,2.0,50.0,0,2,1,1,3.0,
202400035971,155 718 379,A01,3.0,7.0,0,2,1,2,1.0,
202400035972,155 718 378,A01,2.0,7.0,0,2,1,2,1.0,
202400035973,155 718 375,A01,2.0,7.0,0,2,2,1,1.0,
202400035974,155 718 374,A01,2.0,7.0,4,2,1,2,0.0,
202400035975,155 718 372,B01,3.0,7.0,0,2,3,1,1.0,
202400035976,155 718 370,A01,1.0,7.0,0,2,4,1,1.0,
202400035977,155 718 367,A01,3.0,7.0,0,2,1,5,1.0,
202400035978,155 718 365,B01,1.0,7.0,0,2,1,2,1.0,
202400035979,155 718 363,A01,1.0,7.0,0,9,4,26,0.0,
202400035980,155 718 361,A01,1.0,7.0,0,0,4,1,0.0,
202400035981,155 718 359,A01,1.0,7.0,14,0,1,0,2.0,
202400035982,155 718 358,A01,1.0,34.0,0,0,8,1,1.0,
202400035983,155 718 355,B01,1.0,15.0,0,2,6,1,1.0,
202400035984,155 718 354,A01,2.0,15.0,0,2,2,16,0.0,
202400035985,155 718 352,A01,3.0,10.0,0,1,7,1,1.0,
202400035986,155 718 351,A01,2.0,7.0,3,2,1,13,1.0,
202400035987,155 718 350,A01,1.0,30.0,0,1,8,1,0.0,
202400035988,155 718 349,A01,1.0,33.0,6,0,1,1,1.0,
202400035989,155 718 346,A01,1.0,10.0,0,2,3,15,1.0,
202400035990,155 718 344,A01,1.0,10.0,0,2,1,13,1.0,
202400035991,155 718 343,A01,1.0,7.0,16,0,7,19,1.0,
202400035992,155 718 341,A01,3.0,7.0,0,2,4,0,1.0,
202400035993,155 718 340,A01,3.0,7.0,0,1,3,26,1.0,
202400035994,155 718 337,A01,3.0,7.0,0,2,3,19,1.0,
202400035995,155 718 336,A01,2.0,7.0,0,2,2,1,1.0,
202400035996,155 718 333,A01,2.0,7.0,0,2,7,22,1.0,
202400035997,155 718 332,A01,1.0,7.0,0,2,1,2,1.0,
202400035998,155 718 330,A01,2.0,7.0,0,0,4,1,1.0,
202400035999,155 718 329,A01,1.0,7.0,2,0,3,1,3.0,
202400036000,155 718 327,A01,2.0,10.0,0,2,1,1,1.0,
202400036001,155 718 326,A01,2.0,1.0,0,0,1,2,5.0,
202400036002,155 718 324,A01,2.0,10.0,0,2,3,17,1.0,
202400036003,155 718 323,A01,1.0,7.0,0,1,1,1,1.0,
202400036004,155 718 321,A01,2.0,33.0,0,2,1,1,1.0,
202400036005,155 718 320,A01,2.0,7.0,0,0,0,0,1.0,
202400036006,155 718 319,A01,2.0,36.0,0,0,9,1,1.0,
202400036007,155 718 317,A01,1.0,7.0,0,2,6,15,1.0,
202400036008,155 718 315,A01,1.0,7.0,0,2,2,17,1.0,
202400036009,155 718 312,A01,1.0,33.0,2,0,1,1,1.0,
202400036010,155 718 313,B01,1.0,32.0,0,2,1,2,1.0,
202400036011,155 718 308,A01,1.0,7.0,0,2,3,22,1.0,
202400036012,155 718 307,A01,3.0,1.0,0,0,0,0,5.0,
202400036013,155 718 305,A01,1.0,33.0,7,0,1,1,1.0,
202400036014,155 718 304,A01,1.0,7.0,6,0,1,0,1.0,
202400036015,155 718 303,A01,1.0,30.0,0,0,8,13,1.0,
202400036016,155 718 302,A01,2.0,7.0,10,0,3,13,1.0,
202400036017,155 718 299,A01,1.0,7.0,2,0,1,26,1.0,
202400036018,155 718 298,B01,3.0,80.0,0,2,2,1,3.0,
202400036019,155 718 297,A01,2.0,7.0,1,0,2,14,1.0,
202400036020,155 718 294,A01,2.0,33.0,0,2,1,17,1.0,
202400036021,155 718 293,B01,3.0,7.0,0,2,5,1,1.0,
202400036022,155 718 290,A01,1.0,7.0,0,2,4,2,1.0,
202400036023,155 718 289,B01,1.0,7.0,0,2,2,21,1.0,
202400036024,155 718 285,B01,2.0,7.0,0,2,1,0,1.0,
202400036025,155 718 286,Z01,1.0,10.0,0,2,1,15,1.0,
202400036026,155 718 284,A01,1.0,50.0,13,0,0,16,3.0,
202400036027,155 718 282,A01,1.0,7.0,9,0,1,16,1.0,
202400036028,155 718 281,B01,2.0,33.0,0,2,1,17,1.0,
202400036029,155 718 277,B01,3.0,31.0,0,2,3,1,1.0,
202400036030,155 718 278,A01,2.0,7.0,0,2,1,15,1.0,
202400036031,155 718 274,B01,2.0,15.0,12,2,3,1,1.0,
202400036032,155 718 273,B01,2.0,33.0,0,2,1,1,1.0,
202400036033,155 718 269,A01,2.0,1.0,0,2,1,5,5.0,
202400036034,155 718 270,B01,1.0,21.0,0,2,8,1,1.0,
202400036035,155 718 267,A01,1.0,7.0,0,2,1,13,1.0,
202400036036,155 718 265,A01,1.0,7.0,0,2,2,15,1.0,
202400036037,155 718 261,A01,1.0,7.0,0,0,1,5,0.0,
202400036038,155 718 260,A01,3.0,7.0,0,2,0,19,1.0,
202400036039,155 718 258,A01,2.0,33.0,0,0,7,1,1.0,
202400036040,155 718 254,B01,2.0,7.0,0,0,1,1,1.0,
202400036041,155 718 253,A01,1.0,33.0,0,2,3,26,1.0,
202400036042,155 718 251,A01,0.0,7.0,0,1,2,1,1.0,
202400036043,155 718 250,A01,3.0,7.0,0,2,8,23,1.0,
202400036044,155 718 247,A01,0.0,7.0,0,2,2,26,1.0,
202400036045,155 718 246,A01,1.0,7.0,8,0,7,19,1.0,
202400036046,155 718 244,B01,1.0,10.0,0,2,3,0,1.0,
202400036047,155 718 243,A01,0.0,38.0,0,1,2,1,1.0,1
202400036048,155 718 242,A01,2.0,50.0,0,1,1,1,3.0,
202400036049,155 718 241,A01,2.0,7.0,3,0,1,1,1.0,
202400036050,155 718 239,A01,3.0,7.0,1,0,1,13,1.0,
202400036051,155 718 237,B01,3.0,13.0,0,9,2,12,1.0,
202400036052,155 718 235,Z01,1.0,2.0,0,2,1,3,1.0,
202400036053,155 718 233,A01,1.0,33.0,0,2,1,0,1.0,
202400036054,155 718 232,A01,2.0,31.0,0,1,2,21,1.0,
202400036055,155 718 231,A01,2.0,7.0,13,0,2,9,1.0,
202400036056,155 718 228,B01,3.0,7.0,0,2,4,1,1.0,
202400036057,155 718 227,A01,2.0,7.0,0,2,2,2,1.0,
202400036058,155 718 226,A01,3.0,33.0,6,0,1,26,1.0,
202400036059,155 718 225,A01,1.0,37.0,0,1,2,1,1.0,3
202400036060,155 718 223,A01,2.0,7.0,0,2,3,1,1.0,
202400036061,155 718 220,C01,3.0,7.0,0,0,7,23,1.0,
202400036062,155 718 218,A01,3.0,7.0,1,2,2,9,1.0,
202400036063,155 718 215,B01,1.0,50.0,0,2,3,19,3.0,
202400036064,155 718 214,A01,3.0,7.0,0,1,3,13,1.0,
202400036065,155 718 212,B01,1.0,7.0,0,2,8,0,1.0,
202400036066,155 718 210,A01,1.0,7.0,0,0,0,1,1.0,
202400036067,155 718 209,A01,2.0,7.0,0,2,3,15,1.0,
202400036068,155 718 208,A01,3.0,33.0,8,0,8,14,1.0,
202400036069,155 718 207,A01,1.0,7.0,0,1,2,1,1.0,
202400036070,155 718 205,B01,1.0,7.0,0,2,5,2,1.0,
202400036071,155 718 204,A01,1.0,33.0,0,5,1,0,1.0,
202400036072,155 718 203,A01,3.0,7.0,0,0,8,13,1.0,
202400036073,155 718 202,A01,2.0,2.0,2,0,1,1,1.0,
202400036074,155 718 201,A01,2.0,7.0,6,0,1,14,1.0,
202400036075,155 718 199,A01,1.0,1.0,0,2,0,1,5.0,
202400036076,155 718 196,C01,1.0,7.0,0,2,4,2,1.0,
202400036077,155 718 195,A01,1.0,33.0,0,0,0,1,1.0,
202400036078,155 718 192,A01,2.0,10.0,0,2,2,2,1.0,
202400036079,155 718 191,B01,2.0,7.0,0,2,1,1,1.0,
202400036080,155 718 187,B01,3.0,2.0,0,2,2,0,1.0,
202400036081,155 718 188,A01,3.0,7.0,0,2,1,9,1.0,
202400036082,155 718 184,A01,1.0,10.0,0,2,1,1,0.0,
202400036083,155 718 183,B01,3.0,2.0,0,2,1,1,1.0,
202400036084,155 718 182,A01,0.0,7.0,8,0,1,1,1.0,
202400036085,155 718 181,A01,2.0,7.0,2,0,9,0,1.0,
202400036086,155 718 179,B01,0.0,7.0,0,2,8,15,0.0,
202400036087,155 718 177,B01,2.0,7.0,0,2,2,1,1.0,
202400036088,155 718 175,A01,1.0,33.0,0,2,1,17,0.0,
202400036089,155 718 174,A01,3.0,50.0,0,0,8,0,3.0,
202400036090,155 718 173,A01,3.0,7.0,0,1,8,1,2.0,
202400036091,155 718 170,B01,1.0,33.0,0,2,1,2,1.0,
202400036092,155 718 169,B01,0.0,30.0,0,2,1,2,0.0,
202400036093,155 718 167,A01,,0.0,-1,-1,-1,-1,,
202400036094,155 718 165,A01,1.0,33.0,0,0,0,26,1.0,
202400036095,155 718 164,B01,1.0,7.0,0,2,3,1,1.0,
202400036096,155 718 162,A01,2.0,7.0,7,0,5,1,1.0,
202400036097,155 718 160,A01,1.0,7.0,0,2,4,1,1.0,
202400036098,155 718 158,B01,3.0,33.0,0,2,5,1,1.0,
202400036099,155 718 156,A01,2.0,10.0,0,2,1,1,1.0,
202400036100,155 718 154,A01,1.0,7.0,0,2,3,1,1.0,
202400036101,155 718 151,A01,1.0,7.0,0,2,3,11,0.0,
202400036102,155 718 150,A01,2.0,7.0,0,2,8,13,1.0,
202400036103,155 718 146,C01,2.0,2.0,0,2,4,1,1.0,
202400036104,155 718 143,C01,1.0,7.0,0,2,4,1,2.0,
202400036105,155 718 141,A01,2.0,32.0,0,2,2,3,1.0,
202400036106,155 718 138,A01,1.0,32.0,0,2,1,2,3.0,
202400036107,155 718 134,B01,1.0,10.0,4,2,4,2,1.0,
202400036108,155 718 132,A01,1.0,7.0,0,2,1,2,1.0,
202400036109,155 718 130,A01,1.0,31.0,0,2,4,2,1.0,
202400036110,155 718 127,A01,2.0,7.0,0,2,3,11,1.0,
202400036111,155 718 126,A01,1.0,33.0,0,2,1,2,1.0,
202400036112,155 718 125,A01,3.0,7.0,0,1,2,1,1.0,
202400036113,155 718 123,A01,3.0,7.0,0,2,2,16,1.0,
202400036114,155 718 122,A01,2.0,7.0,0,1,1,21,1.0,
202400036115,155 718 120,A01,1.0,7.0,0,2,2,16,2.0,
202400036116,155 718 119,A01,2.0,7.0,2,0,7,1,1.0,
202400036117,155 718 117,A01,1.0,33.0,8,0,2,26,1.0,
202400036118,155 718 113,B01,1.0,50.0,0,2,1,1,3.0,
202400036119,155 718 112,A01,1.0,7.0,0,2,3,1,1.0,
202400036120,155 718 110,A01,1.0,37.0,0,2,7,2,1.0,1
202400036121,155 718 106,A01,3.0,7.0,0,2,2,22,1.0,
202400036122,155 718 102,A01,3.0,1.0,0,2,7,15,5.0,
202400036123,155 718 101,A01,2.0,33.0,0,2,1,1,1.0,
202400036124,155 718 100,A01,3.0,7.0,6,0,3,13,1.0,
202400036125,155 718 097,B01,1.0,7.0,0,2,0,0,0.0,
202400036126,155 718 096,B01,1.0,43.0,12,2,2,1,1.0,
202400036127,155 718 095,A01,3.0,7.0,13,0,0,14,1.0,
202400036128,155 718 094,A01,0.0,7.0,1,0,3,26,1.0,
202400036129,155 718 091,B01,1.0,50.0,0,2,7,1,3.0,
202400036130,155 718 090,A01,1.0,38.0,0,2,2,11,1.0,1
202400036131,155 718 087,A01,1.0,33.0,0,2,1,13,1.0,
202400036132,155 718 086,A01,1.0,7.0,0,2,3,16,1.0,
202400036133,155 718 084,B01,3.0,7.0,6,0,5,16,1.0,