Num_Acc,id_vehicule,num_veh,senc,catv,obs,obsm,choc,manv,motor,occutc
202400036134,155 718 082,A01,2.0,10.0,0,2,1,2,1.0,
202400036135,155 718 081,A01,0.0,7.0,0,1,1,26,1.0,
202400036136,155 718 079,A01,3.0,30.0,0,2,4,1,1.0,
202400036137,155 718 077,B01,0.0,7.0,0,2,7,1,1.0,
202400036138,155 718 075,B01,2.0,7.0,0,2,1,0,1.0,
202400036139,155 718 073,B01,1.0,7.0,0,2,4,1,1.0,
202400036140,155 718 071,A01,1.0,7.0,3,2,2,16,1.0,
202400036141,155 718 069,A01,3.0,7.0,0,2,1,16,1.0,
202400036142,155 718 067,A01,1.0,1.0,0,0,4,2,5.0,
202400036143,155 718 064,A01,,7.0,0,2,1,2,1.0,
202400036144,155 718 061,A01,1.0,7.0,0,2,2,15,3.0,
202400036145,155 718 060,A01,2.0,10.0,0,2,3,16,1.0,
202400036146,155 718 057,A01,1.0,7.0,0,1,1,1,1.0,
202400036147,155 718 058,A01,2.0,7.0,0,2,8,11,1.0,
202400036148,155 718 054,A01,3.0,10.0,0,2,2,19,1.0,
202400036149,155 718 053,A01,1.0,7.0,0,2,6,15,1.0,
202400036150,155 718 050,A01,1.0,7.0,0,2,3,9,1.0,
202400036151,155 718 049,A01,3.0,10.0,0,2,1,19,1.0,
202400036152,155 718 047,A01,1.0,33.0,0,2,1,2,1.0,
202400036153,155 718 046,A01,0.0,33.0,0,0,9,1,1.0,
202400036154,155 718 045,Z01,1.0,7.0,0,1,0,0,1.0,
202400036155,155 718 041,B01,1.0,7.0,0,2,4,0,1.0,
202400036156,155 718 042,A01,1.0,7.0,0,2,2,15,1.0,
202400036157,155 718 040,A01,2.0,33.0,0,0,8,1,1.0,
202400036158,155 718 039,A01,1.0,30.0,0,1,3,1,3.0,
202400036159,155 718 036,A01,0.0,33.0,4,0,1,16,1.0,
202400036160,155 718 035,B01,2.0,50.0,0,2,2,1,3.0,
202400036161,155 718 033,A01,1.0,0.0,0,1,3,1,0.0,
202400036162,155 718 032,B01,3.0,1.0,0,2,2,0,5.0,
202400036163,155 718 030,A01,1.0,7.0,0,1,4,4,1.0,
202400036164,155 718 025,A01,1.0,34.0,8,2,3,17,1.0,
202400036165,155 718 020,A01,0.0,7.0,0,2,3,1,1.0,
202400036166,155 718 022,A01,1.0,7.0,0,2,5,16,1.0,
202400036167,155 718 019,A01,3.0,30.0,0,0,3,1,1.0,
202400036168,155 718 018,A01,2.0,1.0,12,0,1,14,5.0,
202400036169,155 718 014,B01,3.0,7.0,0,2,3,15,1.0,
202400036170,155 718 013,B01,2.0,1.0,0,2,3,19,5.0,
202400036171,155 718 010,A01,3.0,7.0,0,2,0,1,1.0,
202400036172,155 718 009,B01,1.0,15.0,0,2,5,16,1.0,
202400036173,155 718 006,A01,1.0,50.0,0,2,3,1,3.0,
202400036174,155 718 005,B01,3.0,1.0,0,2,7,1,5.0,
202400036175,155 718 003,A01,1.0,7.0,0,2,4,1,3.0,
202400036176,155 718 000,A01,2.0,7.0,0,2,1,2,1.0,
202400036177,155 717 999,A01,1.0,7.0,0,2,8,1,2.0,
202400036178,155 717 997,A01,1.0,7.0,0,2,4,1,,
202400036179,155 717 996,A01,1.0,7.0,0,1,1,15,1.0,
202400036180,155 717 994,A01,2.0,32.0,0,2,7,20,1.0,
202400036181,155 717 993,A01,1.0,7.0,0,0,2,1,1.0,
202400036182,155 717 992,A01,2.0,50.0,0,1,1,1,3.0,
202400036183,155 717 989,A01,3.0,7.0,0,2,2,1,1.0,
202400036184,155 717 988,B01,1.0,15.0,0,2,1,9,1.0,
202400036185,155 717 987,Z01,1.0,99.0,0,1,2,1,1.0,
202400036186,155 717 986,Z01,1.0,30.0,0,1,1,1,0.0,
202400036187,155 717 984,B01,2.0,80.0,0,2,7,1,3.0,
202400036188,155 717 982,B01,1.0,7.0,0,2,1,1,1.0,
202400036189,155 717 981,A01,2.0,7.0,0,1,2,5,1.0,
202400036190,155 717 978,A01,3.0,7.0,0,2,1,1,1.0,
202400036191,155 717 977,B01,3.0,7.0,0,2,2,1,2.0,
202400036192,155 717 975,B01,2.0,10.0,0,2,3,1,1.0,
202400036193,155 717 974,A01,1.0,1.0,4,0,8,26,5.0,
202400036194,155 717 972,A01,1.0,7.0,0,2,2,1,1.0,
202400036195,155 717 971,A01,1.0,7.0,0,1,7,17,1.0,
202400036196,155 717 970,A01,1.0,31.0,0,0,0,21,1.0,
202400036197,155 717 967,A01,1.0,7.0,16,0,8,1,1.0,
202400036198,155 717 968,A01,3.0,33.0,0,2,5,17,1.0,
202400036199,155 717 964,B01,0.0,34.0,0,2,2,17,1.0,
202400036200,155 717 963,A01,3.0,7.0,0,9,2,19,1.0,
202400036201,155 717 959,A01,2.0,50.0,0,2,1,26,3.0,
202400036202,155 717 960,B01,2.0,7.0,0,2,2,1,2.0,
202400036203,155 717 956,B01,3.0,10.0,0,0,0,0,0.0,
202400036204,155 717 955,B01,1.0,10.0,0,2,3,1,1.0,
202400036205,155 717 954,A01,3.0,7.0,2,0,3,1,1.0,
202400036206,155 717 950,A01,2.0,1.0,0,2,1,5,5.0,
202400036207,155 717 949,A01,3.0,7.0,0,2,6,20,1.0,
202400036208,155 717 948,A01,2.0,7.0,0,2,1,15,1.0,
202400036209,155 717 946,B01,2.0,17.0,0,2,2,1,1.0,
202400036210,155 717 943,A01,3.0,7.0,0,2,3,19,1.0,
202400036211,155 717 942,A01,1.0,7.0,0,1,2,1,1.0,
202400036212,155 717 941,A01,1.0,7.0,0,2,1,1,1.0,
202400036213,155 717 940,A01,1.0,50.0,0,1,1,1,3.0,
202400036214,155 717 936,A01,1.0,7.0,0,2,3,10,1.0,
202400036215,155 717 935,A01,1.0,7.0,0,0,2,1,1.0,
202400036216,155 717 937,A01,1.0,7.0,12,2,1,2,1.0,
202400036217,155 717 931,A01,1.0,7.0,14,1,1,26,1.0,
202400036218,155 717 932,A01,3.0,99.0,1,0,2,16,1.0,
202400036219,155 717 930,A01,3.0,7.0,0,2,3,1,1.0,
202400036220,155 717 925,A01,2.0,7.0,0,2,1,2,1.0,
202400036221,155 717 927,B01,1.0,2.0,0,2,1,1,1.0,
202400036222,155 717 924,A01,2.0,7.0,0,2,1,1,1.0,
202400036223,155 717 921,A01,3.0,2.0,0,9,2,15,1.0,
202400036224,155 717 918,B01,2.0,7.0,0,2,1,1,1.0,
202400036225,155 717 917,A01,3.0,7.0,0,2,1,2,1.0,
202400036226,155 717 915,A01,1.0,10.0,0,2,1,1,1.0,
202400036227,155 717 914,A01,2.0,33.0,0,0,2,1,1.0,
202400036228,155 717 912,Z01,3.0,0.0,0,2,4,2,0.0,
202400036229,155 717 909,A01,0.0,10.0,0,2,5,10,1.0,
202400036230,155 717 908,B01,2.0,7.0,0,2,3,13,1.0,
202400036231,155 717 907,A01,2.0,7.0,15,1,0,26,1.0,
202400036232,155 717 904,A01,1.0,7.0,0,2,2,1,1.0,
202400036233,155 717 903,A01,1.0,7.0,6,0,1,26,1.0,
202400036234,155 717 901,A01,1.0,33.0,0,2,1,17,1.0,
202400036235,155 717 899,A01,0.0,7.0,0,1,1,2,1.0,
202400036236,155 717 898,A01,1.0,7.0,0,2,3,10,0.0,
202400036237,155 717 895,A01,3.0,7.0,0,2,1,1,1.0,
202400036238,155 717 892,A01,1.0,7.0,0,2,4,2,1.0,
202400036239,155 717 891,A01,1.0,7.0,0,2,1,13,1.0,
202400036240,155 717 890,A01,1.0,34.0,12,0,1,1,1.0,
202400036241,155 717 889,A01,2.0,33.0,0,6,1,1,1.0,
202400036242,155 717 887,B01,1.0,7.0,0,2,4,1,1.0,
202400036243,155 717 885,A01,2.0,7.0,0,2,3,15,1.0,
202400036244,155 717 884,A01,2.0,33.0,0,0,3,1,1.0,
202400036245,155 717 882,A01,2.0,7.0,0,2,2,2,1.0,
202400036246,155 717 879,B01,1.0,7.0,0,2,8,1,1.0,
202400036247,155 717 877,B01,2.0,7.0,0,2,1,1,1.0,
202400036248,155 717 876,A01,2.0,7.0,0,0,0,0,1.0,
202400036249,155 717 874,A01,2.0,14.0,0,2,2,2,1.0,
202400036250,155 717 873,A01,1.0,7.0,0,1,2,12,1.0,
202400036251,155 717 870,B01,1.0,10.0,0,2,4,2,1.0,
202400036252,155 717 868,A01,1.0,7.0,0,1,3,1,1.0,
202400036253,155 717 867,B01,2.0,2.0,0,2,1,1,1.0,
202400036254,155 717 865,A01,2.0,7.0,0,2,8,15,1.0,
202400036255,155 717 862,A01,1.0,50.0,11,0,1,1,3.0,
202400036256,155 717 860,A01,2.0,7.0,0,2,6,1,1.0,
202400036257,155 717 855,A01,2.0,7.0,0,2,3,11,0.0,
202400036258,155 717 857,A01,3.0,33.0,0,0,7,16,1.0,
202400036259,155 717 854,A01,1.0,7.0,0,2,2,1,1.0,
202400036260,155 717 851,A01,1.0,7.0,0,2,4,12,1.0,
202400036261,155 717 848,A01,1.0,33.0,0,2,2,17,1.0,
202400036262,155 717 849,A01,2.0,3.0,0,2,7,15,1.0,
202400036263,155 717 845,A01,2.0,32.0,0,2,7,11,1.0,
202400036264,155 717 843,A01,1.0,10.0,0,2,4,15,1.0,
202400036265,155 717 842,B01,2.0,33.0,0,2,1,1,1.0,
202400036266,155 717 840,A01,2.0,33.0,0,2,4,1,1.0,
202400036267,155 717 837,A01,1.0,33.0,13,0,1,1,1.0,
202400036268,155 717 835,A01,1.0,7.0,0,2,2,2,1.0,
202400036269,155 717 838,A01,2.0,1.0,0,2,6,15,5.0,
202400036270,155 717 830,A01,2.0,7.0,0,2,1,2,1.0,
202400036271,155 717 828,A01,2.0,7.0,0,0,1,2,1.0,
202400036272,155 717 827,A01,2.0,10.0,0,2,1,1,1.0,
202400036273,155 717 825,A01,1.0,7.0,0,2,1,2,1.0,
202400036274,155 717 823,A01,1.0,33.0,0,2,1,3,1.0,
202400036275,155 717 819,A01,2.0,7.0,0,2,1,2,1.0,
202400036276,155 717 820,A01,1.0,7.0,0,2,1,2,1.0,
202400036277,155 717 817,A01,1.0,7.0,0,2,1,2,1.0,
202400036278,155 717 816,A01,2.0,7.0,13,0,3,1,1.0,
202400036279,155 717 814,A01,2.0,7.0,0,2,5,12,2.0,
202400036280,155 717 812,A01,1.0,30.0,1,0,0,0,1.0,
202400036281,155 717 813,A01,2.0,7.0,0,1,2,0,1.0,
202400036282,155 717 810,B01,1.0,7.0,0,2,8,1,1.0,
202400036283,155 717 808,A01,2.0,33.0,0,2,8,3,1.0,
202400036284,155 717 806,B01,3.0,7.0,0,2,3,1,1.0,
202400036285,155 717 804,A01,3.0,2.0,0,2,1,15,1.0,
202400036286,155 717 802,A01,1.0,7.0,0,2,1,1,1.0,
202400036287,155 717 801,B01,2.0,37.0,0,1,7,1,1.0,1
202400036288,155 717 800,A01,1.0,7.0,17,0,7,19,1.0,
202400036289,155 717 798,A01,3.0,7.0,0,1,0,26,3.0,
202400036290,155 717 797,A01,3.0,50.0,0,2,3,1,3.0,
202400036291,155 717 796,A01,3.0,7.0,13,0,0,2,6.0,
202400036292,155 717 794,A01,3.0,7.0,14,2,1,1,1.0,
202400036293,155 717 792,A01,1.0,7.0,0,1,1,1,1.0,
202400036294,155 717 791,A01,2.0,2.0,0,2,1,1,1.0,
202400036295,155 717 790,A01,1.0,10.0,0,0,7,14,1.0,
202400036296,155 717 788,A01,2.0,10.0,0,2,1,1,1.0,
202400036297,155 717 786,A01,1.0,7.0,0,2,0,0,1.0,
202400036298,155 717 783,A01,2.0,31.0,0,2,1,17,1.0,
202400036299,155 717 782,A01,2.0,15.0,13,2,6,1,1.0,
202400036300,155 717 781,A01,2.0,7.0,0,1,1,15,1.0,
202400036301,155 717 780,A01,1.0,7.0,17,0,1,21,0.0,
202400036302,155 717 779,A01,1.0,7.0,0,1,2,1,1.0,
202400036303,155 717 778,A01,2.0,33.0,3,0,2,1,1.0,
202400036304,155 717 777,A01,1.0,7.0,0,1,1,1,1.0,
202400036305,155 717 773,B01,1.0,7.0,0,2,3,1,1.0,
202400036306,155 717 774,A01,1.0,31.0,0,2,3,1,1.0,
202400036307,155 717 772,A01,2.0,7.0,3,0,3,1,1.0,
202400036308,155 717 771,A01,2.0,7.0,13,0,1,12,1.0,
202400036309,155 717 769,B01,3.0,14.0,0,2,1,1,1.0,
202400036310,155 717 767,A01,2.0,7.0,0,2,1,13,1.0,
202400036311,155 717 765,B01,2.0,1.0,0,2,7,1,5.0,
202400036312,155 717 763,B01,1.0,7.0,0,2,1,1,1.0,
202400036313,155 717 762,A01,2.0,10.0,0,1,1,1,1.0,
202400036314,155 717 759,A01,3.0,7.0,0,2,2,19,1.0,
202400036315,155 717 758,B01,1.0,2.0,0,2,1,1,1.0,
202400036316,155 717 757,A01,1.0,40.0,0,1,2,1,3.0,
202400036317,155 717 755,B01,1.0,7.0,0,2,3,26,1.0,
202400036318,155 717 753,A01,1.0,7.0,0,2,3,22,3.0,
202400036319,155 717 751,B01,0.0,60.0,0,2,7,1,5.0,
202400036320,155 717 749,A01,2.0,80.0,13,9,0,0,2.0,
202400036321,155 717 747,A01,1.0,10.0,0,2,1,2,1.0,
202400036322,155 717 745,A01,1.0,31.0,0,2,0,1,1.0,
202400036323,155 717 744,A01,1.0,7.0,0,1,3,1,1.0,
202400036324,155 717 742,A01,1.0,30.0,0,2,1,17,1.0,
202400036325,155 717 741,A01,1.0,1.0,0,0,0,1,5.0,
202400036326,155 717 740,A01,1.0,10.0,0,1,1,1,0.0,
202400036327,155 717 738,B01,1.0,7.0,0,2,1,1,1.0,
202400036328,155 717 737,A01,1.0,7.0,0,1,0,0,0.0,
202400036329,155 717 735,A01,1.0,7.0,2,0,3,1,1.0,
202400036330,155 717 734,A01,1.0,7.0,0,2,3,9,1.0,
202400036331,155 717 731,B01,3.0,80.0,0,2,4,23,3.0,
202400036332,155 717 730,A01,1.0,7.0,0,2,2,17,1.0,
202400036333,155 717 727,A01,3.0,60.0,0,2,2,19,5.0,
202400036334,155 717 726,B01,2.0,7.0,0,2,1,1,1.0,
202400036335,155 717 724,A01,0.0,2.0,0,2,1,1,1.0,
202400036336,155 717 723,A01,2.0,7.0,0,1,2,1,1.0,
202400036337,155 717 722,A01,1.0,7.0,0,1,1,16,2.0,
202400036338,155 717 721,A01,2.0,7.0,1,1,4,10,1.0,
202400036339,155 717 720,A01,2.0,7.0,6,0,1,1,1.0,
202400036340,155 717 718,A01,2.0,7.0,0,0,4,23,1.0,
202400036341,155 717 715,B01,3.0,10.0,0,2,1,1,1.0,
202400036342,155 717 714,B01,1.0,7.0,0,2,1,1,0.0,
202400036343,155 717 712,A01,1.0,33.0,0,2,1,18,1.0,
202400036344,155 717 709,B01,1.0,7.0,0,2,4,0,1.0,
202400036345,155 717 711,A01,3.0,50.0,0,1,1,1,3.0,
202400036346,155 717 706,C01,1.0,7.0,0,2,4,1,1.0,
202400036347,155 717 705,A01,2.0,10.0,2,0,1,0,1.0,
202400036348,155 717 703,B01,2.0,7.0,0,2,6,11,1.0,
202400036349,155 717 701,A01,1.0,32.0,0,2,1,12,1.0,
202400036350,155 717 700,A01,3.0,7.0,0,1,3,26,1.0,
202400036351,155 717 699,A01,2.0,7.0,4,0,1,14,1.0,
202400036352,155 717 697,A01,1.0,7.0,0,1,2,1,1.0,
202400036353,155 717 696,Z01,1.0,7.0,0,2,8,11,1.0,
202400036354,155 717 693,A01,1.0,7.0,0,2,3,10,1.0,
202400036355,155 717 691,A01,1.0,37.0,0,2,1,1,1.0,5
202400036356,155 717 690,A01,2.0,1.0,0,2,1,21,5.0,
202400036357,155 717 688,A01,2.0,33.0,0,2,3,3,1.0,
202400036358,155 717 687,A01,3.0,10.0,0,1,3,26,1.0,
202400036359,155 717 685,A01,2.0,7.0,0,2,1,1,1.0,
202400036360,155 717 683,A01,2.0,7.0,0,2,6,2,1.0,
202400036361,155 717 680,A01,3.0,7.0,6,0,1,15,1.0,
202400036362,155 717 681,A01,1.0,34.0,0,2,0,0,1.0,
202400036363,155 717 678,A01,1.0,7.0,0,2,3,16,2.0,
202400036364,155 717 676,A01,1.0,7.0,0,2,1,1,1.0,
202400036365,155 717 675,A01,1.0,7.0,0,1,7,1,1.0,
202400036366,155 717 673,A01,1.0,10.0,16,0,5,0,1.0,
202400036367,155 717 672,A01,1.0,33.0,0,2,2,17,1.0,
202400036368,155 717 671,A01,1.0,7.0,13,0,9,14,1.0,
202400036369,155 717 669,B01,1.0,7.0,0,2,9,1,1.0,
202400036370,155 717 667,B01,2.0,1.0,0,0,3,2,5.0,
202400036371,155 717 664,A01,0.0,7.0,0,2,1,0,1.0,
202400036372,155 717 663,A01,3.0,30.0,0,2,7,15,1.0,
202400036373,155 717 661,A01,1.0,32.0,0,2,1,1,1.0,
202400036374,155 717 658,A01,1.0,32.0,0,0,3,1,1.0,
202400036375,155 717 659,B01,3.0,7.0,0,2,1,2,1.0,
202400036376,155 717 657,A01,3.0,7.0,0,1,2,1,1.0,
202400036377,155 717 654,B01,3.0,7.0,0,2,1,1,1.0,
202400036378,155 717 653,B01,3.0,2.0,0,2,1,1,1.0,
202400036379,155 717 652,A01,3.0,2.0,0,0,3,26,3.0,
202400036380,155 717 651,Z01,1.0,7.0,0,1,1,15,0.0,
202400036381,155 717 647,A01,3.0,7.0,0,2,3,15,0.0,
202400036382,155 717 645,B01,3.0,10.0,0,2,1,26,6.0,
202400036383,155 717 646,B01,2.0,7.0,0,2,7,15,1.0,
202400036384,155 717 643,B01,1.0,7.0,0,2,5,1,1.0,
202400036385,155 717 641,B01,3.0,50.0,0,2,2,17,3.0,
202400036386,155 717 638,A01,0.0,7.0,0,2,2,15,1.0,
202400036387,155 717 637,B01,2.0,2.0,0,2,1,1,1.0,
202400036388,155 717 636,A01,3.0,7.0,0,1,1,13,3.0,
202400036389,155 717 634,A01,1.0,33.0,6,0,2,15,1.0,
202400036390,155 717 631,A01,2.0,15.0,0,2,5,1,1.0,
202400036391,155 717 629,A01,1.0,7.0,0,1,1,1,1.0,
202400036392,155 717 628,B01,2.0,7.0,0,2,2,13,0.0,
202400036393,155 717 625,Y01,1.0,0.0,0,2,3,0,0.0,
202400036394,155 717 624,A01,0.0,7.0,0,2,2,1,1.0,
202400036395,155 717 619,A01,2.0,2.0,1,0,1,2,1.0,
202400036396,155 717 620,A01,2.0,7.0,0,2,1,9,1.0,
202400036397,155 717 618,B01,3.0,10.0,0,2,1,0,1.0,
202400036398,155 717 615,A01,3.0,7.0,0,2,3,1,1.0,
202400036399,155 717 616,A01,0.0,7.0,0,1,3,1,1.0,
202400036400,155 717 612,B01,1.0,7.0,0,2,4,1,1.0,
202400036401,155 717 609,A01,1.0,7.0,0,2,2,16,1.0,
202400036402,155 717 608,A01,1.0,7.0,0,2,6,15,1.0,
202400036403,155 717 607,A01,3.0,7.0,0,1,2,1,1.0,
202400036404,155 717 606,A01,2.0,1.0,0,1,1,1,5.0,
202400036405,155 717 603,B01,1.0,33.0,0,2,4,2,1.0,
202400036406,155 717 602,B01,,7.0,0,2,3,15,1.0,
202400036407,155 717 600,A01,3.0,50.0,0,2,1,1,3.0,
202400036408,155 717 597,A01,1.0,7.0,0,2,1,1,1.0,
202400036409,155 717 596,A01,2.0,7.0,0,9,2,26,1.0,
202400036410,155 717 593,A01,2.0,7.0,0,2,3,15,1.0,
202400036411,155 717 592,B01,1.0,33.0,0,2,1,1,1.0,
202400036412,155 717 591,A01,0.0,2.0,14,9,3,0,1.0,
202400036413,155 717 588,A01,0.0,7.0,0,9,1,16,1.0,
202400036414,155 717 586,B01,1.0,1.0,0,2,3,1,5.0,
202400036415,155 717 587,A01,2.0,7.0,7,0,2,1,1.0,
202400036416,155 717 585,A01,2.0,7.0,0,1,7,26,1.0,
202400036417,155 717 583,A01,3.0,50.0,0,1,7,25,3.0,
202400036418,155 717 580,A01,3.0,7.0,12,1,1,1,1.0,
202400036419,155 717 579,A01,1.0,1.0,0,1,1,1,5.0,
202400036420,155 717 575,B01,2.0,2.0,0,2,8,0,1.0,
202400036421,155 717 574,B01,1.0,32.0,0,2,4,23,1.0,
202400036422,155 717 571,A01,2.0,7.0,0,2,3,20,1.0,
202400036423,155 717 569,A01,2.0,10.0,0,2,1,15,3.0,
202400036424,155 717 568,A01,1.0,7.0,7,0,1,15,1.0,
202400036425,155 717 566,A01,2.0,50.0,0,1,1,1,3.0,
202400036426,155 717 565,A01,2.0,7.0,0,0,5,1,1.0,
202400036427,155 717 562,B01,3.0,30.0,0,2,2,17,1.0,
202400036428,155 717 573,A01,3.0,10.0,12,2,7,1,1.0,
202400036429,155 717 556,A01,2.0,1.0,0,2,1,13,5.0,
202400036430,155 717 553,C01,2.0,7.0,0,2,3,1,1.0,
202400036431,155 717 552,A01,1.0,31.0,0,0,1,5,1.0,
202400036432,155 717 547,B01,1.0,80.0,0,2,1,1,3.0,
202400036433,155 717 546,A01,3.0,1.0,0,1,8,1,5.0,
202400036434,155 717 544,A01,2.0,33.0,0,1,1,3,1.0,
202400036435,155 717 543,B01,1.0,1.0,1,0,4,2,5.0,
202400036436,155 717 542,A01,1.0,33.0,12,0,1,11,1.0,
202400036437,155 717 540,A01,2.0,7.0,13,0,0,21,1.0,
202400036438,155 717 539,A01,3.0,7.0,0,2,1,2,1.0,
202400036439,155 717 537,A01,1.0,2.0,0,0,7,0,1.0,
202400036440,155 717 536,A01,0.0,37.0,0,2,2,2,1.0,1
202400036441,155 717 535,A01,1.0,7.0,0,1,1,1,1.0,
202400036442,155 717 529,A01,2.0,38.0,0,2,3,15,1.0,1
202400036443,155 717 530,A01,1.0,33.0,0,2,1,17,1.0,
202400036444,155 717 528,A01,1.0,33.0,0,2,1,1,1.0,
202400036445,155 717 525,A01,1.0,7.0,0,2,2,1,1.0,
202400036446,155 717 523,B01,1.0,31.0,0,2,3,17,0.0,
202400036447,155 717 526,A01,1.0,7.0,0,1,4,20,1.0,
202400036448,155 717 521,B01,3.0,7.0,0,2,3,13,1.0,
202400036449,155 717 519,A01,3.0,7.0,0,2,6,24,1.0,
202400036450,155 717 518,A01,3.0,1.0,0,0,9,0,5.0,
202400036451,155 717 516,A01,1.0,15.0,0,2,1,1,1.0,
202400036452,155 717 514,A01,3.0,7.0,0,2,2,16,1.0,
202400036453,155 717 512,B01,0.0,31.0,0,2,1,1,1.0,
202400036454,155 717 510,B01,3.0,30.0,0,0,1,1,1.0,
202400036455,155 717 509,A01,3.0,7.0,1,2,2,26,1.0,
202400036456,155 717 504,B01,1.0,32.0,0,2,1,1,1.0,
202400036457,155 717 505,B01,1.0,10.0,0,2,3,1,1.0,
202400036458,155 717 503,A01,1.0,14.0,5,0,2,0,1.0,
202400036459,155 717 502,A01,1.0,7.0,0,0,1,26,1.0,
202400036460,155 717 506,A01,1.0,30.0,16,0,1,26,1.0,
202400036461,155 717 500,A01,0.0,7.0,8,0,1,5,1.0,
202400036462,155 717 499,A01,1.0,7.0,0,2,8,23,1.0,
202400036463,155 717 498,A01,1.0,10.0,6,0,1,1,1.0,
202400036464,155 717 496,A01,1.0,14.0,0,0,0,0,1.0,
202400036465,155 717 493,A01,1.0,7.0,0,2,1,2,1.0,
202400036466,155 717 491,B01,2.0,50.0,0,2,1,1,3.0,
202400036467,155 717 490,A01,3.0,1.0,0,2,1,2,5.0,
202400036468,155 717 489,A01,1.0,33.0,0,6,0,19,1.0,
202400036469,155 717 486,A01,1.0,7.0,0,0,3,22,1.0,
202400036470,155 717 484,Z01,1.0,7.0,0,2,7,15,1.0,
202400036471,155 717 483,A01,3.0,7.0,0,9,2,16,1.0,
202400036472,155 717 481,A01,2.0,7.0,0,9,2,1,1.0,
202400036473,155 717 479,A01,2.0,7.0,6,0,1,1,1.0,
202400036474,155 717 480,A01,1.0,7.0,0,1,3,1,1.0,
202400036475,155 717 478,A01,3.0,31.0,0,0,0,5,1.0,
202400036476,155 717 476,A01,1.0,33.0,0,0,4,15,1.0,
202400036477,155 717 475,A01,2.0,10.0,2,0,1,1,1.0,
202400036478,155 717 471,A01,1.0,7.0,0,2,1,1,1.0,
202400036479,155 717 469,A01,2.0,7.0,0,0,4,1,1.0,
202400036480,155 717 468,A01,2.0,31.0,0,2,1,17,1.0,
202400036481,155 717 465,A01,1.0,7.0,0,0,0,0,3.0,
202400036482,155 717 464,A01,1.0,7.0,0,2,1,15,1.0,
202400036483,155 717 463,A01,0.0,2.0,0,2,7,1,1.0,
202400036484,155 717 458,A01,3.0,7.0,0,2,3,1,1.0,
202400036485,155 717 457,A01,2.0,7.0,0,2,3,1,1.0,
202400036486,155 717 454,A01,2.0,7.0,0,2,8,11,1.0,
202400036487,155 717 452,B01,2.0,32.0,0,2,1,1,1.0,
202400036488,155 717 451,A01,1.0,7.0,3,0,2,1,1.0,
202400036489,155 717 456,A01,1.0,10.0,0,0,1,2,1.0,
202400036490,155 717 448,B01,2.0,10.0,0,2,4,2,1.0,
202400036491,155 717 447,B01,1.0,32.0,0,2,1,17,1.0,
202400036492,155 717 445,B01,2.0,7.0,0,2,4,2,1.0,
202400036493,155 717 443,A01,2.0,7.0,0,2,3,5,1.0,
202400036494,155 717 439,B01,1.0,7.0,0,2,4,1,1.0,
202400036495,155 717 438,B01,3.0,80.0,0,9,1,0,3.0,
202400036496,155 717 436,A01,2.0,33.0,0,2,8,11,1.0,
202400036497,155 717 433,B01,2.0,17.0,0,0,4,1,1.0,
202400036498,155 717 430,A01,2.0,15.0,0,2,2,1,1.0,
202400036499,155 717 432,A01,2.0,7.0,0,2,2,20,1.0,
202400036500,155 717 428,A01,0.0,7.0,0,9,8,22,1.0,
202400036501,155 717 426,B01,1.0,7.0,0,2,6,9,1.0,
202400036502,155 717 422,A01,1.0,7.0,0,2,6,1,2.0,
202400036503,155 717 421,A01,1.0,38.0,0,1,5,15,0.0,2
202400036504,155 717 418,Z01,1.0,7.0,0,2,0,0,0.0,
202400036505,155 717 416,A01,1.0,7.0,0,2,3,13,1.0,
202400036506,155 717 414,A01,1.0,31.0,0,2,7,3,1.0,
202400036507,155 717 419,B01,2.0,7.0,0,2,3,15,1.0,
202400036508,155 717 411,A01,1.0,7.0,0,2,5,21,1.0,
202400036509,155 717 409,B01,3.0,50.0,0,2,1,1,3.0,
202400036510,155 717 408,A01,1.0,7.0,0,2,3,1,1.0,
202400036511,155 717 406,A01,2.0,33.0,0,2,2,1,1.0,
202400036512,155 717 404,A01,1.0,7.0,0,1,1,1,1.0,
202400036513,155 717 402,B01,2.0,1.0,0,2,1,1,5.0,
202400036514,155 717 401,B01,2.0,7.0,0,2,5,12,1.0,
202400036515,155 717 398,A01,1.0,7.0,13,0,3,1,1.0,
202400036516,155 717 400,B01,1.0,7.0,0,1,5,1,1.0,
202400036517,155 717 397,A01,2.0,7.0,0,2,3,2,1.0,
202400036518,155 717 394,A01,1.0,7.0,0,1,1,1,1.0,
202400036519,155 717 393,A01,1.0,31.0,0,2,4,1,1.0,
202400036520,155 717 392,B01,2.0,15.0,0,2,1,1,1.0,
202400036521,155 717 389,A01,2.0,32.0,0,0,0,9,1.0,
202400036522,155 717 387,B01,3.0,7.0,0,9,3,15,1.0,
202400036523,155 717 386,A01,2.0,33.0,0,2,3,3,1.0,
202400036524,155 717 382,A01,2.0,7.0,0,0,3,19,1.0,
202400036525,155 717 381,A01,1.0,7.0,0,2,7,15,1.0,
202400036526,155 717 378,A01,2.0,13.0,0,2,4,1,1.0,
202400036527,155 717 377,B01,1.0,7.0,0,2,5,10,1.0,
202400036528,155 717 373,A01,1.0,7.0,0,9,1,15,1.0,
202400036529,155 717 371,B01,1.0,7.0,0,2,1,1,1.0,
202400036530,155 717 372,B01,1.0,7.0,0,9,0,0,0.0,
202400036531,155 717 370,A01,1.0,7.0,2,0,1,1,1.0,