Num_Acc,id_vehicule,num_veh,senc,catv,obs,obsm,choc,manv,motor,occutc
202400036532,155 717 367,A01,3.0,7.0,0,9,3,0,1.0,
202400036533,155 717 366,A01,1.0,7.0,13,0,3,13,1.0,
202400036534,155 717 364,A01,2.0,7.0,8,2,8,0,1.0,
202400036535,155 717 361,A01,1.0,7.0,0,2,3,19,1.0,
202400036536,155 717 360,B01,2.0,10.0,0,2,7,17,1.0,
202400036537,155 717 359,A01,1.0,33.0,0,0,1,1,1.0,
202400036538,155 717 358,A01,2.0,0.0,4,0,0,0,0.0,
202400036539,155 717 357,A01,1.0,10.0,6,0,3,13,1.0,
202400036540,155 717 353,A01,1.0,33.0,13,0,9,1,1.0,
202400036541,155 717 349,B01,2.0,7.0,0,2,3,19,1.0,
202400036542,155 717 348,B01,2.0,7.0,0,2,1,1,1.0,
202400036543,155 717 347,A01,3.0,7.0,0,1,2,1,1.0,
202400036544,155 717 346,A01,1.0,1.0,0,0,1,1,5.0,
202400036545,155 717 343,C01,2.0,7.0,0,2,2,2,1.0,
202400036546,155 717 340,B01,1.0,1.0,0,2,1,1,5.0,
202400036547,155 717 336,B01,1.0,50.0,1,2,7,1,3.0,
202400036548,155 717 335,A01,2.0,7.0,0,2,2,1,1.0,
202400036549,155 717 331,B01,3.0,7.0,0,2,3,1,2.0,
202400036550,155 717 332,A01,0.0,1.0,0,2,3,1,5.0,
202400036551,155 717 330,A01,3.0,7.0,0,2,1,1,1.0,
202400036552,155 717 328,A01,1.0,10.0,0,2,3,9,1.0,
202400036553,155 717 326,A01,1.0,38.0,0,1,7,16,1.0,1
202400036554,155 717 324,B01,2.0,7.0,0,2,2,26,1.0,
202400036555,155 717 323,A01,2.0,13.0,0,2,1,1,1.0,
202400036556,155 717 321,A01,1.0,50.0,0,1,1,1,3.0,
202400036557,155 717 319,B01,2.0,7.0,0,2,4,1,1.0,
202400036558,155 717 318,A01,3.0,2.0,0,2,7,9,1.0,
202400036559,155 717 317,A01,0.0,10.0,0,1,1,1,1.0,
202400036560,155 717 313,A01,1.0,7.0,0,2,4,4,1.0,
202400036561,155 717 312,A01,3.0,30.0,0,0,3,1,1.0,
202400036562,155 717 315,A01,0.0,7.0,2,0,3,0,1.0,
202400036563,155 717 311,A01,1.0,1.0,14,0,2,0,5.0,
202400036564,155 717 308,A01,2.0,7.0,0,2,7,15,1.0,
202400036565,155 717 307,A01,0.0,50.0,0,2,1,1,3.0,
202400036566,155 717 306,A01,2.0,7.0,4,0,8,1,1.0,
202400036567,155 717 304,A01,2.0,10.0,3,0,2,1,1.0,
202400036568,155 717 303,B01,3.0,7.0,0,9,2,15,1.0,
202400036569,155 717 302,A01,3.0,7.0,0,1,3,1,1.0,
202400036570,155 717 301,A01,1.0,7.0,4,0,1,17,1.0,
202400036571,155 717 295,A01,1.0,7.0,0,2,3,13,1.0,
202400036572,155 717 294,B01,2.0,7.0,0,9,1,1,1.0,
202400036573,155 717 290,B01,2.0,10.0,0,2,1,1,1.0,
202400036574,155 717 291,A01,2.0,7.0,0,2,3,20,1.0,
202400036575,155 717 287,B01,2.0,13.0,0,2,4,24,0.0,
202400036576,155 717 283,B01,1.0,7.0,0,2,1,1,1.0,
202400036577,155 717 282,A01,0.0,7.0,13,0,1,1,1.0,
202400036578,155 717 281,B01,2.0,10.0,0,2,3,26,1.0,
202400036579,155 717 278,A01,0.0,1.0,0,2,1,1,5.0,
202400036580,155 717 277,A01,1.0,33.0,0,0,1,1,1.0,
202400036581,155 717 275,A01,1.0,7.0,0,2,2,15,1.0,
202400036582,155 717 271,B01,1.0,33.0,0,2,2,13,1.0,
202400036583,155 717 269,D01,1.0,10.0,0,0,4,2,1.0,
202400036584,155 717 268,A01,3.0,7.0,0,1,1,0,1.0,
202400036585,155 717 265,B01,1.0,1.0,0,2,7,1,5.0,
202400036586,155 717 263,A01,3.0,33.0,0,2,1,1,1.0,
202400036587,155 717 261,A01,2.0,7.0,0,2,2,1,1.0,
202400036588,155 717 260,B01,3.0,7.0,0,2,1,2,1.0,
202400036589,155 717 256,B01,1.0,7.0,0,2,3,1,1.0,
202400036590,155 717 257,A01,2.0,10.0,0,0,9,1,1.0,
202400036591,155 717 255,B01,1.0,7.0,0,2,1,12,1.0,
202400036592,155 717 251,A01,1.0,40.0,0,1,1,0,3.0,
202400036593,155 717 253,A01,2.0,30.0,0,2,1,1,1.0,
202400036594,155 717 252,A01,2.0,31.0,0,0,0,1,1.0,
202400036595,155 717 249,A01,1.0,7.0,0,2,5,15,1.0,
202400036596,155 717 248,A01,1.0,7.0,0,1,1,1,1.0,
202400036597,155 717 245,A01,1.0,7.0,13,0,1,14,1.0,
202400036598,155 717 246,A01,1.0,10.0,0,1,3,1,1.0,
202400036599,155 717 243,B01,1.0,7.0,0,2,4,1,1.0,
202400036600,155 717 241,A01,2.0,7.0,0,2,5,16,1.0,
202400036601,155 717 240,A01,1.0,7.0,0,2,1,9,1.0,
202400036602,155 717 239,A01,3.0,50.0,0,0,0,1,3.0,
202400036603,155 717 237,A01,0.0,7.0,0,2,0,1,1.0,
202400036604,155 717 236,Z01,0.0,30.0,0,1,1,25,1.0,
202400036605,155 717 234,Z01,1.0,30.0,0,1,1,1,1.0,
202400036606,155 717 232,A01,2.0,7.0,0,2,1,13,1.0,
202400036607,155 717 231,A01,0.0,7.0,0,2,1,15,2.0,
202400036608,155 717 229,A01,1.0,7.0,0,2,2,15,0.0,
202400036609,155 717 227,A01,1.0,7.0,0,2,2,14,1.0,
202400036610,155 717 226,A01,3.0,33.0,2,0,1,1,1.0,
202400036611,155 717 223,A01,2.0,2.0,0,2,4,16,1.0,
202400036612,155 717 222,A01,1.0,1.0,15,0,7,1,5.0,
202400036613,155 717 220,A01,1.0,7.0,0,2,5,0,1.0,
202400036614,155 717 218,A01,3.0,7.0,0,2,3,15,1.0,
202400036615,155 717 214,A01,1.0,7.0,0,2,3,9,1.0,
202400036616,155 717 215,A01,0.0,7.0,0,0,7,12,1.0,
202400036617,155 717 213,A01,0.0,10.0,0,2,1,2,1.0,
202400036618,155 717 212,A01,3.0,10.0,0,1,2,1,1.0,
202400036619,155 717 209,A01,3.0,31.0,0,2,1,2,1.0,
202400036620,155 717 205,B01,1.0,7.0,0,9,2,15,3.0,
202400036621,155 717 204,A01,1.0,15.0,0,0,6,2,1.0,
202400036622,155 717 202,A01,1.0,7.0,0,2,3,13,1.0,
202400036623,155 717 201,A01,1.0,7.0,0,0,1,0,1.0,
202400036624,155 717 200,A01,0.0,15.0,0,1,1,26,1.0,
202400036625,155 717 199,A01,1.0,7.0,12,0,3,13,1.0,
202400036626,155 717 198,A01,0.0,7.0,0,1,4,26,1.0,
202400036627,155 717 196,B01,1.0,33.0,0,0,1,13,1.0,
202400036628,155 717 194,A01,3.0,10.0,2,0,1,2,0.0,
202400036629,155 717 195,A01,3.0,7.0,0,1,2,16,1.0,
202400036630,155 717 193,A01,1.0,17.0,3,0,3,13,1.0,
202400036631,155 717 192,A01,2.0,7.0,0,1,1,1,1.0,
202400036632,155 717 190,A01,1.0,7.0,0,9,2,16,1.0,
202400036633,155 717 187,B01,2.0,7.0,0,2,4,1,3.0,
202400036634,155 717 186,B01,2.0,33.0,0,2,1,1,1.0,
202400036635,155 717 185,A01,2.0,7.0,0,1,8,1,1.0,
202400036636,155 717 182,A01,1.0,10.0,0,2,1,1,1.0,
202400036637,155 717 180,A01,1.0,7.0,0,2,7,16,1.0,
202400036638,155 717 179,B01,1.0,33.0,0,2,2,0,1.0,
202400036639,155 717 177,A01,1.0,7.0,0,2,7,12,1.0,
202400036640,155 717 176,A01,3.0,7.0,0,2,1,20,1.0,
202400036641,155 717 175,A01,3.0,10.0,0,1,2,1,1.0,
202400036642,155 717 173,A01,2.0,7.0,2,0,1,1,1.0,
202400036643,155 717 172,A01,1.0,17.0,0,2,2,1,1.0,
202400036644,155 717 169,A01,1.0,7.0,0,1,2,26,2.0,
202400036645,155 717 167,A01,2.0,7.0,0,2,1,16,1.0,
202400036646,155 717 165,A01,1.0,10.0,0,2,3,14,1.0,
202400036647,155 717 162,B01,2.0,33.0,0,2,0,0,1.0,
202400036648,155 717 159,A01,1.0,7.0,0,2,1,1,1.0,
202400036649,155 717 158,B01,1.0,7.0,0,2,2,15,1.0,
202400036650,155 717 155,B01,3.0,7.0,0,2,4,2,1.0,
202400036651,155 717 154,A01,1.0,7.0,0,2,8,11,3.0,
202400036652,155 717 153,A01,1.0,7.0,0,1,1,1,1.0,
202400036653,155 717 151,A01,3.0,1.0,0,0,0,1,5.0,
202400036654,155 717 147,A01,1.0,43.0,0,2,3,13,1.0,
202400036655,155 717 146,A01,3.0,7.0,0,2,3,22,1.0,
202400036656,155 717 143,A01,3.0,7.0,1,0,3,15,1.0,
202400036657,155 717 141,A01,2.0,30.0,0,2,1,16,1.0,
202400036658,155 717 140,A01,3.0,7.0,0,2,3,1,1.0,
202400036659,155 717 138,B01,1.0,7.0,0,2,6,2,1.0,
202400036660,155 717 136,A01,1.0,7.0,0,2,3,13,1.0,
202400036661,155 717 135,A01,1.0,7.0,0,1,2,17,1.0,
202400036662,155 717 132,A01,2.0,10.0,0,2,2,5,1.0,
202400036663,155 717 130,A01,2.0,31.0,0,2,1,1,1.0,
202400036664,155 717 128,B01,1.0,10.0,0,2,1,1,1.0,
202400036665,155 717 127,A01,1.0,7.0,0,1,1,1,3.0,
202400036666,155 717 125,B01,3.0,7.0,0,9,1,1,1.0,
202400036667,155 717 123,A01,1.0,7.0,0,1,3,26,1.0,
202400036668,155 717 122,B01,2.0,7.0,0,2,2,16,1.0,
202400036669,155 717 121,A01,0.0,7.0,7,0,1,1,1.0,
202400036670,155 717 120,A01,1.0,33.0,13,0,1,1,1.0,
202400036671,155 717 119,A01,1.0,10.0,0,1,2,1,1.0,
202400036672,155 717 117,B01,1.0,7.0,0,2,6,15,2.0,
202400036673,155 717 116,A01,2.0,7.0,0,1,3,1,1.0,
202400036674,155 717 114,B01,1.0,33.0,0,2,1,1,1.0,
202400036675,155 717 112,A01,3.0,7.0,13,0,1,1,1.0,
202400036676,155 717 110,B01,1.0,7.0,4,2,4,17,1.0,
202400036677,155 717 109,B01,3.0,33.0,0,2,1,1,1.0,
202400036678,155 717 106,A01,2.0,10.0,0,2,3,9,1.0,
202400036679,155 717 105,A01,2.0,33.0,0,2,3,21,1.0,
202400036680,155 717 103,B01,1.0,7.0,3,2,4,1,1.0,
202400036681,155 717 101,B01,3.0,40.0,0,2,0,0,3.0,
202400036682,155 717 100,A01,2.0,7.0,0,1,3,1,1.0,
202400036683,155 717 098,B01,2.0,7.0,0,2,2,1,1.0,
202400036684,155 717 096,A01,0.0,7.0,0,1,1,1,1.0,
202400036685,155 717 094,A01,1.0,7.0,0,2,1,2,1.0,
202400036686,155 717 091,A01,1.0,7.0,0,2,1,1,1.0,
202400036687,155 717 088,A01,1.0,7.0,0,2,1,13,1.0,
202400036688,155 717 087,A01,2.0,10.0,0,2,2,2,1.0,
202400036689,155 717 085,A01,0.0,7.0,0,1,4,20,2.0,
202400036690,155 717 086,A01,1.0,10.0,0,1,1,1,1.0,
202400036691,155 717 083,A01,1.0,7.0,0,2,1,1,1.0,
202400036692,155 717 081,A01,3.0,10.0,0,1,1,1,0.0,
202400036693,155 717 080,B01,3.0,7.0,0,2,2,1,1.0,
202400036694,155 717 077,A01,2.0,7.0,0,2,1,5,1.0,
202400036695,155 717 076,B01,1.0,2.0,0,2,4,1,1.0,
202400036696,155 717 071,A01,1.0,32.0,0,2,1,19,1.0,
202400036697,155 717 070,A01,3.0,7.0,0,2,1,1,1.0,
202400036698,155 717 072,A01,2.0,7.0,0,2,1,17,1.0,
202400036699,155 717 067,A01,1.0,7.0,1,2,1,17,1.0,
202400036700,155 717 066,A01,1.0,7.0,0,1,1,1,1.0,
202400036701,155 717 065,B01,2.0,33.0,0,2,5,1,1.0,
202400036702,155 717 061,A01,2.0,33.0,0,0,7,1,1.0,
202400036703,155 717 062,A01,3.0,33.0,0,2,8,1,1.0,
202400036704,155 717 059,B01,3.0,7.0,0,2,9,2,1.0,
202400036705,155 717 058,A01,0.0,7.0,0,1,1,20,1.0,
202400036706,155 717 057,A01,3.0,50.0,12,0,1,1,3.0,
202400036707,155 717 056,A01,0.0,30.0,0,1,1,1,1.0,
202400036708,155 717 053,B01,2.0,33.0,0,2,1,1,1.0,
202400036709,155 717 052,A01,1.0,7.0,0,2,1,13,1.0,
202400036710,155 717 051,A01,1.0,7.0,0,1,1,1,1.0,
202400036711,155 717 049,Z01,1.0,30.0,0,1,1,2,1.0,
202400036712,155 717 048,A01,3.0,10.0,0,2,7,15,1.0,
202400036713,155 717 045,B01,2.0,2.0,0,2,8,1,1.0,
202400036714,155 717 043,A01,1.0,7.0,0,1,3,16,1.0,
202400036715,155 717 044,Z01,1.0,7.0,0,1,1,1,0.0,
202400036716,155 717 042,A01,2.0,7.0,0,1,3,1,1.0,
202400036717,155 717 039,A01,2.0,2.0,0,1,1,1,1.0,
202400036718,155 717 038,A01,2.0,7.0,0,2,1,2,1.0,
202400036719,155 717 036,A01,3.0,7.0,0,2,1,1,1.0,
202400036720,155 717 034,A01,3.0,33.0,0,2,7,17,1.0,
202400036721,155 717 030,A01,3.0,7.0,0,2,3,1,1.0,
202400036722,155 717 031,B01,2.0,7.0,0,2,2,2,1.0,
202400036723,155 717 029,A01,3.0,38.0,0,1,2,1,1.0,1
202400036724,155 717 027,A01,1.0,33.0,0,2,8,3,1.0,
202400036725,155 717 025,A01,2.0,7.0,0,2,3,2,1.0,
202400036726,155 717 021,A01,1.0,7.0,0,2,8,23,1.0,
202400036727,155 717 022,A01,1.0,7.0,0,1,1,26,1.0,
202400036728,155 717 020,A01,1.0,32.0,12,0,3,16,1.0,
202400036729,155 717 018,A01,3.0,7.0,0,2,1,0,1.0,
202400036730,155 717 016,A01,1.0,34.0,0,2,1,1,3.0,
202400036731,155 717 015,A01,3.0,7.0,0,1,1,26,1.0,
202400036732,155 717 014,A01,1.0,7.0,0,1,2,1,2.0,
202400036733,155 717 013,A01,3.0,10.0,0,1,1,1,1.0,
202400036734,155 717 012,A01,3.0,7.0,0,1,2,16,3.0,
202400036735,155 717 010,A01,1.0,7.0,0,2,1,2,2.0,
202400036736,155 717 008,A01,1.0,10.0,0,1,1,1,1.0,
202400036737,155 717 005,A01,1.0,7.0,0,1,3,1,1.0,
202400036738,155 717 003,D01,3.0,7.0,0,2,8,0,1.0,
202400036739,155 717 001,A01,1.0,10.0,0,2,2,1,1.0,
202400036740,155 716 999,B01,3.0,50.0,0,2,1,1,3.0,
202400036741,155 716 997,A01,1.0,10.0,0,2,2,1,1.0,
202400036742,155 716 996,A01,2.0,7.0,15,0,1,13,1.0,
202400036743,155 716 994,A01,1.0,80.0,0,2,1,1,3.0,
202400036744,155 716 992,B01,1.0,7.0,0,2,1,13,1.0,
202400036745,155 716 991,A01,1.0,50.0,0,1,0,1,3.0,
202400036746,155 716 987,A01,2.0,30.0,0,2,1,2,1.0,
202400036747,155 716 985,A01,1.0,10.0,0,1,3,1,1.0,
202400036748,155 716 984,A01,2.0,7.0,0,2,1,15,0.0,
202400036749,155 716 983,A01,3.0,32.0,0,1,1,21,1.0,
202400036750,155 716 982,A01,2.0,7.0,0,1,2,16,1.0,
202400036751,155 716 979,A01,3.0,50.0,0,2,1,1,3.0,
202400036752,155 716 974,E01,1.0,7.0,0,2,8,1,2.0,
202400036753,155 716 973,B01,1.0,33.0,0,2,2,2,1.0,
202400036754,155 716 970,B01,1.0,33.0,0,2,3,1,1.0,
202400036755,155 716 969,B01,1.0,32.0,0,2,1,2,0.0,
202400036756,155 716 966,B01,1.0,10.0,0,2,6,1,0.0,
202400036757,155 716 967,A01,1.0,7.0,0,2,1,26,1.0,
202400036758,155 716 963,B01,1.0,7.0,0,2,6,23,1.0,
202400036759,155 716 962,B01,3.0,30.0,0,2,4,23,1.0,
202400036760,155 716 958,A01,1.0,7.0,0,0,0,26,1.0,
202400036761,155 716 959,A01,2.0,1.0,0,2,8,5,5.0,
202400036762,155 716 956,A01,1.0,2.0,0,1,1,3,1.0,
202400036763,155 716 955,A01,2.0,7.0,0,0,1,22,1.0,
202400036764,155 716 951,A01,0.0,32.0,0,2,1,17,3.0,
202400036765,155 716 950,A01,1.0,7.0,0,2,2,17,1.0,
202400036766,155 716 947,B01,1.0,7.0,0,2,0,0,2.0,
202400036767,155 716 946,B01,1.0,1.0,0,2,1,1,5.0,
202400036768,155 716 944,A01,1.0,99.0,0,2,8,13,1.0,
202400036769,155 716 943,A01,2.0,34.0,0,1,1,1,1.0,
202400036770,155 716 942,A01,2.0,7.0,0,1,2,16,1.0,
202400036771,155 716 941,A01,2.0,33.0,0,1,1,1,1.0,
202400036772,155 716 939,B01,0.0,1.0,0,2,3,1,5.0,
202400036773,155 716 938,Z01,2.0,30.0,0,1,1,1,1.0,
202400036774,155 716 936,A01,3.0,36.0,0,0,1,0,1.0,
202400036775,155 716 934,A01,1.0,14.0,0,1,2,16,1.0,
202400036776,155 716 933,B01,1.0,10.0,0,2,6,2,1.0,
202400036777,155 716 930,A01,2.0,7.0,0,2,2,1,1.0,
202400036778,155 716 929,A01,2.0,30.0,0,2,1,13,1.0,
202400036779,155 716 928,A01,1.0,7.0,13,0,9,13,1.0,
202400036780,155 716 926,A01,1.0,50.0,0,2,2,1,3.0,
202400036781,155 716 925,A01,0.0,7.0,0,1,3,0,1.0,
202400036782,155 716 924,A01,1.0,7.0,0,1,1,1,1.0,
202400036783,155 716 922,B01,1.0,10.0,0,2,2,1,1.0,
202400036784,155 716 921,B01,1.0,80.0,0,0,2,13,3.0,
202400036785,155 716 918,A01,2.0,7.0,1,9,3,22,1.0,
202400036786,155 716 915,A01,1.0,7.0,0,2,8,13,1.0,
202400036787,155 716 916,A01,2.0,32.0,0,1,1,1,1.0,
202400036788,155 716 912,B01,1.0,30.0,0,2,1,13,1.0,
202400036789,155 716 911,B01,1.0,50.0,0,2,0,0,3.0,
202400036790,155 716 910,A01,2.0,7.0,4,0,1,14,1.0,
202400036791,155 716 909,A01,1.0,30.0,0,1,1,25,1.0,
202400036792,155 716 908,A01,2.0,7.0,13,0,1,17,1.0,
202400036793,155 716 907,B01,1.0,2.0,0,1,1,0,1.0,
202400036794,155 716 905,B01,1.0,7.0,0,2,1,1,1.0,
202400036795,155 716 902,A01,1.0,7.0,0,2,1,2,1.0,
202400036796,155 716 901,B01,2.0,7.0,0,2,3,1,1.0,
202400036797,155 716 898,A01,2.0,0.0,0,2,0,12,0.0,
202400036798,155 716 897,B01,1.0,7.0,0,2,1,1,1.0,
202400036799,155 716 895,A01,2.0,33.0,0,2,0,2,1.0,
202400036800,155 716 894,A01,2.0,10.0,0,2,1,1,3.0,
202400036801,155 716 891,A01,3.0,7.0,0,2,3,1,1.0,
202400036802,155 716 890,A01,3.0,7.0,6,0,1,1,1.0,
202400036803,155 716 889,A01,2.0,7.0,0,2,1,1,1.0,
202400036804,155 716 886,A01,2.0,7.0,1,1,6,20,1.0,
202400036805,155 716 885,A01,1.0,7.0,0,9,2,17,1.0,
202400036806,155 716 883,A01,3.0,7.0,0,1,1,1,3.0,
202400036807,155 716 880,A01,2.0,7.0,0,2,1,1,1.0,
202400036808,155 716 879,A01,2.0,10.0,0,2,3,5,1.0,
202400036809,155 716 877,A01,2.0,33.0,0,2,1,13,1.0,
202400036810,155 716 876,A01,1.0,7.0,0,0,9,1,1.0,
202400036811,155 716 875,A01,1.0,7.0,13,0,1,15,1.0,
202400036812,155 716 873,A01,2.0,7.0,0,0,3,26,1.0,
202400036813,155 716 872,A01,1.0,7.0,0,1,2,1,2.0,
202400036814,155 716 871,A01,3.0,2.0,0,0,0,26,0.0,
202400036815,155 716 869,A01,1.0,7.0,8,2,7,15,1.0,
202400036816,155 716 867,A01,1.0,7.0,0,2,2,15,1.0,
202400036817,155 716 864,A01,2.0,7.0,3,2,1,2,1.0,
202400036818,155 716 863,A01,2.0,7.0,0,2,1,9,1.0,
202400036819,155 716 862,A01,1.0,7.0,0,1,3,1,1.0,
202400036820,155 716 860,B01,3.0,7.0,0,2,2,9,1.0,
202400036821,155 716 858,B01,2.0,15.0,0,2,3,21,1.0,
202400036822,155 716 856,A01,1.0,32.0,0,2,7,17,1.0,
202400036823,155 716 855,A01,0.0,7.0,0,1,1,0,1.0,
202400036824,155 716 854,A01,3.0,7.0,0,1,1,1,2.0,
202400036825,155 716 853,A01,1.0,10.0,1,0,1,14,1.0,
202400036826,155 716 850,A01,2.0,7.0,0,2,1,1,1.0,
202400036827,155 716 849,A01,1.0,33.0,0,0,7,16,1.0,
202400036828,155 716 848,A01,1.0,7.0,0,2,3,13,1.0,
202400036829,155 716 846,A01,2.0,33.0,8,0,1,26,1.0,
202400036830,155 716 845,A01,1.0,10.0,0,2,1,13,1.0,
202400036831,155 716 843,A01,2.0,7.0,0,1,1,16,1.0,
202400036832,155 716 842,A01,0.0,7.0,0,9,2,1,1.0,
202400036833,155 716 839,A01,2.0,7.0,0,2,0,13,1.0,
202400036834,155 716 838,B01,2.0,7.0,0,2,2,1,1.0,
202400036835,155 716 835,B01,2.0,33.0,0,2,1,1,1.0,
202400036836,155 716 834,B01,2.0,7.0,0,2,8,19,1.0,
202400036837,155 716 831,B01,3.0,60.0,0,2,1,19,5.0,
202400036838,155 716 830,A01,2.0,7.0,0,0,0,1,1.0,
202400036839,155 716 828,A01,1.0,7.0,0,1,1,1,1.0,
202400036840,155 716 827,B01,1.0,7.0,0,2,3,9,1.0,
202400036841,155 716 825,A01,2.0,7.0,0,6,1,1,1.0,
202400036842,155 716 824,A01,2.0,7.0,0,2,6,1,1.0,
202400036843,155 716 821,B01,1.0,7.0,0,2,3,9,1.0,
202400036844,155 716 820,A01,2.0,10.0,0,2,1,2,1.0,
202400036845,155 716 819,A01,1.0,7.0,0,0,7,1,1.0,
202400036846,155 716 817,A01,2.0,33.0,0,2,1,3,1.0,
202400036847,155 716 815,A01,1.0,31.0,0,2,1,1,1.0,
202400036848,155 716 813,A01,1.0,17.0,0,2,4,1,1.0,
202400036849,155 716 811,B01,2.0,33.0,0,2,1,1,1.0,
202400036850,155 716 809,A01,1.0,7.0,0,2,1,2,1.0,
202400036851,155 716 807,A01,2.0,7.0,0,2,3,15,1.0,
202400036852,155 716 805,A01,2.0,7.0,4,2,8,11,1.0,
202400036853,155 716 803,A01,1.0,7.0,0,2,3,13,1.0,
202400036854,155 716 800,B01,1.0,10.0,0,2,2,21,1.0,
202400036855,155 716 796,A01,2.0,33.0,0,2,2,3,1.0,
202400036856,155 716 794,A01,1.0,14.0,0,2,1,13,1.0,
202400036857,155 716 791,A01,2.0,10.0,0,2,1,2,1.0,
202400036858,155 716 790,A01,1.0,7.0,0,0,2,17,1.0,
202400036859,155 716 788,A01,1.0,7.0,3,0,3,0,1.0,
202400036860,155 716 785,A01,2.0,7.0,0,2,1,1,1.0,
202400036861,155 716 783,A01,1.0,7.0,0,2,4,15,1.0,
202400036862,155 716 781,B01,2.0,7.0,0,2,4,2,1.0,
202400036863,155 716 778,A01,1.0,32.0,0,2,1,2,1.0,
202400036864,155 716 776,B01,1.0,15.0,0,2,5,15,1.0,
202400036865,155 716 775,A01,1.0,7.0,0,1,1,1,0.0,
202400036866,155 716 772,A01,1.0,10.0,0,2,8,15,1.0,
202400036867,155 716 771,B01,2.0,1.0,0,2,3,23,5.0,
202400036868,155 716 769,A01,1.0,1.0,1,0,1,21,5.0,
202400036869,155 716 767,B01,1.0,33.0,0,2,8,3,1.0,
202400036870,155 716 765,A01,1.0,34.0,0,2,1,2,1.0,
202400036871,155 716 764,A01,1.0,7.0,0,1,1,1,1.0,
202400036872,155 716 762,A01,3.0,7.0,0,1,4,26,6.0,
202400036873,155 716 761,A01,1.0,2.0,0,2,1,2,1.0,
202400036874,155 716 759,A01,2.0,7.0,13,0,2,1,1.0,
202400036875,155 716 757,A01,1.0,10.0,8,0,1,14,1.0,
202400036876,155 716 756,A01,1.0,7.0,0,1,3,21,1.0,
202400036877,155 716 755,A01,0.0,7.0,13,0,1,1,1.0,
202400036878,155 716 753,B01,3.0,31.0,0,2,1,1,0.0,
202400036879,155 716 752,A01,1.0,33.0,0,6,1,1,1.0,
202400036880,155 716 751,A01,2.0,10.0,8,0,1,1,1.0,
202400036881,155 716 749,A01,1.0,7.0,0,2,3,13,1.0,
202400036882,155 716 748,A01,1.0,7.0,2,0,1,1,1.0,
202400036883,155 716 747,A01,3.0,7.0,0,1,2,1,1.0,
202400036884,155 716 746,A01,1.0,7.0,0,1,2,1,1.0,
202400036885,155 716 744,A01,0.0,7.0,0,0,3,1,1.0,
202400036886,155 716 742,A01,2.0,10.0,0,2,2,1,1.0,
202400036887,155 716 741,A01,2.0,7.0,0,1,1,2,1.0,
202400036888,155 716 738,A01,2.0,7.0,0,2,7,14,1.0,
202400036889,155 716 735,A01,2.0,10.0,0,9,4,1,1.0,
202400036890,155 716 733,A01,1.0,7.0,4,2,1,1,1.0,
202400036891,155 716 732,A01,1.0,7.0,13,0,0,0,1.0,
202400036892,155 716 728,B01,2.0,7.0,0,2,4,2,1.0,
202400036893,155 716 726,A01,2.0,33.0,0,2,1,1,1.0,
202400036894,155 716 723,B01,1.0,7.0,0,2,9,2,1.0,
202400036895,155 716 719,B01,1.0,7.0,0,2,4,1,0.0,
202400036896,155 716 717,A01,2.0,7.0,0,2,7,12,1.0,
202400036897,155 716 716,A01,2.0,43.0,0,2,1,18,1.0,
202400036898,155 716 714,A01,1.0,33.0,0,2,7,3,1.0,
202400036899,155 716 712,A01,1.0,7.0,0,2,2,2,1.0,
202400036900,155 716 709,C01,1.0,10.0,0,2,6,1,1.0,
202400036901,155 716 707,A01,1.0,33.0,0,2,3,3,1.0,
202400036902,155 716 705,A01,2.0,7.0,0,2,8,11,1.0,
202400036903,155 716 704,A01,2.0,7.0,4,0,1,2,1.0,
202400036904,155 716 702,B01,2.0,7.0,0,9,5,1,2.0,
202400036905,155 716 700,A01,1.0,7.0,0,2,1,2,1.0,
202400036906,155 716 698,A01,2.0,33.0,0,2,2,3,1.0,
202400036907,155 716 696,B01,1.0,7.0,0,2,4,4,1.0,
202400036908,155 716 695,A01,2.0,7.0,0,1,0,1,0.0,
202400036909,155 716 693,A01,1.0,7.0,0,2,0,0,1.0,
202400036910,155 716 690,B01,2.0,7.0,0,2,4,2,1.0,
202400036911,155 716 689,A01,1.0,50.0,14,0,0,1,3.0,
202400036912,155 716 687,A01,1.0,7.0,0,2,2,1,1.0,
202400036913,155 716 686,A01,1.0,7.0,0,1,1,1,1.0,
202400036914,155 716 684,A01,2.0,7.0,0,2,3,1,,
202400036915,155 716 683,A01,1.0,30.0,0,1,1,1,1.0,
202400036916,155 716 682,A01,1.0,7.0,1,0,2,9,1.0,
202400036917,155 716 681,A01,1.0,33.0,0,0,0,1,1.0,
202400036918,155 716 680,A01,2.0,7.0,1,0,1,1,0.0,
202400036919,155 716 677,A01,2.0,7.0,0,2,1,13,1.0,
202400036920,155 716 676,A01,1.0,7.0,3,0,1,1,1.0,
202400036921,155 716 675,A01,1.0,7.0,0,1,2,1,1.0,
202400036922,155 716 674,A01,1.0,60.0,0,0,0,0,5.0,
202400036923,155 716 673,A01,1.0,7.0,0,2,0,1,1.0,
202400036924,155 716 671,A01,1.0,7.0,0,2,0,0,1.0,
202400036925,155 716 667,B01,1.0,7.0,8,2,1,1,3.0,
202400036926,155 716 665,A01,3.0,7.0,0,2,1,15,1.0,
202400036927,155 716 663,A01,2.0,30.0,0,2,1,15,1.0,
202400036928,155 716 662,A01,0.0,10.0,0,1,5,4,1.0,