Num_Acc,id_vehicule,num_veh,senc,catv,obs,obsm,choc,manv,motor,occutc
202400036929,155 716 660,B01,2.0,7.0,0,2,3,1,1.0,
202400036930,155 716 658,A01,1.0,7.0,0,2,5,26,1.0,
202400036931,155 716 656,B01,1.0,7.0,0,0,8,1,3.0,
202400036932,155 716 655,A01,2.0,7.0,0,1,1,19,1.0,
202400036933,155 716 654,A01,2.0,7.0,0,1,3,1,1.0,
202400036934,155 716 652,A01,2.0,10.0,0,2,1,9,1.0,
202400036935,155 716 650,B01,2.0,7.0,0,2,2,9,1.0,
202400036936,155 716 649,A01,3.0,7.0,2,0,1,14,1.0,
202400036937,155 716 647,A01,1.0,7.0,0,2,1,1,1.0,
202400036938,155 716 645,B01,3.0,2.0,0,2,5,9,1.0,
202400036939,155 716 644,A01,2.0,7.0,0,1,1,17,1.0,
202400036940,155 716 643,A01,1.0,30.0,0,0,0,1,1.0,
202400036941,155 716 640,A01,1.0,10.0,0,2,1,2,1.0,
202400036942,155 716 638,A01,2.0,30.0,0,2,8,1,1.0,
202400036943,155 716 637,A01,1.0,0.0,0,1,1,0,0.0,
202400036944,155 716 633,D01,2.0,7.0,0,2,4,2,0.0,
202400036945,155 716 631,B01,2.0,7.0,0,2,3,0,1.0,
202400036946,155 716 627,U01,3.0,10.0,0,2,0,1,1.0,
202400036947,155 716 625,A01,3.0,10.0,0,9,1,26,1.0,
202400036948,155 716 623,A01,1.0,7.0,0,2,1,0,1.0,
202400036949,155 716 621,B01,1.0,7.0,0,0,4,0,1.0,
202400036950,155 716 619,B01,3.0,7.0,0,2,4,23,1.0,
202400036951,155 716 618,A01,0.0,99.0,0,0,0,0,3.0,
202400036952,155 716 617,A01,1.0,7.0,15,0,1,17,1.0,
202400036953,155 716 616,A01,1.0,7.0,0,1,3,1,1.0,
202400036954,155 716 615,A01,1.0,7.0,0,1,3,1,2.0,
202400036955,155 716 613,A01,1.0,33.0,12,2,3,13,1.0,
202400036956,155 716 610,A01,3.0,10.0,0,2,7,1,3.0,
202400036957,155 716 609,A01,1.0,7.0,1,0,3,16,1.0,
202400036958,155 716 608,A01,3.0,7.0,0,1,1,9,1.0,
202400036959,155 716 607,A01,3.0,1.0,0,1,1,1,5.0,
202400036960,155 716 605,A01,2.0,10.0,0,9,3,23,1.0,
202400036961,155 716 604,A01,3.0,1.0,0,0,8,2,5.0,
202400036962,155 716 603,A01,2.0,7.0,1,1,2,26,0.0,
202400036963,155 716 601,A01,1.0,7.0,0,2,1,16,0.0,
202400036964,155 716 596,A01,1.0,7.0,3,2,2,0,1.0,
202400036965,155 716 595,B01,1.0,7.0,0,2,7,1,1.0,
202400036966,155 716 593,B01,1.0,2.0,0,2,6,24,3.0,
202400036967,155 716 592,A01,1.0,7.0,0,1,1,1,1.0,
202400036968,155 716 590,A01,3.0,7.0,0,2,1,15,1.0,
202400036969,155 716 588,A01,0.0,7.0,0,1,2,23,0.0,
202400036970,155 716 587,B01,3.0,7.0,0,2,6,1,1.0,
202400036971,155 716 583,A01,2.0,30.0,0,2,2,17,1.0,
202400036972,155 716 580,A01,1.0,15.0,0,0,6,9,1.0,
202400036973,155 716 579,A01,2.0,7.0,0,0,0,26,1.0,
202400036974,155 716 578,A01,2.0,7.0,17,0,2,1,1.0,
202400036975,155 716 577,A01,3.0,7.0,0,1,1,0,1.0,
202400036976,155 716 575,A01,2.0,10.0,2,0,1,0,1.0,
202400036977,155 716 573,B01,1.0,7.0,0,2,2,1,1.0,
202400036978,155 716 572,A01,1.0,7.0,0,0,3,0,1.0,
202400036979,155 716 571,B01,2.0,10.0,0,2,1,1,0.0,
202400036980,155 716 567,B01,1.0,32.0,0,2,1,1,1.0,
202400036981,155 716 566,A01,1.0,7.0,0,2,1,1,1.0,
202400036982,155 716 565,A01,2.0,7.0,17,0,3,1,1.0,
202400036983,155 716 562,A01,3.0,10.0,2,2,2,15,0.0,
202400036984,155 716 561,A01,2.0,7.0,13,0,1,1,1.0,
202400036985,155 716 560,A01,3.0,1.0,0,4,2,2,5.0,
202400036986,155 716 556,B01,1.0,7.0,0,2,8,5,1.0,
202400036987,155 716 552,D01,2.0,7.0,0,2,1,1,1.0,
202400036988,155 716 553,A01,2.0,10.0,0,1,7,1,1.0,
202400036989,155 716 551,A01,3.0,7.0,0,1,2,19,1.0,
202400036990,155 716 550,A01,1.0,30.0,8,0,1,1,0.0,
202400036991,155 716 549,A01,3.0,7.0,2,0,3,1,1.0,
202400036992,155 716 548,A01,2.0,7.0,0,1,3,26,1.0,
202400036993,155 716 546,A01,1.0,7.0,0,0,9,14,1.0,
202400036994,155 716 545,B01,2.0,1.0,0,2,1,1,5.0,
202400036995,155 716 543,B01,1.0,33.0,0,2,1,16,1.0,
202400036996,155 716 541,A01,1.0,7.0,6,0,1,0,1.0,
202400036997,155 716 540,A01,2.0,7.0,0,2,4,1,1.0,
202400036998,155 716 538,A01,1.0,7.0,0,1,3,1,1.0,
202400036999,155 716 539,A01,3.0,30.0,0,0,0,2,3.0,
202400037000,155 716 536,A01,1.0,7.0,2,0,7,1,1.0,
202400037001,155 716 534,A01,0.0,7.0,0,2,7,19,1.0,
202400037002,155 716 532,A01,1.0,7.0,2,0,0,0,1.0,
202400037003,155 716 531,A01,1.0,7.0,0,2,1,2,1.0,
202400037004,155 716 529,A01,1.0,7.0,0,0,1,1,1.0,
202400037005,155 716 527,A01,1.0,32.0,0,0,0,1,1.0,
202400037006,155 716 526,A01,2.0,7.0,0,2,8,9,1.0,
202400037007,155 716 525,A01,1.0,7.0,8,0,0,5,1.0,
202400037008,155 716 522,A01,1.0,32.0,4,0,2,0,1.0,
202400037009,155 716 523,A01,1.0,30.0,0,0,9,1,1.0,
202400037010,155 716 521,A01,3.0,7.0,0,2,8,16,1.0,
202400037011,155 716 520,A01,2.0,7.0,14,0,1,2,1.0,
202400037012,155 716 519,A01,2.0,7.0,0,1,2,1,3.0,
202400037013,155 716 518,A01,1.0,7.0,0,0,1,16,1.0,
202400037014,155 716 515,A01,2.0,17.0,4,0,0,1,1.0,
202400037015,155 716 514,A01,3.0,7.0,0,2,2,1,1.0,
202400037016,155 716 513,A01,2.0,7.0,0,0,1,0,0.0,
202400037017,155 716 512,A01,2.0,7.0,0,1,1,1,1.0,
202400037018,155 716 510,A01,3.0,7.0,8,2,1,17,1.0,
202400037019,155 716 507,B01,2.0,10.0,0,2,1,0,1.0,
202400037020,155 716 506,A01,2.0,7.0,0,2,7,1,1.0,
202400037021,155 716 504,A01,2.0,7.0,2,0,1,0,2.0,
202400037022,155 716 503,A01,2.0,32.0,0,2,1,8,1.0,
202400037023,155 716 497,A01,2.0,7.0,2,2,2,14,1.0,
202400037024,155 716 498,A01,1.0,7.0,9,0,1,21,1.0,
202400037025,155 716 494,A01,1.0,3.0,5,2,2,1,1.0,
202400037026,155 716 496,C01,2.0,33.0,0,2,8,1,1.0,
202400037027,155 716 492,A01,2.0,37.0,0,1,1,15,0.0,1
202400037028,155 716 490,A01,2.0,7.0,0,2,1,2,1.0,
202400037029,155 716 487,B01,3.0,7.0,0,2,2,1,1.0,
202400037030,155 716 486,A01,1.0,7.0,0,2,1,2,1.0,
202400037031,155 716 485,A01,2.0,7.0,0,1,2,15,1.0,
202400037032,155 716 483,A01,1.0,7.0,0,1,1,1,1.0,
202400037033,155 716 481,A01,1.0,7.0,16,0,2,1,1.0,
202400037034,155 716 482,A01,3.0,7.0,0,2,8,9,1.0,
202400037035,155 716 478,A01,2.0,7.0,6,0,2,1,1.0,
202400037036,155 716 479,A01,1.0,30.0,0,2,1,1,1.0,
202400037037,155 716 472,B01,1.0,7.0,11,2,1,9,2.0,
202400037038,155 716 473,A01,2.0,7.0,0,2,5,15,1.0,
202400037039,155 716 476,A01,2.0,7.0,0,2,1,1,1.0,
202400037040,155 716 469,A01,2.0,30.0,0,2,6,1,1.0,
202400037041,155 716 468,A01,3.0,7.0,0,2,0,0,0.0,
202400037042,155 716 466,A01,0.0,7.0,8,0,0,1,1.0,
202400037043,155 716 464,A01,1.0,7.0,0,1,4,26,1.0,
202400037044,155 716 458,C01,2.0,10.0,0,2,1,2,1.0,
202400037045,155 716 460,A01,2.0,7.0,0,0,9,26,1.0,
202400037046,155 716 457,B01,2.0,1.0,0,2,1,1,5.0,
202400037047,155 716 455,A01,2.0,33.0,0,2,7,26,1.0,
202400037048,155 716 451,A01,0.0,7.0,0,1,0,1,1.0,
202400037049,155 716 453,A01,1.0,7.0,0,2,0,0,1.0,
202400037050,155 716 450,A01,2.0,7.0,0,2,1,1,1.0,
202400037051,155 716 448,A01,3.0,10.0,0,1,5,4,1.0,
202400037052,155 716 447,A01,2.0,7.0,14,0,1,1,1.0,
202400037053,155 716 445,A01,1.0,10.0,0,2,2,1,1.0,
202400037054,155 716 444,A01,3.0,7.0,0,1,2,1,1.0,
202400037055,155 716 442,A01,2.0,7.0,0,1,1,15,1.0,
202400037056,155 716 441,A01,2.0,32.0,0,2,1,26,1.0,
202400037057,155 716 440,A01,2.0,37.0,0,1,1,26,1.0,1
202400037058,155 716 438,A01,2.0,33.0,0,2,8,3,1.0,
202400037059,155 716 435,A01,2.0,7.0,11,0,1,1,1.0,
202400037060,155 716 436,B01,1.0,7.0,0,2,1,2,1.0,
202400037061,155 716 434,A01,2.0,7.0,4,0,2,26,1.0,
202400037062,155 716 432,A01,1.0,7.0,3,0,1,0,2.0,
202400037063,155 716 429,B01,2.0,7.0,0,2,8,15,1.0,
202400037064,155 716 430,A01,2.0,7.0,0,2,4,23,1.0,
202400037065,155 716 426,A01,1.0,33.0,0,0,7,14,1.0,
202400037066,155 716 425,A01,1.0,32.0,0,2,1,0,1.0,
202400037067,155 716 423,B01,1.0,7.0,0,2,2,1,1.0,
202400037068,155 716 420,B01,2.0,17.0,0,2,1,1,1.0,
202400037069,155 716 419,A01,1.0,7.0,0,2,1,1,1.0,
202400037070,155 716 418,A01,3.0,7.0,13,0,1,26,1.0,
202400037071,155 716 416,A01,1.0,7.0,0,2,7,12,1.0,
202400037072,155 716 413,A01,2.0,7.0,0,1,1,1,2.0,
202400037073,155 716 414,A01,1.0,33.0,0,2,2,1,1.0,
202400037074,155 716 410,B01,1.0,7.0,0,2,4,2,1.0,
202400037075,155 716 408,A01,0.0,0.0,0,1,0,26,0.0,
202400037076,155 716 409,A01,2.0,10.0,0,2,2,16,1.0,
202400037077,155 716 406,A01,2.0,7.0,0,2,1,2,1.0,
202400037078,155 716 404,A01,1.0,7.0,0,1,3,9,1.0,
202400037079,155 716 403,A01,1.0,30.0,0,1,7,1,1.0,
202400037080,155 716 402,B01,2.0,7.0,0,2,2,19,1.0,
202400037081,155 716 397,B01,1.0,7.0,16,0,8,1,1.0,
202400037082,155 716 396,A01,1.0,7.0,0,2,1,19,2.0,
202400037083,155 716 390,B01,2.0,50.0,0,2,1,1,3.0,
202400037084,155 716 389,B01,1.0,34.0,0,2,8,1,1.0,
202400037085,155 716 386,A01,1.0,32.0,0,2,1,1,1.0,
202400037086,155 716 383,A01,2.0,32.0,0,2,1,1,1.0,
202400037087,155 716 381,A01,2.0,7.0,0,2,3,15,1.0,
202400037088,155 716 379,A01,3.0,7.0,3,2,7,0,2.0,
202400037089,155 716 378,A01,1.0,7.0,0,2,2,1,1.0,
202400037090,155 716 377,A01,3.0,31.0,0,1,1,0,1.0,
202400037091,155 716 370,B01,1.0,7.0,9,2,3,2,1.0,
202400037092,155 716 371,B01,1.0,7.0,0,9,0,0,1.0,
202400037093,155 716 369,A01,2.0,30.0,1,0,6,23,1.0,
202400037094,155 716 372,A01,2.0,7.0,4,0,3,1,2.0,
202400037095,155 716 367,B01,1.0,1.0,0,2,7,1,5.0,
202400037096,155 716 365,Z01,2.0,7.0,0,1,2,1,1.0,
202400037097,155 716 363,B01,2.0,10.0,1,0,3,1,1.0,
202400037098,155 716 361,A01,2.0,7.0,15,0,1,1,1.0,
202400037099,155 716 359,A01,2.0,7.0,0,2,3,9,1.0,
202400037100,155 716 357,A01,0.0,7.0,0,1,1,1,1.0,
202400037101,155 716 356,B01,3.0,7.0,0,2,4,2,1.0,
202400037102,155 716 353,A01,1.0,7.0,0,0,4,0,1.0,
202400037103,155 716 351,A01,2.0,33.0,0,1,2,1,1.0,
202400037104,155 716 350,B01,1.0,33.0,0,2,1,1,1.0,
202400037105,155 716 349,A01,2.0,7.0,0,2,4,1,1.0,
202400037106,155 716 347,A01,2.0,7.0,0,1,2,1,1.0,
202400037107,155 716 345,A01,1.0,43.0,6,0,2,15,1.0,
202400037108,155 716 346,A01,1.0,10.0,0,2,3,15,1.0,
202400037109,155 716 343,A01,0.0,7.0,0,1,1,1,1.0,
202400037110,155 716 341,B01,1.0,7.0,0,2,1,2,1.0,
202400037111,155 716 339,B01,2.0,50.0,0,2,1,16,3.0,
202400037112,155 716 338,A01,3.0,7.0,0,1,3,1,1.0,
202400037113,155 716 335,A01,2.0,34.0,0,2,7,3,1.0,
202400037114,155 716 333,A01,1.0,7.0,8,0,3,2,1.0,
202400037115,155 716 336,B01,3.0,34.0,0,2,1,1,1.0,
202400037116,155 716 332,B01,3.0,31.0,0,2,1,1,1.0,
202400037117,155 716 325,A01,1.0,7.0,2,0,1,14,1.0,
202400037118,155 716 326,B01,1.0,1.0,0,2,3,19,5.0,
202400037119,155 716 323,B01,1.0,50.0,0,2,8,1,3.0,
202400037120,155 716 319,A01,2.0,33.0,0,2,1,6,1.0,
202400037121,155 716 318,B01,3.0,1.0,0,2,7,1,5.0,
202400037122,155 716 317,A01,1.0,7.0,0,2,1,15,1.0,
202400037123,155 716 315,Z01,2.0,13.0,0,1,1,1,1.0,
202400037124,155 716 313,B01,1.0,1.0,0,2,1,5,5.0,
202400037125,155 716 308,A01,1.0,32.0,0,2,2,1,1.0,
202400037126,155 716 306,A01,1.0,7.0,2,0,1,2,2.0,
202400037127,155 716 304,B01,1.0,7.0,0,9,3,2,1.0,
202400037128,155 716 302,A01,3.0,10.0,0,2,1,26,1.0,
202400037129,155 716 301,A01,1.0,7.0,0,2,1,17,2.0,
202400037130,155 716 299,B01,3.0,7.0,0,2,1,1,1.0,
202400037131,155 716 295,A01,1.0,1.0,0,2,4,1,5.0,
202400037132,155 716 293,B01,1.0,17.0,0,2,1,1,1.0,
202400037133,155 716 294,A01,1.0,7.0,0,2,1,2,1.0,
202400037134,155 716 287,A01,2.0,50.0,0,2,2,1,3.0,
202400037135,155 716 286,A01,3.0,7.0,0,2,3,13,1.0,
202400037136,155 716 282,A01,1.0,7.0,0,2,7,1,1.0,
202400037137,155 716 280,A01,1.0,7.0,0,2,2,9,1.0,
202400037138,155 716 278,A01,0.0,7.0,0,2,2,1,1.0,
202400037139,155 716 276,A01,1.0,7.0,15,2,1,2,1.0,
202400037140,155 716 274,A01,3.0,7.0,0,2,2,15,1.0,
202400037141,155 716 272,A01,1.0,7.0,4,0,5,1,1.0,
202400037142,155 716 271,A01,3.0,7.0,0,1,1,1,1.0,
202400037143,155 716 273,B01,2.0,10.0,0,2,3,15,1.0,
202400037144,155 716 265,B01,2.0,7.0,0,2,3,1,1.0,
202400037145,155 716 266,A01,1.0,7.0,0,2,7,12,1.0,
202400037146,155 716 264,B01,3.0,7.0,0,2,1,21,1.0,
202400037147,155 716 258,B01,0.0,7.0,0,2,4,23,1.0,
202400037148,155 716 257,A01,1.0,7.0,0,5,1,1,1.0,
202400037149,155 716 254,B01,2.0,7.0,6,2,2,12,1.0,
202400037150,155 716 252,A01,3.0,7.0,6,0,1,10,1.0,
202400037151,155 716 253,B01,2.0,7.0,0,2,5,2,1.0,
202400037152,155 716 247,A01,0.0,7.0,0,2,3,9,2.0,
202400037153,155 716 248,Z01,2.0,7.0,0,1,8,1,0.0,
202400037154,155 716 246,A01,1.0,32.0,0,2,7,16,1.0,
202400037155,155 716 245,A01,3.0,10.0,0,2,1,9,0.0,
202400037156,155 716 242,A01,3.0,10.0,0,1,2,1,1.0,
202400037157,155 716 241,A01,1.0,7.0,0,0,2,15,1.0,
202400037158,155 716 239,Z01,1.0,7.0,0,2,2,1,1.0,
202400037159,155 716 238,B01,3.0,40.0,0,2,3,1,3.0,
202400037160,155 716 237,A01,1.0,7.0,0,1,3,16,1.0,
202400037161,155 716 235,A01,2.0,33.0,12,0,1,1,1.0,
202400037162,155 716 233,A01,2.0,7.0,0,1,2,1,3.0,
202400037163,155 716 231,B01,1.0,7.0,0,2,1,2,1.0,
202400037164,155 716 229,A01,1.0,7.0,0,2,2,14,1.0,
202400037165,155 716 226,A01,1.0,7.0,0,1,1,9,1.0,
202400037166,155 716 228,B01,1.0,30.0,0,2,1,1,1.0,
202400037167,155 716 224,A01,3.0,10.0,0,1,3,15,1.0,
202400037168,155 716 222,A01,2.0,7.0,0,2,4,4,2.0,
202400037169,155 716 221,A01,2.0,7.0,0,1,2,0,1.0,
202400037170,155 716 223,C01,1.0,7.0,0,2,1,1,1.0,
202400037171,155 716 218,B01,1.0,7.0,0,2,1,1,2.0,
202400037172,155 716 215,B01,3.0,2.0,0,0,0,1,1.0,
202400037173,155 716 214,B01,2.0,33.0,0,2,1,1,1.0,
202400037174,155 716 213,A01,2.0,7.0,0,1,1,1,1.0,
202400037175,155 716 212,A01,3.0,3.0,0,1,1,1,1.0,
202400037176,155 716 210,A01,1.0,7.0,0,2,1,19,1.0,
202400037177,155 716 209,A01,3.0,31.0,0,2,7,1,1.0,
202400037178,155 716 205,B01,2.0,7.0,0,2,2,1,1.0,
202400037179,155 716 206,B01,2.0,1.0,0,2,3,1,5.0,
202400037180,155 716 204,A01,3.0,3.0,8,0,1,16,1.0,
202400037181,155 716 202,A01,0.0,7.0,1,0,2,20,1.0,
202400037182,155 716 200,A01,1.0,7.0,0,2,1,1,1.0,
202400037183,155 716 198,A01,0.0,50.0,8,0,1,0,3.0,
202400037184,155 716 199,A01,1.0,7.0,0,2,4,23,2.0,
202400037185,155 716 195,A01,1.0,30.0,0,2,1,1,1.0,
202400037186,155 716 194,B01,0.0,7.0,0,2,3,1,1.0,
202400037187,155 716 191,A01,1.0,7.0,0,1,1,15,1.0,
202400037188,155 716 190,Z01,1.0,7.0,0,1,0,0,0.0,
202400037189,155 716 192,A01,1.0,7.0,0,0,0,10,2.0,
202400037190,155 716 186,B01,3.0,7.0,0,2,4,23,1.0,
202400037191,155 716 184,VP01,1.0,7.0,0,1,1,1,1.0,
202400037192,155 716 183,B01,,1.0,0,2,1,17,5.0,
202400037193,155 716 185,A01,1.0,7.0,0,2,3,9,1.0,
202400037194,155 716 182,A01,2.0,7.0,0,1,2,19,1.0,
202400037195,155 716 180,A01,2.0,50.0,0,0,0,1,3.0,
202400037196,155 716 179,A01,3.0,33.0,1,0,1,1,1.0,
202400037197,155 716 178,A01,1.0,13.0,0,2,0,0,0.0,
202400037198,155 716 177,A01,1.0,1.0,0,1,1,19,5.0,
202400037199,155 716 175,A01,2.0,1.0,0,0,0,2,5.0,
202400037200,155 716 174,B01,2.0,13.0,0,0,0,0,0.0,
202400037201,155 716 170,A01,1.0,7.0,0,2,1,9,1.0,
202400037202,155 716 168,A01,3.0,30.0,0,1,1,26,3.0,
202400037203,155 716 169,B01,1.0,7.0,0,2,8,15,2.0,
202400037204,155 716 167,A01,2.0,7.0,0,2,7,15,1.0,
202400037205,155 716 164,B01,2.0,33.0,0,0,1,1,1.0,
202400037206,155 716 160,A01,2.0,7.0,12,2,8,9,2.0,
202400037207,155 716 158,A01,1.0,50.0,12,0,0,5,3.0,
202400037208,155 716 159,A01,1.0,7.0,6,0,1,1,1.0,
202400037209,155 716 157,A01,1.0,2.0,0,2,4,9,3.0,
202400037210,155 716 156,A01,1.0,30.0,0,1,1,17,1.0,
202400037211,155 716 155,A01,3.0,7.0,0,0,9,1,1.0,
202400037212,155 716 154,A01,1.0,7.0,0,1,2,1,1.0,
202400037213,155 716 152,B01,1.0,10.0,0,2,1,1,1.0,
202400037214,155 716 150,A01,3.0,7.0,0,1,7,1,1.0,
202400037215,155 716 151,A01,2.0,7.0,0,1,1,20,1.0,
202400037216,155 716 147,A01,1.0,37.0,1,1,5,15,6.0,1
202400037217,155 716 144,A01,1.0,33.0,0,2,1,1,1.0,
202400037218,155 716 145,A01,1.0,7.0,2,0,1,1,1.0,
202400037219,155 716 143,A01,0.0,10.0,0,2,8,1,1.0,
202400037220,155 716 139,B01,1.0,7.0,0,2,7,0,1.0,
202400037221,155 716 138,B01,3.0,7.0,0,2,1,1,2.0,
202400037222,155 716 136,A01,1.0,7.0,0,2,1,1,1.0,
202400037223,155 716 135,A01,2.0,7.0,0,2,1,13,1.0,
202400037224,155 716 133,A01,0.0,7.0,0,1,3,1,1.0,
202400037225,155 716 131,A01,2.0,7.0,15,0,2,14,1.0,
202400037226,155 716 130,B01,1.0,33.0,0,2,1,1,1.0,
202400037227,155 716 129,B01,2.0,1.0,0,2,1,1,5.0,
202400037228,155 716 124,B01,0.0,7.0,0,2,1,1,1.0,
202400037229,155 716 123,B01,0.0,7.0,0,0,4,23,0.0,
202400037230,155 716 122,A01,1.0,7.0,0,2,7,15,1.0,
202400037231,155 716 121,A01,1.0,37.0,0,2,2,1,1.0,6
202400037232,155 716 119,B01,1.0,10.0,0,2,3,1,0.0,
202400037233,155 716 118,A01,1.0,7.0,13,0,3,13,1.0,
202400037234,155 716 114,A01,3.0,7.0,0,2,3,1,1.0,
202400037235,155 716 115,A01,1.0,7.0,0,2,1,15,1.0,
202400037236,155 716 113,A01,3.0,7.0,0,1,1,1,1.0,
202400037237,155 716 111,A01,2.0,80.0,0,1,1,1,3.0,
202400037238,155 716 109,A01,1.0,1.0,0,2,1,1,5.0,
202400037239,155 716 107,A01,2.0,7.0,0,2,2,1,1.0,
202400037240,155 716 105,A01,1.0,7.0,0,2,1,1,1.0,
202400037241,155 716 104,A01,1.0,43.0,0,2,8,18,1.0,
202400037242,155 716 102,A01,3.0,7.0,0,1,7,1,1.0,
202400037243,155 716 101,B01,3.0,99.0,0,2,1,1,6.0,
202400037244,155 716 099,A01,2.0,7.0,0,1,1,1,1.0,
202400037245,155 716 098,A01,1.0,32.0,0,2,7,17,1.0,
202400037246,155 716 095,A01,3.0,7.0,0,2,1,13,1.0,
202400037247,155 716 093,A01,1.0,10.0,0,2,3,16,1.0,
202400037248,155 716 091,A01,1.0,7.0,0,1,1,25,1.0,
202400037249,155 716 092,B01,2.0,7.0,0,2,1,1,1.0,
202400037250,155 716 089,B01,0.0,1.0,0,0,0,0,5.0,
202400037251,155 716 084,A01,2.0,1.0,8,0,0,0,5.0,
202400037252,155 716 081,A01,1.0,7.0,0,2,0,17,1.0,
202400037253,155 716 088,A01,3.0,43.0,0,1,1,17,1.0,
202400037254,155 716 079,A01,2.0,10.0,0,1,3,1,1.0,
202400037255,155 716 074,A01,2.0,30.0,0,2,1,1,1.0,
202400037256,155 716 075,A01,1.0,7.0,0,2,3,24,1.0,
202400037257,155 716 073,A01,0.0,7.0,0,1,1,1,1.0,
202400037258,155 716 068,A01,1.0,7.0,0,9,1,1,2.0,
202400037259,155 716 066,B01,3.0,33.0,0,2,4,1,1.0,
202400037260,155 716 069,A01,3.0,7.0,0,2,6,11,1.0,
202400037261,155 716 065,B01,1.0,7.0,0,2,2,1,1.0,
202400037262,155 716 061,Y01,1.0,60.0,0,2,7,19,5.0,
202400037263,155 716 058,B01,2.0,7.0,0,2,4,24,1.0,
202400037264,155 716 057,A01,1.0,7.0,3,0,9,1,1.0,
202400037265,155 716 056,B01,3.0,7.0,0,2,2,16,1.0,
202400037266,155 716 054,A01,1.0,7.0,0,1,5,1,1.0,
202400037267,155 716 051,A01,3.0,50.0,0,1,1,1,3.0,
202400037268,155 716 049,A01,3.0,99.0,0,2,1,1,1.0,
202400037269,155 716 048,B01,2.0,7.0,0,2,2,1,6.0,
202400037270,155 716 045,A01,1.0,7.0,0,1,1,15,1.0,
202400037271,155 716 043,D01,2.0,7.0,0,2,3,23,1.0,
202400037272,155 716 041,A01,2.0,7.0,0,2,3,15,2.0,
202400037273,155 716 040,B01,1.0,7.0,0,2,9,1,1.0,
202400037274,155 716 039,A01,3.0,30.0,0,1,1,18,1.0,
202400037275,155 716 037,A01,2.0,7.0,0,1,3,1,1.0,
202400037276,155 716 036,A01,1.0,7.0,0,1,3,1,1.0,
202400037277,155 716 034,A01,1.0,7.0,0,2,3,10,1.0,
202400037278,155 716 033,A01,1.0,10.0,0,2,1,1,1.0,
202400037279,155 716 029,B01,2.0,32.0,0,2,8,1,1.0,
202400037280,155 716 028,A01,3.0,10.0,0,2,4,2,1.0,
202400037281,155 716 027,A01,1.0,7.0,0,1,1,1,1.0,
202400037282,155 716 026,A01,1.0,10.0,0,1,1,1,1.0,
202400037283,155 716 025,A01,3.0,10.0,6,0,1,1,1.0,
202400037284,155 716 024,A01,2.0,30.0,0,1,1,1,3.0,
202400037285,155 716 021,A01,0.0,30.0,0,2,1,2,1.0,
202400037286,155 716 022,A01,1.0,0.0,1,0,2,0,1.0,
202400037287,155 716 018,A01,1.0,7.0,0,2,2,2,1.0,
202400037288,155 716 017,B01,2.0,7.0,0,2,1,2,1.0,
202400037289,155 716 015,A01,2.0,7.0,0,2,1,2,1.0,
202400037290,155 716 014,A01,2.0,7.0,0,1,8,15,1.0,
202400037291,155 716 011,A01,2.0,1.0,3,0,0,1,5.0,
202400037292,155 716 012,A01,3.0,7.0,0,1,7,16,0.0,
202400037293,155 716 010,A01,2.0,2.0,0,2,8,25,1.0,
202400037294,155 716 008,A01,1.0,21.0,0,0,8,1,1.0,
202400037295,155 716 009,A01,3.0,7.0,0,1,3,15,1.0,
202400037296,155 716 005,A01,2.0,10.0,0,1,5,19,1.0,
202400037297,155 716 006,A01,3.0,30.0,0,2,1,5,1.0,
202400037298,155 716 003,A01,2.0,7.0,0,1,1,1,1.0,
202400037299,155 716 004,A01,3.0,7.0,2,0,1,1,1.0,
202400037300,155 716 000,A01,3.0,7.0,2,0,3,14,1.0,
202400037301,155 715 996,A01,2.0,7.0,0,2,7,16,1.0,
202400037302,155 715 997,B01,2.0,7.0,12,2,3,1,1.0,
202400037303,155 715 995,A01,2.0,7.0,14,0,1,1,1.0,
202400037304,155 715 994,A01,1.0,1.0,15,1,1,1,5.0,
202400037305,155 715 992,A01,0.0,7.0,6,0,4,26,2.0,
202400037306,155 715 991,A01,3.0,50.0,7,0,1,25,3.0,
202400037307,155 715 990,B01,1.0,30.0,0,2,7,1,1.0,
202400037308,155 715 989,A01,2.0,7.0,2,0,7,1,1.0,
202400037309,155 715 987,A01,1.0,7.0,0,1,1,1,1.0,
202400037310,155 715 985,A01,1.0,10.0,0,1,4,4,1.0,
202400037311,155 715 986,A01,1.0,7.0,0,2,2,1,1.0,
202400037312,155 715 982,A01,3.0,7.0,0,0,3,1,1.0,
202400037313,155 715 981,A01,0.0,7.0,0,9,7,9,1.0,
202400037314,155 715 980,Z01,0.0,7.0,0,1,0,1,0.0,
202400037315,155 715 978,A01,3.0,2.0,15,0,8,15,1.0,
202400037316,155 715 977,A01,0.0,7.0,0,2,2,13,1.0,
202400037317,155 715 974,A01,3.0,33.0,0,6,2,1,1.0,
202400037318,155 715 973,A01,0.0,7.0,0,2,7,15,1.0,
202400037319,155 715 972,A01,3.0,2.0,0,2,4,15,1.0,
202400037320,155 715 969,A01,1.0,7.0,6,0,1,1,1.0,
202400037321,155 715 966,C01,1.0,7.0,0,2,3,1,1.0,
202400037322,155 715 965,B01,3.0,7.0,0,2,1,1,1.0,
202400037323,155 715 964,B01,3.0,7.0,0,2,7,1,1.0,
202400037324,155 715 960,A01,2.0,7.0,6,2,1,6,1.0,
202400037325,155 715 959,A01,0.0,50.0,0,1,1,1,3.0,