Num_Acc,id_vehicule,num_veh,senc,catv,obs,obsm,choc,manv,motor,occutc
202400037326,155 715 961,A01,2.0,7.0,0,2,8,1,1.0,
202400037327,155 715 957,B01,2.0,30.0,0,0,0,2,1.0,
202400037328,155 715 956,A01,1.0,7.0,2,0,3,13,1.0,
202400037329,155 715 955,A01,2.0,7.0,0,1,1,1,1.0,
202400037330,155 715 951,A01,1.0,7.0,13,0,3,13,1.0,
202400037331,155 715 952,B01,1.0,33.0,0,2,1,1,1.0,
202400037332,155 715 948,B01,1.0,7.0,0,2,1,1,1.0,
202400037333,155 715 946,A01,1.0,7.0,0,2,1,1,1.0,
202400037334,155 715 945,A01,2.0,7.0,0,2,3,1,1.0,
202400037335,155 715 944,A01,2.0,7.0,0,1,1,21,1.0,
202400037336,155 715 942,A01,,7.0,2,0,1,1,1.0,
202400037337,155 715 938,A01,2.0,7.0,0,0,0,1,1.0,
202400037338,155 715 940,B01,2.0,7.0,0,2,2,1,1.0,
202400037339,155 715 936,A01,1.0,50.0,9,0,1,1,3.0,
202400037340,155 715 932,A01,1.0,7.0,0,0,4,2,1.0,
202400037341,155 715 933,A01,3.0,0.0,0,1,1,0,0.0,
202400037342,155 715 930,A01,2.0,7.0,0,2,3,1,1.0,
202400037343,155 715 929,B01,1.0,2.0,0,2,3,1,1.0,
202400037344,155 715 928,A01,1.0,7.0,4,0,2,1,1.0,
202400037345,155 715 926,A01,2.0,33.0,7,0,9,13,1.0,
202400037346,155 715 924,A01,1.0,2.0,0,2,7,17,3.0,
202400037347,155 715 923,B01,3.0,50.0,0,2,1,1,3.0,
202400037348,155 715 922,A01,3.0,7.0,0,1,0,1,1.0,
202400037349,155 715 918,A01,1.0,7.0,2,0,3,13,1.0,
202400037350,155 715 917,A01,2.0,31.0,0,2,1,1,1.0,
202400037351,155 715 915,B01,2.0,7.0,0,2,3,1,1.0,
202400037352,155 715 916,A01,2.0,10.0,0,2,7,1,1.0,
202400037353,155 715 914,A01,1.0,17.0,0,1,2,1,1.0,
202400037354,155 715 909,A01,2.0,7.0,0,2,8,13,1.0,
202400037355,155 715 908,A01,3.0,7.0,0,2,1,17,1.0,
202400037356,155 715 910,A01,2.0,31.0,1,2,1,1,1.0,
202400037357,155 715 907,A01,2.0,7.0,2,0,1,0,0.0,
202400037358,155 715 906,A01,2.0,7.0,0,1,3,1,2.0,
202400037359,155 715 902,A01,2.0,7.0,0,0,2,1,1.0,
202400037360,155 715 900,A01,2.0,32.0,0,0,5,1,1.0,
202400037361,155 715 899,A01,1.0,7.0,16,0,1,2,1.0,
202400037362,155 715 903,A01,1.0,7.0,0,2,1,1,1.0,
202400037363,155 715 891,A01,0.0,7.0,0,0,1,0,1.0,
202400037364,155 715 894,Z01,2.0,7.0,0,1,1,7,0.0,
202400037365,155 715 892,A01,2.0,10.0,0,2,3,17,1.0,
202400037366,155 715 890,A01,2.0,1.0,0,2,8,1,5.0,
202400037367,155 715 889,A01,2.0,10.0,6,0,1,1,1.0,
202400037368,155 715 887,A01,1.0,7.0,0,2,1,5,1.0,
202400037369,155 715 884,A01,3.0,50.0,0,2,8,18,3.0,
202400037370,155 715 879,A01,2.0,7.0,0,2,3,1,1.0,
202400037371,155 715 878,A01,3.0,33.0,0,2,1,17,1.0,
202400037372,155 715 880,A01,2.0,50.0,0,0,7,16,3.0,
202400037373,155 715 876,A01,3.0,7.0,0,2,5,16,1.0,
202400037374,155 715 874,A01,2.0,7.0,0,2,4,9,1.0,
202400037375,155 715 871,B01,3.0,7.0,0,2,1,26,1.0,
202400037376,155 715 870,B01,0.0,13.0,0,2,3,1,0.0,
202400037377,155 715 867,A01,1.0,10.0,0,2,8,15,1.0,
202400037378,155 715 866,A01,3.0,10.0,0,2,2,9,1.0,
202400037379,155 715 864,A01,2.0,7.0,6,0,1,1,1.0,
202400037380,155 715 863,B01,3.0,7.0,0,2,1,9,2.0,
202400037381,155 715 862,A01,1.0,7.0,13,0,9,0,2.0,
202400037382,155 715 860,A01,0.0,7.0,0,1,3,19,1.0,
202400037383,155 715 859,A01,1.0,7.0,0,2,1,1,1.0,
202400037384,155 715 856,A01,1.0,10.0,0,2,1,2,1.0,
202400037385,155 715 853,B01,0.0,2.0,0,2,7,1,1.0,
202400037386,155 715 850,A01,3.0,7.0,0,9,2,26,1.0,
202400037387,155 715 848,A01,1.0,7.0,0,2,5,10,1.0,
202400037388,155 715 849,A01,3.0,7.0,0,2,3,0,1.0,
202400037389,155 715 846,A01,0.0,7.0,2,0,1,0,1.0,
202400037390,155 715 845,A01,2.0,7.0,0,2,1,2,1.0,
202400037391,155 715 844,A01,2.0,33.0,1,0,3,15,1.0,
202400037392,155 715 839,B01,1.0,7.0,0,2,3,9,1.0,
202400037393,155 715 838,A01,1.0,7.0,0,2,6,15,1.0,
202400037394,155 715 837,A01,0.0,7.0,0,2,3,2,1.0,
202400037395,155 715 836,A01,1.0,7.0,0,2,8,18,1.0,
202400037396,155 715 834,A01,1.0,7.0,5,0,2,14,1.0,
202400037397,155 715 831,B01,2.0,7.0,0,2,6,13,1.0,
202400037398,155 715 830,B01,0.0,7.0,0,2,3,1,1.0,
202400037399,155 715 829,B01,1.0,1.0,0,2,8,17,5.0,
202400037400,155 715 825,A01,1.0,7.0,0,2,2,15,1.0,
202400037401,155 715 823,A01,2.0,1.0,13,0,1,1,5.0,
202400037402,155 715 822,A01,2.0,3.0,0,2,1,2,1.0,
202400037403,155 715 821,A01,2.0,7.0,0,2,1,1,1.0,
202400037404,155 715 820,A01,1.0,33.0,8,0,2,1,1.0,
202400037405,155 715 816,B01,2.0,7.0,0,0,1,1,1.0,
202400037406,155 715 815,A01,2.0,7.0,0,2,3,5,1.0,
202400037407,155 715 814,A01,2.0,2.0,0,2,1,2,1.0,
202400037408,155 715 813,A01,2.0,7.0,0,1,1,1,1.0,
202400037409,155 715 810,B01,1.0,7.0,1,0,1,19,1.0,
202400037410,155 715 809,A01,1.0,7.0,0,2,4,4,0.0,
202400037411,155 715 808,A01,1.0,7.0,6,0,1,6,1.0,
202400037412,155 715 805,A01,1.0,37.0,2,0,1,1,1.0,12
202400037413,155 715 804,A01,3.0,30.0,0,2,0,1,1.0,
202400037414,155 715 803,A01,3.0,7.0,0,1,0,1,1.0,
202400037415,155 715 802,A01,3.0,7.0,3,2,1,13,1.0,
202400037416,155 715 799,A01,1.0,7.0,0,1,1,1,1.0,
202400037417,155 715 797,A01,1.0,7.0,0,2,4,2,1.0,
202400037418,155 715 798,A01,1.0,7.0,0,1,1,19,1.0,
202400037419,155 715 796,B01,3.0,7.0,0,1,1,23,1.0,
202400037420,155 715 795,A01,1.0,7.0,4,0,9,2,1.0,
202400037421,155 715 794,A01,0.0,2.0,1,0,1,14,1.0,
202400037422,155 715 791,A01,2.0,32.0,7,0,2,1,1.0,
202400037423,155 715 792,A01,1.0,7.0,0,1,1,1,1.0,
202400037424,155 715 793,Z01,2.0,30.0,0,1,1,1,1.0,
202400037425,155 715 790,A01,3.0,33.0,12,0,7,0,1.0,
202400037426,155 715 786,B01,2.0,33.0,0,2,7,3,1.0,
202400037427,155 715 787,A01,1.0,1.0,12,0,2,1,5.0,
202400037428,155 715 785,Z01,1.0,7.0,0,2,5,15,0.0,
202400037429,155 715 781,A01,2.0,7.0,0,2,1,2,1.0,
202400037430,155 715 779,B01,2.0,7.0,0,2,1,1,1.0,
202400037431,155 715 780,A01,2.0,50.0,0,2,1,5,3.0,
202400037432,155 715 777,B01,3.0,7.0,0,2,8,15,2.0,
202400037433,155 715 774,B01,1.0,7.0,0,2,4,1,1.0,
202400037434,155 715 771,A01,2.0,7.0,0,1,2,26,1.0,
202400037435,155 715 770,C01,2.0,7.0,0,2,1,2,1.0,
202400037436,155 715 769,A01,1.0,7.0,0,2,1,1,1.0,
202400037437,155 715 767,A01,1.0,7.0,1,0,7,14,1.0,
202400037438,155 715 763,A01,2.0,7.0,0,2,4,26,1.0,
202400037439,155 715 762,A01,2.0,7.0,0,2,5,7,2.0,
202400037440,155 715 760,D01,2.0,7.0,0,2,0,0,1.0,
202400037441,155 715 759,A01,1.0,7.0,0,1,1,1,1.0,
202400037442,155 715 756,A01,2.0,17.0,0,2,7,1,1.0,
202400037443,155 715 755,A01,1.0,7.0,4,0,2,1,1.0,
202400037444,155 715 754,A01,2.0,7.0,0,2,2,12,1.0,
202400037445,155 715 751,A01,2.0,7.0,5,0,2,14,2.0,
202400037446,155 715 750,A01,1.0,30.0,0,2,3,17,1.0,
202400037447,155 715 749,A01,2.0,10.0,3,2,0,13,1.0,
202400037448,155 715 747,A01,1.0,32.0,0,1,5,11,1.0,
202400037449,155 715 743,A01,2.0,33.0,0,2,0,2,1.0,
202400037450,155 715 741,A01,2.0,7.0,0,2,2,26,1.0,
202400037451,155 715 740,A01,3.0,7.0,8,2,5,1,1.0,
202400037452,155 715 738,A01,1.0,7.0,0,2,5,20,1.0,
202400037453,155 715 737,A01,1.0,33.0,0,2,1,3,1.0,
202400037454,155 715 736,A01,1.0,7.0,4,0,2,26,1.0,
202400037455,155 715 734,A01,3.0,50.0,0,1,1,1,3.0,
202400037456,155 715 733,A01,2.0,31.0,0,2,8,1,1.0,
202400037457,155 715 731,B01,3.0,7.0,0,2,1,23,1.0,
202400037458,155 715 729,B01,2.0,15.0,0,2,2,1,1.0,
202400037459,155 715 727,A01,1.0,7.0,6,0,3,26,1.0,
202400037460,155 715 726,A01,1.0,3.0,1,2,1,0,1.0,
202400037461,155 715 723,A01,2.0,7.0,0,2,1,2,1.0,
202400037462,155 715 721,A01,1.0,33.0,0,2,1,18,1.0,
202400037463,155 715 718,A01,1.0,7.0,16,0,1,26,1.0,
202400037464,155 715 719,A01,3.0,7.0,0,2,2,1,1.0,
202400037465,155 715 717,A01,1.0,7.0,0,0,0,16,1.0,
202400037466,155 715 716,B01,2.0,31.0,0,2,1,1,1.0,
202400037467,155 715 715,A01,3.0,32.0,0,0,0,0,6.0,
202400037468,155 715 713,A01,1.0,7.0,4,0,1,2,1.0,
202400037469,155 715 712,A01,3.0,7.0,0,2,1,5,1.0,
202400037470,155 715 707,B01,2.0,33.0,0,2,1,1,1.0,
202400037471,155 715 705,A01,2.0,7.0,0,2,7,15,3.0,
202400037472,155 715 706,B01,2.0,7.0,0,2,0,1,1.0,
202400037473,155 715 704,A01,2.0,7.0,0,2,3,11,1.0,
202400037474,155 715 701,A01,2.0,33.0,0,0,7,3,1.0,
202400037475,155 715 699,A01,1.0,10.0,0,2,2,16,1.0,
202400037476,155 715 698,A01,2.0,7.0,1,0,3,26,1.0,
202400037477,155 715 695,B01,0.0,10.0,0,2,0,0,1.0,
202400037478,155 715 694,A01,2.0,33.0,0,2,6,3,1.0,
202400037479,155 715 691,A01,3.0,7.0,1,0,1,2,1.0,
202400037480,155 715 690,B01,3.0,2.0,0,2,1,6,1.0,
202400037481,155 715 689,A01,1.0,7.0,0,2,2,2,1.0,
202400037482,155 715 687,A01,2.0,10.0,0,2,8,11,1.0,
202400037483,155 715 686,A01,1.0,7.0,8,0,7,17,1.0,
202400037484,155 715 685,B01,0.0,7.0,0,0,0,0,0.0,
202400037485,155 715 682,A01,1.0,7.0,0,2,1,1,1.0,
202400037486,155 715 680,A01,1.0,33.0,0,2,1,17,1.0,
202400037487,155 715 679,A01,2.0,30.0,0,2,1,26,1.0,
202400037488,155 715 674,A01,3.0,10.0,1,9,6,20,1.0,
202400037489,155 715 673,A01,1.0,7.0,13,0,1,14,1.0,
202400037490,155 715 676,B01,2.0,1.0,0,2,1,1,5.0,
202400037491,155 715 675,B01,3.0,33.0,0,2,1,0,1.0,
202400037492,155 715 672,A01,1.0,7.0,0,1,1,1,1.0,
202400037493,155 715 671,A01,2.0,7.0,6,0,2,14,1.0,
202400037494,155 715 668,B01,3.0,33.0,0,2,1,1,1.0,
202400037495,155 715 667,B01,2.0,2.0,0,2,2,1,1.0,
202400037496,155 715 666,A01,1.0,7.0,8,0,1,14,1.0,
202400037497,155 715 665,A01,3.0,32.0,0,1,0,2,1.0,
202400037498,155 715 662,A01,0.0,1.0,0,1,0,26,5.0,
202400037499,155 715 660,A01,1.0,7.0,0,2,1,13,1.0,
202400037500,155 715 659,B01,2.0,7.0,0,2,3,1,1.0,
202400037501,155 715 658,A01,2.0,32.0,0,2,2,1,1.0,
202400037502,155 715 656,A01,1.0,38.0,12,9,5,16,1.0,1
202400037503,155 715 652,A01,3.0,7.0,0,2,1,15,1.0,
202400037504,155 715 653,B01,2.0,7.0,0,2,1,15,2.0,
202400037505,155 715 651,A01,1.0,32.0,0,2,1,17,1.0,
202400037506,155 715 647,B01,2.0,7.0,0,2,4,11,1.0,
202400037507,155 715 648,B01,1.0,30.0,0,2,1,1,1.0,
202400037508,155 715 646,A01,1.0,7.0,0,1,1,1,1.0,
202400037509,155 715 644,A01,2.0,15.0,0,2,2,1,1.0,
202400037510,155 715 643,A01,2.0,33.0,4,0,0,13,1.0,
202400037511,155 715 642,A01,1.0,30.0,0,0,0,2,1.0,
202400037512,155 715 639,A01,1.0,7.0,0,1,1,16,1.0,
202400037513,155 715 638,A01,2.0,33.0,0,0,9,1,1.0,
202400037514,155 715 636,B01,1.0,7.0,0,0,6,1,1.0,
202400037515,155 715 635,A01,3.0,10.0,0,2,3,26,1.0,
202400037516,155 715 632,B01,3.0,37.0,0,2,3,1,1.0,1
202400037517,155 715 630,A01,2.0,7.0,4,2,1,14,1.0,
202400037518,155 715 631,A01,1.0,7.0,0,2,3,11,1.0,
202400037519,155 715 629,A01,3.0,7.0,6,0,1,26,1.0,
202400037520,155 715 627,A01,1.0,7.0,4,2,1,11,2.0,
202400037521,155 715 625,A01,2.0,7.0,4,0,3,13,1.0,
202400037522,155 715 624,A01,2.0,7.0,0,2,3,11,1.0,
202400037523,155 715 623,A01,1.0,7.0,0,2,3,2,1.0,
202400037524,155 715 622,A01,3.0,7.0,0,1,1,1,0.0,
202400037525,155 715 618,A01,2.0,30.0,0,2,1,2,1.0,
202400037526,155 715 617,A01,1.0,7.0,0,2,1,5,1.0,
202400037527,155 715 616,B01,1.0,31.0,0,2,1,1,3.0,
202400037528,155 715 614,A01,2.0,7.0,0,2,2,9,1.0,
202400037529,155 715 610,A01,2.0,30.0,0,2,1,1,1.0,
202400037530,155 715 609,A01,2.0,33.0,0,2,7,0,1.0,
202400037531,155 715 606,B01,2.0,7.0,0,2,3,23,1.0,
202400037532,155 715 605,A01,1.0,7.0,0,2,7,1,1.0,
202400037533,155 715 603,A01,3.0,1.0,0,2,0,0,5.0,
202400037534,155 715 602,A01,1.0,7.0,0,0,5,21,3.0,
202400037535,155 715 599,A01,1.0,33.0,0,0,1,26,1.0,
202400037536,155 715 596,B01,2.0,7.0,0,2,1,1,1.0,
202400037537,155 715 597,A01,1.0,2.0,6,0,1,1,1.0,
202400037538,155 715 598,A01,2.0,30.0,0,2,1,1,3.0,
202400037539,155 715 595,A01,1.0,15.0,1,0,7,14,1.0,
202400037540,155 715 593,A01,1.0,33.0,9,0,1,1,1.0,
202400037541,155 715 589,B01,2.0,43.0,0,2,1,1,1.0,
202400037542,155 715 590,A01,2.0,7.0,0,2,3,9,1.0,
202400037543,155 715 588,B01,1.0,31.0,0,2,4,23,3.0,
202400037544,155 715 586,A01,1.0,33.0,13,0,1,2,1.0,
202400037545,155 715 582,B01,2.0,80.0,0,2,2,1,3.0,
202400037546,155 715 584,A01,3.0,7.0,0,2,7,15,0.0,
202400037547,155 715 580,A01,1.0,7.0,0,2,2,15,1.0,
202400037548,155 715 578,A01,2.0,33.0,0,2,0,11,1.0,
202400037549,155 715 576,A01,2.0,14.0,0,2,8,23,4.0,
202400037550,155 715 575,A01,1.0,50.0,12,0,1,1,3.0,
202400037551,155 715 577,A01,1.0,30.0,0,0,0,23,1.0,
202400037552,155 715 572,A01,2.0,7.0,0,2,3,15,1.0,
202400037553,155 715 570,B01,1.0,2.0,0,2,1,1,1.0,
202400037554,155 715 569,B01,1.0,33.0,0,2,7,15,1.0,
202400037555,155 715 567,A01,1.0,7.0,12,0,1,1,0.0,
202400037556,155 715 566,A01,2.0,33.0,0,2,1,1,1.0,
202400037557,155 715 565,A01,2.0,34.0,4,0,3,1,1.0,
202400037558,155 715 561,A01,0.0,7.0,0,9,1,1,3.0,
202400037559,155 715 564,A01,1.0,7.0,9,0,3,1,1.0,
202400037560,155 715 562,A01,1.0,30.0,0,1,1,2,0.0,
202400037561,155 715 559,A01,1.0,7.0,0,2,1,13,1.0,
202400037562,155 715 555,A01,2.0,10.0,0,2,3,13,1.0,
202400037563,155 715 556,A01,1.0,7.0,0,1,3,2,1.0,
202400037564,155 715 554,B01,2.0,1.0,0,2,1,2,5.0,
202400037565,155 715 553,A01,2.0,33.0,0,0,0,1,1.0,
202400037566,155 715 550,A01,2.0,7.0,0,1,4,26,1.0,
202400037567,155 715 549,A01,0.0,7.0,0,2,3,15,1.0,
202400037568,155 715 547,A01,0.0,7.0,0,2,7,15,1.0,
202400037569,155 715 545,A01,0.0,30.0,0,0,8,1,1.0,
202400037570,155 715 544,A01,1.0,33.0,0,2,1,1,1.0,
202400037571,155 715 539,A01,1.0,7.0,1,0,2,1,1.0,
202400037572,155 715 541,A01,2.0,1.0,0,2,8,19,5.0,
202400037573,155 715 540,B01,2.0,7.0,0,2,3,1,1.0,
202400037574,155 715 534,A01,1.0,7.0,0,2,1,1,0.0,
202400037575,155 715 537,A01,3.0,7.0,0,2,1,1,2.0,
202400037576,155 715 535,A01,2.0,7.0,0,1,1,1,2.0,
202400037577,155 715 533,A01,2.0,7.0,2,0,3,13,1.0,
202400037578,155 715 532,A01,1.0,7.0,6,0,2,10,1.0,
202400037579,155 715 531,A01,2.0,7.0,0,1,2,26,6.0,
202400037580,155 715 528,B01,1.0,7.0,0,2,1,15,0.0,
202400037581,155 715 527,A01,1.0,7.0,0,2,1,13,1.0,
202400037582,155 715 523,A01,1.0,31.0,0,2,1,1,1.0,
202400037583,155 715 524,A01,1.0,7.0,0,2,2,16,1.0,
202400037584,155 715 522,A01,3.0,7.0,1,0,1,1,1.0,
202400037585,155 715 518,A01,3.0,10.0,0,1,0,19,1.0,
202400037586,155 715 519,A01,2.0,30.0,0,2,1,5,1.0,
202400037587,155 715 517,Z01,2.0,7.0,0,2,2,9,1.0,
202400037588,155 715 512,A01,3.0,7.0,0,2,2,1,1.0,
202400037589,155 715 513,A01,1.0,33.0,16,0,1,1,1.0,
202400037590,155 715 510,Z01,1.0,7.0,0,0,0,0,0.0,
202400037591,155 715 509,A01,1.0,7.0,2,0,3,1,1.0,
202400037592,155 715 506,A01,1.0,1.0,0,0,1,26,5.0,
202400037593,155 715 508,B01,3.0,10.0,8,0,4,23,0.0,
202400037594,155 715 503,A01,3.0,7.0,0,2,1,1,1.0,
202400037595,155 715 505,B01,1.0,7.0,0,9,2,2,1.0,
202400037596,155 715 502,A01,2.0,32.0,12,0,8,13,1.0,
202400037597,155 715 501,A01,3.0,50.0,14,0,2,1,3.0,
202400037598,155 715 499,A01,2.0,7.0,1,0,1,1,1.0,
202400037599,155 715 497,B01,3.0,31.0,0,2,1,1,1.0,
202400037600,155 715 498,A01,2.0,7.0,13,0,1,17,1.0,
202400037601,155 715 495,A01,3.0,7.0,0,1,1,1,1.0,
202400037602,155 715 496,A01,3.0,32.0,15,0,1,1,1.0,
202400037603,155 715 493,A01,1.0,33.0,0,2,7,17,1.0,
202400037604,155 715 490,A01,3.0,7.0,0,1,3,0,0.0,
202400037605,155 715 492,A01,1.0,7.0,3,0,0,1,1.0,
202400037606,155 715 489,A01,2.0,30.0,0,2,1,1,3.0,
202400037607,155 715 486,A01,2.0,7.0,0,2,1,1,0.0,
202400037608,155 715 484,B01,2.0,1.0,0,2,1,1,5.0,
202400037609,155 715 485,A01,3.0,7.0,0,1,1,1,1.0,
202400037610,155 715 483,A01,2.0,7.0,0,1,8,1,1.0,
202400037611,155 715 478,A01,3.0,7.0,0,0,8,1,1.0,
202400037612,155 715 476,A01,2.0,7.0,0,1,2,1,1.0,
202400037613,155 715 474,B01,2.0,50.0,0,2,1,1,3.0,
202400037614,155 715 473,A01,3.0,10.0,0,1,7,1,1.0,
202400037615,155 715 475,A01,2.0,10.0,0,2,1,1,1.0,
202400037616,155 715 471,A01,3.0,7.0,1,0,1,19,1.0,
202400037617,155 715 469,A01,2.0,7.0,0,1,1,1,1.0,
202400037618,155 715 470,A01,1.0,7.0,0,2,1,16,1.0,
202400037619,155 715 465,A01,3.0,7.0,0,2,3,10,1.0,
202400037620,155 715 463,A01,2.0,7.0,0,2,3,13,2.0,
202400037621,155 715 461,A01,1.0,10.0,0,1,2,16,0.0,
202400037622,155 715 462,A01,3.0,7.0,0,1,1,15,1.0,
202400037623,155 715 459,A01,2.0,7.0,6,0,2,1,1.0,
202400037624,155 715 457,A01,3.0,10.0,0,1,4,25,1.0,
202400037625,155 715 456,B01,2.0,3.0,0,2,3,23,1.0,
202400037626,155 715 455,A01,0.0,80.0,0,9,1,26,3.0,
202400037627,155 715 452,A01,2.0,1.0,0,1,1,1,5.0,
202400037628,155 715 454,A01,2.0,33.0,0,0,0,13,1.0,
202400037629,155 715 451,B01,2.0,7.0,7,0,3,1,1.0,
202400037630,155 715 447,A01,1.0,7.0,0,1,1,1,1.0,
202400037631,155 715 449,B01,2.0,99.0,0,2,1,1,3.0,
202400037632,155 715 448,A01,2.0,7.0,13,0,2,14,1.0,
202400037633,155 715 445,B01,0.0,7.0,0,2,1,1,1.0,
202400037634,155 715 440,A01,2.0,7.0,0,2,3,13,1.0,
202400037635,155 715 441,A01,2.0,7.0,0,2,1,2,1.0,
202400037636,155 715 439,A01,1.0,10.0,0,1,2,9,1.0,
202400037637,155 715 438,A01,2.0,7.0,0,2,8,10,1.0,
202400037638,155 715 435,A01,3.0,7.0,0,0,2,15,0.0,
202400037639,155 715 434,A01,1.0,7.0,0,2,2,1,1.0,
202400037640,155 715 437,A01,1.0,33.0,13,0,8,1,1.0,
202400037641,155 715 433,A01,1.0,10.0,0,1,2,1,0.0,
202400037642,155 715 431,A01,1.0,7.0,6,0,1,1,1.0,
202400037643,155 715 430,B01,2.0,33.0,0,2,8,1,1.0,
202400037644,155 715 428,B01,1.0,30.0,0,2,3,1,1.0,
202400037645,155 715 427,A01,2.0,33.0,6,0,3,15,1.0,
202400037646,155 715 425,A01,3.0,7.0,0,2,1,1,1.0,
202400037647,155 715 423,B01,1.0,7.0,0,2,6,23,1.0,
202400037648,155 715 417,A01,2.0,1.0,0,2,1,15,5.0,
202400037649,155 715 414,A01,1.0,1.0,0,2,1,1,5.0,
202400037650,155 715 415,B01,2.0,7.0,0,2,3,1,1.0,
202400037651,155 715 416,B01,1.0,7.0,0,0,7,0,1.0,
202400037652,155 715 413,A01,3.0,7.0,1,1,6,4,1.0,
202400037653,155 715 410,B01,1.0,7.0,0,2,4,1,1.0,
202400037654,155 715 407,A01,1.0,33.0,0,0,7,1,1.0,
202400037655,155 715 408,A01,2.0,10.0,0,2,3,13,1.0,
202400037656,155 715 405,B01,1.0,7.0,0,0,0,0,1.0,
202400037657,155 715 403,A01,1.0,7.0,13,0,3,13,1.0,
202400037658,155 715 402,B01,2.0,7.0,0,2,8,1,1.0,
202400037659,155 715 401,A01,3.0,7.0,13,0,9,21,1.0,
202400037660,155 715 398,A01,2.0,2.0,0,2,1,19,1.0,
202400037661,155 715 395,A01,3.0,7.0,4,0,1,0,1.0,
202400037662,155 715 393,A01,2.0,7.0,0,2,1,1,1.0,
202400037663,155 715 390,B01,2.0,7.0,0,2,8,1,2.0,
202400037664,155 715 391,A01,1.0,50.0,12,0,1,14,3.0,
202400037665,155 715 389,A01,2.0,7.0,13,0,3,1,1.0,
202400037666,155 715 387,A01,0.0,7.0,0,1,1,16,1.0,
202400037667,155 715 386,A01,1.0,2.0,0,2,1,5,1.0,
202400037668,155 715 385,A01,2.0,7.0,9,0,1,1,1.0,
202400037669,155 715 383,A01,3.0,37.0,0,2,1,2,1.0,1
202400037670,155 715 379,A01,3.0,7.0,0,1,3,4,1.0,
202400037671,155 715 381,B01,1.0,1.0,0,0,8,1,5.0,
202400037672,155 715 378,B01,2.0,7.0,0,2,2,2,1.0,
202400037673,155 715 376,A01,2.0,7.0,0,2,1,2,1.0,
202400037674,155 715 373,B01,1.0,3.0,0,0,4,1,1.0,
202400037675,155 715 372,A01,1.0,7.0,0,2,3,13,1.0,
202400037676,155 715 370,A01,1.0,7.0,0,9,1,26,1.0,
202400037677,155 715 368,A01,2.0,7.0,13,0,3,13,0.0,
202400037678,155 715 366,A01,3.0,7.0,0,2,1,2,1.0,
202400037679,155 715 367,B01,2.0,7.0,0,0,0,1,1.0,
202400037680,155 715 365,A01,1.0,10.0,3,0,1,19,1.0,
202400037681,155 715 363,B01,1.0,7.0,0,2,5,1,1.0,
202400037682,155 715 362,A01,2.0,7.0,13,0,3,17,1.0,
202400037683,155 715 361,A01,1.0,7.0,8,0,3,0,0.0,
202400037684,155 715 360,A01,2.0,3.0,6,0,1,0,1.0,
202400037685,155 715 359,A01,3.0,7.0,0,1,2,16,1.0,
202400037686,155 715 358,A01,1.0,33.0,0,0,0,1,1.0,
202400037687,155 715 354,B01,3.0,7.0,0,2,1,16,1.0,
202400037688,155 715 353,A01,2.0,33.0,0,0,1,1,1.0,
202400037689,155 715 352,A01,1.0,7.0,0,0,6,2,1.0,
202400037690,155 715 351,A01,0.0,10.0,0,1,2,1,1.0,
202400037691,155 715 349,A01,1.0,2.0,12,0,1,2,1.0,
202400037692,155 715 348,A01,2.0,16.0,0,0,3,1,1.0,
202400037693,155 715 346,A01,1.0,80.0,0,2,1,5,3.0,
202400037694,155 715 343,A01,3.0,33.0,0,2,2,21,1.0,
202400037695,155 715 342,A01,1.0,1.0,0,1,1,1,5.0,
202400037696,155 715 341,B01,1.0,7.0,0,2,2,1,1.0,
202400037697,155 715 338,A01,2.0,7.0,10,0,1,19,1.0,
202400037698,155 715 337,A01,2.0,3.0,0,2,1,1,1.0,
202400037699,155 715 336,A01,2.0,7.0,0,2,3,0,1.0,
202400037700,155 715 333,A01,1.0,7.0,0,2,3,1,1.0,
202400037701,155 715 332,B01,2.0,1.0,0,2,8,2,5.0,
202400037702,155 715 330,A01,2.0,7.0,0,0,0,1,1.0,
202400037703,155 715 328,B01,2.0,15.0,0,2,6,2,1.0,
202400037704,155 715 327,A01,2.0,7.0,0,2,2,2,1.0,
202400037705,155 715 325,B01,1.0,7.0,0,2,4,1,1.0,
202400037706,155 715 322,A01,2.0,7.0,15,0,2,1,1.0,
202400037707,155 715 320,A01,1.0,33.0,0,2,1,1,1.0,
202400037708,155 715 321,B01,2.0,7.0,0,2,4,1,1.0,
202400037709,155 715 317,A01,2.0,7.0,0,2,3,1,1.0,
202400037710,155 715 316,A01,2.0,7.0,0,0,9,1,1.0,
202400037711,155 715 315,B01,2.0,10.0,0,2,7,1,1.0,
202400037712,155 715 314,A01,2.0,2.0,6,0,1,1,1.0,
202400037713,155 715 311,A01,2.0,31.0,0,2,3,1,1.0,
202400037714,155 715 310,A01,2.0,7.0,0,0,2,13,1.0,
202400037715,155 715 308,A01,1.0,7.0,9,0,1,1,1.0,
202400037716,155 715 306,A01,2.0,7.0,0,2,3,15,1.0,
202400037717,155 715 304,B01,1.0,10.0,0,0,1,1,1.0,
202400037718,155 715 303,A01,1.0,10.0,0,2,1,2,1.0,
202400037719,155 715 300,B01,2.0,30.0,0,2,2,16,1.0,
202400037720,155 715 299,A01,1.0,7.0,0,2,1,16,1.0,
202400037721,155 715 298,A01,2.0,1.0,12,0,1,14,5.0,
202400037722,155 715 296,A01,1.0,2.0,0,0,0,1,1.0,
202400037723,155 715 295,A01,2.0,7.0,0,2,2,16,1.0,