Num_Acc,id_vehicule,num_veh,senc,catv,obs,obsm,choc,manv,motor,occutc
202400037724,155 715 292,A01,1.0,7.0,0,2,8,13,1.0,
202400037725,155 715 291,A01,1.0,7.0,13,0,1,13,1.0,
202400037726,155 715 290,A01,1.0,33.0,0,2,3,1,1.0,
202400037727,155 715 286,A01,2.0,7.0,13,0,1,2,1.0,
202400037728,155 715 287,A01,2.0,7.0,1,0,1,16,1.0,
202400037729,155 715 282,A01,1.0,7.0,2,0,1,13,1.0,
202400037730,155 715 284,B01,1.0,33.0,0,2,3,1,1.0,
202400037731,155 715 281,A01,2.0,7.0,0,2,3,15,1.0,
202400037732,155 715 279,A01,2.0,7.0,0,2,3,1,1.0,
202400037733,155 715 276,A01,1.0,7.0,0,0,8,1,1.0,
202400037734,155 715 275,Z01,1.0,7.0,0,2,1,2,0.0,
202400037735,155 715 271,A01,2.0,7.0,0,2,1,5,1.0,
202400037736,155 715 270,A01,1.0,7.0,0,0,0,14,1.0,
202400037737,155 715 268,A01,3.0,1.0,0,2,1,1,5.0,
202400037738,155 715 265,A01,1.0,33.0,0,2,1,5,1.0,
202400037739,155 715 264,A01,2.0,7.0,0,2,2,15,1.0,
202400037740,155 715 261,A01,3.0,7.0,0,1,3,2,1.0,
202400037741,155 715 262,B01,1.0,1.0,0,2,1,1,5.0,
202400037742,155 715 260,A01,2.0,33.0,0,0,1,1,1.0,
202400037743,155 715 259,A01,2.0,7.0,8,0,7,13,1.0,
202400037744,155 715 257,A01,2.0,33.0,4,0,0,1,1.0,
202400037745,155 715 254,A01,1.0,7.0,17,0,3,1,1.0,
202400037746,155 715 255,A01,3.0,7.0,0,2,1,1,1.0,
202400037747,155 715 253,A01,1.0,7.0,0,1,0,0,0.0,
202400037748,155 715 252,A01,2.0,7.0,13,0,3,1,1.0,
202400037749,155 715 251,A01,1.0,7.0,15,0,2,1,1.0,
202400037750,155 715 246,A01,1.0,7.0,0,0,2,1,1.0,
202400037751,155 715 245,A01,1.0,7.0,0,2,6,10,1.0,
202400037752,155 715 243,B01,3.0,50.0,0,2,1,5,3.0,
202400037753,155 715 240,A01,2.0,7.0,0,2,8,1,1.0,
202400037754,155 715 239,A01,2.0,10.0,0,2,4,4,1.0,
202400037755,155 715 235,A01,1.0,7.0,0,1,1,1,1.0,
202400037756,155 715 233,A01,1.0,7.0,0,2,4,2,1.0,
202400037757,155 715 229,A01,1.0,0.0,0,2,0,0,0.0,
202400037758,155 715 230,A01,1.0,7.0,12,2,8,10,1.0,
202400037759,155 715 227,A01,2.0,7.0,0,2,7,12,1.0,
202400037760,155 715 225,A01,1.0,7.0,3,0,1,11,1.0,
202400037761,155 715 223,B01,2.0,7.0,0,2,1,1,3.0,
202400037762,155 715 224,A01,1.0,7.0,0,1,3,15,2.0,
202400037763,155 715 222,A01,2.0,7.0,0,0,1,1,1.0,
202400037764,155 715 218,A01,2.0,7.0,0,1,1,19,1.0,
202400037765,155 715 216,D01,2.0,7.0,0,2,4,2,2.0,
202400037766,155 715 215,A01,2.0,33.0,12,0,8,1,1.0,
202400037767,155 715 213,A01,2.0,14.0,0,2,1,1,1.0,
202400037768,155 715 211,A01,1.0,30.0,0,1,8,1,1.0,
202400037769,155 715 210,B01,3.0,50.0,0,9,3,1,3.0,
202400037770,155 715 208,A01,2.0,15.0,0,2,2,12,1.0,
202400037771,155 715 204,B01,2.0,33.0,0,2,3,1,1.0,
202400037772,155 715 203,A01,2.0,7.0,0,2,2,12,1.0,
202400037773,155 715 202,A01,0.0,31.0,0,2,7,1,1.0,
202400037774,155 715 201,A01,1.0,33.0,0,0,8,21,1.0,
202400037775,155 715 196,A01,0.0,7.0,4,0,9,0,1.0,
202400037776,155 715 197,B01,1.0,7.0,0,2,3,20,1.0,
202400037777,155 715 195,C01,2.0,7.0,0,2,3,1,1.0,
202400037778,155 715 193,A01,1.0,7.0,0,2,1,2,1.0,
202400037779,155 715 191,A01,2.0,10.0,0,1,1,15,1.0,
202400037780,155 715 189,A01,2.0,7.0,0,0,0,23,1.0,
202400037781,155 715 187,A01,2.0,7.0,0,1,2,1,1.0,
202400037782,155 715 184,A01,1.0,33.0,0,2,7,17,1.0,
202400037783,155 715 182,A01,3.0,33.0,9,0,0,1,1.0,
202400037784,155 715 183,C01,1.0,7.0,0,2,4,2,3.0,
202400037785,155 715 181,A01,2.0,33.0,6,6,3,1,1.0,
202400037786,155 715 180,A01,2.0,34.0,0,0,7,1,1.0,
202400037787,155 715 177,A01,2.0,2.0,0,2,1,1,1.0,
202400037788,155 715 176,B01,3.0,99.0,0,2,1,21,3.0,
202400037789,155 715 174,A01,2.0,7.0,0,2,5,1,1.0,
202400037790,155 715 172,A01,1.0,7.0,13,0,1,1,1.0,
202400037791,155 715 171,A01,1.0,10.0,0,0,7,1,1.0,
202400037792,155 715 170,A01,3.0,7.0,0,2,1,1,1.0,
202400037793,155 715 167,A01,2.0,7.0,0,2,1,2,1.0,
202400037794,155 715 166,B01,3.0,7.0,8,0,7,1,1.0,
202400037795,155 715 163,B01,0.0,32.0,0,2,7,2,1.0,
202400037796,155 715 161,A01,1.0,7.0,13,0,3,1,1.0,
202400037797,155 715 160,B01,1.0,10.0,0,2,4,2,1.0,
202400037798,155 715 158,A01,2.0,33.0,0,6,1,1,1.0,
202400037799,155 715 156,A01,2.0,7.0,0,2,0,21,1.0,
202400037800,155 715 155,A01,2.0,7.0,0,2,1,26,1.0,
202400037801,155 715 152,B01,1.0,7.0,0,2,1,1,1.0,
202400037802,155 715 153,A01,1.0,3.0,0,1,1,1,1.0,
202400037803,155 715 150,B01,2.0,2.0,0,2,3,17,1.0,
202400037804,155 715 149,A01,2.0,7.0,6,0,2,15,1.0,
202400037805,155 715 146,A01,2.0,15.0,0,2,1,1,1.0,
202400037806,155 715 144,B01,3.0,7.0,0,2,4,2,1.0,
202400037807,155 715 143,A01,3.0,31.0,0,2,1,1,1.0,
202400037808,155 715 142,A01,2.0,7.0,2,0,2,15,1.0,
202400037809,155 715 140,A01,3.0,2.0,0,2,7,11,1.0,
202400037810,155 715 137,A01,2.0,2.0,16,2,3,16,1.0,
202400037811,155 715 134,A01,1.0,32.0,0,2,1,1,1.0,
202400037812,155 715 133,A01,1.0,7.0,0,2,4,2,1.0,
202400037813,155 715 131,A01,3.0,30.0,0,0,0,1,1.0,
202400037814,155 715 130,B01,1.0,34.0,0,2,1,1,1.0,
202400037815,155 715 127,A01,3.0,30.0,0,2,1,13,1.0,
202400037816,155 715 125,A01,1.0,30.0,0,9,0,1,1.0,
202400037817,155 715 123,C01,2.0,7.0,0,2,4,2,1.0,
202400037818,155 715 121,A01,1.0,3.0,12,2,1,15,1.0,
202400037819,155 715 118,A01,2.0,30.0,0,1,1,13,1.0,
202400037820,155 715 116,A01,1.0,7.0,0,2,1,2,1.0,
202400037821,155 715 115,A01,1.0,7.0,4,9,1,26,1.0,
202400037822,155 715 117,B01,1.0,13.0,12,2,1,1,1.0,
202400037823,155 715 111,B01,1.0,32.0,0,2,1,1,1.0,
202400037824,155 715 110,B01,1.0,7.0,15,2,1,9,2.0,
202400037825,155 715 107,A01,3.0,7.0,0,1,8,1,1.0,
202400037826,155 715 108,A01,2.0,33.0,0,2,2,3,1.0,
202400037827,155 715 105,A01,1.0,7.0,0,1,3,15,1.0,
202400037828,155 715 104,B01,0.0,2.0,0,2,8,15,1.0,
202400037829,155 715 103,A01,1.0,7.0,0,1,1,26,1.0,
202400037830,155 715 100,A01,2.0,7.0,0,2,1,2,2.0,
202400037831,155 715 097,A01,1.0,33.0,0,2,1,17,1.0,
202400037832,155 715 098,A01,1.0,7.0,0,2,1,15,1.0,
202400037833,155 715 096,A01,2.0,7.0,3,0,3,1,1.0,
202400037834,155 715 092,A01,1.0,7.0,0,1,1,1,1.0,
202400037835,155 715 091,B01,2.0,7.0,0,2,5,2,1.0,
202400037836,155 715 090,B01,0.0,1.0,0,2,2,1,5.0,
202400037837,155 715 087,A01,3.0,33.0,0,2,2,1,0.0,
202400037838,155 715 088,A01,1.0,10.0,0,1,0,1,0.0,
202400037839,155 715 083,A01,2.0,3.0,0,2,4,2,1.0,
202400037840,155 715 084,A01,3.0,15.0,0,2,2,1,1.0,
202400037841,155 715 081,A01,3.0,31.0,0,2,1,2,1.0,
202400037842,155 715 078,A01,3.0,13.0,0,2,2,2,1.0,
202400037843,155 715 077,A01,3.0,2.0,0,2,1,13,1.0,
202400037844,155 715 074,A01,1.0,33.0,0,2,3,2,1.0,
202400037845,155 715 073,A01,1.0,7.0,0,9,2,1,1.0,
202400037846,155 715 072,A01,3.0,33.0,12,9,1,14,1.0,
202400037847,155 715 068,A01,3.0,7.0,0,2,3,15,0.0,
202400037848,155 715 066,B01,2.0,7.0,0,2,1,19,1.0,
202400037849,155 715 067,A01,1.0,7.0,0,2,3,9,1.0,
202400037850,155 715 065,A01,1.0,40.0,0,1,1,1,3.0,
202400037851,155 715 064,A01,1.0,33.0,7,0,1,2,1.0,
202400037852,155 715 062,A01,1.0,7.0,0,2,4,2,1.0,
202400037853,155 715 060,A01,1.0,7.0,0,1,2,9,1.0,
202400037854,155 715 059,A01,3.0,7.0,0,2,1,19,1.0,
202400037855,155 715 056,B01,0.0,14.0,0,2,2,26,1.0,
202400037856,155 715 055,A01,2.0,7.0,0,2,7,2,0.0,
202400037857,155 715 052,B01,2.0,35.0,0,0,6,1,1.0,
202400037858,155 715 051,B01,2.0,1.0,0,2,1,5,5.0,
202400037859,155 715 049,A01,2.0,33.0,0,2,8,17,1.0,
202400037860,155 715 046,A01,2.0,7.0,0,2,1,9,1.0,
202400037861,155 715 045,A01,1.0,7.0,17,0,1,13,1.0,
202400037862,155 715 043,A01,2.0,34.0,0,2,3,17,1.0,
202400037863,155 715 040,B01,1.0,7.0,0,2,1,1,1.0,
202400037864,155 715 039,B01,2.0,33.0,0,2,1,3,1.0,
202400037865,155 715 038,A01,1.0,7.0,6,0,1,1,1.0,
202400037866,155 715 033,A01,1.0,7.0,0,2,1,19,1.0,
202400037867,155 715 031,A01,2.0,33.0,0,2,1,2,1.0,
202400037868,155 715 028,A01,2.0,7.0,0,2,4,9,1.0,
202400037869,155 715 027,A01,2.0,10.0,0,0,7,15,3.0,
202400037870,155 715 025,A01,0.0,7.0,0,2,2,10,1.0,
202400037871,155 715 022,A01,2.0,7.0,0,2,0,15,3.0,
202400037872,155 715 021,A01,2.0,2.0,0,2,1,9,1.0,
202400037873,155 715 020,A01,3.0,50.0,12,0,1,26,3.0,
202400037874,155 715 018,A01,1.0,7.0,0,2,8,19,1.0,
202400037875,155 715 017,A01,0.0,7.0,1,0,1,13,1.0,
202400037876,155 715 015,A01,2.0,33.0,13,0,8,21,1.0,
202400037877,155 715 014,B01,1.0,33.0,0,2,1,17,1.0,
202400037878,155 715 013,A01,2.0,7.0,6,0,1,2,1.0,
202400037879,155 715 012,A01,1.0,7.0,0,1,2,1,1.0,
202400037880,155 715 009,A01,1.0,0.0,0,2,0,5,0.0,
202400037881,155 715 008,A01,2.0,7.0,0,1,1,15,3.0,
202400037882,155 715 006,A01,2.0,33.0,0,2,1,0,1.0,
202400037883,155 715 004,B01,3.0,7.0,0,2,1,1,1.0,
202400037884,155 714 999,A01,1.0,7.0,3,0,3,13,1.0,
202400037885,155 714 998,B01,2.0,7.0,12,2,3,1,1.0,
202400037886,155 714 994,B01,0.0,10.0,0,2,2,15,3.0,
202400037887,155 714 992,A01,1.0,7.0,0,1,2,1,1.0,
202400037888,155 714 991,A01,2.0,33.0,0,2,1,1,1.0,
202400037889,155 714 989,B01,1.0,7.0,0,2,1,1,1.0,
202400037890,155 714 988,A01,3.0,7.0,0,1,4,20,1.0,
202400037891,155 714 987,A01,1.0,10.0,0,1,1,1,1.0,
202400037892,155 714 986,A01,2.0,33.0,12,0,2,1,1.0,
202400037893,155 714 983,A01,1.0,7.0,0,2,1,2,1.0,
202400037894,155 714 982,A01,2.0,7.0,0,2,1,5,1.0,
202400037895,155 714 980,A01,1.0,7.0,13,0,1,2,1.0,
202400037896,155 714 981,A01,0.0,7.0,0,1,2,1,1.0,
202400037897,155 714 977,A01,1.0,7.0,0,2,5,15,1.0,
202400037898,155 714 971,A01,1.0,7.0,0,2,1,1,1.0,
202400037899,155 714 970,A01,1.0,7.0,0,2,1,13,0.0,
202400037900,155 714 969,A01,1.0,10.0,9,9,1,6,1.0,
202400037901,155 714 966,A01,1.0,10.0,0,2,1,0,1.0,
202400037902,155 714 965,B01,1.0,7.0,0,2,2,1,1.0,
202400037903,155 714 963,B01,3.0,7.0,0,9,2,1,1.0,
202400037904,155 714 961,A01,1.0,7.0,0,2,3,9,1.0,
202400037905,155 714 960,A01,1.0,80.0,13,0,0,1,3.0,
202400037906,155 714 958,B01,0.0,7.0,0,2,6,23,1.0,
202400037907,155 714 957,A01,0.0,31.0,16,9,0,0,0.0,
202400037908,155 714 954,A01,1.0,33.0,0,0,1,14,1.0,
202400037909,155 714 953,A01,2.0,7.0,0,2,1,2,1.0,
202400037910,155 714 948,B01,1.0,7.0,0,2,1,1,1.0,
202400037911,155 714 947,A01,2.0,7.0,0,2,4,1,1.0,
202400037912,155 714 945,A01,2.0,10.0,0,1,1,1,1.0,
202400037913,155 714 943,A01,2.0,7.0,0,2,4,2,1.0,
202400037914,155 714 940,A01,1.0,33.0,0,2,7,21,1.0,
202400037915,155 714 939,A01,1.0,10.0,0,2,4,1,1.0,
202400037916,155 714 938,A01,1.0,50.0,11,0,1,13,3.0,
202400037917,155 714 936,A01,1.0,30.0,0,0,0,15,1.0,
202400037918,155 714 933,A01,1.0,7.0,0,2,4,2,1.0,
202400037919,155 714 930,A01,0.0,7.0,0,9,8,10,1.0,
202400037920,155 714 929,A01,1.0,31.0,0,2,7,17,1.0,
202400037921,155 714 927,A01,3.0,33.0,6,2,1,17,1.0,
202400037922,155 714 924,B01,2.0,7.0,0,2,8,11,1.0,
202400037923,155 714 923,B01,1.0,7.0,0,2,8,9,1.0,
202400037924,155 714 920,B01,1.0,7.0,0,2,6,1,1.0,
202400037925,155 714 919,A01,1.0,10.0,0,1,8,1,1.0,
202400037926,155 714 916,A01,1.0,7.0,6,0,1,6,1.0,
202400037927,155 714 917,A01,2.0,7.0,0,2,1,2,1.0,
202400037928,155 714 913,A01,3.0,7.0,0,2,1,1,0.0,
202400037929,155 714 912,B01,1.0,10.0,0,2,4,1,1.0,
202400037930,155 714 910,A01,1.0,30.0,12,0,1,14,1.0,
202400037931,155 714 908,A01,1.0,10.0,0,2,1,2,1.0,
202400037932,155 714 907,A01,3.0,7.0,0,2,1,0,1.0,
202400037933,155 714 905,A01,2.0,33.0,0,2,7,3,1.0,
202400037934,155 714 903,A01,1.0,33.0,0,2,1,3,1.0,
202400037935,155 714 902,A01,3.0,20.0,0,0,7,15,1.0,
202400037936,155 714 901,A01,1.0,7.0,4,0,1,21,1.0,
202400037937,155 714 899,A01,1.0,1.0,0,2,1,19,5.0,
202400037938,155 714 897,B01,1.0,7.0,0,2,6,2,1.0,
202400037939,155 714 895,A01,3.0,7.0,0,2,8,17,1.0,
202400037940,155 714 894,A01,2.0,31.0,3,0,3,13,1.0,
202400037941,155 714 892,A01,1.0,7.0,0,2,2,15,,
202400037942,155 714 890,A01,2.0,7.0,4,0,1,0,1.0,
202400037943,155 714 886,B01,2.0,7.0,0,2,8,1,1.0,
202400037944,155 714 887,B01,2.0,30.0,0,2,7,1,1.0,
202400037945,155 714 883,A01,1.0,7.0,0,2,2,1,1.0,
202400037946,155 714 882,A01,0.0,7.0,0,2,5,15,1.0,
202400037947,155 714 880,A01,3.0,1.0,0,0,0,1,5.0,
202400037948,155 714 879,B01,1.0,1.0,0,2,0,0,5.0,
202400037949,155 714 876,A01,2.0,7.0,0,2,1,1,1.0,
202400037950,155 714 875,A01,1.0,1.0,0,2,4,0,5.0,
202400037951,155 714 871,B01,1.0,7.0,0,2,4,2,1.0,
202400037952,155 714 870,B01,2.0,7.0,0,0,5,2,1.0,
202400037953,155 714 868,A01,1.0,7.0,0,1,1,1,1.0,
202400037954,155 714 867,B01,2.0,2.0,0,2,1,9,1.0,
202400037955,155 714 866,A01,2.0,7.0,0,1,4,2,1.0,
202400037956,155 714 863,B01,3.0,7.0,0,2,8,19,1.0,
202400037957,155 714 862,A01,1.0,7.0,0,2,1,13,1.0,
202400037958,155 714 861,A01,1.0,7.0,3,0,3,26,1.0,
202400037959,155 714 860,A01,1.0,33.0,6,0,1,1,1.0,
202400037960,155 714 859,A01,1.0,7.0,0,1,1,16,1.0,
202400037961,155 714 858,A01,1.0,7.0,13,0,1,14,1.0,
202400037962,155 714 857,A01,1.0,7.0,0,1,1,0,1.0,
202400037963,155 714 855,A01,2.0,7.0,0,2,2,16,0.0,
202400037964,155 714 853,B01,2.0,33.0,0,2,1,1,,
202400037965,155 714 852,A01,1.0,10.0,0,1,2,1,1.0,
202400037966,155 714 849,B01,2.0,7.0,0,2,2,17,0.0,
202400037967,155 714 844,A01,2.0,7.0,0,2,3,15,1.0,
202400037968,155 714 845,A01,1.0,1.0,0,2,8,15,5.0,
202400037969,155 714 841,B01,1.0,7.0,0,2,5,2,2.0,
202400037970,155 714 842,A01,1.0,7.0,0,0,9,14,1.0,
202400037971,155 714 840,Z01,3.0,50.0,0,1,0,26,3.0,
202400037972,155 714 838,A01,1.0,3.0,0,2,1,1,1.0,
202400037973,155 714 836,B01,2.0,7.0,0,2,1,26,1.0,
202400037974,155 714 834,A01,3.0,7.0,0,2,7,10,1.0,
202400037975,155 714 833,A01,2.0,7.0,1,0,3,1,1.0,
202400037976,155 714 832,A01,1.0,50.0,0,0,0,1,3.0,
202400037977,155 714 829,A01,2.0,7.0,0,1,1,1,1.0,
202400037978,155 714 826,A01,3.0,50.0,0,2,3,19,3.0,
202400037979,155 714 825,B01,2.0,7.0,0,2,2,1,1.0,
202400037980,155 714 824,A01,3.0,33.0,0,0,0,26,1.0,
202400037981,155 714 823,A01,2.0,37.0,0,1,1,2,1.0,2
202400037982,155 714 821,A01,1.0,7.0,0,2,1,26,1.0,
202400037983,155 714 820,A01,2.0,7.0,0,1,3,1,1.0,
202400037984,155 714 818,A01,1.0,7.0,0,2,3,15,1.0,
202400037985,155 714 816,A01,1.0,33.0,0,2,1,17,1.0,
202400037986,155 714 815,A01,3.0,50.0,0,0,0,1,3.0,
202400037987,155 714 813,A01,2.0,7.0,0,2,1,13,1.0,
202400037988,155 714 812,A01,3.0,7.0,8,1,1,0,1.0,
202400037989,155 714 809,A01,1.0,7.0,0,2,1,2,1.0,
202400037990,155 714 807,A01,1.0,7.0,0,2,3,9,1.0,
202400037991,155 714 806,A01,1.0,34.0,8,0,0,0,1.0,
202400037992,155 714 804,B01,1.0,2.0,0,2,8,1,3.0,
202400037993,155 714 803,A01,1.0,33.0,1,0,1,0,1.0,
202400037994,155 714 802,A01,3.0,50.0,12,0,7,25,3.0,
202400037995,155 714 799,A01,3.0,7.0,0,1,8,1,1.0,
202400037996,155 714 800,A01,2.0,7.0,0,1,2,1,1.0,
202400037997,155 714 798,A01,1.0,7.0,4,0,8,1,1.0,
202400037998,155 714 797,A01,3.0,7.0,0,2,2,15,1.0,
202400037999,155 714 793,C01,0.0,7.0,0,2,4,1,1.0,
202400038000,155 714 792,A01,1.0,7.0,0,1,3,20,1.0,
202400038001,155 714 791,B01,2.0,1.0,0,2,4,26,5.0,
202400038002,155 714 789,A01,3.0,7.0,12,0,0,0,1.0,
202400038003,155 714 786,A01,3.0,30.0,1,2,1,15,1.0,
202400038004,155 714 785,B01,2.0,50.0,0,2,1,12,3.0,
202400038005,155 714 783,A01,1.0,7.0,0,2,3,16,1.0,
202400038006,155 714 779,A01,3.0,7.0,0,1,4,16,1.0,
202400038007,155 714 780,A01,3.0,7.0,12,0,2,16,1.0,
202400038008,155 714 778,A01,1.0,33.0,0,2,1,18,1.0,
202400038009,155 714 776,A01,3.0,7.0,0,2,3,13,1.0,
202400038010,155 714 774,A01,1.0,7.0,14,0,3,2,1.0,
202400038011,155 714 770,A01,2.0,30.0,0,2,8,1,1.0,
202400038012,155 714 773,A01,2.0,33.0,0,0,8,1,1.0,
202400038013,155 714 769,A01,1.0,7.0,0,1,1,1,1.0,
202400038014,155 714 771,A01,2.0,7.0,0,2,8,13,1.0,
202400038015,155 714 768,A01,2.0,7.0,0,1,2,9,3.0,
202400038016,155 714 767,A01,2.0,31.0,0,0,2,3,1.0,
202400038017,155 714 763,A01,0.0,2.0,0,2,8,15,1.0,
202400038018,155 714 764,A01,2.0,7.0,0,1,2,15,1.0,
202400038019,155 714 762,B01,1.0,7.0,0,2,4,1,1.0,
202400038020,155 714 760,A01,3.0,7.0,0,1,7,1,1.0,
202400038021,155 714 759,B01,2.0,34.0,0,2,9,17,1.0,
202400038022,155 714 756,A01,1.0,7.0,0,2,1,2,1.0,
202400038023,155 714 754,A01,1.0,43.0,0,2,3,2,1.0,
202400038024,155 714 753,A01,1.0,50.0,0,2,1,19,3.0,
202400038025,155 714 750,B01,1.0,10.0,0,2,4,1,1.0,
202400038026,155 714 745,A01,2.0,33.0,0,2,8,3,1.0,
202400038027,155 714 744,A01,1.0,43.0,0,2,1,1,1.0,
202400038028,155 714 743,A01,1.0,7.0,0,2,1,16,1.0,
202400038029,155 714 740,A01,3.0,1.0,0,2,1,9,5.0,
202400038030,155 714 739,A01,1.0,1.0,0,2,8,15,5.0,
202400038031,155 714 737,A01,3.0,7.0,0,2,3,9,1.0,
202400038032,155 714 734,A01,3.0,50.0,0,2,1,25,3.0,
202400038033,155 714 733,B01,2.0,7.0,0,0,8,24,1.0,
202400038034,155 714 730,B01,2.0,32.0,0,2,1,1,1.0,
202400038035,155 714 729,A01,1.0,33.0,0,0,0,26,1.0,
202400038036,155 714 728,Z01,1.0,7.0,0,2,5,17,2.0,
202400038037,155 714 726,B01,3.0,43.0,0,2,8,15,1.0,
202400038038,155 714 724,A01,2.0,7.0,0,2,1,2,1.0,
202400038039,155 714 722,A01,1.0,2.0,0,2,6,1,3.0,
202400038040,155 714 719,A01,1.0,10.0,0,2,2,10,1.0,
202400038041,155 714 715,A01,2.0,32.0,0,0,8,1,3.0,
202400038042,155 714 716,A01,2.0,7.0,0,2,1,11,1.0,
202400038043,155 714 714,A01,2.0,32.0,0,2,8,13,1.0,
202400038044,155 714 713,A01,3.0,7.0,0,1,1,0,1.0,
202400038045,155 714 712,A01,2.0,10.0,0,1,1,15,3.0,
202400038046,155 714 709,A01,2.0,33.0,0,1,1,19,1.0,
202400038047,155 714 708,A01,1.0,10.0,0,2,3,1,6.0,
202400038048,155 714 707,A01,3.0,7.0,0,2,8,22,1.0,
202400038049,155 714 706,A01,2.0,30.0,0,2,0,1,6.0,
202400038050,155 714 705,A01,2.0,34.0,3,0,2,14,1.0,
202400038051,155 714 703,A01,2.0,7.0,0,1,1,2,1.0,
202400038052,155 714 700,B01,3.0,7.0,0,2,1,1,1.0,
202400038053,155 714 701,A01,1.0,33.0,0,2,1,17,1.0,
202400038054,155 714 699,A01,0.0,7.0,0,1,1,0,1.0,
202400038055,155 714 694,B01,0.0,10.0,0,2,0,0,,
202400038056,155 714 693,B01,1.0,37.0,0,2,3,1,1.0,1
202400038057,155 714 695,A01,2.0,7.0,0,2,8,15,1.0,
202400038058,155 714 688,B01,0.0,7.0,0,0,3,26,1.0,
202400038059,155 714 689,B01,2.0,7.0,0,2,5,0,1.0,
202400038060,155 714 687,A01,3.0,7.0,0,2,3,2,1.0,
202400038061,155 714 686,A01,2.0,7.0,0,1,8,0,1.0,
202400038062,155 714 683,A01,1.0,10.0,9,2,1,9,1.0,
202400038063,155 714 681,B01,1.0,1.0,0,0,0,0,5.0,
202400038064,155 714 680,A01,3.0,7.0,0,2,1,0,0.0,
202400038065,155 714 678,B01,2.0,80.0,0,2,7,1,3.0,
202400038066,155 714 676,A01,1.0,13.0,0,2,6,15,1.0,
202400038067,155 714 673,A01,3.0,7.0,0,2,1,15,1.0,
202400038068,155 714 672,A01,1.0,31.0,0,2,1,21,1.0,
202400038069,155 714 670,A01,3.0,7.0,0,2,7,15,1.0,
202400038070,155 714 667,A01,2.0,7.0,0,2,3,15,1.0,
202400038071,155 714 666,A01,1.0,10.0,0,2,1,19,1.0,
202400038072,155 714 665,A01,1.0,7.0,0,0,1,0,1.0,
202400038073,155 714 663,A01,3.0,7.0,0,1,2,26,1.0,
202400038074,155 714 662,A01,3.0,7.0,2,2,5,15,1.0,
202400038075,155 714 661,A01,2.0,33.0,0,1,1,17,0.0,
202400038076,155 714 659,A01,2.0,7.0,0,0,9,0,1.0,
202400038077,155 714 657,B01,1.0,7.0,0,2,3,1,1.0,
202400038078,155 714 656,A01,3.0,7.0,0,2,3,13,1.0,
202400038079,155 714 655,A01,2.0,7.0,16,0,3,1,1.0,
202400038080,155 714 653,A01,2.0,10.0,1,0,2,21,1.0,
202400038081,155 714 654,A01,1.0,50.0,1,0,1,26,3.0,
202400038082,155 714 651,A01,1.0,7.0,0,1,1,1,1.0,
202400038083,155 714 649,A01,1.0,50.0,0,2,1,1,3.0,
202400038084,155 714 648,B01,1.0,32.0,0,2,0,0,1.0,
202400038085,155 714 646,Z01,0.0,30.0,0,1,1,1,1.0,
202400038086,155 714 642,C01,1.0,7.0,3,0,3,1,1.0,
202400038087,155 714 643,B01,1.0,33.0,0,2,8,1,1.0,
202400038088,155 714 640,A01,2.0,30.0,0,2,1,1,1.0,
202400038089,155 714 639,A01,1.0,7.0,3,0,1,0,2.0,
202400038090,155 714 637,B01,1.0,7.0,0,2,1,0,1.0,
202400038091,155 714 633,A01,1.0,7.0,0,2,3,0,1.0,
202400038092,155 714 632,B01,2.0,2.0,0,2,1,2,1.0,
202400038093,155 714 631,B01,1.0,7.0,0,2,4,1,1.0,
202400038094,155 714 630,A01,1.0,7.0,0,1,1,1,1.0,
202400038095,155 714 627,A01,1.0,14.0,0,1,1,1,1.0,
202400038096,155 714 626,A01,1.0,30.0,0,2,1,16,1.0,
202400038097,155 714 625,A01,1.0,31.0,0,2,1,0,1.0,
202400038098,155 714 619,A01,1.0,33.0,0,2,3,3,1.0,
202400038099,155 714 618,A01,3.0,7.0,0,2,2,16,1.0,
202400038100,155 714 616,A01,2.0,7.0,2,0,1,14,1.0,
202400038101,155 714 615,A01,2.0,33.0,0,2,2,3,1.0,
202400038102,155 714 613,B01,0.0,43.0,0,2,3,1,1.0,
202400038103,155 714 610,B01,2.0,7.0,0,0,6,1,1.0,
202400038104,155 714 609,B01,2.0,7.0,0,0,4,2,1.0,
202400038105,155 714 605,A01,1.0,2.0,0,2,1,1,1.0,
202400038106,155 714 607,A01,1.0,7.0,0,2,3,15,1.0,
202400038107,155 714 603,B01,1.0,10.0,0,2,3,1,1.0,
202400038108,155 714 601,B01,2.0,15.0,0,2,1,1,1.0,
202400038109,155 714 599,A01,2.0,37.0,0,2,2,1,1.0,2
202400038110,155 714 596,B01,1.0,21.0,0,0,6,15,1.0,
202400038111,155 714 595,A01,1.0,7.0,1,0,1,10,2.0,
202400038112,155 714 594,B01,1.0,7.0,0,2,4,2,1.0,
202400038113,155 714 592,A01,2.0,7.0,0,2,1,2,1.0,
202400038114,155 714 591,A01,1.0,33.0,0,6,1,0,1.0,
202400038115,155 714 590,A01,3.0,7.0,15,0,1,1,1.0,
202400038116,155 714 586,A01,2.0,7.0,0,2,3,1,1.0,
202400038117,155 714 587,A01,3.0,10.0,0,2,8,10,1.0,
202400038118,155 714 584,A01,2.0,7.0,0,2,1,1,1.0,
202400038119,155 714 583,A01,1.0,10.0,0,1,2,16,1.0,