Num_Acc,id_vehicule,num_veh,senc,catv,obs,obsm,choc,manv,motor,occutc
202400038120,155 714 582,A01,2.0,7.0,12,1,1,14,1.0,
202400038121,155 714 581,A01,2.0,80.0,0,1,1,1,3.0,
202400038122,155 714 578,A01,1.0,7.0,1,0,2,2,1.0,
202400038123,155 714 576,B01,1.0,7.0,0,2,1,1,1.0,
202400038124,155 714 575,A01,2.0,33.0,15,0,1,26,1.0,
202400038125,155 714 572,A01,1.0,7.0,0,1,2,1,1.0,
202400038126,155 714 573,A01,1.0,15.0,0,2,2,16,1.0,
202400038127,155 714 571,A01,2.0,7.0,0,1,3,1,1.0,
202400038128,155 714 567,B01,3.0,10.0,0,2,3,1,0.0,
202400038129,155 714 569,A01,1.0,7.0,0,1,1,26,1.0,
202400038130,155 714 566,A01,1.0,7.0,0,2,1,1,1.0,
202400038131,155 714 565,A01,2.0,10.0,0,1,1,1,0.0,
202400038132,155 714 563,A01,1.0,7.0,0,2,4,23,1.0,
202400038133,155 714 560,A01,0.0,7.0,0,2,1,23,,
202400038134,155 714 558,B01,2.0,7.0,0,2,5,19,1.0,
202400038135,155 714 555,A01,2.0,7.0,0,2,2,9,1.0,
202400038136,155 714 552,A01,2.0,3.0,0,2,4,2,3.0,
202400038137,155 714 551,A01,3.0,7.0,0,2,3,1,1.0,
202400038138,155 714 548,Z01,3.0,7.0,0,2,0,0,1.0,
202400038139,155 714 547,A01,1.0,10.0,0,2,2,17,1.0,
202400038140,155 714 544,A01,2.0,10.0,0,0,4,11,1.0,
202400038141,155 714 541,A01,1.0,1.0,0,0,0,1,5.0,
202400038142,155 714 542,A01,2.0,30.0,0,2,5,15,1.0,
202400038143,155 714 540,A01,1.0,7.0,0,2,4,1,1.0,
202400038144,155 714 537,A01,1.0,50.0,0,1,2,21,3.0,
202400038145,155 714 534,A01,3.0,10.0,0,2,6,15,1.0,
202400038146,155 714 535,B01,1.0,30.0,0,2,1,1,1.0,
202400038147,155 714 530,B01,1.0,2.0,0,2,1,1,1.0,
202400038148,155 714 529,A01,2.0,7.0,0,2,8,1,1.0,
202400038149,155 714 528,A01,3.0,1.0,0,2,3,15,5.0,
202400038150,155 714 524,A01,1.0,7.0,0,2,8,15,1.0,
202400038151,155 714 526,A01,2.0,7.0,13,0,2,1,1.0,
202400038152,155 714 523,B01,2.0,80.0,0,2,3,5,3.0,
202400038153,155 714 519,A01,2.0,7.0,0,2,3,17,1.0,
202400038154,155 714 517,A01,2.0,7.0,0,2,3,15,1.0,
202400038155,155 714 515,A01,2.0,33.0,15,0,3,1,1.0,
202400038156,155 714 516,A01,2.0,7.0,0,2,1,16,1.0,
202400038157,155 714 513,A01,2.0,7.0,0,1,4,4,1.0,
202400038158,155 714 511,A01,0.0,7.0,0,2,1,16,1.0,
202400038159,155 714 510,A01,1.0,33.0,0,2,8,17,1.0,
202400038160,155 714 508,A01,2.0,33.0,0,0,7,1,1.0,
202400038161,155 714 506,B01,2.0,7.0,0,2,6,23,1.0,
202400038162,155 714 503,A01,2.0,7.0,0,1,2,1,1.0,
202400038163,155 714 501,A01,1.0,7.0,0,2,1,2,1.0,
202400038164,155 714 500,A01,1.0,3.0,4,2,6,13,1.0,
202400038165,155 714 499,A01,1.0,7.0,0,1,2,1,1.0,
202400038166,155 714 497,A01,1.0,7.0,17,0,1,13,1.0,
202400038167,155 714 496,B01,2.0,7.0,0,2,8,15,1.0,
202400038168,155 714 493,A01,1.0,2.0,6,0,3,20,1.0,
202400038169,155 714 491,C01,3.0,7.0,0,2,4,2,1.0,
202400038170,155 714 490,A01,1.0,50.0,0,2,2,19,3.0,
202400038171,155 714 488,B01,2.0,33.0,0,2,1,1,1.0,
202400038172,155 714 486,B01,3.0,7.0,0,2,8,16,1.0,
202400038173,155 714 481,A01,2.0,7.0,0,0,6,15,1.0,
202400038174,155 714 480,A01,3.0,7.0,0,2,1,1,1.0,
202400038175,155 714 479,A01,2.0,34.0,13,0,1,1,1.0,
202400038176,155 714 476,B01,2.0,7.0,0,2,7,15,1.0,
202400038177,155 714 475,A01,2.0,33.0,0,6,8,21,1.0,
202400038178,155 714 474,B01,2.0,7.0,0,2,4,2,1.0,
202400038179,155 714 473,A01,1.0,7.0,9,0,1,1,1.0,
202400038180,155 714 471,A01,2.0,7.0,0,2,2,12,1.0,
202400038181,155 714 470,A01,2.0,7.0,4,0,9,1,1.0,
202400038182,155 714 466,A01,1.0,10.0,0,1,3,15,1.0,
202400038183,155 714 465,B01,2.0,15.0,0,0,5,1,1.0,
202400038184,155 714 468,A01,3.0,7.0,0,2,1,5,1.0,
202400038185,155 714 464,A01,1.0,21.0,12,0,4,4,1.0,
202400038186,155 714 463,A01,1.0,2.0,2,0,1,1,1.0,
202400038187,155 714 460,A01,1.0,7.0,0,2,2,13,1.0,
202400038188,155 714 458,A01,1.0,1.0,0,2,4,1,5.0,
202400038189,155 714 457,B01,2.0,7.0,0,2,2,1,1.0,
202400038190,155 714 456,A01,1.0,10.0,4,0,2,14,1.0,
202400038191,155 714 453,A01,2.0,7.0,8,0,9,1,1.0,
202400038192,155 714 452,A01,3.0,7.0,6,1,4,26,1.0,
202400038193,155 714 454,A01,3.0,7.0,8,0,9,26,1.0,
202400038194,155 714 450,A01,2.0,43.0,0,0,8,23,1.0,
202400038195,155 714 448,B01,2.0,33.0,0,2,1,0,1.0,
202400038196,155 714 447,A01,0.0,7.0,0,2,1,1,1.0,
202400038197,155 714 445,A01,1.0,7.0,0,2,3,9,1.0,
202400038198,155 714 443,A01,1.0,7.0,0,1,2,1,1.0,
202400038199,155 714 442,B01,1.0,1.0,0,0,6,2,5.0,
202400038200,155 714 439,B01,2.0,7.0,0,2,1,21,1.0,
202400038201,155 714 437,A01,1.0,31.0,0,2,8,11,1.0,
202400038202,155 714 435,A01,1.0,2.0,0,2,8,1,1.0,
202400038203,155 714 433,A01,3.0,31.0,0,2,1,2,1.0,
202400038204,155 714 432,A01,3.0,36.0,0,0,9,14,1.0,
202400038205,155 714 431,A01,3.0,50.0,0,1,1,25,3.0,
202400038206,155 714 430,A01,0.0,33.0,0,0,0,0,1.0,
202400038207,155 714 427,B01,2.0,1.0,0,2,8,5,5.0,
202400038208,155 714 426,B01,1.0,7.0,0,2,3,1,1.0,
202400038209,155 714 438,A01,3.0,2.0,13,0,0,1,1.0,
202400038210,155 714 422,A01,1.0,7.0,0,0,1,15,1.0,
202400038211,155 714 419,D01,1.0,7.0,0,2,1,1,1.0,
202400038212,155 714 417,A01,1.0,30.0,0,2,1,13,1.0,
202400038213,155 714 416,B01,0.0,7.0,0,2,8,1,1.0,
202400038214,155 714 413,B01,3.0,7.0,0,2,4,2,1.0,
202400038215,155 714 412,A01,1.0,7.0,0,2,1,1,1.0,
202400038216,155 714 411,A01,3.0,7.0,0,0,0,0,1.0,
202400038217,155 714 410,A01,1.0,32.0,0,1,1,1,1.0,
202400038218,155 714 408,A01,0.0,7.0,0,2,1,15,1.0,
202400038219,155 714 405,A01,1.0,7.0,3,0,1,0,1.0,
202400038220,155 714 407,A01,3.0,33.0,2,0,1,17,1.0,
202400038221,155 714 404,A01,2.0,30.0,0,1,1,1,1.0,
202400038222,155 714 402,A01,1.0,10.0,2,0,7,1,1.0,
202400038223,155 714 401,A01,2.0,33.0,0,2,1,3,1.0,
202400038224,155 714 399,A01,2.0,50.0,0,2,0,15,3.0,
202400038225,155 714 396,B01,2.0,33.0,0,2,4,2,1.0,
202400038226,155 714 397,A01,2.0,7.0,2,0,0,0,1.0,
202400038227,155 714 394,A01,2.0,7.0,0,2,3,10,1.0,
202400038228,155 714 390,B01,2.0,7.0,0,2,3,1,1.0,
202400038229,155 714 389,A01,3.0,38.0,0,1,3,16,1.0,1
202400038230,155 714 386,A01,2.0,14.0,0,1,7,26,1.0,
202400038231,155 714 385,B01,2.0,10.0,0,2,4,1,1.0,
202400038232,155 714 384,A01,3.0,7.0,0,1,1,1,1.0,
202400038233,155 714 380,A01,1.0,37.0,0,2,2,17,1.0,1
202400038234,155 714 381,A01,1.0,7.0,0,2,2,12,2.0,
202400038235,155 714 377,B01,3.0,1.0,0,2,2,1,5.0,
202400038236,155 714 373,B01,3.0,1.0,0,2,1,25,5.0,
202400038237,155 714 372,C01,1.0,10.0,0,2,1,1,1.0,
202400038238,155 714 368,D01,2.0,7.0,0,0,0,0,1.0,
202400038239,155 714 365,B01,2.0,32.0,0,2,1,1,1.0,
202400038240,155 714 364,A01,2.0,7.0,10,0,3,1,1.0,
202400038241,155 714 363,B01,2.0,7.0,0,2,4,2,1.0,
202400038242,155 714 360,A01,1.0,33.0,0,2,2,3,1.0,
202400038243,155 714 357,B01,2.0,7.0,0,2,7,12,1.0,
202400038244,155 714 356,A01,3.0,7.0,0,2,3,10,1.0,
202400038245,155 714 353,Z01,1.0,43.0,0,2,7,26,1.0,
202400038246,155 714 349,A01,2.0,80.0,0,2,1,16,3.0,
202400038247,155 714 351,C01,1.0,7.0,0,2,4,1,1.0,
202400038248,155 714 347,B01,1.0,50.0,0,2,1,1,3.0,
202400038249,155 714 344,A01,1.0,7.0,0,2,1,2,1.0,
202400038250,155 714 345,A01,1.0,33.0,9,0,7,18,1.0,
202400038251,155 714 342,A01,3.0,7.0,0,2,1,1,2.0,
202400038252,155 714 338,B01,3.0,32.0,0,2,1,1,1.0,
202400038253,155 714 340,B01,2.0,7.0,0,2,5,1,1.0,
202400038254,155 714 335,A01,1.0,7.0,0,2,3,11,1.0,
202400038255,155 714 334,B01,2.0,7.0,0,2,6,1,1.0,
202400038256,155 714 332,A01,2.0,1.0,0,2,1,5,5.0,
202400038257,155 714 330,B01,1.0,50.0,0,2,3,17,3.0,
202400038258,155 714 329,A01,2.0,7.0,4,0,3,11,2.0,
202400038259,155 714 326,B01,1.0,10.0,0,2,7,16,1.0,
202400038260,155 714 324,A01,1.0,7.0,0,2,2,21,1.0,
202400038261,155 714 321,B01,2.0,7.0,0,2,3,1,1.0,
202400038262,155 714 320,A01,1.0,15.0,0,2,6,11,1.0,
202400038263,155 714 318,A01,2.0,30.0,0,2,7,16,1.0,
202400038264,155 714 315,A01,3.0,50.0,0,2,1,11,3.0,
202400038265,155 714 317,A01,3.0,7.0,0,1,0,26,0.0,
202400038266,155 714 314,A01,1.0,13.0,0,1,1,16,1.0,
202400038267,155 714 311,Z01,1.0,7.0,0,2,7,11,2.0,
202400038268,155 714 310,A01,1.0,1.0,0,0,3,1,5.0,
202400038269,155 714 309,A01,1.0,7.0,0,2,1,2,1.0,
202400038270,155 714 308,A01,2.0,7.0,0,1,4,19,1.0,
202400038271,155 714 307,A01,1.0,50.0,8,0,0,0,3.0,
202400038272,155 714 305,B01,3.0,1.0,0,2,1,15,5.0,
202400038273,155 714 302,A01,1.0,32.0,0,2,1,7,1.0,
202400038274,155 714 301,A01,0.0,10.0,0,2,3,26,1.0,
202400038275,155 714 300,A01,1.0,7.0,0,1,1,1,1.0,
202400038276,155 714 298,A01,2.0,1.0,0,2,3,15,5.0,
202400038277,155 714 297,A01,1.0,7.0,0,1,2,1,1.0,
202400038278,155 714 296,A01,1.0,7.0,8,0,3,1,2.0,
202400038279,155 714 295,A01,2.0,32.0,0,0,9,1,1.0,
202400038280,155 714 292,B01,2.0,7.0,0,2,3,15,1.0,
202400038281,155 714 291,B01,2.0,7.0,0,2,4,23,1.0,
202400038282,155 714 290,A01,1.0,2.0,1,0,1,16,1.0,
202400038283,155 714 286,Z01,2.0,7.0,0,2,1,19,1.0,
202400038284,155 714 287,A01,1.0,14.0,0,2,1,1,1.0,
202400038285,155 714 284,A01,1.0,7.0,0,2,1,1,1.0,
202400038286,155 714 281,A01,1.0,10.0,0,2,1,1,1.0,
202400038287,155 714 276,A01,1.0,10.0,1,2,8,26,1.0,
202400038288,155 714 275,A01,2.0,50.0,0,2,7,1,3.0,
202400038289,155 714 272,A01,0.0,33.0,0,0,0,0,1.0,
202400038290,155 714 271,B01,3.0,7.0,0,2,0,26,0.0,
202400038291,155 714 266,A01,3.0,7.0,13,0,2,2,1.0,
202400038292,155 714 265,C01,1.0,10.0,9,2,1,1,1.0,
202400038293,155 714 261,A01,1.0,7.0,0,2,9,17,1.0,
202400038294,155 714 260,A01,3.0,2.0,13,0,7,23,1.0,
202400038295,155 714 259,A01,1.0,33.0,14,2,2,1,1.0,
202400038296,155 714 256,A01,2.0,43.0,9,0,2,1,1.0,
202400038297,155 714 255,A01,1.0,7.0,0,2,1,1,1.0,
202400038298,155 714 254,A01,1.0,33.0,0,1,1,1,1.0,
202400038299,155 714 253,B01,1.0,7.0,0,2,3,1,1.0,
202400038300,155 714 249,B01,1.0,33.0,0,2,7,1,1.0,
202400038301,155 714 250,A01,1.0,33.0,0,2,3,3,1.0,
202400038302,155 714 247,A01,2.0,7.0,0,2,1,7,1.0,
202400038303,155 714 246,A01,1.0,31.0,0,0,0,1,1.0,
202400038304,155 714 245,A01,3.0,10.0,0,1,1,1,1.0,
202400038305,155 714 241,A01,2.0,7.0,0,2,1,2,1.0,
202400038306,155 714 239,A01,3.0,99.0,0,1,0,0,0.0,
202400038307,155 714 240,B01,3.0,7.0,0,2,7,1,1.0,
202400038308,155 714 238,A01,2.0,7.0,0,1,1,1,1.0,
202400038309,155 714 233,A01,1.0,7.0,14,0,1,1,1.0,
202400038310,155 714 234,B01,2.0,43.0,0,2,2,1,0.0,
202400038311,155 714 232,A01,1.0,7.0,0,2,1,2,1.0,
202400038312,155 714 229,A01,2.0,30.0,8,0,1,1,1.0,
202400038313,155 714 230,A01,3.0,7.0,0,1,2,15,1.0,
202400038314,155 714 228,A01,1.0,31.0,0,1,1,17,1.0,
202400038315,155 714 223,B01,1.0,33.0,0,2,4,1,1.0,
202400038316,155 714 222,B01,0.0,7.0,0,2,4,2,0.0,
202400038317,155 714 226,A01,1.0,33.0,8,0,1,0,1.0,
202400038318,155 714 219,A01,1.0,14.0,0,2,0,24,0.0,
202400038319,155 714 220,A01,1.0,7.0,2,0,8,1,1.0,
202400038320,155 714 214,A01,1.0,7.0,0,2,0,0,1.0,
202400038321,155 714 213,B01,1.0,7.0,0,2,4,23,1.0,
202400038322,155 714 210,B01,1.0,7.0,0,0,1,1,1.0,
202400038323,155 714 209,A01,3.0,7.0,3,0,1,14,1.0,
202400038324,155 714 206,A01,3.0,33.0,0,2,1,13,1.0,
202400038325,155 714 203,A01,1.0,21.0,6,0,9,0,1.0,
202400038326,155 714 204,A01,2.0,7.0,0,2,3,13,1.0,
202400038327,155 714 200,A01,3.0,36.0,8,0,0,1,1.0,
202400038328,155 714 197,A01,1.0,50.0,0,2,1,1,3.0,
202400038329,155 714 194,A01,1.0,7.0,0,2,1,2,2.0,
202400038330,155 714 193,C01,2.0,7.0,0,2,6,24,1.0,
202400038331,155 714 192,A01,1.0,7.0,13,0,2,0,0.0,
202400038332,155 714 190,A01,3.0,7.0,13,2,0,0,1.0,
202400038333,155 714 189,A01,3.0,33.0,3,0,2,1,1.0,
202400038334,155 714 181,B01,1.0,7.0,2,2,1,1,1.0,
202400038335,155 714 182,A01,1.0,7.0,1,0,2,26,1.0,
202400038336,155 714 183,A01,1.0,7.0,0,2,7,15,1.0,
202400038337,155 714 179,A01,3.0,15.0,1,2,4,22,1.0,
202400038338,155 714 176,A01,3.0,7.0,0,9,1,1,1.0,
202400038339,155 714 173,A01,3.0,7.0,0,2,3,1,1.0,
202400038340,155 714 172,A01,1.0,2.0,13,0,7,14,1.0,
202400038341,155 714 171,A01,1.0,7.0,13,0,3,1,1.0,
202400038342,155 714 168,A01,1.0,7.0,0,2,1,1,1.0,
202400038343,155 714 166,A01,2.0,10.0,0,2,3,9,1.0,
202400038344,155 714 167,A01,2.0,7.0,0,1,1,1,1.0,
202400038345,155 714 164,A01,1.0,2.0,6,0,1,14,1.0,
202400038346,155 714 162,A01,1.0,60.0,0,2,1,5,5.0,
202400038347,155 714 161,A01,2.0,2.0,0,0,7,14,1.0,
202400038348,155 714 160,B01,2.0,31.0,0,2,8,1,1.0,
202400038349,155 714 157,A01,1.0,7.0,0,2,7,17,1.0,
202400038350,155 714 156,B01,2.0,1.0,0,2,6,15,5.0,
202400038351,155 714 154,A01,2.0,43.0,0,2,1,1,1.0,
202400038352,155 714 152,A01,1.0,1.0,0,2,4,1,5.0,
202400038353,155 714 151,A01,3.0,7.0,0,1,4,20,1.0,
202400038354,155 714 150,A01,1.0,50.0,0,0,0,1,3.0,
202400038355,155 714 149,A01,3.0,10.0,0,1,4,26,1.0,
202400038356,155 714 148,A01,1.0,7.0,0,1,2,1,1.0,
202400038357,155 714 145,A01,3.0,2.0,0,2,1,15,1.0,
202400038358,155 714 143,B01,2.0,1.0,0,2,1,0,5.0,
202400038359,155 714 141,A01,1.0,7.0,0,2,3,13,1.0,
202400038360,155 714 139,A01,2.0,7.0,0,1,1,1,1.0,
202400038361,155 714 137,B01,1.0,7.0,0,2,3,2,1.0,
202400038362,155 714 138,A01,3.0,7.0,0,2,1,1,1.0,
202400038363,155 714 135,A01,1.0,3.0,6,0,1,0,1.0,
202400038364,155 714 134,A01,0.0,1.0,0,2,0,0,5.0,
202400038365,155 714 133,B01,3.0,50.0,0,2,0,0,3.0,
202400038366,155 714 130,A01,1.0,7.0,0,2,3,13,1.0,
202400038367,155 714 129,B01,3.0,1.0,0,2,0,0,5.0,
202400038368,155 714 126,B01,1.0,32.0,0,2,1,1,1.0,
202400038369,155 714 124,A01,2.0,1.0,0,1,1,1,5.0,
202400038370,155 714 122,A01,1.0,15.0,13,2,1,19,1.0,
202400038371,155 714 119,A01,2.0,7.0,6,2,1,13,1.0,
202400038372,155 714 117,A01,2.0,7.0,0,2,1,15,1.0,
202400038373,155 714 116,A01,1.0,7.0,0,0,6,15,1.0,
202400038374,155 714 115,A01,3.0,2.0,0,0,0,1,1.0,
202400038375,155 714 113,A01,1.0,32.0,0,0,8,1,1.0,
202400038376,155 714 111,A01,1.0,7.0,0,2,3,9,1.0,
202400038377,155 714 110,B01,2.0,7.0,0,2,3,16,1.0,
202400038378,155 714 108,A01,0.0,15.0,1,1,6,4,1.0,
202400038379,155 714 106,A01,1.0,50.0,0,1,0,1,3.0,
202400038380,155 714 104,A01,1.0,10.0,0,2,3,15,0.0,
202400038381,155 714 105,A01,1.0,33.0,3,0,1,1,1.0,
202400038382,155 714 099,A01,2.0,7.0,0,0,5,14,3.0,
202400038383,155 714 100,A01,3.0,7.0,0,2,2,15,2.0,
202400038384,155 714 101,A01,2.0,7.0,0,1,4,4,1.0,
202400038385,155 714 098,A01,2.0,7.0,6,0,1,13,1.0,
202400038386,155 714 097,A01,1.0,7.0,0,1,4,1,1.0,
202400038387,155 714 096,A01,3.0,7.0,0,1,2,2,1.0,
202400038388,155 714 095,A01,2.0,7.0,0,0,0,2,1.0,
202400038389,155 714 094,A01,2.0,7.0,0,1,1,1,1.0,
202400038390,155 714 093,A01,3.0,34.0,1,0,0,1,1.0,
202400038391,155 714 091,A01,1.0,7.0,0,1,2,1,1.0,
202400038392,155 714 090,A01,1.0,7.0,13,0,1,1,1.0,
202400038393,155 714 087,A01,2.0,7.0,0,2,1,5,1.0,
202400038394,155 714 086,A01,1.0,7.0,0,2,1,1,1.0,
202400038395,155 714 083,B01,1.0,14.0,1,0,1,1,1.0,
202400038396,155 714 080,A01,3.0,7.0,0,2,2,2,1.0,
202400038397,155 714 079,A01,1.0,7.0,0,2,4,1,2.0,
202400038398,155 714 077,A01,1.0,7.0,0,2,1,1,1.0,
202400038399,155 714 074,A01,2.0,14.0,0,1,1,1,1.0,
202400038400,155 714 075,A01,2.0,7.0,0,1,2,1,1.0,
202400038401,155 714 073,A01,3.0,7.0,0,2,1,5,1.0,
202400038402,155 714 072,A01,3.0,7.0,0,1,1,1,1.0,
202400038403,155 714 068,B01,1.0,7.0,0,2,7,0,1.0,
202400038404,155 714 067,A01,2.0,10.0,0,2,2,14,1.0,
202400038405,155 714 065,A01,1.0,7.0,1,0,1,1,1.0,
202400038406,155 714 062,A01,2.0,7.0,0,2,3,1,1.0,
202400038407,155 714 061,A01,3.0,7.0,0,1,2,0,1.0,
202400038408,155 714 058,A01,1.0,7.0,7,0,3,26,1.0,
202400038409,155 714 057,A01,3.0,7.0,0,2,3,13,1.0,
202400038410,155 714 060,A01,1.0,7.0,0,2,3,1,1.0,
202400038411,155 714 053,A01,1.0,7.0,0,2,1,15,3.0,
202400038412,155 714 052,A01,2.0,33.0,3,2,3,1,1.0,
202400038413,155 714 051,A01,1.0,7.0,0,2,5,16,1.0,
202400038414,155 714 049,A01,2.0,34.0,0,2,9,1,1.0,
202400038415,155 714 048,A01,1.0,7.0,2,0,1,26,1.0,
202400038416,155 714 046,A01,2.0,7.0,0,1,2,25,1.0,
202400038417,155 714 044,A01,1.0,7.0,0,2,5,15,1.0,
202400038418,155 714 042,A01,2.0,7.0,0,2,2,1,1.0,
202400038419,155 714 041,B01,2.0,2.0,0,2,1,1,1.0,
202400038420,155 714 040,A01,2.0,7.0,3,0,1,13,1.0,
202400038421,155 714 036,A01,2.0,7.0,0,0,0,14,1.0,
202400038422,155 714 034,A01,2.0,33.0,0,2,1,17,1.0,
202400038423,155 714 038,A01,1.0,7.0,0,1,3,15,1.0,
202400038424,155 714 031,A01,2.0,10.0,0,2,3,7,1.0,
202400038425,155 714 029,A01,1.0,37.0,0,2,3,1,1.0,1
202400038426,155 714 028,B01,3.0,1.0,0,2,1,1,5.0,
202400038427,155 714 026,B01,1.0,32.0,0,0,4,1,1.0,
202400038428,155 714 024,A01,1.0,7.0,0,2,3,0,1.0,
202400038429,155 714 019,A01,0.0,33.0,0,0,8,1,1.0,
202400038430,155 714 016,A01,1.0,7.0,0,2,1,2,3.0,
202400038431,155 714 014,A01,0.0,7.0,0,2,1,1,1.0,
202400038432,155 714 011,A01,1.0,7.0,0,2,3,26,1.0,
202400038433,155 714 012,A01,2.0,1.0,0,2,1,19,5.0,
202400038434,155 714 008,A01,1.0,7.0,0,2,8,19,1.0,
202400038435,155 714 007,A01,1.0,10.0,0,2,4,1,1.0,
202400038436,155 714 003,A01,1.0,7.0,0,2,8,2,0.0,
202400038437,155 714 000,A01,1.0,7.0,15,2,1,16,1.0,
202400038438,155 714 004,A01,3.0,7.0,0,2,7,15,1.0,
202400038439,155 713 997,B01,1.0,14.0,0,2,3,1,1.0,
202400038440,155 713 999,A01,2.0,7.0,4,2,7,14,1.0,
202400038441,155 713 995,A01,1.0,1.0,0,0,0,1,5.0,
202400038442,155 713 992,Z01,1.0,7.0,0,2,7,12,1.0,
202400038443,155 713 989,B01,1.0,7.0,0,2,5,2,2.0,
202400038444,155 713 991,A01,1.0,10.0,0,2,4,2,1.0,
202400038445,155 713 986,A01,1.0,80.0,0,2,8,15,3.0,
202400038446,155 713 985,B01,2.0,33.0,0,2,1,1,1.0,
202400038447,155 713 983,Z01,0.0,7.0,0,1,1,1,0.0,
202400038448,155 713 984,A01,2.0,33.0,14,0,1,2,1.0,
202400038449,155 713 982,A01,2.0,1.0,0,0,0,1,5.0,
202400038450,155 713 978,A01,1.0,7.0,0,2,3,9,1.0,
202400038451,155 713 977,A01,1.0,7.0,0,2,8,13,1.0,
202400038452,155 713 976,B01,1.0,7.0,0,2,2,0,1.0,
202400038453,155 713 974,A01,0.0,32.0,0,2,1,1,1.0,
202400038454,155 713 973,A01,1.0,10.0,0,1,1,15,3.0,
202400038455,155 713 971,B01,1.0,33.0,0,2,4,2,1.0,
202400038456,155 713 968,A01,1.0,10.0,0,2,2,16,1.0,
202400038457,155 713 964,A01,1.0,7.0,1,0,1,1,1.0,
202400038458,155 713 963,A01,2.0,7.0,0,1,1,1,1.0,
202400038459,155 713 965,B01,1.0,7.0,0,2,1,2,1.0,
202400038460,155 713 961,A01,2.0,7.0,0,2,1,2,1.0,
202400038461,155 713 960,A01,2.0,3.0,0,1,1,1,3.0,
202400038462,155 713 956,A01,1.0,33.0,0,2,1,2,1.0,
202400038463,155 713 955,A01,2.0,7.0,0,2,1,2,1.0,
202400038464,155 713 954,A01,0.0,7.0,0,2,3,15,1.0,
202400038465,155 713 951,A01,1.0,10.0,0,2,1,2,0.0,
202400038466,155 713 950,A01,1.0,7.0,0,2,1,1,1.0,
202400038467,155 713 946,A01,1.0,7.0,0,2,4,2,1.0,
202400038468,155 713 945,X01,3.0,7.0,0,1,1,0,1.0,
202400038469,155 713 947,A01,1.0,32.0,0,2,8,11,1.0,
202400038470,155 713 943,A01,1.0,34.0,4,2,2,3,1.0,
202400038471,155 713 941,A01,1.0,7.0,0,2,3,11,1.0,
202400038472,155 713 938,A01,2.0,33.0,0,2,1,1,1.0,
202400038473,155 713 936,A01,3.0,7.0,0,2,1,1,1.0,
202400038474,155 713 933,A01,1.0,7.0,0,2,8,1,1.0,
202400038475,155 713 934,A01,0.0,7.0,0,2,1,15,1.0,
202400038476,155 713 930,A01,1.0,7.0,1,0,1,1,1.0,
202400038477,155 713 929,A01,1.0,7.0,0,2,7,0,1.0,
202400038478,155 713 928,A01,3.0,50.0,0,2,3,19,3.0,
202400038479,155 713 922,C01,2.0,33.0,0,2,1,3,1.0,
202400038480,155 713 923,A01,1.0,1.0,0,0,3,21,5.0,
202400038481,155 713 920,A01,3.0,80.0,0,0,0,0,3.0,
202400038482,155 713 918,A01,1.0,15.0,0,2,1,2,1.0,
202400038483,155 713 917,A01,3.0,1.0,0,0,0,0,5.0,
202400038484,155 713 915,A01,1.0,7.0,0,2,1,1,1.0,
202400038485,155 713 912,A01,2.0,7.0,2,2,3,15,1.0,
202400038486,155 713 914,A01,3.0,10.0,0,2,1,1,0.0,
202400038487,155 713 909,B01,1.0,1.0,0,2,0,0,5.0,
202400038488,155 713 908,B01,2.0,7.0,0,2,2,0,1.0,
202400038489,155 713 904,B01,1.0,15.0,0,2,4,26,1.0,
202400038490,155 713 907,A01,3.0,7.0,0,0,1,1,0.0,
202400038491,155 713 903,A01,3.0,17.0,0,2,6,23,1.0,
202400038492,155 713 902,A01,1.0,1.0,0,0,0,0,5.0,
202400038493,155 713 899,A01,3.0,7.0,0,2,3,15,1.0,
202400038494,155 713 898,A01,2.0,7.0,0,0,0,0,1.0,
202400038495,155 713 900,A01,3.0,0.0,0,1,1,0,,
202400038496,155 713 897,A01,2.0,7.0,6,0,0,0,1.0,
202400038497,155 713 892,B01,1.0,34.0,0,2,1,11,,
202400038498,155 713 890,A01,1.0,7.0,0,2,3,5,1.0,
202400038499,155 713 893,A01,3.0,7.0,0,2,8,0,1.0,
202400038500,155 713 889,A01,1.0,32.0,10,0,1,1,1.0,
202400038501,155 713 888,A01,1.0,17.0,13,0,1,0,1.0,
202400038502,155 713 886,A01,3.0,7.0,0,0,1,26,1.0,
202400038503,155 713 885,A01,3.0,32.0,0,2,1,3,1.0,
202400038504,155 713 884,A01,1.0,7.0,2,0,1,1,1.0,
202400038505,155 713 882,B01,3.0,99.0,0,2,0,0,0.0,
202400038506,155 713 880,B01,1.0,17.0,0,2,1,1,1.0,
202400038507,155 713 875,A01,1.0,7.0,0,2,0,2,1.0,
202400038508,155 713 874,A01,3.0,7.0,13,0,4,15,1.0,
202400038509,155 713 876,A01,1.0,7.0,0,2,8,11,1.0,
202400038510,155 713 872,B01,1.0,1.0,0,2,3,1,0.0,
202400038511,155 713 870,A01,2.0,7.0,0,2,7,12,3.0,
202400038512,155 713 868,A01,1.0,7.0,0,1,2,1,2.0,
202400038513,155 713 867,A01,0.0,7.0,7,0,1,1,1.0,
202400038514,155 713 866,A01,1.0,7.0,0,2,1,2,1.0,
202400038515,155 713 864,A01,2.0,7.0,0,1,1,1,1.0,
202400038516,155 713 862,A01,1.0,33.0,0,0,8,1,1.0,