Num_Acc,id_vehicule,num_veh,senc,catv,obs,obsm,choc,manv,motor,occutc
202400038517,155 713 860,B01,1.0,7.0,0,0,6,2,1.0,
202400038518,155 713 859,A01,1.0,7.0,0,1,1,1,2.0,
202400038519,155 713 858,A01,1.0,7.0,2,0,6,13,1.0,
202400038520,155 713 863,B01,3.0,10.0,0,2,7,1,1.0,
202400038521,155 713 857,A01,1.0,7.0,2,0,1,1,1.0,
202400038522,155 713 856,A01,2.0,1.0,0,1,1,7,5.0,
202400038523,155 713 852,A01,1.0,7.0,0,0,0,13,0.0,
202400038524,155 713 854,A01,2.0,7.0,0,2,2,1,1.0,
202400038525,155 713 851,A01,2.0,32.0,0,1,3,1,1.0,
202400038526,155 713 849,A01,1.0,7.0,0,2,5,17,0.0,
202400038527,155 713 848,A01,2.0,7.0,0,1,3,1,1.0,
202400038528,155 713 846,A01,1.0,7.0,0,2,1,15,1.0,
202400038529,155 713 845,A01,2.0,7.0,2,0,2,16,1.0,
202400038530,155 713 842,A01,1.0,2.0,0,0,0,1,1.0,
202400038531,155 713 843,A01,1.0,10.0,0,2,2,16,1.0,
202400038532,155 713 840,A01,1.0,7.0,0,2,3,15,2.0,
202400038533,155 713 838,B01,2.0,7.0,5,2,3,1,1.0,
202400038534,155 713 837,Z01,2.0,7.0,0,1,7,26,0.0,
202400038535,155 713 835,A01,0.0,50.0,12,0,1,1,3.0,
202400038536,155 713 834,A01,2.0,7.0,8,0,2,2,1.0,
202400038537,155 713 833,A01,1.0,30.0,0,2,8,18,3.0,
202400038538,155 713 831,A01,0.0,33.0,6,0,1,19,1.0,
202400038539,155 713 830,A01,3.0,7.0,0,2,2,13,1.0,
202400038540,155 713 828,A01,2.0,7.0,0,2,2,1,1.0,
202400038541,155 713 826,A01,2.0,7.0,0,1,2,1,1.0,
202400038542,155 713 823,B01,2.0,80.0,0,2,1,1,3.0,
202400038543,155 713 822,A01,3.0,7.0,0,2,8,1,1.0,
202400038544,155 713 821,A01,2.0,10.0,0,2,1,5,1.0,
202400038545,155 713 817,B01,2.0,13.0,0,2,3,1,1.0,
202400038546,155 713 815,A01,3.0,7.0,0,2,3,1,1.0,
202400038547,155 713 818,Z01,1.0,10.0,0,1,1,15,0.0,
202400038548,155 713 813,A01,3.0,2.0,0,2,1,19,1.0,
202400038549,155 713 812,A01,0.0,10.0,0,9,0,26,0.0,
202400038550,155 713 811,A01,1.0,33.0,0,0,1,1,1.0,
202400038551,155 713 808,A01,1.0,13.0,0,1,2,1,1.0,
202400038552,155 713 807,A01,1.0,31.0,0,0,0,1,1.0,
202400038553,155 713 809,B01,1.0,10.0,0,2,5,16,1.0,
202400038554,155 713 805,A01,2.0,2.0,6,0,2,14,1.0,
202400038555,155 713 802,A01,1.0,10.0,14,0,6,1,1.0,
202400038556,155 713 803,A01,2.0,1.0,0,2,3,1,5.0,
202400038557,155 713 800,B01,1.0,15.0,0,9,1,0,1.0,
202400038558,155 713 799,A01,1.0,7.0,0,1,1,1,1.0,
202400038559,155 713 796,A01,0.0,2.0,0,2,1,26,1.0,
202400038560,155 713 795,A01,0.0,1.0,0,2,1,1,5.0,
202400038561,155 713 793,B01,3.0,7.0,0,2,6,1,1.0,
202400038562,155 713 792,A01,3.0,10.0,0,1,8,1,1.0,
202400038563,155 713 790,A01,1.0,7.0,0,1,1,9,1.0,
202400038564,155 713 788,A01,3.0,14.0,0,4,7,2,1.0,
202400038565,155 713 787,A01,3.0,7.0,0,2,5,16,2.0,
202400038566,155 713 785,A01,2.0,50.0,1,0,1,1,3.0,
202400038567,155 713 782,C01,1.0,7.0,0,2,3,1,1.0,
202400038568,155 713 780,A01,0.0,10.0,0,0,2,1,0.0,
202400038569,155 713 779,A01,1.0,7.0,0,1,1,1,1.0,
202400038570,155 713 786,A01,1.0,7.0,0,1,1,1,1.0,
202400038571,155 713 776,A01,1.0,7.0,8,0,1,19,1.0,
202400038572,155 713 775,B01,2.0,10.0,0,2,1,0,1.0,
202400038573,155 713 773,A01,1.0,10.0,0,1,2,14,1.0,
202400038574,155 713 771,A01,0.0,7.0,0,2,1,1,2.0,
202400038575,155 713 770,B01,2.0,7.0,0,2,3,15,1.0,
202400038576,155 713 769,A01,1.0,7.0,0,1,2,1,1.0,
202400038577,155 713 767,A01,1.0,7.0,0,2,1,2,1.0,
202400038578,155 713 766,B01,1.0,31.0,0,1,2,17,1.0,
202400038579,155 713 765,A01,3.0,7.0,1,0,1,20,1.0,
202400038580,155 713 761,A01,1.0,7.0,0,2,8,10,0.0,
202400038581,155 713 759,A01,1.0,7.0,0,1,1,26,1.0,
202400038582,155 713 755,B01,3.0,50.0,0,2,3,0,3.0,
202400038583,155 713 756,A01,1.0,7.0,0,1,0,2,1.0,
202400038584,155 713 754,B01,3.0,34.0,0,2,1,1,1.0,
202400038585,155 713 750,B01,1.0,1.0,0,2,7,1,5.0,
202400038586,155 713 751,A01,1.0,38.0,0,1,2,1,1.0,1
202400038587,155 713 749,A01,1.0,37.0,0,2,2,2,0.0,2
202400038588,155 713 745,A01,3.0,50.0,0,2,2,7,3.0,
202400038589,155 713 744,B01,3.0,33.0,0,2,1,17,0.0,
202400038590,155 713 743,A01,3.0,7.0,0,2,1,15,1.0,
202400038591,155 713 738,C01,1.0,14.0,0,2,0,0,1.0,
202400038592,155 713 735,C01,3.0,7.0,0,2,4,0,0.0,
202400038593,155 713 734,B01,1.0,7.0,0,2,6,23,1.0,
202400038594,155 713 732,A01,3.0,7.0,0,2,1,13,1.0,
202400038595,155 713 731,A01,2.0,3.0,1,0,8,13,1.0,
202400038596,155 713 728,A01,1.0,33.0,0,2,7,12,1.0,
202400038597,155 713 729,A01,1.0,1.0,0,2,0,1,5.0,
202400038598,155 713 727,A01,1.0,7.0,0,1,1,1,3.0,
202400038599,155 713 726,A01,1.0,40.0,0,1,1,1,3.0,
202400038600,155 713 725,A01,1.0,7.0,14,1,1,19,1.0,
202400038601,155 713 723,B01,2.0,7.0,0,2,6,1,2.0,
202400038602,155 713 722,A01,3.0,60.0,12,0,1,1,5.0,
202400038603,155 713 721,A01,1.0,7.0,13,0,3,1,1.0,
202400038604,155 713 720,B01,0.0,1.0,0,4,1,1,5.0,
202400038605,155 713 717,A01,2.0,7.0,0,2,1,2,1.0,
202400038606,155 713 714,A01,3.0,50.0,0,0,0,1,3.0,
202400038607,155 713 715,B01,2.0,33.0,0,2,1,1,1.0,
202400038608,155 713 719,Z01,1.0,10.0,1,1,1,1,3.0,
202400038609,155 713 711,B01,3.0,33.0,0,2,2,1,1.0,
202400038610,155 713 710,B01,1.0,15.0,1,2,4,-1,0.0,
202400038611,155 713 707,A01,2.0,7.0,1,2,8,15,1.0,
202400038612,155 713 709,A01,2.0,10.0,0,1,3,15,1.0,
202400038613,155 713 706,A01,1.0,7.0,0,1,3,1,1.0,
202400038614,155 713 701,A01,2.0,7.0,0,2,1,1,1.0,
202400038615,155 713 700,B01,2.0,7.0,0,2,4,1,1.0,
202400038616,155 713 698,B01,1.0,7.0,0,0,0,9,1.0,
202400038617,155 713 693,A01,2.0,7.0,13,2,7,5,1.0,
202400038618,155 713 694,A01,3.0,10.0,0,2,1,1,1.0,
202400038619,155 713 692,A01,1.0,33.0,11,0,1,1,1.0,
202400038620,155 713 690,A01,1.0,7.0,0,2,2,15,1.0,
202400038621,155 713 687,B01,2.0,30.0,0,2,1,17,3.0,
202400038622,155 713 684,B01,2.0,7.0,0,2,2,0,1.0,
202400038623,155 713 682,B01,1.0,37.0,0,2,3,12,1.0,1
202400038624,155 713 686,A01,0.0,17.0,13,0,1,1,1.0,
202400038625,155 713 681,A01,1.0,7.0,0,1,1,15,2.0,
202400038626,155 713 679,A01,1.0,31.0,0,2,9,13,1.0,
202400038627,155 713 677,M01,1.0,33.0,0,2,2,1,1.0,
202400038628,155 713 675,A01,1.0,7.0,0,1,3,1,1.0,
202400038629,155 713 674,A01,1.0,7.0,0,2,1,13,2.0,
202400038630,155 713 671,A01,1.0,33.0,0,2,1,1,0.0,
202400038631,155 713 668,A01,3.0,10.0,1,2,2,20,3.0,
202400038632,155 713 666,A01,3.0,37.0,0,9,3,1,1.0,1
202400038633,155 713 670,A01,2.0,7.0,0,2,2,2,1.0,
202400038634,155 713 664,A01,0.0,7.0,1,0,3,1,1.0,
202400038635,155 713 661,B01,1.0,7.0,0,2,2,12,1.0,
202400038636,155 713 659,A01,1.0,30.0,0,1,7,16,1.0,
202400038637,155 713 658,A01,2.0,32.0,0,1,1,1,1.0,
202400038638,155 713 660,B01,0.0,2.0,0,2,1,0,1.0,
202400038639,155 713 657,A01,2.0,7.0,0,1,1,15,2.0,
202400038640,155 713 654,B01,2.0,7.0,0,2,3,1,1.0,
202400038641,155 713 653,A01,1.0,7.0,0,2,0,19,2.0,
202400038642,155 713 649,B01,0.0,1.0,0,0,2,0,5.0,
202400038643,155 713 650,A01,2.0,7.0,0,2,2,17,1.0,
202400038644,155 713 648,A01,1.0,7.0,0,1,2,16,2.0,
202400038645,155 713 645,A01,2.0,7.0,0,1,2,1,1.0,
202400038646,155 713 643,B01,1.0,2.0,0,2,3,1,1.0,
202400038647,155 713 640,B01,2.0,7.0,0,2,3,1,1.0,
202400038648,155 713 639,B01,1.0,7.0,0,2,8,16,1.0,
202400038649,155 713 638,A01,2.0,7.0,3,0,2,14,1.0,
202400038650,155 713 637,A01,2.0,7.0,0,1,1,1,0.0,
202400038651,155 713 634,B01,1.0,33.0,0,2,5,26,1.0,
202400038652,155 713 633,B01,2.0,2.0,0,2,1,3,1.0,
202400038653,155 713 632,A01,0.0,7.0,0,1,2,1,1.0,
202400038654,155 713 631,A01,1.0,10.0,2,0,1,13,1.0,
202400038655,155 713 629,A01,3.0,7.0,0,2,3,5,1.0,
202400038656,155 713 628,A01,0.0,7.0,2,0,1,1,1.0,
202400038657,155 713 625,A01,1.0,2.0,0,2,1,0,1.0,
202400038658,155 713 627,A01,3.0,10.0,0,1,3,26,1.0,
202400038659,155 713 623,B01,3.0,2.0,0,2,1,1,0.0,
202400038660,155 713 621,B01,1.0,31.0,0,2,2,13,1.0,
202400038661,155 713 620,A01,1.0,10.0,2,0,9,0,1.0,
202400038662,155 713 619,A01,1.0,10.0,0,1,1,1,1.0,
202400038663,155 713 617,B01,2.0,7.0,0,2,2,17,1.0,
202400038664,155 713 615,B01,2.0,7.0,0,2,1,1,1.0,
202400038665,155 713 614,A01,1.0,34.0,0,0,0,21,1.0,
202400038666,155 713 613,A01,1.0,7.0,0,1,2,24,1.0,
202400038667,155 713 612,A01,2.0,7.0,0,1,2,17,1.0,
202400038668,155 713 611,A01,2.0,7.0,1,0,3,13,1.0,
202400038669,155 713 609,A01,2.0,10.0,6,0,1,1,1.0,
202400038670,155 713 607,A01,2.0,7.0,0,2,1,2,1.0,
202400038671,155 713 606,A01,1.0,7.0,0,1,3,1,1.0,
202400038672,155 713 603,B01,1.0,33.0,0,2,1,1,1.0,
202400038673,155 713 602,A01,2.0,7.0,0,0,1,1,1.0,
202400038674,155 713 599,A01,1.0,7.0,0,2,3,13,1.0,
202400038675,155 713 598,B01,1.0,14.0,0,0,0,26,1.0,
202400038676,155 713 597,A01,0.0,7.0,0,0,0,23,1.0,
202400038677,155 713 595,B01,2.0,7.0,0,2,7,5,1.0,
202400038678,155 713 593,B01,2.0,7.0,0,2,3,1,2.0,
202400038679,155 713 590,A01,1.0,7.0,6,0,0,0,1.0,
202400038680,155 713 589,A01,1.0,7.0,0,2,2,16,1.0,
202400038681,155 713 586,A01,2.0,7.0,0,2,6,15,1.0,
202400038682,155 713 584,B01,2.0,7.0,0,2,1,1,1.0,
202400038683,155 713 582,A01,1.0,33.0,0,2,1,17,1.0,
202400038684,155 713 581,A01,1.0,2.0,0,0,0,1,3.0,
202400038685,155 713 577,B01,3.0,1.0,0,0,7,26,5.0,
202400038686,155 713 574,B01,1.0,34.0,0,2,1,1,1.0,
202400038687,155 713 575,A01,3.0,7.0,0,1,2,1,1.0,
202400038688,155 713 571,B01,2.0,33.0,0,2,1,13,1.0,
202400038689,155 713 570,A01,1.0,7.0,8,2,1,1,1.0,
202400038690,155 713 566,A01,2.0,33.0,0,2,7,1,1.0,
202400038691,155 713 565,A01,1.0,15.0,0,2,2,11,1.0,
202400038692,155 713 563,A01,1.0,33.0,12,9,1,1,1.0,
202400038693,155 713 562,A01,1.0,7.0,0,2,1,21,1.0,
202400038694,155 713 558,A01,3.0,7.0,0,0,4,17,1.0,
202400038695,155 713 559,B01,1.0,7.0,0,2,1,1,1.0,
202400038696,155 713 554,A01,1.0,7.0,0,2,1,1,1.0,
202400038697,155 713 552,A01,1.0,7.0,8,0,1,1,1.0,
202400038698,155 713 547,A01,1.0,7.0,0,2,7,19,1.0,
202400038699,155 713 548,B01,1.0,15.0,0,2,8,15,1.0,
202400038700,155 713 546,A01,1.0,7.0,0,1,1,19,1.0,
202400038701,155 713 544,A01,1.0,7.0,0,2,3,13,1.0,
202400038702,155 713 542,B01,1.0,7.0,0,0,8,16,3.0,
202400038703,155 713 540,A01,1.0,33.0,4,0,8,26,1.0,
202400038704,155 713 539,B01,1.0,7.0,0,2,0,1,1.0,
202400038705,155 713 537,A01,2.0,7.0,0,2,0,3,1.0,
202400038706,155 713 535,A01,2.0,15.0,0,0,0,1,1.0,
202400038707,155 713 534,A01,1.0,31.0,0,0,4,9,1.0,
202400038708,155 713 531,A01,2.0,33.0,0,2,1,2,1.0,
202400038709,155 713 530,B01,1.0,7.0,0,2,1,1,1.0,
202400038710,155 713 526,B01,2.0,10.0,0,2,4,2,1.0,
202400038711,155 713 525,B01,2.0,7.0,4,2,5,17,1.0,
202400038712,155 713 523,A01,2.0,7.0,0,2,3,0,1.0,
202400038713,155 713 521,B01,1.0,7.0,0,2,4,2,1.0,
202400038714,155 713 519,A01,2.0,7.0,0,2,4,1,2.0,
202400038715,155 713 517,A01,1.0,7.0,0,2,1,2,1.0,
202400038716,155 713 516,A01,1.0,7.0,3,0,3,2,1.0,
202400038717,155 713 515,A01,1.0,33.0,16,0,0,1,1.0,
202400038718,155 713 513,B01,2.0,7.0,0,2,6,1,1.0,
202400038719,155 713 512,A01,2.0,7.0,0,2,1,13,1.0,
202400038720,155 713 511,A01,2.0,31.0,0,2,0,1,1.0,
202400038721,155 713 509,A01,1.0,7.0,0,0,0,1,1.0,
202400038722,155 713 508,A01,1.0,33.0,0,0,2,13,1.0,
202400038723,155 713 506,B01,2.0,40.0,0,2,1,1,3.0,
202400038724,155 713 510,A01,1.0,7.0,3,0,1,1,1.0,
202400038725,155 713 505,A01,1.0,30.0,0,0,0,0,1.0,
202400038726,155 713 502,A01,2.0,50.0,0,0,0,0,3.0,
202400038727,155 713 503,B01,1.0,7.0,0,2,4,2,2.0,
202400038728,155 713 499,A01,2.0,7.0,0,2,0,1,1.0,
202400038729,155 713 497,B01,1.0,7.0,0,2,4,2,1.0,
202400038730,155 713 496,A01,1.0,50.0,0,1,0,25,3.0,
202400038731,155 713 493,A01,3.0,7.0,0,2,3,15,1.0,
202400038732,155 713 492,A01,1.0,7.0,0,2,1,2,1.0,
202400038733,155 713 490,B01,1.0,10.0,0,2,1,1,1.0,
202400038734,155 713 489,B01,1.0,7.0,3,0,4,2,2.0,
202400038735,155 713 487,A01,3.0,33.0,0,2,0,1,1.0,
202400038736,155 713 485,A01,2.0,7.0,0,2,1,2,1.0,
202400038737,155 713 483,A01,3.0,7.0,0,0,3,2,0.0,
202400038738,155 713 481,A01,1.0,7.0,0,2,5,12,1.0,
202400038739,155 713 479,A01,3.0,7.0,8,0,3,13,1.0,
202400038740,155 713 476,A01,1.0,7.0,0,2,1,26,1.0,
202400038741,155 713 477,A01,1.0,7.0,0,1,3,15,1.0,
202400038742,155 713 475,A01,1.0,7.0,0,0,0,1,,
202400038743,155 713 472,A01,3.0,7.0,16,0,1,0,1.0,
202400038744,155 713 471,B01,1.0,7.0,3,2,4,1,1.0,
202400038745,155 713 468,B01,2.0,50.0,0,2,1,13,3.0,
202400038746,155 713 467,A01,2.0,7.0,1,0,1,1,1.0,
202400038747,155 713 464,B01,1.0,7.0,0,2,8,15,1.0,
202400038748,155 713 463,A01,1.0,7.0,3,2,1,1,1.0,
202400038749,155 713 460,B01,1.0,50.0,0,2,8,9,3.0,
202400038750,155 713 459,B01,1.0,7.0,0,2,2,26,2.0,
202400038751,155 713 457,A01,1.0,7.0,0,1,0,0,2.0,
202400038752,155 713 456,A01,2.0,7.0,0,2,2,15,1.0,
202400038753,155 713 454,B01,1.0,1.0,0,2,8,1,5.0,
202400038754,155 713 452,A01,1.0,30.0,0,2,1,1,1.0,
202400038755,155 713 451,Z01,1.0,7.0,1,1,4,20,1.0,
202400038756,155 713 449,A01,2.0,30.0,0,2,1,15,1.0,
202400038757,155 713 448,A01,2.0,7.0,4,0,1,1,1.0,
202400038758,155 713 445,A01,1.0,7.0,0,2,3,1,1.0,
202400038759,155 713 444,B01,3.0,50.0,0,2,2,1,3.0,
202400038760,155 713 441,A01,2.0,7.0,8,0,7,0,0.0,
202400038761,155 713 442,A01,2.0,7.0,0,2,8,15,1.0,
202400038762,155 713 439,A01,2.0,33.0,0,2,0,9,1.0,
202400038763,155 713 438,A01,2.0,7.0,6,0,1,26,1.0,
202400038764,155 713 437,A01,1.0,7.0,0,1,1,2,1.0,
202400038765,155 713 435,A01,1.0,32.0,0,2,1,1,1.0,
202400038766,155 713 434,A01,1.0,10.0,0,1,1,0,1.0,
202400038767,155 713 431,Z01,3.0,30.0,0,1,1,5,0.0,
202400038768,155 713 432,A01,2.0,33.0,0,2,1,1,1.0,
202400038769,155 713 429,A01,3.0,10.0,0,1,3,15,1.0,
202400038770,155 713 430,A01,3.0,7.0,1,0,2,26,1.0,
202400038771,155 713 426,B01,2.0,7.0,0,2,3,20,1.0,
202400038772,155 713 427,A01,1.0,7.0,0,1,1,26,1.0,
202400038773,155 713 425,A01,1.0,7.0,0,1,2,1,1.0,
202400038774,155 713 424,A01,1.0,10.0,0,1,2,1,0.0,
202400038775,155 713 421,B01,2.0,7.0,0,2,4,23,1.0,
202400038776,155 713 420,A01,1.0,33.0,0,2,7,17,1.0,
202400038777,155 713 417,B01,2.0,7.0,0,2,2,2,1.0,
202400038778,155 713 416,B01,2.0,33.0,0,2,3,0,1.0,
202400038779,155 713 415,A01,2.0,33.0,7,0,1,9,1.0,
202400038780,155 713 414,A01,0.0,33.0,0,1,1,26,1.0,
202400038781,155 713 407,C01,1.0,7.0,0,2,1,1,1.0,
202400038782,155 713 406,A01,1.0,7.0,0,0,0,1,1.0,
202400038783,155 713 402,A01,1.0,33.0,0,2,1,17,1.0,
202400038784,155 713 401,A01,1.0,15.0,0,2,1,2,1.0,
202400038785,155 713 400,A01,1.0,33.0,12,0,1,14,1.0,
202400038786,155 713 397,B01,1.0,7.0,0,2,4,19,1.0,
202400038787,155 713 394,A01,3.0,7.0,0,1,2,1,1.0,
202400038788,155 713 392,A01,2.0,7.0,0,2,1,17,1.0,
202400038789,155 713 391,Z01,1.0,7.0,0,1,1,1,1.0,
202400038790,155 713 390,A01,1.0,32.0,1,0,1,5,1.0,
202400038791,155 713 387,B01,2.0,7.0,0,2,4,1,1.0,
202400038792,155 713 386,A01,3.0,7.0,0,1,8,1,1.0,
202400038793,155 713 385,A01,0.0,7.0,0,1,2,21,1.0,
202400038794,155 713 383,A01,1.0,7.0,0,2,3,15,2.0,
202400038795,155 713 382,A01,1.0,7.0,0,1,3,15,1.0,
202400038796,155 713 380,A01,3.0,7.0,15,0,3,1,1.0,
202400038797,155 713 379,A01,2.0,7.0,0,2,3,21,1.0,
202400038798,155 713 378,A01,0.0,7.0,1,0,2,1,1.0,
202400038799,155 713 376,A01,0.0,7.0,0,2,1,16,1.0,
202400038800,155 713 374,B01,2.0,31.0,0,2,1,1,1.0,
202400038801,155 713 373,A01,3.0,7.0,0,1,2,15,1.0,
202400038802,155 713 370,B01,1.0,2.0,0,2,8,1,1.0,
202400038803,155 713 369,A01,2.0,10.0,0,2,1,26,1.0,
202400038804,155 713 368,A01,3.0,10.0,0,1,3,20,1.0,
202400038805,155 713 366,A01,2.0,7.0,0,2,1,0,1.0,
202400038806,155 713 365,A01,1.0,7.0,1,0,1,14,1.0,
202400038807,155 713 364,A01,1.0,10.0,9,0,1,15,1.0,
202400038808,155 713 361,B01,3.0,15.0,0,2,3,0,1.0,
202400038809,155 713 360,A01,2.0,7.0,0,2,8,19,1.0,
202400038810,155 713 358,A01,1.0,7.0,0,2,1,1,1.0,
202400038811,155 713 356,A01,1.0,30.0,0,0,7,1,1.0,
202400038812,155 713 355,A01,2.0,7.0,3,2,1,2,1.0,
202400038813,155 713 352,A01,1.0,7.0,0,2,3,15,1.0,
202400038814,155 713 350,A01,1.0,7.0,0,2,0,0,1.0,
202400038815,155 713 346,A01,2.0,7.0,9,2,1,2,1.0,
202400038816,155 713 345,B01,3.0,1.0,0,2,3,1,5.0,
202400038817,155 713 344,A01,3.0,30.0,0,0,8,1,1.0,
202400038818,155 713 343,A01,3.0,7.0,0,1,1,2,1.0,
202400038819,155 713 342,A01,3.0,33.0,15,0,1,14,1.0,
202400038820,155 713 341,A01,2.0,7.0,0,1,1,15,1.0,
202400038821,155 713 339,A01,1.0,7.0,0,1,1,1,1.0,
202400038822,155 713 338,B01,1.0,10.0,0,1,4,1,1.0,
202400038823,155 713 336,B01,1.0,7.0,0,2,4,23,1.0,
202400038824,155 713 335,A01,3.0,7.0,0,1,1,11,1.0,
202400038825,155 713 333,A01,2.0,7.0,0,1,1,15,1.0,
202400038826,155 713 332,B01,1.0,7.0,0,2,2,20,1.0,
202400038827,155 713 331,A01,1.0,7.0,2,0,1,14,1.0,
202400038828,155 713 329,A01,1.0,33.0,13,0,1,13,1.0,
202400038829,155 713 327,B01,2.0,2.0,0,2,2,1,1.0,
202400038830,155 713 326,A01,1.0,7.0,0,1,1,1,1.0,
202400038831,155 713 324,A01,1.0,3.0,0,2,1,2,1.0,
202400038832,155 713 321,A01,3.0,7.0,0,2,1,1,1.0,
202400038833,155 713 322,A01,1.0,10.0,0,1,8,17,1.0,
202400038834,155 713 320,A01,1.0,7.0,0,1,1,16,1.0,
202400038835,155 713 318,B01,3.0,7.0,0,2,2,20,1.0,
202400038836,155 713 317,A01,3.0,7.0,0,1,1,1,1.0,
202400038837,155 713 316,A01,1.0,7.0,0,1,2,1,1.0,
202400038838,155 713 314,B01,2.0,1.0,0,2,1,1,5.0,
202400038839,155 713 312,A01,1.0,7.0,0,2,3,15,1.0,
202400038840,155 713 310,A01,3.0,7.0,0,2,1,1,1.0,
202400038841,155 713 309,A01,1.0,7.0,0,1,2,1,1.0,
202400038842,155 713 308,A01,3.0,7.0,0,1,1,15,1.0,
202400038843,155 713 306,A01,2.0,7.0,0,2,1,1,2.0,
202400038844,155 713 304,B01,2.0,33.0,0,2,1,1,1.0,
202400038845,155 713 302,B01,1.0,7.0,0,2,8,0,1.0,
202400038846,155 713 299,C01,2.0,7.0,9,2,0,1,1.0,
202400038847,155 713 298,A01,1.0,10.0,0,1,2,1,1.0,
202400038848,155 713 294,A01,3.0,10.0,0,2,1,13,1.0,
202400038849,155 713 292,B01,2.0,2.0,0,2,4,1,1.0,
202400038850,155 713 290,A01,3.0,7.0,0,2,3,2,1.0,
202400038851,155 713 289,A01,1.0,1.0,0,0,0,1,5.0,
202400038852,155 713 287,A01,2.0,30.0,0,2,8,11,0.0,
202400038853,155 713 285,A01,1.0,32.0,0,2,7,3,1.0,
202400038854,155 713 283,B01,1.0,7.0,0,2,8,11,1.0,
202400038855,155 713 282,A01,2.0,7.0,3,0,2,0,1.0,
202400038856,155 713 280,A01,1.0,33.0,0,2,1,2,1.0,
202400038857,155 713 279,Z01,2.0,33.0,0,1,3,1,1.0,
202400038858,155 713 277,B01,2.0,2.0,0,2,1,1,1.0,
202400038859,155 713 276,A01,1.0,1.0,0,1,1,21,5.0,
202400038860,155 713 274,B01,2.0,50.0,0,2,1,1,3.0,
202400038861,155 713 273,A01,1.0,37.0,0,1,7,1,3.0,1
202400038862,155 713 271,B01,3.0,10.0,0,2,2,2,1.0,
202400038863,155 713 270,A01,1.0,10.0,0,1,4,4,3.0,
202400038864,155 713 268,A01,3.0,60.0,0,2,3,19,5.0,
202400038865,155 713 266,A01,1.0,31.0,0,2,7,1,1.0,
202400038866,155 713 264,A01,2.0,1.0,1,0,3,21,5.0,
202400038867,155 713 262,B01,1.0,31.0,0,2,3,1,1.0,
202400038868,155 713 261,A01,3.0,7.0,1,1,1,9,1.0,
202400038869,155 713 260,A01,2.0,7.0,0,1,6,26,3.0,
202400038870,155 713 258,A01,1.0,7.0,0,2,8,21,1.0,
202400038871,155 713 257,A01,1.0,33.0,14,0,3,1,1.0,
202400038872,155 713 256,A01,1.0,1.0,0,1,1,1,5.0,
202400038873,155 713 254,B01,1.0,1.0,0,2,8,2,5.0,
202400038874,155 713 252,A01,2.0,2.0,0,2,2,1,3.0,
202400038875,155 713 250,A01,1.0,1.0,0,2,7,13,5.0,
202400038876,155 713 248,A01,1.0,1.0,16,0,4,19,5.0,
202400038877,155 713 247,A01,3.0,7.0,0,1,1,1,2.0,
202400038878,155 713 245,A01,3.0,80.0,12,0,2,16,3.0,
202400038879,155 713 243,A01,0.0,10.0,0,2,1,2,1.0,
202400038880,155 713 242,A01,3.0,7.0,0,1,1,2,1.0,
202400038881,155 713 240,A01,3.0,7.0,0,2,3,15,1.0,
202400038882,155 713 239,A01,2.0,30.0,0,1,1,19,0.0,
202400038883,155 713 237,B01,3.0,7.0,0,2,0,0,1.0,
202400038884,155 713 236,A01,3.0,7.0,0,1,3,15,1.0,
202400038885,155 713 234,B01,3.0,50.0,0,2,8,26,3.0,
202400038886,155 713 233,A01,1.0,7.0,0,1,3,1,1.0,
202400038887,155 713 232,A01,1.0,7.0,0,1,3,1,1.0,
202400038888,155 713 230,B01,3.0,33.0,0,2,1,0,1.0,
202400038889,155 713 229,A01,3.0,7.0,0,1,4,20,1.0,
202400038890,155 713 227,B01,1.0,7.0,0,2,7,16,0.0,
202400038891,155 713 225,B01,2.0,40.0,0,2,1,1,3.0,
202400038892,155 713 223,B01,2.0,2.0,0,2,3,1,3.0,
202400038893,155 713 221,A01,3.0,7.0,0,2,4,23,1.0,
202400038894,155 713 219,B01,3.0,10.0,0,0,3,1,1.0,
202400038895,155 713 217,B01,1.0,7.0,0,2,3,9,1.0,
202400038896,155 713 215,A01,1.0,7.0,0,2,1,1,1.0,
202400038897,155 713 214,A01,0.0,7.0,0,0,1,2,0.0,
202400038898,155 713 212,B01,2.0,7.0,0,9,4,2,0.0,
202400038899,155 713 210,B01,1.0,37.0,0,2,4,2,1.0,1
202400038900,155 713 209,A01,1.0,7.0,13,0,1,14,1.0,
202400038901,155 713 207,A01,2.0,33.0,0,2,1,1,1.0,
202400038902,155 713 205,A01,3.0,7.0,0,2,1,9,1.0,
202400038903,155 713 203,A01,1.0,7.0,0,2,1,14,1.0,
202400038904,155 713 202,A01,2.0,7.0,0,1,2,2,0.0,
202400038905,155 713 200,B01,2.0,10.0,0,2,3,2,1.0,
202400038906,155 713 199,A01,2.0,15.0,6,0,1,1,1.0,
202400038907,155 713 198,A01,2.0,2.0,15,0,2,1,1.0,
202400038908,155 713 197,A01,2.0,7.0,0,1,2,21,1.0,
202400038909,155 713 194,B01,2.0,7.0,0,2,1,1,1.0,
202400038910,155 713 193,A01,1.0,7.0,2,0,1,1,1.0,
202400038911,155 713 191,A01,1.0,7.0,0,2,3,13,2.0,
202400038912,155 713 190,A01,1.0,7.0,3,0,2,1,1.0,
202400038913,155 713 189,A01,3.0,7.0,5,0,6,20,1.0,