Num_Acc,id_vehicule,num_veh,senc,catv,obs,obsm,choc,manv,motor,occutc
202400038914,155 713 188,A01,2.0,7.0,6,0,1,1,1.0,
202400038915,155 713 186,A01,2.0,7.0,0,2,4,15,1.0,
202400038916,155 713 185,A01,2.0,7.0,16,0,1,1,1.0,
202400038917,155 713 184,A01,0.0,36.0,13,0,0,0,1.0,
202400038918,155 713 183,A01,1.0,3.0,6,0,1,1,1.0,
202400038919,155 713 182,A01,1.0,15.0,13,0,1,1,1.0,
202400038920,155 713 180,A01,2.0,7.0,0,2,2,15,1.0,
202400038921,155 713 177,A01,1.0,7.0,0,2,1,1,1.0,
202400038922,155 713 175,B01,0.0,2.0,0,2,1,17,1.0,
202400038923,155 713 173,A01,2.0,10.0,0,2,1,2,1.0,
202400038924,155 713 171,B01,2.0,2.0,0,2,1,0,1.0,
202400038925,155 713 169,A01,2.0,7.0,0,2,1,6,1.0,
202400038926,155 713 167,B01,1.0,14.0,0,2,3,1,1.0,
202400038927,155 713 164,A01,2.0,7.0,0,2,1,1,1.0,
202400038928,155 713 161,B01,2.0,7.0,0,2,8,9,1.0,
202400038929,155 713 159,B01,3.0,2.0,0,2,8,1,1.0,
202400038930,155 713 158,A01,1.0,7.0,2,0,3,19,1.0,
202400038931,155 713 156,A01,1.0,7.0,0,2,3,1,1.0,
202400038932,155 713 155,A01,1.0,7.0,13,0,2,13,1.0,
202400038933,155 713 153,A01,2.0,7.0,0,2,1,5,1.0,
202400038934,155 713 152,A01,2.0,10.0,0,1,2,1,1.0,
202400038935,155 713 150,A01,1.0,7.0,0,2,2,5,2.0,
202400038936,155 713 148,A01,2.0,2.0,0,2,8,15,1.0,
202400038937,155 713 147,A01,2.0,7.0,16,0,9,14,1.0,
202400038938,155 713 146,A01,0.0,7.0,13,0,0,0,1.0,
202400038939,155 713 145,A01,1.0,7.0,13,0,0,0,1.0,
202400038940,155 713 144,A01,2.0,7.0,12,0,1,6,1.0,
202400038941,155 713 143,A01,1.0,7.0,12,0,2,1,1.0,
202400038942,155 713 141,A01,1.0,7.0,0,2,8,23,1.0,
202400038943,155 713 140,A01,1.0,7.0,12,0,1,1,1.0,
202400038944,155 713 137,A01,1.0,7.0,0,2,1,1,1.0,
202400038945,155 713 136,A01,2.0,7.0,4,0,3,13,1.0,
202400038946,155 713 134,A01,2.0,7.0,0,2,1,14,1.0,
202400038947,155 713 132,B01,2.0,33.0,0,2,4,1,1.0,
202400038948,155 713 131,A01,1.0,7.0,3,0,2,0,0.0,
202400038949,155 713 129,B01,1.0,10.0,0,2,6,1,1.0,
202400038950,155 713 127,A01,3.0,30.0,0,2,3,15,1.0,
202400038951,155 713 125,A01,1.0,30.0,15,2,3,17,1.0,
202400038952,155 713 124,A01,2.0,7.0,3,0,3,1,1.0,
202400038953,155 713 120,C01,1.0,7.0,9,2,1,1,1.0,
202400038954,155 713 119,A01,2.0,35.0,0,0,8,13,1.0,
202400038955,155 713 117,A01,1.0,7.0,0,2,2,12,1.0,
202400038956,155 713 114,B01,3.0,7.0,0,2,7,1,1.0,
202400038957,155 713 112,B01,1.0,7.0,6,0,2,1,1.0,
202400038958,155 713 111,A01,1.0,32.0,0,0,1,0,1.0,
202400038959,155 713 110,A01,3.0,7.0,0,0,7,0,1.0,
202400038960,155 713 109,A01,2.0,3.0,9,0,1,15,1.0,
202400038961,155 713 108,A01,1.0,7.0,0,1,2,1,1.0,
202400038962,155 713 106,B01,1.0,7.0,0,0,3,13,1.0,
202400038963,155 713 104,A01,3.0,14.0,0,9,4,4,0.0,
202400038964,155 713 102,A01,1.0,7.0,0,9,1,15,1.0,
202400038965,155 713 100,A01,2.0,30.0,11,0,0,6,1.0,
202400038966,155 713 099,A01,1.0,7.0,0,1,1,9,1.0,
202400038967,155 713 098,A01,1.0,10.0,1,0,2,2,1.0,
202400038968,155 713 096,B01,3.0,7.0,0,2,1,0,1.0,
202400038969,155 713 094,A01,1.0,7.0,0,2,1,26,3.0,
202400038970,155 713 091,B01,1.0,1.0,0,2,3,7,5.0,
202400038971,155 713 089,A01,2.0,7.0,0,2,1,1,1.0,
202400038972,155 713 087,A01,1.0,7.0,0,2,8,9,1.0,
202400038973,155 713 085,A01,2.0,31.0,0,0,8,16,1.0,
202400038974,155 713 086,A01,1.0,7.0,0,1,1,16,1.0,
202400038975,155 713 082,B01,2.0,7.0,0,2,3,15,2.0,
202400038976,155 713 080,A01,1.0,7.0,0,2,4,23,1.0,
202400038977,155 713 078,B01,0.0,7.0,0,2,7,1,1.0,
202400038978,155 713 076,B01,2.0,7.0,0,2,2,16,1.0,
202400038979,155 713 074,B01,3.0,7.0,0,2,2,15,1.0,
202400038980,155 713 073,A01,1.0,7.0,0,1,1,15,1.0,
202400038981,155 713 070,A01,3.0,7.0,0,2,0,0,0.0,
202400038982,155 713 071,A01,2.0,7.0,2,0,2,1,1.0,
202400038983,155 713 067,A01,1.0,7.0,0,2,2,15,1.0,
202400038984,155 713 066,A01,3.0,7.0,0,2,1,1,1.0,
202400038985,155 713 063,A01,2.0,7.0,0,1,2,1,1.0,
202400038986,155 713 064,B01,1.0,1.0,0,2,1,2,5.0,
202400038987,155 713 062,A01,1.0,7.0,0,0,9,13,1.0,
202400038988,155 713 060,B01,1.0,7.0,0,2,3,21,0.0,
202400038989,155 713 059,A01,1.0,7.0,0,1,7,14,1.0,
202400038990,155 713 057,A01,2.0,7.0,0,2,3,1,1.0,
202400038991,155 713 056,A01,2.0,7.0,0,1,1,9,1.0,
202400038992,155 713 054,A01,1.0,7.0,13,0,2,1,1.0,
202400038993,155 713 055,A01,3.0,10.0,0,1,3,21,1.0,
202400038994,155 713 053,A01,1.0,7.0,0,1,2,1,1.0,
202400038995,155 713 052,A01,1.0,7.0,0,1,1,1,1.0,
202400038996,155 713 049,A01,1.0,33.0,0,2,7,17,1.0,
202400038997,155 713 050,A01,3.0,10.0,0,1,2,15,1.0,
202400038998,155 713 048,A01,1.0,1.0,0,1,1,1,5.0,
202400038999,155 713 044,A01,1.0,7.0,0,2,3,9,2.0,
202400039000,155 713 043,B01,2.0,50.0,0,2,1,1,3.0,
202400039001,155 713 042,A01,2.0,7.0,0,2,7,15,1.0,
202400039002,155 713 039,B01,2.0,50.0,0,2,3,1,3.0,
202400039003,155 713 038,A01,2.0,33.0,0,2,1,19,1.0,
202400039004,155 713 035,A01,1.0,7.0,0,2,3,1,1.0,
202400039005,155 713 033,B01,2.0,37.0,0,2,2,7,4.0,1
202400039006,155 713 032,A01,1.0,7.0,0,2,3,22,1.0,
202400039007,155 713 030,B01,1.0,7.0,0,9,2,9,2.0,
202400039008,155 713 028,A01,2.0,10.0,0,1,1,26,1.0,
202400039009,155 713 029,A01,1.0,7.0,13,0,1,13,1.0,
202400039010,155 713 026,A01,1.0,7.0,0,9,4,4,2.0,
202400039011,155 713 023,A01,1.0,7.0,8,0,1,1,1.0,
202400039012,155 713 022,B01,2.0,7.0,0,2,7,15,1.0,
202400039013,155 713 021,B01,1.0,33.0,0,2,1,3,1.0,
202400039014,155 713 018,B01,2.0,7.0,0,0,7,23,1.0,
202400039015,155 713 015,B01,1.0,32.0,0,2,1,1,1.0,
202400039016,155 713 014,C01,3.0,7.0,0,2,4,23,1.0,
202400039017,155 713 013,B01,1.0,40.0,0,2,0,1,3.0,
202400039018,155 713 011,A01,1.0,34.0,0,1,1,18,1.0,
202400039019,155 713 007,A01,2.0,7.0,0,2,8,16,1.0,
202400039020,155 713 006,A01,1.0,7.0,0,2,8,9,1.0,
202400039021,155 713 004,A01,2.0,7.0,0,1,2,1,1.0,
202400039022,155 713 003,B01,2.0,80.0,0,2,3,19,3.0,
202400039023,155 713 000,B01,3.0,7.0,0,2,5,2,1.0,
202400039024,155 712 999,A01,3.0,14.0,0,2,8,15,1.0,
202400039025,155 712 998,A01,3.0,7.0,2,0,1,1,1.0,
202400039026,155 712 997,Z01,2.0,0.0,0,1,1,1,0.0,
202400039027,155 712 996,A01,3.0,7.0,0,1,3,1,1.0,
202400039028,155 712 994,A01,3.0,7.0,0,1,2,1,1.0,
202400039029,155 712 993,A01,2.0,50.0,0,1,1,25,3.0,
202400039030,155 712 989,B01,2.0,1.0,0,2,7,1,5.0,
202400039031,155 712 988,B01,1.0,1.0,0,2,8,1,5.0,
202400039032,155 712 987,A01,2.0,10.0,12,0,2,1,1.0,
202400039033,155 712 985,A01,1.0,10.0,0,2,6,15,1.0,
202400039034,155 712 982,A01,2.0,3.0,8,0,2,1,1.0,
202400039035,155 712 981,A01,2.0,30.0,0,2,1,16,1.0,
202400039036,155 712 980,A01,3.0,7.0,0,9,3,15,1.0,
202400039037,155 712 979,A01,3.0,7.0,0,1,3,1,1.0,
202400039038,155 712 978,A01,1.0,7.0,0,1,2,1,1.0,
202400039039,155 712 975,B01,1.0,50.0,0,2,1,13,3.0,
202400039040,155 712 973,A01,1.0,7.0,0,2,0,0,1.0,
202400039041,155 712 974,A01,1.0,7.0,0,1,1,15,1.0,
202400039042,155 712 970,A01,3.0,7.0,0,1,8,1,1.0,
202400039043,155 712 969,A01,1.0,7.0,0,1,0,1,0.0,
202400039044,155 712 968,B01,2.0,1.0,0,2,8,5,5.0,
202400039045,155 712 971,A01,1.0,10.0,0,1,1,1,1.0,
202400039046,155 712 967,A01,2.0,7.0,0,1,1,1,1.0,
202400039047,155 712 963,A01,2.0,7.0,0,0,9,17,1.0,
202400039048,155 712 962,B01,1.0,7.0,0,2,3,10,1.0,
202400039049,155 712 960,B01,3.0,31.0,0,2,8,1,1.0,
202400039050,155 712 961,B01,3.0,30.0,0,2,2,1,1.0,
202400039051,155 712 959,A01,2.0,50.0,0,0,1,1,3.0,
202400039052,155 712 958,A01,2.0,7.0,1,0,2,13,1.0,
202400039053,155 712 956,A01,1.0,7.0,0,2,1,1,1.0,
202400039054,155 712 955,B01,0.0,7.0,0,2,4,2,1.0,
202400039055,155 712 953,A01,1.0,7.0,0,1,3,1,1.0,
202400039056,155 712 951,A01,1.0,7.0,0,2,1,13,1.0,
202400039057,155 712 950,A01,2.0,7.0,0,2,1,2,1.0,
202400039058,155 712 944,A01,3.0,7.0,1,0,2,1,1.0,
202400039059,155 712 943,A01,0.0,7.0,0,2,3,9,1.0,
202400039060,155 712 945,B01,2.0,7.0,0,2,3,1,1.0,
202400039061,155 712 942,A01,2.0,10.0,0,2,7,1,1.0,
202400039062,155 712 939,A01,1.0,7.0,4,0,1,1,1.0,
202400039063,155 712 938,A01,2.0,80.0,0,0,-1,1,3.0,
202400039064,155 712 937,A01,1.0,7.0,0,4,6,15,1.0,
202400039065,155 712 936,B01,3.0,7.0,0,2,5,9,2.0,
202400039066,155 712 932,A01,1.0,7.0,0,2,8,10,1.0,
202400039067,155 712 933,A01,3.0,7.0,0,2,1,15,1.0,
202400039068,155 712 930,A01,2.0,33.0,0,1,1,1,1.0,
202400039069,155 712 929,A01,3.0,7.0,1,2,1,1,1.0,
202400039070,155 712 928,A01,2.0,7.0,6,0,2,1,1.0,
202400039071,155 712 926,A01,1.0,7.0,0,1,3,1,1.0,
202400039072,155 712 927,A01,2.0,7.0,0,1,2,15,1.0,
202400039073,155 712 924,A01,2.0,7.0,0,2,8,15,1.0,
202400039074,155 712 921,A01,1.0,7.0,0,2,1,9,1.0,
202400039075,155 712 920,A01,1.0,34.0,0,1,1,1,1.0,
202400039076,155 712 919,B01,2.0,33.0,0,2,1,1,1.0,
202400039077,155 712 917,A01,1.0,7.0,0,2,1,1,2.0,
202400039078,155 712 914,B01,3.0,1.0,0,2,0,0,5.0,
202400039079,155 712 911,B01,3.0,7.0,0,4,3,1,1.0,
202400039080,155 712 912,A01,1.0,80.0,0,2,4,1,3.0,
202400039081,155 712 910,A01,1.0,7.0,0,1,2,16,2.0,
202400039082,155 712 908,A01,1.0,10.0,0,2,8,19,1.0,
202400039083,155 712 907,A01,3.0,7.0,4,0,1,1,1.0,
202400039084,155 712 905,A01,2.0,30.0,9,0,1,2,1.0,
202400039085,155 712 904,A01,1.0,7.0,0,2,2,1,1.0,
202400039086,155 712 902,A01,0.0,31.0,0,0,3,1,3.0,
202400039087,155 712 901,A01,1.0,7.0,0,2,1,1,1.0,
202400039088,155 712 899,A01,3.0,7.0,0,2,5,15,1.0,
202400039089,155 712 898,A01,3.0,7.0,0,1,1,20,1.0,
202400039090,155 712 897,A01,2.0,7.0,0,1,2,17,1.0,
202400039091,155 712 895,B01,3.0,7.0,0,2,3,1,1.0,
202400039092,155 712 894,A01,2.0,1.0,0,0,0,2,5.0,
202400039093,155 712 892,A01,3.0,7.0,0,2,8,22,1.0,
202400039094,155 712 887,B01,3.0,30.0,0,2,7,19,0.0,
202400039095,155 712 886,A01,1.0,10.0,0,2,1,1,1.0,
202400039096,155 712 884,A01,2.0,7.0,0,0,1,1,1.0,
202400039097,155 712 883,B01,2.0,7.0,0,2,4,23,1.0,
202400039098,155 712 882,A01,2.0,7.0,2,0,1,1,1.0,
202400039099,155 712 879,A01,2.0,2.0,0,0,9,1,1.0,
202400039100,155 712 878,A01,0.0,7.0,0,2,3,9,1.0,
202400039101,155 712 876,A01,2.0,10.0,0,2,1,26,1.0,
202400039102,155 712 877,A01,1.0,7.0,6,0,1,26,1.0,
202400039103,155 712 873,A01,3.0,7.0,15,0,2,0,2.0,
202400039104,155 712 871,B01,2.0,2.0,0,2,1,1,1.0,
202400039105,155 712 870,B01,0.0,7.0,0,2,1,1,1.0,
202400039106,155 712 867,A01,2.0,99.0,0,2,1,2,1.0,
202400039107,155 712 866,B01,1.0,2.0,0,2,1,17,1.0,
202400039108,155 712 862,A01,2.0,2.0,0,2,9,1,1.0,
202400039109,155 712 861,B01,3.0,50.0,0,2,0,0,3.0,
202400039110,155 712 860,B01,1.0,10.0,0,2,5,2,1.0,
202400039111,155 712 857,B01,2.0,32.0,0,2,1,1,1.0,
202400039112,155 712 856,A01,2.0,1.0,0,2,1,9,5.0,
202400039113,155 712 854,A01,2.0,7.0,13,0,1,0,1.0,
202400039114,155 712 855,A01,1.0,7.0,0,1,1,1,1.0,
202400039115,155 712 852,A01,0.0,7.0,0,2,1,1,1.0,
202400039116,155 712 850,A01,1.0,7.0,0,0,1,0,1.0,
202400039117,155 712 851,A01,1.0,7.0,1,5,2,21,1.0,
202400039118,155 712 849,A01,2.0,7.0,13,0,1,0,1.0,
202400039119,155 712 842,B01,2.0,17.0,0,0,4,1,1.0,
202400039120,155 712 840,A01,1.0,10.0,0,2,1,1,0.0,
202400039121,155 712 841,B01,1.0,50.0,0,2,1,1,3.0,
202400039122,155 712 835,A01,2.0,33.0,0,2,2,17,1.0,
202400039123,155 712 837,B01,3.0,33.0,0,2,5,1,1.0,
202400039124,155 712 834,A01,1.0,1.0,0,2,4,1,5.0,
202400039125,155 712 833,A01,1.0,32.0,11,0,8,14,1.0,
202400039126,155 712 830,A01,1.0,7.0,6,0,2,0,1.0,
202400039127,155 712 829,B01,2.0,10.0,0,0,0,1,1.0,
202400039128,155 712 828,A01,2.0,1.0,0,2,3,1,5.0,
202400039129,155 712 824,A01,1.0,7.0,0,2,1,1,1.0,
202400039130,155 712 823,A01,1.0,2.0,0,2,7,15,1.0,
202400039131,155 712 822,B01,2.0,50.0,0,2,2,9,3.0,
202400039132,155 712 819,A01,2.0,7.0,2,0,3,14,1.0,
202400039133,155 712 817,B01,2.0,7.0,0,1,6,23,1.0,
202400039134,155 712 815,A01,2.0,10.0,0,2,1,2,1.0,
202400039135,155 712 814,A01,1.0,15.0,7,0,6,13,1.0,
202400039136,155 712 813,A01,1.0,1.0,0,1,1,1,5.0,
202400039137,155 712 809,B01,1.0,7.0,0,2,6,1,1.0,
202400039138,155 712 806,A01,1.0,7.0,0,2,4,23,1.0,
202400039139,155 712 805,B01,3.0,7.0,8,2,1,1,1.0,
202400039140,155 712 802,A01,1.0,7.0,13,0,1,1,1.0,
202400039141,155 712 799,A01,2.0,7.0,0,2,3,13,1.0,
202400039142,155 712 797,A01,1.0,7.0,0,2,3,1,1.0,
202400039143,155 712 798,A01,2.0,7.0,0,2,3,15,2.0,
202400039144,155 712 796,A01,2.0,33.0,0,5,2,2,1.0,
202400039145,155 712 794,A01,2.0,7.0,0,2,3,0,1.0,
202400039146,155 712 793,A01,2.0,7.0,4,0,1,19,1.0,
202400039147,155 712 789,A01,2.0,7.0,8,0,3,13,1.0,
202400039148,155 712 787,A01,2.0,7.0,0,2,1,2,2.0,
202400039149,155 712 786,A01,1.0,33.0,0,2,1,17,1.0,
202400039150,155 712 785,A01,2.0,1.0,0,0,0,1,5.0,
202400039151,155 712 784,A01,3.0,7.0,2,0,3,0,3.0,
202400039152,155 712 782,B01,2.0,7.0,0,2,4,1,1.0,
202400039153,155 712 778,A01,1.0,33.0,0,2,1,0,0.0,
202400039154,155 712 776,B01,1.0,30.0,0,2,1,1,1.0,
202400039155,155 712 774,A01,3.0,7.0,0,2,1,1,1.0,
202400039156,155 712 772,A01,1.0,7.0,2,0,1,13,1.0,
202400039157,155 712 771,A01,1.0,33.0,7,0,1,17,1.0,
202400039158,155 712 770,A01,1.0,31.0,0,2,1,0,1.0,
202400039159,155 712 769,A01,1.0,7.0,5,0,2,1,1.0,
202400039160,155 712 768,A01,1.0,7.0,0,1,1,1,1.0,
202400039161,155 712 767,A01,0.0,7.0,0,1,1,17,2.0,
202400039162,155 712 765,A01,2.0,34.0,0,2,1,5,0.0,
202400039163,155 712 764,A01,2.0,33.0,15,0,0,1,1.0,
202400039164,155 712 763,A01,2.0,7.0,13,0,2,1,1.0,
202400039165,155 712 762,A01,3.0,50.0,0,1,0,1,3.0,
202400039166,155 712 761,Z01,2.0,2.0,0,1,0,26,0.0,
202400039167,155 712 760,A01,2.0,7.0,7,0,9,1,1.0,
202400039168,155 712 755,A01,2.0,33.0,3,2,7,17,1.0,
202400039169,155 712 754,A01,2.0,33.0,0,2,1,1,1.0,
202400039170,155 712 752,A01,3.0,2.0,0,0,9,1,1.0,
202400039171,155 712 751,A01,2.0,7.0,0,2,1,1,1.0,
202400039172,155 712 749,A01,3.0,7.0,0,2,1,15,1.0,
202400039173,155 712 747,A01,3.0,7.0,0,2,1,9,1.0,
202400039174,155 712 746,A01,1.0,7.0,2,0,1,0,1.0,
202400039175,155 712 745,A01,3.0,7.0,1,0,4,4,1.0,
202400039176,155 712 744,A01,3.0,7.0,10,0,1,1,1.0,
202400039177,155 712 742,A01,1.0,7.0,2,0,3,0,1.0,
202400039178,155 712 739,G01,2.0,60.0,0,2,0,19,5.0,
202400039179,155 712 740,B01,1.0,10.0,0,2,2,9,1.0,
202400039180,155 712 736,B01,2.0,7.0,0,2,1,1,1.0,
202400039181,155 712 735,A01,1.0,7.0,0,1,2,1,1.0,
202400039182,155 712 734,A01,3.0,7.0,0,2,3,13,1.0,
202400039183,155 712 732,A01,2.0,7.0,0,2,1,1,1.0,
202400039184,155 712 731,A01,1.0,10.0,0,1,4,4,1.0,
202400039185,155 712 727,A01,2.0,7.0,0,9,4,1,1.0,
202400039186,155 712 724,A01,1.0,7.0,0,2,2,26,1.0,
202400039187,155 712 723,D01,1.0,7.0,0,2,2,1,1.0,
202400039188,155 712 722,A01,2.0,7.0,2,0,1,1,1.0,
202400039189,155 712 721,A01,1.0,7.0,16,0,2,14,1.0,
202400039190,155 712 720,A01,1.0,7.0,0,1,8,1,1.0,
202400039191,155 712 719,Z01,1.0,7.0,0,1,0,26,0.0,
202400039192,155 712 718,A01,2.0,7.0,0,1,2,1,1.0,
202400039193,155 712 715,A01,2.0,7.0,0,2,8,19,1.0,
202400039194,155 712 714,A01,0.0,7.0,0,2,3,0,1.0,
202400039195,155 712 712,B01,3.0,50.0,0,2,7,19,3.0,
202400039196,155 712 711,A01,0.0,7.0,0,1,1,0,1.0,
202400039197,155 712 709,A01,1.0,7.0,2,0,8,1,0.0,
202400039198,155 712 708,B01,2.0,10.0,0,2,1,21,1.0,
202400039199,155 712 706,A01,1.0,7.0,0,1,8,1,1.0,
202400039200,155 712 704,A01,2.0,7.0,0,1,1,1,1.0,
202400039201,155 712 702,B01,2.0,7.0,0,2,8,1,1.0,
202400039202,155 712 700,A01,0.0,7.0,0,2,3,0,0.0,
202400039203,155 712 698,A01,1.0,7.0,0,2,1,1,1.0,
202400039204,155 712 699,A01,2.0,7.0,13,0,1,12,1.0,
202400039205,155 712 694,A01,2.0,7.0,4,0,3,2,1.0,
202400039206,155 712 693,A01,1.0,32.0,9,2,1,21,1.0,
202400039207,155 712 690,C01,1.0,7.0,0,2,1,2,2.0,
202400039208,155 712 689,A01,2.0,7.0,0,2,3,15,2.0,
202400039209,155 712 686,A01,2.0,7.0,0,2,3,1,1.0,
202400039210,155 712 684,A01,0.0,7.0,0,2,2,16,1.0,
202400039211,155 712 682,B01,1.0,15.0,0,2,4,23,1.0,
202400039212,155 712 681,A01,1.0,7.0,0,2,5,15,1.0,
202400039213,155 712 673,A01,2.0,7.0,1,2,2,14,1.0,
202400039214,155 712 674,A01,2.0,7.0,0,2,1,1,1.0,
202400039215,155 712 672,A01,3.0,7.0,0,0,8,1,1.0,
202400039216,155 712 671,B01,2.0,50.0,0,2,2,1,3.0,
202400039217,155 712 669,A01,1.0,50.0,8,0,1,2,3.0,
202400039218,155 712 668,A01,2.0,10.0,0,2,2,1,1.0,
202400039219,155 712 663,A01,2.0,7.0,4,0,1,0,1.0,
202400039220,155 712 662,A01,3.0,7.0,0,2,2,16,1.0,
202400039221,155 712 660,B01,3.0,33.0,0,2,7,1,1.0,
202400039222,155 712 659,A01,1.0,7.0,0,2,3,13,1.0,
202400039223,155 712 658,A01,2.0,15.0,4,0,2,1,1.0,
202400039224,155 712 656,A01,3.0,7.0,0,9,8,16,1.0,
202400039225,155 712 654,A01,1.0,30.0,0,0,8,2,1.0,
202400039226,155 712 653,A01,1.0,7.0,0,1,1,15,1.0,
202400039227,155 712 650,Z01,2.0,17.0,0,1,3,1,1.0,
202400039228,155 712 648,A01,1.0,7.0,0,2,1,2,1.0,
202400039229,155 712 647,B01,2.0,7.0,0,2,6,1,1.0,
202400039230,155 712 643,A01,2.0,7.0,0,2,1,1,1.0,
202400039231,155 712 641,A01,1.0,33.0,0,2,1,2,1.0,
202400039232,155 712 646,A01,2.0,7.0,0,2,1,1,1.0,
202400039233,155 712 637,B01,3.0,33.0,0,2,2,17,1.0,
202400039234,155 712 636,B01,2.0,7.0,0,2,8,11,2.0,
202400039235,155 712 632,B01,0.0,33.0,0,2,1,1,1.0,
202400039236,155 712 630,A01,1.0,1.0,0,2,1,2,5.0,
202400039237,155 712 629,A01,1.0,10.0,0,2,1,1,1.0,
202400039238,155 712 628,A01,1.0,34.0,4,0,8,1,1.0,
202400039239,155 712 631,A01,1.0,33.0,13,0,1,0,1.0,
202400039240,155 712 626,A01,2.0,7.0,0,0,5,1,1.0,
202400039241,155 712 625,A01,2.0,43.0,0,1,1,17,1.0,
202400039242,155 712 622,A01,1.0,1.0,0,0,0,26,5.0,
202400039243,155 712 620,B01,2.0,7.0,0,2,1,1,1.0,
202400039244,155 712 619,B01,2.0,14.0,0,2,3,1,1.0,
202400039245,155 712 618,Z01,1.0,7.0,0,1,1,1,1.0,
202400039246,155 712 617,B01,2.0,7.0,0,2,2,1,1.0,
202400039247,155 712 616,A01,2.0,7.0,13,0,3,1,1.0,
202400039248,155 712 611,Z01,2.0,7.0,0,2,4,1,0.0,
202400039249,155 712 610,B01,0.0,7.0,0,9,5,16,1.0,
202400039250,155 712 615,A01,3.0,7.0,0,1,7,1,0.0,
202400039251,155 712 607,A01,1.0,37.0,1,0,7,12,1.0,2
202400039252,155 712 605,B01,2.0,7.0,0,2,1,1,1.0,
202400039253,155 712 603,B01,2.0,7.0,0,2,3,9,1.0,
202400039254,155 712 600,A01,2.0,15.0,0,2,2,1,1.0,
202400039255,155 712 601,A01,2.0,7.0,0,0,1,13,1.0,
202400039256,155 712 597,A01,0.0,30.0,0,2,0,0,1.0,
202400039257,155 712 593,A01,2.0,33.0,0,2,8,3,1.0,
202400039258,155 712 592,B01,1.0,7.0,0,2,2,1,1.0,
202400039259,155 712 588,B01,1.0,7.0,0,2,2,1,1.0,
202400039260,155 712 586,A01,2.0,7.0,0,2,3,1,1.0,
202400039261,155 712 585,A01,1.0,15.0,0,2,3,1,1.0,
202400039262,155 712 590,A01,3.0,7.0,1,0,1,13,1.0,
202400039263,155 712 584,A01,1.0,7.0,4,0,1,1,1.0,
202400039264,155 712 581,B01,2.0,7.0,0,2,1,1,3.0,
202400039265,155 712 580,A01,2.0,31.0,0,2,3,16,1.0,
202400039266,155 712 578,A01,2.0,33.0,3,0,0,12,1.0,
202400039267,155 712 579,A01,3.0,30.0,0,0,0,1,1.0,
202400039268,155 712 576,A01,2.0,33.0,4,0,7,1,1.0,
202400039269,155 712 574,A01,1.0,7.0,0,2,6,12,3.0,
202400039270,155 712 575,A01,0.0,7.0,0,2,1,2,1.0,
202400039271,155 712 573,A01,3.0,33.0,8,0,8,1,1.0,
202400039272,155 712 572,A01,1.0,7.0,0,1,1,26,1.0,
202400039273,155 712 568,A01,1.0,7.0,9,0,2,1,1.0,
202400039274,155 712 569,A01,2.0,33.0,0,2,1,21,1.0,
202400039275,155 712 566,A01,2.0,7.0,0,2,1,2,1.0,
202400039276,155 712 565,A01,1.0,7.0,0,2,5,1,1.0,
202400039277,155 712 562,B01,1.0,10.0,0,2,5,12,1.0,
202400039278,155 712 561,B01,1.0,2.0,0,2,1,1,1.0,
202400039279,155 712 558,A01,2.0,7.0,0,2,1,2,1.0,
202400039280,155 712 557,B01,3.0,7.0,0,2,3,16,1.0,
202400039281,155 712 556,A01,3.0,10.0,0,1,3,1,1.0,
202400039282,155 712 555,A01,1.0,7.0,13,0,1,1,1.0,
202400039283,155 712 552,A01,1.0,10.0,1,0,2,1,1.0,
202400039284,155 712 551,A01,1.0,31.0,0,0,0,26,1.0,
202400039285,155 712 550,B01,2.0,7.0,0,2,8,15,2.0,
202400039286,155 712 548,A01,2.0,7.0,13,0,1,1,1.0,
202400039287,155 712 547,B01,2.0,10.0,0,2,7,15,1.0,
202400039288,155 712 544,A01,3.0,7.0,0,2,1,26,0.0,
202400039289,155 712 543,A01,1.0,50.0,0,0,0,0,3.0,
202400039290,155 712 542,B01,1.0,2.0,0,2,1,0,1.0,
202400039291,155 712 540,A01,2.0,10.0,0,2,5,15,1.0,
202400039292,155 712 535,B01,1.0,1.0,0,2,1,1,5.0,
202400039293,155 712 534,A01,1.0,7.0,0,2,1,2,1.0,
202400039294,155 712 532,A01,1.0,7.0,0,2,3,1,1.0,
202400039295,155 712 533,A01,1.0,10.0,0,1,1,15,1.0,
202400039296,155 712 528,B01,1.0,7.0,0,2,6,1,1.0,
202400039297,155 712 526,B01,1.0,7.0,0,2,2,15,1.0,
202400039298,155 712 527,A01,1.0,33.0,0,2,1,1,1.0,
202400039299,155 712 524,A01,1.0,30.0,0,2,8,16,1.0,
202400039300,155 712 523,A01,2.0,33.0,16,0,8,0,1.0,
202400039301,155 712 518,A01,3.0,3.0,0,2,4,23,1.0,
202400039302,155 712 515,A01,2.0,7.0,0,2,1,1,3.0,
202400039303,155 712 516,A01,1.0,7.0,0,2,1,7,1.0,
202400039304,155 712 510,B01,2.0,50.0,0,2,7,0,3.0,
202400039305,155 712 511,A01,3.0,2.0,12,0,1,1,1.0,
202400039306,155 712 509,A01,3.0,7.0,0,1,1,1,1.0,
202400039307,155 712 512,D01,2.0,7.0,0,2,4,2,1.0,
202400039308,155 712 506,A01,1.0,7.0,0,2,1,1,1.0,
202400039309,155 712 503,A01,1.0,99.0,0,2,3,26,1.0,
202400039310,155 712 502,A01,1.0,7.0,0,2,1,5,1.0,
202400039311,155 712 495,A01,2.0,7.0,0,2,2,1,1.0,