Num_Acc,id_vehicule,num_veh,senc,catv,obs,obsm,choc,manv,motor,occutc
202400039312,155 712 497,A01,2.0,34.0,0,2,1,1,1.0,
202400039313,155 712 496,A01,2.0,30.0,0,0,7,16,1.0,
202400039314,155 712 494,B01,1.0,7.0,0,2,9,1,1.0,
202400039315,155 712 492,A01,2.0,7.0,1,0,1,14,1.0,
202400039316,155 712 491,B01,2.0,43.0,0,2,8,21,1.0,
202400039317,155 712 490,A01,1.0,7.0,7,0,1,0,1.0,
202400039318,155 712 489,A01,2.0,7.0,0,0,9,0,1.0,
202400039319,155 712 487,A01,1.0,7.0,1,0,6,0,1.0,
202400039320,155 712 485,A01,1.0,7.0,13,0,2,14,1.0,
202400039321,155 712 477,A01,1.0,33.0,8,0,1,1,1.0,
202400039322,155 712 476,B01,0.0,33.0,0,2,2,1,1.0,
202400039323,155 712 473,A01,1.0,7.0,0,2,1,1,0.0,
202400039324,155 712 470,B01,1.0,7.0,0,2,3,1,1.0,
202400039325,155 712 469,A01,0.0,7.0,0,2,2,15,1.0,
202400039326,155 712 467,Z01,2.0,7.0,0,2,1,0,1.0,
202400039327,155 712 471,A01,1.0,7.0,0,2,3,1,1.0,
202400039328,155 712 463,A01,3.0,50.0,0,1,0,1,3.0,
202400039329,155 712 464,A01,0.0,7.0,0,2,1,1,1.0,
202400039330,155 712 462,B01,2.0,7.0,7,2,1,19,1.0,
202400039331,155 712 459,A01,2.0,7.0,0,2,4,1,1.0,
202400039332,155 712 456,A01,1.0,7.0,0,0,4,2,1.0,
202400039333,155 712 453,A01,3.0,7.0,0,2,3,9,1.0,
202400039334,155 712 449,A01,1.0,7.0,0,2,4,4,1.0,
202400039335,155 712 448,A01,1.0,30.0,0,2,1,17,0.0,
202400039336,155 712 445,A01,1.0,7.0,0,2,3,15,1.0,
202400039337,155 712 446,A01,1.0,7.0,5,0,1,1,1.0,
202400039338,155 712 443,A01,1.0,7.0,12,0,0,17,1.0,
202400039339,155 712 442,A01,1.0,7.0,0,2,1,15,1.0,
202400039340,155 712 440,A01,3.0,7.0,0,2,3,13,2.0,
202400039341,155 712 437,A01,2.0,7.0,0,1,2,1,1.0,
202400039342,155 712 435,A01,1.0,7.0,0,2,5,1,1.0,
202400039343,155 712 434,A01,2.0,34.0,0,2,1,1,1.0,
202400039344,155 712 433,A01,2.0,33.0,0,0,0,26,1.0,
202400039345,155 712 432,A01,3.0,7.0,0,2,3,1,1.0,
202400039346,155 712 431,A01,1.0,37.0,0,1,5,9,6.0,1
202400039347,155 712 429,A01,1.0,7.0,1,1,2,20,1.0,
202400039348,155 712 428,A01,1.0,7.0,0,2,5,19,1.0,
202400039349,155 712 425,B01,1.0,33.0,0,2,1,1,1.0,
202400039350,155 712 423,A01,1.0,7.0,0,2,1,19,1.0,
202400039351,155 712 422,B01,1.0,43.0,0,2,1,1,1.0,
202400039352,155 712 418,A01,1.0,33.0,0,2,8,13,1.0,
202400039353,155 712 417,B01,2.0,7.0,0,0,4,1,1.0,
202400039354,155 712 415,B01,2.0,2.0,0,2,8,1,1.0,
202400039355,155 712 414,A01,0.0,32.0,9,0,1,0,1.0,
202400039356,155 712 411,B01,2.0,10.0,0,2,7,15,1.0,
202400039357,155 712 409,A01,1.0,7.0,0,1,3,1,1.0,
202400039358,155 712 410,B01,2.0,1.0,0,2,8,19,5.0,
202400039359,155 712 403,A01,1.0,7.0,0,2,2,20,1.0,
202400039360,155 712 401,A01,3.0,7.0,0,2,8,10,0.0,
202400039361,155 712 402,A01,1.0,7.0,0,2,7,15,1.0,
202400039362,155 712 399,A01,1.0,7.0,2,0,2,14,1.0,
202400039363,155 712 400,A01,3.0,7.0,0,1,1,1,1.0,
202400039364,155 712 398,A01,3.0,33.0,0,0,3,1,1.0,
202400039365,155 712 396,A01,1.0,7.0,0,2,3,15,1.0,
202400039366,155 712 390,A01,2.0,34.0,0,2,0,1,1.0,
202400039367,155 712 391,B01,1.0,32.0,0,2,2,21,1.0,
202400039368,155 712 392,B01,0.0,33.0,0,2,1,21,1.0,
202400039369,155 712 387,A01,2.0,33.0,0,0,0,1,1.0,
202400039370,155 712 388,A01,1.0,7.0,0,2,1,13,1.0,
202400039371,155 712 386,A01,3.0,7.0,0,1,1,16,1.0,
202400039372,155 712 385,A01,1.0,3.0,0,1,1,15,3.0,
202400039373,155 712 383,A01,2.0,7.0,1,0,1,26,1.0,
202400039374,155 712 382,B01,2.0,33.0,0,2,1,1,1.0,
202400039375,155 712 381,A01,1.0,33.0,0,0,5,1,1.0,
202400039376,155 712 378,B01,2.0,2.0,0,2,5,1,1.0,
202400039377,155 712 375,A01,0.0,7.0,0,1,1,1,1.0,
202400039378,155 712 376,A01,1.0,7.0,0,2,2,15,1.0,
202400039379,155 712 374,A01,1.0,7.0,0,2,1,13,3.0,
202400039380,155 712 373,A01,3.0,50.0,11,0,1,26,3.0,
202400039381,155 712 370,A01,1.0,33.0,11,0,0,13,1.0,
202400039382,155 712 371,A01,2.0,7.0,0,0,7,1,1.0,
202400039383,155 712 368,A01,2.0,7.0,13,0,1,14,1.0,
202400039384,155 712 369,B01,2.0,33.0,0,2,4,23,1.0,
202400039385,155 712 367,A01,1.0,33.0,3,0,7,1,1.0,
202400039386,155 712 365,A01,0.0,7.0,0,1,1,1,1.0,
202400039387,155 712 363,A01,3.0,2.0,0,2,1,18,1.0,
202400039388,155 712 361,A01,1.0,33.0,0,2,3,1,1.0,
202400039389,155 712 360,A01,3.0,7.0,0,2,8,1,1.0,
202400039390,155 712 358,A01,2.0,33.0,0,6,0,0,1.0,
202400039391,155 712 357,A01,0.0,7.0,0,2,7,0,1.0,
202400039392,155 712 354,B01,3.0,7.0,0,2,2,19,1.0,
202400039393,155 712 352,B01,2.0,7.0,0,2,8,21,1.0,
202400039394,155 712 353,A01,0.0,39.0,0,1,1,1,3.0,
202400039395,155 712 348,A01,3.0,7.0,0,2,3,1,1.0,
202400039396,155 712 347,A01,1.0,7.0,0,2,8,1,1.0,
202400039397,155 712 346,A01,3.0,7.0,0,9,1,9,1.0,
202400039398,155 712 345,A01,3.0,10.0,16,0,7,22,1.0,
202400039399,155 712 343,A01,1.0,33.0,0,6,1,21,1.0,
202400039400,155 712 340,A01,1.0,7.0,0,2,1,1,1.0,
202400039401,155 712 341,B01,3.0,7.0,0,2,1,15,1.0,
202400039402,155 712 338,B01,2.0,7.0,0,0,0,0,0.0,
202400039403,155 712 336,A01,1.0,31.0,0,2,2,17,1.0,
202400039404,155 712 335,A01,1.0,33.0,6,0,1,14,1.0,
202400039405,155 712 334,A01,1.0,7.0,0,1,1,1,2.0,
202400039406,155 712 330,A01,1.0,7.0,0,2,3,15,1.0,
202400039407,155 712 329,A01,2.0,37.0,0,2,3,15,1.0,1
202400039408,155 712 328,A01,1.0,7.0,0,2,8,26,1.0,
202400039409,155 712 323,A01,1.0,10.0,0,2,6,2,1.0,
202400039410,155 712 322,A01,1.0,7.0,0,2,1,13,0.0,
202400039411,155 712 321,B01,1.0,7.0,0,2,3,1,1.0,
202400039412,155 712 318,A01,1.0,7.0,0,1,2,10,0.0,
202400039413,155 712 315,A01,1.0,7.0,0,2,8,10,1.0,
202400039414,155 712 314,A01,1.0,7.0,0,2,7,1,1.0,
202400039415,155 712 310,A01,1.0,33.0,0,2,3,13,1.0,
202400039416,155 712 309,B01,2.0,1.0,0,2,1,2,5.0,
202400039417,155 712 308,A01,3.0,7.0,0,1,3,1,1.0,
202400039418,155 712 307,A01,1.0,0.0,0,1,2,0,0.0,
202400039419,155 712 305,A01,3.0,7.0,0,2,8,13,1.0,
202400039420,155 712 302,A01,0.0,7.0,0,0,4,20,0.0,
202400039421,155 712 301,A01,3.0,7.0,0,2,1,1,1.0,
202400039422,155 712 297,A01,2.0,7.0,0,2,3,13,1.0,
202400039423,155 712 298,A01,2.0,7.0,0,2,1,1,1.0,
202400039424,155 712 295,A01,3.0,7.0,0,2,3,16,1.0,
202400039425,155 712 292,A01,2.0,7.0,0,2,3,16,1.0,
202400039426,155 712 291,A01,1.0,7.0,0,2,1,17,1.0,
202400039427,155 712 288,A01,1.0,33.0,0,0,0,1,1.0,
202400039428,155 712 289,A01,1.0,7.0,0,9,0,0,1.0,
202400039429,155 712 286,B01,3.0,10.0,0,2,1,1,1.0,
202400039430,155 712 283,C01,2.0,33.0,0,2,8,17,1.0,
202400039431,155 712 282,A01,0.0,33.0,8,0,1,13,1.0,
202400039432,155 712 279,A01,3.0,7.0,0,2,3,15,1.0,
202400039433,155 712 278,A01,1.0,7.0,0,2,1,1,1.0,
202400039434,155 712 276,A01,2.0,7.0,0,2,2,15,2.0,
202400039435,155 712 275,A01,3.0,7.0,0,1,1,1,1.0,
202400039436,155 712 271,A01,1.0,7.0,13,0,9,26,1.0,
202400039437,155 712 270,B01,3.0,30.0,0,2,0,0,3.0,
202400039438,155 712 269,A01,1.0,33.0,6,0,7,15,1.0,
202400039439,155 712 265,A01,1.0,1.0,0,2,0,21,5.0,
202400039440,155 712 266,A01,2.0,10.0,0,1,3,2,1.0,
202400039441,155 712 263,B01,2.0,7.0,0,0,0,0,1.0,
202400039442,155 712 261,B01,3.0,7.0,0,2,1,1,1.0,
202400039443,155 712 260,A01,1.0,7.0,0,1,1,1,1.0,
202400039444,155 712 258,A01,2.0,7.0,4,0,0,0,1.0,
202400039445,155 712 256,A01,1.0,7.0,0,2,3,13,1.0,
202400039446,155 712 255,A01,1.0,43.0,0,2,2,17,1.0,
202400039447,155 712 253,A01,1.0,7.0,0,2,3,11,1.0,
202400039448,155 712 251,A01,2.0,7.0,16,2,6,0,1.0,
202400039449,155 712 249,B01,3.0,34.0,0,2,1,21,1.0,
202400039450,155 712 247,A01,3.0,7.0,0,2,0,9,1.0,
202400039451,155 712 246,A01,2.0,10.0,0,0,0,13,1.0,
202400039452,155 712 245,A01,3.0,7.0,0,1,1,1,1.0,
202400039453,155 712 241,B01,2.0,43.0,0,2,3,26,1.0,
202400039454,155 712 242,A01,1.0,7.0,2,0,8,16,1.0,
202400039455,155 712 243,A01,2.0,10.0,0,0,0,13,1.0,
202400039456,155 712 236,A01,1.0,7.0,0,2,1,0,0.0,
202400039457,155 712 239,A01,3.0,7.0,2,0,1,13,1.0,
202400039458,155 712 235,A01,1.0,1.0,0,0,8,1,5.0,
202400039459,155 712 232,A01,0.0,7.0,0,2,1,13,1.0,
202400039460,155 712 233,A01,1.0,7.0,6,0,1,0,1.0,
202400039461,155 712 229,B01,3.0,50.0,0,2,2,5,3.0,
202400039462,155 712 226,A01,3.0,7.0,0,2,1,1,1.0,
202400039463,155 712 225,A01,2.0,7.0,0,2,1,17,1.0,
202400039464,155 712 222,B01,1.0,10.0,0,2,3,15,1.0,
202400039465,155 712 221,B01,0.0,7.0,0,2,8,9,2.0,
202400039466,155 712 218,A01,2.0,10.0,0,9,3,9,1.0,
202400039467,155 712 217,A01,3.0,2.0,0,2,1,2,1.0,
202400039468,155 712 216,A01,3.0,7.0,15,0,1,0,1.0,
202400039469,155 712 215,A01,3.0,7.0,15,0,1,1,1.0,
202400039470,155 712 210,B01,0.0,7.0,0,2,3,1,1.0,
202400039471,155 712 209,A01,2.0,7.0,0,1,1,1,1.0,
202400039472,155 712 208,B01,2.0,7.0,0,2,1,1,1.0,
202400039473,155 712 205,B01,0.0,34.0,0,2,5,2,1.0,
202400039474,155 712 204,B01,1.0,1.0,0,2,3,1,5.0,
202400039475,155 712 202,A01,3.0,7.0,0,1,3,16,1.0,
202400039476,155 712 201,A01,2.0,33.0,0,2,2,1,1.0,
202400039477,155 712 198,A01,3.0,7.0,13,0,2,0,1.0,
202400039478,155 712 197,A01,1.0,31.0,0,2,3,13,1.0,
202400039479,155 712 199,A01,2.0,7.0,3,0,9,14,2.0,
202400039480,155 712 196,A01,2.0,7.0,8,0,9,1,1.0,
202400039481,155 712 192,A01,0.0,7.0,15,2,2,15,1.0,
202400039482,155 712 193,A01,2.0,7.0,3,0,3,1,1.0,
202400039483,155 712 190,Z01,2.0,7.0,0,2,1,1,1.0,
202400039484,155 712 191,A01,3.0,7.0,2,0,1,2,1.0,
202400039485,155 712 186,A01,1.0,7.0,0,9,2,16,3.0,
202400039486,155 712 185,B01,1.0,7.0,0,2,2,1,1.0,
202400039487,155 712 183,B01,1.0,7.0,0,2,8,1,1.0,
202400039488,155 712 181,A01,2.0,37.0,0,2,3,1,1.0,1
202400039489,155 712 180,A01,1.0,7.0,0,1,7,1,1.0,
202400039490,155 712 177,A01,1.0,7.0,0,1,3,15,1.0,
202400039491,155 712 178,A01,2.0,33.0,0,2,1,17,1.0,
202400039492,155 712 176,A01,3.0,7.0,0,1,1,2,1.0,
202400039493,155 712 175,A01,2.0,80.0,0,1,1,1,3.0,
202400039494,155 712 173,A01,2.0,7.0,6,0,1,13,1.0,
202400039495,155 712 174,A01,2.0,33.0,2,0,2,1,1.0,
202400039496,155 712 172,B01,1.0,7.0,0,2,1,1,1.0,
202400039497,155 712 171,A01,3.0,1.0,0,1,1,1,5.0,
202400039498,155 712 167,B01,2.0,50.0,9,0,1,16,3.0,
202400039499,155 712 166,A01,1.0,50.0,0,2,0,15,3.0,
202400039500,155 712 165,B01,1.0,7.0,0,2,3,1,1.0,
202400039501,155 712 163,A01,3.0,30.0,0,0,7,26,1.0,
202400039502,155 712 161,A01,3.0,7.0,6,0,2,1,1.0,
202400039503,155 712 157,A01,1.0,7.0,0,2,1,1,1.0,
202400039504,155 712 156,A01,1.0,7.0,13,0,1,13,1.0,
202400039505,155 712 160,A01,1.0,7.0,0,2,4,9,1.0,
202400039506,155 712 154,A01,1.0,7.0,0,1,1,15,2.0,
202400039507,155 712 155,A01,2.0,10.0,0,2,1,1,3.0,
202400039508,155 712 150,A01,1.0,7.0,0,2,7,15,1.0,
202400039509,155 712 149,A01,1.0,1.0,0,2,1,9,5.0,
202400039510,155 712 146,A01,1.0,7.0,0,1,1,1,1.0,
202400039511,155 712 147,B01,2.0,7.0,0,2,7,15,1.0,
202400039512,155 712 145,A01,1.0,7.0,0,1,3,15,1.0,
202400039513,155 712 148,A01,2.0,7.0,0,0,1,1,1.0,
202400039514,155 712 144,A01,1.0,31.0,0,1,1,17,3.0,
202400039515,155 712 139,A01,2.0,7.0,0,2,2,26,1.0,
202400039516,155 712 136,A01,1.0,7.0,0,2,2,16,2.0,
202400039517,155 712 135,A01,2.0,14.0,0,2,1,1,1.0,
202400039518,155 712 132,A01,1.0,32.0,12,0,2,1,1.0,
202400039519,155 712 134,A01,1.0,7.0,8,2,1,2,1.0,
202400039520,155 712 131,A01,2.0,7.0,2,0,7,14,1.0,
202400039521,155 712 130,A01,1.0,10.0,0,1,3,15,1.0,
202400039522,155 712 128,A01,1.0,7.0,0,2,7,1,2.0,
202400039523,155 712 126,A01,2.0,31.0,0,1,3,1,1.0,
202400039524,155 712 124,A01,1.0,7.0,0,2,4,19,1.0,
202400039525,155 712 123,A01,1.0,7.0,0,2,5,2,1.0,
202400039526,155 712 122,A01,1.0,7.0,0,1,3,15,1.0,
202400039527,155 712 120,A01,2.0,7.0,0,2,1,2,1.0,
202400039528,155 712 119,A01,2.0,33.0,12,9,1,6,1.0,
202400039529,155 712 118,A01,2.0,30.0,12,0,1,2,1.0,
202400039530,155 712 115,A01,2.0,10.0,0,2,2,15,1.0,
202400039531,155 712 112,A01,1.0,7.0,0,2,1,26,1.0,
202400039532,155 712 106,A01,2.0,7.0,8,0,2,14,1.0,
202400039533,155 712 107,A01,2.0,7.0,0,2,4,2,1.0,
202400039534,155 712 104,A01,1.0,7.0,0,2,3,11,1.0,
202400039535,155 712 101,A01,2.0,7.0,12,0,9,2,1.0,
202400039536,155 712 100,A01,1.0,7.0,0,2,6,1,2.0,
202400039537,155 712 098,B01,1.0,7.0,0,2,0,0,1.0,
202400039538,155 712 096,A01,1.0,7.0,0,2,1,0,1.0,
202400039539,155 712 099,A01,1.0,33.0,6,0,1,26,1.0,
202400039540,155 712 094,A01,1.0,7.0,0,1,2,0,1.0,
202400039541,155 712 093,A01,1.0,37.0,0,0,5,17,1.0,1
202400039542,155 712 091,A01,1.0,33.0,0,6,0,1,1.0,
202400039543,155 712 087,A01,3.0,31.0,0,0,7,1,1.0,
202400039544,155 712 086,A01,1.0,7.0,0,2,1,1,1.0,
202400039545,155 712 081,A01,1.0,33.0,0,2,7,15,1.0,
202400039546,155 712 078,B01,1.0,3.0,15,0,4,2,1.0,
202400039547,155 712 080,A01,1.0,14.0,0,2,2,1,1.0,
202400039548,155 712 074,A01,1.0,2.0,0,0,0,17,1.0,
202400039549,155 712 075,A01,2.0,50.0,14,0,1,1,3.0,
202400039550,155 712 072,D01,2.0,10.0,0,2,4,2,1.0,
202400039551,155 712 068,A01,0.0,7.0,0,2,1,1,1.0,
202400039552,155 712 066,A01,1.0,33.0,4,0,1,1,1.0,
202400039553,155 712 067,A01,3.0,33.0,0,2,1,2,1.0,
202400039554,155 712 062,B01,1.0,7.0,0,2,1,1,1.0,
202400039555,155 712 063,A01,3.0,10.0,0,2,1,1,1.0,
202400039556,155 712 060,SA01,3.0,10.0,0,1,6,4,1.0,
202400039557,155 712 061,A01,1.0,7.0,16,0,0,14,1.0,
202400039558,155 712 057,B01,1.0,2.0,0,0,0,17,1.0,
202400039559,155 712 056,A01,1.0,7.0,0,2,7,15,1.0,
202400039560,155 712 054,A01,1.0,2.0,1,2,2,18,1.0,
202400039561,155 712 053,A01,2.0,10.0,0,2,1,1,1.0,
202400039562,155 712 050,A01,0.0,2.0,0,1,7,23,1.0,
202400039563,155 712 047,A01,1.0,33.0,0,2,1,1,1.0,
202400039564,155 712 046,A01,2.0,14.0,0,2,1,2,1.0,
202400039565,155 712 042,A01,2.0,33.0,0,2,1,26,1.0,
202400039566,155 712 043,B01,2.0,7.0,0,2,1,1,1.0,
202400039567,155 712 041,A01,0.0,1.0,0,0,0,1,5.0,
202400039568,155 712 039,A01,1.0,7.0,13,0,3,1,1.0,
202400039569,155 712 037,A01,2.0,10.0,0,1,5,20,1.0,
202400039570,155 712 038,A01,1.0,7.0,0,2,8,9,1.0,
202400039571,155 712 034,A01,1.0,33.0,0,0,0,0,1.0,
202400039572,155 712 033,B01,1.0,80.0,0,1,1,1,3.0,
202400039573,155 712 030,A01,1.0,33.0,0,0,4,1,1.0,
202400039574,155 712 028,A01,0.0,1.0,0,1,1,0,5.0,
202400039575,155 712 029,A01,1.0,33.0,0,2,1,3,1.0,
202400039576,155 712 027,A01,1.0,10.0,0,0,3,15,1.0,
202400039577,155 712 024,A01,3.0,7.0,0,2,1,1,0.0,
202400039578,155 712 023,A01,2.0,33.0,0,0,0,21,1.0,
202400039579,155 712 022,A01,1.0,13.0,1,1,1,2,3.0,
202400039580,155 712 021,A01,1.0,7.0,0,2,1,1,1.0,
202400039581,155 712 016,B01,0.0,31.0,0,2,7,1,1.0,
202400039582,155 712 015,A01,1.0,7.0,0,0,6,15,1.0,
202400039583,155 712 014,A01,1.0,7.0,1,1,8,19,2.0,
202400039584,155 712 017,A01,2.0,7.0,0,2,3,1,1.0,
202400039585,155 712 012,B01,2.0,21.0,0,2,3,15,1.0,
202400039586,155 712 011,A01,2.0,7.0,15,0,2,1,1.0,
202400039587,155 712 008,A01,2.0,33.0,2,0,0,0,1.0,
202400039588,155 712 007,A01,0.0,7.0,0,2,1,1,1.0,
202400039589,155 712 006,B01,2.0,17.0,0,2,2,1,1.0,
202400039590,155 712 004,A01,1.0,7.0,6,0,8,1,1.0,
202400039591,155 712 001,A01,2.0,50.0,0,1,0,25,3.0,
202400039592,155 711 999,A01,2.0,33.0,0,0,8,1,1.0,
202400039593,155 711 998,B01,1.0,33.0,0,2,1,1,1.0,
202400039594,155 711 995,B01,2.0,7.0,0,0,4,9,1.0,
202400039595,155 711 992,C01,1.0,7.0,0,2,9,2,1.0,
202400039596,155 711 990,A01,3.0,7.0,4,2,2,2,1.0,
202400039597,155 711 989,A01,1.0,31.0,0,0,7,1,1.0,
202400039598,155 711 988,A01,1.0,7.0,1,0,1,1,1.0,
202400039599,155 711 987,A01,1.0,7.0,0,2,2,15,1.0,
202400039600,155 711 985,A01,1.0,7.0,0,1,3,1,1.0,
202400039601,155 711 984,A01,0.0,33.0,13,0,1,0,1.0,
202400039602,155 711 983,A01,2.0,7.0,0,2,2,17,1.0,
202400039603,155 711 980,A01,1.0,33.0,0,2,1,3,1.0,
202400039604,155 711 977,A01,2.0,7.0,13,0,1,13,1.0,
202400039605,155 711 978,A01,1.0,7.0,0,2,1,1,1.0,
202400039606,155 711 975,A01,1.0,7.0,0,0,4,1,1.0,
202400039607,155 711 972,A01,1.0,7.0,6,0,2,14,1.0,
202400039608,155 711 970,Z01,1.0,7.0,0,2,0,12,0.0,
202400039609,155 711 973,A01,1.0,7.0,0,2,1,19,1.0,
202400039610,155 711 969,A01,2.0,7.0,0,1,3,1,1.0,
202400039611,155 711 968,A01,1.0,10.0,0,2,3,15,1.0,
202400039612,155 711 966,A01,2.0,31.0,0,0,7,1,1.0,
202400039613,155 711 965,A01,2.0,34.0,0,2,1,1,1.0,
202400039614,155 711 962,A01,1.0,7.0,0,1,1,26,1.0,
202400039615,155 711 961,A01,2.0,33.0,0,0,4,1,1.0,
202400039616,155 711 960,A01,1.0,7.0,0,0,1,1,1.0,
202400039617,155 711 959,A01,2.0,30.0,0,2,1,2,1.0,
202400039618,155 711 958,A01,1.0,7.0,6,0,1,14,1.0,
202400039619,155 711 957,A01,1.0,7.0,0,1,2,1,1.0,
202400039620,155 711 955,A01,2.0,7.0,0,2,8,9,1.0,
202400039621,155 711 953,A01,1.0,7.0,0,2,1,1,1.0,
202400039622,155 711 951,A01,1.0,7.0,0,1,1,1,1.0,
202400039623,155 711 950,A01,1.0,7.0,5,0,1,1,1.0,
202400039624,155 711 949,B01,0.0,1.0,0,2,1,19,5.0,
202400039625,155 711 948,A01,2.0,7.0,8,0,1,14,1.0,
202400039626,155 711 947,A01,2.0,7.0,12,0,1,1,1.0,
202400039627,155 711 943,B01,2.0,21.0,0,2,3,9,1.0,
202400039628,155 711 942,A01,2.0,7.0,0,2,1,1,1.0,
202400039629,155 711 941,A01,2.0,7.0,0,2,1,15,1.0,
202400039630,155 711 936,A01,1.0,33.0,0,0,2,6,1.0,
202400039631,155 711 937,B01,2.0,7.0,0,2,3,1,1.0,
202400039632,155 711 938,A01,1.0,10.0,0,2,2,15,1.0,
202400039633,155 711 933,A01,1.0,7.0,0,2,1,1,1.0,
202400039634,155 711 932,A01,1.0,7.0,8,0,7,1,1.0,
202400039635,155 711 931,A01,3.0,50.0,0,2,1,1,3.0,
202400039636,155 711 929,A01,2.0,7.0,0,1,1,1,1.0,
202400039637,155 711 924,A01,3.0,7.0,9,2,0,15,1.0,
202400039638,155 711 925,B01,1.0,7.0,13,2,1,1,1.0,
202400039639,155 711 923,B01,2.0,7.0,0,9,1,1,1.0,
202400039640,155 711 921,A01,3.0,3.0,2,2,3,15,1.0,
202400039641,155 711 917,A01,3.0,10.0,0,2,5,16,1.0,
202400039642,155 711 919,A01,2.0,7.0,0,2,3,5,1.0,
202400039643,155 711 916,A01,2.0,33.0,13,0,1,1,1.0,
202400039644,155 711 915,A01,2.0,7.0,0,2,7,1,0.0,
202400039645,155 711 913,A01,1.0,7.0,0,2,3,16,1.0,
202400039646,155 711 911,A01,1.0,7.0,2,0,1,1,1.0,
202400039647,155 711 908,B01,2.0,33.0,0,2,0,0,1.0,
202400039648,155 711 909,A01,1.0,33.0,16,0,0,1,1.0,
202400039649,155 711 903,Z01,3.0,1.0,0,1,1,5,0.0,
202400039650,155 711 904,A01,2.0,33.0,13,0,3,1,1.0,
202400039651,155 711 902,B01,1.0,7.0,0,4,1,10,0.0,
202400039652,155 711 900,A01,1.0,7.0,0,9,1,1,1.0,
202400039653,155 711 898,A01,3.0,1.0,0,2,8,19,5.0,
202400039654,155 711 897,A01,2.0,7.0,0,0,2,0,1.0,
202400039655,155 711 895,A01,0.0,2.0,17,2,2,15,1.0,
202400039656,155 711 896,A01,2.0,33.0,12,0,1,16,1.0,
202400039657,155 711 893,A01,1.0,32.0,0,2,2,0,1.0,
202400039658,155 711 889,A01,3.0,21.0,0,1,2,1,0.0,
202400039659,155 711 888,B01,1.0,7.0,0,2,6,2,1.0,
202400039660,155 711 891,A01,3.0,7.0,15,0,2,0,1.0,
202400039661,155 711 887,A01,1.0,2.0,0,2,7,1,1.0,
202400039662,155 711 882,A01,2.0,7.0,0,1,2,9,3.0,
202400039663,155 711 883,A01,1.0,31.0,2,9,1,2,1.0,
202400039664,155 711 884,B01,2.0,2.0,0,2,1,1,1.0,
202400039665,155 711 880,A01,2.0,7.0,0,2,2,12,1.0,
202400039666,155 711 879,A01,2.0,33.0,0,2,1,13,1.0,
202400039667,155 711 875,A01,1.0,7.0,6,2,2,1,1.0,
202400039668,155 711 876,A01,2.0,7.0,2,0,1,1,1.0,
202400039669,155 711 873,B01,2.0,7.0,0,2,2,17,1.0,
202400039670,155 711 872,A01,2.0,1.0,7,0,1,0,5.0,
202400039671,155 711 871,B01,1.0,33.0,0,2,1,1,1.0,
202400039672,155 711 869,A01,1.0,7.0,2,0,1,1,1.0,
202400039673,155 711 864,C01,2.0,30.0,0,0,0,1,1.0,
202400039674,155 711 863,A01,3.0,7.0,0,2,1,19,1.0,
202400039675,155 711 862,A01,3.0,2.0,0,2,1,13,1.0,
202400039676,155 711 861,B01,3.0,33.0,0,2,1,16,1.0,
202400039677,155 711 859,A01,2.0,7.0,0,2,2,17,1.0,
202400039678,155 711 858,A01,1.0,31.0,0,0,0,14,1.0,
202400039679,155 711 854,A01,3.0,2.0,0,0,0,1,1.0,
202400039680,155 711 855,B01,2.0,33.0,0,2,1,17,1.0,
202400039681,155 711 852,A01,1.0,7.0,13,2,1,3,0.0,
202400039682,155 711 847,A01,3.0,7.0,0,0,0,21,1.0,
202400039683,155 711 849,B01,1.0,7.0,0,2,2,19,1.0,
202400039684,155 711 846,A01,2.0,7.0,0,0,3,19,1.0,
202400039685,155 711 844,A01,1.0,7.0,2,0,1,1,1.0,
202400039686,155 711 843,A01,1.0,7.0,2,0,3,1,1.0,
202400039687,155 711 841,B01,3.0,31.0,0,2,5,0,1.0,
202400039688,155 711 839,B01,2.0,33.0,0,2,8,1,1.0,
202400039689,155 711 840,A01,1.0,7.0,0,1,3,1,1.0,
202400039690,155 711 833,B01,1.0,7.0,0,2,2,17,1.0,
202400039691,155 711 830,A01,2.0,31.0,0,0,0,1,1.0,
202400039692,155 711 829,B01,1.0,1.0,0,2,7,1,5.0,
202400039693,155 711 827,A01,3.0,7.0,0,2,1,2,1.0,
202400039694,155 711 822,B01,2.0,7.0,0,0,0,13,1.0,
202400039695,155 711 820,A01,1.0,7.0,0,2,3,15,1.0,
202400039696,155 711 825,A01,3.0,7.0,0,0,0,1,1.0,
202400039697,155 711 823,A01,2.0,10.0,0,2,8,10,1.0,
202400039698,155 711 819,A01,1.0,7.0,2,0,2,0,1.0,
202400039699,155 711 818,A01,1.0,7.0,2,0,1,1,1.0,
202400039700,155 711 816,A01,3.0,7.0,0,1,1,1,1.0,
202400039701,155 711 814,B01,1.0,2.0,0,2,1,1,1.0,
202400039702,155 711 811,B01,1.0,1.0,0,2,1,1,5.0,
202400039703,155 711 808,A01,1.0,7.0,0,2,1,13,1.0,
202400039704,155 711 809,A01,3.0,1.0,0,2,7,1,5.0,
202400039705,155 711 806,A01,2.0,7.0,0,2,1,1,1.0,
202400039706,155 711 805,A01,2.0,43.0,3,0,3,13,1.0,
202400039707,155 711 804,A01,2.0,33.0,0,0,8,1,1.0,