Num_Acc,id_vehicule,num_veh,senc,catv,obs,obsm,choc,manv,motor,occutc
202400039708,155 711 803,A01,0.0,7.0,0,2,5,9,1.0,
202400039709,155 711 797,B01,2.0,2.0,0,2,2,1,0.0,
202400039710,155 711 796,B01,1.0,1.0,0,2,5,18,5.0,
202400039711,155 711 795,A01,2.0,33.0,0,2,8,13,1.0,
202400039712,155 711 792,A01,3.0,60.0,0,2,1,2,5.0,
202400039713,155 711 790,A01,1.0,7.0,15,1,2,1,1.0,
202400039714,155 711 791,A01,1.0,7.0,0,2,3,11,1.0,
202400039715,155 711 785,B01,3.0,50.0,0,2,1,17,3.0,
202400039716,155 711 787,B01,3.0,7.0,0,2,2,15,1.0,
202400039717,155 711 786,A01,2.0,7.0,0,1,2,1,1.0,
202400039718,155 711 783,A01,2.0,7.0,0,2,6,11,1.0,
202400039719,155 711 782,A01,1.0,7.0,6,0,2,2,1.0,
202400039720,155 711 781,A01,0.0,7.0,0,0,0,1,1.0,
202400039721,155 711 778,A01,1.0,7.0,8,0,3,0,1.0,
202400039722,155 711 779,A01,1.0,7.0,0,2,3,15,1.0,
202400039723,155 711 776,A01,1.0,33.0,0,2,1,9,1.0,
202400039724,155 711 774,B01,2.0,50.0,0,0,4,2,3.0,
202400039725,155 711 769,A01,2.0,34.0,4,0,7,14,1.0,
202400039726,155 711 768,C01,1.0,7.0,0,2,1,1,1.0,
202400039727,155 711 766,A01,2.0,7.0,0,2,3,1,1.0,
202400039728,155 711 760,A01,2.0,7.0,0,2,7,17,1.0,
202400039729,155 711 761,A01,3.0,7.0,0,0,3,9,1.0,
202400039730,155 711 759,B01,2.0,14.0,0,2,8,1,0.0,
202400039731,155 711 758,A01,2.0,7.0,0,1,1,1,1.0,
202400039732,155 711 756,A01,1.0,7.0,0,2,1,1,1.0,
202400039733,155 711 755,A01,1.0,7.0,0,1,1,1,1.0,
202400039734,155 711 753,A01,2.0,2.0,0,0,0,0,1.0,
202400039735,155 711 752,A01,1.0,33.0,0,2,1,1,1.0,
202400039736,155 711 751,A01,3.0,10.0,0,1,4,20,1.0,
202400039737,155 711 749,A01,1.0,7.0,8,0,1,13,1.0,
202400039738,155 711 750,A01,1.0,33.0,0,0,0,1,1.0,
202400039739,155 711 747,A01,1.0,7.0,2,0,1,14,1.0,
202400039740,155 711 746,B01,2.0,32.0,0,2,1,1,1.0,
202400039741,155 711 744,A01,3.0,10.0,0,1,2,19,1.0,
202400039742,155 711 743,A01,0.0,7.0,0,2,1,1,1.0,
202400039743,155 711 739,A01,1.0,7.0,3,0,1,1,1.0,
202400039744,155 711 740,A01,3.0,33.0,0,1,2,25,1.0,
202400039745,155 711 734,A01,3.0,7.0,0,2,0,2,1.0,
202400039746,155 711 732,A01,2.0,7.0,0,0,9,1,2.0,
202400039747,155 711 733,A01,1.0,33.0,0,2,3,13,1.0,
202400039748,155 711 729,B01,3.0,99.0,0,2,2,1,1.0,
202400039749,155 711 730,A01,1.0,3.0,12,0,7,15,3.0,
202400039750,155 711 728,A01,1.0,15.0,0,1,1,1,1.0,
202400039751,155 711 726,A01,2.0,7.0,0,2,1,13,1.0,
202400039752,155 711 722,A01,2.0,33.0,0,9,1,1,1.0,
202400039753,155 711 721,A01,2.0,7.0,0,2,2,9,1.0,
202400039754,155 711 720,A01,2.0,80.0,12,0,0,1,3.0,
202400039755,155 711 719,A01,3.0,10.0,0,1,1,1,1.0,
202400039756,155 711 717,A01,2.0,33.0,0,0,2,1,1.0,
202400039757,155 711 716,A01,2.0,7.0,0,2,1,2,1.0,
202400039758,155 711 713,A01,2.0,7.0,0,2,7,19,1.0,
202400039759,155 711 712,A01,1.0,33.0,0,0,2,1,1.0,
202400039760,155 711 711,B01,3.0,1.0,0,2,1,1,5.0,
202400039761,155 711 707,A01,1.0,33.0,0,0,9,1,1.0,
202400039762,155 711 708,A01,2.0,1.0,0,2,8,1,5.0,
202400039763,155 711 706,B01,2.0,10.0,0,2,6,11,1.0,
202400039764,155 711 704,A01,2.0,7.0,0,1,1,1,1.0,
202400039765,155 711 703,A01,1.0,31.0,0,2,0,5,1.0,
202400039766,155 711 702,A01,2.0,7.0,4,0,1,26,1.0,
202400039767,155 711 699,A01,2.0,33.0,0,2,7,0,1.0,
202400039768,155 711 697,A01,1.0,7.0,0,2,4,2,2.0,
202400039769,155 711 695,A01,1.0,33.0,0,0,0,1,1.0,
202400039770,155 711 694,A01,3.0,33.0,0,2,7,17,1.0,
202400039771,155 711 692,A01,1.0,7.0,0,2,2,15,1.0,
202400039772,155 711 690,A01,1.0,33.0,0,2,1,2,1.0,
202400039773,155 711 688,A01,1.0,7.0,15,2,3,13,1.0,
202400039774,155 711 686,A01,1.0,7.0,8,0,1,13,1.0,
202400039775,155 711 685,A01,2.0,7.0,0,2,2,13,1.0,
202400039776,155 711 681,A01,3.0,7.0,0,2,3,13,1.0,
202400039777,155 711 682,A01,1.0,7.0,0,0,1,13,1.0,
202400039778,155 711 679,A01,2.0,7.0,2,0,1,13,1.0,
202400039779,155 711 678,A01,2.0,1.0,0,2,3,1,5.0,
202400039780,155 711 676,B01,1.0,1.0,0,2,4,2,5.0,
202400039781,155 711 674,A01,1.0,10.0,8,0,1,1,1.0,
202400039782,155 711 673,A01,2.0,7.0,0,2,7,11,1.0,
202400039783,155 711 671,A01,3.0,10.0,8,0,1,13,1.0,
202400039784,155 711 672,A01,2.0,10.0,0,0,7,1,1.0,
202400039785,155 711 669,A01,2.0,33.0,0,2,1,17,1.0,
202400039786,155 711 666,B01,2.0,33.0,0,2,1,1,1.0,
202400039787,155 711 664,A01,3.0,36.0,0,0,9,1,1.0,
202400039788,155 711 663,A01,1.0,7.0,0,2,1,2,1.0,
202400039789,155 711 661,A01,1.0,36.0,0,0,2,1,1.0,
202400039790,155 711 659,A01,3.0,7.0,0,2,4,4,1.0,
202400039791,155 711 657,A01,1.0,7.0,0,2,3,15,2.0,
202400039792,155 711 655,A01,2.0,33.0,0,2,1,1,1.0,
202400039793,155 711 653,A01,0.0,31.0,0,0,0,1,1.0,
202400039794,155 711 651,A01,3.0,33.0,0,0,9,1,1.0,
202400039795,155 711 652,B01,1.0,7.0,0,2,1,1,1.0,
202400039796,155 711 650,A01,2.0,7.0,0,1,1,1,1.0,
202400039797,155 711 649,A01,1.0,13.0,9,1,5,17,1.0,
202400039798,155 711 647,A01,1.0,33.0,0,2,1,2,1.0,
202400039799,155 711 643,B01,1.0,7.0,0,2,9,2,1.0,
202400039800,155 711 642,A01,2.0,10.0,1,0,1,2,1.0,
202400039801,155 711 638,B01,2.0,7.0,0,2,9,13,1.0,
202400039802,155 711 639,A01,1.0,7.0,4,0,1,17,1.0,
202400039803,155 711 636,A01,2.0,7.0,0,2,1,2,1.0,
202400039804,155 711 633,A01,2.0,43.0,0,2,3,3,0.0,
202400039805,155 711 632,A01,3.0,50.0,0,2,1,15,3.0,
202400039806,155 711 630,B01,1.0,10.0,0,2,5,1,1.0,
202400039807,155 711 626,A01,1.0,7.0,0,2,8,11,1.0,
202400039808,155 711 627,B01,2.0,2.0,0,2,1,1,1.0,
202400039809,155 711 621,C01,1.0,7.0,0,2,4,1,1.0,
202400039810,155 711 620,A01,2.0,7.0,4,2,2,1,1.0,
202400039811,155 711 618,B01,1.0,7.0,0,2,2,0,1.0,
202400039812,155 711 617,A01,1.0,7.0,1,1,2,0,1.0,
202400039813,155 711 615,A01,1.0,30.0,0,2,1,5,3.0,
202400039814,155 711 612,A01,2.0,33.0,3,0,1,0,1.0,
202400039815,155 711 613,A01,1.0,7.0,0,2,3,1,1.0,
202400039816,155 711 610,A01,2.0,7.0,0,2,1,1,1.0,
202400039817,155 711 606,C01,1.0,33.0,0,2,2,2,1.0,
202400039818,155 711 605,B01,1.0,50.0,0,2,8,15,3.0,
202400039819,155 711 603,A01,1.0,7.0,0,2,8,15,1.0,
202400039820,155 711 601,A01,3.0,7.0,0,0,9,13,1.0,
202400039821,155 711 599,B01,3.0,7.0,0,2,6,1,1.0,
202400039822,155 711 597,B01,2.0,2.0,0,0,0,0,1.0,
202400039823,155 711 592,B01,1.0,7.0,0,2,1,0,1.0,
202400039824,155 711 591,B01,1.0,10.0,3,0,4,2,0.0,
202400039825,155 711 589,B01,2.0,7.0,0,2,1,1,1.0,
202400039826,155 711 585,B01,1.0,7.0,0,2,1,16,1.0,
202400039827,155 711 586,A01,1.0,7.0,0,2,3,9,1.0,
202400039828,155 711 583,A01,1.0,7.0,0,2,8,9,1.0,
202400039829,155 711 579,C01,1.0,7.0,0,2,0,0,1.0,
202400039830,155 711 581,A01,2.0,7.0,6,0,1,14,1.0,
202400039831,155 711 577,B01,3.0,50.0,0,2,8,1,3.0,
202400039832,155 711 574,A01,2.0,7.0,0,2,1,15,1.0,
202400039833,155 711 575,A01,1.0,7.0,0,1,0,1,1.0,
202400039834,155 711 573,A01,0.0,33.0,8,0,7,14,1.0,
202400039835,155 711 571,A01,0.0,33.0,0,2,1,1,1.0,
202400039836,155 711 569,A01,2.0,7.0,0,1,1,9,1.0,
202400039837,155 711 568,B01,2.0,7.0,0,2,3,23,1.0,
202400039838,155 711 564,B01,2.0,37.0,0,2,3,1,1.0,4
202400039839,155 711 563,B01,2.0,7.0,0,2,6,15,1.0,
202400039840,155 711 562,A01,3.0,7.0,0,1,1,1,3.0,
202400039841,155 711 561,A01,2.0,7.0,0,1,1,26,1.0,
202400039842,155 711 559,A01,1.0,7.0,0,2,3,0,1.0,
202400039843,155 711 558,B01,2.0,33.0,0,2,4,1,1.0,
202400039844,155 711 557,A01,2.0,7.0,2,0,1,9,1.0,
202400039845,155 711 555,B01,1.0,7.0,0,2,4,23,1.0,
202400039846,155 711 552,A01,2.0,30.0,1,2,1,1,1.0,
202400039847,155 711 551,A01,2.0,7.0,0,2,3,15,2.0,
202400039848,155 711 550,A01,1.0,7.0,8,0,1,1,1.0,
202400039849,155 711 548,B01,2.0,7.0,0,2,1,1,1.0,
202400039850,155 711 547,A01,2.0,7.0,0,1,2,1,1.0,
202400039851,155 711 545,A01,3.0,33.0,0,2,2,17,1.0,
202400039852,155 711 544,A01,3.0,7.0,8,0,0,0,1.0,
202400039853,155 711 542,A01,3.0,7.0,0,0,1,1,1.0,
202400039854,155 711 541,B01,1.0,2.0,0,2,8,1,1.0,
202400039855,155 711 540,A01,1.0,33.0,0,0,0,15,1.0,
202400039856,155 711 538,A01,1.0,7.0,0,2,3,2,1.0,
202400039857,155 711 535,A01,3.0,50.0,8,0,0,26,3.0,
202400039858,155 711 536,A01,3.0,7.0,0,2,1,26,6.0,
202400039859,155 711 531,B01,0.0,7.0,0,2,3,1,1.0,
202400039860,155 711 532,A01,2.0,33.0,0,2,1,21,1.0,
202400039861,155 711 529,A01,2.0,7.0,16,0,9,14,1.0,
202400039862,155 711 528,B01,3.0,1.0,0,2,7,1,5.0,
202400039863,155 711 526,A01,1.0,7.0,0,2,7,2,2.0,
202400039864,155 711 524,B01,3.0,7.0,0,2,8,9,1.0,
202400039865,155 711 523,A01,3.0,7.0,0,1,1,0,0.0,
202400039866,155 711 522,A01,2.0,3.0,0,0,0,26,3.0,
202400039867,155 711 519,A01,1.0,7.0,0,2,3,2,1.0,
202400039868,155 711 517,A01,1.0,7.0,0,2,1,1,1.0,
202400039869,155 711 516,A01,1.0,30.0,12,0,8,1,1.0,
202400039870,155 711 514,B01,3.0,33.0,0,2,1,1,1.0,
202400039871,155 711 513,A01,1.0,7.0,13,0,1,1,1.0,
202400039872,155 711 510,A01,2.0,30.0,0,2,3,1,1.0,
202400039873,155 711 509,B01,2.0,2.0,0,2,1,1,1.0,
202400039874,155 711 508,A01,0.0,36.0,0,0,0,26,1.0,
202400039875,155 711 507,A01,3.0,50.0,14,0,1,0,3.0,
202400039876,155 711 506,A01,0.0,7.0,4,0,1,14,1.0,
202400039877,155 711 505,A01,3.0,7.0,0,1,1,0,1.0,
202400039878,155 711 504,Z01,0.0,50.0,0,9,1,25,3.0,
202400039879,155 711 503,A01,1.0,30.0,0,0,7,14,1.0,
202400039880,155 711 502,A01,0.0,31.0,16,0,7,26,1.0,
202400039881,155 711 500,A01,1.0,7.0,0,1,1,2,1.0,
202400039882,155 711 499,B01,3.0,31.0,0,2,0,0,1.0,
202400039883,155 711 498,A01,1.0,2.0,8,0,2,26,1.0,
202400039884,155 711 496,A01,3.0,7.0,0,1,2,26,1.0,
202400039885,155 711 495,B01,0.0,37.0,0,2,3,1,2.0,1
202400039886,155 711 492,A01,3.0,34.0,0,2,1,17,1.0,
202400039887,155 711 491,A01,2.0,7.0,0,2,3,1,1.0,
202400039888,155 711 488,A01,3.0,7.0,1,0,3,9,1.0,
202400039889,155 711 485,A01,1.0,7.0,0,2,2,15,1.0,
202400039890,155 711 483,Z01,2.0,7.0,0,2,1,2,0.0,
202400039891,155 711 480,A01,3.0,7.0,0,9,1,1,1.0,
202400039892,155 711 479,B01,3.0,50.0,0,2,8,1,3.0,
202400039893,155 711 476,B01,2.0,37.0,0,2,3,1,1.0,19
202400039894,155 711 474,A01,1.0,7.0,0,9,3,26,2.0,
202400039895,155 711 475,B01,1.0,50.0,0,2,7,1,3.0,
202400039896,155 711 470,B01,1.0,7.0,0,0,4,2,2.0,
202400039897,155 711 473,A01,3.0,7.0,0,1,1,15,1.0,
202400039898,155 711 471,A01,3.0,7.0,0,1,4,4,1.0,
202400039899,155 711 467,B01,3.0,7.0,0,2,6,20,1.0,
202400039900,155 711 462,A01,3.0,7.0,0,1,2,2,2.0,
202400039901,155 711 463,A01,1.0,37.0,0,2,1,2,1.0,1
202400039902,155 711 461,C01,1.0,7.0,0,2,4,21,1.0,
202400039903,155 711 458,B01,3.0,7.0,0,2,4,2,1.0,
202400039904,155 711 455,A01,2.0,7.0,0,2,1,2,1.0,
202400039905,155 711 454,A01,1.0,7.0,0,2,3,1,1.0,
202400039906,155 711 453,A01,3.0,31.0,4,0,0,14,0.0,
202400039907,155 711 449,B01,1.0,7.0,0,2,5,1,1.0,
202400039908,155 711 447,A01,3.0,32.0,0,2,3,1,1.0,
202400039909,155 711 448,B01,1.0,80.0,0,2,1,1,2.0,
202400039910,155 711 444,A01,3.0,7.0,0,0,1,18,1.0,
202400039911,155 711 445,A01,2.0,10.0,0,2,7,12,1.0,
202400039912,155 711 440,A01,1.0,7.0,0,9,2,2,1.0,
202400039913,155 711 438,A01,1.0,7.0,0,2,1,1,1.0,
202400039914,155 711 439,A01,1.0,33.0,0,2,1,3,1.0,
202400039915,155 711 436,A01,3.0,7.0,0,1,5,20,1.0,
202400039916,155 711 435,A01,1.0,7.0,0,1,1,1,2.0,
202400039917,155 711 430,A01,0.0,7.0,0,2,2,16,1.0,
202400039918,155 711 433,C01,3.0,1.0,0,2,7,2,5.0,
202400039919,155 711 429,B01,2.0,7.0,0,2,8,1,2.0,
202400039920,155 711 426,A01,2.0,31.0,0,2,1,1,1.0,
202400039921,155 711 425,A01,3.0,7.0,0,1,2,17,1.0,
202400039922,155 711 424,B01,3.0,7.0,1,0,0,0,1.0,
202400039923,155 711 421,A01,1.0,7.0,1,0,2,2,1.0,
202400039924,155 711 418,B01,2.0,33.0,0,2,4,2,1.0,
202400039925,155 711 417,A01,1.0,33.0,0,1,1,13,1.0,
202400039926,155 711 415,A01,2.0,1.0,1,0,1,1,5.0,
202400039927,155 711 410,C01,1.0,80.0,0,2,1,1,3.0,
202400039928,155 711 409,A01,1.0,31.0,0,2,1,0,1.0,
202400039929,155 711 404,A01,1.0,1.0,0,2,5,17,5.0,
202400039930,155 711 403,C01,1.0,7.0,0,2,2,1,1.0,
202400039931,155 711 405,A01,0.0,7.0,0,1,4,20,1.0,
202400039932,155 711 401,A01,3.0,7.0,0,1,2,1,2.0,
202400039933,155 711 398,A01,3.0,33.0,0,2,1,18,1.0,
202400039934,155 711 399,A01,0.0,7.0,0,2,5,2,1.0,
202400039935,155 711 394,B01,1.0,50.0,0,2,1,1,3.0,
202400039936,155 711 395,A01,3.0,7.0,0,1,2,1,1.0,
202400039937,155 711 393,B01,3.0,7.0,0,2,1,1,1.0,
202400039938,155 711 389,B01,3.0,7.0,0,2,8,24,1.0,
202400039939,155 711 388,A01,1.0,7.0,0,2,3,2,1.0,
202400039940,155 711 387,A01,2.0,7.0,0,2,3,1,1.0,
202400039941,155 711 382,A01,2.0,7.0,0,2,7,24,2.0,
202400039942,155 711 384,B01,3.0,60.0,0,2,1,5,5.0,
202400039943,155 711 383,A01,0.0,7.0,8,0,1,0,1.0,
202400039944,155 711 381,A01,2.0,7.0,0,1,3,1,1.0,
202400039945,155 711 380,A01,2.0,7.0,13,0,1,0,1.0,
202400039946,155 711 377,A01,2.0,33.0,7,0,1,14,1.0,
202400039947,155 711 376,A01,3.0,7.0,0,1,1,20,1.0,
202400039948,155 711 375,A01,2.0,7.0,0,2,1,2,1.0,
202400039949,155 711 372,A01,2.0,31.0,0,2,1,18,1.0,
202400039950,155 711 371,B01,3.0,60.0,0,2,1,19,5.0,
202400039951,155 711 369,B01,1.0,31.0,0,2,1,2,1.0,
202400039952,155 711 367,A01,2.0,7.0,13,0,1,1,1.0,
202400039953,155 711 362,A01,1.0,33.0,0,0,1,0,1.0,
202400039954,155 711 363,A01,2.0,7.0,0,2,2,2,1.0,
202400039955,155 711 364,A01,0.0,7.0,0,2,1,0,1.0,
202400039956,155 711 361,A01,1.0,0.0,6,0,1,1,0.0,
202400039957,155 711 358,A01,3.0,7.0,0,2,6,10,1.0,
202400039958,155 711 359,A01,1.0,7.0,0,1,3,0,1.0,
202400039959,155 711 357,A01,1.0,7.0,0,0,0,0,1.0,
202400039960,155 711 355,A01,2.0,43.0,0,0,2,23,1.0,
202400039961,155 711 354,B01,2.0,7.0,0,2,1,0,1.0,
202400039962,155 711 351,A01,1.0,33.0,0,2,1,1,1.0,
202400039963,155 711 350,B01,1.0,7.0,0,2,1,15,1.0,
202400039964,155 711 345,A01,2.0,7.0,0,0,0,0,1.0,
202400039965,155 711 344,C01,2.0,7.0,0,2,1,16,1.0,
202400039966,155 711 343,A01,3.0,7.0,0,2,7,19,1.0,
202400039967,155 711 341,B01,1.0,1.0,1,0,1,1,5.0,
202400039968,155 711 337,A01,2.0,50.0,1,0,1,0,3.0,
202400039969,155 711 336,A01,2.0,7.0,0,2,2,17,1.0,
202400039970,155 711 333,A01,2.0,33.0,0,1,2,1,1.0,
202400039971,155 711 334,A01,3.0,13.0,0,2,6,1,1.0,
202400039972,155 711 332,A01,1.0,7.0,2,0,0,13,1.0,
202400039973,155 711 331,A01,2.0,80.0,0,0,0,1,3.0,
202400039974,155 711 329,A01,2.0,7.0,0,1,1,1,2.0,
202400039975,155 711 328,B01,1.0,1.0,0,2,0,15,5.0,
202400039976,155 711 325,B01,1.0,10.0,0,2,4,1,3.0,
202400039977,155 711 323,A01,3.0,7.0,1,1,2,14,2.0,
202400039978,155 711 321,A01,1.0,50.0,0,2,3,15,3.0,
202400039979,155 711 318,A01,2.0,30.0,0,2,1,18,1.0,
202400039980,155 711 317,A01,1.0,7.0,0,2,1,1,1.0,
202400039981,155 711 316,Z01,2.0,30.0,0,1,0,26,0.0,
202400039982,155 711 315,A01,1.0,7.0,14,0,3,0,1.0,
202400039983,155 711 311,A01,2.0,7.0,0,2,1,15,1.0,
202400039984,155 711 312,A01,3.0,7.0,0,2,2,2,1.0,
202400039985,155 711 309,A01,1.0,7.0,0,2,8,9,1.0,
202400039986,155 711 304,A01,2.0,33.0,0,0,0,1,1.0,
202400039987,155 711 305,A01,1.0,33.0,0,2,4,1,1.0,
202400039988,155 711 306,B01,2.0,33.0,0,2,1,1,1.0,
202400039989,155 711 302,A01,2.0,7.0,2,0,8,13,1.0,
202400039990,155 711 300,A01,2.0,7.0,0,2,1,13,1.0,
202400039991,155 711 299,B01,3.0,34.0,0,2,0,0,0.0,
202400039992,155 711 297,A01,3.0,7.0,0,0,3,15,1.0,
202400039993,155 711 294,A01,1.0,7.0,0,2,2,1,1.0,
202400039994,155 711 292,B01,3.0,33.0,0,2,1,1,1.0,
202400039995,155 711 291,A01,3.0,7.0,2,0,3,1,1.0,
202400039996,155 711 290,B01,2.0,33.0,0,2,1,1,1.0,
202400039997,155 711 288,A01,2.0,7.0,6,0,1,13,1.0,
202400039998,155 711 287,A01,1.0,32.0,0,2,1,2,1.0,
202400039999,155 711 285,A01,2.0,37.0,0,2,5,17,1.0,1
202400040000,155 711 282,A01,1.0,7.0,0,2,1,0,1.0,
202400040001,155 711 281,A01,2.0,31.0,0,2,7,3,1.0,
202400040002,155 711 279,B01,1.0,1.0,0,0,4,2,5.0,
202400040003,155 711 278,A01,1.0,7.0,0,1,1,1,1.0,
202400040004,155 711 276,A01,2.0,10.0,0,2,1,2,1.0,
202400040005,155 711 275,A01,1.0,7.0,0,0,0,14,1.0,
202400040006,155 711 271,A01,1.0,10.0,0,2,2,15,1.0,
202400040007,155 711 270,A01,1.0,7.0,3,0,1,1,1.0,
202400040008,155 711 269,A01,2.0,7.0,0,2,1,11,1.0,
202400040009,155 711 268,A01,1.0,2.0,0,2,1,1,1.0,
202400040010,155 711 265,A01,2.0,7.0,0,1,2,1,1.0,
202400040011,155 711 266,A01,1.0,7.0,2,0,1,14,1.0,
202400040012,155 711 263,A01,1.0,33.0,0,2,2,3,1.0,
202400040013,155 711 260,A01,2.0,10.0,0,2,7,14,1.0,
202400040014,155 711 257,A01,3.0,7.0,0,2,3,1,1.0,
202400040015,155 711 256,B01,2.0,7.0,0,0,0,1,1.0,
202400040016,155 711 254,B01,1.0,7.0,0,2,4,2,1.0,
202400040017,155 711 251,A01,2.0,1.0,0,0,0,0,5.0,
202400040018,155 711 250,A01,2.0,7.0,0,2,2,13,1.0,
202400040019,155 711 249,B01,2.0,15.0,0,2,6,1,1.0,
202400040020,155 711 248,A01,3.0,7.0,9,0,1,2,1.0,
202400040021,155 711 245,A01,2.0,10.0,0,2,5,23,1.0,
202400040022,155 711 246,A01,1.0,33.0,0,0,8,1,1.0,
202400040023,155 711 244,A01,0.0,7.0,0,0,2,0,1.0,
202400040024,155 711 243,A01,3.0,7.0,0,1,1,14,2.0,
202400040025,155 711 240,A01,1.0,7.0,0,2,3,1,1.0,
202400040026,155 711 239,A01,1.0,14.0,0,0,0,1,1.0,
202400040027,155 711 236,A01,2.0,7.0,13,0,3,17,1.0,
202400040028,155 711 237,A01,1.0,7.0,0,0,9,1,1.0,
202400040029,155 711 233,C01,2.0,1.0,0,2,1,1,5.0,
202400040030,155 711 231,A01,1.0,33.0,0,2,1,1,1.0,
202400040031,155 711 229,B01,1.0,7.0,0,2,3,1,1.0,
202400040032,155 711 225,A01,1.0,1.0,0,2,1,2,5.0,
202400040033,155 711 226,B01,2.0,80.0,0,2,1,1,3.0,
202400040034,155 711 224,A01,1.0,33.0,0,0,0,1,1.0,
202400040035,155 711 222,B01,3.0,7.0,13,2,8,1,1.0,
202400040036,155 711 221,A01,1.0,60.0,12,0,1,14,5.0,
202400040037,155 711 219,A01,2.0,7.0,0,1,1,1,1.0,
202400040038,155 711 218,A01,1.0,7.0,0,2,3,13,1.0,
202400040039,155 711 217,A01,3.0,7.0,8,0,1,21,1.0,
202400040040,155 711 216,Z01,3.0,7.0,0,1,1,1,0.0,
202400040041,155 711 213,A01,1.0,33.0,0,2,3,1,1.0,
202400040042,155 711 211,A01,2.0,7.0,2,0,9,1,1.0,
202400040043,155 711 212,A01,1.0,7.0,0,2,3,13,1.0,
202400040044,155 711 208,A01,1.0,50.0,0,2,8,1,3.0,
202400040045,155 711 207,A01,2.0,7.0,0,9,7,17,1.0,
202400040046,155 711 205,A01,1.0,33.0,16,0,9,1,1.0,
202400040047,155 711 204,A01,1.0,7.0,0,2,3,1,1.0,
202400040048,155 711 203,A01,1.0,33.0,0,1,1,17,1.0,
202400040049,155 711 202,A01,0.0,10.0,0,1,3,2,1.0,
202400040050,155 711 198,A01,2.0,1.0,0,4,4,13,5.0,
202400040051,155 711 196,A01,1.0,7.0,0,2,1,17,1.0,
202400040052,155 711 197,A01,1.0,33.0,0,2,1,1,1.0,
202400040053,155 711 195,A01,3.0,13.0,0,1,7,16,1.0,
202400040054,155 711 192,A01,3.0,7.0,0,2,2,19,1.0,
202400040055,155 711 191,B01,1.0,7.0,0,9,8,1,2.0,
202400040056,155 711 189,A01,2.0,7.0,0,2,1,5,1.0,
202400040057,155 711 186,B01,0.0,50.0,1,0,1,21,3.0,
202400040058,155 711 185,A01,1.0,43.0,0,2,7,18,1.0,
202400040059,155 711 183,A01,2.0,2.0,12,0,2,1,1.0,
202400040060,155 711 182,B01,3.0,1.0,0,0,9,1,5.0,
202400040061,155 711 179,A01,1.0,7.0,0,2,3,17,1.0,
202400040062,155 711 178,A01,1.0,37.0,0,1,2,1,3.0,1
202400040063,155 711 177,A01,2.0,10.0,0,2,3,1,1.0,
202400040064,155 711 176,A01,2.0,50.0,0,0,9,1,3.0,
202400040065,155 711 174,A01,1.0,1.0,0,2,3,13,5.0,
202400040066,155 711 171,A01,2.0,7.0,0,2,2,15,1.0,
202400040067,155 711 170,A01,3.0,7.0,1,0,2,13,1.0,
202400040068,155 711 169,A01,1.0,33.0,0,0,0,1,1.0,
202400040069,155 711 168,B01,2.0,7.0,0,2,3,1,1.0,
202400040070,155 711 165,A01,2.0,31.0,0,0,2,1,1.0,
202400040071,155 711 164,B01,1.0,7.0,0,2,3,1,1.0,
202400040072,155 711 162,A01,1.0,7.0,0,0,9,1,1.0,
202400040073,155 711 161,A01,1.0,7.0,2,0,3,13,1.0,
202400040074,155 711 160,A01,1.0,7.0,0,1,3,1,2.0,
202400040075,155 711 158,A01,2.0,15.0,3,0,3,1,1.0,
202400040076,155 711 154,A01,1.0,33.0,0,2,1,1,1.0,
202400040077,155 711 156,A01,1.0,43.0,12,0,8,2,1.0,
202400040078,155 711 151,A01,2.0,7.0,0,0,4,1,1.0,
202400040079,155 711 148,A01,0.0,7.0,0,2,3,13,2.0,
202400040080,155 711 147,A01,1.0,7.0,0,2,1,15,2.0,
202400040081,155 711 146,B01,2.0,7.0,0,2,4,2,1.0,
202400040082,155 711 142,A01,3.0,7.0,0,2,5,1,1.0,
202400040083,155 711 141,A01,2.0,0.0,0,2,2,2,1.0,
202400040084,155 711 135,A01,1.0,7.0,0,2,1,2,1.0,
202400040085,155 711 136,A01,1.0,7.0,3,0,9,21,1.0,
202400040086,155 711 134,B01,1.0,10.0,0,2,5,22,1.0,
202400040087,155 711 137,A01,2.0,10.0,0,2,1,2,1.0,
202400040088,155 711 133,A01,2.0,7.0,2,0,9,14,1.0,
202400040089,155 711 131,A01,2.0,7.0,0,1,1,1,1.0,
202400040090,155 711 127,A01,1.0,7.0,0,0,1,0,1.0,
202400040091,155 711 126,B01,2.0,2.0,0,2,1,0,0.0,
202400040092,155 711 123,A01,2.0,7.0,14,0,3,2,1.0,
202400040093,155 711 125,A01,2.0,10.0,0,2,1,2,1.0,
202400040094,155 711 124,A01,2.0,7.0,0,1,1,0,0.0,
202400040095,155 711 122,A01,2.0,7.0,13,0,2,1,1.0,
202400040096,155 711 119,B01,1.0,33.0,0,0,1,2,1.0,
202400040097,155 711 116,A01,1.0,33.0,0,2,1,0,1.0,
202400040098,155 711 114,B01,2.0,33.0,0,2,7,3,1.0,
202400040099,155 711 113,B01,1.0,7.0,0,2,2,2,1.0,
202400040100,155 711 110,A01,2.0,7.0,2,2,3,1,1.0,
202400040101,155 711 109,A01,1.0,7.0,2,0,1,1,0.0,
202400040102,155 711 108,A01,2.0,7.0,0,2,2,12,1.0,
202400040103,155 711 107,A01,1.0,33.0,14,0,0,13,1.0,
202400040104,155 711 104,A01,1.0,7.0,0,2,1,13,1.0,