Num_Acc,id_vehicule,num_veh,senc,catv,obs,obsm,choc,manv,motor,occutc
202400040105,155 711 103,A01,3.0,31.0,0,2,1,17,0.0,
202400040106,155 711 098,A01,1.0,7.0,0,2,1,13,1.0,
202400040107,155 711 097,B01,3.0,17.0,0,0,6,24,1.0,
202400040108,155 711 096,A01,1.0,33.0,5,0,3,13,1.0,
202400040109,155 711 094,A01,2.0,7.0,0,2,1,1,1.0,
202400040110,155 711 093,A01,3.0,7.0,0,0,3,0,1.0,
202400040111,155 711 091,A01,1.0,33.0,13,0,1,0,1.0,
202400040112,155 711 088,C01,1.0,1.0,0,2,4,1,5.0,
202400040113,155 711 086,A01,1.0,2.0,15,0,1,17,1.0,
202400040114,155 711 083,A01,2.0,7.0,13,0,1,1,1.0,
202400040115,155 711 084,A01,2.0,7.0,0,2,1,2,0.0,
202400040116,155 711 082,B01,2.0,31.0,0,2,1,1,1.0,
202400040117,155 711 081,A01,2.0,31.0,0,0,7,0,1.0,
202400040118,155 711 079,A01,2.0,32.0,0,2,1,2,1.0,
202400040119,155 711 076,A01,1.0,7.0,0,0,3,2,1.0,
202400040120,155 711 075,A01,1.0,7.0,2,2,0,1,1.0,
202400040121,155 711 072,A01,2.0,2.0,7,0,1,14,1.0,
202400040122,155 711 071,B01,2.0,7.0,0,0,4,2,1.0,
202400040123,155 711 070,B01,1.0,7.0,0,2,4,23,1.0,
202400040124,155 711 068,A01,1.0,7.0,0,2,1,2,1.0,
202400040125,155 711 067,A01,3.0,7.0,0,1,8,1,1.0,
202400040126,155 711 063,B01,1.0,33.0,0,2,1,2,1.0,
202400040127,155 711 062,A01,1.0,7.0,1,0,1,14,1.0,
202400040128,155 711 061,A01,2.0,31.0,0,2,1,17,1.0,
202400040129,155 711 060,A01,2.0,7.0,3,0,0,1,1.0,
202400040130,155 711 055,B01,2.0,7.0,0,2,3,1,1.0,
202400040131,155 711 054,B01,2.0,7.0,0,2,4,2,1.0,
202400040132,155 711 053,A01,1.0,7.0,0,2,1,1,2.0,
202400040133,155 711 052,A01,2.0,80.0,0,1,1,13,3.0,
202400040134,155 711 050,A01,2.0,7.0,0,2,3,2,1.0,
202400040135,155 711 046,A01,2.0,10.0,0,2,1,1,1.0,
202400040136,155 711 044,A01,2.0,15.0,0,2,2,12,1.0,
202400040137,155 711 043,C01,2.0,7.0,0,9,8,0,1.0,
202400040138,155 711 041,A01,3.0,1.0,0,2,1,1,5.0,
202400040139,155 711 040,A01,2.0,7.0,1,0,1,26,1.0,
202400040140,155 711 039,A01,2.0,33.0,0,0,0,1,1.0,
202400040141,155 711 034,A01,2.0,7.0,0,2,1,2,1.0,
202400040142,155 711 033,A01,1.0,7.0,0,0,9,14,1.0,
202400040143,155 711 032,A01,2.0,15.0,0,2,2,12,1.0,
202400040144,155 711 028,B01,1.0,14.0,0,0,2,17,1.0,
202400040145,155 711 027,A01,1.0,10.0,0,2,1,2,1.0,
202400040146,155 711 026,A01,3.0,10.0,0,1,2,16,1.0,
202400040147,155 711 022,B01,2.0,33.0,0,2,1,1,1.0,
202400040148,155 711 021,C01,1.0,15.0,0,0,4,2,1.0,
202400040149,155 711 018,A01,1.0,32.0,0,9,7,1,1.0,
202400040150,155 711 016,A01,2.0,7.0,0,1,2,20,1.0,
202400040151,155 711 017,A01,1.0,7.0,0,2,1,0,1.0,
202400040152,155 711 015,A01,1.0,36.0,0,0,1,1,1.0,
202400040153,155 711 011,A01,1.0,7.0,0,2,4,1,1.0,
202400040154,155 711 010,B01,1.0,33.0,0,2,2,2,1.0,
202400040155,155 711 009,A01,1.0,7.0,0,2,1,13,1.0,
202400040156,155 711 008,A01,2.0,7.0,12,0,1,1,1.0,
202400040157,155 711 006,A01,2.0,30.0,0,2,7,14,1.0,
202400040158,155 711 003,A01,1.0,33.0,0,0,7,1,1.0,
202400040159,155 711 002,A01,2.0,80.0,0,0,8,1,3.0,
202400040160,155 711 001,A01,1.0,32.0,5,0,1,17,1.0,
202400040161,155 711 000,A01,1.0,7.0,13,0,2,14,1.0,
202400040162,155 710 999,A01,3.0,7.0,0,1,5,4,1.0,
202400040163,155 710 997,A01,2.0,7.0,0,2,8,10,1.0,
202400040164,155 710 995,A01,2.0,7.0,3,0,1,13,1.0,
202400040165,155 710 993,A01,1.0,7.0,0,1,1,0,2.0,
202400040166,155 710 992,A01,1.0,7.0,0,1,1,1,1.0,
202400040167,155 710 991,A01,1.0,7.0,0,2,1,1,1.0,
202400040168,155 710 987,B01,1.0,7.0,0,2,1,12,1.0,
202400040169,155 710 983,A01,1.0,7.0,1,0,2,14,1.0,
202400040170,155 710 982,C01,2.0,7.0,0,2,0,0,1.0,
202400040171,155 710 979,A01,1.0,33.0,0,2,1,2,1.0,
202400040172,155 710 978,A01,1.0,7.0,0,2,1,1,0.0,
202400040173,155 710 977,A01,2.0,7.0,4,0,1,18,1.0,
202400040174,155 710 974,B01,1.0,7.0,0,2,5,2,1.0,
202400040175,155 710 971,B01,2.0,7.0,0,2,5,2,1.0,
202400040176,155 710 972,A01,0.0,32.0,0,2,0,0,1.0,
202400040177,155 710 970,A01,2.0,7.0,8,0,3,1,0.0,
202400040178,155 710 969,A01,2.0,33.0,13,0,2,1,1.0,
202400040179,155 710 965,B01,2.0,33.0,0,2,1,1,1.0,
202400040180,155 710 966,A01,2.0,33.0,0,0,2,2,1.0,
202400040181,155 710 964,A01,2.0,7.0,0,2,1,1,1.0,
202400040182,155 710 960,A01,3.0,2.0,12,0,7,14,1.0,
202400040183,155 710 958,A01,2.0,7.0,0,2,6,1,2.0,
202400040184,155 710 955,A01,3.0,7.0,0,2,3,13,1.0,
202400040185,155 710 953,B01,2.0,7.0,0,9,1,19,1.0,
202400040186,155 710 952,B01,3.0,30.0,0,2,1,1,0.0,
202400040187,155 710 948,A01,1.0,30.0,0,0,7,21,1.0,
202400040188,155 710 947,B01,3.0,10.0,0,2,1,1,1.0,
202400040189,155 710 949,A01,1.0,7.0,0,2,3,15,1.0,
202400040190,155 710 946,A01,1.0,7.0,1,1,2,1,1.0,
202400040191,155 710 942,A01,1.0,7.0,14,0,1,0,1.0,
202400040192,155 710 943,B01,1.0,7.0,0,2,7,1,1.0,
202400040193,155 710 941,A01,2.0,7.0,14,0,3,15,1.0,
202400040194,155 710 936,A01,3.0,33.0,0,2,4,23,1.0,
202400040195,155 710 933,C01,2.0,7.0,0,2,4,1,1.0,
202400040196,155 710 932,A01,3.0,7.0,0,1,1,5,1.0,
202400040197,155 710 931,A01,1.0,7.0,0,1,0,1,1.0,
202400040198,155 710 930,A01,1.0,32.0,8,0,8,1,1.0,
202400040199,155 710 926,A01,2.0,7.0,0,2,1,15,1.0,
202400040200,155 710 924,A01,1.0,7.0,0,2,5,1,1.0,
202400040201,155 710 925,A01,1.0,7.0,0,2,1,13,1.0,
202400040202,155 710 920,B01,1.0,2.0,0,2,5,1,1.0,
202400040203,155 710 919,B01,1.0,33.0,0,2,2,9,1.0,
202400040204,155 710 918,A01,1.0,7.0,1,1,4,2,1.0,
202400040205,155 710 913,A01,2.0,7.0,0,2,3,9,1.0,
202400040206,155 710 911,B01,2.0,7.0,0,2,1,0,1.0,
202400040207,155 710 912,A01,3.0,7.0,0,9,1,15,0.0,
202400040208,155 710 909,B01,3.0,60.0,0,2,8,19,5.0,
202400040209,155 710 906,B01,3.0,50.0,0,2,1,1,3.0,
202400040210,155 710 907,A01,3.0,7.0,0,0,1,16,1.0,
202400040211,155 710 905,A01,1.0,7.0,2,0,1,0,1.0,
202400040212,155 710 904,A01,3.0,7.0,0,0,3,1,1.0,
202400040213,155 710 902,A01,1.0,7.0,0,2,1,5,1.0,
202400040214,155 710 901,A01,2.0,7.0,0,1,4,4,1.0,
202400040215,155 710 899,A01,2.0,7.0,0,1,1,1,2.0,
202400040216,155 710 900,A01,1.0,7.0,0,1,2,1,1.0,
202400040217,155 710 896,B01,1.0,7.0,6,2,1,1,1.0,
202400040218,155 710 895,A01,1.0,7.0,0,1,3,1,1.0,
202400040219,155 710 894,A01,2.0,7.0,0,2,8,1,1.0,
202400040220,155 710 892,A01,2.0,7.0,0,1,1,15,1.0,
202400040221,155 710 891,A01,3.0,10.0,16,0,0,0,0.0,
202400040222,155 710 889,A01,1.0,7.0,0,2,1,15,1.0,
202400040223,155 710 886,A01,2.0,7.0,0,2,3,13,1.0,
202400040224,155 710 885,A01,3.0,7.0,0,2,1,1,1.0,
202400040225,155 710 882,B01,1.0,7.0,0,2,3,1,1.0,
202400040226,155 710 879,B01,2.0,7.0,0,2,8,1,1.0,
202400040227,155 710 878,B01,1.0,10.0,0,2,3,23,1.0,
202400040228,155 710 877,A01,3.0,36.0,0,0,7,15,1.0,
202400040229,155 710 874,B01,0.0,7.0,0,2,7,1,1.0,
202400040230,155 710 875,A01,3.0,7.0,0,1,1,11,1.0,
202400040231,155 710 873,A01,3.0,7.0,0,1,2,1,1.0,
202400040232,155 710 870,A01,2.0,7.0,3,2,1,5,1.0,
202400040233,155 710 869,A01,3.0,7.0,0,2,1,1,1.0,
202400040234,155 710 867,A01,1.0,2.0,0,2,1,9,3.0,
202400040235,155 710 866,A01,1.0,7.0,0,1,7,1,1.0,
202400040236,155 710 863,B01,3.0,37.0,0,2,3,0,1.0,1
202400040237,155 710 862,A01,2.0,7.0,0,2,0,19,1.0,
202400040238,155 710 860,B01,3.0,7.0,0,2,7,1,1.0,
202400040239,155 710 858,A01,3.0,31.0,0,2,1,2,1.0,
202400040240,155 710 855,A01,2.0,31.0,8,0,2,14,1.0,
202400040241,155 710 856,A01,2.0,7.0,16,0,2,13,1.0,
202400040242,155 710 854,A01,1.0,7.0,0,0,9,0,1.0,
202400040243,155 710 853,A01,2.0,7.0,0,1,2,1,1.0,
202400040244,155 710 852,A01,3.0,7.0,1,0,2,1,1.0,
202400040245,155 710 851,A01,3.0,7.0,6,0,2,14,2.0,
202400040246,155 710 848,A01,2.0,7.0,0,2,2,15,1.0,
202400040247,155 710 845,A01,1.0,7.0,0,2,3,15,1.0,
202400040248,155 710 847,A01,1.0,7.0,6,2,3,13,1.0,
202400040249,155 710 844,A01,2.0,30.0,0,1,1,13,1.0,
202400040250,155 710 841,B01,1.0,7.0,0,2,6,1,1.0,
202400040251,155 710 840,A01,1.0,7.0,0,2,1,13,1.0,
202400040252,155 710 837,A01,0.0,34.0,0,2,1,1,1.0,
202400040253,155 710 836,A01,2.0,7.0,0,2,1,1,1.0,
202400040254,155 710 833,B01,2.0,33.0,0,2,8,9,1.0,
202400040255,155 710 832,A01,1.0,7.0,0,2,8,26,1.0,
202400040256,155 710 831,A01,1.0,1.0,0,1,1,1,5.0,
202400040257,155 710 829,A01,1.0,7.0,0,2,2,15,1.0,
202400040258,155 710 828,A01,1.0,7.0,0,1,1,1,1.0,
202400040259,155 710 825,A01,1.0,7.0,0,2,4,1,1.0,
202400040260,155 710 824,B01,1.0,7.0,0,2,6,11,1.0,
202400040261,155 710 821,B01,1.0,50.0,0,2,4,2,3.0,
202400040262,155 710 820,A01,1.0,33.0,0,2,1,2,1.0,
202400040263,155 710 819,A01,1.0,10.0,1,0,2,14,1.0,
202400040264,155 710 818,A01,1.0,50.0,0,1,8,1,3.0,
202400040265,155 710 815,A01,0.0,7.0,0,2,6,24,0.0,
202400040266,155 710 814,A01,2.0,10.0,0,2,2,15,1.0,
202400040267,155 710 812,B01,2.0,1.0,1,0,7,1,5.0,
202400040268,155 710 810,B01,2.0,7.0,0,2,2,1,1.0,
202400040269,155 710 808,A01,2.0,10.0,0,2,2,16,3.0,
202400040270,155 710 807,A01,1.0,33.0,0,0,7,16,1.0,
202400040271,155 710 804,B01,1.0,1.0,0,0,2,1,5.0,
202400040272,155 710 802,C01,3.0,1.0,0,2,1,2,5.0,
202400040273,155 710 801,A01,1.0,7.0,6,0,1,9,2.0,
202400040274,155 710 796,A01,3.0,1.0,0,2,8,13,5.0,
202400040275,155 710 795,A01,2.0,7.0,0,2,1,1,3.0,
202400040276,155 710 792,A01,1.0,7.0,0,2,3,1,2.0,
202400040277,155 710 791,A01,2.0,7.0,1,0,6,1,1.0,
202400040278,155 710 789,A01,2.0,33.0,0,2,2,16,1.0,
202400040279,155 710 788,A01,1.0,7.0,0,1,2,21,0.0,
202400040280,155 710 786,A01,3.0,7.0,0,2,8,10,1.0,
202400040281,155 710 784,A01,0.0,7.0,0,2,1,1,1.0,
202400040282,155 710 782,A01,1.0,7.0,0,2,2,16,1.0,
202400040283,155 710 779,A01,2.0,7.0,0,2,2,16,2.0,
202400040284,155 710 778,A01,1.0,10.0,0,2,1,15,1.0,
202400040285,155 710 777,A01,2.0,7.0,0,1,1,2,2.0,
202400040286,155 710 775,A01,1.0,33.0,0,2,1,2,1.0,
202400040287,155 710 772,B01,0.0,7.0,0,0,6,23,2.0,
202400040288,155 710 771,B01,2.0,7.0,0,2,1,1,1.0,
202400040289,155 710 768,A01,3.0,7.0,0,0,0,9,1.0,
202400040290,155 710 763,B01,3.0,7.0,0,2,6,23,1.0,
202400040291,155 710 761,A01,3.0,7.0,1,2,3,11,3.0,
202400040292,155 710 757,A01,1.0,33.0,0,2,1,1,1.0,
202400040293,155 710 756,C01,1.0,7.0,0,2,4,23,1.0,
202400040294,155 710 755,A01,1.0,80.0,1,0,2,1,3.0,
202400040295,155 710 752,A01,2.0,7.0,13,0,0,1,1.0,
202400040296,155 710 753,A01,1.0,10.0,0,2,1,15,1.0,
202400040297,155 710 749,A01,1.0,7.0,0,0,4,23,1.0,
202400040298,155 710 748,A01,1.0,7.0,0,2,2,1,3.0,
202400040299,155 710 747,A01,2.0,17.0,2,0,8,1,1.0,
202400040300,155 710 746,A01,1.0,33.0,0,0,0,1,1.0,
202400040301,155 710 745,A01,1.0,33.0,4,0,2,2,1.0,
202400040302,155 710 743,A01,1.0,50.0,0,0,2,19,3.0,
202400040303,155 710 742,A01,1.0,10.0,2,0,2,13,6.0,
202400040304,155 710 741,A01,1.0,7.0,0,1,7,1,1.0,
202400040305,155 710 739,A01,1.0,7.0,0,2,3,2,1.0,
202400040306,155 710 737,A01,1.0,7.0,0,2,7,14,1.0,
202400040307,155 710 735,A01,2.0,7.0,0,0,2,1,1.0,
202400040308,155 710 734,A01,1.0,15.0,1,2,2,2,1.0,
202400040309,155 710 733,A01,3.0,50.0,0,1,4,1,3.0,
202400040310,155 710 730,A01,3.0,7.0,0,1,3,16,1.0,
202400040311,155 710 729,B01,2.0,17.0,0,2,3,1,1.0,
202400040312,155 710 728,A01,2.0,7.0,0,2,3,9,1.0,
202400040313,155 710 727,A01,0.0,31.0,0,1,1,1,1.0,
202400040314,155 710 726,A01,2.0,7.0,3,0,1,1,1.0,
202400040315,155 710 725,A01,2.0,7.0,13,0,9,2,6.0,
202400040316,155 710 724,A01,2.0,7.0,0,1,1,1,1.0,
202400040317,155 710 719,C01,1.0,10.0,1,0,1,0,0.0,
202400040318,155 710 717,A01,1.0,7.0,16,0,1,1,1.0,
202400040319,155 710 720,A01,1.0,7.0,0,2,1,17,1.0,
202400040320,155 710 713,A01,1.0,7.0,0,1,3,15,1.0,
202400040321,155 710 712,A01,1.0,21.0,13,0,3,2,1.0,
202400040322,155 710 708,A01,3.0,7.0,0,0,1,2,0.0,
202400040323,155 710 706,A01,2.0,7.0,12,0,1,2,1.0,
202400040324,155 710 705,C01,2.0,7.0,0,2,3,1,1.0,
202400040325,155 710 704,A01,1.0,31.0,0,0,0,1,3.0,
202400040326,155 710 702,A01,2.0,7.0,0,0,1,1,1.0,
202400040327,155 710 699,A01,1.0,10.0,16,0,1,1,1.0,
202400040328,155 710 698,A01,3.0,15.0,13,0,6,13,1.0,
202400040329,155 710 696,A01,1.0,32.0,0,0,0,1,1.0,
202400040330,155 710 695,A01,1.0,7.0,0,2,1,5,1.0,
202400040331,155 710 694,A01,2.0,7.0,0,9,7,1,1.0,
202400040332,155 710 693,A01,3.0,7.0,0,1,1,1,2.0,
202400040333,155 710 690,A01,2.0,33.0,6,0,1,1,1.0,
202400040334,155 710 688,Z01,3.0,30.0,0,2,0,0,0.0,
202400040335,155 710 687,A01,1.0,7.0,0,2,6,19,1.0,
202400040336,155 710 686,A01,1.0,33.0,0,0,7,1,1.0,
202400040337,155 710 684,B01,1.0,7.0,0,2,1,1,1.0,
202400040338,155 710 680,A01,2.0,80.0,0,2,1,1,3.0,
202400040339,155 710 679,A01,2.0,31.0,0,2,1,17,1.0,
202400040340,155 710 678,A01,1.0,7.0,0,2,7,17,1.0,
202400040341,155 710 677,A01,1.0,33.0,0,0,1,1,1.0,
202400040342,155 710 676,A01,2.0,7.0,0,1,1,1,1.0,
202400040343,155 710 670,A01,1.0,7.0,0,2,3,11,1.0,
202400040344,155 710 671,B01,2.0,7.0,0,2,1,1,1.0,
202400040345,155 710 669,B01,2.0,33.0,0,2,2,17,1.0,
202400040346,155 710 668,A01,3.0,2.0,9,0,2,1,1.0,
202400040347,155 710 667,A01,2.0,31.0,0,5,0,1,1.0,
202400040348,155 710 665,B01,1.0,1.0,0,2,1,19,5.0,
202400040349,155 710 663,A01,1.0,7.0,13,0,0,13,1.0,
202400040350,155 710 662,A01,1.0,7.0,3,1,1,14,2.0,
202400040351,155 710 660,A01,2.0,7.0,16,0,1,1,1.0,
202400040352,155 710 657,A01,2.0,1.0,0,2,1,18,5.0,
202400040353,155 710 655,A01,2.0,7.0,0,2,1,15,1.0,
202400040354,155 710 652,A01,1.0,7.0,0,1,3,1,1.0,
202400040355,155 710 650,B01,2.0,7.0,0,2,1,1,1.0,
202400040356,155 710 651,A01,2.0,7.0,0,2,2,1,1.0,
202400040357,155 710 646,A01,3.0,7.0,0,2,0,3,1.0,
202400040358,155 710 648,A01,1.0,7.0,13,0,3,1,1.0,
202400040359,155 710 645,B01,1.0,7.0,0,2,3,1,1.0,
202400040360,155 710 642,B01,1.0,7.0,0,2,1,1,1.0,
202400040361,155 710 640,A01,1.0,32.0,0,6,8,1,1.0,
202400040362,155 710 641,B01,2.0,7.0,0,2,2,1,1.0,
202400040363,155 710 637,A01,0.0,7.0,0,2,2,16,1.0,
202400040364,155 710 635,B01,2.0,7.0,0,0,3,1,1.0,
202400040365,155 710 634,A01,1.0,7.0,3,2,1,13,1.0,
202400040366,155 710 632,A01,2.0,10.0,0,2,8,1,1.0,
202400040367,155 710 629,A01,1.0,7.0,0,9,3,1,1.0,
202400040368,155 710 627,B01,1.0,7.0,0,2,2,1,1.0,
202400040369,155 710 628,A01,1.0,7.0,2,0,1,11,1.0,
202400040370,155 710 624,A01,1.0,7.0,0,2,3,13,1.0,
202400040371,155 710 623,A01,1.0,7.0,0,2,6,15,1.0,
202400040372,155 710 620,A01,1.0,33.0,13,0,2,1,1.0,
202400040373,155 710 619,A01,2.0,7.0,0,2,1,1,1.0,
202400040374,155 710 618,B01,2.0,7.0,0,2,3,1,1.0,
202400040375,155 710 615,A01,2.0,7.0,0,2,8,5,1.0,
202400040376,155 710 612,A01,2.0,7.0,2,0,7,1,1.0,
202400040377,155 710 609,A01,2.0,7.0,0,2,3,5,1.0,
202400040378,155 710 610,C01,2.0,7.0,0,2,8,1,3.0,
202400040379,155 710 608,A01,2.0,33.0,0,0,8,1,1.0,
202400040380,155 710 606,A01,0.0,7.0,2,0,1,0,1.0,
202400040381,155 710 605,A01,2.0,2.0,13,0,9,1,1.0,
202400040382,155 710 604,A01,1.0,32.0,0,0,1,1,3.0,
202400040383,155 710 599,A01,3.0,7.0,0,2,1,1,1.0,
202400040384,155 710 597,A01,1.0,7.0,0,0,0,1,1.0,
202400040385,155 710 598,B01,2.0,7.0,2,0,3,15,3.0,
202400040386,155 710 596,A01,1.0,7.0,17,0,1,13,1.0,
202400040387,155 710 595,A01,1.0,33.0,0,0,3,0,1.0,
202400040388,155 710 593,A01,3.0,7.0,0,1,3,1,1.0,
202400040389,155 710 592,A01,1.0,7.0,0,1,1,1,1.0,
202400040390,155 710 591,B01,1.0,31.0,0,2,1,1,1.0,
202400040391,155 710 588,A01,2.0,7.0,0,1,3,1,1.0,
202400040392,155 710 586,A01,2.0,0.0,0,2,0,2,0.0,
202400040393,155 710 584,A01,2.0,7.0,0,2,1,17,1.0,
202400040394,155 710 582,A01,1.0,7.0,0,6,1,1,1.0,
202400040395,155 710 581,B01,2.0,7.0,0,2,3,2,0.0,
202400040396,155 710 578,A01,3.0,7.0,0,1,1,1,0.0,
202400040397,155 710 579,A01,1.0,1.0,0,2,0,0,5.0,
202400040398,155 710 577,A01,2.0,7.0,3,0,2,1,1.0,
202400040399,155 710 574,A01,1.0,2.0,0,6,1,19,1.0,
202400040400,155 710 575,A01,1.0,33.0,0,2,1,2,1.0,
202400040401,155 710 572,A01,2.0,7.0,1,0,3,14,1.0,
202400040402,155 710 568,A01,1.0,7.0,0,2,1,1,1.0,
202400040403,155 710 569,B01,2.0,1.0,12,2,5,15,5.0,
202400040404,155 710 567,A01,1.0,7.0,6,0,1,5,1.0,
202400040405,155 710 565,A01,1.0,7.0,3,0,2,0,1.0,
202400040406,155 710 564,A01,3.0,7.0,0,1,1,1,1.0,
202400040407,155 710 563,A01,1.0,7.0,14,0,0,1,1.0,
202400040408,155 710 561,A01,2.0,14.0,0,2,3,1,1.0,
202400040409,155 710 558,A01,3.0,7.0,0,2,1,1,1.0,
202400040410,155 710 559,A01,1.0,7.0,2,6,2,1,1.0,
202400040411,155 710 557,A01,1.0,33.0,8,0,1,1,1.0,
202400040412,155 710 555,A01,3.0,10.0,0,0,9,1,1.0,
202400040413,155 710 552,A01,2.0,7.0,0,0,0,1,1.0,
202400040414,155 710 551,A01,1.0,7.0,0,1,3,16,1.0,
202400040415,155 710 550,A01,1.0,7.0,0,2,5,2,1.0,
202400040416,155 710 547,A01,1.0,7.0,0,2,8,15,2.0,
202400040417,155 710 546,B01,3.0,7.0,0,2,3,1,1.0,
202400040418,155 710 544,A01,3.0,7.0,0,1,1,9,1.0,
202400040419,155 710 542,A01,1.0,14.0,0,1,0,0,0.0,
202400040420,155 710 541,B01,3.0,41.0,0,2,1,2,1.0,
202400040421,155 710 540,A01,1.0,2.0,3,0,1,1,0.0,
202400040422,155 710 539,A01,1.0,7.0,3,0,9,1,1.0,
202400040423,155 710 535,C01,2.0,7.0,0,2,1,0,1.0,
202400040424,155 710 532,B01,1.0,7.0,0,2,2,21,1.0,
202400040425,155 710 533,A01,2.0,7.0,0,2,5,12,1.0,
202400040426,155 710 530,A01,0.0,2.0,13,0,1,0,1.0,
202400040427,155 710 529,A01,2.0,7.0,3,0,7,1,1.0,
202400040428,155 710 528,A01,3.0,3.0,0,2,1,15,1.0,
202400040429,155 710 526,A01,3.0,7.0,0,2,3,20,1.0,
202400040430,155 710 522,A01,2.0,7.0,0,2,1,2,1.0,
202400040431,155 710 523,A01,1.0,7.0,0,2,2,16,1.0,
202400040432,155 710 520,A01,2.0,7.0,3,0,1,1,1.0,
202400040433,155 710 519,B01,2.0,10.0,0,2,1,1,1.0,
202400040434,155 710 517,B01,3.0,31.0,0,2,4,2,1.0,
202400040435,155 710 515,A01,3.0,7.0,8,0,1,2,1.0,
202400040436,155 710 514,B01,1.0,50.0,0,2,1,1,3.0,
202400040437,155 710 512,A01,1.0,7.0,0,0,0,14,1.0,
202400040438,155 710 511,A01,3.0,7.0,0,2,5,15,1.0,
202400040439,155 710 509,A01,0.0,80.0,0,2,8,19,3.0,
202400040440,155 710 507,A01,2.0,7.0,0,2,1,13,1.0,
202400040441,155 710 506,A01,1.0,1.0,0,1,2,1,5.0,
202400040442,155 710 505,A01,3.0,7.0,2,0,2,6,1.0,
202400040443,155 710 502,A01,2.0,7.0,0,9,2,1,1.0,
202400040444,155 710 500,B01,3.0,31.0,0,2,5,16,1.0,
202400040445,155 710 499,A01,2.0,7.0,13,0,7,1,1.0,
202400040446,155 710 498,A01,1.0,34.0,0,2,4,1,1.0,
202400040447,155 710 494,A01,2.0,34.0,0,2,4,1,1.0,
202400040448,155 710 493,A01,1.0,7.0,0,2,4,1,1.0,
202400040449,155 710 491,A01,2.0,10.0,0,1,2,1,1.0,
202400040450,155 710 489,A01,2.0,7.0,0,2,4,18,1.0,
202400040451,155 710 488,A01,1.0,7.0,14,0,1,1,2.0,
202400040452,155 710 485,B01,3.0,50.0,0,2,5,0,3.0,
202400040453,155 710 484,B01,2.0,34.0,0,2,1,1,1.0,
202400040454,155 710 480,B01,2.0,7.0,0,2,1,2,1.0,
202400040455,155 710 479,A01,0.0,13.0,0,9,1,1,1.0,
202400040456,155 710 473,C01,2.0,10.0,0,2,4,2,1.0,
202400040457,155 710 471,A01,1.0,7.0,0,2,1,11,1.0,
202400040458,155 710 469,A01,2.0,7.0,0,1,3,15,1.0,
202400040459,155 710 468,A01,1.0,33.0,0,2,1,17,1.0,
202400040460,155 710 466,A01,2.0,10.0,0,2,1,1,1.0,
202400040461,155 710 464,A01,1.0,7.0,4,0,1,1,1.0,
202400040462,155 710 463,B01,2.0,31.0,0,2,1,1,1.0,
202400040463,155 710 462,A01,2.0,33.0,4,0,7,3,1.0,
202400040464,155 710 457,B01,1.0,7.0,0,2,4,1,1.0,
202400040465,155 710 458,B01,1.0,33.0,0,2,3,2,1.0,
202400040466,155 710 459,A01,2.0,33.0,3,0,1,1,1.0,
202400040467,155 710 454,A01,2.0,7.0,4,0,3,11,2.0,
202400040468,155 710 453,B01,3.0,7.0,0,2,2,15,1.0,
202400040469,155 710 452,A01,2.0,15.0,0,1,1,1,1.0,
202400040470,155 710 450,A01,2.0,7.0,0,0,0,1,1.0,
202400040471,155 710 448,B01,1.0,7.0,0,2,4,1,1.0,
202400040472,155 710 447,A01,2.0,33.0,0,2,1,1,1.0,
202400040473,155 710 446,A01,1.0,33.0,3,0,1,1,1.0,
202400040474,155 710 443,B01,1.0,7.0,0,2,3,1,0.0,
202400040475,155 710 440,B01,2.0,10.0,0,2,2,2,1.0,
202400040476,155 710 438,A01,1.0,7.0,0,2,7,12,1.0,
202400040477,155 710 437,A01,1.0,32.0,1,0,4,14,1.0,
202400040478,155 710 432,B01,2.0,7.0,0,2,4,2,1.0,
202400040479,155 710 431,A01,2.0,34.0,0,2,8,3,1.0,
202400040480,155 710 430,A01,1.0,7.0,0,1,1,1,2.0,
202400040481,155 710 427,A01,2.0,1.0,0,1,1,25,5.0,
202400040482,155 710 425,B01,2.0,7.0,0,2,4,2,1.0,
202400040483,155 710 424,B01,1.0,7.0,0,2,1,1,1.0,
202400040484,155 710 423,A01,1.0,7.0,4,0,3,2,1.0,
202400040485,155 710 422,A01,1.0,33.0,0,1,1,1,1.0,
202400040486,155 710 421,A01,2.0,14.0,0,1,0,0,1.0,
202400040487,155 710 418,B01,3.0,7.0,0,2,4,26,1.0,
202400040488,155 710 417,A01,3.0,7.0,0,2,2,16,1.0,
202400040489,155 710 415,A01,1.0,7.0,0,2,7,15,1.0,
202400040490,155 710 414,A01,1.0,7.0,2,0,0,0,1.0,
202400040491,155 710 411,A01,1.0,7.0,0,0,9,1,1.0,
202400040492,155 710 410,A01,1.0,7.0,1,2,3,3,1.0,
202400040493,155 710 409,B01,2.0,7.0,0,2,0,5,1.0,
202400040494,155 710 406,A01,2.0,10.0,0,2,1,13,1.0,
202400040495,155 710 402,A01,2.0,33.0,0,0,0,26,1.0,
202400040496,155 710 401,B01,3.0,10.0,0,2,2,1,1.0,
202400040497,155 710 399,A01,1.0,7.0,0,2,4,2,1.0,
202400040498,155 710 397,A01,2.0,7.0,0,2,8,24,1.0,
202400040499,155 710 396,A01,2.0,7.0,0,1,1,1,3.0,
202400040500,155 710 394,A01,1.0,7.0,0,2,1,2,1.0,
202400040501,155 710 391,B01,1.0,1.0,0,2,0,1,5.0,
202400040502,155 710 390,A01,1.0,33.0,0,2,1,18,1.0,