Num_Acc,id_vehicule,num_veh,senc,catv,obs,obsm,choc,manv,motor,occutc
202400040503,155 710 388,A01,3.0,30.0,0,2,1,2,1.0,
202400040504,155 710 386,A01,0.0,7.0,0,2,3,11,2.0,
202400040505,155 710 385,A01,1.0,7.0,0,1,2,26,1.0,
202400040506,155 710 382,A01,1.0,7.0,6,0,0,21,1.0,
202400040507,155 710 381,A01,2.0,7.0,0,2,1,2,1.0,
202400040508,155 710 380,A01,2.0,7.0,0,2,8,1,2.0,
202400040509,155 710 378,A01,1.0,7.0,0,2,3,1,1.0,
202400040510,155 710 376,A01,2.0,33.0,0,0,0,2,1.0,
202400040511,155 710 375,A01,1.0,30.0,0,2,7,14,1.0,
202400040512,155 710 373,A01,1.0,33.0,0,2,1,2,1.0,
202400040513,155 710 372,A01,2.0,7.0,0,1,1,2,0.0,
202400040514,155 710 371,A01,1.0,1.0,0,9,0,26,5.0,
202400040515,155 710 369,A01,2.0,2.0,1,0,2,1,1.0,
202400040516,155 710 367,A01,1.0,7.0,16,0,6,0,1.0,
202400040517,155 710 366,A01,1.0,31.0,0,2,1,1,1.0,
202400040518,155 710 364,B01,2.0,30.0,0,2,4,2,1.0,
202400040519,155 710 361,A01,1.0,7.0,0,1,2,1,1.0,
202400040520,155 710 360,A01,1.0,30.0,0,2,0,18,1.0,
202400040521,155 710 359,A01,1.0,7.0,0,9,2,1,1.0,
202400040522,155 710 358,A01,3.0,7.0,7,0,1,14,1.0,
202400040523,155 710 357,A01,2.0,7.0,16,0,3,13,1.0,
202400040524,155 710 355,A01,2.0,33.0,0,2,7,15,1.0,
202400040525,155 710 352,A01,3.0,7.0,0,2,3,9,1.0,
202400040526,155 710 351,A01,1.0,7.0,12,2,1,1,1.0,
202400040527,155 710 348,A01,3.0,7.0,4,0,1,14,1.0,
202400040528,155 710 347,B01,3.0,2.0,0,2,1,1,1.0,
202400040529,155 710 346,B01,1.0,7.0,1,2,7,15,1.0,
202400040530,155 710 343,A01,1.0,33.0,0,2,7,18,1.0,
202400040531,155 710 342,A01,3.0,7.0,0,2,8,4,1.0,
202400040532,155 710 341,A01,3.0,7.0,0,1,3,2,1.0,
202400040533,155 710 339,A01,1.0,7.0,0,2,1,1,1.0,
202400040534,155 710 336,A01,3.0,7.0,0,9,2,17,1.0,
202400040535,155 710 335,Z01,2.0,0.0,0,2,2,1,0.0,
202400040536,155 710 332,B01,1.0,38.0,0,2,6,19,1.0,1
202400040537,155 710 330,A01,3.0,50.0,0,2,1,1,3.0,
202400040538,155 710 329,B01,0.0,37.0,0,2,3,1,1.0,2
202400040539,155 710 326,A01,2.0,10.0,0,2,3,13,1.0,
202400040540,155 710 322,A01,2.0,10.0,0,2,2,17,1.0,
202400040541,155 710 323,C01,1.0,7.0,0,2,4,0,1.0,
202400040542,155 710 319,A01,2.0,7.0,0,2,3,13,1.0,
202400040543,155 710 318,A01,1.0,7.0,0,1,2,14,1.0,
202400040544,155 710 317,C01,0.0,7.0,0,2,3,15,1.0,
202400040545,155 710 315,A01,0.0,7.0,0,1,3,1,2.0,
202400040546,155 710 313,A01,0.0,7.0,0,2,3,1,1.0,
202400040547,155 710 312,A01,2.0,7.0,0,2,1,1,1.0,
202400040548,155 710 311,A01,3.0,30.0,15,0,2,14,1.0,
202400040549,155 710 310,A01,2.0,2.0,0,0,0,1,1.0,
202400040550,155 710 308,A01,2.0,7.0,0,1,1,1,3.0,
202400040551,155 710 307,A01,1.0,33.0,0,2,1,17,1.0,
202400040552,155 710 305,B01,1.0,7.0,0,2,6,2,1.0,
202400040553,155 710 304,A01,1.0,7.0,0,1,1,1,1.0,
202400040554,155 710 303,A01,3.0,7.0,0,1,1,15,1.0,
202400040555,155 710 299,A01,1.0,7.0,0,2,3,13,1.0,
202400040556,155 710 298,A01,1.0,33.0,9,0,2,14,1.0,
202400040557,155 710 294,A01,3.0,10.0,13,0,2,1,1.0,
202400040558,155 710 291,A01,2.0,2.0,2,0,1,14,1.0,
202400040559,155 710 292,A01,1.0,7.0,0,1,3,15,1.0,
202400040560,155 710 288,A01,1.0,7.0,0,2,1,13,1.0,
202400040561,155 710 287,A01,2.0,7.0,0,1,1,1,1.0,
202400040562,155 710 285,B01,2.0,7.0,0,2,0,0,1.0,
202400040563,155 710 284,A01,2.0,7.0,1,0,1,1,1.0,
202400040564,155 710 281,A01,1.0,7.0,0,2,3,15,1.0,
202400040565,155 710 280,B01,1.0,33.0,1,0,1,1,1.0,
202400040566,155 710 279,A01,2.0,10.0,0,1,2,1,1.0,
202400040567,155 710 276,B01,3.0,7.0,0,2,1,21,1.0,
202400040568,155 710 275,A01,1.0,7.0,0,2,2,1,1.0,
202400040569,155 710 273,A01,0.0,15.0,0,1,5,1,1.0,
202400040570,155 710 271,A01,1.0,7.0,8,0,7,0,1.0,
202400040571,155 710 272,A01,2.0,7.0,0,2,8,15,1.0,
202400040572,155 710 267,A01,3.0,2.0,0,2,1,13,1.0,
202400040573,155 710 266,A01,3.0,7.0,14,2,1,13,1.0,
202400040574,155 710 265,Z01,3.0,7.0,0,2,0,1,0.0,
202400040575,155 710 263,A01,2.0,7.0,17,0,1,1,1.0,
202400040576,155 710 261,A01,1.0,7.0,0,0,0,0,0.0,
202400040577,155 710 260,A01,2.0,2.0,0,2,8,9,1.0,
202400040578,155 710 259,A01,1.0,10.0,0,1,3,2,3.0,
202400040579,155 710 255,A01,3.0,7.0,0,1,2,1,1.0,
202400040580,155 710 256,A01,1.0,7.0,6,0,1,0,1.0,
202400040581,155 710 257,B01,1.0,7.0,0,2,2,1,1.0,
202400040582,155 710 252,A01,0.0,7.0,0,2,3,26,2.0,
202400040583,155 710 250,B01,1.0,33.0,0,2,3,1,1.0,
202400040584,155 710 249,A01,1.0,7.0,0,2,2,16,1.0,
202400040585,155 710 244,B01,0.0,32.0,0,2,1,1,1.0,
202400040586,155 710 245,A01,3.0,7.0,8,0,1,26,1.0,
202400040587,155 710 246,B01,1.0,7.0,0,2,2,2,1.0,
202400040588,155 710 240,B01,2.0,7.0,0,2,1,1,1.0,
202400040589,155 710 239,A01,3.0,3.0,0,2,2,15,0.0,
202400040590,155 710 241,Z01,2.0,7.0,0,1,2,16,1.0,
202400040591,155 710 238,A01,1.0,33.0,4,0,1,1,1.0,
202400040592,155 710 236,A01,3.0,0.0,0,1,0,0,0.0,
202400040593,155 710 234,A01,2.0,33.0,0,0,0,0,1.0,
202400040594,155 710 233,A01,2.0,50.0,0,1,1,1,3.0,
202400040595,155 710 230,A01,2.0,10.0,0,2,2,2,1.0,
202400040596,155 710 229,A01,3.0,7.0,0,2,1,9,1.0,
202400040597,155 710 228,A01,3.0,7.0,0,0,0,1,1.0,
202400040598,155 710 226,A01,2.0,31.0,0,0,8,1,1.0,
202400040599,155 710 224,A01,3.0,7.0,0,0,1,13,1.0,
202400040600,155 710 223,A01,2.0,1.0,0,2,3,26,5.0,
202400040601,155 710 220,A01,3.0,7.0,0,2,8,15,1.0,
202400040602,155 710 219,B01,1.0,10.0,0,2,7,2,1.0,
202400040603,155 710 217,A01,2.0,7.0,0,2,2,15,1.0,
202400040604,155 710 215,A01,1.0,30.0,0,0,0,1,1.0,
202400040605,155 710 214,A01,1.0,50.0,0,0,0,2,3.0,
202400040606,155 710 210,A01,2.0,7.0,0,2,1,19,1.0,
202400040607,155 710 209,A01,2.0,7.0,0,2,2,1,1.0,
202400040608,155 710 208,A01,1.0,3.0,0,2,3,16,3.0,
202400040609,155 710 207,A01,1.0,7.0,3,0,1,1,1.0,
202400040610,155 710 204,B01,3.0,7.0,0,2,2,2,1.0,
202400040611,155 710 202,B01,1.0,7.0,0,2,1,1,1.0,
202400040612,155 710 201,B01,2.0,7.0,0,2,4,12,1.0,
202400040613,155 710 199,A01,2.0,7.0,0,2,1,17,1.0,
202400040614,155 710 197,A01,2.0,10.0,0,1,2,2,1.0,
202400040615,155 710 196,A01,1.0,7.0,0,2,1,2,1.0,
202400040616,155 710 194,A01,1.0,7.0,13,0,3,13,1.0,
202400040617,155 710 193,A01,2.0,7.0,4,0,9,1,1.0,
202400040618,155 710 192,A01,2.0,7.0,1,2,7,1,1.0,
202400040619,155 710 191,A01,2.0,34.0,0,0,0,0,1.0,
202400040620,155 710 188,A01,1.0,7.0,0,2,1,2,1.0,
202400040621,155 710 187,A01,3.0,33.0,0,2,4,16,1.0,
202400040622,155 710 186,A01,3.0,7.0,0,1,3,15,1.0,
202400040623,155 710 182,B01,1.0,33.0,0,2,1,1,1.0,
202400040624,155 710 181,B01,1.0,10.0,0,2,3,1,1.0,
202400040625,155 710 180,A01,1.0,7.0,0,2,1,26,1.0,
202400040626,155 710 177,B01,1.0,40.0,0,2,7,1,3.0,
202400040627,155 710 175,A01,2.0,2.0,0,2,0,12,1.0,
202400040628,155 710 172,A01,3.0,7.0,0,2,1,13,1.0,
202400040629,155 710 171,X01,2.0,7.0,0,2,4,1,0.0,
202400040630,155 710 170,A01,2.0,30.0,0,0,0,0,1.0,
202400040631,155 710 169,A01,1.0,30.0,0,0,8,1,1.0,
202400040632,155 710 168,A01,1.0,7.0,0,1,7,21,1.0,
202400040633,155 710 167,A01,3.0,7.0,0,0,0,0,1.0,
202400040634,155 710 163,A01,1.0,7.0,0,2,6,23,1.0,
202400040635,155 710 164,Z01,1.0,14.0,0,2,7,1,1.0,
202400040636,155 710 160,A01,1.0,7.0,0,2,5,15,1.0,
202400040637,155 710 161,A01,1.0,7.0,0,1,1,15,1.0,
202400040638,155 710 157,A01,1.0,2.0,0,2,3,1,1.0,
202400040639,155 710 155,A01,1.0,7.0,0,0,0,1,1.0,
202400040640,155 710 153,A01,1.0,7.0,0,2,1,2,1.0,
202400040641,155 710 150,B01,2.0,33.0,0,2,1,1,1.0,
202400040642,155 710 149,B01,1.0,33.0,0,2,7,17,1.0,
202400040643,155 710 147,A01,1.0,7.0,0,2,7,15,1.0,
202400040644,155 710 146,A01,3.0,37.0,0,1,2,2,1.0,1
202400040645,155 710 144,A01,1.0,30.0,0,0,0,1,1.0,
202400040646,155 710 143,A01,2.0,7.0,0,2,2,1,1.0,
202400040647,155 710 140,B01,1.0,30.0,0,2,1,0,1.0,
202400040648,155 710 139,B01,2.0,33.0,0,2,1,17,1.0,
202400040649,155 710 138,A01,1.0,2.0,14,0,2,16,3.0,
202400040650,155 710 136,A01,1.0,7.0,0,2,7,15,1.0,
202400040651,155 710 133,B01,1.0,10.0,0,2,6,9,1.0,
202400040652,155 710 132,A01,0.0,7.0,3,2,2,14,1.0,
202400040653,155 710 131,A01,3.0,7.0,0,1,1,15,1.0,
202400040654,155 710 129,A01,2.0,7.0,0,2,2,2,1.0,
202400040655,155 710 124,B01,2.0,31.0,0,2,1,1,0.0,
202400040656,155 710 123,B01,1.0,7.0,0,2,4,2,2.0,
202400040657,155 710 118,B01,2.0,31.0,1,0,5,17,1.0,
202400040658,155 710 117,A01,1.0,7.0,0,2,1,2,1.0,
202400040659,155 710 116,A01,1.0,7.0,1,0,1,2,1.0,
202400040660,155 710 115,A01,1.0,31.0,0,1,1,16,1.0,
202400040661,155 710 113,A01,1.0,41.0,0,2,1,2,1.0,
202400040662,155 710 111,A01,2.0,7.0,0,2,2,2,1.0,
202400040663,155 710 109,A01,2.0,30.0,0,2,1,1,1.0,
202400040664,155 710 107,B01,2.0,7.0,0,2,3,9,1.0,
202400040665,155 710 105,A01,3.0,7.0,0,2,6,16,1.0,
202400040666,155 710 103,A01,1.0,1.0,0,2,7,1,5.0,
202400040667,155 710 101,A01,3.0,10.0,0,2,3,9,1.0,
202400040668,155 710 099,B01,2.0,1.0,1,0,3,1,5.0,
202400040669,155 710 097,A01,3.0,1.0,0,2,1,16,5.0,
202400040670,155 710 095,A01,2.0,50.0,0,2,8,1,3.0,
202400040671,155 710 094,A01,3.0,2.0,12,0,1,16,1.0,
202400040672,155 710 093,A01,3.0,10.0,0,1,1,1,1.0,
202400040673,155 710 091,B01,3.0,7.0,0,2,2,15,1.0,
202400040674,155 710 089,A01,0.0,10.0,6,2,8,15,1.0,
202400040675,155 710 087,A01,3.0,10.0,0,2,1,1,1.0,
202400040676,155 710 085,A01,3.0,2.0,0,2,1,2,1.0,
202400040677,155 710 081,A01,3.0,30.0,1,0,1,1,1.0,
202400040678,155 710 083,A01,2.0,2.0,0,2,1,2,1.0,
202400040679,155 710 078,A01,2.0,32.0,0,2,1,1,1.0,
202400040680,155 710 077,A01,3.0,30.0,0,2,1,1,1.0,
202400040681,155 710 075,A01,1.0,7.0,0,2,1,17,1.0,
202400040682,155 710 074,A01,3.0,7.0,0,1,3,0,0.0,
202400040683,155 710 073,A01,2.0,7.0,2,0,2,1,1.0,
202400040684,155 710 071,B01,1.0,7.0,0,2,2,9,3.0,
202400040685,155 710 069,B01,3.0,1.0,0,2,8,1,5.0,
202400040686,155 710 068,A01,0.0,7.0,0,1,0,0,,
202400040687,155 710 067,A01,3.0,7.0,0,1,1,9,1.0,
202400040688,155 710 066,A01,1.0,7.0,0,1,1,1,1.0,
202400040689,155 710 063,A01,2.0,32.0,0,2,1,1,1.0,
202400040690,155 710 062,B01,3.0,7.0,0,2,1,1,1.0,
202400040691,155 710 061,A01,1.0,7.0,1,0,1,1,2.0,
202400040692,155 710 060,B01,1.0,37.0,1,1,7,1,1.0,1
202400040693,155 710 058,B01,1.0,43.0,0,2,7,17,1.0,
202400040694,155 710 057,A01,1.0,7.0,0,1,1,15,2.0,
202400040695,155 710 055,A01,1.0,3.0,0,2,1,1,3.0,
202400040696,155 710 054,A01,0.0,7.0,0,1,1,1,2.0,
202400040697,155 710 053,Z01,3.0,7.0,0,1,0,0,0.0,
202400040698,155 710 052,A01,1.0,7.0,0,1,2,2,1.0,
202400040699,155 710 051,A01,1.0,50.0,1,0,1,1,3.0,
202400040700,155 710 048,A01,2.0,7.0,2,0,1,14,2.0,
202400040701,155 710 049,A01,3.0,32.0,0,2,7,2,1.0,
202400040702,155 710 045,A01,1.0,33.0,0,2,1,21,1.0,
202400040703,155 710 044,A01,0.0,7.0,0,2,7,1,2.0,
202400040704,155 710 043,A01,0.0,7.0,13,0,1,14,1.0,
202400040705,155 710 042,A01,1.0,7.0,17,0,1,17,1.0,
202400040706,155 710 040,A01,1.0,10.0,9,0,2,15,0.0,
202400040707,155 710 038,A01,1.0,7.0,13,0,2,0,1.0,
202400040708,155 710 036,A01,2.0,7.0,0,2,2,20,2.0,
202400040709,155 710 034,A01,2.0,1.0,0,0,0,1,5.0,
202400040710,155 710 032,A01,0.0,7.0,0,4,8,15,1.0,
202400040711,155 710 029,A01,3.0,7.0,9,0,1,1,2.0,
202400040712,155 710 028,A01,1.0,7.0,1,2,3,2,1.0,
202400040713,155 710 027,A01,2.0,10.0,5,1,1,9,1.0,
202400040714,155 710 025,B01,2.0,7.0,0,2,8,1,1.0,
202400040715,155 710 030,B01,2.0,33.0,0,2,1,1,1.0,
202400040716,155 710 022,A01,3.0,7.0,1,0,2,5,1.0,
202400040717,155 710 020,A01,1.0,7.0,0,2,1,0,1.0,
202400040718,155 710 017,A01,2.0,7.0,0,2,3,17,1.0,
202400040719,155 710 015,C01,1.0,10.0,0,2,2,21,1.0,
202400040720,155 710 014,A01,1.0,7.0,0,1,2,2,1.0,
202400040721,155 710 013,A01,2.0,33.0,0,0,8,1,1.0,
202400040722,155 710 011,A01,1.0,33.0,0,2,1,1,1.0,
202400040723,155 710 008,A01,2.0,7.0,6,0,2,14,1.0,
202400040724,155 710 007,A01,2.0,7.0,0,2,1,2,1.0,
202400040725,155 710 004,A01,1.0,7.0,0,1,1,1,1.0,
202400040726,155 710 002,A01,2.0,7.0,0,0,9,1,1.0,
202400040727,155 710 001,A01,2.0,7.0,4,0,3,0,1.0,
202400040728,155 710 000,A01,2.0,7.0,2,0,7,1,1.0,
202400040729,155 709 999,A01,2.0,10.0,0,1,2,0,1.0,
202400040730,155 709 997,A01,1.0,7.0,2,0,1,14,1.0,
202400040731,155 709 996,A01,3.0,7.0,0,2,1,13,1.0,
202400040732,155 709 994,A01,1.0,7.0,8,0,3,1,1.0,
202400040733,155 709 993,B01,0.0,21.0,0,2,3,24,0.0,
202400040734,155 709 992,A01,3.0,10.0,2,0,1,13,1.0,
202400040735,155 709 990,A01,1.0,7.0,1,6,1,11,1.0,
202400040736,155 709 989,A01,3.0,1.0,0,0,0,0,5.0,
202400040737,155 709 987,A01,1.0,7.0,0,2,8,1,1.0,
202400040738,155 709 983,A01,1.0,7.0,0,2,3,13,1.0,
202400040739,155 709 982,A01,2.0,7.0,0,2,3,13,1.0,
202400040740,155 709 979,A01,2.0,7.0,0,2,2,17,1.0,
202400040741,155 709 976,A01,0.0,33.0,0,6,1,1,1.0,
202400040742,155 709 977,A01,3.0,1.0,0,1,1,2,5.0,
202400040743,155 709 975,A01,2.0,7.0,6,0,1,14,1.0,
202400040744,155 709 974,A01,1.0,7.0,2,0,0,1,3.0,
202400040745,155 709 973,A01,1.0,33.0,8,0,1,1,1.0,
202400040746,155 709 970,A01,1.0,7.0,6,2,3,1,1.0,
202400040747,155 709 969,B01,2.0,33.0,0,0,1,2,1.0,
202400040748,155 709 967,A01,2.0,7.0,0,0,3,0,1.0,
202400040749,155 709 966,B01,1.0,1.0,0,2,1,1,5.0,
202400040750,155 709 965,A01,1.0,7.0,16,0,9,0,1.0,
202400040751,155 709 964,A01,1.0,7.0,0,1,7,1,3.0,
202400040752,155 709 963,A01,3.0,10.0,13,0,9,0,1.0,
202400040753,155 709 961,A01,2.0,7.0,0,2,4,1,1.0,
202400040754,155 709 959,B01,1.0,7.0,0,0,4,1,1.0,
202400040755,155 709 957,A01,1.0,7.0,0,2,2,13,1.0,
202400040756,155 709 955,A01,1.0,7.0,0,2,4,2,0.0,
202400040757,155 709 954,A01,3.0,7.0,3,0,3,1,1.0,
202400040758,155 709 951,A01,2.0,7.0,11,0,3,1,1.0,
202400040759,155 709 950,A01,1.0,7.0,2,0,1,1,1.0,
202400040760,155 709 949,A01,1.0,33.0,5,0,0,1,1.0,
202400040761,155 709 947,B01,2.0,7.0,0,2,1,1,1.0,
202400040762,155 709 945,A01,3.0,7.0,0,9,3,26,1.0,
202400040763,155 709 943,A01,2.0,1.0,0,0,0,1,5.0,
202400040764,155 709 942,A01,2.0,7.0,0,2,1,17,1.0,
202400040765,155 709 940,B01,2.0,80.0,0,2,8,2,3.0,
202400040766,155 709 938,A01,2.0,10.0,0,2,3,13,1.0,
202400040767,155 709 937,A01,1.0,3.0,0,0,1,1,1.0,
202400040768,155 709 935,A01,2.0,7.0,8,0,1,1,1.0,
202400040769,155 709 934,A01,3.0,7.0,16,2,8,19,1.0,
202400040770,155 709 933,A01,2.0,10.0,2,0,1,5,1.0,
202400040771,155 709 929,C01,2.0,7.0,0,0,0,26,0.0,
202400040772,155 709 928,A01,1.0,7.0,8,0,1,0,1.0,
202400040773,155 709 927,A01,2.0,33.0,0,0,0,1,1.0,
202400040774,155 709 922,A01,1.0,7.0,0,0,4,1,1.0,
202400040775,155 709 921,B01,1.0,38.0,0,2,1,1,1.0,1
202400040776,155 709 917,B01,2.0,34.0,0,2,0,17,1.0,
202400040777,155 709 916,B01,2.0,32.0,0,2,7,1,1.0,
202400040778,155 709 912,B01,3.0,38.0,0,9,1,1,1.0,1
202400040779,155 709 913,A01,1.0,10.0,0,2,1,2,1.0,
202400040780,155 709 911,A01,1.0,7.0,5,0,2,1,1.0,
202400040781,155 709 907,B01,2.0,7.0,0,2,4,2,1.0,
202400040782,155 709 906,A01,2.0,10.0,0,2,1,2,1.0,
202400040783,155 709 905,A01,3.0,2.0,0,0,7,0,1.0,
202400040784,155 709 899,A01,1.0,7.0,0,2,1,5,1.0,
202400040785,155 709 898,A01,1.0,15.0,3,0,7,1,1.0,
202400040786,155 709 896,A01,1.0,7.0,0,1,2,23,1.0,
202400040787,155 709 895,A01,1.0,7.0,0,2,2,2,1.0,
202400040788,155 709 893,A01,1.0,7.0,0,2,2,17,1.0,
202400040789,155 709 891,A01,2.0,10.0,0,0,1,1,1.0,
202400040790,155 709 890,A01,1.0,7.0,13,0,8,1,1.0,
202400040791,155 709 888,A01,1.0,10.0,15,0,1,13,1.0,
202400040792,155 709 887,B01,1.0,7.0,0,2,3,1,1.0,
202400040793,155 709 885,A01,1.0,32.0,12,0,1,1,1.0,
202400040794,155 709 884,B01,2.0,15.0,0,0,6,2,1.0,
202400040795,155 709 882,B01,1.0,1.0,0,2,3,1,5.0,
202400040796,155 709 880,B01,3.0,1.0,0,2,1,1,5.0,
202400040797,155 709 877,A01,3.0,7.0,0,0,3,23,1.0,
202400040798,155 709 876,B01,1.0,7.0,0,0,4,2,0.0,
202400040799,155 709 875,A01,1.0,34.0,0,0,7,11,1.0,
202400040800,155 709 874,A01,3.0,7.0,0,0,0,0,1.0,
202400040801,155 709 872,B01,0.0,50.0,0,2,7,19,3.0,
202400040802,155 709 871,A01,0.0,7.0,6,0,1,0,1.0,
202400040803,155 709 869,A01,3.0,1.0,0,0,0,1,5.0,
202400040804,155 709 867,B01,1.0,7.0,0,2,3,1,1.0,
202400040805,155 709 865,B01,2.0,1.0,0,2,1,1,5.0,
202400040806,155 709 864,A01,1.0,7.0,6,0,1,1,1.0,
202400040807,155 709 863,A01,1.0,33.0,8,0,1,13,1.0,
202400040808,155 709 861,A01,2.0,33.0,0,2,1,26,1.0,
202400040809,155 709 859,A01,2.0,34.0,1,0,1,2,1.0,
202400040810,155 709 856,A01,1.0,7.0,0,2,4,1,1.0,
202400040811,155 709 853,A01,2.0,7.0,0,2,1,1,1.0,
202400040812,155 709 851,A01,1.0,7.0,6,2,2,14,1.0,
202400040813,155 709 849,A01,2.0,7.0,0,2,1,26,1.0,
202400040814,155 709 843,C01,1.0,7.0,0,2,1,2,1.0,
202400040815,155 709 841,A01,2.0,7.0,0,2,1,2,1.0,
202400040816,155 709 839,B01,1.0,7.0,0,2,2,1,1.0,
202400040817,155 709 838,A01,2.0,33.0,0,2,1,2,1.0,
202400040818,155 709 836,B01,1.0,7.0,0,2,4,2,1.0,
202400040819,155 709 835,A01,1.0,30.0,0,0,9,26,1.0,
202400040820,155 709 834,A01,2.0,7.0,3,0,3,13,1.0,
202400040821,155 709 832,B01,2.0,7.0,0,2,3,1,1.0,
202400040822,155 709 831,A01,1.0,50.0,0,1,0,1,3.0,
202400040823,155 709 829,A01,2.0,7.0,0,2,3,22,1.0,
202400040824,155 709 827,A01,1.0,7.0,0,2,1,2,1.0,
202400040825,155 709 825,B01,1.0,10.0,0,2,1,1,1.0,
202400040826,155 709 824,A01,1.0,7.0,12,0,0,0,1.0,
202400040827,155 709 822,A01,2.0,7.0,0,2,1,1,1.0,
202400040828,155 709 821,A01,0.0,7.0,0,1,1,1,1.0,
202400040829,155 709 820,A01,2.0,7.0,0,1,2,1,1.0,
202400040830,155 709 819,A01,1.0,10.0,0,1,2,1,1.0,
202400040831,155 709 816,A01,1.0,7.0,0,2,1,1,0.0,
202400040832,155 709 814,A01,1.0,15.0,0,2,1,1,1.0,
202400040833,155 709 812,B01,2.0,33.0,0,2,2,1,1.0,
202400040834,155 709 809,A01,1.0,7.0,0,2,1,2,1.0,
202400040835,155 709 808,A01,1.0,31.0,0,0,7,1,1.0,
202400040836,155 709 806,A01,2.0,7.0,0,2,3,1,1.0,
202400040837,155 709 805,A01,3.0,7.0,0,0,0,1,1.0,
202400040838,155 709 803,A01,0.0,7.0,0,2,0,0,0.0,
202400040839,155 709 801,B01,1.0,7.0,0,2,1,1,1.0,
202400040840,155 709 799,B01,1.0,1.0,0,2,4,15,5.0,
202400040841,155 709 797,A01,2.0,7.0,0,2,7,15,1.0,
202400040842,155 709 795,B01,0.0,7.0,0,2,8,1,1.0,
202400040843,155 709 794,A01,1.0,7.0,0,1,1,0,1.0,
202400040844,155 709 792,B01,1.0,50.0,0,0,0,0,3.0,
202400040845,155 709 790,A01,0.0,7.0,0,2,2,1,1.0,
202400040846,155 709 789,B01,1.0,37.0,0,1,3,1,1.0,1
202400040847,155 709 787,B01,3.0,7.0,1,0,3,24,1.0,
202400040848,155 709 785,B01,1.0,7.0,14,0,7,1,1.0,
202400040849,155 709 784,A01,2.0,7.0,0,1,3,17,1.0,
202400040850,155 709 782,A01,1.0,7.0,0,2,3,13,1.0,
202400040851,155 709 779,A01,1.0,7.0,0,2,6,12,1.0,
202400040852,155 709 778,A01,2.0,7.0,0,1,1,1,1.0,
202400040853,155 709 777,A01,1.0,7.0,9,0,1,26,1.0,
202400040854,155 709 775,B01,1.0,80.0,0,2,7,1,3.0,
202400040855,155 709 772,C01,1.0,7.0,0,2,1,1,1.0,
202400040856,155 709 771,A01,0.0,7.0,0,1,1,1,1.0,
202400040857,155 709 769,A01,3.0,7.0,0,2,2,15,1.0,
202400040858,155 709 767,B01,1.0,30.0,0,2,0,0,1.0,
202400040859,155 709 765,A01,3.0,7.0,0,2,3,15,1.0,
202400040860,155 709 763,A01,2.0,7.0,0,2,1,1,1.0,
202400040861,155 709 762,A01,1.0,7.0,4,0,1,0,1.0,
202400040862,155 709 761,A01,1.0,7.0,12,1,3,2,1.0,
202400040863,155 709 759,A01,2.0,30.0,0,2,1,14,1.0,
202400040864,155 709 757,A01,2.0,7.0,0,2,1,16,1.0,
202400040865,155 709 754,A01,1.0,33.0,0,2,1,2,1.0,
202400040866,155 709 752,A01,1.0,50.0,0,2,8,13,3.0,
202400040867,155 709 751,A01,1.0,7.0,15,0,1,0,1.0,
202400040868,155 709 750,A01,2.0,7.0,0,1,1,1,1.0,
202400040869,155 709 748,B01,3.0,7.0,0,2,3,1,1.0,
202400040870,155 709 746,A01,1.0,1.0,0,2,1,1,5.0,
202400040871,155 709 744,A01,1.0,7.0,0,2,1,1,1.0,
202400040872,155 709 742,A01,3.0,1.0,0,2,8,1,5.0,
202400040873,155 709 741,A01,2.0,7.0,0,1,2,16,2.0,
202400040874,155 709 739,A01,1.0,14.0,0,2,8,10,1.0,
202400040875,155 709 737,A01,1.0,2.0,0,2,0,1,1.0,
202400040876,155 709 736,A01,1.0,31.0,0,1,1,1,1.0,
202400040877,155 709 735,A01,1.0,80.0,9,0,1,26,3.0,
202400040878,155 709 734,A01,2.0,33.0,0,1,1,1,1.0,
202400040879,155 709 732,A01,1.0,33.0,0,9,2,1,1.0,
202400040880,155 709 730,Z01,1.0,7.0,0,2,2,24,0.0,
202400040881,155 709 729,A01,1.0,7.0,4,0,2,1,1.0,
202400040882,155 709 728,A01,3.0,7.0,8,0,1,15,1.0,
202400040883,155 709 726,A01,2.0,30.0,0,2,1,1,1.0,
202400040884,155 709 724,A01,0.0,7.0,0,2,3,26,1.0,
202400040885,155 709 723,A01,0.0,7.0,0,1,4,20,1.0,
202400040886,155 709 721,A01,1.0,7.0,0,2,1,13,1.0,
202400040887,155 709 719,A01,1.0,50.0,0,2,1,25,3.0,
202400040888,155 709 718,A01,1.0,7.0,0,1,1,2,1.0,
202400040889,155 709 716,A01,0.0,7.0,8,2,1,5,1.0,
202400040890,155 709 714,B01,3.0,30.0,0,2,7,1,1.0,
202400040891,155 709 713,A01,2.0,43.0,2,0,1,0,1.0,
202400040892,155 709 712,A01,1.0,32.0,0,1,1,1,1.0,
202400040893,155 709 710,A01,1.0,7.0,0,2,1,0,1.0,
202400040894,155 709 708,B01,0.0,7.0,0,2,6,1,1.0,
202400040895,155 709 707,A01,2.0,10.0,0,1,1,1,1.0,
202400040896,155 709 706,A01,1.0,7.0,0,0,9,1,2.0,
202400040897,155 709 704,A01,2.0,41.0,2,0,7,2,0.0,
202400040898,155 709 702,A01,2.0,7.0,0,2,7,13,1.0,
202400040899,155 709 700,A01,2.0,7.0,0,9,2,17,1.0,