Num_Acc,id_vehicule,num_veh,senc,catv,obs,obsm,choc,manv,motor,occutc
202400040900,155 709 697,B01,1.0,1.0,0,2,4,1,5.0,
202400040901,155 709 696,A01,1.0,7.0,0,2,1,26,1.0,
202400040902,155 709 694,A01,0.0,2.0,0,2,1,0,0.0,
202400040903,155 709 691,A01,2.0,10.0,17,0,1,1,1.0,
202400040904,155 709 692,B01,3.0,7.0,0,2,2,1,1.0,
202400040905,155 709 689,A01,2.0,7.0,0,2,3,13,1.0,
202400040906,155 709 688,A01,2.0,7.0,1,1,1,13,1.0,
202400040907,155 709 686,A01,1.0,10.0,0,2,2,13,1.0,
202400040908,155 709 682,A01,2.0,7.0,13,2,2,9,1.0,
202400040909,155 709 683,A01,1.0,30.0,0,2,0,15,1.0,
202400040910,155 709 679,A01,1.0,7.0,0,2,8,1,1.0,
202400040911,155 709 678,A01,3.0,2.0,0,2,1,1,1.0,
202400040912,155 709 676,B01,2.0,37.0,0,0,3,0,1.0,1
202400040913,155 709 674,A01,1.0,7.0,0,2,2,1,1.0,
202400040914,155 709 673,A01,1.0,7.0,0,1,6,4,1.0,
202400040915,155 709 670,A01,1.0,10.0,0,2,3,16,1.0,
202400040916,155 709 668,A01,2.0,7.0,11,0,1,16,1.0,
202400040917,155 709 666,A01,2.0,7.0,0,2,3,1,1.0,
202400040918,155 709 664,D01,1.0,7.0,0,2,1,2,1.0,
202400040919,155 709 662,A01,3.0,50.0,0,2,1,1,3.0,
202400040920,155 709 660,B01,2.0,7.0,0,2,1,1,0.0,
202400040921,155 709 659,A01,1.0,7.0,3,0,2,1,6.0,
202400040922,155 709 658,A01,3.0,7.0,0,1,1,15,1.0,
202400040923,155 709 657,A01,2.0,7.0,4,0,0,0,1.0,
202400040924,155 709 655,A01,2.0,10.0,0,2,1,1,1.0,
202400040925,155 709 652,A01,2.0,7.0,13,0,7,14,1.0,
202400040926,155 709 651,A01,1.0,7.0,0,2,3,9,1.0,
202400040927,155 709 650,A01,1.0,99.0,0,2,3,1,1.0,
202400040928,155 709 649,A01,0.0,7.0,9,0,1,0,1.0,
202400040929,155 709 648,A01,3.0,10.0,1,0,3,13,1.0,
202400040930,155 709 646,A01,1.0,7.0,8,0,1,1,1.0,
202400040931,155 709 644,A01,2.0,10.0,6,0,2,1,1.0,
202400040932,155 709 645,A01,1.0,10.0,0,2,2,0,1.0,
202400040933,155 709 643,A01,3.0,7.0,8,0,1,1,1.0,
202400040934,155 709 641,A01,1.0,31.0,11,0,1,1,1.0,
202400040935,155 709 640,A01,1.0,7.0,0,0,3,15,1.0,
202400040936,155 709 639,A01,3.0,10.0,0,1,1,1,0.0,
202400040937,155 709 638,A01,1.0,7.0,13,0,0,1,1.0,
202400040938,155 709 635,A01,1.0,7.0,9,0,3,13,1.0,
202400040939,155 709 637,A01,1.0,7.0,16,0,9,13,1.0,
202400040940,155 709 633,A01,1.0,33.0,2,0,0,1,0.0,
202400040941,155 709 631,A01,1.0,7.0,0,2,2,17,1.0,
202400040942,155 709 630,A01,1.0,7.0,0,2,7,15,1.0,
202400040943,155 709 627,A01,2.0,7.0,0,2,3,1,1.0,
202400040944,155 709 625,A01,3.0,7.0,0,2,3,9,1.0,
202400040945,155 709 624,B01,2.0,7.0,0,2,3,1,1.0,
202400040946,155 709 621,A01,2.0,7.0,0,2,2,19,1.0,
202400040947,155 709 620,A01,0.0,7.0,0,1,3,1,3.0,
202400040948,155 709 619,A01,2.0,7.0,0,2,1,0,1.0,
202400040949,155 709 617,A01,1.0,7.0,0,2,8,9,1.0,
202400040950,155 709 615,A01,1.0,7.0,0,2,1,1,1.0,
202400040951,155 709 612,A01,1.0,7.0,0,2,3,1,1.0,
202400040952,155 709 611,A01,1.0,7.0,0,2,1,1,1.0,
202400040953,155 709 609,A01,1.0,1.0,0,2,1,14,5.0,
202400040954,155 709 607,A01,1.0,17.0,0,2,3,0,1.0,
202400040955,155 709 606,A01,1.0,2.0,0,0,0,0,1.0,
202400040956,155 709 604,A01,3.0,10.0,0,1,1,1,1.0,
202400040957,155 709 603,A01,1.0,7.0,17,0,1,0,1.0,
202400040958,155 709 600,A01,1.0,50.0,0,2,1,5,3.0,
202400040959,155 709 598,B01,1.0,15.0,0,2,1,1,1.0,
202400040960,155 709 597,C01,1.0,7.0,0,2,7,2,1.0,
202400040961,155 709 595,A01,2.0,7.0,6,0,2,14,1.0,
202400040962,155 709 593,A01,2.0,7.0,0,2,4,23,1.0,
202400040963,155 709 592,A01,1.0,1.0,12,0,0,1,5.0,
202400040964,155 709 591,B01,3.0,33.0,0,2,1,1,1.0,
202400040965,155 709 589,A01,1.0,7.0,0,1,1,0,1.0,
202400040966,155 709 588,A01,3.0,7.0,0,1,3,1,1.0,
202400040967,155 709 587,B01,1.0,33.0,12,9,7,14,1.0,
202400040968,155 709 586,A01,1.0,7.0,13,0,7,13,1.0,
202400040969,155 709 584,A01,1.0,2.0,0,2,5,5,1.0,
202400040970,155 709 581,B01,1.0,7.0,0,0,6,24,1.0,
202400040971,155 709 578,A01,2.0,7.0,14,2,3,1,1.0,
202400040972,155 709 579,A01,0.0,7.0,0,2,1,0,1.0,
202400040973,155 709 577,A01,1.0,7.0,0,1,1,1,1.0,
202400040974,155 709 575,A01,3.0,32.0,12,0,1,2,1.0,
202400040975,155 709 574,A01,2.0,15.0,1,1,2,1,1.0,
202400040976,155 709 573,B01,2.0,33.0,0,2,8,15,1.0,
202400040977,155 709 568,A01,1.0,34.0,0,2,8,15,1.0,
202400040978,155 709 563,A01,3.0,7.0,0,2,1,16,1.0,
202400040979,155 709 562,A01,1.0,31.0,0,2,1,1,1.0,
202400040980,155 709 558,C01,2.0,7.0,0,2,1,1,1.0,
202400040981,155 709 556,A01,2.0,33.0,0,2,1,17,1.0,
202400040982,155 709 554,A01,2.0,33.0,0,0,0,9,1.0,
202400040983,155 709 551,A01,1.0,7.0,0,2,1,13,1.0,
202400040984,155 709 550,A01,2.0,7.0,4,0,3,13,1.0,
202400040985,155 709 548,A01,3.0,7.0,0,1,6,4,1.0,
202400040986,155 709 547,B01,3.0,7.0,0,2,4,2,3.0,
202400040987,155 709 546,A01,2.0,7.0,4,0,2,1,1.0,
202400040988,155 709 540,B01,2.0,1.0,0,2,1,1,5.0,
202400040989,155 709 536,C01,1.0,7.0,4,2,2,2,1.0,
202400040990,155 709 535,A01,2.0,7.0,0,2,4,1,2.0,
202400040991,155 709 533,A01,2.0,7.0,4,0,2,1,1.0,
202400040992,155 709 531,A01,2.0,7.0,0,2,2,1,1.0,
202400040993,155 709 526,A01,2.0,17.0,0,2,1,2,1.0,
202400040994,155 709 522,B01,2.0,7.0,0,2,1,1,2.0,
202400040995,155 709 520,A01,2.0,7.0,0,2,1,1,1.0,
202400040996,155 709 519,A01,2.0,7.0,1,0,1,12,1.0,
202400040997,155 709 518,A01,1.0,33.0,0,9,8,1,1.0,
202400040998,155 709 517,A01,1.0,30.0,0,0,8,26,1.0,
202400040999,155 709 512,A01,1.0,7.0,0,2,1,2,1.0,
202400041000,155 709 513,A01,1.0,7.0,0,2,4,1,1.0,
202400041001,155 709 508,A01,1.0,7.0,0,2,2,1,1.0,
202400041002,155 709 507,A01,1.0,7.0,0,9,1,16,1.0,
202400041003,155 709 505,A01,2.0,7.0,0,2,3,11,1.0,
202400041004,155 709 503,A01,2.0,7.0,4,0,1,16,1.0,
202400041005,155 709 500,A01,1.0,7.0,0,2,1,2,1.0,
202400041006,155 709 499,A01,1.0,7.0,0,2,3,1,1.0,
202400041007,155 709 497,A01,1.0,7.0,0,2,7,12,1.0,
202400041008,155 709 495,A01,2.0,7.0,3,2,4,2,1.0,
202400041009,155 709 492,A01,1.0,7.0,3,0,3,13,1.0,
202400041010,155 709 491,A01,2.0,7.0,0,2,1,1,1.0,
202400041011,155 709 489,B01,2.0,7.0,0,2,1,1,1.0,
202400041012,155 709 488,A01,1.0,7.0,3,0,3,13,1.0,
202400041013,155 709 487,A01,2.0,33.0,0,2,1,3,1.0,
202400041014,155 709 479,B01,1.0,7.0,0,2,1,1,3.0,
202400041015,155 709 478,A01,2.0,7.0,0,2,8,11,1.0,
202400041016,155 709 477,A01,1.0,7.0,0,0,2,14,1.0,
202400041017,155 709 475,A01,3.0,7.0,0,1,5,20,1.0,
202400041018,155 709 471,A01,1.0,7.0,0,2,1,1,0.0,
202400041019,155 709 468,A01,2.0,33.0,8,0,0,21,1.0,
202400041020,155 709 466,A01,2.0,7.0,0,2,1,2,1.0,
202400041021,155 709 464,B01,2.0,10.0,0,2,1,0,1.0,
202400041022,155 709 461,A01,2.0,7.0,13,0,2,1,1.0,
202400041023,155 709 459,B01,1.0,7.0,0,2,3,1,1.0,
202400041024,155 709 460,A01,1.0,10.0,0,1,1,1,1.0,
202400041025,155 709 458,B01,1.0,7.0,1,0,1,1,1.0,
202400041026,155 709 457,A01,2.0,7.0,0,0,9,16,1.0,
202400041027,155 709 455,A01,1.0,7.0,0,2,3,21,1.0,
202400041028,155 709 453,A01,2.0,7.0,2,0,1,1,0.0,
202400041029,155 709 454,A01,1.0,7.0,9,9,9,1,1.0,
202400041030,155 709 449,A01,1.0,7.0,0,2,1,2,1.0,
202400041031,155 709 448,A01,1.0,2.0,0,2,1,1,1.0,
202400041032,155 709 447,A01,2.0,7.0,13,0,3,1,1.0,
202400041033,155 709 446,A01,1.0,7.0,0,6,1,1,1.0,
202400041034,155 709 443,A01,2.0,7.0,0,2,2,15,1.0,
202400041035,155 709 442,B01,1.0,43.0,0,2,2,12,1.0,
202400041036,155 709 441,A01,1.0,14.0,0,0,8,1,1.0,
202400041037,155 709 438,A01,2.0,7.0,0,2,3,13,1.0,
202400041038,155 709 436,A01,0.0,7.0,0,0,6,23,1.0,
202400041039,155 709 434,A01,2.0,7.0,0,2,8,0,1.0,
202400041040,155 709 430,A01,1.0,7.0,0,9,5,15,1.0,
202400041041,155 709 431,A01,3.0,7.0,0,2,1,9,1.0,
202400041042,155 709 429,A01,2.0,7.0,0,2,2,12,1.0,
202400041043,155 709 425,A01,2.0,7.0,0,1,1,1,2.0,
202400041044,155 709 424,A01,1.0,7.0,0,2,8,2,1.0,
202400041045,155 709 423,B01,1.0,7.0,0,2,4,12,1.0,
202400041046,155 709 419,A01,3.0,7.0,0,2,3,9,1.0,
202400041047,155 709 415,A01,2.0,7.0,6,0,3,1,1.0,
202400041048,155 709 413,B01,1.0,7.0,0,2,6,23,1.0,
202400041049,155 709 408,A01,1.0,37.0,0,1,3,1,3.0,1
202400041050,155 709 410,A01,2.0,7.0,0,2,1,2,1.0,
202400041051,155 709 409,C01,2.0,7.0,0,2,4,23,1.0,
202400041052,155 709 406,A01,1.0,7.0,0,9,3,1,1.0,
202400041053,155 709 403,A01,0.0,7.0,3,2,1,13,1.0,
202400041054,155 709 401,A01,2.0,33.0,0,2,1,12,1.0,
202400041055,155 709 400,A01,2.0,33.0,0,2,1,3,1.0,
202400041056,155 709 397,B01,2.0,7.0,0,2,1,15,3.0,
202400041057,155 709 395,A01,1.0,7.0,4,0,2,14,3.0,
202400041058,155 709 396,Z01,2.0,7.0,0,2,7,2,0.0,
202400041059,155 709 394,A01,1.0,7.0,5,0,3,13,1.0,
202400041060,155 709 392,B01,1.0,2.0,0,2,2,1,1.0,
202400041061,155 709 388,A01,2.0,33.0,0,2,2,2,1.0,
202400041062,155 709 387,A01,2.0,7.0,0,1,3,1,0.0,
202400041063,155 709 386,B01,3.0,1.0,0,2,0,0,5.0,
202400041064,155 709 385,Z01,2.0,7.0,0,2,0,19,0.0,
202400041065,155 709 383,A01,3.0,50.0,0,0,0,1,3.0,
202400041066,155 709 379,A01,2.0,50.0,12,0,7,14,3.0,
202400041067,155 709 377,A01,0.0,3.0,0,2,1,19,1.0,
202400041068,155 709 376,A01,1.0,7.0,0,2,3,15,1.0,
202400041069,155 709 375,D01,2.0,7.0,0,2,0,0,1.0,
202400041070,155 709 373,B01,1.0,34.0,0,2,3,1,1.0,
202400041071,155 709 372,A01,2.0,1.0,0,1,1,1,5.0,
202400041072,155 709 371,A01,1.0,50.0,0,0,0,1,3.0,
202400041073,155 709 370,A01,1.0,7.0,4,0,3,13,1.0,
202400041074,155 709 368,A01,2.0,33.0,0,2,3,17,1.0,
202400041075,155 709 365,A01,2.0,7.0,0,2,8,22,1.0,
202400041076,155 709 363,A01,1.0,30.0,0,2,1,13,1.0,
202400041077,155 709 361,B01,1.0,7.0,0,2,4,2,2.0,
202400041078,155 709 359,A01,2.0,7.0,0,1,1,15,1.0,
202400041079,155 709 360,A01,2.0,2.0,0,2,8,1,1.0,
202400041080,155 709 357,A01,3.0,7.0,16,0,3,15,1.0,
202400041081,155 709 356,A01,2.0,7.0,4,0,1,1,1.0,
202400041082,155 709 352,A01,2.0,10.0,0,2,6,13,1.0,
202400041083,155 709 350,B01,1.0,7.0,0,2,1,1,1.0,
202400041084,155 709 348,B01,2.0,7.0,0,2,4,2,1.0,
202400041085,155 709 347,A01,1.0,7.0,0,2,1,2,1.0,
202400041086,155 709 344,A01,2.0,37.0,0,1,0,1,4.0,1
202400041087,155 709 342,A01,2.0,2.0,0,2,1,15,3.0,
202400041088,155 709 343,A01,1.0,7.0,0,2,2,15,1.0,
202400041089,155 709 341,A01,2.0,7.0,0,2,0,0,1.0,
202400041090,155 709 339,A01,3.0,7.0,0,1,3,2,1.0,
202400041091,155 709 336,B01,3.0,10.0,0,2,2,1,1.0,
202400041092,155 709 335,A01,2.0,7.0,0,2,1,2,1.0,
202400041093,155 709 332,A01,3.0,37.0,0,2,2,1,1.0,1
202400041094,155 709 330,C01,1.0,7.0,1,0,0,0,1.0,
202400041095,155 709 328,A01,3.0,33.0,0,2,3,2,1.0,
202400041096,155 709 326,B01,1.0,7.0,0,2,1,2,1.0,
202400041097,155 709 325,A01,3.0,7.0,0,2,0,21,1.0,
202400041098,155 709 324,Z01,3.0,7.0,0,1,0,0,0.0,
202400041099,155 709 323,A01,3.0,10.0,0,1,7,1,1.0,
202400041100,155 709 319,A01,1.0,7.0,0,2,1,2,0.0,
202400041101,155 709 320,A01,2.0,7.0,0,1,3,1,2.0,
202400041102,155 709 317,A01,1.0,30.0,1,0,1,2,3.0,
202400041103,155 709 316,A01,1.0,7.0,0,2,8,15,1.0,
202400041104,155 709 313,B01,1.0,7.0,0,1,6,1,1.0,
202400041105,155 709 312,B01,2.0,80.0,0,2,4,12,3.0,
202400041106,155 709 311,A01,3.0,37.0,0,9,0,0,1.0,1
202400041107,155 709 310,A01,1.0,10.0,7,0,4,20,1.0,
202400041108,155 709 307,B01,2.0,7.0,0,2,1,0,1.0,
202400041109,155 709 308,A01,0.0,32.0,0,0,8,1,1.0,
202400041110,155 709 304,B01,2.0,7.0,0,2,1,15,1.0,
202400041111,155 709 305,A01,1.0,33.0,0,2,0,26,1.0,
202400041112,155 709 302,A01,2.0,10.0,7,0,7,21,1.0,
202400041113,155 709 301,A01,1.0,10.0,0,2,7,0,1.0,
202400041114,155 709 299,A01,1.0,32.0,0,0,8,1,1.0,
202400041115,155 709 297,A01,1.0,30.0,0,2,1,2,1.0,
202400041116,155 709 295,A01,1.0,7.0,0,2,1,1,1.0,
202400041117,155 709 291,Z01,1.0,10.0,0,2,2,12,1.0,
202400041118,155 709 292,A01,1.0,7.0,0,1,1,16,2.0,
202400041119,155 709 290,A01,1.0,7.0,8,0,1,6,1.0,
202400041120,155 709 286,A01,2.0,1.0,0,1,1,1,5.0,
202400041121,155 709 283,B01,3.0,1.0,0,2,2,15,5.0,
202400041122,155 709 285,B01,1.0,31.0,0,2,1,1,1.0,
202400041123,155 709 279,A01,2.0,7.0,0,1,0,15,1.0,
202400041124,155 709 280,A01,3.0,7.0,0,2,3,11,1.0,
202400041125,155 709 276,A01,1.0,7.0,0,2,1,26,1.0,
202400041126,155 709 277,A01,2.0,10.0,0,1,2,1,1.0,
202400041127,155 709 275,A01,1.0,10.0,0,2,1,1,1.0,
202400041128,155 709 274,A01,1.0,30.0,0,0,2,16,3.0,
202400041129,155 709 271,A01,1.0,43.0,14,0,1,1,1.0,
202400041130,155 709 273,A01,1.0,7.0,0,1,2,1,1.0,
202400041131,155 709 272,A01,3.0,7.0,0,1,1,0,1.0,
202400041132,155 709 267,B01,1.0,80.0,0,0,1,1,3.0,
202400041133,155 709 268,A01,2.0,7.0,0,2,4,4,1.0,
202400041134,155 709 266,A01,2.0,7.0,0,1,1,1,0.0,
202400041135,155 709 260,A01,1.0,7.0,9,0,9,1,2.0,
202400041136,155 709 262,A01,1.0,7.0,0,1,4,4,1.0,
202400041137,155 709 261,A01,3.0,50.0,0,2,7,19,3.0,
202400041138,155 709 263,A01,1.0,10.0,0,1,1,1,1.0,
202400041139,155 709 258,A01,2.0,33.0,0,0,0,16,1.0,
202400041140,155 709 255,B01,1.0,7.0,0,2,4,1,1.0,
202400041141,155 709 256,A01,3.0,1.0,0,0,0,2,5.0,
202400041142,155 709 253,A01,1.0,7.0,14,0,0,1,1.0,
202400041143,155 709 250,A01,1.0,32.0,0,2,1,1,1.0,
202400041144,155 709 252,A01,1.0,80.0,0,2,7,1,3.0,
202400041145,155 709 251,A01,2.0,31.0,0,9,0,1,1.0,
202400041146,155 709 246,A01,1.0,31.0,0,2,1,1,1.0,
202400041147,155 709 243,B01,2.0,7.0,0,2,9,23,1.0,
202400041148,155 709 242,B01,2.0,1.0,0,2,1,0,5.0,
202400041149,155 709 240,A01,3.0,7.0,0,2,2,1,1.0,
202400041150,155 709 237,A01,1.0,50.0,0,1,8,25,3.0,
202400041151,155 709 239,A01,0.0,7.0,0,2,1,1,1.0,
202400041152,155 709 235,A01,1.0,10.0,0,1,1,26,1.0,
202400041153,155 709 234,B01,1.0,7.0,0,2,4,1,1.0,
202400041154,155 709 233,A01,1.0,30.0,0,1,1,1,0.0,
202400041155,155 709 232,A01,2.0,10.0,0,1,3,1,1.0,
202400041156,155 709 231,A01,3.0,7.0,0,1,2,21,1.0,
202400041157,155 709 227,A01,1.0,7.0,16,2,3,15,3.0,
202400041158,155 709 228,A01,1.0,7.0,0,1,3,15,2.0,
202400041159,155 709 226,A01,1.0,33.0,0,2,2,1,1.0,
202400041160,155 709 221,A01,1.0,7.0,0,2,1,9,1.0,
202400041161,155 709 222,A01,3.0,10.0,0,1,4,4,3.0,
202400041162,155 709 223,B01,1.0,32.0,0,2,8,1,1.0,
202400041163,155 709 219,A01,1.0,7.0,0,2,1,2,1.0,
202400041164,155 709 218,A01,2.0,7.0,6,0,3,13,1.0,
202400041165,155 709 216,A01,1.0,7.0,0,2,8,15,0.0,
202400041166,155 709 214,A01,3.0,38.0,1,1,1,26,1.0,1
202400041167,155 709 213,B01,1.0,34.0,0,2,1,2,1.0,
202400041168,155 709 212,A01,1.0,7.0,4,0,2,1,1.0,
202400041169,155 709 210,A01,3.0,7.0,0,1,2,1,1.0,
202400041170,155 709 209,A01,1.0,7.0,13,0,2,1,1.0,
202400041171,155 709 211,A01,3.0,10.0,0,2,1,1,1.0,
202400041172,155 709 208,A01,2.0,7.0,0,1,1,15,1.0,
202400041173,155 709 205,A01,3.0,7.0,0,2,2,26,1.0,
202400041174,155 709 202,B01,2.0,50.0,0,2,1,1,3.0,
202400041175,155 709 201,A01,2.0,30.0,0,2,1,1,1.0,
202400041176,155 709 200,B01,1.0,7.0,0,2,3,1,1.0,
202400041177,155 709 199,A01,3.0,7.0,1,1,7,1,1.0,
202400041178,155 709 197,A01,1.0,7.0,8,0,1,1,1.0,
202400041179,155 709 195,B01,3.0,7.0,0,2,3,1,1.0,
202400041180,155 709 193,A01,2.0,7.0,0,1,1,1,1.0,
202400041181,155 709 194,B01,3.0,7.0,0,2,4,2,0.0,
202400041182,155 709 190,B01,1.0,2.0,0,2,1,1,1.0,
202400041183,155 709 188,A01,3.0,10.0,1,1,1,1,1.0,
202400041184,155 709 187,A01,3.0,7.0,0,2,1,2,1.0,
202400041185,155 709 186,A01,3.0,7.0,0,2,3,9,1.0,
202400041186,155 709 184,A01,3.0,33.0,0,0,0,26,0.0,
202400041187,155 709 181,A01,0.0,10.0,0,2,4,2,3.0,
202400041188,155 709 182,A01,0.0,1.0,14,0,1,26,5.0,
202400041189,155 709 180,B01,1.0,7.0,0,2,3,1,1.0,
202400041190,155 709 175,A01,1.0,7.0,0,2,2,12,1.0,
202400041191,155 709 176,A01,2.0,50.0,0,2,0,0,3.0,
202400041192,155 709 174,A01,2.0,7.0,0,1,1,19,1.0,
202400041193,155 709 173,A01,1.0,1.0,0,2,8,13,5.0,
202400041194,155 709 172,A01,1.0,7.0,0,1,1,19,1.0,
202400041195,155 709 169,A01,2.0,7.0,0,1,1,1,1.0,
202400041196,155 709 168,A01,1.0,1.0,0,2,3,17,5.0,
202400041197,155 709 165,A01,1.0,7.0,0,9,2,1,1.0,
202400041198,155 709 166,A01,2.0,7.0,9,0,1,6,1.0,
202400041199,155 709 162,B01,3.0,2.0,0,2,8,1,1.0,
202400041200,155 709 161,A01,0.0,7.0,0,2,3,10,1.0,
202400041201,155 709 160,A01,2.0,7.0,6,0,1,13,1.0,
202400041202,155 709 159,A01,1.0,14.0,0,1,7,16,1.0,
202400041203,155 709 158,A01,3.0,2.0,0,0,0,1,1.0,
202400041204,155 709 157,A01,1.0,7.0,0,2,6,2,1.0,
202400041205,155 709 155,A01,2.0,7.0,0,1,1,1,1.0,
202400041206,155 709 154,A01,1.0,33.0,0,1,1,1,1.0,
202400041207,155 709 149,A01,2.0,7.0,0,2,3,15,1.0,
202400041208,155 709 151,A01,1.0,10.0,0,2,2,1,1.0,
202400041209,155 709 148,A01,1.0,32.0,0,1,8,1,1.0,
202400041210,155 709 147,B01,2.0,7.0,8,2,8,1,2.0,
202400041211,155 709 143,B01,2.0,7.0,0,2,8,1,1.0,
202400041212,155 709 142,A01,1.0,7.0,0,2,3,15,1.0,
202400041213,155 709 144,A01,1.0,7.0,4,0,1,13,3.0,
202400041214,155 709 140,A01,1.0,7.0,9,0,2,2,1.0,
202400041215,155 709 138,A01,3.0,34.0,0,1,1,1,1.0,
202400041216,155 709 134,A01,1.0,7.0,0,2,1,5,1.0,
202400041217,155 709 133,A01,3.0,10.0,0,2,1,2,1.0,
202400041218,155 709 132,A01,1.0,7.0,16,0,1,1,1.0,
202400041219,155 709 135,B01,1.0,7.0,0,2,4,2,1.0,
202400041220,155 709 131,A01,1.0,15.0,0,0,2,1,1.0,
202400041221,155 709 129,A01,3.0,3.0,0,0,0,16,3.0,
202400041222,155 709 127,A01,1.0,7.0,1,2,2,26,1.0,
202400041223,155 709 123,A01,1.0,7.0,0,2,1,1,1.0,
202400041224,155 709 124,A01,1.0,3.0,8,0,1,1,1.0,
202400041225,155 709 125,A01,1.0,7.0,0,2,8,13,1.0,
202400041226,155 709 119,A01,1.0,2.0,0,2,1,2,1.0,
202400041227,155 709 118,B01,0.0,31.0,0,2,2,1,1.0,
202400041228,155 709 117,A01,1.0,7.0,15,2,3,13,1.0,
202400041229,155 709 115,B01,1.0,33.0,0,2,1,1,1.0,
202400041230,155 709 112,A01,1.0,2.0,0,2,2,23,0.0,
202400041231,155 709 111,A01,2.0,7.0,0,2,3,16,1.0,
202400041232,155 709 110,A01,3.0,7.0,2,0,1,1,1.0,
202400041233,155 709 108,B01,3.0,31.0,0,2,1,1,1.0,
202400041234,155 709 103,A01,3.0,10.0,0,1,2,1,1.0,
202400041235,155 709 102,A01,2.0,7.0,0,2,1,2,1.0,
202400041236,155 709 101,B01,2.0,7.0,0,2,1,1,1.0,
202400041237,155 709 099,A01,2.0,15.0,0,2,8,1,0.0,
202400041238,155 709 094,A01,1.0,7.0,0,2,1,18,1.0,
202400041239,155 709 095,A01,2.0,2.0,1,0,1,1,1.0,
202400041240,155 709 093,A01,2.0,7.0,0,2,1,6,1.0,
202400041241,155 709 092,A01,2.0,7.0,0,1,3,1,1.0,
202400041242,155 709 090,A01,0.0,2.0,7,0,1,1,1.0,
202400041243,155 709 089,A01,3.0,1.0,0,0,0,1,5.0,
202400041244,155 709 085,A01,2.0,7.0,2,0,1,2,1.0,
202400041245,155 709 083,B01,1.0,43.0,0,2,1,23,1.0,
202400041246,155 709 080,E01,1.0,7.0,0,2,2,1,1.0,
202400041247,155 709 081,B01,2.0,7.0,0,2,3,17,0.0,
202400041248,155 709 079,A01,0.0,36.0,0,0,2,1,1.0,
202400041249,155 709 078,A01,1.0,7.0,0,0,3,5,1.0,
202400041250,155 709 076,A01,2.0,7.0,0,1,1,1,1.0,
202400041251,155 709 074,A01,1.0,7.0,0,1,4,4,1.0,
202400041252,155 709 073,A01,1.0,7.0,16,0,1,1,1.0,
202400041253,155 709 071,A01,1.0,31.0,0,2,1,2,1.0,
202400041254,155 709 075,A01,1.0,7.0,0,0,7,15,1.0,
202400041255,155 709 068,B01,0.0,30.0,0,2,1,2,1.0,
202400041256,155 709 067,A01,1.0,38.0,0,9,2,2,1.0,1
202400041257,155 709 064,A01,1.0,7.0,5,2,7,17,1.0,
202400041258,155 709 063,B01,2.0,33.0,0,2,1,2,1.0,
202400041259,155 709 061,A01,2.0,3.0,13,0,1,21,1.0,
202400041260,155 709 058,B01,2.0,17.0,0,0,6,1,1.0,
202400041261,155 709 057,A01,2.0,33.0,8,0,1,0,1.0,
202400041262,155 709 056,A01,1.0,99.0,0,2,4,4,1.0,
202400041263,155 709 055,B01,2.0,7.0,0,2,1,1,1.0,
202400041264,155 709 052,A01,2.0,32.0,0,2,1,17,1.0,
202400041265,155 709 051,A01,1.0,31.0,0,2,3,13,1.0,
202400041266,155 709 049,A01,0.0,33.0,12,0,5,1,1.0,
202400041267,155 709 047,A01,2.0,7.0,0,2,3,13,1.0,
202400041268,155 709 046,A01,1.0,33.0,2,0,7,14,1.0,
202400041269,155 709 045,A01,0.0,7.0,0,2,1,26,1.0,
202400041270,155 709 042,A01,1.0,33.0,17,0,1,1,1.0,
202400041271,155 709 041,A01,1.0,31.0,0,2,1,26,1.0,
202400041272,155 709 043,A01,3.0,7.0,0,0,0,1,1.0,
202400041273,155 709 037,A01,3.0,7.0,0,2,2,1,1.0,
202400041274,155 709 038,B01,3.0,1.0,0,2,7,0,5.0,
202400041275,155 709 033,A01,2.0,7.0,0,2,2,12,1.0,
202400041276,155 709 032,A01,1.0,7.0,7,2,5,10,3.0,
202400041277,155 709 029,Z01,3.0,50.0,0,1,8,1,3.0,
202400041278,155 709 027,A01,1.0,2.0,8,2,4,1,1.0,
202400041279,155 709 028,A01,0.0,99.0,0,2,0,21,0.0,
202400041280,155 709 024,A01,2.0,33.0,0,1,2,1,1.0,
202400041281,155 709 025,A01,3.0,7.0,0,1,1,1,1.0,
202400041282,155 709 023,A01,1.0,10.0,0,2,1,1,1.0,
202400041283,155 709 020,B01,1.0,7.0,0,0,3,1,1.0,
202400041284,155 709 019,B01,3.0,33.0,0,2,2,1,1.0,
202400041285,155 709 017,A01,2.0,10.0,0,1,5,4,0.0,
202400041286,155 709 015,A01,1.0,7.0,15,0,2,2,1.0,
202400041287,155 709 016,A01,3.0,7.0,0,2,3,0,1.0,
202400041288,155 709 014,A01,2.0,7.0,0,1,2,1,1.0,
202400041289,155 709 010,A01,3.0,7.0,0,9,2,1,1.0,
202400041290,155 709 009,A01,1.0,7.0,0,2,2,1,1.0,
202400041291,155 709 011,A01,2.0,1.0,0,0,0,26,5.0,
202400041292,155 709 006,A01,2.0,2.0,0,2,1,0,1.0,
202400041293,155 709 002,A01,1.0,7.0,0,2,3,1,1.0,
202400041294,155 709 000,A01,1.0,7.0,0,9,2,17,1.0,
202400041295,155 708 999,B01,1.0,1.0,0,2,3,1,5.0,
202400041296,155 708 997,A01,2.0,7.0,0,1,2,17,1.0,