Num_Acc,id_vehicule,num_veh,senc,catv,obs,obsm,choc,manv,motor,occutc
202400041297,155 708 996,B01,1.0,21.0,0,0,4,2,1.0,
202400041298,155 708 995,A01,1.0,50.0,0,1,1,5,3.0,
202400041299,155 709 001,B01,1.0,31.0,0,2,1,2,1.0,
202400041300,155 708 994,A01,2.0,33.0,3,0,2,0,1.0,
202400041301,155 708 991,A01,1.0,7.0,0,0,6,15,1.0,
202400041302,155 708 989,A01,0.0,7.0,0,2,1,15,1.0,
202400041303,155 708 988,B01,1.0,7.0,0,2,5,15,1.0,
202400041304,155 708 985,A01,1.0,33.0,11,0,1,1,1.0,
202400041305,155 708 987,A01,2.0,36.0,12,9,3,1,1.0,
202400041306,155 708 984,A01,1.0,7.0,0,2,1,1,1.0,
202400041307,155 708 981,A01,2.0,33.0,0,1,3,1,1.0,
202400041308,155 708 982,A01,1.0,7.0,8,0,1,1,1.0,
202400041309,155 708 980,A01,2.0,34.0,4,0,8,26,1.0,
202400041310,155 708 979,A01,1.0,7.0,0,1,3,1,0.0,
202400041311,155 708 978,A01,1.0,7.0,0,2,1,13,1.0,
202400041312,155 708 976,A01,2.0,7.0,4,0,1,1,1.0,
202400041313,155 708 972,A01,3.0,10.0,0,2,1,2,1.0,
202400041314,155 708 971,A01,1.0,7.0,0,0,4,23,1.0,
202400041315,155 708 970,A01,3.0,10.0,0,2,2,14,1.0,
202400041316,155 708 969,B01,3.0,50.0,0,2,7,1,3.0,
202400041317,155 708 967,B01,2.0,7.0,0,2,4,1,1.0,
202400041318,155 708 963,A01,1.0,7.0,0,2,1,1,1.0,
202400041319,155 708 962,A01,2.0,7.0,0,2,4,4,1.0,
202400041320,155 708 960,A01,3.0,7.0,6,0,1,26,1.0,
202400041321,155 708 959,A01,2.0,7.0,4,0,1,1,1.0,
202400041322,155 708 961,A01,3.0,10.0,0,1,7,21,1.0,
202400041323,155 708 956,A01,1.0,7.0,0,2,8,15,1.0,
202400041324,155 708 955,A01,1.0,10.0,0,1,1,0,1.0,
202400041325,155 708 953,A01,3.0,7.0,0,2,8,1,1.0,
202400041326,155 708 950,C01,2.0,10.0,0,2,1,2,3.0,
202400041327,155 708 951,A01,3.0,10.0,0,1,3,13,1.0,
202400041328,155 708 947,A01,2.0,34.0,0,9,3,1,1.0,
202400041329,155 708 945,A01,3.0,7.0,0,1,3,0,1.0,
202400041330,155 708 946,B01,2.0,31.0,0,2,1,16,1.0,
202400041331,155 708 943,A01,3.0,0.0,0,1,0,2,0.0,
202400041332,155 708 941,A01,3.0,30.0,0,1,0,26,1.0,
202400041333,155 708 937,A01,2.0,14.0,0,2,2,14,1.0,
202400041334,155 708 935,A01,3.0,33.0,1,0,1,0,1.0,
202400041335,155 708 936,B01,3.0,1.0,0,2,1,1,5.0,
202400041336,155 708 932,A01,1.0,7.0,0,2,2,1,1.0,
202400041337,155 708 928,B01,1.0,7.0,0,2,2,1,1.0,
202400041338,155 708 926,A01,2.0,33.0,0,2,1,1,1.0,
202400041339,155 708 925,A01,0.0,7.0,0,2,1,2,1.0,
202400041340,155 708 924,A01,2.0,33.0,0,0,7,1,1.0,
202400041341,155 708 923,B01,1.0,7.0,0,0,8,0,1.0,
202400041342,155 708 918,A01,1.0,31.0,0,2,1,1,1.0,
202400041343,155 708 919,B01,2.0,10.0,0,2,4,2,1.0,
202400041344,155 708 915,B01,1.0,3.0,0,2,4,2,1.0,
202400041345,155 708 916,A01,0.0,7.0,0,2,1,1,2.0,
202400041346,155 708 914,A01,1.0,7.0,6,0,2,1,0.0,
202400041347,155 708 909,A01,2.0,33.0,0,2,3,3,1.0,
202400041348,155 708 907,A01,1.0,7.0,8,0,1,14,1.0,
202400041349,155 708 906,C01,1.0,38.0,0,0,0,23,1.0,1
202400041350,155 708 910,B01,1.0,80.0,0,2,8,1,3.0,
202400041351,155 708 905,A01,1.0,7.0,0,1,1,19,1.0,
202400041352,155 708 902,A01,2.0,32.0,0,2,1,3,1.0,
202400041353,155 708 903,A01,1.0,17.0,9,9,0,0,1.0,
202400041354,155 708 901,A01,2.0,7.0,2,0,9,1,1.0,
202400041355,155 708 900,A01,1.0,30.0,0,0,0,1,1.0,
202400041356,155 708 899,A01,1.0,33.0,0,0,0,1,1.0,
202400041357,155 708 896,A01,1.0,7.0,13,0,1,1,1.0,
202400041358,155 708 898,A01,1.0,33.0,0,0,2,21,1.0,
202400041359,155 708 892,A01,1.0,7.0,0,2,1,1,1.0,
202400041360,155 708 891,B01,2.0,7.0,0,2,6,1,1.0,
202400041361,155 708 887,A01,2.0,7.0,0,2,1,19,1.0,
202400041362,155 708 885,A01,1.0,7.0,0,1,3,19,1.0,
202400041363,155 708 883,C01,2.0,7.0,0,2,6,1,1.0,
202400041364,155 708 886,A01,2.0,2.0,0,2,1,1,1.0,
202400041365,155 708 882,B01,1.0,10.0,0,2,4,2,1.0,
202400041366,155 708 880,A01,2.0,7.0,3,0,7,17,1.0,
202400041367,155 708 878,A01,1.0,7.0,0,2,1,1,1.0,
202400041368,155 708 876,A01,2.0,7.0,0,2,3,21,1.0,
202400041369,155 708 875,B01,2.0,60.0,0,2,1,25,5.0,
202400041370,155 708 873,A01,2.0,7.0,0,1,4,26,1.0,
202400041371,155 708 872,B01,1.0,7.0,0,2,3,1,1.0,
202400041372,155 708 871,A01,2.0,7.0,4,0,1,0,1.0,
202400041373,155 708 869,A01,2.0,7.0,13,0,3,13,1.0,
202400041374,155 708 868,A01,1.0,31.0,0,2,1,1,3.0,
202400041375,155 708 866,A01,2.0,33.0,0,2,1,1,1.0,
202400041376,155 708 863,A01,3.0,7.0,0,0,6,23,1.0,
202400041377,155 708 862,B01,1.0,7.0,0,2,1,5,2.0,
202400041378,155 708 860,A01,1.0,31.0,0,1,8,23,1.0,
202400041379,155 708 859,A01,1.0,7.0,0,1,2,1,1.0,
202400041380,155 708 856,A01,2.0,7.0,0,2,2,2,1.0,
202400041381,155 708 857,B01,1.0,33.0,0,2,3,1,1.0,
202400041382,155 708 854,A01,1.0,7.0,0,1,3,16,1.0,
202400041383,155 708 851,B01,2.0,17.0,0,2,1,1,1.0,
202400041384,155 708 849,A01,3.0,7.0,2,0,1,1,1.0,
202400041385,155 708 848,A01,3.0,2.0,0,2,3,1,1.0,
202400041386,155 708 847,Z01,1.0,50.0,0,1,0,2,3.0,
202400041387,155 708 846,A01,2.0,33.0,0,6,0,21,1.0,
202400041388,155 708 845,A01,0.0,7.0,0,1,1,15,1.0,
202400041389,155 708 843,A01,2.0,7.0,0,2,1,13,1.0,
202400041390,155 708 840,A01,2.0,7.0,15,0,1,17,1.0,
202400041391,155 708 838,A01,1.0,7.0,0,1,2,0,2.0,
202400041392,155 708 837,B01,2.0,7.0,0,2,1,1,1.0,
202400041393,155 708 839,A01,3.0,7.0,0,2,1,0,0.0,
202400041394,155 708 835,A01,1.0,2.0,0,0,1,13,1.0,
202400041395,155 708 834,A01,1.0,7.0,0,2,8,1,1.0,
202400041396,155 708 833,A01,1.0,32.0,15,0,1,26,0.0,
202400041397,155 708 830,A01,2.0,2.0,6,9,0,1,1.0,
202400041398,155 708 829,A01,0.0,7.0,6,0,2,1,1.0,
202400041399,155 708 828,A01,3.0,1.0,0,0,9,1,5.0,
202400041400,155 708 825,A01,1.0,10.0,0,1,2,21,1.0,
202400041401,155 708 823,A01,1.0,7.0,8,0,2,1,1.0,
202400041402,155 708 824,A01,1.0,10.0,0,0,0,16,1.0,
202400041403,155 708 822,A01,2.0,7.0,0,1,3,15,3.0,
202400041404,155 708 827,A01,1.0,2.0,0,2,1,2,1.0,
202400041405,155 708 819,A01,1.0,7.0,0,0,2,13,1.0,
202400041406,155 708 818,A01,2.0,7.0,12,0,2,14,1.0,
202400041407,155 708 816,A01,1.0,2.0,0,2,1,1,1.0,
202400041408,155 708 813,B01,2.0,31.0,13,2,1,1,1.0,
202400041409,155 708 810,A01,2.0,33.0,9,2,1,1,1.0,
202400041410,155 708 808,A01,2.0,33.0,0,0,1,19,1.0,
202400041411,155 708 809,B01,2.0,1.0,0,2,1,26,5.0,
202400041412,155 708 806,B01,1.0,7.0,0,2,5,2,1.0,
202400041413,155 708 801,B01,1.0,7.0,0,2,1,1,1.0,
202400041414,155 708 800,A01,2.0,7.0,0,1,1,16,1.0,
202400041415,155 708 803,A01,1.0,10.0,0,2,3,15,1.0,
202400041416,155 708 798,A01,1.0,7.0,0,1,1,16,1.0,
202400041417,155 708 797,A01,2.0,50.0,0,1,7,25,3.0,
202400041418,155 708 796,A01,1.0,7.0,0,2,1,13,1.0,
202400041419,155 708 795,A01,2.0,10.0,0,1,1,1,1.0,
202400041420,155 708 791,B01,1.0,30.0,0,2,7,23,1.0,
202400041421,155 708 790,A01,2.0,7.0,0,2,1,0,1.0,
202400041422,155 708 788,A01,2.0,7.0,2,0,3,1,1.0,
202400041423,155 708 787,A01,3.0,80.0,0,0,9,1,3.0,
202400041424,155 708 782,A01,3.0,7.0,0,0,3,1,1.0,
202400041425,155 708 780,C01,1.0,7.0,1,2,3,1,0.0,
202400041426,155 708 779,A01,2.0,7.0,0,2,1,11,1.0,
202400041427,155 708 776,A01,3.0,7.0,0,2,3,1,1.0,
202400041428,155 708 774,A01,1.0,7.0,1,0,3,1,1.0,
202400041429,155 708 773,A01,3.0,10.0,0,2,4,26,1.0,
202400041430,155 708 777,A01,2.0,7.0,0,2,1,13,1.0,
202400041431,155 708 771,A01,1.0,2.0,0,2,1,1,1.0,
202400041432,155 708 770,A01,2.0,7.0,2,0,1,1,1.0,
202400041433,155 708 767,A01,1.0,7.0,12,2,1,6,1.0,
202400041434,155 708 766,A01,3.0,7.0,0,1,3,1,1.0,
202400041435,155 708 762,A01,2.0,10.0,0,2,3,1,1.0,
202400041436,155 708 761,A01,3.0,7.0,0,1,7,1,1.0,
202400041437,155 708 760,A01,1.0,7.0,0,2,3,1,1.0,
202400041438,155 708 757,A01,2.0,7.0,0,2,3,0,1.0,
202400041439,155 708 764,B01,1.0,32.0,0,2,2,26,1.0,
202400041440,155 708 753,B01,2.0,10.0,0,2,2,2,1.0,
202400041441,155 708 754,A01,3.0,7.0,0,2,7,2,1.0,
202400041442,155 708 752,A01,1.0,1.0,0,0,1,1,5.0,
202400041443,155 708 750,B01,3.0,31.0,14,0,3,1,1.0,
202400041444,155 708 746,A01,2.0,7.0,0,0,8,1,1.0,
202400041445,155 708 744,B01,1.0,7.0,0,0,5,1,1.0,
202400041446,155 708 743,A01,1.0,99.0,0,2,4,1,1.0,
202400041447,155 708 742,B01,2.0,7.0,0,0,0,0,2.0,
202400041448,155 708 739,A01,1.0,7.0,0,0,3,1,1.0,
202400041449,155 708 736,A01,2.0,7.0,0,2,3,15,1.0,
202400041450,155 708 733,B01,1.0,10.0,0,2,4,23,1.0,
202400041451,155 708 729,A01,2.0,10.0,0,2,5,17,1.0,
202400041452,155 708 728,A01,1.0,10.0,1,1,2,15,1.0,
202400041453,155 708 730,A01,1.0,7.0,0,2,4,15,1.0,
202400041454,155 708 721,B01,2.0,33.0,0,2,1,17,1.0,
202400041455,155 708 723,A01,1.0,7.0,8,0,9,13,2.0,
202400041456,155 708 722,A01,2.0,7.0,0,2,1,2,1.0,
202400041457,155 708 720,A01,3.0,7.0,0,1,1,1,1.0,
202400041458,155 708 724,B01,3.0,17.0,0,2,8,1,1.0,
202400041459,155 708 718,A01,1.0,15.0,0,0,7,21,1.0,
202400041460,155 708 713,A01,1.0,7.0,0,0,0,1,1.0,
202400041461,155 708 714,A01,2.0,7.0,0,2,5,9,1.0,
202400041462,155 708 711,A01,1.0,33.0,0,2,1,3,1.0,
202400041463,155 708 710,A01,1.0,2.0,9,0,1,1,1.0,
202400041464,155 708 707,A01,3.0,32.0,0,2,3,18,1.0,
202400041465,155 708 701,B01,2.0,33.0,0,2,1,1,1.0,
202400041466,155 708 700,B01,1.0,7.0,4,2,4,2,1.0,
202400041467,155 708 703,B01,2.0,7.0,0,2,6,19,1.0,
202400041468,155 708 699,A01,2.0,7.0,0,2,2,1,1.0,
202400041469,155 708 698,A01,2.0,7.0,4,0,1,1,1.0,
202400041470,155 708 695,B01,2.0,7.0,0,0,7,1,1.0,
202400041471,155 708 693,A01,2.0,7.0,0,2,1,1,2.0,
202400041472,155 708 694,A01,1.0,10.0,2,0,9,1,1.0,
202400041473,155 708 687,C01,2.0,33.0,0,2,5,0,1.0,
202400041474,155 708 685,A01,1.0,32.0,0,2,2,17,1.0,
202400041475,155 708 688,A01,1.0,33.0,3,0,1,0,1.0,
202400041476,155 708 684,C01,2.0,7.0,0,2,1,1,1.0,
202400041477,155 708 680,B01,1.0,7.0,0,2,4,1,1.0,
202400041478,155 708 681,A01,1.0,33.0,3,0,9,0,1.0,
202400041479,155 708 679,A01,2.0,1.0,0,2,1,16,5.0,
202400041480,155 708 677,A01,2.0,31.0,0,2,3,1,1.0,
202400041481,155 708 674,A01,1.0,10.0,0,2,8,13,1.0,
202400041482,155 708 671,A01,2.0,7.0,0,2,3,1,1.0,
202400041483,155 708 672,A01,1.0,7.0,6,0,3,0,1.0,
202400041484,155 708 670,A01,0.0,50.0,0,2,1,5,3.0,
202400041485,155 708 668,A01,3.0,1.0,0,1,1,1,5.0,
202400041486,155 708 669,A01,3.0,10.0,0,1,2,1,1.0,
202400041487,155 708 667,A01,1.0,7.0,0,1,1,21,1.0,
202400041488,155 708 663,A01,1.0,7.0,0,2,1,1,1.0,
202400041489,155 708 661,A01,2.0,7.0,1,2,3,26,1.0,
202400041490,155 708 658,A01,2.0,7.0,0,2,1,15,1.0,
202400041491,155 708 654,A01,1.0,7.0,0,2,1,2,1.0,
202400041492,155 708 652,A01,2.0,7.0,0,9,3,15,1.0,
202400041493,155 708 651,A01,2.0,33.0,13,0,9,13,1.0,
202400041494,155 708 650,A01,2.0,10.0,0,2,3,13,1.0,
202400041495,155 708 649,A01,0.0,7.0,0,1,3,1,1.0,
202400041496,155 708 646,A01,1.0,33.0,0,2,1,2,1.0,
202400041497,155 708 644,A01,2.0,7.0,2,0,3,13,1.0,
202400041498,155 708 645,A01,1.0,21.0,0,2,1,23,0.0,
202400041499,155 708 643,A01,3.0,7.0,0,1,1,1,1.0,
202400041500,155 708 640,A01,3.0,10.0,0,2,3,15,0.0,
202400041501,155 708 639,A01,1.0,36.0,0,2,7,1,1.0,
202400041502,155 708 637,B01,1.0,33.0,0,2,7,17,1.0,
202400041503,155 708 635,A01,1.0,7.0,8,0,2,0,1.0,
202400041504,155 708 634,A01,3.0,31.0,0,0,7,0,1.0,
202400041505,155 708 629,A01,3.0,2.0,13,2,2,2,1.0,
202400041506,155 708 631,A01,1.0,7.0,0,2,2,13,1.0,
202400041507,155 708 630,A01,2.0,7.0,0,2,1,5,1.0,
202400041508,155 708 627,A01,1.0,7.0,0,2,1,2,1.0,
202400041509,155 708 626,A01,3.0,2.0,0,2,7,1,1.0,
202400041510,155 708 625,A01,1.0,7.0,15,0,1,0,1.0,
202400041511,155 708 623,A01,1.0,7.0,0,1,2,1,1.0,
202400041512,155 708 622,A01,3.0,33.0,0,0,0,1,1.0,
202400041513,155 708 620,A01,1.0,7.0,0,2,2,13,1.0,
202400041514,155 708 617,A01,2.0,7.0,2,0,9,1,1.0,
202400041515,155 708 615,A01,1.0,7.0,6,0,8,1,1.0,
202400041516,155 708 614,A01,1.0,7.0,3,2,1,0,1.0,
202400041517,155 708 611,A01,1.0,31.0,0,0,8,1,1.0,
202400041518,155 708 608,B01,2.0,7.0,0,2,1,19,1.0,
202400041519,155 708 609,A01,3.0,10.0,0,1,4,10,1.0,
202400041520,155 708 610,B01,2.0,7.0,0,2,1,1,1.0,
202400041521,155 708 606,A01,1.0,33.0,0,0,7,1,1.0,
202400041522,155 708 605,A01,3.0,2.0,0,9,0,1,1.0,
202400041523,155 708 601,A01,2.0,7.0,15,0,1,1,1.0,
202400041524,155 708 598,A01,1.0,33.0,3,0,2,1,1.0,
202400041525,155 708 597,B01,2.0,50.0,0,2,0,1,3.0,
202400041526,155 708 600,A01,3.0,7.0,2,0,1,5,1.0,
202400041527,155 708 599,A01,1.0,7.0,2,0,0,18,1.0,
202400041528,155 708 594,A01,1.0,7.0,2,0,2,1,1.0,
202400041529,155 708 593,B01,3.0,1.0,0,2,7,19,5.0,
202400041530,155 708 591,A01,1.0,7.0,3,2,1,0,1.0,
202400041531,155 708 590,A01,1.0,7.0,8,0,2,1,1.0,
202400041532,155 708 589,A01,1.0,7.0,2,0,1,1,1.0,
202400041533,155 708 585,A01,2.0,31.0,0,2,1,1,1.0,
202400041534,155 708 587,A01,2.0,7.0,2,0,5,2,1.0,
202400041535,155 708 583,A01,1.0,33.0,0,0,0,0,1.0,
202400041536,155 708 581,A01,2.0,7.0,0,0,8,19,1.0,
202400041537,155 708 580,A01,1.0,7.0,9,0,9,0,1.0,
202400041538,155 708 579,A01,1.0,7.0,1,0,2,1,1.0,
202400041539,155 708 582,A01,1.0,7.0,0,2,1,15,1.0,
202400041540,155 708 575,A01,2.0,7.0,0,2,1,5,1.0,
202400041541,155 708 572,A01,1.0,7.0,0,2,3,13,1.0,
202400041542,155 708 573,A01,1.0,33.0,13,0,1,1,1.0,
202400041543,155 708 574,A01,3.0,7.0,0,1,4,26,1.0,
202400041544,155 708 569,A01,3.0,7.0,13,0,0,1,1.0,
202400041545,155 708 571,A01,1.0,7.0,13,0,0,1,1.0,
202400041546,155 708 567,A01,1.0,32.0,11,2,0,9,1.0,
202400041547,155 708 566,A01,1.0,2.0,0,0,0,0,1.0,
202400041548,155 708 563,A01,2.0,7.0,2,0,1,13,1.0,
202400041549,155 708 565,A01,2.0,7.0,0,2,2,15,1.0,
202400041550,155 708 559,A01,1.0,7.0,0,5,1,1,1.0,
202400041551,155 708 558,A01,1.0,7.0,0,9,4,23,1.0,
202400041552,155 708 560,A01,3.0,7.0,0,0,5,16,0.0,
202400041553,155 708 557,A01,1.0,7.0,0,2,7,16,1.0,
202400041554,155 708 555,A01,1.0,7.0,3,0,3,13,1.0,
202400041555,155 708 554,A01,3.0,10.0,0,2,7,19,1.0,
202400041556,155 708 552,A01,2.0,7.0,9,0,1,13,2.0,
202400041557,155 708 548,A01,3.0,7.0,0,0,0,16,1.0,
202400041558,155 708 547,A01,2.0,7.0,0,0,1,15,1.0,
202400041559,155 708 543,A01,2.0,7.0,1,0,2,1,1.0,
202400041560,155 708 542,A01,1.0,2.0,12,0,1,14,1.0,
202400041561,155 708 541,A01,1.0,7.0,6,2,6,1,0.0,
202400041562,155 708 545,A01,3.0,7.0,15,0,9,26,1.0,
202400041563,155 708 538,A01,1.0,7.0,0,2,3,1,1.0,
202400041564,155 708 537,B01,2.0,7.0,0,2,7,13,1.0,
202400041565,155 708 535,A01,1.0,7.0,0,1,2,1,1.0,
202400041566,155 708 534,A01,2.0,7.0,0,2,2,13,2.0,
202400041567,155 708 528,B01,2.0,14.0,0,0,2,1,1.0,
202400041568,155 708 530,A01,1.0,7.0,1,0,2,14,1.0,
202400041569,155 708 525,A01,2.0,1.0,0,2,3,1,5.0,
202400041570,155 708 527,A01,3.0,7.0,0,1,1,1,1.0,
202400041571,155 708 520,B01,1.0,7.0,0,2,1,1,1.0,
202400041572,155 708 521,A01,3.0,2.0,0,0,0,1,1.0,
202400041573,155 708 518,A01,3.0,2.0,0,1,1,1,1.0,
202400041574,155 708 512,B01,1.0,33.0,0,2,1,1,1.0,
202400041575,155 708 514,A01,2.0,7.0,0,2,1,2,1.0,
202400041576,155 708 510,B01,0.0,60.0,0,0,8,19,5.0,
202400041577,155 708 509,B01,2.0,7.0,0,2,2,0,1.0,
202400041578,155 708 516,A01,1.0,30.0,1,0,3,21,1.0,
202400041579,155 708 504,A01,2.0,7.0,13,0,8,1,1.0,
202400041580,155 708 505,A01,1.0,7.0,0,9,8,24,1.0,
202400041581,155 708 503,A01,2.0,7.0,0,2,3,1,2.0,
202400041582,155 708 506,A01,2.0,7.0,1,0,0,14,1.0,
202400041583,155 708 499,A01,0.0,2.0,0,2,1,2,1.0,
202400041584,155 708 497,A01,1.0,7.0,0,2,2,1,1.0,
202400041585,155 708 495,B01,1.0,7.0,0,2,3,26,3.0,
202400041586,155 708 492,A01,2.0,7.0,0,2,1,1,1.0,
202400041587,155 708 493,B01,3.0,50.0,0,2,1,1,3.0,
202400041588,155 708 487,A01,2.0,7.0,0,2,1,13,1.0,
202400041589,155 708 486,A01,2.0,7.0,0,2,4,13,1.0,
202400041590,155 708 488,B01,3.0,60.0,0,2,0,0,5.0,
202400041591,155 708 484,A01,3.0,30.0,0,2,1,1,1.0,
202400041592,155 708 483,A01,2.0,7.0,13,0,2,2,1.0,
202400041593,155 708 482,A01,1.0,30.0,0,0,0,0,1.0,
202400041594,155 708 477,A01,3.0,30.0,0,2,1,13,1.0,
202400041595,155 708 476,C01,2.0,0.0,0,2,8,11,,
202400041596,155 708 474,A01,1.0,7.0,0,2,8,1,1.0,
202400041597,155 708 473,A01,2.0,7.0,0,1,4,1,1.0,
202400041598,155 708 472,A01,1.0,33.0,6,0,1,1,1.0,
202400041599,155 708 470,A01,1.0,33.0,13,0,2,1,1.0,
202400041600,155 708 468,A01,1.0,38.0,0,2,7,2,1.0,47
202400041601,155 708 465,A01,2.0,7.0,4,0,2,1,1.0,
202400041602,155 708 466,A01,1.0,31.0,2,0,0,0,1.0,
202400041603,155 708 464,A01,1.0,33.0,4,0,8,1,1.0,
202400041604,155 708 463,A01,1.0,33.0,0,1,0,26,1.0,
202400041605,155 708 458,B01,2.0,10.0,0,2,8,2,1.0,
202400041606,155 708 457,A01,2.0,7.0,0,0,7,0,1.0,
202400041607,155 708 455,A01,1.0,7.0,4,2,1,1,1.0,
202400041608,155 708 452,B01,1.0,50.0,0,2,1,1,3.0,
202400041609,155 708 451,A01,2.0,7.0,0,2,1,2,1.0,
202400041610,155 708 448,A01,1.0,2.0,0,2,1,1,1.0,
202400041611,155 708 447,A01,1.0,2.0,0,2,1,1,1.0,
202400041612,155 708 443,A01,2.0,7.0,4,2,4,13,2.0,
202400041613,155 708 445,A01,1.0,7.0,0,1,2,1,1.0,
202400041614,155 708 442,A01,0.0,7.0,0,1,1,1,1.0,
202400041615,155 708 436,A01,1.0,7.0,0,0,9,1,1.0,
202400041616,155 708 435,B01,2.0,7.0,0,2,7,0,1.0,
202400041617,155 708 437,B01,0.0,7.0,0,2,3,15,1.0,
202400041618,155 708 433,A01,2.0,7.0,0,2,1,0,1.0,
202400041619,155 708 429,A01,1.0,2.0,3,0,1,1,1.0,
202400041620,155 708 427,B01,2.0,7.0,0,2,3,13,1.0,
202400041621,155 708 425,A01,2.0,33.0,0,2,1,3,1.0,
202400041622,155 708 426,A01,2.0,7.0,0,2,1,13,1.0,
202400041623,155 708 423,A01,1.0,10.0,0,2,4,2,0.0,
202400041624,155 708 421,A01,3.0,33.0,0,0,8,1,1.0,
202400041625,155 708 417,B01,3.0,10.0,6,2,3,1,1.0,
202400041626,155 708 416,A01,1.0,43.0,0,2,4,1,1.0,
202400041627,155 708 414,C01,2.0,7.0,0,2,4,2,2.0,
202400041628,155 708 413,A01,1.0,7.0,0,1,1,1,1.0,
202400041629,155 708 411,A01,0.0,7.0,0,1,4,4,0.0,
202400041630,155 708 410,A01,2.0,2.0,0,2,8,15,1.0,
202400041631,155 708 406,A01,2.0,7.0,0,2,1,21,1.0,
202400041632,155 708 405,A01,0.0,7.0,0,1,4,4,1.0,
202400041633,155 708 404,A01,0.0,33.0,1,0,1,0,1.0,
202400041634,155 708 402,B01,1.0,2.0,0,2,3,2,1.0,
202400041635,155 708 400,B01,2.0,7.0,0,0,4,23,1.0,
202400041636,155 708 399,A01,1.0,32.0,0,1,2,2,0.0,
202400041637,155 708 395,A01,1.0,7.0,13,0,3,1,1.0,
202400041638,155 708 396,A01,1.0,33.0,0,0,1,1,1.0,
202400041639,155 708 394,B01,2.0,7.0,0,2,3,1,1.0,
202400041640,155 708 393,A01,1.0,10.0,0,1,4,23,1.0,
202400041641,155 708 391,A01,1.0,7.0,0,1,3,15,1.0,
202400041642,155 708 388,A01,3.0,7.0,1,0,2,0,2.0,
202400041643,155 708 385,A01,1.0,33.0,0,1,1,0,1.0,
202400041644,155 708 387,A01,2.0,7.0,2,0,1,2,1.0,
202400041645,155 708 383,B01,1.0,31.0,0,2,2,17,1.0,
202400041646,155 708 382,A01,1.0,33.0,0,0,8,1,1.0,
202400041647,155 708 380,B01,1.0,7.0,0,2,1,1,1.0,
202400041648,155 708 376,B01,0.0,1.0,0,2,2,2,5.0,
202400041649,155 708 378,A01,1.0,7.0,0,2,0,10,1.0,
202400041650,155 708 374,A01,1.0,7.0,0,2,1,14,1.0,
202400041651,155 708 373,A01,1.0,7.0,0,2,2,0,0.0,
202400041652,155 708 372,A01,1.0,60.0,0,0,0,1,5.0,
202400041653,155 708 368,B01,1.0,7.0,0,2,5,1,0.0,
202400041654,155 708 365,A01,2.0,3.0,0,2,1,19,1.0,
202400041655,155 708 366,A01,1.0,7.0,11,1,3,15,0.0,
202400041656,155 708 362,B01,1.0,33.0,0,2,7,1,1.0,
202400041657,155 708 361,A01,0.0,50.0,0,0,0,0,3.0,
202400041658,155 708 360,E01,0.0,7.0,0,2,7,0,1.0,
202400041659,155 708 356,B01,2.0,7.0,0,2,4,1,1.0,
202400041660,155 708 357,A01,1.0,2.0,0,0,0,0,1.0,
202400041661,155 708 355,A01,2.0,33.0,0,0,7,2,1.0,
202400041662,155 708 350,A01,1.0,7.0,0,2,2,1,1.0,
202400041663,155 708 352,A01,2.0,7.0,0,2,1,1,1.0,
202400041664,155 708 346,B01,2.0,7.0,0,2,1,1,1.0,
202400041665,155 708 345,A01,2.0,7.0,0,2,1,1,1.0,
202400041666,155 708 344,B01,2.0,7.0,0,2,3,1,1.0,
202400041667,155 708 339,B01,1.0,7.0,0,2,1,2,1.0,
202400041668,155 708 338,A01,1.0,7.0,0,2,1,1,1.0,
202400041669,155 708 335,A01,1.0,34.0,0,2,4,1,1.0,
202400041670,155 708 332,A01,2.0,31.0,0,0,7,1,1.0,
202400041671,155 708 333,B01,2.0,34.0,0,2,3,2,1.0,
202400041672,155 708 331,A01,1.0,43.0,12,0,2,1,1.0,
202400041673,155 708 327,A01,1.0,1.0,0,2,8,1,5.0,
202400041674,155 708 326,A01,2.0,7.0,0,2,3,17,1.0,
202400041675,155 708 325,A01,2.0,7.0,0,2,1,1,1.0,
202400041676,155 708 323,A01,1.0,1.0,16,0,0,26,5.0,
202400041677,155 708 320,C01,1.0,7.0,0,2,4,2,1.0,
202400041678,155 708 321,A01,3.0,31.0,0,0,0,0,1.0,
202400041679,155 708 317,C01,1.0,7.0,0,2,3,1,2.0,
202400041680,155 708 315,A01,1.0,14.0,0,2,2,12,1.0,
202400041681,155 708 313,B01,2.0,1.0,0,2,1,1,5.0,
202400041682,155 708 312,A01,1.0,17.0,0,0,8,1,1.0,
202400041683,155 708 308,A01,3.0,30.0,0,2,7,9,3.0,
202400041684,155 708 309,A01,1.0,7.0,0,2,2,18,1.0,
202400041685,155 708 304,A01,2.0,7.0,0,2,1,2,1.0,
202400041686,155 708 303,A01,1.0,10.0,0,9,8,24,1.0,
202400041687,155 708 299,A01,0.0,7.0,0,1,1,0,,
202400041688,155 708 300,A01,1.0,33.0,0,2,1,2,1.0,
202400041689,155 708 297,A01,2.0,7.0,0,2,1,2,1.0,
202400041690,155 708 296,A01,0.0,7.0,8,0,1,1,1.0,
202400041691,155 708 293,A01,2.0,7.0,0,2,1,12,1.0,
202400041692,155 708 289,A01,0.0,7.0,0,1,1,26,1.0,
202400041693,155 708 288,A01,1.0,7.0,4,0,0,0,1.0,