Num_Acc,id_vehicule,num_veh,senc,catv,obs,obsm,choc,manv,motor,occutc
202400041694,155 708 286,B01,1.0,7.0,0,2,7,15,1.0,
202400041695,155 708 285,A01,1.0,1.0,0,1,0,0,5.0,
202400041696,155 708 291,A01,3.0,7.0,0,0,7,15,0.0,
202400041697,155 708 282,A01,3.0,7.0,0,2,8,9,1.0,
202400041698,155 708 281,A01,1.0,7.0,0,2,4,23,1.0,
202400041699,155 708 280,A01,1.0,33.0,0,2,1,17,1.0,
202400041700,155 708 278,C01,1.0,7.0,0,2,8,24,1.0,
202400041701,155 708 276,A01,2.0,7.0,14,0,9,1,1.0,
202400041702,155 708 274,A01,3.0,31.0,0,2,7,3,1.0,
202400041703,155 708 272,A01,2.0,1.0,1,0,0,0,5.0,
202400041704,155 708 271,A01,3.0,32.0,0,1,1,1,1.0,
202400041705,155 708 273,A01,2.0,7.0,0,2,7,16,1.0,
202400041706,155 708 267,A01,1.0,7.0,0,2,3,15,1.0,
202400041707,155 708 268,A01,1.0,7.0,0,0,2,16,1.0,
202400041708,155 708 265,A01,1.0,1.0,0,2,1,13,5.0,
202400041709,155 708 261,A01,1.0,21.0,0,2,1,19,1.0,
202400041710,155 708 260,A01,1.0,7.0,0,2,4,15,1.0,
202400041711,155 708 258,A01,1.0,30.0,0,1,1,1,3.0,
202400041712,155 708 257,B01,2.0,7.0,0,2,6,15,1.0,
202400041713,155 708 256,A01,1.0,33.0,13,0,7,1,1.0,
202400041714,155 708 255,A01,0.0,7.0,2,0,1,0,1.0,
202400041715,155 708 254,A01,3.0,36.0,0,0,9,10,1.0,
202400041716,155 708 252,B01,1.0,14.0,0,2,5,2,1.0,
202400041717,155 708 245,A01,1.0,7.0,0,9,2,15,1.0,
202400041718,155 708 246,A01,3.0,7.0,0,2,6,1,1.0,
202400041719,155 708 242,A01,2.0,7.0,0,2,3,15,1.0,
202400041720,155 708 238,A01,1.0,7.0,0,1,4,4,0.0,
202400041721,155 708 239,C01,3.0,7.0,0,2,4,1,1.0,
202400041722,155 708 237,A01,3.0,7.0,0,2,3,9,1.0,
202400041723,155 708 236,A01,2.0,7.0,0,0,9,1,1.0,
202400041724,155 708 235,A01,2.0,33.0,15,0,8,1,1.0,
202400041725,155 708 229,B01,1.0,7.0,0,0,3,26,3.0,
202400041726,155 708 230,A01,3.0,34.0,0,2,1,13,1.0,
202400041727,155 708 231,B01,2.0,14.0,0,2,3,15,4.0,
202400041728,155 708 228,A01,2.0,7.0,13,0,1,17,1.0,
202400041729,155 708 227,A01,1.0,32.0,12,0,1,13,1.0,
202400041730,155 708 223,A01,1.0,7.0,0,2,3,13,1.0,
202400041731,155 708 222,B01,3.0,2.0,0,2,2,17,1.0,
202400041732,155 708 224,A01,1.0,1.0,0,1,2,1,5.0,
202400041733,155 708 219,B01,2.0,50.0,0,2,1,1,3.0,
202400041734,155 708 218,A01,3.0,7.0,0,2,1,1,1.0,
202400041735,155 708 217,A01,2.0,7.0,2,0,9,14,1.0,
202400041736,155 708 215,A01,1.0,7.0,0,2,1,1,1.0,
202400041737,155 708 212,A01,2.0,33.0,0,2,1,18,1.0,
202400041738,155 708 211,A01,1.0,7.0,0,2,6,23,2.0,
202400041739,155 708 210,A01,1.0,7.0,0,1,1,1,1.0,
202400041740,155 708 206,A01,2.0,7.0,2,0,1,1,1.0,
202400041741,155 708 205,B01,3.0,60.0,0,2,3,19,5.0,
202400041742,155 708 207,A01,1.0,33.0,0,2,1,17,1.0,
202400041743,155 708 201,A01,2.0,10.0,0,2,2,0,1.0,
202400041744,155 708 202,A01,1.0,50.0,0,1,8,26,3.0,
202400041745,155 708 200,A01,3.0,0.0,0,2,0,19,0.0,
202400041746,155 708 197,B01,1.0,33.0,0,2,6,1,1.0,
202400041747,155 708 195,A01,3.0,7.0,0,2,1,0,1.0,
202400041748,155 708 193,A01,2.0,7.0,0,2,0,0,0.0,
202400041749,155 708 192,A01,0.0,7.0,2,0,3,1,1.0,
202400041750,155 708 190,A01,1.0,33.0,0,2,3,3,1.0,
202400041751,155 708 188,A01,1.0,50.0,0,1,1,1,3.0,
202400041752,155 708 187,A01,3.0,7.0,0,2,1,15,0.0,
202400041753,155 708 185,Z01,3.0,7.0,0,2,1,1,1.0,
202400041754,155 708 184,Z01,3.0,7.0,0,1,4,25,0.0,
202400041755,155 708 182,B01,1.0,33.0,0,2,1,1,1.0,
202400041756,155 708 180,A01,2.0,50.0,0,2,2,1,3.0,
202400041757,155 708 179,A01,3.0,7.0,0,1,1,16,1.0,
202400041758,155 708 178,Z01,1.0,0.0,0,1,1,1,0.0,
202400041759,155 708 177,A01,1.0,50.0,0,0,0,0,3.0,
202400041760,155 708 176,A01,1.0,7.0,0,1,1,9,1.0,
202400041761,155 708 174,A01,2.0,7.0,0,2,7,15,1.0,
202400041762,155 708 173,A01,3.0,7.0,0,0,0,26,1.0,
202400041763,155 708 169,A01,0.0,7.0,0,2,3,26,1.0,
202400041764,155 708 168,A01,1.0,7.0,16,0,3,1,1.0,
202400041765,155 708 170,B01,2.0,33.0,0,0,3,1,1.0,
202400041766,155 708 166,A01,3.0,7.0,0,1,1,1,1.0,
202400041767,155 708 167,A01,1.0,2.0,14,0,1,6,1.0,
202400041768,155 708 164,A01,2.0,7.0,2,0,1,1,1.0,
202400041769,155 708 163,A01,1.0,7.0,0,2,2,17,1.0,
202400041770,155 708 161,A01,2.0,33.0,3,0,0,14,1.0,
202400041771,155 708 160,A01,1.0,80.0,12,0,1,6,2.0,
202400041772,155 708 157,A01,1.0,2.0,0,2,7,17,1.0,
202400041773,155 708 156,B01,1.0,33.0,0,2,8,21,1.0,
202400041774,155 708 154,A01,3.0,7.0,0,2,4,23,1.0,
202400041775,155 708 151,B01,1.0,80.0,1,0,8,1,3.0,
202400041776,155 708 150,B01,2.0,7.0,0,2,8,1,1.0,
202400041777,155 708 149,A01,3.0,7.0,0,1,1,26,1.0,
202400041778,155 708 145,B01,3.0,50.0,0,0,0,0,3.0,
202400041779,155 708 146,A01,1.0,33.0,0,2,1,13,1.0,
202400041780,155 708 144,A01,2.0,7.0,0,1,1,14,1.0,
202400041781,155 708 142,B01,1.0,7.0,0,2,1,1,1.0,
202400041782,155 708 141,A01,1.0,7.0,8,0,3,16,1.0,
202400041783,155 708 140,A01,3.0,7.0,13,0,1,2,1.0,
202400041784,155 708 138,A01,3.0,2.0,0,0,0,1,1.0,
202400041785,155 708 137,B01,3.0,7.0,0,2,2,1,0.0,
202400041786,155 708 135,A01,1.0,7.0,0,1,1,1,1.0,
202400041787,155 708 134,B01,1.0,7.0,0,2,1,1,1.0,
202400041788,155 708 132,A01,2.0,7.0,13,0,3,0,1.0,
202400041789,155 708 127,B01,3.0,33.0,0,2,2,2,0.0,
202400041790,155 708 128,A01,2.0,7.0,0,2,1,13,1.0,
202400041791,155 708 126,C01,2.0,7.0,0,2,0,15,2.0,
202400041792,155 708 124,B01,2.0,7.0,0,2,1,1,1.0,
202400041793,155 708 122,A01,2.0,7.0,0,2,3,13,1.0,
202400041794,155 708 117,A01,2.0,7.0,0,2,3,2,3.0,
202400041795,155 708 118,A01,3.0,50.0,0,2,4,2,3.0,
202400041796,155 708 115,A01,1.0,33.0,8,0,1,5,1.0,
202400041797,155 708 114,B01,1.0,7.0,0,2,1,1,1.0,
202400041798,155 708 112,A01,1.0,10.0,0,2,2,0,1.0,
202400041799,155 708 109,B01,1.0,33.0,0,2,3,1,1.0,
202400041800,155 708 108,B01,2.0,7.0,0,2,1,13,0.0,
202400041801,155 708 107,A01,2.0,7.0,2,0,2,1,1.0,
202400041802,155 708 105,A01,2.0,7.0,0,2,2,26,1.0,
202400041803,155 708 103,A01,1.0,7.0,6,0,3,14,1.0,
202400041804,155 708 102,A01,2.0,80.0,0,0,1,26,3.0,
202400041805,155 708 100,A01,2.0,7.0,4,0,1,14,1.0,
202400041806,155 708 098,A01,2.0,33.0,0,2,1,1,1.0,
202400041807,155 708 097,A01,1.0,7.0,3,2,1,16,1.0,
202400041808,155 708 095,A01,1.0,7.0,0,2,4,23,1.0,
202400041809,155 708 094,A01,2.0,7.0,1,0,3,1,1.0,
202400041810,155 708 091,A01,2.0,7.0,13,0,9,1,1.0,
202400041811,155 708 092,B01,1.0,7.0,0,2,1,1,1.0,
202400041812,155 708 089,A01,1.0,7.0,9,0,2,14,1.0,
202400041813,155 708 088,B01,2.0,7.0,0,2,1,15,1.0,
202400041814,155 708 085,A01,1.0,7.0,13,0,1,13,1.0,
202400041815,155 708 084,A01,2.0,7.0,0,0,8,15,1.0,
202400041816,155 708 083,A01,3.0,7.0,1,0,4,20,0.0,
202400041817,155 708 079,A01,1.0,33.0,0,6,1,2,1.0,
202400041818,155 708 080,A01,2.0,3.0,0,2,3,1,1.0,
202400041819,155 708 074,A01,3.0,7.0,0,2,1,1,1.0,
202400041820,155 708 073,B01,1.0,7.0,0,0,1,1,1.0,
202400041821,155 708 071,A01,2.0,7.0,0,2,3,13,1.0,
202400041822,155 708 068,A01,2.0,7.0,0,1,7,1,2.0,
202400041823,155 708 069,A01,1.0,7.0,0,2,1,2,1.0,
202400041824,155 708 067,A01,3.0,2.0,0,0,0,1,1.0,
202400041825,155 708 064,A01,3.0,7.0,0,2,2,9,1.0,
202400041826,155 708 062,B01,1.0,7.0,0,2,4,1,1.0,
202400041827,155 708 061,A01,1.0,7.0,13,0,8,0,1.0,
202400041828,155 708 060,A01,1.0,1.0,0,0,0,0,5.0,
202400041829,155 708 058,A01,2.0,7.0,13,0,9,1,1.0,
202400041830,155 708 055,C01,2.0,7.0,0,2,4,2,,
202400041831,155 708 054,A01,2.0,33.0,0,0,0,16,1.0,
202400041832,155 708 052,A01,1.0,33.0,0,0,1,1,1.0,
202400041833,155 708 050,A01,3.0,7.0,13,0,6,1,2.0,
202400041834,155 708 049,A01,1.0,7.0,0,2,2,17,1.0,
202400041835,155 708 047,A01,1.0,30.0,0,2,2,17,3.0,
202400041836,155 708 046,A01,1.0,33.0,4,0,1,1,1.0,
202400041837,155 708 043,A01,1.0,7.0,1,2,1,2,1.0,
202400041838,155 708 042,A01,3.0,33.0,13,0,1,1,1.0,
202400041839,155 708 040,C01,3.0,7.0,0,2,2,1,1.0,
202400041840,155 708 036,B01,1.0,7.0,0,2,1,2,1.0,
202400041841,155 708 037,A01,1.0,7.0,4,0,2,13,1.0,
202400041842,155 708 034,A01,3.0,15.0,0,2,2,1,1.0,
202400041843,155 708 032,A01,2.0,7.0,13,0,1,16,1.0,
202400041844,155 708 031,B01,2.0,7.0,0,2,1,1,1.0,
202400041845,155 708 028,A01,2.0,33.0,0,2,1,0,1.0,
202400041846,155 708 027,A01,2.0,7.0,0,2,2,15,2.0,
202400041847,155 708 026,A01,1.0,31.0,0,0,0,0,1.0,
202400041848,155 708 025,A01,2.0,7.0,0,2,1,17,1.0,
202400041849,155 708 022,A01,2.0,7.0,2,0,3,19,1.0,
202400041850,155 708 023,B01,2.0,50.0,0,2,7,19,3.0,
202400041851,155 708 019,B01,2.0,7.0,0,2,4,23,1.0,
202400041852,155 708 018,A01,2.0,33.0,0,0,1,1,1.0,
202400041853,155 708 017,A01,2.0,50.0,0,1,1,1,3.0,
202400041854,155 708 010,A01,1.0,7.0,0,2,7,1,1.0,
202400041855,155 708 009,A01,1.0,7.0,0,2,1,1,1.0,
202400041856,155 708 008,B01,1.0,10.0,0,2,4,23,1.0,
202400041857,155 708 005,B01,1.0,7.0,0,2,5,1,1.0,
202400041858,155 708 004,B01,1.0,7.0,0,2,2,15,1.0,
202400041859,155 708 002,A01,1.0,1.0,0,2,8,9,5.0,
202400041860,155 708 001,A01,2.0,7.0,0,2,1,26,1.0,
202400041861,155 707 999,A01,1.0,7.0,0,0,4,2,1.0,
202400041862,155 707 997,A01,1.0,7.0,0,2,1,1,1.0,
202400041863,155 707 996,A01,1.0,43.0,0,1,1,5,1.0,
202400041864,155 707 994,A01,3.0,30.0,0,2,1,15,1.0,
202400041865,155 707 992,A01,2.0,7.0,0,2,1,2,1.0,
202400041866,155 707 991,Z01,2.0,7.0,0,1,7,1,1.0,
202400041867,155 707 989,A01,2.0,7.0,2,0,7,14,1.0,
202400041868,155 707 990,A01,1.0,7.0,6,0,8,1,1.0,
202400041869,155 707 987,A01,1.0,7.0,4,0,6,1,1.0,
202400041870,155 707 985,A01,2.0,7.0,17,0,1,1,1.0,
202400041871,155 707 986,A01,2.0,7.0,0,2,1,1,1.0,
202400041872,155 707 983,A01,1.0,50.0,1,0,0,26,3.0,
202400041873,155 707 982,A01,1.0,33.0,4,2,1,3,1.0,
202400041874,155 707 981,A01,1.0,7.0,2,0,9,14,1.0,
202400041875,155 707 980,A01,1.0,33.0,0,0,7,14,1.0,
202400041876,155 707 978,A01,3.0,34.0,0,0,0,0,1.0,
202400041877,155 707 977,B01,2.0,7.0,0,2,2,17,1.0,
202400041878,155 707 975,B01,1.0,43.0,0,2,0,2,1.0,
202400041879,155 707 971,A01,3.0,7.0,0,2,1,15,3.0,
202400041880,155 707 972,A01,2.0,13.0,0,0,6,15,1.0,
202400041881,155 707 970,A01,1.0,7.0,13,0,1,21,1.0,
202400041882,155 707 969,A01,1.0,33.0,3,0,1,1,1.0,
202400041883,155 707 967,A01,1.0,7.0,3,0,3,0,1.0,
202400041884,155 707 966,B01,3.0,33.0,0,2,2,1,1.0,
202400041885,155 707 963,B01,2.0,30.0,0,9,0,1,0.0,
202400041886,155 707 961,A01,2.0,7.0,0,0,9,0,1.0,
202400041887,155 707 957,A01,3.0,33.0,0,2,1,2,1.0,
202400041888,155 707 960,B01,3.0,7.0,0,2,3,1,1.0,
202400041889,155 707 956,A01,1.0,7.0,0,2,5,17,1.0,
202400041890,155 707 952,A01,3.0,7.0,0,2,4,1,1.0,
202400041891,155 707 953,A01,2.0,7.0,0,0,0,0,1.0,
202400041892,155 707 949,B01,1.0,7.0,0,2,4,1,1.0,
202400041893,155 707 950,B01,1.0,15.0,0,2,3,1,1.0,
202400041894,155 707 948,A01,1.0,33.0,3,0,2,1,1.0,
202400041895,155 707 946,A01,1.0,7.0,0,1,1,1,1.0,
202400041896,155 707 944,A01,3.0,7.0,2,0,8,1,1.0,
202400041897,155 707 945,B01,2.0,2.0,0,2,1,1,1.0,
202400041898,155 707 942,A01,3.0,7.0,16,0,9,1,1.0,
202400041899,155 707 941,B01,1.0,1.0,0,2,1,1,5.0,
202400041900,155 707 937,A01,1.0,33.0,0,2,2,15,1.0,
202400041901,155 707 935,A01,3.0,7.0,0,2,2,1,1.0,
202400041902,155 707 936,B01,3.0,7.0,0,2,8,9,1.0,
202400041903,155 707 930,B01,0.0,7.0,0,2,1,3,1.0,
202400041904,155 707 931,A01,1.0,7.0,0,2,3,15,1.0,
202400041905,155 707 929,B01,1.0,1.0,0,2,1,19,5.0,
202400041906,155 707 926,A01,1.0,1.0,0,1,1,1,5.0,
202400041907,155 707 925,A01,1.0,7.0,0,2,7,25,1.0,
202400041908,155 707 924,B01,1.0,2.0,0,2,1,1,0.0,
202400041909,155 707 923,A01,3.0,7.0,10,0,1,1,1.0,
202400041910,155 707 921,A01,3.0,7.0,0,1,7,26,1.0,
202400041911,155 707 920,A01,2.0,7.0,0,2,6,0,2.0,
202400041912,155 707 919,A01,3.0,33.0,0,0,7,0,1.0,
202400041913,155 707 918,A01,2.0,7.0,9,0,1,13,1.0,
202400041914,155 707 916,A01,3.0,7.0,0,1,1,19,4.0,
202400041915,155 707 914,A01,1.0,7.0,0,2,6,2,3.0,
202400041916,155 707 913,A01,1.0,10.0,0,2,6,13,6.0,
202400041917,155 707 910,A01,2.0,33.0,0,2,8,1,1.0,
202400041918,155 707 908,A01,1.0,1.0,0,1,1,1,5.0,
202400041919,155 707 909,B01,2.0,1.0,0,2,1,1,5.0,
202400041920,155 707 907,A01,1.0,2.0,0,0,8,1,3.0,
202400041921,155 707 904,A01,1.0,7.0,0,2,1,1,2.0,
202400041922,155 707 903,A01,1.0,7.0,1,2,7,13,1.0,
202400041923,155 707 901,A01,1.0,7.0,0,2,1,1,1.0,
202400041924,155 707 899,A01,2.0,2.0,0,0,0,1,0.0,
202400041925,155 707 898,A01,3.0,7.0,0,2,5,1,1.0,
202400041926,155 707 897,A01,3.0,32.0,0,0,2,1,1.0,
202400041927,155 707 896,A01,2.0,2.0,0,1,1,6,1.0,
202400041928,155 707 895,A01,1.0,43.0,3,0,7,1,1.0,
202400041929,155 707 890,A01,2.0,7.0,0,2,7,21,1.0,
202400041930,155 707 889,B01,1.0,7.0,0,2,1,26,1.0,
202400041931,155 707 888,B01,3.0,7.0,0,2,3,15,1.0,
202400041932,155 707 886,B01,2.0,7.0,0,2,4,2,1.0,
202400041933,155 707 885,A01,2.0,33.0,17,0,1,14,1.0,
202400041934,155 707 884,A01,1.0,7.0,13,0,3,1,1.0,
202400041935,155 707 881,A01,2.0,33.0,0,2,1,3,1.0,
202400041936,155 707 880,A01,1.0,33.0,0,0,9,1,1.0,
202400041937,155 707 878,A01,1.0,7.0,0,2,1,1,1.0,
202400041938,155 707 876,A01,2.0,7.0,0,1,3,1,1.0,
202400041939,155 707 875,A01,1.0,2.0,0,2,1,1,1.0,
202400041940,155 707 872,A01,2.0,7.0,0,2,0,13,1.0,
202400041941,155 707 873,A01,2.0,7.0,0,2,1,13,1.0,
202400041942,155 707 868,A01,1.0,7.0,0,2,5,15,1.0,
202400041943,155 707 865,A01,3.0,1.0,0,2,7,1,5.0,
202400041944,155 707 866,A01,2.0,7.0,0,2,1,5,1.0,
202400041945,155 707 864,B01,2.0,32.0,0,2,1,3,1.0,
202400041946,155 707 860,A01,1.0,7.0,0,2,8,1,1.0,
202400041947,155 707 859,B01,2.0,15.0,0,2,2,0,1.0,
202400041948,155 707 857,A01,2.0,7.0,0,2,3,16,1.0,
202400041949,155 707 858,A01,3.0,7.0,0,1,2,1,1.0,
202400041950,155 707 855,A01,1.0,7.0,0,2,1,19,1.0,
202400041951,155 707 853,A01,1.0,30.0,0,1,1,26,1.0,
202400041952,155 707 854,A01,1.0,7.0,0,0,1,1,1.0,
202400041953,155 707 847,A01,1.0,7.0,0,2,1,2,1.0,
202400041954,155 707 849,B01,2.0,31.0,0,2,1,2,1.0,
202400041955,155 707 845,A01,2.0,7.0,0,2,1,5,1.0,
202400041956,155 707 846,A01,1.0,10.0,0,2,1,1,1.0,
202400041957,155 707 842,A01,3.0,7.0,0,2,2,19,1.0,
202400041958,155 707 839,A01,1.0,7.0,0,2,2,21,1.0,
202400041959,155 707 838,A01,2.0,99.0,0,2,5,15,1.0,
202400041960,155 707 834,B01,2.0,7.0,0,2,1,15,1.0,
202400041961,155 707 835,B01,2.0,32.0,0,2,1,1,1.0,
202400041962,155 707 833,A01,1.0,3.0,1,1,1,20,1.0,
202400041963,155 707 831,Z01,0.0,7.0,0,1,1,0,0.0,
202400041964,155 707 829,A01,3.0,10.0,0,2,1,1,1.0,
202400041965,155 707 828,A01,3.0,21.0,0,2,3,9,1.0,
202400041966,155 707 827,A01,3.0,30.0,0,0,8,1,1.0,
202400041967,155 707 825,A01,1.0,1.0,0,1,0,0,5.0,
202400041968,155 707 823,A01,1.0,7.0,0,2,1,15,1.0,
202400041969,155 707 820,A01,1.0,7.0,8,0,3,0,1.0,
202400041970,155 707 817,C01,3.0,7.0,0,2,3,16,1.0,
202400041971,155 707 816,Z01,2.0,43.0,0,1,2,17,1.0,
202400041972,155 707 818,B01,3.0,7.0,0,2,2,10,1.0,
202400041973,155 707 815,A01,3.0,2.0,14,0,3,1,1.0,
202400041974,155 707 810,A01,2.0,7.0,0,2,3,13,1.0,
202400041975,155 707 812,A01,2.0,7.0,0,1,1,1,1.0,
202400041976,155 707 809,A01,2.0,7.0,0,2,1,15,1.0,
202400041977,155 707 808,A01,1.0,7.0,0,2,3,13,1.0,
202400041978,155 707 805,A01,1.0,1.0,0,2,1,1,5.0,
202400041979,155 707 804,A01,1.0,10.0,0,2,1,2,1.0,
202400041980,155 707 802,A01,3.0,10.0,0,0,3,1,1.0,
202400041981,155 707 800,A01,2.0,10.0,0,1,3,15,1.0,
202400041982,155 707 798,A01,3.0,7.0,0,2,3,15,1.0,
202400041983,155 707 797,A01,0.0,7.0,0,2,2,1,1.0,
202400041984,155 707 793,B01,1.0,7.0,13,2,1,2,1.0,
202400041985,155 707 792,A01,1.0,30.0,0,2,3,18,1.0,
202400041986,155 707 790,C01,,0.0,-1,2,-1,-1,,
202400041987,155 707 789,A01,3.0,7.0,0,2,1,1,1.0,
202400041988,155 707 786,A01,1.0,10.0,0,2,1,0,1.0,
202400041989,155 707 785,B01,1.0,7.0,0,2,3,5,1.0,
202400041990,155 707 781,A01,0.0,50.0,0,2,1,25,3.0,
202400041991,155 707 779,B01,1.0,2.0,1,0,8,1,1.0,
202400041992,155 707 778,A01,2.0,7.0,0,2,1,5,3.0,
202400041993,155 707 777,A01,3.0,7.0,0,2,2,5,1.0,
202400041994,155 707 774,A01,3.0,7.0,0,2,3,15,3.0,
202400041995,155 707 775,A01,3.0,10.0,0,1,4,4,1.0,
202400041996,155 707 772,A01,1.0,7.0,0,1,3,15,1.0,
202400041997,155 707 771,A01,2.0,7.0,0,1,2,1,1.0,
202400041998,155 707 770,A01,2.0,7.0,8,0,1,1,1.0,
202400041999,155 707 769,A01,1.0,50.0,0,0,0,1,3.0,
202400042000,155 707 767,A01,3.0,7.0,0,1,1,15,1.0,
202400042001,155 707 765,A01,1.0,7.0,0,2,1,2,1.0,
202400042002,155 707 763,A01,1.0,7.0,0,2,3,2,1.0,
202400042003,155 707 762,A01,3.0,7.0,0,2,5,9,1.0,
202400042004,155 707 759,A01,3.0,7.0,9,0,1,13,0.0,
202400042005,155 707 755,A01,1.0,7.0,0,1,2,1,1.0,
202400042006,155 707 754,D01,1.0,7.0,0,2,4,1,1.0,
202400042007,155 707 760,A01,1.0,10.0,0,9,5,15,1.0,
202400042008,155 707 750,A01,1.0,7.0,0,2,1,26,1.0,
202400042009,155 707 749,A01,3.0,7.0,6,2,7,1,1.0,
202400042010,155 707 747,B01,2.0,50.0,0,2,8,1,3.0,
202400042011,155 707 745,C01,1.0,7.0,0,2,4,1,1.0,
202400042012,155 707 743,Z01,2.0,7.0,0,2,1,1,1.0,
202400042013,155 707 741,A01,1.0,7.0,0,1,1,1,1.0,
202400042014,155 707 742,A01,1.0,10.0,0,1,7,17,1.0,
202400042015,155 707 739,B01,1.0,7.0,0,2,6,1,1.0,
202400042016,155 707 735,B01,1.0,7.0,0,2,4,23,3.0,
202400042017,155 707 734,B01,2.0,7.0,0,2,3,13,1.0,
202400042018,155 707 731,B01,2.0,31.0,0,2,1,1,1.0,
202400042019,155 707 730,C01,1.0,17.0,0,2,3,1,1.0,
202400042020,155 707 729,A01,2.0,7.0,13,0,1,14,1.0,
202400042021,155 707 725,A01,1.0,7.0,0,1,3,14,1.0,
202400042022,155 707 726,B01,1.0,1.0,0,2,5,2,5.0,
202400042023,155 707 722,B01,1.0,7.0,0,2,4,2,2.0,
202400042024,155 707 719,B01,3.0,7.0,0,2,1,1,1.0,
202400042025,155 707 717,A01,1.0,7.0,0,2,1,1,1.0,
202400042026,155 707 714,B01,2.0,1.0,14,2,1,1,5.0,
202400042027,155 707 715,A01,1.0,40.0,0,1,8,1,3.0,
202400042028,155 707 712,A01,0.0,7.0,1,2,2,14,1.0,
202400042029,155 707 711,B01,2.0,14.0,0,2,3,15,1.0,
202400042030,155 707 707,B01,3.0,50.0,0,2,0,0,3.0,
202400042031,155 707 706,B01,1.0,7.0,0,2,1,0,1.0,
202400042032,155 707 705,B01,3.0,1.0,0,2,3,12,5.0,
202400042033,155 707 703,B01,1.0,7.0,0,2,6,1,1.0,
202400042034,155 707 701,A01,3.0,7.0,0,2,6,9,1.0,
202400042035,155 707 700,A01,0.0,1.0,1,0,1,26,5.0,
202400042036,155 707 696,A01,1.0,7.0,0,1,1,16,1.0,
202400042037,155 707 697,A01,2.0,7.0,0,2,1,1,1.0,
202400042038,155 707 695,B01,2.0,7.0,0,2,6,22,2.0,
202400042039,155 707 691,A01,1.0,7.0,6,2,3,1,1.0,
202400042040,155 707 689,C01,2.0,7.0,0,2,1,23,1.0,
202400042041,155 707 688,A01,1.0,30.0,0,2,7,19,1.0,
202400042042,155 707 685,B01,1.0,10.0,0,2,2,1,1.0,
202400042043,155 707 684,B01,3.0,7.0,0,2,3,1,0.0,
202400042044,155 707 682,A01,0.0,32.0,0,2,1,12,1.0,
202400042045,155 707 679,B01,3.0,7.0,0,9,4,1,1.0,
202400042046,155 707 678,A01,2.0,7.0,0,2,2,16,2.0,
202400042047,155 707 676,A01,1.0,33.0,0,2,7,15,1.0,
202400042048,155 707 675,Z01,1.0,7.0,0,1,1,9,0.0,
202400042049,155 707 672,B01,2.0,7.0,0,2,1,1,1.0,
202400042050,155 707 673,Z01,1.0,99.0,0,1,1,1,0.0,
202400042051,155 707 671,A01,0.0,7.0,0,2,2,1,1.0,
202400042052,155 707 667,B01,1.0,50.0,0,4,1,1,3.0,
202400042053,155 707 666,A01,1.0,7.0,0,2,2,1,1.0,
202400042054,155 707 664,B01,3.0,1.0,0,2,8,9,5.0,
202400042055,155 707 662,A01,1.0,1.0,0,2,6,1,5.0,
202400042056,155 707 661,A01,0.0,7.0,2,0,2,19,1.0,
202400042057,155 707 659,A01,1.0,33.0,8,0,1,14,1.0,
202400042058,155 707 658,A01,1.0,1.0,12,0,1,1,5.0,
202400042059,155 707 660,B01,1.0,10.0,0,2,2,1,1.0,
202400042060,155 707 654,C01,2.0,7.0,0,2,4,2,1.0,
202400042061,155 707 651,B01,1.0,32.0,0,2,7,0,1.0,
202400042062,155 707 653,A01,2.0,1.0,0,1,1,1,5.0,
202400042063,155 707 647,A01,1.0,33.0,0,2,1,3,1.0,
202400042064,155 707 650,A01,2.0,7.0,8,0,1,13,1.0,
202400042065,155 707 643,B01,1.0,7.0,0,2,3,11,1.0,
202400042066,155 707 640,A01,2.0,33.0,0,2,1,2,1.0,
202400042067,155 707 638,A01,2.0,33.0,0,0,7,2,1.0,
202400042068,155 707 644,A01,1.0,1.0,0,2,1,2,5.0,
202400042069,155 707 637,B01,1.0,7.0,0,2,1,0,1.0,
202400042070,155 707 635,A01,3.0,2.0,0,0,7,1,1.0,
202400042071,155 707 634,A01,1.0,50.0,0,9,0,0,3.0,
202400042072,155 707 632,A01,3.0,33.0,6,0,1,1,1.0,
202400042073,155 707 631,A01,0.0,7.0,0,1,7,2,1.0,
202400042074,155 707 630,B01,2.0,30.0,0,2,1,2,1.0,
202400042075,155 707 623,B01,2.0,1.0,0,2,0,1,5.0,
202400042076,155 707 619,A01,2.0,2.0,0,2,8,18,3.0,
202400042077,155 707 622,A01,1.0,10.0,0,2,1,15,1.0,
202400042078,155 707 618,A01,1.0,7.0,8,0,3,26,1.0,
202400042079,155 707 615,A01,3.0,7.0,0,2,1,1,1.0,
202400042080,155 707 614,A01,1.0,1.0,1,0,1,23,5.0,
202400042081,155 707 612,Y01,2.0,1.0,0,2,1,1,5.0,
202400042082,155 707 610,B01,2.0,32.0,0,2,1,17,1.0,
202400042083,155 707 608,Z01,3.0,7.0,0,1,1,1,2.0,
202400042084,155 707 606,A01,3.0,14.0,15,0,4,20,1.0,
202400042085,155 707 607,A01,3.0,43.0,0,2,3,18,1.0,
202400042086,155 707 604,A01,1.0,30.0,0,2,1,1,1.0,
202400042087,155 707 603,A01,1.0,10.0,0,1,3,15,1.0,
202400042088,155 707 600,A01,1.0,7.0,0,2,3,1,2.0,
202400042089,155 707 596,A01,2.0,7.0,0,1,2,1,2.0,
202400042090,155 707 597,B01,0.0,7.0,0,2,4,2,1.0,
202400042091,155 707 598,A01,3.0,7.0,6,0,1,0,1.0,