Num_Acc,id_vehicule,num_veh,senc,catv,obs,obsm,choc,manv,motor,occutc
202400042092,155 707 595,A01,1.0,1.0,15,0,1,2,5.0,
202400042093,155 707 593,A01,3.0,7.0,0,1,1,15,1.0,
202400042094,155 707 592,A01,1.0,7.0,1,0,3,13,1.0,
202400042095,155 707 590,A01,1.0,7.0,0,1,1,1,1.0,
202400042096,155 707 591,B01,1.0,7.0,0,2,2,2,2.0,
202400042097,155 707 589,A01,3.0,7.0,0,1,3,26,1.0,
202400042098,155 707 588,A01,1.0,30.0,0,1,1,21,1.0,
202400042099,155 707 584,A01,1.0,7.0,0,2,2,12,1.0,
202400042100,155 707 581,B01,1.0,2.0,0,2,7,0,1.0,
202400042101,155 707 585,B01,1.0,32.0,0,2,2,3,0.0,
202400042102,155 707 580,B01,1.0,7.0,0,2,3,1,1.0,
202400042103,155 707 579,A01,2.0,7.0,0,1,1,1,1.0,
202400042104,155 707 577,A01,1.0,7.0,0,1,4,26,2.0,
202400042105,155 707 574,A01,2.0,30.0,0,2,7,17,1.0,
202400042106,155 707 572,A01,3.0,7.0,0,2,2,14,2.0,
202400042107,155 707 576,A01,1.0,7.0,0,2,4,2,1.0,
202400042108,155 707 569,B01,1.0,33.0,0,2,1,2,1.0,
202400042109,155 707 568,B01,2.0,1.0,0,2,1,0,5.0,
202400042110,155 707 567,A01,1.0,33.0,0,1,1,0,1.0,
202400042111,155 707 565,B01,1.0,7.0,0,2,2,2,1.0,
202400042112,155 707 563,A01,1.0,7.0,0,1,8,1,0.0,
202400042113,155 707 562,A01,2.0,7.0,0,2,2,15,1.0,
202400042114,155 707 559,A01,1.0,7.0,0,1,1,2,1.0,
202400042115,155 707 561,A01,1.0,7.0,0,1,3,15,1.0,
202400042116,155 707 558,A01,3.0,7.0,0,2,3,15,1.0,
202400042117,155 707 556,A01,3.0,7.0,0,0,4,10,3.0,
202400042118,155 707 554,A01,1.0,33.0,1,0,1,1,1.0,
202400042119,155 707 553,A01,1.0,33.0,0,2,1,1,1.0,
202400042120,155 707 551,A01,3.0,33.0,0,2,1,17,1.0,
202400042121,155 707 549,A01,3.0,7.0,0,1,5,7,1.0,
202400042122,155 707 547,A01,1.0,31.0,9,0,8,1,1.0,
202400042123,155 707 548,A01,2.0,7.0,0,2,1,17,1.0,
202400042124,155 707 546,A01,0.0,30.0,0,0,0,0,6.0,
202400042125,155 707 543,A01,2.0,7.0,0,2,6,15,1.0,
202400042126,155 707 544,A01,1.0,10.0,1,2,1,1,1.0,
202400042127,155 707 541,A01,2.0,7.0,4,0,3,1,1.0,
202400042128,155 707 539,B01,2.0,50.0,0,2,0,1,3.0,
202400042129,155 707 538,A01,3.0,7.0,0,2,4,4,1.0,
202400042130,155 707 536,A01,1.0,32.0,0,2,1,0,1.0,
202400042131,155 707 534,A01,2.0,14.0,0,2,1,1,1.0,
202400042132,155 707 531,B01,1.0,31.0,0,2,1,1,1.0,
202400042133,155 707 527,B01,2.0,34.0,0,2,1,23,1.0,
202400042134,155 707 528,A01,3.0,7.0,0,2,4,26,1.0,
202400042135,155 707 524,A01,2.0,7.0,0,2,2,12,1.0,
202400042136,155 707 525,A01,3.0,7.0,0,1,1,15,1.0,
202400042137,155 707 523,A01,1.0,7.0,13,0,2,14,1.0,
202400042138,155 707 520,A01,2.0,10.0,0,2,1,2,1.0,
202400042139,155 707 518,A01,3.0,50.0,1,0,0,0,3.0,
202400042140,155 707 517,B01,1.0,10.0,0,2,8,1,1.0,
202400042141,155 707 515,A01,1.0,14.0,0,2,2,15,1.0,
202400042142,155 707 509,A01,2.0,33.0,0,2,1,2,1.0,
202400042143,155 707 508,A01,1.0,2.0,0,2,8,1,1.0,
202400042144,155 707 507,A01,1.0,7.0,0,2,8,26,1.0,
202400042145,155 707 506,A01,2.0,7.0,0,2,1,26,3.0,
202400042146,155 707 504,A01,1.0,7.0,0,1,8,1,1.0,
202400042147,155 707 502,A01,1.0,7.0,0,2,3,1,1.0,
202400042148,155 707 499,A01,2.0,7.0,0,1,3,1,1.0,
202400042149,155 707 501,A01,0.0,7.0,0,1,1,1,1.0,
202400042150,155 707 498,A01,1.0,7.0,0,2,1,11,2.0,
202400042151,155 707 497,A01,3.0,7.0,0,1,2,1,1.0,
202400042152,155 707 496,A01,1.0,7.0,0,1,3,1,1.0,
202400042153,155 707 493,A01,3.0,20.0,0,1,5,1,1.0,
202400042154,155 707 492,A01,3.0,7.0,0,2,3,15,2.0,
202400042155,155 707 491,A01,3.0,7.0,0,2,1,15,2.0,
202400042156,155 707 489,A01,0.0,1.0,12,0,0,1,5.0,
202400042157,155 707 486,A01,1.0,1.0,0,2,3,19,5.0,
202400042158,155 707 482,A01,3.0,10.0,0,2,8,10,1.0,
202400042159,155 707 484,B01,1.0,37.0,0,2,3,13,1.0,1
202400042160,155 707 480,B01,2.0,7.0,0,2,1,1,2.0,
202400042161,155 707 485,A01,2.0,7.0,6,0,0,1,1.0,
202400042162,155 707 479,A01,2.0,1.0,0,1,4,2,5.0,
202400042163,155 707 475,A01,2.0,7.0,3,0,0,0,1.0,
202400042164,155 707 473,A01,2.0,50.0,0,2,4,1,3.0,
202400042165,155 707 474,A01,1.0,7.0,0,2,1,13,1.0,
202400042166,155 707 472,A01,1.0,33.0,8,0,0,1,1.0,
202400042167,155 707 470,A01,1.0,7.0,8,0,8,14,1.0,
202400042168,155 707 467,A01,3.0,2.0,5,0,8,13,1.0,
202400042169,155 707 468,A01,1.0,32.0,0,1,1,19,1.0,
202400042170,155 707 469,B01,1.0,7.0,0,2,1,2,1.0,
202400042171,155 707 465,A01,1.0,7.0,0,1,1,1,1.0,
202400042172,155 707 462,B01,1.0,7.0,0,2,3,13,1.0,
202400042173,155 707 461,A01,1.0,7.0,2,0,1,1,1.0,
202400042174,155 707 459,A01,3.0,7.0,0,0,9,0,1.0,
202400042175,155 707 458,A01,2.0,7.0,0,2,1,13,1.0,
202400042176,155 707 455,A01,1.0,7.0,0,2,1,1,1.0,
202400042177,155 707 452,A01,2.0,33.0,0,2,1,26,1.0,
202400042178,155 707 450,A01,3.0,7.0,0,2,1,13,1.0,
202400042179,155 707 448,B01,3.0,37.0,0,2,1,2,1.0,3
202400042180,155 707 444,A01,2.0,7.0,0,2,1,1,1.0,
202400042181,155 707 445,A01,1.0,7.0,0,2,1,1,1.0,
202400042182,155 707 443,A01,1.0,7.0,0,2,1,1,1.0,
202400042183,155 707 439,A01,2.0,32.0,0,2,1,1,1.0,
202400042184,155 707 437,A01,2.0,2.0,0,2,1,13,1.0,
202400042185,155 707 435,A01,1.0,21.0,0,0,0,26,1.0,
202400042186,155 707 434,A01,1.0,10.0,0,2,8,3,1.0,
202400042187,155 707 432,A01,1.0,7.0,13,0,8,1,1.0,
202400042188,155 707 431,B01,1.0,10.0,0,0,0,1,1.0,
202400042189,155 707 428,B01,1.0,7.0,0,2,6,0,1.0,
202400042190,155 707 429,A01,0.0,7.0,1,0,1,1,1.0,
202400042191,155 707 427,A01,3.0,1.0,0,0,0,1,5.0,
202400042192,155 707 425,A01,1.0,7.0,0,2,8,20,1.0,
202400042193,155 707 424,A01,1.0,7.0,4,0,1,0,1.0,
202400042194,155 707 422,A01,3.0,7.0,13,0,2,0,1.0,
202400042195,155 707 418,A01,2.0,7.0,0,0,0,0,1.0,
202400042196,155 707 417,D01,1.0,7.0,0,2,6,1,1.0,
202400042197,155 707 415,B01,1.0,7.0,0,2,6,0,1.0,
202400042198,155 707 414,A01,1.0,7.0,1,1,2,2,2.0,
202400042199,155 707 413,A01,0.0,7.0,1,0,1,20,2.0,
202400042200,155 707 410,A01,1.0,7.0,13,0,1,14,1.0,
202400042201,155 707 408,A01,3.0,32.0,0,2,3,18,1.0,
202400042202,155 707 409,A01,2.0,7.0,0,2,3,13,1.0,
202400042203,155 707 407,A01,1.0,7.0,2,0,1,1,1.0,
202400042204,155 707 405,A01,1.0,1.0,0,2,1,1,5.0,
202400042205,155 707 404,A01,2.0,30.0,0,1,1,1,1.0,
202400042206,155 707 403,A01,1.0,7.0,4,0,3,17,1.0,
202400042207,155 707 400,A01,1.0,7.0,0,0,9,13,1.0,
202400042208,155 707 399,A01,0.0,33.0,0,2,7,2,1.0,
202400042209,155 707 398,A01,1.0,33.0,0,2,7,1,0.0,
202400042210,155 707 395,A01,1.0,1.0,0,0,0,1,5.0,
202400042211,155 707 397,A01,2.0,7.0,13,0,1,16,1.0,
202400042212,155 707 394,B01,2.0,7.0,0,2,8,1,1.0,
202400042213,155 707 393,A01,1.0,7.0,2,0,2,14,1.0,
202400042214,155 707 392,A01,1.0,10.0,6,0,2,1,1.0,
202400042215,155 707 391,A01,1.0,7.0,0,0,0,1,1.0,
202400042216,155 707 390,A01,2.0,33.0,0,0,1,1,1.0,
202400042217,155 707 388,A01,1.0,7.0,9,0,1,13,1.0,
202400042218,155 707 387,A01,3.0,31.0,0,2,3,0,1.0,
202400042219,155 707 385,B01,1.0,7.0,0,2,2,0,1.0,
202400042220,155 707 382,A01,2.0,7.0,0,2,3,13,1.0,
202400042221,155 707 383,A01,1.0,10.0,2,0,1,1,1.0,
202400042222,155 707 380,B01,1.0,7.0,0,2,3,1,1.0,
202400042223,155 707 379,A01,2.0,7.0,4,0,3,1,1.0,
202400042224,155 707 378,A01,2.0,10.0,2,6,1,1,1.0,
202400042225,155 707 377,A01,2.0,32.0,12,0,1,1,1.0,
202400042226,155 707 376,A01,2.0,7.0,4,0,3,1,1.0,
202400042227,155 707 372,A01,1.0,7.0,0,2,3,13,1.0,
202400042228,155 707 371,A01,2.0,15.0,0,2,2,15,1.0,
202400042229,155 707 370,A01,1.0,7.0,13,0,2,1,1.0,
202400042230,155 707 367,A01,2.0,50.0,0,2,3,15,3.0,
202400042231,155 707 365,B01,2.0,7.0,0,2,5,0,1.0,
202400042232,155 707 368,A01,1.0,7.0,5,0,1,1,1.0,
202400042233,155 707 362,B01,2.0,7.0,0,0,4,2,1.0,
202400042234,155 707 360,A01,2.0,33.0,0,2,1,3,1.0,
202400042235,155 707 359,B01,1.0,7.0,0,2,2,1,1.0,
202400042236,155 707 358,A01,1.0,7.0,13,0,3,13,1.0,
202400042237,155 707 357,A01,2.0,10.0,0,9,9,14,1.0,
202400042238,155 707 354,A01,1.0,7.0,2,0,3,1,1.0,
202400042239,155 707 353,A01,2.0,33.0,0,2,1,2,1.0,
202400042240,155 707 355,A01,1.0,7.0,13,0,1,1,1.0,
202400042241,155 707 350,B01,1.0,7.0,0,2,8,5,1.0,
202400042242,155 707 347,C01,1.0,7.0,0,2,4,2,1.0,
202400042243,155 707 346,A01,1.0,7.0,13,0,7,14,1.0,
202400042244,155 707 344,A01,1.0,7.0,0,2,3,15,1.0,
202400042245,155 707 343,A01,2.0,33.0,0,2,3,3,1.0,
202400042246,155 707 342,A01,2.0,33.0,7,0,8,1,1.0,
202400042247,155 707 340,B01,1.0,7.0,0,2,4,2,1.0,
202400042248,155 707 335,A01,2.0,7.0,0,2,6,23,1.0,
202400042249,155 707 338,A01,1.0,10.0,13,0,3,13,1.0,
202400042250,155 707 336,B01,2.0,33.0,0,2,2,9,1.0,
202400042251,155 707 330,A01,1.0,7.0,0,2,1,1,1.0,
202400042252,155 707 331,A01,2.0,3.0,0,2,1,13,1.0,
202400042253,155 707 326,A01,2.0,1.0,0,2,1,15,5.0,
202400042254,155 707 324,A01,1.0,7.0,0,2,4,2,0.0,
202400042255,155 707 321,A01,1.0,7.0,4,0,1,14,1.0,
202400042256,155 707 323,A01,1.0,7.0,0,2,3,13,1.0,
202400042257,155 707 320,B01,2.0,7.0,3,2,0,0,1.0,
202400042258,155 707 319,A01,1.0,7.0,0,1,1,9,2.0,
202400042259,155 707 318,A01,2.0,7.0,4,0,3,1,1.0,
202400042260,155 707 314,A01,1.0,1.0,0,0,0,1,5.0,
202400042261,155 707 313,A01,2.0,7.0,0,2,3,2,1.0,
202400042262,155 707 316,C01,2.0,10.0,0,2,3,19,1.0,
202400042263,155 707 311,B01,1.0,1.0,0,2,1,5,5.0,
202400042264,155 707 310,A01,1.0,31.0,13,0,1,1,1.0,
202400042265,155 707 309,A01,1.0,7.0,4,0,2,1,1.0,
202400042266,155 707 306,A01,3.0,7.0,0,2,2,1,1.0,
202400042267,155 707 305,B01,2.0,33.0,0,2,1,1,1.0,
202400042268,155 707 304,A01,2.0,10.0,2,0,1,14,1.0,
202400042269,155 707 302,A01,1.0,7.0,5,0,1,0,6.0,
202400042270,155 707 300,A01,1.0,2.0,0,2,1,5,1.0,
202400042271,155 707 299,B01,0.0,2.0,0,2,1,1,0.0,
202400042272,155 707 298,A01,2.0,33.0,2,0,0,1,1.0,
202400042273,155 707 295,A01,1.0,7.0,0,2,3,15,1.0,
202400042274,155 707 294,A01,1.0,7.0,0,2,3,13,1.0,
202400042275,155 707 292,A01,1.0,7.0,0,2,8,13,1.0,
202400042276,155 707 289,A01,1.0,7.0,0,2,1,13,1.0,
202400042277,155 707 288,B01,2.0,1.0,0,2,1,1,5.0,
202400042278,155 707 285,A01,1.0,33.0,9,0,1,1,1.0,
202400042279,155 707 282,A01,2.0,7.0,6,2,4,1,1.0,
202400042280,155 707 284,A01,2.0,7.0,3,2,2,13,1.0,
202400042281,155 707 281,B01,2.0,31.0,0,2,0,1,1.0,
202400042282,155 707 280,A01,1.0,7.0,2,0,1,1,1.0,
202400042283,155 707 276,B01,1.0,7.0,1,9,6,9,6.0,
202400042284,155 707 275,A01,1.0,10.0,13,2,3,13,1.0,
202400042285,155 707 274,A01,1.0,33.0,4,0,0,1,1.0,
202400042286,155 707 273,A01,1.0,7.0,0,2,5,15,1.0,
202400042287,155 707 271,A01,3.0,7.0,0,2,8,15,1.0,
202400042288,155 707 269,A01,3.0,50.0,0,2,0,19,3.0,
202400042289,155 707 268,A01,1.0,7.0,0,2,1,9,1.0,
202400042290,155 707 264,A01,1.0,7.0,0,2,3,13,1.0,
202400042291,155 707 263,A01,1.0,7.0,0,9,1,9,1.0,
202400042292,155 707 262,A01,2.0,33.0,13,0,7,14,1.0,
202400042293,155 707 258,A01,1.0,7.0,13,2,7,0,1.0,
202400042294,155 707 257,A01,2.0,10.0,0,2,3,1,1.0,
202400042295,155 707 256,B01,1.0,2.0,0,2,1,1,0.0,
202400042296,155 707 255,A01,1.0,7.0,0,2,2,1,1.0,
202400042297,155 707 254,A01,2.0,33.0,0,0,7,2,1.0,
202400042298,155 707 251,A01,2.0,10.0,0,1,1,15,1.0,
202400042299,155 707 250,B01,0.0,1.0,12,2,1,25,5.0,
202400042300,155 707 249,A01,1.0,7.0,2,0,7,2,1.0,
202400042301,155 707 253,A01,1.0,33.0,0,0,0,2,1.0,
202400042302,155 707 248,A01,1.0,7.0,4,0,9,0,1.0,
202400042303,155 707 247,A01,2.0,36.0,15,0,1,0,1.0,
202400042304,155 707 246,A01,1.0,7.0,0,0,9,1,1.0,
202400042305,155 707 243,C01,1.0,1.0,0,2,3,1,5.0,
202400042306,155 707 241,A01,1.0,7.0,13,0,0,14,1.0,
202400042307,155 707 239,A01,0.0,7.0,9,0,3,2,1.0,
202400042308,155 707 240,A01,1.0,7.0,0,2,1,1,1.0,
202400042309,155 707 238,B01,2.0,7.0,0,2,3,9,1.0,
202400042310,155 707 237,A01,2.0,33.0,10,0,2,2,1.0,
202400042311,155 707 235,A01,1.0,7.0,0,1,1,1,1.0,
202400042312,155 707 233,A01,2.0,7.0,0,9,2,19,1.0,
202400042313,155 707 231,A01,2.0,7.0,0,2,4,1,1.0,
202400042314,155 707 228,A01,2.0,7.0,13,0,7,15,1.0,
202400042315,155 707 229,A01,2.0,7.0,3,2,3,13,1.0,
202400042316,155 707 227,A01,2.0,1.0,0,2,5,14,5.0,
202400042317,155 707 224,A01,3.0,7.0,2,0,1,0,1.0,
202400042318,155 707 223,A01,2.0,7.0,0,2,0,0,0.0,
202400042319,155 707 221,B01,1.0,10.0,0,2,3,1,1.0,
202400042320,155 707 222,A01,2.0,7.0,2,0,2,1,1.0,
202400042321,155 707 217,A01,2.0,7.0,9,0,1,0,1.0,
202400042322,155 707 215,A01,2.0,7.0,0,2,1,5,1.0,
202400042323,155 707 214,C01,2.0,10.0,0,2,1,21,1.0,
202400042324,155 707 212,A01,3.0,7.0,0,2,1,13,1.0,
202400042325,155 707 211,A01,3.0,7.0,0,0,9,1,0.0,
202400042326,155 707 208,A01,1.0,7.0,0,2,4,2,1.0,
202400042327,155 707 207,A01,2.0,7.0,15,0,1,14,1.0,
202400042328,155 707 205,A01,3.0,7.0,0,1,3,1,1.0,
202400042329,155 707 209,A01,2.0,33.0,0,0,0,1,1.0,
202400042330,155 707 204,A01,0.0,7.0,0,0,9,0,1.0,
202400042331,155 707 200,A01,2.0,10.0,7,0,1,13,1.0,
202400042332,155 707 201,A01,2.0,17.0,0,0,4,23,1.0,
202400042333,155 707 199,B01,3.0,50.0,0,2,1,1,3.0,
202400042334,155 707 198,A01,1.0,7.0,0,1,3,2,0.0,
202400042335,155 707 195,A01,2.0,7.0,0,2,2,13,1.0,
202400042336,155 707 193,B01,1.0,7.0,0,2,2,1,1.0,
202400042337,155 707 190,A01,0.0,7.0,0,2,1,0,1.0,
202400042338,155 707 189,B01,2.0,7.0,0,2,1,13,1.0,
202400042339,155 707 187,B01,1.0,33.0,0,2,7,3,1.0,
202400042340,155 707 186,A01,1.0,7.0,14,0,3,13,2.0,
202400042341,155 707 184,A01,1.0,7.0,1,0,1,14,1.0,
202400042342,155 707 183,A01,2.0,7.0,0,2,0,0,1.0,
202400042343,155 707 182,A01,3.0,7.0,0,1,3,20,1.0,
202400042344,155 707 181,A01,3.0,36.0,0,0,2,1,1.0,
202400042345,155 707 178,A01,1.0,7.0,2,0,2,14,1.0,
202400042346,155 707 174,C01,1.0,7.0,0,2,3,23,1.0,
202400042347,155 707 179,A01,1.0,7.0,12,2,3,9,1.0,
202400042348,155 707 173,A01,1.0,7.0,2,0,9,14,1.0,
202400042349,155 707 170,A01,1.0,10.0,0,2,3,15,1.0,
202400042350,155 707 167,B01,2.0,1.0,1,0,1,1,5.0,
202400042351,155 707 166,A01,3.0,2.0,1,0,1,14,1.0,
202400042352,155 707 164,A01,2.0,7.0,0,2,3,1,1.0,
202400042353,155 707 162,A01,1.0,7.0,8,0,1,14,1.0,
202400042354,155 707 160,A01,3.0,7.0,8,0,9,1,1.0,
202400042355,155 707 159,B01,2.0,7.0,0,2,3,1,1.0,
202400042356,155 707 154,A01,3.0,7.0,12,0,3,1,1.0,
202400042357,155 707 157,A01,3.0,7.0,0,2,7,15,1.0,
202400042358,155 707 153,A01,1.0,33.0,0,2,1,3,1.0,
202400042359,155 707 151,A01,1.0,7.0,3,0,2,16,1.0,
202400042360,155 707 149,A01,1.0,7.0,0,2,3,9,1.0,
202400042361,155 707 147,B01,0.0,7.0,0,0,0,13,0.0,
202400042362,155 707 145,A01,0.0,7.0,0,1,7,16,1.0,
202400042363,155 707 144,A01,1.0,7.0,0,2,2,1,1.0,
202400042364,155 707 139,Z01,1.0,7.0,0,2,1,26,1.0,
202400042365,155 707 137,A01,1.0,7.0,0,2,1,2,1.0,
202400042366,155 707 136,B01,1.0,50.0,0,2,1,1,3.0,
202400042367,155 707 135,B01,1.0,10.0,0,2,1,1,1.0,
202400042368,155 707 131,A01,1.0,7.0,0,2,3,15,1.0,
202400042369,155 707 132,A01,2.0,10.0,8,0,1,13,1.0,
202400042370,155 707 130,A01,3.0,7.0,0,2,1,1,1.0,
202400042371,155 707 129,A01,1.0,7.0,0,1,1,16,1.0,
202400042372,155 707 126,B01,1.0,1.0,2,0,0,0,5.0,
202400042373,155 707 125,A01,2.0,7.0,0,2,2,1,1.0,
202400042374,155 707 124,B01,3.0,7.0,0,2,7,0,1.0,
202400042375,155 707 122,A01,2.0,7.0,0,2,8,20,1.0,
202400042376,155 707 119,B01,2.0,7.0,0,2,1,1,1.0,
202400042377,155 707 118,B01,1.0,7.0,0,2,3,15,1.0,
202400042378,155 707 117,A01,2.0,30.0,1,0,1,14,1.0,
202400042379,155 707 112,B01,1.0,14.0,0,2,2,1,1.0,
202400042380,155 707 111,B01,3.0,30.0,0,2,1,1,1.0,
202400042381,155 707 110,C01,2.0,7.0,0,2,6,1,1.0,
202400042382,155 707 107,B01,1.0,7.0,0,2,4,0,1.0,
202400042383,155 707 108,A01,1.0,7.0,0,1,2,1,1.0,
202400042384,155 707 105,A01,2.0,32.0,0,2,3,1,3.0,
202400042385,155 707 104,A01,1.0,1.0,0,9,1,15,5.0,
202400042386,155 707 102,B01,3.0,30.0,0,2,1,1,1.0,
202400042387,155 707 100,A01,0.0,30.0,1,0,1,1,1.0,
202400042388,155 707 099,B01,2.0,7.0,0,2,5,14,1.0,
202400042389,155 707 096,A01,3.0,7.0,0,2,5,15,0.0,
202400042390,155 707 094,A01,1.0,7.0,14,0,1,1,1.0,
202400042391,155 707 093,A01,2.0,10.0,0,2,1,2,1.0,
202400042392,155 707 092,A01,1.0,7.0,0,1,1,1,1.0,
202400042393,155 707 089,A01,1.0,7.0,0,2,1,2,1.0,
202400042394,155 707 088,B01,1.0,7.0,0,2,8,15,1.0,
202400042395,155 707 086,A01,1.0,7.0,3,0,3,13,1.0,
202400042396,155 707 085,B01,2.0,7.0,0,2,7,1,1.0,
202400042397,155 707 083,A01,3.0,7.0,8,2,8,1,1.0,
202400042398,155 707 078,A01,1.0,7.0,0,2,5,12,2.0,
202400042399,155 707 075,D01,1.0,7.0,0,2,4,2,1.0,
202400042400,155 707 073,A01,1.0,7.0,0,2,3,15,1.0,
202400042401,155 707 072,B01,3.0,34.0,0,2,2,0,1.0,
202400042402,155 707 069,A01,2.0,33.0,0,2,7,1,1.0,
202400042403,155 707 068,B01,1.0,1.0,0,2,1,1,5.0,
202400042404,155 707 067,A01,3.0,30.0,0,1,7,0,3.0,
202400042405,155 707 065,A01,1.0,50.0,0,0,0,1,3.0,
202400042406,155 707 066,A01,2.0,10.0,0,1,1,15,1.0,
202400042407,155 707 063,A01,1.0,7.0,0,2,1,2,1.0,
202400042408,155 707 060,A01,1.0,7.0,4,0,1,14,1.0,
202400042409,155 707 059,A01,1.0,7.0,0,2,3,1,1.0,
202400042410,155 707 056,A01,2.0,7.0,0,2,2,1,1.0,
202400042411,155 707 055,B01,1.0,33.0,0,2,1,1,1.0,
202400042412,155 707 054,A01,2.0,38.0,0,1,1,15,1.0,1
202400042413,155 707 051,A01,1.0,7.0,0,0,0,1,1.0,
202400042414,155 707 048,C01,1.0,33.0,0,9,0,0,1.0,
202400042415,155 707 047,B01,1.0,7.0,0,0,1,1,1.0,
202400042416,155 707 041,A01,1.0,32.0,0,2,1,2,1.0,
202400042417,155 707 042,A01,2.0,7.0,0,2,1,26,1.0,
202400042418,155 707 036,A01,1.0,7.0,1,0,1,1,1.0,
202400042419,155 707 034,B01,1.0,2.0,0,2,8,9,1.0,
202400042420,155 707 035,A01,3.0,34.0,0,2,8,18,1.0,
202400042421,155 707 033,A01,1.0,7.0,12,0,1,1,1.0,
202400042422,155 707 031,A01,2.0,50.0,0,1,1,1,3.0,
202400042423,155 707 029,A01,1.0,7.0,0,2,0,1,0.0,
202400042424,155 707 027,A01,0.0,7.0,0,2,1,1,1.0,
202400042425,155 707 026,A01,2.0,10.0,0,1,5,4,1.0,
202400042426,155 707 024,A01,1.0,2.0,0,2,2,0,3.0,
202400042427,155 707 022,A01,1.0,1.0,0,1,1,10,5.0,
202400042428,155 707 023,A01,2.0,33.0,0,1,1,2,1.0,
202400042429,155 707 020,B01,2.0,7.0,0,2,4,1,1.0,
202400042430,155 707 017,Z01,2.0,34.0,0,2,8,13,0.0,
202400042431,155 707 016,B01,1.0,10.0,0,2,2,14,1.0,
202400042432,155 707 015,A01,1.0,37.0,0,1,0,23,1.0,1
202400042433,155 707 012,B01,3.0,33.0,0,2,7,1,1.0,
202400042434,155 707 011,A01,1.0,7.0,0,2,0,0,0.0,
202400042435,155 707 010,B01,1.0,7.0,0,1,2,1,1.0,
202400042436,155 707 009,A01,1.0,7.0,9,0,2,1,1.0,
202400042437,155 707 008,A01,2.0,7.0,0,0,1,2,2.0,
202400042438,155 707 006,A01,1.0,7.0,0,1,3,1,1.0,
202400042439,155 707 002,A01,2.0,7.0,0,2,3,9,1.0,
202400042440,155 707 000,B01,1.0,7.0,0,2,3,16,2.0,
202400042441,155 706 996,A01,1.0,1.0,0,1,1,1,5.0,
202400042442,155 706 995,A01,3.0,7.0,0,2,1,5,1.0,
202400042443,155 706 994,A01,2.0,7.0,0,2,1,2,1.0,
202400042444,155 706 992,A01,3.0,7.0,0,1,3,20,1.0,
202400042445,155 706 989,B01,3.0,33.0,0,2,1,1,1.0,
202400042446,155 706 990,B01,1.0,10.0,0,2,1,0,1.0,
202400042447,155 706 988,A01,2.0,7.0,0,1,1,1,2.0,
202400042448,155 706 986,A01,2.0,7.0,0,1,2,1,1.0,
202400042449,155 706 985,A01,1.0,37.0,0,2,2,1,1.0,3
202400042450,155 706 983,A01,3.0,7.0,0,1,1,16,2.0,
202400042451,155 706 982,A01,0.0,32.0,0,2,0,5,0.0,
202400042452,155 706 979,A01,1.0,1.0,0,1,1,1,5.0,
202400042453,155 706 978,A01,3.0,50.0,0,1,1,0,3.0,
202400042454,155 706 977,C01,3.0,7.0,0,2,1,2,1.0,
202400042455,155 706 974,B01,3.0,50.0,0,2,1,25,3.0,
202400042456,155 706 973,B01,2.0,7.0,0,0,3,1,2.0,
202400042457,155 706 972,A01,3.0,7.0,0,1,3,14,1.0,
202400042458,155 706 971,A01,1.0,10.0,0,2,1,1,1.0,
202400042459,155 706 968,A01,1.0,7.0,0,2,1,0,1.0,
202400042460,155 706 967,B01,1.0,7.0,0,2,4,2,1.0,
202400042461,155 706 965,A01,1.0,33.0,0,2,5,1,1.0,
202400042462,155 706 961,B01,3.0,7.0,0,2,3,1,1.0,
202400042463,155 706 962,B01,1.0,7.0,0,2,0,1,1.0,
202400042464,155 706 960,A01,1.0,7.0,0,1,3,15,1.0,
202400042465,155 706 959,A01,3.0,36.0,0,0,9,26,1.0,
202400042466,155 706 957,A01,1.0,32.0,0,2,1,1,1.0,
202400042467,155 706 955,A01,2.0,7.0,2,0,1,1,1.0,
202400042468,155 706 956,A01,2.0,7.0,0,1,1,1,1.0,
202400042469,155 706 953,A01,1.0,7.0,8,0,1,2,1.0,
202400042470,155 706 954,A01,1.0,7.0,0,1,2,1,1.0,
202400042471,155 706 951,B01,1.0,2.0,0,2,3,26,1.0,
202400042472,155 706 950,A01,0.0,36.0,13,0,3,1,1.0,
202400042473,155 706 949,A01,2.0,7.0,1,1,3,1,1.0,
202400042474,155 706 946,A01,1.0,33.0,0,2,8,10,1.0,
202400042475,155 706 945,A01,3.0,50.0,0,2,1,1,3.0,
202400042476,155 706 944,A01,1.0,7.0,0,1,1,18,0.0,
202400042477,155 706 942,A01,0.0,7.0,0,2,1,15,1.0,
202400042478,155 706 941,Z01,2.0,7.0,0,1,3,1,1.0,
202400042479,155 706 940,A01,0.0,10.0,0,1,3,15,1.0,
202400042480,155 706 935,A01,2.0,7.0,0,2,1,2,1.0,
202400042481,155 706 937,A01,1.0,32.0,0,2,1,11,1.0,
202400042482,155 706 934,B01,2.0,7.0,0,2,1,1,1.0,
202400042483,155 706 933,A01,2.0,33.0,0,0,0,17,1.0,
202400042484,155 706 932,A01,1.0,50.0,1,0,1,13,3.0,
202400042485,155 706 931,A01,1.0,7.0,0,1,3,9,1.0,
202400042486,155 706 930,A01,3.0,21.0,0,6,8,1,1.0,
202400042487,155 706 923,A01,2.0,7.0,0,2,3,13,1.0,
202400042488,155 706 922,C01,1.0,7.0,0,0,1,0,0.0,