Num_Acc,id_vehicule,num_veh,senc,catv,obs,obsm,choc,manv,motor,occutc
202400042489,155 706 921,A01,2.0,7.0,0,2,1,2,1.0,
202400042490,155 706 920,A01,0.0,10.0,0,1,2,1,1.0,
202400042491,155 706 919,A01,2.0,7.0,13,0,1,1,1.0,
202400042492,155 706 918,A01,0.0,7.0,0,0,0,0,,
202400042493,155 706 914,A01,1.0,7.0,0,2,8,17,2.0,
202400042494,155 706 913,A01,2.0,7.0,0,9,3,1,1.0,
202400042495,155 706 911,A01,3.0,7.0,0,2,1,1,2.0,
202400042496,155 706 908,A01,0.0,2.0,0,2,4,1,1.0,
202400042497,155 706 909,B01,0.0,1.0,0,2,7,19,5.0,
202400042498,155 706 905,A01,3.0,7.0,0,1,2,1,1.0,
202400042499,155 706 904,A01,1.0,7.0,0,2,2,2,1.0,
202400042500,155 706 903,B01,2.0,7.0,0,0,3,1,0.0,
202400042501,155 706 902,A01,1.0,7.0,0,1,3,0,1.0,
202400042502,155 706 899,B01,2.0,7.0,0,2,1,9,1.0,
202400042503,155 706 897,B01,2.0,7.0,0,2,1,1,1.0,
202400042504,155 706 896,B01,0.0,2.0,0,2,3,1,3.0,
202400042505,155 706 894,B01,1.0,80.0,0,2,0,1,3.0,
202400042506,155 706 893,A01,1.0,7.0,13,0,3,9,1.0,
202400042507,155 706 892,A01,2.0,15.0,0,1,2,1,1.0,
202400042508,155 706 890,A01,1.0,7.0,6,0,2,14,1.0,
202400042509,155 706 888,A01,1.0,2.0,0,2,1,1,1.0,
202400042510,155 706 886,A01,2.0,3.0,0,1,3,18,3.0,
202400042511,155 706 887,A01,2.0,33.0,14,6,1,1,1.0,
202400042512,155 706 885,A01,3.0,7.0,1,0,2,1,1.0,
202400042513,155 706 884,A01,1.0,7.0,2,0,1,1,1.0,
202400042514,155 706 882,A01,1.0,1.0,13,0,0,13,5.0,
202400042515,155 706 881,A01,1.0,10.0,13,0,9,1,1.0,
202400042516,155 706 880,B01,2.0,7.0,0,2,3,1,1.0,
202400042517,155 706 879,A01,1.0,2.0,1,0,7,1,1.0,
202400042518,155 706 877,A01,1.0,2.0,7,0,1,1,1.0,
202400042519,155 706 875,A01,2.0,7.0,0,2,1,2,1.0,
202400042520,155 706 874,A01,2.0,7.0,0,2,2,15,1.0,
202400042521,155 706 871,A01,2.0,7.0,6,0,1,16,1.0,
202400042522,155 706 869,B01,1.0,7.0,0,2,1,23,1.0,
202400042523,155 706 868,A01,2.0,33.0,0,0,7,1,1.0,
202400042524,155 706 865,B01,1.0,33.0,0,2,1,2,1.0,
202400042525,155 706 864,A01,3.0,7.0,0,2,1,15,1.0,
202400042526,155 706 861,A01,1.0,7.0,13,0,2,0,1.0,
202400042527,155 706 860,A01,1.0,33.0,0,2,7,15,1.0,
202400042528,155 706 858,A01,2.0,7.0,0,2,7,13,1.0,
202400042529,155 706 855,A01,1.0,7.0,0,2,8,15,1.0,
202400042530,155 706 854,A01,1.0,7.0,0,2,1,1,1.0,
202400042531,155 706 853,A01,2.0,10.0,0,1,3,15,1.0,
202400042532,155 706 851,A01,1.0,21.0,7,0,1,1,1.0,
202400042533,155 706 850,A01,3.0,7.0,0,2,1,1,2.0,
202400042534,155 706 849,A01,2.0,7.0,0,1,3,1,1.0,
202400042535,155 706 846,A01,1.0,7.0,0,2,3,13,1.0,
202400042536,155 706 847,A01,2.0,10.0,13,0,2,1,1.0,
202400042537,155 706 843,A01,1.0,7.0,0,1,4,20,1.0,
202400042538,155 706 842,A01,1.0,1.0,0,2,0,1,5.0,
202400042539,155 706 841,B01,2.0,10.0,0,2,3,9,3.0,
202400042540,155 706 840,A01,2.0,33.0,13,0,2,2,1.0,
202400042541,155 706 837,A01,1.0,21.0,0,2,1,15,1.0,
202400042542,155 706 836,A01,1.0,33.0,13,0,1,1,1.0,
202400042543,155 706 835,B01,3.0,1.0,0,2,7,1,5.0,
202400042544,155 706 831,B01,2.0,7.0,0,2,1,1,1.0,
202400042545,155 706 830,A01,2.0,7.0,0,2,3,13,1.0,
202400042546,155 706 829,A01,2.0,50.0,0,2,1,1,3.0,
202400042547,155 706 825,A01,1.0,7.0,13,0,1,1,1.0,
202400042548,155 706 824,B01,1.0,7.0,0,2,7,1,2.0,
202400042549,155 706 822,A01,2.0,7.0,4,0,9,1,1.0,
202400042550,155 706 819,A01,1.0,7.0,17,0,1,17,1.0,
202400042551,155 706 818,A01,2.0,7.0,0,2,1,13,1.0,
202400042552,155 706 817,B01,1.0,7.0,0,2,8,16,1.0,
202400042553,155 706 814,B01,1.0,7.0,3,2,0,1,1.0,
202400042554,155 706 815,A01,1.0,7.0,2,0,3,13,1.0,
202400042555,155 706 813,A01,3.0,7.0,0,1,2,15,1.0,
202400042556,155 706 811,A01,1.0,7.0,16,0,0,1,1.0,
202400042557,155 706 812,A01,2.0,2.0,0,0,0,21,1.0,
202400042558,155 706 810,A01,3.0,50.0,0,0,0,1,3.0,
202400042559,155 706 809,A01,1.0,7.0,6,0,8,13,1.0,
202400042560,155 706 808,A01,2.0,7.0,15,0,3,13,1.0,
202400042561,155 706 805,A01,1.0,7.0,0,0,0,1,1.0,
202400042562,155 706 804,A01,2.0,7.0,0,2,2,1,2.0,
202400042563,155 706 803,B01,3.0,3.0,0,2,2,9,1.0,
202400042564,155 706 800,A01,2.0,1.0,0,2,1,2,5.0,
202400042565,155 706 799,B01,1.0,7.0,0,2,1,1,1.0,
202400042566,155 706 798,A01,1.0,7.0,8,0,1,1,1.0,
202400042567,155 706 797,A01,1.0,7.0,3,1,3,2,1.0,
202400042568,155 706 796,A01,2.0,7.0,6,0,1,1,1.0,
202400042569,155 706 794,A01,3.0,7.0,0,2,7,15,1.0,
202400042570,155 706 793,A01,3.0,31.0,0,0,0,1,1.0,
202400042571,155 706 790,B01,2.0,2.0,0,2,1,1,1.0,
202400042572,155 706 788,A01,1.0,33.0,0,2,1,11,1.0,
202400042573,155 706 787,A01,3.0,31.0,0,2,8,26,3.0,
202400042574,155 706 786,A01,2.0,33.0,1,0,1,1,1.0,
202400042575,155 706 785,A01,2.0,7.0,0,1,2,1,1.0,
202400042576,155 706 783,A01,1.0,7.0,0,0,3,1,1.0,
202400042577,155 706 781,A01,1.0,7.0,0,0,1,15,1.0,
202400042578,155 706 779,A01,1.0,7.0,0,2,1,9,1.0,
202400042579,155 706 777,A01,2.0,7.0,0,2,1,1,1.0,
202400042580,155 706 774,A01,0.0,10.0,0,2,3,1,1.0,
202400042581,155 706 775,A01,2.0,33.0,0,2,1,2,1.0,
202400042582,155 706 771,A01,1.0,31.0,0,0,8,1,1.0,
202400042583,155 706 770,A01,0.0,7.0,0,1,1,15,1.0,
202400042584,155 706 769,A01,3.0,7.0,0,2,1,0,1.0,
202400042585,155 706 767,A01,1.0,7.0,0,1,1,1,2.0,
202400042586,155 706 765,A01,1.0,7.0,0,1,2,1,1.0,
202400042587,155 706 764,A01,1.0,7.0,0,2,1,2,1.0,
202400042588,155 706 762,B01,1.0,33.0,0,2,3,1,1.0,
202400042589,155 706 759,A01,1.0,7.0,0,0,4,2,1.0,
202400042590,155 706 758,B01,2.0,33.0,0,2,1,1,0.0,
202400042591,155 706 754,B01,1.0,7.0,0,2,5,2,1.0,
202400042592,155 706 753,B01,1.0,7.0,13,2,3,15,1.0,
202400042593,155 706 752,A01,3.0,7.0,0,2,2,19,1.0,
202400042594,155 706 751,A01,2.0,7.0,4,0,8,0,1.0,
202400042595,155 706 749,B01,2.0,33.0,0,2,1,1,1.0,
202400042596,155 706 746,A01,1.0,3.0,0,2,2,1,1.0,
202400042597,155 706 745,A01,1.0,15.0,0,0,6,1,1.0,
202400042598,155 706 744,A01,0.0,3.0,1,0,1,14,1.0,
202400042599,155 706 741,A01,1.0,7.0,0,9,7,15,1.0,
202400042600,155 706 740,A01,1.0,2.0,0,0,2,26,1.0,
202400042601,155 706 737,A01,1.0,7.0,10,0,1,13,1.0,
202400042602,155 706 735,A01,2.0,34.0,0,2,1,1,1.0,
202400042603,155 706 733,A01,3.0,10.0,16,0,9,26,1.0,
202400042604,155 706 730,A01,1.0,33.0,1,1,1,14,0.0,
202400042605,155 706 729,B01,2.0,7.0,0,2,8,1,1.0,
202400042606,155 706 727,B01,1.0,80.0,0,0,4,1,3.0,
202400042607,155 706 725,A01,2.0,10.0,0,1,1,1,1.0,
202400042608,155 706 723,A01,1.0,7.0,0,2,2,12,1.0,
202400042609,155 706 722,A01,2.0,7.0,0,0,3,11,1.0,
202400042610,155 706 720,A01,2.0,80.0,0,1,1,1,3.0,
202400042611,155 706 717,A01,1.0,7.0,0,2,3,0,1.0,
202400042612,155 706 714,A01,1.0,1.0,0,1,1,1,5.0,
202400042613,155 706 713,A01,1.0,7.0,0,2,1,1,1.0,
202400042614,155 706 712,A01,1.0,7.0,0,2,7,12,1.0,
202400042615,155 706 710,A01,2.0,7.0,1,0,3,26,1.0,
202400042616,155 706 709,A01,1.0,7.0,1,0,1,2,1.0,
202400042617,155 706 711,Z01,1.0,50.0,0,1,1,1,3.0,
202400042618,155 706 708,A01,1.0,7.0,1,2,1,13,1.0,
202400042619,155 706 706,A01,3.0,7.0,0,1,1,19,1.0,
202400042620,155 706 703,A01,2.0,7.0,0,2,1,1,1.0,
202400042621,155 706 702,A01,2.0,7.0,0,1,2,1,2.0,
202400042622,155 706 699,A01,2.0,7.0,13,0,2,15,1.0,
202400042623,155 706 698,A01,2.0,7.0,0,2,1,2,1.0,
202400042624,155 706 697,A01,2.0,10.0,0,1,7,1,1.0,
202400042625,155 706 694,A01,2.0,31.0,0,2,8,0,1.0,
202400042626,155 706 693,A01,2.0,7.0,4,2,2,1,1.0,
202400042627,155 706 692,A01,1.0,33.0,0,1,3,1,1.0,
202400042628,155 706 691,A01,2.0,7.0,15,9,1,14,1.0,
202400042629,155 706 688,Z01,1.0,7.0,0,2,0,2,0.0,
202400042630,155 706 687,A01,1.0,7.0,0,0,1,14,1.0,
202400042631,155 706 686,B01,2.0,1.0,0,2,1,1,5.0,
202400042632,155 706 681,B01,2.0,7.0,0,2,4,9,1.0,
202400042633,155 706 680,B01,2.0,7.0,0,2,1,1,2.0,
202400042634,155 706 678,B01,3.0,32.0,0,2,8,15,1.0,
202400042635,155 706 674,A01,1.0,7.0,0,2,8,9,1.0,
202400042636,155 706 673,B01,1.0,7.0,0,2,4,1,1.0,
202400042637,155 706 672,A01,1.0,7.0,0,1,1,16,1.0,
202400042638,155 706 668,A01,3.0,7.0,0,1,3,10,1.0,
202400042639,155 706 667,B01,1.0,1.0,0,9,1,21,5.0,
202400042640,155 706 666,A01,0.0,7.0,1,0,1,0,1.0,
202400042641,155 706 664,A01,2.0,7.0,0,1,4,4,1.0,
202400042642,155 706 662,A01,1.0,17.0,0,1,8,1,1.0,
202400042643,155 706 663,A01,3.0,33.0,0,2,1,1,1.0,
202400042644,155 706 660,B01,1.0,7.0,0,2,3,10,1.0,
202400042645,155 706 657,A01,2.0,50.0,0,2,4,1,3.0,
202400042646,155 706 654,A01,2.0,7.0,0,0,4,2,1.0,
202400042647,155 706 653,B01,1.0,80.0,0,0,8,26,3.0,
202400042648,155 706 651,A01,2.0,7.0,0,2,3,13,0.0,
202400042649,155 706 649,A01,1.0,7.0,0,2,3,2,1.0,
202400042650,155 706 647,B01,1.0,1.0,0,2,1,16,5.0,
202400042651,155 706 646,A01,3.0,7.0,3,0,9,1,1.0,
202400042652,155 706 645,A01,2.0,7.0,4,0,2,1,1.0,
202400042653,155 706 643,A01,2.0,3.0,9,0,2,13,1.0,
202400042654,155 706 642,B01,2.0,7.0,0,2,6,15,1.0,
202400042655,155 706 640,B01,1.0,7.0,0,2,1,2,1.0,
202400042656,155 706 639,A01,1.0,7.0,0,1,1,1,1.0,
202400042657,155 706 636,B01,3.0,10.0,0,2,8,23,1.0,
202400042658,155 706 634,B01,1.0,7.0,0,2,4,1,1.0,
202400042659,155 706 631,A01,1.0,7.0,0,1,8,1,1.0,
202400042660,155 706 629,C01,2.0,7.0,0,2,1,26,1.0,
202400042661,155 706 626,D01,1.0,7.0,0,2,1,2,1.0,
202400042662,155 706 625,A01,2.0,40.0,2,1,2,1,3.0,
202400042663,155 706 622,Z01,1.0,10.0,0,2,3,18,1.0,
202400042664,155 706 621,A01,1.0,33.0,15,2,1,12,1.0,
202400042665,155 706 620,A01,1.0,7.0,0,0,9,26,1.0,
202400042666,155 706 618,A01,1.0,31.0,0,2,7,17,1.0,
202400042667,155 706 616,B01,1.0,7.0,6,2,8,2,1.0,
202400042668,155 706 614,A01,1.0,7.0,4,0,6,1,1.0,
202400042669,155 706 613,A01,3.0,7.0,0,2,2,1,1.0,
202400042670,155 706 610,A01,1.0,33.0,0,2,1,13,1.0,
202400042671,155 706 609,B01,0.0,7.0,0,2,7,0,1.0,
202400042672,155 706 605,A01,1.0,7.0,0,2,4,1,,
202400042673,155 706 604,A01,1.0,7.0,0,2,3,13,1.0,
202400042674,155 706 601,B01,1.0,33.0,0,2,1,17,1.0,
202400042675,155 706 602,A01,3.0,7.0,6,2,2,1,1.0,
202400042676,155 706 599,A01,0.0,2.0,0,1,0,0,1.0,
202400042677,155 706 598,B01,2.0,7.0,0,2,2,1,1.0,
202400042678,155 706 597,A01,3.0,7.0,0,1,2,0,1.0,
202400042679,155 706 593,A01,2.0,7.0,0,2,7,1,1.0,
202400042680,155 706 594,A01,2.0,7.0,0,0,5,23,1.0,
202400042681,155 706 592,A01,3.0,7.0,2,0,1,14,1.0,
202400042682,155 706 591,A01,1.0,7.0,0,1,1,13,1.0,
202400042683,155 706 589,A01,2.0,7.0,0,1,2,16,1.0,
202400042684,155 706 588,A01,1.0,7.0,0,2,7,13,1.0,
202400042685,155 706 587,A01,1.0,33.0,3,0,7,14,1.0,
202400042686,155 706 585,B01,1.0,33.0,0,2,2,1,1.0,
202400042687,155 706 584,A01,1.0,7.0,0,1,0,4,1.0,
202400042688,155 706 582,B01,2.0,33.0,0,2,1,21,1.0,
202400042689,155 706 580,B01,2.0,7.0,0,2,1,2,1.0,
202400042690,155 706 578,A01,1.0,7.0,0,2,1,16,2.0,
202400042691,155 706 575,A01,1.0,7.0,0,2,1,1,1.0,
202400042692,155 706 574,A01,1.0,33.0,0,0,0,4,1.0,
202400042693,155 706 572,A01,1.0,7.0,6,0,1,13,1.0,
202400042694,155 706 571,A01,2.0,7.0,0,2,8,2,1.0,
202400042695,155 706 569,A01,1.0,7.0,0,2,1,1,1.0,
202400042696,155 706 567,A01,3.0,7.0,0,2,2,2,1.0,
202400042697,155 706 566,A01,1.0,7.0,0,1,1,19,0.0,
202400042698,155 706 565,A01,1.0,7.0,0,1,1,1,1.0,
202400042699,155 706 563,A01,1.0,1.0,0,2,8,1,5.0,
202400042700,155 706 562,A01,1.0,7.0,0,1,2,1,1.0,
202400042701,155 706 561,A01,2.0,33.0,12,0,1,1,1.0,
202400042702,155 706 560,A01,3.0,7.0,0,1,1,19,1.0,
202400042703,155 706 559,A01,1.0,50.0,0,1,1,2,3.0,
202400042704,155 706 557,A01,3.0,7.0,0,2,3,13,1.0,
202400042705,155 706 554,A01,2.0,33.0,0,2,8,1,1.0,
202400042706,155 706 552,B01,3.0,7.0,0,2,3,1,1.0,
202400042707,155 706 551,A01,3.0,7.0,14,0,2,21,1.0,
202400042708,155 706 549,A01,2.0,50.0,0,1,1,1,3.0,
202400042709,155 706 548,B01,2.0,10.0,0,2,4,0,0.0,
202400042710,155 706 546,A01,2.0,7.0,0,2,1,1,1.0,
202400042711,155 706 543,A01,1.0,7.0,0,2,1,17,1.0,
202400042712,155 706 542,B01,1.0,31.0,0,2,1,0,1.0,
202400042713,155 706 541,A01,2.0,7.0,0,1,2,0,1.0,
202400042714,155 706 539,B01,1.0,30.0,0,0,0,0,1.0,
202400042715,155 706 538,A01,0.0,10.0,0,1,1,16,1.0,
202400042716,155 706 535,B01,1.0,10.0,0,2,3,1,1.0,
202400042717,155 706 536,A01,3.0,7.0,0,1,3,15,1.0,
202400042718,155 706 532,A01,2.0,37.0,0,2,3,17,1.0,1
202400042719,155 706 531,A01,2.0,7.0,0,2,2,1,1.0,
202400042720,155 706 528,A01,1.0,7.0,0,1,1,1,1.0,
202400042721,155 706 529,A01,3.0,0.0,0,2,0,16,0.0,
202400042722,155 706 525,A01,1.0,7.0,0,2,1,15,1.0,
202400042723,155 706 524,A01,2.0,10.0,6,0,9,1,1.0,
202400042724,155 706 522,A01,1.0,7.0,0,2,2,0,1.0,
202400042725,155 706 521,A01,1.0,33.0,12,0,7,14,1.0,
202400042726,155 706 519,A01,2.0,33.0,0,2,1,1,1.0,
202400042727,155 706 517,B01,3.0,13.0,0,2,7,16,1.0,
202400042728,155 706 515,A01,3.0,34.0,0,2,3,10,1.0,
202400042729,155 706 513,A01,2.0,7.0,0,2,2,15,1.0,
202400042730,155 706 511,B01,2.0,1.0,0,2,1,12,5.0,
202400042731,155 706 509,A01,3.0,7.0,0,2,1,1,1.0,
202400042732,155 706 508,A01,3.0,7.0,8,0,1,14,1.0,
202400042733,155 706 507,A01,1.0,37.0,0,1,5,1,2.0,1
202400042734,155 706 505,A01,3.0,7.0,0,2,4,23,1.0,
202400042735,155 706 501,A01,2.0,7.0,0,2,1,1,1.0,
202400042736,155 706 499,A01,3.0,7.0,0,2,2,26,1.0,
202400042737,155 706 498,Z01,0.0,30.0,0,1,2,1,0.0,
202400042738,155 706 496,A01,1.0,33.0,0,2,1,1,1.0,
202400042739,155 706 495,A01,0.0,7.0,0,1,1,0,0.0,
202400042740,155 706 493,A01,1.0,7.0,0,2,2,9,1.0,
202400042741,155 706 492,A01,1.0,3.0,16,0,2,1,1.0,
202400042742,155 706 491,A01,1.0,1.0,0,0,0,2,5.0,
202400042743,155 706 490,A01,1.0,1.0,15,0,0,0,5.0,
202400042744,155 706 488,B01,2.0,7.0,0,9,3,1,1.0,
202400042745,155 706 487,A01,3.0,10.0,0,1,4,4,1.0,
202400042746,155 706 486,A01,3.0,7.0,0,1,2,16,1.0,
202400042747,155 706 484,A01,2.0,33.0,0,0,8,0,1.0,
202400042748,155 706 482,A01,1.0,7.0,0,0,4,1,1.0,
202400042749,155 706 480,A01,1.0,31.0,0,0,1,2,1.0,
202400042750,155 706 479,A01,3.0,1.0,2,0,1,1,5.0,
202400042751,155 706 475,D01,3.0,7.0,0,2,1,1,1.0,
202400042752,155 706 473,A01,2.0,7.0,0,2,3,13,1.0,
202400042753,155 706 471,A01,1.0,10.0,0,2,3,1,1.0,
202400042754,155 706 470,A01,1.0,7.0,13,6,1,21,3.0,
202400042755,155 706 469,A01,2.0,7.0,2,0,0,1,1.0,
202400042756,155 706 468,A01,1.0,7.0,2,0,1,1,1.0,
202400042757,155 706 467,A01,0.0,7.0,6,0,2,0,2.0,
202400042758,155 706 465,A01,2.0,7.0,0,2,8,15,1.0,
202400042759,155 706 464,A01,1.0,7.0,0,1,2,20,1.0,
202400042760,155 706 463,A01,1.0,7.0,1,0,1,1,1.0,
202400042761,155 706 461,A01,3.0,7.0,0,0,6,15,1.0,
202400042762,155 706 459,B01,2.0,80.0,0,0,6,1,3.0,
202400042763,155 706 457,A01,1.0,7.0,0,2,3,13,1.0,
202400042764,155 706 455,B01,2.0,33.0,0,2,3,1,1.0,
202400042765,155 706 454,A01,1.0,7.0,0,1,2,1,2.0,
202400042766,155 706 453,A01,1.0,33.0,0,1,2,1,1.0,
202400042767,155 706 452,A01,2.0,1.0,0,1,1,1,5.0,
202400042768,155 706 451,Z01,1.0,32.0,0,1,0,1,1.0,
202400042769,155 706 450,A01,2.0,7.0,0,1,1,1,1.0,
202400042770,155 706 449,A01,3.0,14.0,0,1,0,0,0.0,
202400042771,155 706 448,A01,0.0,10.0,0,1,0,1,1.0,
202400042772,155 706 446,A01,1.0,10.0,0,2,6,11,1.0,
202400042773,155 706 444,B01,2.0,7.0,0,2,1,1,1.0,
202400042774,155 706 442,A01,3.0,7.0,0,2,1,0,2.0,
202400042775,155 706 440,A01,1.0,30.0,0,2,1,1,1.0,
202400042776,155 706 438,B01,3.0,37.0,12,2,1,2,1.0,1
202400042777,155 706 437,A01,1.0,7.0,0,1,2,16,1.0,
202400042778,155 706 435,B01,0.0,7.0,0,2,8,1,1.0,
202400042779,155 706 433,B01,0.0,1.0,0,2,4,15,5.0,
202400042780,155 706 432,A01,1.0,34.0,0,1,1,19,1.0,
202400042781,155 706 430,A01,2.0,7.0,0,2,1,1,1.0,
202400042782,155 706 428,A01,3.0,1.0,0,2,7,1,5.0,
202400042783,155 706 426,B01,3.0,7.0,0,2,1,1,1.0,
202400042784,155 706 425,A01,3.0,32.0,0,1,2,1,1.0,
202400042785,155 706 423,A01,0.0,7.0,0,0,2,20,1.0,
202400042786,155 706 421,A01,2.0,50.0,0,2,1,1,3.0,
202400042787,155 706 419,A01,3.0,1.0,0,2,8,1,5.0,
202400042788,155 706 417,A01,1.0,7.0,0,2,2,1,1.0,
202400042789,155 706 414,A01,1.0,7.0,2,2,2,17,1.0,
202400042790,155 706 413,A01,3.0,7.0,0,1,2,16,1.0,
202400042791,155 706 410,A01,2.0,7.0,0,2,3,1,1.0,
202400042792,155 706 408,B01,1.0,7.0,0,2,3,1,1.0,
202400042793,155 706 406,A01,2.0,7.0,0,2,1,1,1.0,
202400042794,155 706 404,B01,0.0,7.0,0,2,3,1,1.0,
202400042795,155 706 402,A01,2.0,7.0,0,2,1,13,1.0,
202400042796,155 706 400,A01,1.0,7.0,0,2,3,1,1.0,
202400042797,155 706 399,A01,2.0,10.0,1,1,2,2,1.0,
202400042798,155 706 398,A01,1.0,10.0,0,1,3,1,1.0,
202400042799,155 706 397,A01,1.0,7.0,13,0,2,0,1.0,
202400042800,155 706 395,A01,2.0,7.0,0,2,1,1,1.0,
202400042801,155 706 393,A01,2.0,7.0,0,2,3,1,1.0,
202400042802,155 706 391,A01,2.0,7.0,2,0,7,1,1.0,
202400042803,155 706 390,A01,1.0,7.0,0,0,1,1,1.0,
202400042804,155 706 388,A01,1.0,7.0,0,2,3,13,1.0,
202400042805,155 706 387,A01,1.0,7.0,13,0,3,1,1.0,
202400042806,155 706 386,A01,2.0,15.0,3,0,7,26,1.0,
202400042807,155 706 384,A01,2.0,7.0,0,2,8,1,1.0,
202400042808,155 706 380,C01,1.0,15.0,0,2,4,1,1.0,
202400042809,155 706 379,A01,2.0,38.0,0,0,0,24,6.0,7
202400042810,155 706 378,A01,1.0,7.0,0,0,1,0,1.0,
202400042811,155 706 377,A01,2.0,7.0,3,0,1,2,1.0,
202400042812,155 706 376,A01,3.0,10.0,0,1,6,20,0.0,
202400042813,155 706 374,A01,2.0,7.0,0,2,1,17,1.0,
202400042814,155 706 373,A01,1.0,7.0,0,1,2,1,1.0,
202400042815,155 706 372,A01,1.0,7.0,0,1,1,1,1.0,
202400042816,155 706 371,A01,2.0,7.0,6,0,2,1,1.0,
202400042817,155 706 368,C01,1.0,7.0,0,2,6,0,1.0,
202400042818,155 706 366,B01,1.0,15.0,0,0,4,2,1.0,
202400042819,155 706 365,A01,1.0,7.0,2,0,1,1,1.0,
202400042820,155 706 364,A01,1.0,7.0,2,0,1,1,1.0,
202400042821,155 706 362,A01,2.0,7.0,0,2,1,19,1.0,
202400042822,155 706 361,A01,1.0,7.0,8,0,8,0,1.0,
202400042823,155 706 358,C01,1.0,7.0,0,2,1,2,1.0,
202400042824,155 706 355,A01,1.0,7.0,0,2,1,1,1.0,
202400042825,155 706 353,A01,2.0,7.0,3,2,3,2,1.0,
202400042826,155 706 351,A01,1.0,7.0,3,0,3,1,1.0,
202400042827,155 706 349,B01,1.0,7.0,0,2,4,23,1.0,
202400042828,155 706 347,A01,1.0,31.0,0,2,1,2,1.0,
202400042829,155 706 346,A01,3.0,7.0,0,1,1,0,1.0,
202400042830,155 706 345,A01,1.0,7.0,12,0,1,1,2.0,
202400042831,155 706 343,B01,1.0,7.0,0,2,2,1,2.0,
202400042832,155 706 341,A01,1.0,30.0,0,2,3,1,1.0,
202400042833,155 706 339,B01,2.0,50.0,0,2,1,3,3.0,
202400042834,155 706 338,A01,1.0,7.0,15,0,3,13,1.0,
202400042835,155 706 337,A01,1.0,7.0,2,0,6,21,1.0,
202400042836,155 706 335,B01,1.0,7.0,0,2,1,1,1.0,
202400042837,155 706 333,A01,3.0,7.0,0,2,3,15,1.0,
202400042838,155 706 331,A01,1.0,37.0,7,2,1,26,1.0,2
202400042839,155 706 330,A01,1.0,30.0,0,0,1,1,1.0,
202400042840,155 706 328,A01,2.0,7.0,0,2,3,13,1.0,
202400042841,155 706 321,A01,1.0,7.0,0,2,3,11,1.0,
202400042842,155 706 320,A01,0.0,50.0,12,0,7,1,3.0,
202400042843,155 706 319,A01,2.0,50.0,0,1,1,1,3.0,
202400042844,155 706 318,A01,2.0,7.0,0,1,2,19,0.0,
202400042845,155 706 317,A01,1.0,99.0,8,0,2,26,1.0,
202400042846,155 706 312,C01,1.0,7.0,0,2,6,23,1.0,
202400042847,155 706 313,B01,1.0,33.0,0,2,1,1,1.0,
202400042848,155 706 310,A01,2.0,7.0,0,1,1,1,1.0,
202400042849,155 706 309,A01,2.0,33.0,0,2,1,3,1.0,
202400042850,155 706 308,B01,2.0,7.0,0,0,1,1,1.0,
202400042851,155 706 303,C01,1.0,7.0,0,2,3,1,1.0,
202400042852,155 706 302,A01,2.0,10.0,0,2,7,12,1.0,
202400042853,155 706 300,A01,3.0,7.0,1,0,2,16,1.0,
202400042854,155 706 299,A01,1.0,7.0,0,2,1,1,1.0,
202400042855,155 706 296,B01,2.0,1.0,0,2,1,1,5.0,
202400042856,155 706 295,A01,2.0,7.0,0,2,3,19,1.0,
202400042857,155 706 294,A01,3.0,10.0,0,0,0,1,1.0,
202400042858,155 706 292,A01,1.0,7.0,8,0,9,1,1.0,
202400042859,155 706 293,Z01,1.0,10.0,0,1,7,2,0.0,
202400042860,155 706 289,A01,1.0,7.0,0,2,1,1,1.0,
202400042861,155 706 290,A01,3.0,10.0,0,1,8,15,1.0,
202400042862,155 706 287,B01,1.0,7.0,0,2,1,15,0.0,
202400042863,155 706 286,Z01,1.0,7.0,0,1,2,0,2.0,
202400042864,155 706 284,A01,0.0,7.0,0,1,2,1,1.0,
202400042865,155 706 283,B01,1.0,7.0,0,2,2,1,1.0,
202400042866,155 706 282,A01,3.0,50.0,0,2,1,0,3.0,
202400042867,155 706 280,B01,1.0,30.0,0,2,7,17,1.0,
202400042868,155 706 279,A01,3.0,10.0,0,1,1,1,0.0,
202400042869,155 706 275,B01,2.0,7.0,0,2,1,1,1.0,
202400042870,155 706 276,A01,1.0,10.0,0,2,2,16,1.0,
202400042871,155 706 273,A01,2.0,7.0,0,2,1,15,1.0,
202400042872,155 706 269,A01,1.0,7.0,0,2,1,15,1.0,
202400042873,155 706 270,B01,3.0,31.0,0,2,2,15,1.0,
202400042874,155 706 268,A01,1.0,7.0,1,0,8,21,1.0,
202400042875,155 706 266,A01,1.0,33.0,0,1,0,13,1.0,
202400042876,155 706 265,A01,1.0,7.0,0,2,2,1,1.0,
202400042877,155 706 264,A01,2.0,10.0,3,0,9,6,1.0,
202400042878,155 706 263,A01,1.0,7.0,10,0,3,1,1.0,
202400042879,155 706 260,B01,1.0,2.0,0,2,1,1,1.0,
202400042880,155 706 259,A01,1.0,7.0,0,2,2,14,1.0,
202400042881,155 706 258,A01,1.0,7.0,11,0,0,14,1.0,
202400042882,155 706 256,A01,1.0,7.0,0,1,2,1,1.0,
202400042883,155 706 253,A01,3.0,7.0,8,0,3,15,1.0,
202400042884,155 706 254,B01,2.0,10.0,0,2,4,1,3.0,
202400042885,155 706 252,A01,1.0,7.0,0,9,3,2,1.0,