Num_Acc,id_vehicule,num_veh,senc,catv,obs,obsm,choc,manv,motor,occutc
202400042886,155 706 251,A01,3.0,7.0,0,1,1,1,1.0,
202400042887,155 706 249,A01,1.0,1.0,12,2,1,1,5.0,
202400042888,155 706 246,B01,3.0,50.0,0,2,8,19,3.0,
202400042889,155 706 245,A01,2.0,7.0,0,2,1,9,1.0,
202400042890,155 706 241,B01,1.0,1.0,0,2,1,15,5.0,
202400042891,155 706 240,A01,2.0,2.0,0,2,1,1,1.0,
202400042892,155 706 239,B01,2.0,10.0,0,2,7,1,1.0,
202400042893,155 706 238,A01,1.0,7.0,0,1,3,1,0.0,
202400042894,155 706 236,B01,2.0,7.0,0,2,1,1,1.0,
202400042895,155 706 233,A01,1.0,7.0,0,2,1,26,1.0,
202400042896,155 706 232,B01,3.0,2.0,0,2,1,1,1.0,
202400042897,155 706 230,A01,2.0,7.0,0,1,3,1,1.0,
202400042898,155 706 229,A01,3.0,7.0,0,2,2,15,1.0,
202400042899,155 706 227,A01,1.0,1.0,12,0,1,1,5.0,
202400042900,155 706 226,A01,3.0,7.0,0,1,3,17,1.0,
202400042901,155 706 225,A01,3.0,50.0,0,2,2,5,3.0,
202400042902,155 706 222,Z01,0.0,7.0,0,2,0,0,0.0,
202400042903,155 706 218,A01,1.0,7.0,0,2,1,2,1.0,
202400042904,155 706 219,B01,1.0,7.0,0,2,3,9,1.0,
202400042905,155 706 216,A01,3.0,7.0,0,2,1,1,1.0,
202400042906,155 706 215,A01,0.0,50.0,12,0,1,19,3.0,
202400042907,155 706 211,A01,0.0,1.0,12,0,1,1,5.0,
202400042908,155 706 212,A01,1.0,7.0,0,2,2,11,1.0,
202400042909,155 706 210,B01,1.0,7.0,0,2,3,1,1.0,
202400042910,155 706 209,A01,1.0,7.0,0,1,2,1,1.0,
202400042911,155 706 208,A01,1.0,50.0,0,1,1,1,3.0,
202400042912,155 706 207,A01,1.0,7.0,0,1,3,1,1.0,
202400042913,155 706 204,A01,1.0,7.0,0,2,3,15,1.0,
202400042914,155 706 202,B01,1.0,32.0,0,2,3,1,1.0,
202400042915,155 706 201,A01,2.0,7.0,0,2,0,15,1.0,
202400042916,155 706 200,A01,1.0,50.0,12,0,1,1,3.0,
202400042917,155 706 197,A01,2.0,7.0,0,2,7,12,3.0,
202400042918,155 706 195,B01,2.0,33.0,0,2,1,1,1.0,
202400042919,155 706 194,A01,3.0,7.0,0,1,0,0,1.0,
202400042920,155 706 190,A01,2.0,33.0,0,2,1,18,1.0,
202400042921,155 706 189,A01,3.0,1.0,0,2,1,1,5.0,
202400042922,155 706 188,B01,2.0,50.0,0,2,7,1,3.0,
202400042923,155 706 187,A01,3.0,33.0,0,1,1,1,1.0,
202400042924,155 706 185,A01,0.0,1.0,0,1,1,1,5.0,
202400042925,155 706 182,B01,3.0,10.0,0,2,4,23,1.0,
202400042926,155 706 181,A01,2.0,7.0,0,2,3,20,1.0,
202400042927,155 706 180,A01,1.0,7.0,0,1,1,1,1.0,
202400042928,155 706 176,A01,1.0,7.0,0,2,7,16,1.0,
202400042929,155 706 175,B01,1.0,7.0,0,2,3,26,1.0,
202400042930,155 706 174,B01,1.0,31.0,0,2,1,1,1.0,
202400042931,155 706 172,A01,0.0,10.0,8,0,3,1,1.0,
202400042932,155 706 171,A01,2.0,10.0,0,1,1,1,1.0,
202400042933,155 706 170,A01,2.0,7.0,0,2,1,1,1.0,
202400042934,155 706 167,A01,1.0,7.0,0,1,3,16,2.0,
202400042935,155 706 168,A01,1.0,31.0,0,2,3,13,1.0,
202400042936,155 706 166,A01,2.0,7.0,0,1,2,14,1.0,
202400042937,155 706 163,A01,2.0,50.0,0,2,9,1,3.0,
202400042938,155 706 164,A01,2.0,7.0,6,0,1,1,1.0,
202400042939,155 706 162,A01,2.0,13.0,0,1,2,1,3.0,
202400042940,155 706 159,A01,2.0,1.0,0,2,1,14,5.0,
202400042941,155 706 158,B01,1.0,7.0,0,2,3,1,1.0,
202400042942,155 706 155,A01,2.0,7.0,0,2,1,15,1.0,
202400042943,155 706 154,A01,2.0,38.0,0,1,3,1,1.0,1
202400042944,155 706 152,A01,1.0,30.0,0,1,1,1,1.0,
202400042945,155 706 151,A01,1.0,7.0,13,0,1,2,1.0,
202400042946,155 706 153,B01,2.0,7.0,0,2,1,2,1.0,
202400042947,155 706 148,A01,2.0,7.0,0,2,2,1,1.0,
202400042948,155 706 145,A01,2.0,7.0,0,2,1,1,1.0,
202400042949,155 706 141,A01,1.0,7.0,0,2,2,14,1.0,
202400042950,155 706 143,A01,3.0,31.0,8,0,1,0,1.0,
202400042951,155 706 142,B01,2.0,7.0,0,2,2,17,1.0,
202400042952,155 706 140,A01,1.0,33.0,0,0,7,1,1.0,
202400042953,155 706 137,A01,2.0,7.0,0,1,1,1,1.0,
202400042954,155 706 138,A01,1.0,7.0,0,1,1,1,1.0,
202400042955,155 706 139,A01,1.0,99.0,4,0,3,1,1.0,
202400042956,155 706 135,B01,3.0,7.0,0,2,3,1,1.0,
202400042957,155 706 136,A01,2.0,10.0,0,1,4,4,1.0,
202400042958,155 706 133,A01,1.0,7.0,0,2,3,5,1.0,
202400042959,155 706 131,A01,2.0,7.0,0,2,3,10,0.0,
202400042960,155 706 130,A01,1.0,40.0,0,1,1,1,3.0,
202400042961,155 706 126,B01,3.0,7.0,0,2,1,9,1.0,
202400042962,155 706 125,A01,2.0,7.0,0,2,4,1,1.0,
202400042963,155 706 123,A01,2.0,7.0,0,0,0,1,1.0,
202400042964,155 706 122,B01,2.0,31.0,0,2,1,1,0.0,
202400042965,155 706 119,A01,1.0,7.0,2,0,7,1,0.0,
202400042966,155 706 118,B01,1.0,2.0,0,2,1,17,3.0,
202400042967,155 706 117,A01,0.0,7.0,0,2,0,1,1.0,
202400042968,155 706 115,A01,2.0,7.0,13,0,2,14,1.0,
202400042969,155 706 114,B01,3.0,33.0,0,2,8,11,1.0,
202400042970,155 706 110,B01,3.0,37.0,0,2,2,1,1.0,1
202400042971,155 706 112,A01,3.0,80.0,13,0,4,25,3.0,
202400042972,155 706 109,B01,2.0,2.0,0,2,7,16,1.0,
202400042973,155 706 107,B01,0.0,31.0,0,2,1,17,1.0,
202400042974,155 706 103,B01,1.0,7.0,0,2,1,2,1.0,
202400042975,155 706 100,A01,1.0,7.0,0,2,2,15,1.0,
202400042976,155 706 102,B01,2.0,7.0,0,2,3,1,1.0,
202400042977,155 706 104,A01,2.0,2.0,0,0,0,19,1.0,
202400042978,155 706 099,A01,1.0,7.0,0,1,1,21,1.0,
202400042979,155 706 095,B01,3.0,7.0,0,2,3,15,1.0,
202400042980,155 706 098,A01,1.0,32.0,0,1,1,1,1.0,
202400042981,155 706 094,A01,1.0,7.0,0,2,5,10,1.0,
202400042982,155 706 093,A01,1.0,33.0,6,0,1,1,1.0,
202400042983,155 706 089,A01,2.0,7.0,0,2,1,0,1.0,
202400042984,155 706 090,A01,1.0,17.0,2,0,3,13,1.0,
202400042985,155 706 088,B01,2.0,15.0,0,2,6,2,1.0,
202400042986,155 706 086,B01,2.0,33.0,0,2,1,1,0.0,
202400042987,155 706 084,A01,1.0,30.0,0,1,1,26,1.0,
202400042988,155 706 083,A01,1.0,14.0,6,0,1,1,1.0,
202400042989,155 706 081,B01,2.0,7.0,0,2,5,23,1.0,
202400042990,155 706 085,A01,1.0,7.0,13,0,4,1,1.0,
202400042991,155 706 080,A01,1.0,43.0,12,0,1,1,1.0,
202400042992,155 706 077,A01,3.0,30.0,0,2,1,1,1.0,
202400042993,155 706 075,A01,2.0,7.0,0,2,2,14,1.0,
202400042994,155 706 078,A01,3.0,30.0,0,0,7,2,1.0,
202400042995,155 706 074,A01,1.0,7.0,6,0,3,1,1.0,
202400042996,155 706 072,Z01,2.0,1.0,0,2,3,1,5.0,
202400042997,155 706 069,A01,1.0,50.0,0,2,1,2,3.0,
202400042998,155 706 071,A01,3.0,13.0,0,0,0,15,0.0,
202400042999,155 706 068,A01,1.0,7.0,4,0,2,1,1.0,
202400043000,155 706 064,A01,0.0,37.0,0,2,6,1,1.0,1
202400043001,155 706 062,A01,1.0,10.0,0,2,1,13,1.0,
202400043002,155 706 063,A01,1.0,7.0,0,0,5,19,1.0,
202400043003,155 706 060,A01,1.0,7.0,0,0,3,1,1.0,
202400043004,155 706 061,A01,2.0,1.0,0,1,1,1,5.0,
202400043005,155 706 057,A01,2.0,7.0,2,0,1,1,1.0,
202400043006,155 706 058,B01,1.0,7.0,6,2,3,1,1.0,
202400043007,155 706 056,A01,1.0,7.0,1,1,3,1,0.0,
202400043008,155 706 054,A01,1.0,2.0,0,1,1,1,3.0,
202400043009,155 706 053,A01,1.0,7.0,0,9,3,15,1.0,
202400043010,155 706 051,A01,1.0,10.0,0,2,3,13,1.0,
202400043011,155 706 048,B01,1.0,21.0,0,2,3,1,1.0,
202400043012,155 706 049,Z01,2.0,1.0,0,1,8,1,5.0,
202400043013,155 706 047,A01,1.0,7.0,0,6,1,1,2.0,
202400043014,155 706 046,A01,1.0,7.0,0,1,2,1,1.0,
202400043015,155 706 045,A01,2.0,32.0,12,0,8,15,1.0,
202400043016,155 706 043,A01,1.0,21.0,16,0,9,1,1.0,
202400043017,155 706 042,A01,2.0,33.0,1,0,1,5,1.0,
202400043018,155 706 041,A01,1.0,7.0,0,1,7,1,0.0,
202400043019,155 706 037,A01,2.0,7.0,0,2,1,1,1.0,
202400043020,155 706 036,A01,2.0,7.0,0,2,3,13,1.0,
202400043021,155 706 032,B01,1.0,80.0,0,2,2,1,3.0,
202400043022,155 706 031,A01,2.0,34.0,0,2,1,17,1.0,
202400043023,155 706 024,A01,1.0,7.0,0,9,1,0,1.0,
202400043024,155 706 025,A01,1.0,32.0,0,1,1,21,1.0,
202400043025,155 706 023,A01,1.0,7.0,7,2,1,1,1.0,
202400043026,155 706 021,A01,2.0,7.0,0,2,2,2,1.0,
202400043027,155 706 018,B01,2.0,7.0,0,2,8,17,1.0,
202400043028,155 706 015,A01,0.0,2.0,0,2,1,0,0.0,
202400043029,155 706 016,A01,1.0,7.0,3,0,1,1,1.0,
202400043030,155 706 014,A01,3.0,7.0,0,1,8,23,1.0,
202400043031,155 706 012,A01,3.0,7.0,0,2,3,13,1.0,
202400043032,155 706 010,A01,1.0,1.0,0,0,1,1,5.0,
202400043033,155 706 009,A01,0.0,10.0,0,1,5,26,1.0,
202400043034,155 706 007,A01,1.0,7.0,0,1,7,17,1.0,
202400043035,155 706 008,A01,2.0,7.0,1,0,1,1,1.0,
202400043036,155 706 003,B01,1.0,60.0,0,2,6,19,5.0,
202400043037,155 706 004,A01,3.0,13.0,13,0,3,1,1.0,
202400043038,155 706 001,A01,0.0,2.0,0,0,0,1,1.0,
202400043039,155 706 002,B01,0.0,7.0,0,2,1,15,1.0,
202400043040,155 705 997,A01,2.0,33.0,0,2,6,15,1.0,
202400043041,155 705 996,A01,1.0,1.0,0,2,1,13,5.0,
202400043042,155 705 995,A01,1.0,7.0,0,2,2,19,3.0,
202400043043,155 705 992,A01,1.0,7.0,0,2,6,9,1.0,
202400043044,155 705 990,B01,2.0,7.0,0,2,3,1,1.0,
202400043045,155 705 989,A01,0.0,10.0,0,1,5,4,1.0,
202400043046,155 705 984,A01,1.0,7.0,0,2,1,19,1.0,
202400043047,155 705 983,A01,2.0,7.0,0,2,3,26,2.0,
202400043048,155 705 981,A01,2.0,10.0,0,2,1,13,1.0,
202400043049,155 705 985,B01,2.0,7.0,0,2,1,1,1.0,
202400043050,155 705 979,A01,1.0,7.0,17,0,1,13,1.0,
202400043051,155 705 978,A01,1.0,7.0,0,2,3,15,1.0,
202400043052,155 705 976,A01,2.0,7.0,0,2,1,1,1.0,
202400043053,155 705 972,A01,1.0,7.0,0,2,2,17,1.0,
202400043054,155 705 971,A01,1.0,7.0,0,2,7,17,0.0,
202400043055,155 705 969,A01,2.0,7.0,16,0,2,1,1.0,
202400043056,155 705 968,A01,1.0,7.0,0,0,4,1,1.0,
202400043057,155 705 967,A01,1.0,7.0,9,0,0,1,1.0,
202400043058,155 705 962,B01,0.0,7.0,0,2,0,23,0.0,
202400043059,155 705 964,A01,2.0,7.0,2,0,2,1,1.0,
202400043060,155 705 963,A01,2.0,10.0,0,2,3,1,1.0,
202400043061,155 705 960,A01,1.0,7.0,0,2,2,0,1.0,
202400043062,155 705 959,A01,2.0,7.0,8,0,1,1,1.0,
202400043063,155 705 956,A01,0.0,7.0,2,0,3,0,1.0,
202400043064,155 705 954,A01,1.0,7.0,13,2,3,13,1.0,
202400043065,155 705 955,A01,1.0,7.0,0,2,2,15,1.0,
202400043066,155 705 953,A01,1.0,10.0,2,0,1,1,1.0,
202400043067,155 705 952,A01,2.0,33.0,0,0,7,1,1.0,
202400043068,155 705 948,B01,1.0,7.0,0,0,6,1,1.0,
202400043069,155 705 949,A01,1.0,7.0,0,2,7,0,1.0,
202400043070,155 705 945,B01,2.0,7.0,0,2,1,2,1.0,
202400043071,155 705 946,A01,1.0,7.0,0,2,3,1,1.0,
202400043072,155 705 942,B01,2.0,1.0,0,2,8,2,5.0,
202400043073,155 705 943,A01,1.0,7.0,0,1,1,1,1.0,
202400043074,155 705 941,A01,2.0,10.0,0,1,1,1,1.0,
202400043075,155 705 937,A01,2.0,7.0,0,2,3,13,1.0,
202400043076,155 705 936,A01,1.0,7.0,0,9,1,1,1.0,
202400043077,155 705 935,A01,2.0,15.0,0,2,1,1,1.0,
202400043078,155 705 932,B01,3.0,7.0,0,2,7,19,2.0,
202400043079,155 705 931,B01,1.0,7.0,0,0,3,1,1.0,
202400043080,155 705 929,A01,1.0,33.0,0,0,0,1,1.0,
202400043081,155 705 930,A01,1.0,3.0,6,0,1,13,1.0,
202400043082,155 705 928,A01,2.0,7.0,13,0,1,12,1.0,
202400043083,155 705 926,A01,3.0,7.0,13,0,9,14,1.0,
202400043084,155 705 925,A01,1.0,33.0,13,0,1,1,1.0,
202400043085,155 705 923,A01,3.0,33.0,8,0,1,0,1.0,
202400043086,155 705 922,A01,2.0,7.0,8,2,4,19,1.0,
202400043087,155 705 921,A01,2.0,21.0,0,1,1,1,0.0,
202400043088,155 705 920,A01,2.0,15.0,0,2,3,1,1.0,
202400043089,155 705 917,A01,0.0,7.0,2,0,8,0,1.0,
202400043090,155 705 916,A01,3.0,99.0,0,0,0,2,6.0,
202400043091,155 705 915,A01,1.0,7.0,0,2,1,15,1.0,
202400043092,155 705 911,A01,0.0,80.0,0,0,8,0,3.0,
202400043093,155 705 909,A01,1.0,7.0,0,2,7,1,1.0,
202400043094,155 705 910,C01,1.0,7.0,0,2,0,1,1.0,
202400043095,155 705 908,A01,0.0,33.0,0,0,0,1,1.0,
202400043096,155 705 906,A01,1.0,7.0,0,2,2,1,1.0,
202400043097,155 705 900,B01,2.0,3.0,12,2,2,1,3.0,
202400043098,155 705 902,A01,2.0,7.0,4,2,1,0,1.0,
202400043099,155 705 898,A01,1.0,37.0,0,2,3,1,1.0,1
202400043100,155 705 899,A01,2.0,33.0,0,2,1,1,1.0,
202400043101,155 705 897,A01,2.0,7.0,16,0,1,5,1.0,
202400043102,155 705 896,A01,3.0,7.0,13,0,7,17,1.0,
202400043103,155 705 893,A01,1.0,10.0,0,2,1,2,1.0,
202400043104,155 705 886,A01,1.0,7.0,0,0,9,21,1.0,
202400043105,155 705 885,C01,2.0,7.0,0,2,1,0,0.0,
202400043106,155 705 884,A01,1.0,7.0,0,2,9,1,1.0,
202400043107,155 705 881,A01,3.0,31.0,14,0,1,1,1.0,
202400043108,155 705 879,D01,1.0,10.0,0,2,4,1,1.0,
202400043109,155 705 877,A01,1.0,7.0,0,2,1,2,1.0,
202400043110,155 705 876,A01,2.0,33.0,0,2,0,1,1.0,
202400043111,155 705 872,A01,1.0,10.0,0,2,8,9,1.0,
202400043112,155 705 869,B01,2.0,10.0,0,2,4,1,1.0,
202400043113,155 705 871,B01,0.0,33.0,0,2,8,1,1.0,
202400043114,155 705 868,A01,1.0,33.0,0,2,1,2,1.0,
202400043115,155 705 863,B01,2.0,7.0,0,2,4,2,1.0,
202400043116,155 705 864,A01,1.0,33.0,0,0,8,16,1.0,
202400043117,155 705 861,A01,1.0,7.0,17,0,1,1,1.0,
202400043118,155 705 862,A01,1.0,10.0,0,2,3,15,1.0,
202400043119,155 705 858,A01,2.0,33.0,0,0,3,1,1.0,
202400043120,155 705 857,A01,3.0,33.0,15,0,1,14,1.0,
202400043121,155 705 859,A01,1.0,7.0,4,0,1,0,1.0,
202400043122,155 705 856,B01,1.0,7.0,4,2,6,2,1.0,
202400043123,155 705 854,A01,2.0,7.0,2,0,1,0,2.0,
202400043124,155 705 851,A01,1.0,7.0,0,2,7,1,1.0,
202400043125,155 705 848,A01,1.0,7.0,4,2,9,6,1.0,
202400043126,155 705 846,A01,1.0,33.0,13,0,1,13,1.0,
202400043127,155 705 844,A01,2.0,7.0,0,0,3,9,1.0,
202400043128,155 705 845,A01,1.0,7.0,0,2,1,1,1.0,
202400043129,155 705 842,A01,2.0,10.0,0,2,2,14,1.0,
202400043130,155 705 836,B01,2.0,7.0,0,2,2,1,1.0,
202400043131,155 705 833,B01,1.0,7.0,0,2,3,15,1.0,
202400043132,155 705 835,A01,2.0,33.0,0,2,1,3,1.0,
202400043133,155 705 829,A01,0.0,33.0,0,0,0,1,1.0,
202400043134,155 705 827,A01,1.0,7.0,13,0,3,1,1.0,
202400043135,155 705 826,A01,2.0,7.0,0,2,1,2,1.0,
202400043136,155 705 825,A01,2.0,7.0,0,2,1,2,1.0,
202400043137,155 705 824,B01,1.0,7.0,8,2,4,1,1.0,
202400043138,155 705 820,A01,2.0,14.0,3,0,1,1,1.0,
202400043139,155 705 819,A01,2.0,7.0,0,2,1,2,1.0,
202400043140,155 705 818,A01,1.0,33.0,0,0,8,1,1.0,
202400043141,155 705 817,A01,3.0,7.0,0,2,1,6,1.0,
202400043142,155 705 813,A01,2.0,7.0,0,2,1,1,1.0,
202400043143,155 705 812,B01,1.0,21.0,0,2,6,1,1.0,
202400043144,155 705 810,B01,2.0,7.0,0,2,2,12,1.0,
202400043145,155 705 811,A01,1.0,33.0,6,0,1,1,1.0,
202400043146,155 705 809,A01,1.0,10.0,0,1,0,1,1.0,
202400043147,155 705 807,A01,2.0,7.0,0,2,1,26,1.0,
202400043148,155 705 803,A01,1.0,7.0,7,0,0,1,1.0,
202400043149,155 705 801,A01,2.0,7.0,4,0,1,1,1.0,
202400043150,155 705 800,B01,1.0,7.0,0,2,1,2,2.0,
202400043151,155 705 799,A01,1.0,7.0,0,1,1,0,0.0,
202400043152,155 705 798,A01,2.0,33.0,0,2,1,17,1.0,
202400043153,155 705 797,A01,1.0,7.0,4,0,1,1,1.0,
202400043154,155 705 795,A01,1.0,7.0,4,0,1,1,1.0,
202400043155,155 705 794,A01,1.0,7.0,0,2,9,13,1.0,
202400043156,155 705 792,A01,2.0,7.0,4,0,0,0,1.0,
202400043157,155 705 793,A01,1.0,7.0,13,0,3,2,1.0,
202400043158,155 705 791,A01,2.0,7.0,13,0,0,13,1.0,
202400043159,155 705 789,A01,1.0,7.0,13,0,1,1,1.0,
202400043160,155 705 787,A01,3.0,7.0,0,1,2,9,1.0,
202400043161,155 705 786,A01,2.0,33.0,16,0,8,1,1.0,
202400043162,155 705 788,A01,0.0,10.0,12,2,0,0,1.0,
202400043163,155 705 785,A01,0.0,7.0,8,0,0,0,1.0,
202400043164,155 705 781,A01,3.0,60.0,0,2,8,19,5.0,
202400043165,155 705 778,A01,3.0,2.0,0,2,1,1,1.0,
202400043166,155 705 776,A01,1.0,7.0,0,2,1,1,1.0,
202400043167,155 705 777,A01,1.0,7.0,15,0,1,13,1.0,
202400043168,155 705 774,A01,2.0,7.0,0,1,1,16,1.0,
202400043169,155 705 773,A01,2.0,2.0,0,0,4,1,1.0,
202400043170,155 705 765,A01,2.0,33.0,0,2,1,17,1.0,
202400043171,155 705 766,A01,1.0,33.0,0,2,1,13,1.0,
202400043172,155 705 764,B01,1.0,7.0,0,2,6,2,1.0,
202400043173,155 705 763,A01,1.0,2.0,0,0,0,0,1.0,
202400043174,155 705 762,B01,2.0,30.0,0,2,3,0,1.0,
202400043175,155 705 757,A01,1.0,7.0,0,2,1,1,1.0,
202400043176,155 705 756,A01,1.0,7.0,0,2,3,20,0.0,
202400043177,155 705 755,A01,2.0,7.0,8,0,1,1,1.0,
202400043178,155 705 754,A01,1.0,7.0,0,2,3,1,1.0,
202400043179,155 705 749,A01,1.0,7.0,0,1,3,15,1.0,
202400043180,155 705 748,B01,1.0,7.0,0,2,4,9,1.0,
202400043181,155 705 743,A01,2.0,7.0,0,2,1,1,1.0,
202400043182,155 705 745,A01,1.0,7.0,0,2,3,19,1.0,
202400043183,155 705 742,B01,1.0,7.0,0,2,1,1,1.0,
202400043184,155 705 735,A01,2.0,7.0,0,2,1,2,1.0,
202400043185,155 705 736,A01,1.0,7.0,3,2,2,17,1.0,
202400043186,155 705 733,A01,1.0,2.0,0,1,1,1,3.0,
202400043187,155 705 734,A01,1.0,3.0,0,2,9,9,1.0,
202400043188,155 705 731,A01,3.0,33.0,0,1,1,5,1.0,
202400043189,155 705 726,A01,1.0,7.0,4,0,3,2,1.0,
202400043190,155 705 721,A01,2.0,7.0,0,9,2,2,1.0,
202400043191,155 705 722,A01,3.0,7.0,0,2,1,1,1.0,
202400043192,155 705 723,A01,2.0,7.0,3,2,1,26,1.0,
202400043193,155 705 720,C01,2.0,7.0,0,2,1,2,1.0,
202400043194,155 705 718,A01,2.0,7.0,0,1,3,21,1.0,
202400043195,155 705 719,A01,1.0,32.0,11,0,0,13,3.0,
202400043196,155 705 717,A01,1.0,7.0,0,1,1,1,2.0,
202400043197,155 705 712,A01,1.0,7.0,0,1,3,26,1.0,
202400043198,155 705 710,B01,2.0,7.0,0,2,4,1,1.0,
202400043199,155 705 711,A01,1.0,33.0,0,2,1,3,1.0,
202400043200,155 705 709,B01,2.0,1.0,0,2,1,1,5.0,
202400043201,155 705 708,FB01,1.0,33.0,0,1,1,1,1.0,
202400043202,155 705 703,A01,1.0,7.0,16,0,9,13,1.0,
202400043203,155 705 706,A01,3.0,33.0,0,2,0,0,0.0,
202400043204,155 705 702,A01,2.0,7.0,0,2,2,9,1.0,
202400043205,155 705 700,A01,1.0,33.0,0,2,1,17,1.0,
202400043206,155 705 701,A01,1.0,7.0,0,1,1,15,1.0,
202400043207,155 705 699,A01,3.0,33.0,0,0,0,0,1.0,
202400043208,155 705 696,A01,1.0,10.0,0,2,5,12,1.0,
202400043209,155 705 695,A01,0.0,7.0,13,0,2,1,1.0,
202400043210,155 705 694,B01,1.0,31.0,0,2,3,1,1.0,
202400043211,155 705 691,A01,2.0,7.0,0,2,2,15,1.0,
202400043212,155 705 687,A01,1.0,37.0,0,2,1,1,0.0,2
202400043213,155 705 690,A01,0.0,7.0,15,0,1,26,1.0,
202400043214,155 705 688,B01,3.0,1.0,2,0,2,1,5.0,
202400043215,155 705 685,A01,1.0,7.0,9,2,5,1,2.0,
202400043216,155 705 684,A01,3.0,7.0,0,2,1,1,1.0,
202400043217,155 705 682,A01,2.0,1.0,6,0,3,1,5.0,
202400043218,155 705 679,A01,2.0,7.0,0,1,1,1,1.0,
202400043219,155 705 681,B01,1.0,37.0,0,0,4,23,1.0,1
202400043220,155 705 677,A01,1.0,33.0,0,0,0,0,1.0,
202400043221,155 705 678,A01,1.0,7.0,0,2,5,12,1.0,
202400043222,155 705 675,A01,1.0,14.0,0,1,3,0,0.0,
202400043223,155 705 672,A01,2.0,31.0,0,2,6,1,1.0,
202400043224,155 705 671,A01,1.0,33.0,0,2,1,0,1.0,
202400043225,155 705 667,B01,3.0,2.0,0,2,1,1,1.0,
202400043226,155 705 670,B01,1.0,33.0,0,2,2,17,1.0,
202400043227,155 705 665,A01,2.0,7.0,0,2,4,26,1.0,
202400043228,155 705 664,A01,2.0,7.0,0,2,4,23,1.0,
202400043229,155 705 663,A01,3.0,7.0,0,1,3,1,1.0,
202400043230,155 705 659,A01,2.0,10.0,0,2,2,17,1.0,
202400043231,155 705 655,B01,3.0,7.0,0,2,3,15,1.0,
202400043232,155 705 653,A01,2.0,7.0,0,2,7,12,0.0,
202400043233,155 705 657,A01,1.0,1.0,0,2,1,1,5.0,
202400043234,155 705 652,B01,2.0,33.0,0,2,7,1,1.0,
202400043235,155 705 649,A01,3.0,33.0,0,2,1,2,1.0,
202400043236,155 705 648,B01,3.0,7.0,0,2,4,1,1.0,
202400043237,155 705 645,A01,1.0,31.0,0,2,1,2,1.0,
202400043238,155 705 646,A01,2.0,1.0,0,1,1,1,5.0,
202400043239,155 705 642,B01,2.0,15.0,0,2,6,1,1.0,
202400043240,155 705 641,A01,0.0,7.0,0,2,3,1,1.0,
202400043241,155 705 639,A01,3.0,7.0,0,1,1,1,1.0,
202400043242,155 705 637,A01,1.0,30.0,0,2,3,15,1.0,
202400043243,155 705 635,B01,1.0,1.0,0,2,8,9,5.0,
202400043244,155 705 634,A01,3.0,10.0,0,2,1,13,1.0,
202400043245,155 705 627,A01,1.0,7.0,0,1,4,1,1.0,
202400043246,155 705 631,A01,3.0,1.0,0,2,1,14,5.0,
202400043247,155 705 628,B01,3.0,33.0,0,2,2,1,1.0,
202400043248,155 705 625,B01,1.0,1.0,9,2,6,19,0.0,
202400043249,155 705 623,A01,2.0,7.0,0,2,1,15,1.0,
202400043250,155 705 621,A01,3.0,7.0,0,1,2,17,1.0,
202400043251,155 705 622,A01,2.0,7.0,0,1,1,15,1.0,
202400043252,155 705 619,B01,2.0,7.0,0,2,1,1,1.0,
202400043253,155 705 618,A01,2.0,7.0,0,1,2,26,1.0,
202400043254,155 705 616,B01,1.0,7.0,0,2,1,1,1.0,
202400043255,155 705 617,A01,3.0,7.0,0,1,1,15,1.0,
202400043256,155 705 615,B01,1.0,7.0,0,1,7,26,1.0,
202400043257,155 705 609,B01,1.0,2.0,0,0,4,0,1.0,
202400043258,155 705 610,A01,1.0,7.0,0,1,2,1,1.0,
202400043259,155 705 611,B01,1.0,7.0,0,2,0,0,1.0,
202400043260,155 705 607,A01,3.0,7.0,13,0,8,2,1.0,
202400043261,155 705 604,A01,1.0,1.0,0,0,0,1,5.0,
202400043262,155 705 605,A01,1.0,1.0,8,0,1,1,5.0,
202400043263,155 705 603,B01,3.0,7.0,0,2,5,1,1.0,
202400043264,155 705 600,A01,1.0,10.0,0,2,4,26,0.0,
202400043265,155 705 597,B01,2.0,33.0,0,2,1,1,1.0,
202400043266,155 705 596,A01,1.0,7.0,0,2,3,16,1.0,
202400043267,155 705 595,A01,1.0,7.0,0,1,0,0,0.0,
202400043268,155 705 590,A01,2.0,2.0,0,2,8,13,1.0,
202400043269,155 705 602,A01,3.0,21.0,0,1,6,1,1.0,
202400043270,155 705 592,A01,2.0,7.0,13,0,1,13,1.0,
202400043271,155 705 586,A01,2.0,7.0,0,2,3,16,1.0,
202400043272,155 705 584,A01,1.0,7.0,0,2,3,15,1.0,
202400043273,155 705 583,A01,1.0,7.0,0,2,1,13,1.0,
202400043274,155 705 582,A01,1.0,33.0,8,0,1,14,1.0,
202400043275,155 705 581,A01,3.0,7.0,0,2,7,1,1.0,
202400043276,155 705 579,A01,1.0,7.0,0,1,3,20,1.0,
202400043277,155 705 576,B01,1.0,7.0,0,2,3,15,1.0,
202400043278,155 705 577,A01,1.0,7.0,0,0,2,1,1.0,
202400043279,155 705 574,A01,3.0,50.0,0,0,1,1,3.0,
202400043280,155 705 573,A01,1.0,7.0,0,2,3,15,1.0,
202400043281,155 705 569,A01,2.0,10.0,0,9,3,15,1.0,
202400043282,155 705 571,A01,1.0,1.0,3,0,2,14,5.0,