Num_Acc,id_vehicule,num_veh,senc,catv,obs,obsm,choc,manv,motor,occutc
202400043283,155 705 564,A01,3.0,33.0,0,2,1,17,1.0,
202400043284,155 705 568,A01,2.0,50.0,0,2,1,1,3.0,
202400043285,155 705 563,A01,2.0,7.0,0,2,1,1,1.0,
202400043286,155 705 561,A01,2.0,7.0,0,2,4,2,1.0,
202400043287,155 705 558,A01,1.0,7.0,0,2,1,1,0.0,
202400043288,155 705 556,A01,1.0,32.0,12,1,1,1,1.0,
202400043289,155 705 557,B01,1.0,10.0,0,2,1,1,1.0,
202400043290,155 705 554,A01,1.0,3.0,1,0,3,1,1.0,
202400043291,155 705 555,A01,1.0,7.0,2,0,9,2,1.0,
202400043292,155 705 550,A01,2.0,7.0,0,2,1,2,1.0,
202400043293,155 705 549,A01,1.0,17.0,0,0,9,1,1.0,
202400043294,155 705 547,A01,3.0,50.0,0,2,3,19,3.0,
202400043295,155 705 548,A01,1.0,7.0,0,2,2,13,1.0,
202400043296,155 705 544,B01,1.0,7.0,0,2,3,1,0.0,
202400043297,155 705 541,B01,1.0,7.0,0,2,3,0,1.0,
202400043298,155 705 540,A01,3.0,7.0,0,2,5,23,1.0,
202400043299,155 705 537,B01,1.0,7.0,0,2,8,1,1.0,
202400043300,155 705 535,A01,2.0,33.0,0,1,4,25,1.0,
202400043301,155 705 538,A01,1.0,7.0,2,0,1,0,1.0,
202400043302,155 705 533,A01,1.0,33.0,13,0,8,1,1.0,
202400043303,155 705 534,B01,2.0,7.0,0,2,4,2,1.0,
202400043304,155 705 531,A01,2.0,7.0,6,2,3,16,1.0,
202400043305,155 705 529,A01,1.0,7.0,0,0,1,5,1.0,
202400043306,155 705 527,A01,1.0,7.0,0,1,8,1,1.0,
202400043307,155 705 526,A01,1.0,7.0,0,1,7,1,1.0,
202400043308,155 705 525,B01,2.0,2.0,0,2,1,1,1.0,
202400043309,155 705 522,B01,3.0,33.0,0,2,8,1,1.0,
202400043310,155 705 523,A01,1.0,33.0,0,0,1,1,0.0,
202400043311,155 705 519,A01,2.0,33.0,15,0,9,14,1.0,
202400043312,155 705 518,A01,1.0,7.0,0,9,3,24,2.0,
202400043313,155 705 517,A01,2.0,7.0,0,2,1,13,1.0,
202400043314,155 705 516,A01,1.0,7.0,0,1,2,0,1.0,
202400043315,155 705 514,A01,,7.0,7,0,1,26,1.0,
202400043316,155 705 512,A01,1.0,7.0,2,0,2,1,0.0,
202400043317,155 705 511,A01,1.0,1.0,4,0,0,1,5.0,
202400043318,155 705 509,A01,1.0,7.0,0,2,7,15,1.0,
202400043319,155 705 506,A01,1.0,1.0,0,0,0,1,5.0,
202400043320,155 705 505,B01,1.0,7.0,0,2,1,1,1.0,
202400043321,155 705 504,B01,3.0,50.0,0,2,1,19,3.0,
202400043322,155 705 503,A01,0.0,7.0,2,0,1,0,1.0,
202400043323,155 705 500,A01,3.0,7.0,0,2,2,1,1.0,
202400043324,155 705 502,A01,1.0,7.0,0,0,0,1,1.0,
202400043325,155 705 498,B01,2.0,7.0,0,2,1,1,1.0,
202400043326,155 705 497,A01,3.0,33.0,0,0,0,14,1.0,
202400043327,155 705 496,B01,1.0,7.0,0,2,1,1,1.0,
202400043328,155 705 493,A01,1.0,7.0,0,2,3,13,1.0,
202400043329,155 705 491,A01,0.0,7.0,0,2,3,15,1.0,
202400043330,155 705 490,A01,3.0,7.0,0,1,0,1,0.0,
202400043331,155 705 489,A01,1.0,2.0,0,2,8,15,1.0,
202400043332,155 705 487,A01,3.0,10.0,0,1,5,26,1.0,
202400043333,155 705 486,A01,1.0,7.0,0,2,1,15,1.0,
202400043334,155 705 485,A01,2.0,7.0,0,1,6,1,2.0,
202400043335,155 705 482,A01,0.0,10.0,0,2,0,0,1.0,
202400043336,155 705 480,B01,2.0,36.0,0,2,3,1,1.0,
202400043337,155 705 481,A01,3.0,1.0,0,0,0,1,5.0,
202400043338,155 705 478,A01,1.0,32.0,0,2,7,1,1.0,
202400043339,155 705 477,A01,3.0,10.0,0,1,2,3,0.0,
202400043340,155 705 475,A01,0.0,2.0,0,1,1,1,1.0,
202400043341,155 705 473,A01,2.0,7.0,0,2,2,21,1.0,
202400043342,155 705 471,A01,2.0,7.0,0,1,4,2,1.0,
202400043343,155 705 468,A01,0.0,7.0,0,0,9,9,1.0,
202400043344,155 705 467,A01,1.0,7.0,0,2,1,1,1.0,
202400043345,155 705 465,A01,3.0,2.0,0,2,2,26,0.0,
202400043346,155 705 464,A01,1.0,7.0,0,2,1,15,1.0,
202400043347,155 705 460,Z01,0.0,7.0,0,2,1,0,0.0,
202400043348,155 705 459,A01,1.0,14.0,0,2,1,1,1.0,
202400043349,155 705 456,B01,2.0,7.0,0,2,8,1,1.0,
202400043350,155 705 452,A01,2.0,7.0,0,2,7,1,1.0,
202400043351,155 705 453,A01,1.0,7.0,0,0,4,23,1.0,
202400043352,155 705 451,A01,1.0,7.0,0,2,2,1,1.0,
202400043353,155 705 450,A01,1.0,7.0,0,1,1,15,1.0,
202400043354,155 705 446,A01,2.0,30.0,0,2,1,1,1.0,
202400043355,155 705 444,A01,1.0,7.0,0,2,3,1,1.0,
202400043356,155 705 438,A01,2.0,7.0,0,2,7,10,1.0,
202400043357,155 705 435,B01,3.0,80.0,0,2,2,19,3.0,
202400043358,155 705 432,A01,1.0,7.0,0,2,3,17,1.0,
202400043359,155 705 428,A01,0.0,10.0,0,0,1,0,1.0,
202400043360,155 705 426,A01,3.0,30.0,8,2,7,26,1.0,
202400043361,155 705 425,B01,1.0,1.0,0,9,4,2,5.0,
202400043362,155 705 423,A01,1.0,7.0,6,0,1,1,2.0,
202400043363,155 705 424,A01,1.0,7.0,2,0,1,26,1.0,
202400043364,155 705 420,A01,2.0,31.0,13,0,3,16,1.0,
202400043365,155 705 421,A01,0.0,33.0,3,0,2,1,1.0,
202400043366,155 705 418,B01,1.0,7.0,15,2,6,1,1.0,
202400043367,155 705 416,A01,2.0,7.0,0,2,3,26,1.0,
202400043368,155 705 414,A01,2.0,33.0,0,2,1,2,1.0,
202400043369,155 705 412,A01,1.0,7.0,6,0,1,1,1.0,
202400043370,155 705 413,B01,1.0,33.0,0,2,7,3,1.0,
202400043371,155 705 409,A01,2.0,33.0,0,2,8,1,1.0,
202400043372,155 705 408,A01,0.0,7.0,0,2,8,1,1.0,
202400043373,155 705 405,B01,2.0,10.0,0,2,4,1,0.0,
202400043374,155 705 407,A01,1.0,31.0,12,0,5,1,1.0,
202400043375,155 705 403,A01,1.0,7.0,10,9,1,1,1.0,
202400043376,155 705 401,A01,2.0,7.0,0,2,1,1,1.0,
202400043377,155 705 397,B01,1.0,14.0,0,2,4,1,1.0,
202400043378,155 705 396,A01,1.0,33.0,0,2,1,3,1.0,
202400043379,155 705 395,A01,1.0,7.0,4,0,1,1,1.0,
202400043380,155 705 394,A01,1.0,7.0,6,0,3,1,1.0,
202400043381,155 705 389,A01,1.0,33.0,0,2,2,18,1.0,
202400043382,155 705 390,A01,2.0,7.0,0,2,2,12,1.0,
202400043383,155 705 386,A01,1.0,33.0,4,0,7,1,1.0,
202400043384,155 705 388,A01,2.0,7.0,0,2,1,0,1.0,
202400043385,155 705 379,A01,3.0,1.0,0,2,1,1,5.0,
202400043386,155 705 380,A01,2.0,10.0,0,2,1,2,1.0,
202400043387,155 705 378,A01,1.0,7.0,3,2,2,1,1.0,
202400043388,155 705 377,A01,2.0,7.0,0,2,1,2,1.0,
202400043389,155 705 374,A01,3.0,7.0,0,2,4,1,1.0,
202400043390,155 705 369,A01,1.0,7.0,4,2,1,0,1.0,
202400043391,155 705 365,A01,1.0,1.0,14,1,1,1,5.0,
202400043392,155 705 366,A01,1.0,10.0,0,2,4,2,1.0,
202400043393,155 705 363,A01,1.0,7.0,6,0,1,13,1.0,
202400043394,155 705 357,A01,3.0,7.0,8,2,6,15,2.0,
202400043395,155 705 354,A01,1.0,7.0,0,2,1,13,1.0,
202400043396,155 705 355,A01,2.0,7.0,2,2,2,14,1.0,
202400043397,155 705 353,A01,3.0,37.0,0,1,2,7,1.0,1
202400043398,155 705 347,A01,3.0,7.0,15,4,2,26,0.0,
202400043399,155 705 350,A01,3.0,7.0,0,2,8,15,1.0,
202400043400,155 705 346,A01,2.0,7.0,0,2,3,13,1.0,
202400043401,155 705 345,B01,1.0,7.0,0,2,6,15,1.0,
202400043402,155 705 342,A01,3.0,37.0,0,2,3,1,2.0,2
202400043403,155 705 340,A01,1.0,7.0,2,0,1,13,1.0,
202400043404,155 705 341,A01,1.0,31.0,0,2,2,17,1.0,
202400043405,155 705 337,A01,2.0,30.0,0,2,1,2,1.0,
202400043406,155 705 334,B01,2.0,33.0,0,2,3,1,1.0,
202400043407,155 705 333,A01,3.0,7.0,0,0,2,0,1.0,
202400043408,155 705 327,A01,1.0,7.0,0,1,1,14,1.0,
202400043409,155 705 328,A01,1.0,7.0,0,2,3,13,1.0,
202400043410,155 705 330,A01,1.0,31.0,0,2,1,2,1.0,
202400043411,155 705 324,A01,0.0,7.0,0,2,3,1,1.0,
202400043412,155 705 325,B01,0.0,50.0,0,2,7,1,3.0,
202400043413,155 705 320,A01,2.0,1.0,0,1,1,1,5.0,
202400043414,155 705 319,A01,2.0,7.0,0,2,3,13,1.0,
202400043415,155 705 317,A01,3.0,33.0,0,0,1,2,1.0,
202400043416,155 705 316,B01,2.0,7.0,0,2,3,16,2.0,
202400043417,155 705 314,A01,2.0,7.0,4,2,3,13,1.0,
202400043418,155 705 313,A01,2.0,37.0,7,0,1,15,1.0,2
202400043419,155 705 312,A01,2.0,7.0,0,2,3,1,1.0,
202400043420,155 705 309,A01,1.0,10.0,0,2,3,1,1.0,
202400043421,155 705 308,A01,1.0,7.0,8,0,1,1,1.0,
202400043422,155 705 306,B01,1.0,33.0,0,2,8,1,1.0,
202400043423,155 705 305,A01,1.0,7.0,0,1,2,1,1.0,
202400043424,155 705 303,A01,3.0,7.0,0,0,1,9,1.0,
202400043425,155 705 301,A01,0.0,7.0,3,0,3,13,1.0,
202400043426,155 705 302,B01,1.0,7.0,0,2,0,0,1.0,
202400043427,155 705 298,A01,2.0,10.0,0,2,1,1,3.0,
202400043428,155 705 296,A01,1.0,7.0,0,0,1,13,1.0,
202400043429,155 705 297,B01,1.0,1.0,0,2,8,1,5.0,
202400043430,155 705 293,A01,2.0,7.0,2,0,9,13,1.0,
202400043431,155 705 288,A01,1.0,2.0,0,0,9,1,1.0,
202400043432,155 705 289,A01,1.0,7.0,0,2,4,1,1.0,
202400043433,155 705 290,B01,1.0,7.0,0,2,1,1,3.0,
202400043434,155 705 283,A01,1.0,33.0,0,0,1,1,1.0,
202400043435,155 705 284,A01,2.0,10.0,0,2,1,13,0.0,
202400043436,155 705 281,A01,1.0,7.0,0,2,2,15,1.0,
202400043437,155 705 278,A01,3.0,31.0,0,0,8,21,1.0,
202400043438,155 705 276,A01,2.0,7.0,0,9,2,2,1.0,
202400043439,155 705 275,B01,3.0,50.0,0,2,0,0,3.0,
202400043440,155 705 271,B01,2.0,21.0,0,2,3,15,1.0,
202400043441,155 705 273,A01,3.0,33.0,0,2,7,15,1.0,
202400043442,155 705 272,A01,1.0,7.0,0,1,2,25,1.0,
202400043443,155 705 268,A01,1.0,33.0,0,0,7,1,1.0,
202400043444,155 705 264,A01,1.0,7.0,0,2,1,1,1.0,
202400043445,155 705 263,B01,1.0,7.0,0,2,1,0,1.0,
202400043446,155 705 262,A01,1.0,7.0,0,2,8,15,2.0,
202400043447,155 705 261,A01,1.0,1.0,13,0,0,1,5.0,
202400043448,155 705 257,A01,0.0,7.0,0,1,1,1,1.0,
202400043449,155 705 258,A01,2.0,31.0,0,0,7,14,1.0,
202400043450,155 705 254,A01,2.0,14.0,0,2,8,1,1.0,
202400043451,155 705 253,B01,1.0,7.0,0,2,3,10,1.0,
202400043452,155 705 251,A01,1.0,7.0,2,0,2,0,1.0,
202400043453,155 705 250,B01,1.0,7.0,0,2,5,1,1.0,
202400043454,155 705 247,A01,2.0,7.0,0,2,1,17,1.0,
202400043455,155 705 248,A01,2.0,7.0,0,1,1,26,1.0,
202400043456,155 705 246,A01,0.0,7.0,1,0,2,0,1.0,
202400043457,155 705 242,A01,2.0,7.0,0,1,1,1,1.0,
202400043458,155 705 244,A01,1.0,7.0,0,1,2,1,1.0,
202400043459,155 705 241,B01,2.0,80.0,0,2,7,1,3.0,
202400043460,155 705 239,A01,3.0,32.0,0,2,1,17,1.0,
202400043461,155 705 236,A01,1.0,10.0,0,2,5,1,1.0,
202400043462,155 705 235,B01,3.0,1.0,0,0,0,0,5.0,
202400043463,155 705 232,A01,2.0,2.0,6,0,8,1,1.0,
202400043464,155 705 231,A01,1.0,7.0,0,2,1,2,1.0,
202400043465,155 705 225,A01,1.0,7.0,0,2,1,1,1.0,
202400043466,155 705 224,B01,2.0,10.0,0,2,4,1,1.0,
202400043467,155 705 223,B01,1.0,7.0,0,2,2,2,1.0,
202400043468,155 705 221,A01,1.0,7.0,0,2,3,1,1.0,
202400043469,155 705 219,A01,2.0,7.0,9,0,2,1,1.0,
202400043470,155 705 220,A01,2.0,7.0,0,2,8,13,0.0,
202400043471,155 705 217,A01,2.0,2.0,0,1,1,0,1.0,
202400043472,155 705 216,A01,1.0,7.0,0,1,1,1,1.0,
202400043473,155 705 214,A01,2.0,33.0,13,0,0,1,1.0,
202400043474,155 705 215,B01,1.0,7.0,0,2,5,1,1.0,
202400043475,155 705 209,A01,2.0,33.0,0,2,8,15,1.0,
202400043476,155 705 208,A01,1.0,7.0,0,1,3,15,1.0,
202400043477,155 705 206,B01,1.0,7.0,0,2,4,23,0.0,
202400043478,155 705 205,A01,0.0,7.0,0,1,3,17,1.0,
202400043479,155 705 202,D01,2.0,1.0,0,2,1,1,5.0,
202400043480,155 705 196,A01,1.0,7.0,0,2,5,20,1.0,
202400043481,155 705 197,A01,2.0,1.0,0,2,1,5,5.0,
202400043482,155 705 189,A01,2.0,7.0,1,0,3,5,1.0,
202400043483,155 705 192,B01,2.0,1.0,0,2,5,16,5.0,
202400043484,155 705 188,B01,3.0,7.0,0,2,4,0,1.0,
202400043485,155 705 187,C01,2.0,7.0,0,2,1,23,1.0,
202400043486,155 705 182,A01,3.0,2.0,0,2,2,12,1.0,
202400043487,155 705 180,A01,1.0,0.0,0,2,3,1,0.0,
202400043488,155 705 181,A01,3.0,7.0,3,0,1,14,1.0,
202400043489,155 705 179,A01,1.0,10.0,0,2,1,2,1.0,
202400043490,155 705 174,A01,1.0,10.0,0,1,3,15,1.0,
202400043491,155 705 172,A01,3.0,33.0,0,2,3,0,1.0,
202400043492,155 705 171,C01,1.0,7.0,0,2,4,2,1.0,
202400043493,155 705 173,A01,1.0,2.0,0,2,1,1,1.0,
202400043494,155 705 169,A01,3.0,33.0,0,2,1,17,1.0,
202400043495,155 705 168,A01,2.0,30.0,0,1,1,17,1.0,
202400043496,155 705 167,A01,1.0,7.0,0,1,2,1,1.0,
202400043497,155 705 163,A01,1.0,7.0,8,0,2,1,1.0,
202400043498,155 705 161,A01,0.0,7.0,0,2,1,9,2.0,
202400043499,155 705 160,A01,2.0,7.0,0,2,3,15,1.0,
202400043500,155 705 162,A01,2.0,7.0,0,0,1,13,1.0,
202400043501,155 705 159,A01,0.0,33.0,6,0,1,1,1.0,
202400043502,155 705 156,A01,1.0,7.0,3,2,3,13,2.0,
202400043503,155 705 157,A01,1.0,34.0,0,0,8,1,1.0,
202400043504,155 705 154,A01,2.0,7.0,2,0,3,1,1.0,
202400043505,155 705 153,B01,1.0,7.0,13,0,6,2,1.0,
202400043506,155 705 150,B01,2.0,1.0,0,9,0,1,5.0,
202400043507,155 705 151,A01,1.0,7.0,1,1,2,14,1.0,
202400043508,155 705 148,B01,3.0,2.0,0,2,1,1,1.0,
202400043509,155 705 145,A01,1.0,2.0,0,0,0,1,1.0,
202400043510,155 705 144,B01,2.0,7.0,0,2,1,1,1.0,
202400043511,155 705 143,B01,1.0,10.0,0,2,7,26,1.0,
202400043512,155 705 142,A01,1.0,7.0,4,0,3,21,1.0,
202400043513,155 705 139,B01,2.0,33.0,0,2,8,1,1.0,
202400043514,155 705 138,A01,3.0,7.0,0,2,2,15,1.0,
202400043515,155 705 137,A01,1.0,7.0,0,0,1,1,1.0,
202400043516,155 705 134,A01,2.0,10.0,0,1,5,4,3.0,
202400043517,155 705 133,B01,1.0,7.0,0,2,2,1,1.0,
202400043518,155 705 132,A01,3.0,7.0,0,2,3,8,1.0,
202400043519,155 705 128,Z01,2.0,7.0,0,1,1,2,1.0,
202400043520,155 705 126,B01,2.0,2.0,0,2,1,1,1.0,
202400043521,155 705 129,A01,1.0,7.0,0,2,4,15,1.0,
202400043522,155 705 123,A01,2.0,7.0,2,0,2,1,1.0,
202400043523,155 705 117,B01,1.0,33.0,0,2,1,1,1.0,
202400043524,155 705 116,B01,2.0,2.0,0,0,4,2,1.0,
202400043525,155 705 118,B01,1.0,37.0,0,2,3,1,1.0,5
202400043526,155 705 113,A01,2.0,7.0,2,0,1,1,1.0,
202400043527,155 705 112,A01,2.0,7.0,0,1,3,1,1.0,
202400043528,155 705 110,B01,1.0,1.0,0,2,7,2,5.0,
202400043529,155 705 107,A01,2.0,7.0,0,2,8,15,1.0,
202400043530,155 705 106,A01,1.0,7.0,0,1,3,1,1.0,
202400043531,155 705 105,A01,3.0,33.0,0,0,3,21,1.0,
202400043532,155 705 104,A01,1.0,10.0,0,1,2,1,1.0,
202400043533,155 705 102,A01,1.0,7.0,0,2,3,0,1.0,
202400043534,155 705 101,A01,1.0,7.0,13,0,2,14,1.0,
202400043535,155 705 098,A01,0.0,10.0,0,2,1,1,1.0,
202400043536,155 705 097,A01,1.0,7.0,0,2,7,15,1.0,
202400043537,155 705 096,A01,0.0,7.0,13,0,1,0,1.0,
202400043538,155 705 095,A01,1.0,7.0,0,1,1,15,1.0,
202400043539,155 705 092,A01,2.0,31.0,6,0,2,14,1.0,
202400043540,155 705 091,A01,1.0,10.0,0,2,2,17,1.0,
202400043541,155 705 090,A01,2.0,1.0,0,2,8,13,5.0,
202400043542,155 705 087,A01,1.0,7.0,0,0,3,5,1.0,
202400043543,155 705 086,A01,3.0,7.0,0,1,1,1,2.0,
202400043544,155 705 084,A01,2.0,7.0,3,2,1,13,1.0,
202400043545,155 705 082,A01,1.0,2.0,0,2,1,3,1.0,
202400043546,155 705 081,A01,1.0,7.0,6,0,3,0,1.0,
202400043547,155 705 079,A01,3.0,33.0,1,0,1,20,1.0,
202400043548,155 705 077,A01,2.0,7.0,0,1,2,2,3.0,
202400043549,155 705 076,B01,2.0,80.0,0,2,7,1,3.0,
202400043550,155 705 074,A01,2.0,32.0,13,0,8,1,1.0,
202400043551,155 705 073,A01,1.0,7.0,0,2,1,14,1.0,
202400043552,155 705 070,A01,1.0,7.0,0,2,2,6,1.0,
202400043553,155 705 067,B01,3.0,7.0,1,2,2,21,1.0,
202400043554,155 705 065,A01,1.0,7.0,0,0,8,15,1.0,
202400043555,155 705 064,B01,2.0,7.0,0,2,1,1,1.0,
202400043556,155 705 066,A01,3.0,7.0,0,1,3,15,2.0,
202400043557,155 705 062,A01,2.0,99.0,0,2,1,23,1.0,
202400043558,155 705 060,A01,1.0,7.0,8,0,3,1,1.0,
202400043559,155 705 059,A01,1.0,33.0,0,2,1,2,1.0,
202400043560,155 705 057,A01,3.0,50.0,0,1,1,1,3.0,
202400043561,155 705 054,A01,0.0,7.0,0,1,1,16,1.0,
202400043562,155 705 053,B01,3.0,7.0,0,2,1,1,1.0,
202400043563,155 705 052,A01,3.0,7.0,0,2,3,13,1.0,
202400043564,155 705 051,A01,1.0,7.0,0,1,5,1,1.0,
202400043565,155 705 047,A01,3.0,7.0,0,9,1,1,1.0,
202400043566,155 705 045,A01,2.0,7.0,0,2,8,10,2.0,
202400043567,155 705 044,A01,2.0,17.0,0,2,1,1,1.0,
202400043568,155 705 041,A01,1.0,7.0,0,9,3,26,1.0,
202400043569,155 705 042,A01,2.0,7.0,0,0,7,19,1.0,
202400043570,155 705 037,A01,1.0,7.0,3,0,1,0,1.0,
202400043571,155 705 036,B01,1.0,2.0,0,2,1,1,0.0,
202400043572,155 705 038,A01,2.0,33.0,0,2,1,13,1.0,
202400043573,155 705 035,A01,1.0,7.0,13,0,2,1,1.0,
202400043574,155 705 034,A01,1.0,1.0,0,0,0,26,5.0,
202400043575,155 705 030,A01,1.0,10.0,13,0,1,1,1.0,
202400043576,155 705 029,A01,1.0,7.0,0,2,9,12,1.0,
202400043577,155 705 028,A01,1.0,7.0,8,0,3,0,1.0,
202400043578,155 705 027,A01,2.0,30.0,0,2,1,1,1.0,
202400043579,155 705 026,A01,1.0,7.0,8,0,1,0,1.0,
202400043580,155 705 024,A01,1.0,7.0,0,5,1,14,1.0,
202400043581,155 705 021,B01,1.0,32.0,0,2,1,13,1.0,
202400043582,155 705 018,A01,1.0,7.0,4,0,1,0,1.0,
202400043583,155 705 017,B01,3.0,50.0,0,2,3,2,3.0,
202400043584,155 705 014,D01,2.0,17.0,0,0,4,1,1.0,
202400043585,155 705 013,A01,3.0,7.0,0,2,1,1,1.0,
202400043586,155 705 011,A01,1.0,7.0,4,0,2,1,1.0,
202400043587,155 705 010,A01,2.0,7.0,0,2,3,11,1.0,
202400043588,155 705 009,A01,2.0,7.0,0,1,1,0,1.0,
202400043589,155 705 005,A01,2.0,7.0,0,2,1,19,1.0,
202400043590,155 705 002,A01,1.0,32.0,0,2,1,1,1.0,
202400043591,155 705 001,B01,1.0,7.0,0,0,1,2,1.0,
202400043592,155 705 000,A01,2.0,33.0,14,0,1,1,1.0,
202400043593,155 704 997,C01,2.0,7.0,0,2,1,1,1.0,
202400043594,155 704 992,Z01,1.0,7.0,0,2,0,0,1.0,
202400043595,155 704 993,B01,1.0,7.0,0,9,2,26,1.0,
202400043596,155 704 989,A01,1.0,33.0,0,1,1,3,1.0,
202400043597,155 704 988,A01,2.0,7.0,4,0,1,1,1.0,
202400043598,155 704 987,A01,2.0,7.0,0,2,2,15,1.0,
202400043599,155 704 984,B01,1.0,7.0,0,2,8,15,1.0,
202400043600,155 704 980,A01,1.0,7.0,0,2,4,23,0.0,
202400043601,155 704 978,A01,0.0,7.0,0,2,1,13,1.0,
202400043602,155 704 979,A01,2.0,7.0,0,1,3,26,1.0,
202400043603,155 704 977,B01,2.0,10.0,0,2,6,1,0.0,
202400043604,155 704 972,A01,2.0,10.0,0,1,2,1,1.0,
202400043605,155 704 975,A01,3.0,50.0,0,2,6,1,3.0,
202400043606,155 704 970,A01,2.0,7.0,0,0,3,15,1.0,
202400043607,155 704 969,A01,1.0,7.0,0,1,8,1,2.0,
202400043608,155 704 967,A01,0.0,10.0,15,0,1,14,1.0,
202400043609,155 704 963,A01,1.0,7.0,0,2,1,13,1.0,
202400043610,155 704 965,A01,1.0,10.0,0,2,1,2,1.0,
202400043611,155 704 959,A01,2.0,33.0,0,2,1,1,1.0,
202400043612,155 704 958,A01,1.0,10.0,0,2,3,0,0.0,
202400043613,155 704 957,A01,1.0,33.0,0,1,1,1,1.0,
202400043614,155 704 955,A01,1.0,7.0,0,0,4,1,1.0,
202400043615,155 704 956,C01,3.0,7.0,0,2,5,1,1.0,
202400043616,155 704 952,A01,1.0,7.0,0,2,3,1,1.0,
202400043617,155 704 949,A01,2.0,7.0,0,0,9,0,1.0,
202400043618,155 704 947,A01,3.0,7.0,0,2,1,1,2.0,
202400043619,155 704 945,C01,1.0,10.0,1,2,4,2,1.0,
202400043620,155 704 941,A01,2.0,2.0,0,0,0,1,1.0,
202400043621,155 704 943,B01,3.0,7.0,0,2,1,1,1.0,
202400043622,155 704 942,A01,3.0,7.0,8,0,2,14,2.0,
202400043623,155 704 938,A01,2.0,33.0,0,2,2,1,1.0,
202400043624,155 704 937,A01,2.0,7.0,0,2,1,2,1.0,
202400043625,155 704 933,A01,1.0,7.0,0,1,4,4,1.0,
202400043626,155 704 934,A01,2.0,7.0,0,2,2,1,1.0,
202400043627,155 704 932,A01,1.0,7.0,2,0,1,1,1.0,
202400043628,155 704 929,A01,1.0,7.0,0,2,1,0,1.0,
202400043629,155 704 928,A01,1.0,7.0,0,2,2,1,1.0,
202400043630,155 704 927,A01,1.0,10.0,8,0,1,1,0.0,
202400043631,155 704 925,A01,1.0,7.0,2,0,1,14,1.0,
202400043632,155 704 924,A01,2.0,2.0,0,0,8,16,1.0,
202400043633,155 704 921,B01,1.0,7.0,0,2,7,15,1.0,
202400043634,155 704 919,A01,1.0,7.0,0,2,7,19,2.0,
202400043635,155 704 918,A01,1.0,7.0,0,2,1,13,1.0,
202400043636,155 704 916,A01,2.0,2.0,0,0,0,1,6.0,
202400043637,155 704 915,A01,2.0,10.0,0,2,2,2,1.0,
202400043638,155 704 912,A01,2.0,7.0,0,0,9,1,1.0,
202400043639,155 704 911,A01,1.0,33.0,0,2,1,2,1.0,
202400043640,155 704 910,A01,1.0,7.0,2,0,8,14,1.0,
202400043641,155 704 909,B01,1.0,7.0,0,2,3,2,1.0,
202400043642,155 704 906,A01,1.0,10.0,0,1,0,1,1.0,
202400043643,155 704 904,A01,1.0,32.0,0,2,1,16,1.0,
202400043644,155 704 905,A01,1.0,33.0,0,2,1,1,1.0,
202400043645,155 704 903,A01,1.0,7.0,13,0,7,1,1.0,
202400043646,155 704 900,A01,1.0,7.0,0,9,8,15,1.0,
202400043647,155 704 901,A01,3.0,10.0,0,1,1,1,1.0,
202400043648,155 704 897,A01,1.0,7.0,6,2,1,1,1.0,
202400043649,155 704 896,A01,2.0,7.0,0,2,1,1,1.0,
202400043650,155 704 894,A01,2.0,7.0,0,2,3,9,1.0,
202400043651,155 704 893,A01,1.0,7.0,0,1,1,1,1.0,
202400043652,155 704 892,A01,1.0,33.0,16,0,0,2,1.0,
202400043653,155 704 889,A01,2.0,7.0,0,2,7,16,1.0,
202400043654,155 704 887,A01,0.0,10.0,0,1,2,1,3.0,
202400043655,155 704 888,A01,1.0,10.0,0,2,2,12,1.0,
202400043656,155 704 884,B01,3.0,7.0,1,1,1,19,1.0,
202400043657,155 704 883,A01,1.0,7.0,0,2,2,15,1.0,
202400043658,155 704 880,A01,2.0,36.0,0,0,9,1,1.0,
202400043659,155 704 879,A01,3.0,7.0,0,2,5,1,1.0,
202400043660,155 704 877,B01,2.0,10.0,0,2,3,1,1.0,
202400043661,155 704 875,B01,1.0,7.0,0,2,3,1,3.0,
202400043662,155 704 873,A01,1.0,7.0,0,1,1,15,1.0,
202400043663,155 704 871,A01,2.0,7.0,4,2,0,1,1.0,
202400043664,155 704 870,A01,2.0,1.0,0,0,0,1,5.0,
202400043665,155 704 868,A01,0.0,7.0,0,1,3,21,2.0,
202400043666,155 704 865,B01,2.0,7.0,0,2,2,12,1.0,
202400043667,155 704 866,A01,2.0,33.0,0,2,8,2,1.0,
202400043668,155 704 863,A01,1.0,7.0,0,2,1,1,1.0,
202400043669,155 704 862,A01,1.0,7.0,0,1,3,1,1.0,
202400043670,155 704 856,A01,1.0,7.0,0,2,4,23,1.0,
202400043671,155 704 855,B01,2.0,7.0,0,2,1,1,1.0,
202400043672,155 704 854,A01,3.0,7.0,0,1,6,4,1.0,
202400043673,155 704 850,B01,2.0,99.0,0,0,4,26,0.0,
202400043674,155 704 847,A01,2.0,7.0,0,2,1,2,1.0,
202400043675,155 704 846,B01,1.0,7.0,0,2,8,1,1.0,
202400043676,155 704 844,A01,1.0,43.0,0,1,1,1,1.0,
202400043677,155 704 845,A01,3.0,7.0,0,0,1,1,1.0,
202400043678,155 704 841,A01,2.0,17.0,0,2,1,2,1.0,
202400043679,155 704 835,B01,1.0,7.0,9,2,4,1,2.0,
202400043680,155 704 837,A01,2.0,7.0,0,1,2,1,1.0,