Num_Acc,id_vehicule,num_veh,senc,catv,obs,obsm,choc,manv,motor,occutc
202400043681,155 704 836,B01,2.0,7.0,0,2,2,14,1.0,
202400043682,155 704 833,A01,2.0,7.0,4,0,8,0,1.0,
202400043683,155 704 828,A01,1.0,80.0,0,9,1,1,3.0,
202400043684,155 704 829,A01,1.0,7.0,0,2,1,2,1.0,
202400043685,155 704 826,A01,1.0,30.0,0,2,1,2,1.0,
202400043686,155 704 824,A01,2.0,7.0,0,2,1,1,1.0,
202400043687,155 704 822,B01,0.0,99.0,0,2,1,5,3.0,
202400043688,155 704 820,A01,3.0,1.0,0,0,3,1,5.0,
202400043689,155 704 812,A01,1.0,37.0,0,2,1,1,1.0,3
202400043690,155 704 810,B01,3.0,1.0,0,2,3,1,5.0,
202400043691,155 704 807,D01,2.0,7.0,0,2,4,23,1.0,
202400043692,155 704 804,A01,2.0,1.0,0,2,3,19,5.0,
202400043693,155 704 803,A01,1.0,30.0,0,0,8,15,1.0,
202400043694,155 704 802,F01,2.0,7.0,0,2,4,1,1.0,
202400043695,155 704 800,A01,1.0,34.0,0,2,1,3,1.0,
202400043696,155 704 795,B01,3.0,7.0,0,2,3,15,1.0,
202400043697,155 704 793,A01,2.0,33.0,0,2,1,1,1.0,
202400043698,155 704 794,B01,2.0,7.0,0,2,5,15,1.0,
202400043699,155 704 792,A01,2.0,7.0,4,0,1,1,1.0,
202400043700,155 704 790,A01,1.0,7.0,1,0,2,0,1.0,
202400043701,155 704 789,A01,2.0,33.0,4,2,1,0,1.0,
202400043702,155 704 786,A01,1.0,7.0,6,0,1,19,1.0,
202400043703,155 704 784,B01,1.0,7.0,0,2,4,1,1.0,
202400043704,155 704 782,B01,1.0,7.0,0,2,4,2,1.0,
202400043705,155 704 781,B01,3.0,7.0,0,2,1,1,1.0,
202400043706,155 704 776,B01,2.0,7.0,0,2,4,2,3.0,
202400043707,155 704 778,A01,2.0,7.0,0,2,1,1,1.0,
202400043708,155 704 775,B01,1.0,7.0,0,2,5,23,1.0,
202400043709,155 704 772,A01,3.0,7.0,0,2,3,16,1.0,
202400043710,155 704 770,A01,2.0,7.0,0,2,8,1,1.0,
202400043711,155 704 768,B01,1.0,7.0,0,2,3,1,1.0,
202400043712,155 704 767,A01,2.0,10.0,0,2,7,1,1.0,
202400043713,155 704 764,B01,1.0,17.0,0,2,7,1,0.0,
202400043714,155 704 763,A01,2.0,7.0,0,2,1,0,1.0,
202400043715,155 704 762,A01,1.0,7.0,15,0,1,21,2.0,
202400043716,155 704 760,B01,2.0,33.0,0,2,8,3,1.0,
202400043717,155 704 757,A01,1.0,10.0,0,2,1,13,1.0,
202400043718,155 704 756,A01,2.0,7.0,0,1,3,1,2.0,
202400043719,155 704 755,B01,1.0,2.0,0,2,1,17,1.0,
202400043720,155 704 750,B01,0.0,7.0,0,2,1,0,1.0,
202400043721,155 704 751,A01,1.0,30.0,0,2,4,15,0.0,
202400043722,155 704 752,Z01,1.0,50.0,0,1,1,1,3.0,
202400043723,155 704 747,A01,1.0,7.0,0,2,3,19,1.0,
202400043724,155 704 744,A01,1.0,10.0,0,1,4,4,1.0,
202400043725,155 704 745,A01,3.0,7.0,0,2,1,1,1.0,
202400043726,155 704 743,A01,1.0,7.0,0,2,7,15,1.0,
202400043727,155 704 740,A01,2.0,40.0,0,1,3,1,3.0,
202400043728,155 704 739,B01,1.0,50.0,0,2,1,1,3.0,
202400043729,155 704 737,B01,2.0,50.0,1,0,1,0,3.0,
202400043730,155 704 736,A01,3.0,10.0,0,2,7,15,1.0,
202400043731,155 704 734,A01,3.0,7.0,0,2,1,1,1.0,
202400043732,155 704 732,A01,1.0,7.0,0,9,0,0,0.0,
202400043733,155 704 731,B01,1.0,43.0,0,2,1,1,1.0,
202400043734,155 704 727,A01,1.0,50.0,0,1,1,25,3.0,
202400043735,155 704 726,A01,1.0,7.0,0,1,3,1,1.0,
202400043736,155 704 728,A01,3.0,7.0,0,2,2,15,0.0,
202400043737,155 704 725,A01,1.0,7.0,1,0,1,0,1.0,
202400043738,155 704 722,A01,1.0,7.0,1,1,1,16,1.0,
202400043739,155 704 720,A01,1.0,2.0,0,2,2,5,1.0,
202400043740,155 704 719,A01,3.0,7.0,0,2,3,1,1.0,
202400043741,155 704 718,B01,3.0,31.0,0,2,5,1,1.0,
202400043742,155 704 717,A01,2.0,7.0,0,1,8,23,2.0,
202400043743,155 704 716,A01,0.0,50.0,5,0,1,1,3.0,
202400043744,155 704 713,A01,2.0,7.0,0,2,3,16,1.0,
202400043745,155 704 712,A01,3.0,13.0,0,2,3,13,1.0,
202400043746,155 704 710,A01,2.0,7.0,0,1,3,15,2.0,
202400043747,155 704 711,A01,2.0,50.0,0,0,0,1,3.0,
202400043748,155 704 706,A01,1.0,7.0,0,1,1,16,1.0,
202400043749,155 704 707,B01,2.0,7.0,0,2,4,15,1.0,
202400043750,155 704 705,A01,1.0,7.0,0,1,7,1,1.0,
202400043751,155 704 704,A01,2.0,50.0,0,2,1,26,3.0,
202400043752,155 704 701,B01,3.0,10.0,0,2,1,16,0.0,
202400043753,155 704 700,A01,2.0,7.0,0,1,2,15,1.0,
202400043754,155 704 698,B01,3.0,7.0,0,2,2,1,1.0,
202400043755,155 704 699,A01,2.0,34.0,0,1,1,1,1.0,
202400043756,155 704 697,A01,0.0,7.0,0,1,4,0,0.0,
202400043757,155 704 695,A01,2.0,7.0,0,1,0,26,1.0,
202400043758,155 704 694,B01,3.0,1.0,0,2,7,13,5.0,
202400043759,155 704 692,A01,3.0,10.0,0,2,3,9,1.0,
202400043760,155 704 689,B01,0.0,7.0,0,0,1,1,1.0,
202400043761,155 704 687,A01,3.0,7.0,0,1,1,1,3.0,
202400043762,155 704 688,A01,2.0,7.0,0,1,3,1,2.0,
202400043763,155 704 686,A01,2.0,7.0,0,2,1,0,1.0,
202400043764,155 704 683,A01,2.0,10.0,0,1,7,16,0.0,
202400043765,155 704 684,A01,1.0,7.0,0,1,1,1,1.0,
202400043766,155 704 682,A01,0.0,7.0,0,2,8,26,1.0,
202400043767,155 704 681,A01,2.0,7.0,0,0,2,1,1.0,
202400043768,155 704 680,A01,1.0,7.0,9,0,1,21,1.0,
202400043769,155 704 679,A01,1.0,1.0,0,9,0,1,5.0,
202400043770,155 704 677,A01,2.0,7.0,0,1,1,15,1.0,
202400043771,155 704 676,A01,1.0,7.0,0,4,1,15,1.0,
202400043772,155 704 674,A01,2.0,1.0,0,2,5,26,5.0,
202400043773,155 704 671,B01,3.0,1.0,0,2,7,0,5.0,
202400043774,155 704 670,A01,2.0,7.0,0,2,2,1,1.0,
202400043775,155 704 668,A01,0.0,32.0,0,2,3,1,1.0,
202400043776,155 704 665,A01,1.0,33.0,0,0,0,0,1.0,
202400043777,155 704 666,B01,1.0,7.0,0,2,1,1,1.0,
202400043778,155 704 663,A01,3.0,7.0,0,1,0,26,1.0,
202400043779,155 704 662,A01,1.0,60.0,0,2,1,9,5.0,
202400043780,155 704 659,A01,2.0,10.0,0,2,8,15,1.0,
202400043781,155 704 655,B01,3.0,1.0,0,2,2,5,5.0,
202400043782,155 704 656,B01,1.0,7.0,0,2,1,1,1.0,
202400043783,155 704 654,A01,3.0,3.0,0,2,1,1,1.0,
202400043784,155 704 653,A01,2.0,7.0,0,1,2,1,1.0,
202400043785,155 704 652,A01,2.0,7.0,0,1,7,25,1.0,
202400043786,155 704 649,A01,2.0,7.0,0,2,2,2,1.0,
202400043787,155 704 648,A01,1.0,7.0,0,1,2,1,1.0,
202400043788,155 704 647,B01,3.0,37.0,0,1,1,2,1.0,1
202400043789,155 704 646,A01,1.0,32.0,0,2,1,5,1.0,
202400043790,155 704 645,A01,2.0,7.0,0,1,1,1,1.0,
202400043791,155 704 643,A01,1.0,7.0,4,0,1,14,1.0,
202400043792,155 704 641,A01,0.0,10.0,0,9,3,26,1.0,
202400043793,155 704 640,B01,2.0,15.0,0,2,1,2,1.0,
202400043794,155 704 639,A01,1.0,10.0,0,1,1,1,1.0,
202400043795,155 704 636,A01,1.0,7.0,0,1,1,1,1.0,
202400043796,155 704 633,A01,2.0,7.0,0,2,2,12,2.0,
202400043797,155 704 631,A01,1.0,7.0,13,0,0,13,1.0,
202400043798,155 704 632,A01,3.0,10.0,0,2,5,15,1.0,
202400043799,155 704 630,B01,2.0,30.0,0,0,1,2,1.0,
202400043800,155 704 627,A01,1.0,80.0,0,0,0,1,3.0,
202400043801,155 704 626,A01,3.0,7.0,0,1,3,1,1.0,
202400043802,155 704 625,B01,1.0,7.0,0,2,4,2,3.0,
202400043803,155 704 623,A01,2.0,7.0,0,2,1,2,1.0,
202400043804,155 704 620,A01,1.0,7.0,0,2,1,2,1.0,
202400043805,155 704 617,A01,2.0,7.0,13,0,5,13,1.0,
202400043806,155 704 615,Z01,1.0,7.0,0,2,1,19,1.0,
202400043807,155 704 616,B01,1.0,10.0,0,2,4,2,1.0,
202400043808,155 704 612,A01,1.0,7.0,0,2,1,2,1.0,
202400043809,155 704 609,A01,0.0,7.0,3,0,1,0,1.0,
202400043810,155 704 607,B01,1.0,7.0,0,2,4,2,1.0,
202400043811,155 704 608,A01,2.0,50.0,0,2,1,1,3.0,
202400043812,155 704 606,A01,3.0,7.0,9,0,3,1,1.0,
202400043813,155 704 604,A01,0.0,7.0,4,0,2,17,0.0,
202400043814,155 704 599,A01,3.0,7.0,13,0,2,1,2.0,
202400043815,155 704 597,A01,1.0,7.0,0,2,2,15,1.0,
202400043816,155 704 598,B01,2.0,31.0,0,2,1,17,1.0,
202400043817,155 704 596,B01,1.0,7.0,0,2,7,1,3.0,
202400043818,155 704 593,B01,3.0,7.0,0,0,8,1,1.0,
202400043819,155 704 589,A01,3.0,50.0,0,2,1,26,3.0,
202400043820,155 704 590,B01,1.0,7.0,0,2,5,2,1.0,
202400043821,155 704 588,A01,3.0,50.0,16,0,1,1,3.0,
202400043822,155 704 587,A01,0.0,10.0,0,1,1,16,3.0,
202400043823,155 704 585,B01,2.0,80.0,0,2,3,11,3.0,
202400043824,155 704 583,B01,1.0,1.0,0,2,6,19,5.0,
202400043825,155 704 584,A01,1.0,7.0,0,1,2,16,2.0,
202400043826,155 704 580,A01,1.0,7.0,2,0,8,1,1.0,
202400043827,155 704 578,A01,2.0,7.0,0,1,3,1,1.0,
202400043828,155 704 577,B01,2.0,32.0,0,2,1,0,1.0,
202400043829,155 704 576,A01,0.0,7.0,0,0,0,1,1.0,
202400043830,155 704 573,B01,2.0,7.0,3,2,8,1,2.0,
202400043831,155 704 571,A01,1.0,1.0,0,0,1,1,5.0,
202400043832,155 704 574,A01,1.0,33.0,12,0,0,13,1.0,
202400043833,155 704 570,B01,3.0,7.0,0,2,3,15,1.0,
202400043834,155 704 569,A01,1.0,7.0,0,1,2,1,1.0,
202400043835,155 704 566,A01,1.0,7.0,0,1,8,21,1.0,
202400043836,155 704 567,Z01,2.0,30.0,0,1,1,1,3.0,
202400043837,155 704 565,B01,2.0,7.0,0,2,3,1,1.0,
202400043838,155 704 563,B01,1.0,7.0,0,2,7,1,1.0,
202400043839,155 704 562,A01,3.0,33.0,4,0,3,0,0.0,
202400043840,155 704 560,A01,0.0,40.0,0,1,1,1,3.0,
202400043841,155 704 559,B01,3.0,32.0,0,2,7,2,1.0,
202400043842,155 704 556,A01,1.0,2.0,0,2,6,2,1.0,
202400043843,155 704 554,A01,2.0,7.0,8,0,3,15,1.0,
202400043844,155 704 551,B01,1.0,7.0,0,2,3,23,2.0,
202400043845,155 704 550,B01,3.0,7.0,0,2,4,23,1.0,
202400043846,155 704 549,A01,3.0,10.0,0,2,3,13,1.0,
202400043847,155 704 545,B01,1.0,7.0,0,2,1,1,1.0,
202400043848,155 704 544,A01,1.0,7.0,0,1,2,1,1.0,
202400043849,155 704 542,B01,2.0,7.0,0,2,1,1,1.0,
202400043850,155 704 543,A01,2.0,7.0,14,0,1,13,1.0,
202400043851,155 704 539,A01,1.0,7.0,0,0,2,16,1.0,
202400043852,155 704 536,A01,3.0,1.0,0,2,7,19,5.0,
202400043853,155 704 535,A01,2.0,50.0,0,2,1,5,3.0,
202400043854,155 704 534,A01,1.0,33.0,0,2,1,1,1.0,
202400043855,155 704 533,Z01,1.0,0.0,0,1,0,1,0.0,
202400043856,155 704 530,A01,3.0,32.0,0,2,1,1,1.0,
202400043857,155 704 531,A01,2.0,33.0,0,0,0,1,1.0,
202400043858,155 704 529,A01,1.0,7.0,0,1,1,15,1.0,
202400043859,155 704 525,A01,1.0,36.0,0,2,0,16,1.0,
202400043860,155 704 524,A01,1.0,7.0,0,2,1,7,1.0,
202400043861,155 704 526,B01,1.0,33.0,0,2,1,17,1.0,
202400043862,155 704 522,A01,2.0,1.0,0,0,0,1,5.0,
202400043863,155 704 521,A01,2.0,7.0,0,2,7,16,1.0,
202400043864,155 704 520,A01,1.0,7.0,0,2,1,2,1.0,
202400043865,155 704 519,A01,3.0,7.0,0,1,1,1,1.0,
202400043866,155 704 517,A01,1.0,7.0,1,0,7,1,0.0,
202400043867,155 704 516,B01,2.0,1.0,1,2,1,1,5.0,
202400043868,155 704 513,A01,3.0,7.0,0,2,1,1,1.0,
202400043869,155 704 512,B01,2.0,3.0,0,2,1,1,1.0,
202400043870,155 704 510,A01,2.0,30.0,0,0,1,1,1.0,
202400043871,155 704 507,A01,2.0,7.0,0,2,1,13,1.0,
202400043872,155 704 505,B01,3.0,10.0,0,2,4,2,1.0,
202400043873,155 704 504,A01,1.0,7.0,0,1,1,1,1.0,
202400043874,155 704 498,A01,1.0,50.0,0,2,8,11,3.0,
202400043875,155 704 499,B01,2.0,7.0,0,2,4,2,1.0,
202400043876,155 704 497,C01,1.0,7.0,0,2,4,23,1.0,
202400043877,155 704 495,A01,3.0,10.0,0,1,2,9,3.0,
202400043878,155 704 494,B01,1.0,7.0,0,2,3,1,1.0,
202400043879,155 704 492,A01,1.0,7.0,0,1,1,1,1.0,
202400043880,155 704 489,C01,1.0,7.0,0,2,5,1,1.0,
202400043881,155 704 488,B01,2.0,7.0,0,2,3,13,1.0,
202400043882,155 704 487,A01,3.0,50.0,0,0,0,1,3.0,
202400043883,155 704 484,A01,1.0,10.0,0,2,1,2,1.0,
202400043884,155 704 485,A01,3.0,2.0,0,0,3,0,1.0,
202400043885,155 704 482,A01,3.0,10.0,0,2,1,2,1.0,
202400043886,155 704 481,A01,2.0,33.0,0,1,5,1,1.0,
202400043887,155 704 480,A01,3.0,7.0,0,1,2,1,1.0,
202400043888,155 704 479,A01,3.0,7.0,0,1,6,20,3.0,
202400043889,155 704 476,B01,3.0,33.0,0,2,0,0,0.0,
202400043890,155 704 477,A01,1.0,50.0,0,0,1,1,3.0,
202400043891,155 704 475,A01,2.0,7.0,1,1,3,1,1.0,
202400043892,155 704 471,A01,1.0,3.0,0,2,7,1,1.0,
202400043893,155 704 470,B01,0.0,1.0,0,2,1,19,5.0,
202400043894,155 704 472,B01,1.0,13.0,0,2,4,23,1.0,
202400043895,155 704 466,A01,2.0,7.0,0,1,2,1,1.0,
202400043896,155 704 468,X01,1.0,7.0,0,2,3,15,1.0,
202400043897,155 704 465,B01,1.0,7.0,0,2,4,0,0.0,
202400043898,155 704 464,A01,1.0,7.0,0,1,7,1,1.0,
202400043899,155 704 463,A01,1.0,7.0,0,1,1,1,0.0,
202400043900,155 704 460,B01,3.0,31.0,0,2,1,3,1.0,
202400043901,155 704 458,A01,3.0,7.0,0,2,1,2,1.0,
202400043902,155 704 457,B01,1.0,10.0,0,2,1,1,1.0,
202400043903,155 704 455,B01,2.0,34.0,0,2,6,1,1.0,
202400043904,155 704 452,A01,2.0,7.0,0,2,8,1,1.0,
202400043905,155 704 451,B01,1.0,7.0,0,2,4,0,1.0,
202400043906,155 704 448,B01,3.0,7.0,0,2,3,1,1.0,
202400043907,155 704 446,B01,3.0,7.0,0,2,3,19,1.0,
202400043908,155 704 445,A01,0.0,10.0,0,2,1,2,1.0,
202400043909,155 704 441,A01,2.0,2.0,0,2,1,1,1.0,
202400043910,155 704 440,A01,1.0,13.0,0,0,1,1,1.0,
202400043911,155 704 442,B01,2.0,7.0,0,2,1,1,1.0,
202400043912,155 704 437,A01,1.0,13.0,0,2,8,15,1.0,
202400043913,155 704 435,B01,1.0,7.0,0,2,2,9,1.0,
202400043914,155 704 434,A01,2.0,33.0,0,2,1,1,1.0,
202400043915,155 704 433,A01,2.0,30.0,0,9,1,17,1.0,
202400043916,155 704 432,A01,2.0,7.0,1,0,1,13,1.0,
202400043917,155 704 430,A01,2.0,7.0,2,0,1,21,1.0,
202400043918,155 704 431,A01,1.0,33.0,0,1,1,1,1.0,
202400043919,155 704 427,B01,2.0,7.0,0,2,2,5,1.0,
202400043920,155 704 426,A01,1.0,30.0,0,2,1,17,1.0,
202400043921,155 704 425,A01,1.0,34.0,0,0,0,26,0.0,
202400043922,155 704 423,A01,1.0,33.0,0,2,1,1,1.0,
202400043923,155 704 420,A01,0.0,31.0,0,0,0,0,0.0,
202400043924,155 704 418,A01,1.0,33.0,0,1,1,1,1.0,
202400043925,155 704 419,B01,1.0,30.0,0,2,2,13,1.0,
202400043926,155 704 417,A01,2.0,7.0,0,1,2,1,1.0,
202400043927,155 704 414,B01,2.0,7.0,0,2,4,1,1.0,
202400043928,155 704 412,B01,2.0,33.0,0,2,7,2,0.0,
202400043929,155 704 411,A01,2.0,7.0,0,1,2,17,1.0,
202400043930,155 704 415,A01,0.0,10.0,8,0,2,0,1.0,
202400043931,155 704 409,B01,3.0,1.0,0,2,3,9,5.0,
202400043932,155 704 406,A01,3.0,7.0,0,2,1,1,1.0,
202400043933,155 704 405,A01,1.0,33.0,3,0,2,21,1.0,
202400043934,155 704 399,A01,1.0,7.0,0,2,1,15,1.0,
202400043935,155 704 403,A01,1.0,7.0,0,2,1,1,1.0,
202400043936,155 704 398,A01,2.0,7.0,0,2,1,15,1.0,
202400043937,155 704 402,A01,0.0,7.0,0,2,3,15,1.0,
202400043938,155 704 397,A01,3.0,30.0,5,0,1,9,1.0,
202400043939,155 704 394,A01,2.0,3.0,0,2,1,1,1.0,
202400043940,155 704 393,A01,1.0,7.0,13,0,2,1,1.0,
202400043941,155 704 391,B01,2.0,33.0,8,2,1,2,1.0,
202400043942,155 704 388,B01,1.0,7.0,0,2,4,2,1.0,
202400043943,155 704 387,A01,0.0,30.0,0,2,2,26,1.0,
202400043944,155 704 395,A01,3.0,32.0,12,0,1,26,1.0,
202400043945,155 704 385,B01,2.0,7.0,0,2,4,2,2.0,
202400043946,155 704 382,A01,1.0,31.0,0,2,1,2,1.0,
202400043947,155 704 381,B01,1.0,7.0,0,2,3,1,1.0,
202400043948,155 704 378,A01,2.0,33.0,0,2,1,3,1.0,
202400043949,155 704 377,A01,0.0,7.0,0,1,1,15,1.0,
202400043950,155 704 374,A01,3.0,1.0,0,0,0,23,5.0,
202400043951,155 704 375,A01,1.0,1.0,0,2,8,15,5.0,
202400043952,155 704 373,A01,2.0,10.0,0,2,4,4,3.0,
202400043953,155 704 371,B01,1.0,60.0,0,2,3,1,5.0,
202400043954,155 704 370,A01,2.0,7.0,2,0,2,1,1.0,
202400043955,155 704 367,A01,2.0,7.0,0,1,5,1,1.0,
202400043956,155 704 368,A01,2.0,50.0,0,1,1,25,3.0,
202400043957,155 704 366,A01,2.0,7.0,0,1,1,19,2.0,
202400043958,155 704 369,A01,1.0,7.0,0,1,1,19,1.0,
202400043959,155 704 363,A01,1.0,10.0,0,1,1,19,1.0,
202400043960,155 704 364,A01,1.0,7.0,0,2,7,16,2.0,
202400043961,155 704 360,A01,1.0,33.0,10,0,3,1,1.0,
202400043962,155 704 359,B01,2.0,1.0,0,0,0,15,5.0,
202400043963,155 704 358,B01,1.0,14.0,0,1,7,7,3.0,
202400043964,155 704 357,A01,2.0,7.0,0,0,0,1,1.0,
202400043965,155 704 356,A01,2.0,33.0,1,0,7,16,1.0,
202400043966,155 704 354,A01,1.0,2.0,0,0,0,1,1.0,
202400043967,155 704 355,Z01,1.0,1.0,0,1,1,25,5.0,
202400043968,155 704 351,A01,3.0,1.0,0,0,0,1,5.0,
202400043969,155 704 353,A01,3.0,50.0,15,0,1,1,3.0,
202400043970,155 704 350,A01,1.0,10.0,0,2,2,16,1.0,
202400043971,155 704 349,A01,1.0,31.0,14,0,2,14,1.0,
202400043972,155 704 343,B01,1.0,1.0,0,2,7,1,5.0,
202400043973,155 704 342,A01,1.0,30.0,9,0,1,14,1.0,
202400043974,155 704 345,A01,3.0,7.0,0,9,0,0,0.0,
202400043975,155 704 341,A01,2.0,32.0,0,2,1,1,1.0,
202400043976,155 704 340,A01,1.0,32.0,12,0,1,1,1.0,
202400043977,155 704 337,A01,1.0,80.0,0,2,2,9,3.0,
202400043978,155 704 335,A01,2.0,7.0,0,0,3,1,2.0,
202400043979,155 704 338,A01,1.0,7.0,1,0,4,2,2.0,
202400043980,155 704 332,B01,2.0,7.0,0,2,4,1,1.0,
202400043981,155 704 333,A01,2.0,1.0,14,0,2,5,5.0,
202400043982,155 704 330,B01,1.0,7.0,14,0,4,23,1.0,
202400043983,155 704 329,A01,3.0,7.0,0,1,3,1,1.0,
202400043984,155 704 327,A01,2.0,2.0,0,2,1,5,1.0,
202400043985,155 704 326,Z01,0.0,50.0,0,1,1,16,3.0,
202400043986,155 704 324,A01,3.0,7.0,0,1,1,26,1.0,
202400043987,155 704 323,A01,0.0,7.0,1,1,2,4,1.0,
202400043988,155 704 322,B01,0.0,1.0,0,2,7,1,5.0,
202400043989,155 704 320,A01,1.0,33.0,13,0,1,13,1.0,
202400043990,155 704 319,A01,1.0,32.0,12,0,8,1,1.0,
202400043991,155 704 318,B01,2.0,80.0,0,1,1,21,3.0,
202400043992,155 704 315,A01,2.0,10.0,15,0,1,1,1.0,
202400043993,155 704 314,A01,2.0,1.0,0,0,7,2,5.0,
202400043994,155 704 312,A01,1.0,7.0,0,1,1,16,1.0,
202400043995,155 704 311,A01,1.0,7.0,0,2,3,24,1.0,
202400043996,155 704 308,A01,3.0,7.0,0,1,2,1,3.0,
202400043997,155 704 309,A01,2.0,80.0,0,1,8,14,3.0,
202400043998,155 704 307,A01,1.0,80.0,0,2,7,1,3.0,
202400043999,155 704 304,A01,1.0,43.0,0,2,4,23,1.0,
202400044000,155 704 302,A01,3.0,7.0,0,9,1,9,1.0,
202400044001,155 704 303,A01,3.0,32.0,0,1,1,1,1.0,
202400044002,155 704 300,A01,3.0,14.0,8,0,1,16,1.0,
202400044003,155 704 299,B01,2.0,7.0,0,2,4,2,0.0,
202400044004,155 704 295,B01,2.0,30.0,0,0,1,1,1.0,
202400044005,155 704 296,A01,2.0,7.0,16,0,3,2,1.0,
202400044006,155 704 292,A01,2.0,7.0,2,0,4,14,1.0,
202400044007,155 704 291,A01,2.0,7.0,1,2,2,1,1.0,
202400044008,155 704 290,B01,2.0,33.0,0,2,2,3,0.0,
202400044009,155 704 289,A01,1.0,33.0,2,0,2,0,1.0,
202400044010,155 704 285,B01,1.0,2.0,0,2,1,1,0.0,
202400044011,155 704 286,A01,1.0,33.0,8,2,1,26,1.0,
202400044012,155 704 283,A01,1.0,7.0,5,2,3,13,1.0,
202400044013,155 704 280,A01,3.0,7.0,0,2,3,11,3.0,
202400044014,155 704 279,B01,0.0,7.0,0,2,3,9,1.0,
202400044015,155 704 278,A01,1.0,10.0,0,0,1,1,1.0,
202400044016,155 704 275,A01,1.0,7.0,6,0,1,1,1.0,
202400044017,155 704 274,A01,1.0,7.0,8,0,7,19,1.0,
202400044018,155 704 273,A01,3.0,15.0,0,2,1,1,1.0,
202400044019,155 704 272,A01,3.0,7.0,17,0,1,1,1.0,
202400044020,155 704 271,A01,2.0,7.0,14,0,1,1,1.0,
202400044021,155 704 269,A01,1.0,1.0,0,0,0,1,5.0,
202400044022,155 704 268,A01,3.0,7.0,0,2,0,26,0.0,
202400044023,155 704 266,A01,1.0,7.0,2,0,1,0,1.0,
202400044024,155 704 265,A01,2.0,7.0,0,2,8,13,1.0,
202400044025,155 704 263,A01,2.0,7.0,0,0,1,0,1.0,
202400044026,155 704 262,A01,1.0,32.0,0,2,1,15,0.0,
202400044027,155 704 258,A01,1.0,7.0,8,0,1,14,1.0,
202400044028,155 704 259,A01,1.0,10.0,0,2,2,2,1.0,
202400044029,155 704 257,V01,3.0,1.0,0,0,0,2,5.0,
202400044030,155 704 254,A01,0.0,99.0,0,2,0,1,6.0,
202400044031,155 704 253,B01,1.0,33.0,4,2,7,1,0.0,
202400044032,155 704 251,A01,1.0,7.0,0,2,4,0,1.0,
202400044033,155 704 250,A01,1.0,7.0,3,0,2,14,1.0,
202400044034,155 704 247,A01,1.0,7.0,1,2,3,1,1.0,
202400044035,155 704 246,A01,1.0,32.0,0,2,1,1,1.0,
202400044036,155 704 243,A01,2.0,7.0,2,0,1,14,1.0,
202400044037,155 704 242,A01,0.0,7.0,0,1,1,1,1.0,
202400044038,155 704 241,A01,3.0,7.0,13,2,3,19,1.0,
202400044039,155 704 239,A01,2.0,7.0,13,0,9,1,1.0,
202400044040,155 704 235,A01,1.0,0.0,0,2,7,9,0.0,
202400044041,155 704 236,A01,2.0,10.0,13,0,7,1,1.0,
202400044042,155 704 233,A01,1.0,7.0,0,1,3,1,1.0,
202400044043,155 704 232,A01,1.0,30.0,0,2,7,2,1.0,
202400044044,155 704 229,B01,1.0,2.0,0,2,1,17,1.0,
202400044045,155 704 227,A01,2.0,7.0,3,2,1,1,1.0,
202400044046,155 704 225,A01,3.0,7.0,0,1,1,1,1.0,
202400044047,155 704 226,A01,2.0,7.0,0,1,2,1,1.0,
202400044048,155 704 221,A01,0.0,33.0,0,2,2,1,1.0,
202400044049,155 704 219,A01,2.0,7.0,8,2,1,1,1.0,
202400044050,155 704 220,A01,3.0,33.0,0,2,1,18,1.0,
202400044051,155 704 216,A01,1.0,7.0,0,2,4,2,2.0,
202400044052,155 704 215,A01,1.0,7.0,0,2,5,13,1.0,
202400044053,155 704 212,A01,1.0,31.0,0,2,3,17,1.0,
202400044054,155 704 210,A01,2.0,7.0,0,1,1,1,1.0,
202400044055,155 704 211,IB01,0.0,31.0,0,2,1,19,0.0,
202400044056,155 704 207,B01,1.0,7.0,0,2,1,1,1.0,
202400044057,155 704 205,A01,1.0,14.0,0,0,0,1,1.0,
202400044058,155 704 202,A01,2.0,7.0,0,2,7,15,1.0,
202400044059,155 704 200,A01,3.0,33.0,16,0,8,1,1.0,
202400044060,155 704 201,A01,1.0,3.0,2,0,2,0,3.0,
202400044061,155 704 197,A01,1.0,37.0,1,1,3,1,2.0,1
202400044062,155 704 198,A01,3.0,7.0,0,2,1,15,0.0,
202400044063,155 704 194,A01,2.0,7.0,0,2,2,15,1.0,
202400044064,155 704 195,A01,2.0,7.0,8,0,2,1,1.0,
202400044065,155 704 191,A01,2.0,7.0,2,0,2,14,1.0,
202400044066,155 704 192,Y01,1.0,1.0,0,2,8,1,5.0,
202400044067,155 704 189,B01,2.0,7.0,0,2,3,1,1.0,
202400044068,155 704 188,A01,1.0,10.0,2,0,1,13,1.0,
202400044069,155 704 186,Z01,3.0,50.0,0,1,1,1,3.0,
202400044070,155 704 185,B01,3.0,33.0,0,2,0,0,1.0,
202400044071,155 704 182,B01,3.0,32.0,0,2,1,1,1.0,
202400044072,155 704 181,A01,3.0,36.0,0,0,0,0,1.0,
202400044073,155 704 180,A01,2.0,7.0,0,2,3,0,1.0,
202400044074,155 704 179,A01,3.0,7.0,0,1,1,1,1.0,
202400044075,155 704 175,A01,3.0,33.0,0,2,1,1,1.0,
202400044076,155 704 173,B01,1.0,7.0,0,2,3,1,1.0,
202400044077,155 704 174,A01,1.0,7.0,2,0,5,1,1.0,