Num_Acc,id_vehicule,num_veh,senc,catv,obs,obsm,choc,manv,motor,occutc
202400044078,155 704 172,A01,3.0,50.0,0,2,1,2,3.0,
202400044079,155 704 168,A01,3.0,7.0,0,2,1,1,1.0,
202400044080,155 704 170,A01,1.0,1.0,0,0,0,0,5.0,
202400044081,155 704 167,A01,1.0,7.0,0,0,7,2,1.0,
202400044082,155 704 165,A01,1.0,50.0,0,2,3,13,3.0,
202400044083,155 704 164,A01,2.0,1.0,0,0,1,1,5.0,
202400044084,155 704 161,A01,1.0,7.0,0,2,3,21,1.0,
202400044085,155 704 162,A01,2.0,7.0,6,0,8,1,1.0,
202400044086,155 704 159,A01,2.0,7.0,0,0,9,1,1.0,
202400044087,155 704 160,A01,2.0,43.0,0,1,1,2,1.0,
202400044088,155 704 155,A01,1.0,1.0,0,2,5,19,5.0,
202400044089,155 704 154,A01,1.0,32.0,0,1,1,1,1.0,
202400044090,155 704 153,B01,2.0,34.0,0,0,1,1,1.0,
202400044091,155 704 152,B01,2.0,7.0,0,2,3,15,1.0,
202400044092,155 704 150,A01,3.0,1.0,13,0,0,17,5.0,
202400044093,155 704 147,A01,2.0,1.0,0,2,1,2,5.0,
202400044094,155 704 146,A01,2.0,7.0,1,0,2,14,1.0,
202400044095,155 704 142,A01,2.0,7.0,0,2,2,19,1.0,
202400044096,155 704 141,A01,2.0,7.0,0,2,1,1,1.0,
202400044097,155 704 137,A01,2.0,33.0,0,0,0,1,1.0,
202400044098,155 704 138,A01,1.0,33.0,0,2,1,3,1.0,
202400044099,155 704 136,A01,3.0,7.0,0,2,2,1,1.0,
202400044100,155 704 130,A01,1.0,7.0,4,0,8,13,1.0,
202400044101,155 704 127,A01,1.0,7.0,13,0,2,14,1.0,
202400044102,155 704 124,A01,1.0,7.0,0,2,1,2,1.0,
202400044103,155 704 122,B01,1.0,10.0,0,2,7,1,1.0,
202400044104,155 704 120,B01,1.0,7.0,0,2,2,1,1.0,
202400044105,155 704 121,A01,2.0,7.0,0,2,1,1,1.0,
202400044106,155 704 119,A01,1.0,7.0,0,0,9,1,0.0,
202400044107,155 704 118,A01,1.0,7.0,0,1,3,1,2.0,
202400044108,155 704 111,A01,3.0,10.0,13,0,1,0,1.0,
202400044109,155 704 112,B01,1.0,7.0,0,2,4,2,1.0,
202400044110,155 704 114,B01,3.0,7.0,0,2,6,15,1.0,
202400044111,155 704 109,B01,1.0,7.0,15,0,2,1,1.0,
202400044112,155 704 108,Z01,1.0,7.0,0,1,1,19,0.0,
202400044113,155 704 107,A01,1.0,3.0,0,0,6,1,1.0,
202400044114,155 704 104,A01,3.0,7.0,2,0,1,1,1.0,
202400044115,155 704 103,A01,2.0,7.0,0,0,2,17,1.0,
202400044116,155 704 102,A01,0.0,7.0,0,2,1,0,1.0,
202400044117,155 704 100,A01,2.0,2.0,15,0,1,19,1.0,
202400044118,155 704 099,A01,1.0,7.0,0,2,0,9,1.0,
202400044119,155 704 096,A01,1.0,33.0,0,0,8,15,1.0,
202400044120,155 704 093,A01,1.0,7.0,4,0,3,1,1.0,
202400044121,155 704 094,B01,3.0,1.0,0,2,0,19,5.0,
202400044122,155 704 092,A01,1.0,7.0,0,2,1,13,1.0,
202400044123,155 704 090,A01,1.0,33.0,3,0,8,1,1.0,
202400044124,155 704 088,A01,2.0,7.0,1,0,3,17,1.0,
202400044125,155 704 089,A01,1.0,7.0,0,2,3,15,1.0,
202400044126,155 704 085,A01,1.0,1.0,0,2,1,3,5.0,
202400044127,155 704 083,A01,3.0,7.0,0,1,1,0,1.0,
202400044128,155 704 082,B01,2.0,7.0,4,2,1,5,1.0,
202400044129,155 704 081,A01,2.0,1.0,12,2,1,2,5.0,
202400044130,155 704 080,A01,1.0,7.0,13,0,0,0,1.0,
202400044131,155 704 078,A01,0.0,7.0,2,0,1,5,1.0,
202400044132,155 704 075,A01,1.0,7.0,0,1,2,2,1.0,
202400044133,155 704 074,A01,3.0,30.0,0,2,1,19,1.0,
202400044134,155 704 073,A01,1.0,7.0,0,2,1,2,1.0,
202400044135,155 704 072,B01,1.0,1.0,0,0,4,26,5.0,
202400044136,155 704 071,A01,1.0,7.0,8,0,3,0,1.0,
202400044137,155 704 068,A01,1.0,33.0,3,0,3,17,1.0,
202400044138,155 704 066,A01,2.0,2.0,0,2,1,17,1.0,
202400044139,155 704 065,A01,3.0,7.0,0,2,3,19,1.0,
202400044140,155 704 064,B01,2.0,7.0,0,2,3,1,1.0,
202400044141,155 704 062,A01,1.0,7.0,10,0,2,14,1.0,
202400044142,155 704 061,B01,1.0,1.0,0,0,4,1,5.0,
202400044143,155 704 058,A01,1.0,7.0,0,2,3,13,1.0,
202400044144,155 704 056,A01,2.0,7.0,13,0,3,14,1.0,
202400044145,155 704 054,A01,3.0,33.0,0,1,1,1,1.0,
202400044146,155 704 052,A01,1.0,7.0,0,2,8,10,2.0,
202400044147,155 704 051,C01,1.0,7.0,0,2,4,23,1.0,
202400044148,155 704 050,A01,1.0,7.0,13,0,9,26,1.0,
202400044149,155 704 049,A01,3.0,7.0,0,1,4,20,1.0,
202400044150,155 704 043,A01,2.0,7.0,0,0,3,1,1.0,
202400044151,155 704 046,A01,3.0,7.0,0,1,3,15,1.0,
202400044152,155 704 042,A01,3.0,7.0,0,9,2,9,1.0,
202400044153,155 704 041,A01,1.0,31.0,7,0,1,1,1.0,
202400044154,155 704 038,A01,1.0,7.0,0,2,3,9,1.0,
202400044155,155 704 037,B01,1.0,7.0,0,2,1,1,1.0,
202400044156,155 704 035,A01,1.0,7.0,4,0,1,17,1.0,
202400044157,155 704 034,A01,1.0,80.0,0,2,1,0,3.0,
202400044158,155 704 030,A01,3.0,33.0,0,0,0,1,1.0,
202400044159,155 704 027,B01,2.0,7.0,0,2,3,21,1.0,
202400044160,155 704 029,A01,3.0,15.0,0,2,8,1,1.0,
202400044161,155 704 023,A01,0.0,7.0,0,2,1,1,1.0,
202400044162,155 704 022,A01,1.0,7.0,8,0,1,1,1.0,
202400044163,155 704 025,C01,2.0,17.0,0,0,6,1,1.0,
202400044164,155 704 020,A01,3.0,7.0,13,2,3,15,1.0,
202400044165,155 704 018,A01,2.0,7.0,0,1,1,1,1.0,
202400044166,155 704 015,A01,2.0,33.0,0,2,1,2,1.0,
202400044167,155 704 014,A01,3.0,7.0,13,0,9,1,1.0,
202400044168,155 704 012,A01,2.0,7.0,0,2,3,13,1.0,
202400044169,155 704 011,A01,1.0,2.0,0,0,1,1,1.0,
202400044170,155 704 010,C01,1.0,7.0,0,2,2,1,1.0,
202400044171,155 704 007,A01,1.0,7.0,13,0,6,1,1.0,
202400044172,155 704 006,A01,1.0,15.0,0,2,1,1,1.0,
202400044173,155 704 005,A01,2.0,7.0,0,2,1,5,1.0,
202400044174,155 704 002,A01,1.0,7.0,0,0,5,19,1.0,
202400044175,155 704 001,A01,1.0,17.0,3,0,0,9,1.0,
202400044176,155 703 998,B01,3.0,33.0,0,2,8,1,1.0,
202400044177,155 703 999,A01,2.0,7.0,3,0,3,1,3.0,
202400044178,155 703 997,A01,1.0,7.0,0,2,2,15,1.0,
202400044179,155 703 994,A01,2.0,50.0,0,2,7,15,3.0,
202400044180,155 703 992,A01,2.0,7.0,0,1,3,15,1.0,
202400044181,155 703 989,A01,2.0,7.0,0,2,1,2,1.0,
202400044182,155 703 988,A01,3.0,7.0,0,2,6,9,1.0,
202400044183,155 703 987,A01,0.0,7.0,0,2,1,2,1.0,
202400044184,155 703 985,A01,1.0,7.0,4,0,1,0,1.0,
202400044185,155 703 984,A01,1.0,7.0,6,0,3,1,1.0,
202400044186,155 703 983,A01,2.0,10.0,0,2,3,13,1.0,
202400044187,155 703 980,A01,3.0,33.0,0,2,1,17,1.0,
202400044188,155 703 979,A01,0.0,2.0,1,0,1,14,1.0,
202400044189,155 703 978,A01,1.0,7.0,0,1,1,1,1.0,
202400044190,155 703 977,A01,3.0,2.0,0,2,0,1,1.0,
202400044191,155 703 975,A01,1.0,7.0,0,2,1,2,1.0,
202400044192,155 703 973,A01,3.0,10.0,0,0,9,1,1.0,
202400044193,155 703 972,A01,1.0,7.0,0,2,3,1,1.0,
202400044194,155 703 971,A01,0.0,7.0,8,1,3,6,1.0,
202400044195,155 703 969,A01,1.0,33.0,0,2,1,1,1.0,
202400044196,155 703 967,A01,1.0,7.0,0,1,7,1,1.0,
202400044197,155 703 965,A01,2.0,7.0,0,2,5,12,1.0,
202400044198,155 703 962,A01,1.0,10.0,0,1,3,9,1.0,
202400044199,155 703 961,B01,3.0,2.0,0,2,1,1,1.0,
202400044200,155 703 963,A01,2.0,7.0,0,2,3,11,1.0,
202400044201,155 703 960,A01,2.0,7.0,5,0,2,0,1.0,
202400044202,155 703 957,A01,1.0,99.0,0,0,6,0,1.0,
202400044203,155 703 955,A01,2.0,15.0,0,1,1,1,1.0,
202400044204,155 703 954,A01,1.0,7.0,0,2,1,13,0.0,
202400044205,155 703 950,A01,2.0,10.0,0,0,3,15,1.0,
202400044206,155 703 951,Z01,2.0,14.0,0,2,7,12,1.0,
202400044207,155 703 947,A01,0.0,7.0,0,2,0,0,2.0,
202400044208,155 703 946,B01,0.0,7.0,0,2,1,1,1.0,
202400044209,155 703 944,A01,2.0,7.0,0,2,8,13,1.0,
202400044210,155 703 942,Z01,1.0,15.0,0,1,1,2,0.0,
202400044211,155 703 940,B01,3.0,7.0,0,2,8,1,1.0,
202400044212,155 703 939,A01,1.0,2.0,0,2,0,9,1.0,
202400044213,155 703 937,A01,1.0,32.0,0,2,1,1,1.0,
202400044214,155 703 934,A01,1.0,7.0,13,0,9,19,1.0,
202400044215,155 703 933,B01,3.0,7.0,0,2,3,1,1.0,
202400044216,155 703 929,A01,2.0,7.0,0,9,9,1,1.0,
202400044217,155 703 928,B01,3.0,7.0,0,2,1,1,1.0,
202400044218,155 703 925,B01,1.0,33.0,0,2,1,1,1.0,
202400044219,155 703 924,B01,1.0,7.0,14,0,4,23,1.0,
202400044220,155 703 921,A01,3.0,10.0,0,1,1,1,1.0,
202400044221,155 703 920,A01,1.0,2.0,0,2,1,1,1.0,
202400044222,155 703 919,B01,2.0,7.0,0,2,1,15,1.0,
202400044223,155 703 916,A01,1.0,7.0,2,0,1,0,1.0,
202400044224,155 703 910,A01,1.0,7.0,0,2,3,1,1.0,
202400044225,155 703 912,A01,2.0,10.0,0,2,1,1,1.0,
202400044226,155 703 909,A01,1.0,13.0,0,2,8,13,4.0,
202400044227,155 703 908,A01,2.0,7.0,0,1,2,1,1.0,
202400044228,155 703 907,A01,1.0,7.0,13,0,2,1,1.0,
202400044229,155 703 906,A01,2.0,7.0,0,2,2,9,1.0,
202400044230,155 703 903,A01,2.0,7.0,0,2,5,12,1.0,
202400044231,155 703 901,A01,1.0,7.0,0,2,1,1,1.0,
202400044232,155 703 896,B01,1.0,10.0,0,2,1,1,1.0,
202400044233,155 703 897,A01,2.0,34.0,0,2,2,2,1.0,
202400044234,155 703 898,A01,1.0,7.0,0,2,2,16,1.0,
202400044235,155 703 893,Z01,1.0,50.0,0,1,0,1,3.0,
202400044236,155 703 892,A01,2.0,7.0,15,0,1,17,1.0,
202400044237,155 703 890,B01,1.0,7.0,2,2,4,2,1.0,
202400044238,155 703 889,A01,2.0,7.0,7,2,2,15,1.0,
202400044239,155 703 884,A01,3.0,31.0,0,2,7,21,1.0,
202400044240,155 703 882,A01,0.0,31.0,0,0,0,26,1.0,
202400044241,155 703 883,A01,0.0,33.0,0,2,1,1,1.0,
202400044242,155 703 881,C01,1.0,17.0,0,2,7,24,1.0,
202400044243,155 703 878,A01,1.0,33.0,3,0,2,1,1.0,
202400044244,155 703 877,B01,1.0,34.0,0,2,1,1,1.0,
202400044245,155 703 876,B01,1.0,7.0,0,0,4,23,1.0,
202400044246,155 703 874,A01,1.0,7.0,13,0,9,12,1.0,
202400044247,155 703 875,A01,1.0,7.0,0,2,1,1,2.0,
202400044248,155 703 871,Z01,2.0,7.0,0,2,0,0,0.0,
202400044249,155 703 870,B01,0.0,7.0,0,2,3,1,1.0,
202400044250,155 703 865,A01,2.0,10.0,0,2,1,2,1.0,
202400044251,155 703 866,A01,2.0,7.0,4,0,4,26,1.0,
202400044252,155 703 863,A01,2.0,7.0,0,2,4,2,1.0,
202400044253,155 703 862,A01,1.0,7.0,0,2,8,22,1.0,
202400044254,155 703 858,A01,1.0,7.0,4,2,1,12,1.0,
202400044255,155 703 857,A01,2.0,40.0,0,1,3,1,3.0,
202400044256,155 703 856,A01,1.0,7.0,0,2,1,11,1.0,
202400044257,155 703 855,A01,2.0,33.0,0,2,1,1,1.0,
202400044258,155 703 853,A01,2.0,7.0,2,0,1,14,1.0,
202400044259,155 703 852,A01,1.0,33.0,0,0,8,1,1.0,
202400044260,155 703 851,A01,0.0,7.0,0,2,3,15,1.0,
202400044261,155 703 848,A01,2.0,7.0,0,2,1,1,1.0,
202400044262,155 703 846,A01,2.0,7.0,0,2,3,1,1.0,
202400044263,155 703 845,A01,2.0,7.0,0,2,5,16,1.0,
202400044264,155 703 843,A01,2.0,33.0,12,2,1,18,1.0,
202400044265,155 703 840,A01,2.0,33.0,0,2,7,5,1.0,
202400044266,155 703 837,A01,3.0,7.0,0,2,1,26,1.0,
202400044267,155 703 832,B01,1.0,33.0,0,2,2,1,1.0,
202400044268,155 703 833,A01,2.0,10.0,0,2,1,2,1.0,
202400044269,155 703 830,B01,2.0,1.0,0,2,2,1,5.0,
202400044270,155 703 829,B01,1.0,1.0,0,2,4,1,5.0,
202400044271,155 703 826,A01,0.0,33.0,0,0,0,0,1.0,
202400044272,155 703 823,A01,1.0,1.0,0,2,1,15,5.0,
202400044273,155 703 822,A01,2.0,10.0,0,2,1,2,1.0,
202400044274,155 703 821,A01,1.0,2.0,0,2,1,1,1.0,
202400044275,155 703 820,A01,1.0,33.0,8,0,1,0,1.0,
202400044276,155 703 816,A01,1.0,10.0,0,9,7,16,1.0,
202400044277,155 703 815,A01,2.0,7.0,0,0,1,1,1.0,
202400044278,155 703 814,A01,1.0,15.0,0,2,1,2,1.0,
202400044279,155 703 813,A01,1.0,1.0,0,2,1,3,5.0,
202400044280,155 703 812,A01,1.0,32.0,0,1,1,1,1.0,
202400044281,155 703 809,A01,1.0,7.0,0,0,4,15,1.0,
202400044282,155 703 806,A01,1.0,32.0,0,2,1,2,1.0,
202400044283,155 703 804,A01,2.0,33.0,0,2,2,3,1.0,
202400044284,155 703 805,A01,1.0,33.0,0,2,1,1,1.0,
202400044285,155 703 801,B01,1.0,7.0,0,1,4,2,1.0,
202400044286,155 703 800,A01,2.0,10.0,0,1,0,0,1.0,
202400044287,155 703 798,A01,1.0,7.0,0,2,1,2,1.0,
202400044288,155 703 795,C01,2.0,7.0,0,2,4,2,1.0,
202400044289,155 703 792,A01,2.0,10.0,0,0,6,1,1.0,
202400044290,155 703 791,A01,2.0,7.0,0,2,2,15,1.0,
202400044291,155 703 790,A01,2.0,7.0,0,2,1,1,1.0,
202400044292,155 703 788,A01,1.0,7.0,0,1,3,1,1.0,
202400044293,155 703 784,A01,2.0,7.0,1,0,3,1,1.0,
202400044294,155 703 783,C01,2.0,7.0,0,2,6,15,1.0,
202400044295,155 703 782,B01,1.0,34.0,0,2,1,2,1.0,
202400044296,155 703 781,A01,1.0,7.0,0,1,2,26,1.0,
202400044297,155 703 780,A01,2.0,50.0,0,0,1,1,3.0,
202400044298,155 703 778,A01,1.0,7.0,2,0,1,21,1.0,
202400044299,155 703 776,A01,1.0,33.0,0,2,3,3,1.0,
202400044300,155 703 773,A01,2.0,80.0,0,1,1,5,3.0,
202400044301,155 703 775,A01,3.0,7.0,0,2,3,15,1.0,
202400044302,155 703 772,A01,2.0,7.0,0,2,8,19,1.0,
202400044303,155 703 768,B01,1.0,7.0,0,2,5,2,1.0,
202400044304,155 703 766,A01,3.0,7.0,0,1,3,15,1.0,
202400044305,155 703 767,A01,2.0,7.0,0,2,3,15,0.0,
202400044306,155 703 765,A01,1.0,7.0,0,2,1,1,1.0,
202400044307,155 703 761,A01,1.0,30.0,0,2,2,11,1.0,
202400044308,155 703 760,B01,1.0,7.0,0,2,1,2,1.0,
202400044309,155 703 759,B01,1.0,7.0,0,2,5,1,1.0,
202400044310,155 703 755,A01,3.0,7.0,0,2,1,1,1.0,
202400044311,155 703 754,A01,1.0,7.0,0,2,1,9,1.0,
202400044312,155 703 753,A01,1.0,7.0,0,2,3,15,1.0,
202400044313,155 703 751,A01,1.0,33.0,12,0,2,26,1.0,
202400044314,155 703 747,A01,2.0,7.0,0,2,1,1,3.0,
202400044315,155 703 745,A01,1.0,10.0,0,2,3,1,1.0,
202400044316,155 703 743,A01,2.0,7.0,4,1,3,1,1.0,
202400044317,155 703 738,A01,1.0,7.0,0,2,2,16,1.0,
202400044318,155 703 740,D01,1.0,7.0,0,2,4,2,1.0,
202400044319,155 703 739,A01,1.0,7.0,0,2,3,15,1.0,
202400044320,155 703 735,A01,1.0,2.0,0,2,1,1,1.0,
202400044321,155 703 733,A01,1.0,10.0,0,1,1,15,1.0,
202400044322,155 703 732,B01,1.0,7.0,0,2,4,23,1.0,
202400044323,155 703 730,B01,1.0,7.0,1,0,1,1,1.0,
202400044324,155 703 728,A01,3.0,7.0,0,1,1,2,1.0,
202400044325,155 703 725,B01,3.0,1.0,0,2,1,19,5.0,
202400044326,155 703 726,A01,2.0,1.0,0,2,1,21,5.0,
202400044327,155 703 724,A01,0.0,7.0,0,2,3,1,1.0,
202400044328,155 703 723,A01,1.0,7.0,0,1,2,16,1.0,
202400044329,155 703 720,A01,2.0,7.0,0,2,1,2,1.0,
202400044330,155 703 717,A01,1.0,7.0,2,2,3,1,1.0,
202400044331,155 703 715,A01,3.0,7.0,0,2,2,19,1.0,
202400044332,155 703 713,C01,1.0,7.0,0,2,3,1,1.0,
202400044333,155 703 712,A01,3.0,3.0,0,0,7,15,3.0,
202400044334,155 703 709,B01,2.0,36.0,13,0,3,21,1.0,
202400044335,155 703 705,B01,3.0,7.0,0,2,1,1,3.0,
202400044336,155 703 704,A01,1.0,33.0,1,0,9,1,1.0,
202400044337,155 703 703,A01,3.0,1.0,0,9,1,1,5.0,
202400044338,155 703 702,A01,1.0,15.0,0,1,0,13,1.0,
202400044339,155 703 698,A01,0.0,7.0,0,2,8,19,1.0,
202400044340,155 703 699,B01,1.0,80.0,0,2,3,0,3.0,
202400044341,155 703 696,A01,0.0,50.0,0,2,0,15,3.0,
202400044342,155 703 694,A01,2.0,10.0,0,1,4,4,1.0,
202400044343,155 703 693,A01,1.0,7.0,2,0,1,13,1.0,
202400044344,155 703 692,A01,3.0,7.0,0,2,3,15,1.0,
202400044345,155 703 683,B01,0.0,7.0,1,0,1,2,1.0,
202400044346,155 703 681,A01,3.0,7.0,2,0,1,0,0.0,
202400044347,155 703 680,A01,1.0,7.0,7,0,2,1,1.0,
202400044348,155 703 679,A01,2.0,10.0,0,2,7,15,1.0,
202400044349,155 703 678,A01,1.0,7.0,0,1,1,1,1.0,
202400044350,155 703 677,A01,0.0,7.0,0,1,1,0,1.0,
202400044351,155 703 675,A01,1.0,7.0,4,0,9,1,1.0,
202400044352,155 703 673,A01,1.0,7.0,0,1,2,16,1.0,
202400044353,155 703 672,A01,3.0,33.0,0,1,1,26,0.0,
202400044354,155 703 671,B01,0.0,50.0,0,2,1,1,3.0,
202400044355,155 703 669,B01,1.0,50.0,0,2,2,5,3.0,
202400044356,155 703 668,A01,0.0,7.0,13,0,1,15,1.0,
202400044357,155 703 665,A01,1.0,50.0,0,0,1,25,3.0,
202400044358,155 703 666,B01,1.0,2.0,0,2,3,3,1.0,
202400044359,155 703 664,A01,2.0,7.0,13,0,3,1,1.0,
202400044360,155 703 661,B01,1.0,7.0,0,2,1,26,1.0,
202400044361,155 703 662,A01,1.0,10.0,0,1,1,16,1.0,
202400044362,155 703 658,A01,2.0,7.0,13,0,0,17,1.0,
202400044363,155 703 657,A01,1.0,7.0,2,0,1,1,1.0,
202400044364,155 703 659,A01,2.0,31.0,0,0,1,0,1.0,
202400044365,155 703 656,A01,2.0,7.0,0,0,2,14,1.0,
202400044366,155 703 654,A01,1.0,7.0,8,0,7,13,1.0,
202400044367,155 703 653,A01,1.0,1.0,0,2,1,1,5.0,
202400044368,155 703 652,A01,1.0,7.0,0,1,2,13,1.0,
202400044369,155 703 650,A01,1.0,7.0,2,0,3,13,1.0,
202400044370,155 703 648,A01,3.0,7.0,0,2,1,15,1.0,
202400044371,155 703 647,A01,2.0,50.0,0,2,1,1,3.0,
202400044372,155 703 646,A01,1.0,7.0,16,0,0,1,1.0,
202400044373,155 703 645,A01,2.0,7.0,0,1,3,15,1.0,
202400044374,155 703 642,B01,2.0,7.0,0,2,3,1,1.0,
202400044375,155 703 639,A01,1.0,7.0,0,2,1,15,0.0,
202400044376,155 703 638,B01,1.0,7.0,0,2,3,1,1.0,
202400044377,155 703 636,A01,1.0,10.0,9,0,1,12,1.0,
202400044378,155 703 635,A01,1.0,50.0,0,2,1,5,3.0,
202400044379,155 703 634,A01,2.0,2.0,0,0,0,1,1.0,
202400044380,155 703 630,A01,1.0,7.0,2,0,1,0,2.0,
202400044381,155 703 632,A01,2.0,33.0,0,2,3,18,1.0,
202400044382,155 703 629,A01,1.0,15.0,0,5,8,1,0.0,
202400044383,155 703 625,B01,2.0,1.0,0,2,1,1,5.0,
202400044384,155 703 624,B01,1.0,7.0,0,2,1,1,1.0,
202400044385,155 703 623,B01,1.0,7.0,12,0,1,16,1.0,
202400044386,155 703 621,B01,1.0,10.0,0,9,3,0,3.0,
202400044387,155 703 619,A01,1.0,7.0,13,0,0,1,1.0,
202400044388,155 703 618,A01,2.0,7.0,0,2,3,15,1.0,
202400044389,155 703 615,B01,1.0,33.0,0,2,8,1,1.0,
202400044390,155 703 611,B01,3.0,50.0,0,2,7,1,3.0,
202400044391,155 703 610,A01,1.0,7.0,0,2,4,23,1.0,
202400044392,155 703 607,B01,3.0,2.0,0,2,2,0,1.0,
202400044393,155 703 606,A01,3.0,10.0,6,0,1,13,1.0,
202400044394,155 703 605,Z01,3.0,14.0,0,0,0,0,0.0,
202400044395,155 703 604,A01,3.0,7.0,0,1,4,26,1.0,
202400044396,155 703 602,A01,2.0,7.0,8,0,1,13,1.0,
202400044397,155 703 601,B01,3.0,7.0,0,2,6,1,1.0,
202400044398,155 703 600,A01,3.0,7.0,0,1,2,15,1.0,
202400044399,155 703 599,A01,2.0,7.0,0,1,8,1,1.0,
202400044400,155 703 597,A01,1.0,10.0,0,1,1,1,1.0,
202400044401,155 703 596,A01,1.0,10.0,0,1,2,1,1.0,
202400044402,155 703 595,A01,2.0,7.0,0,2,1,17,1.0,
202400044403,155 703 592,A01,1.0,7.0,13,0,1,1,1.0,
202400044404,155 703 591,A01,1.0,7.0,0,2,3,1,1.0,
202400044405,155 703 588,Y01,1.0,1.0,0,0,0,0,5.0,
202400044406,155 703 586,A01,2.0,7.0,0,1,1,1,1.0,
202400044407,155 703 587,B01,1.0,10.0,0,0,8,1,1.0,
202400044408,155 703 583,A01,3.0,38.0,0,2,2,7,1.0,1
202400044409,155 703 582,A01,1.0,7.0,0,1,3,1,1.0,
202400044410,155 703 579,A01,1.0,7.0,0,1,3,9,1.0,
202400044411,155 703 578,A01,2.0,7.0,1,6,1,1,1.0,
202400044412,155 703 577,B01,1.0,7.0,0,2,4,23,1.0,
202400044413,155 703 573,B01,1.0,7.0,0,2,1,1,1.0,
202400044414,155 703 572,B01,1.0,7.0,0,2,3,15,1.0,
202400044415,155 703 571,B01,3.0,7.0,0,2,3,1,1.0,
202400044416,155 703 568,A01,2.0,7.0,4,6,1,0,1.0,
202400044417,155 703 569,A01,3.0,32.0,0,1,1,1,1.0,
202400044418,155 703 567,B01,3.0,50.0,0,2,5,19,3.0,
202400044419,155 703 564,A01,3.0,7.0,0,1,0,4,1.0,
202400044420,155 703 563,B01,2.0,38.0,0,2,1,1,1.0,1
202400044421,155 703 562,A01,1.0,7.0,0,2,2,0,1.0,
202400044422,155 703 560,A01,1.0,7.0,1,0,3,26,1.0,
202400044423,155 703 558,A01,2.0,50.0,0,2,4,23,3.0,
202400044424,155 703 559,A01,1.0,3.0,2,0,1,1,1.0,
202400044425,155 703 556,A01,2.0,7.0,0,1,1,1,1.0,
202400044426,155 703 555,A01,1.0,7.0,4,0,1,1,1.0,
202400044427,155 703 554,A01,1.0,50.0,0,2,1,25,3.0,
202400044428,155 703 551,B01,3.0,7.0,0,2,1,1,3.0,
202400044429,155 703 550,A01,2.0,7.0,0,1,3,13,3.0,
202400044430,155 703 549,A01,2.0,7.0,0,2,7,13,1.0,
202400044431,155 703 547,A01,1.0,10.0,0,2,1,1,1.0,
202400044432,155 703 544,A01,1.0,7.0,0,1,8,1,1.0,
202400044433,155 703 543,A01,1.0,7.0,0,1,1,1,1.0,
202400044434,155 703 545,A01,3.0,7.0,0,2,8,19,2.0,
202400044435,155 703 539,A01,2.0,7.0,0,2,1,16,1.0,
202400044436,155 703 538,A01,1.0,7.0,0,2,3,19,1.0,
202400044437,155 703 537,A01,1.0,7.0,0,2,1,9,1.0,
202400044438,155 703 536,A01,3.0,33.0,1,0,3,1,1.0,
202400044439,155 703 533,A01,3.0,7.0,0,2,2,15,1.0,
202400044440,155 703 530,B01,1.0,1.0,0,2,7,1,5.0,
202400044441,155 703 529,A01,1.0,50.0,0,0,0,1,3.0,
202400044442,155 703 527,C01,3.0,7.0,0,2,4,20,1.0,
202400044443,155 703 525,A01,3.0,7.0,0,0,3,1,1.0,
202400044444,155 703 524,A01,0.0,50.0,0,0,3,16,3.0,
202400044445,155 703 523,A01,2.0,7.0,0,1,3,1,1.0,
202400044446,155 703 522,A01,3.0,7.0,0,0,5,14,1.0,
202400044447,155 703 520,A01,2.0,7.0,0,2,1,1,1.0,
202400044448,155 703 519,A01,3.0,14.0,0,1,6,4,1.0,
202400044449,155 703 517,A01,3.0,7.0,1,0,1,1,1.0,
202400044450,155 703 515,A01,1.0,7.0,0,2,1,13,1.0,
202400044451,155 703 514,A01,2.0,7.0,8,0,1,1,1.0,
202400044452,155 703 513,A01,2.0,7.0,9,0,1,14,1.0,
202400044453,155 703 511,A01,1.0,7.0,0,1,1,1,1.0,
202400044454,155 703 508,A01,2.0,2.0,0,2,0,2,1.0,
202400044455,155 703 506,A01,3.0,7.0,0,1,1,1,1.0,
202400044456,155 703 505,A01,1.0,80.0,0,2,8,19,3.0,
202400044457,155 703 501,A01,3.0,7.0,0,2,2,15,1.0,
202400044458,155 703 500,C01,2.0,7.0,0,2,4,23,1.0,
202400044459,155 703 498,A01,2.0,2.0,0,2,2,0,1.0,
202400044460,155 703 497,A01,1.0,50.0,1,0,1,1,3.0,
202400044461,155 703 495,A01,2.0,7.0,0,1,2,1,1.0,
202400044462,155 703 493,A01,1.0,37.0,0,1,2,1,6.0,1
202400044463,155 703 494,A01,2.0,99.0,0,2,5,2,1.0,
202400044464,155 703 487,B01,1.0,7.0,0,2,3,1,1.0,
202400044465,155 703 488,B01,3.0,33.0,0,2,1,1,1.0,
202400044466,155 703 489,B01,1.0,31.0,0,2,1,1,0.0,
202400044467,155 703 485,A01,1.0,7.0,1,0,1,19,1.0,
202400044468,155 703 483,B01,1.0,2.0,0,2,1,17,1.0,
202400044469,155 703 482,A01,1.0,7.0,0,0,1,13,1.0,
202400044470,155 703 480,B01,1.0,31.0,0,2,3,0,1.0,
202400044471,155 703 478,A01,3.0,7.0,13,0,1,14,1.0,
202400044472,155 703 476,B01,2.0,7.0,0,2,3,1,1.0,
202400044473,155 703 474,A01,1.0,7.0,0,1,1,15,0.0,
202400044474,155 703 469,A01,3.0,10.0,0,2,3,15,1.0,