Num_Acc,id_vehicule,num_veh,senc,catv,obs,obsm,choc,manv,motor,occutc
202400044475,155 703 468,A01,1.0,7.0,0,2,1,13,1.0,
202400044476,155 703 467,C01,1.0,7.0,0,2,4,1,1.0,
202400044477,155 703 466,A01,1.0,50.0,0,1,8,25,3.0,
202400044478,155 703 463,A01,2.0,7.0,0,2,1,2,1.0,
202400044479,155 703 458,A01,3.0,7.0,8,2,1,7,1.0,
202400044480,155 703 456,A01,1.0,7.0,0,2,1,2,1.0,
202400044481,155 703 454,A01,1.0,33.0,0,2,1,1,1.0,
202400044482,155 703 451,B01,3.0,7.0,0,0,0,9,1.0,
202400044483,155 703 450,A01,1.0,7.0,0,2,2,2,1.0,
202400044484,155 703 449,A01,2.0,7.0,1,1,1,1,2.0,
202400044485,155 703 448,A01,3.0,7.0,6,1,3,13,1.0,
202400044486,155 703 447,A01,2.0,33.0,0,0,7,1,1.0,
202400044487,155 703 443,A01,1.0,7.0,0,0,1,1,1.0,
202400044488,155 703 442,A01,1.0,7.0,14,0,1,2,1.0,
202400044489,155 703 441,B01,3.0,7.0,0,2,7,15,1.0,
202400044490,155 703 438,A01,3.0,37.0,0,1,5,26,1.0,1
202400044491,155 703 437,A01,1.0,7.0,0,2,3,9,1.0,
202400044492,155 703 436,A01,1.0,7.0,0,2,6,9,1.0,
202400044493,155 703 431,A01,1.0,7.0,4,2,3,13,1.0,
202400044494,155 703 430,A01,1.0,7.0,0,2,2,11,1.0,
202400044495,155 703 425,B01,2.0,7.0,0,2,4,11,1.0,
202400044496,155 703 424,B01,1.0,33.0,0,2,3,3,1.0,
202400044497,155 703 422,A01,2.0,31.0,3,0,1,1,1.0,
202400044498,155 703 421,B01,1.0,2.0,0,2,2,0,3.0,
202400044499,155 703 418,A01,3.0,7.0,2,0,2,21,1.0,
202400044500,155 703 419,A01,1.0,33.0,6,0,3,1,1.0,
202400044501,155 703 416,A01,2.0,10.0,0,2,1,2,1.0,
202400044502,155 703 414,B01,1.0,7.0,0,2,3,15,1.0,
202400044503,155 703 412,A01,2.0,7.0,0,1,3,1,1.0,
202400044504,155 703 413,A01,3.0,10.0,2,0,2,26,1.0,
202400044505,155 703 410,A01,2.0,33.0,0,1,1,1,1.0,
202400044506,155 703 408,A01,1.0,7.0,6,0,1,1,2.0,
202400044507,155 703 407,C01,0.0,7.0,0,2,1,1,1.0,
202400044508,155 703 405,A01,1.0,31.0,0,1,1,1,1.0,
202400044509,155 703 402,A01,1.0,30.0,0,2,3,1,3.0,
202400044510,155 703 401,A01,3.0,14.0,0,2,2,21,1.0,
202400044511,155 703 397,A01,1.0,7.0,0,1,1,15,2.0,
202400044512,155 703 396,D01,2.0,7.0,0,2,3,1,3.0,
202400044513,155 703 394,B01,2.0,33.0,0,2,1,1,0.0,
202400044514,155 703 391,B01,1.0,31.0,0,2,1,1,1.0,
202400044515,155 703 389,A01,3.0,33.0,16,0,8,0,1.0,
202400044516,155 703 388,C01,2.0,2.0,0,9,7,2,1.0,
202400044517,155 703 387,A01,2.0,7.0,0,1,1,1,2.0,
202400044518,155 703 386,A01,1.0,7.0,0,1,1,1,1.0,
202400044519,155 703 385,A01,2.0,10.0,0,1,0,1,1.0,
202400044520,155 703 384,A01,1.0,7.0,0,1,3,1,0.0,
202400044521,155 703 382,A01,2.0,33.0,0,2,1,26,1.0,
202400044522,155 703 378,B01,3.0,31.0,0,2,3,15,3.0,
202400044523,155 703 377,A01,1.0,7.0,0,2,5,1,1.0,
202400044524,155 703 376,B01,1.0,1.0,1,0,1,2,5.0,
202400044525,155 703 373,A01,1.0,7.0,0,1,3,0,0.0,
202400044526,155 703 372,B01,1.0,31.0,0,2,6,23,1.0,
202400044527,155 703 374,Z01,2.0,10.0,0,1,6,0,0.0,
202400044528,155 703 368,A01,1.0,7.0,0,2,2,14,1.0,
202400044529,155 703 369,A01,2.0,7.0,0,2,3,13,1.0,
202400044530,155 703 367,A01,2.0,1.0,12,0,1,26,5.0,
202400044531,155 703 365,A01,3.0,7.0,0,9,1,15,1.0,
202400044532,155 703 363,A01,1.0,7.0,0,1,2,13,1.0,
202400044533,155 703 364,A01,1.0,7.0,0,1,1,15,2.0,
202400044534,155 703 362,A01,2.0,7.0,0,1,1,1,1.0,
202400044535,155 703 361,A01,2.0,32.0,0,1,1,5,1.0,
202400044536,155 703 358,A01,1.0,33.0,0,2,3,26,1.0,
202400044537,155 703 356,A01,2.0,7.0,0,2,3,10,1.0,
202400044538,155 703 355,A01,3.0,7.0,5,2,1,26,1.0,
202400044539,155 703 354,A01,3.0,37.0,0,0,2,1,1.0,1
202400044540,155 703 351,A01,2.0,7.0,0,2,1,15,1.0,
202400044541,155 703 348,A01,1.0,10.0,0,2,0,0,1.0,
202400044542,155 703 349,B01,1.0,80.0,0,2,8,13,3.0,
202400044543,155 703 347,A01,3.0,7.0,0,1,1,16,1.0,
202400044544,155 703 345,A01,1.0,34.0,0,1,1,2,1.0,
202400044545,155 703 343,A01,1.0,1.0,0,2,1,1,5.0,
202400044546,155 703 338,C01,0.0,7.0,0,2,2,1,0.0,
202400044547,155 703 335,B01,0.0,1.0,0,2,7,1,5.0,
202400044548,155 703 334,A01,0.0,7.0,9,0,1,1,1.0,
202400044549,155 703 331,B01,2.0,30.0,0,0,0,0,0.0,
202400044550,155 703 333,A01,2.0,7.0,1,2,3,23,2.0,
202400044551,155 703 329,B01,1.0,30.0,0,2,1,1,1.0,
202400044552,155 703 340,B01,3.0,7.0,0,2,4,1,1.0,
202400044553,155 703 326,A01,0.0,7.0,0,2,2,16,1.0,
202400044554,155 703 324,A01,3.0,7.0,0,2,1,15,1.0,
202400044555,155 703 321,A01,3.0,1.0,0,2,1,1,5.0,
202400044556,155 703 322,A01,1.0,7.0,0,2,1,15,2.0,
202400044557,155 703 317,B01,1.0,7.0,0,2,5,15,0.0,
202400044558,155 703 316,A01,1.0,1.0,0,2,3,15,5.0,
202400044559,155 703 315,B01,2.0,1.0,0,2,3,22,5.0,
202400044560,155 703 314,A01,0.0,10.0,0,1,1,1,1.0,
202400044561,155 703 312,A01,3.0,33.0,0,2,1,2,1.0,
202400044562,155 703 311,A01,0.0,7.0,0,1,1,15,1.0,
202400044563,155 703 308,B01,3.0,33.0,0,2,2,2,1.0,
202400044564,155 703 305,A01,1.0,7.0,0,2,6,2,1.0,
202400044565,155 703 303,A01,3.0,7.0,0,1,5,20,3.0,
202400044566,155 703 302,B01,0.0,13.0,0,2,2,1,3.0,
202400044567,155 703 301,A01,2.0,7.0,0,1,2,15,2.0,
202400044568,155 703 299,Z01,1.0,7.0,0,1,2,1,1.0,
202400044569,155 703 298,B01,3.0,7.0,0,2,1,1,2.0,
202400044570,155 703 294,A01,0.0,10.0,0,2,1,0,1.0,
202400044571,155 703 292,B01,3.0,7.0,1,2,7,1,1.0,
202400044572,155 703 291,A01,1.0,7.0,0,2,1,15,1.0,
202400044573,155 703 289,A01,3.0,7.0,0,1,1,21,1.0,
202400044574,155 703 288,A01,2.0,7.0,4,5,9,2,3.0,
202400044575,155 703 287,A01,1.0,7.0,0,1,0,13,0.0,
202400044576,155 703 284,B01,1.0,50.0,15,2,2,0,3.0,
202400044577,155 703 283,A01,1.0,7.0,0,2,1,5,1.0,
202400044578,155 703 281,A01,1.0,7.0,3,2,2,13,0.0,
202400044579,155 703 279,A01,1.0,32.0,0,2,7,17,1.0,
202400044580,155 703 278,A01,1.0,7.0,0,1,6,1,1.0,
202400044581,155 703 275,B01,1.0,33.0,0,2,1,1,1.0,
202400044582,155 703 274,B01,0.0,30.0,0,2,7,1,1.0,
202400044583,155 703 272,B01,0.0,1.0,0,2,7,1,5.0,
202400044584,155 703 270,A01,3.0,7.0,1,0,1,0,1.0,
202400044585,155 703 269,A01,2.0,10.0,0,2,1,1,1.0,
202400044586,155 703 268,A01,2.0,14.0,1,1,3,20,1.0,
202400044587,155 703 267,A01,1.0,13.0,0,1,7,1,0.0,
202400044588,155 703 266,A01,2.0,7.0,0,1,0,2,1.0,
202400044589,155 703 265,A01,0.0,50.0,15,0,1,1,3.0,
202400044590,155 703 263,A01,1.0,10.0,0,2,7,14,1.0,
202400044591,155 703 261,A01,0.0,10.0,0,1,3,20,1.0,
202400044592,155 703 258,B01,1.0,1.0,0,2,7,19,5.0,
202400044593,155 703 259,B01,2.0,7.0,0,0,1,5,1.0,
202400044594,155 703 256,B01,3.0,2.0,0,2,1,11,1.0,
202400044595,155 703 254,A01,1.0,33.0,0,0,7,1,1.0,
202400044596,155 703 253,A01,3.0,50.0,12,0,0,26,3.0,
202400044597,155 703 252,B01,1.0,7.0,0,2,8,1,1.0,
202400044598,155 703 248,A01,1.0,7.0,0,2,7,15,1.0,
202400044599,155 703 246,A01,0.0,7.0,0,2,1,1,1.0,
202400044600,155 703 247,A01,1.0,7.0,0,2,2,16,1.0,
202400044601,155 703 244,A01,2.0,10.0,0,2,7,17,1.0,
202400044602,155 703 242,A01,3.0,7.0,0,2,3,1,1.0,
202400044603,155 703 240,A01,2.0,10.0,0,1,8,15,1.0,
202400044604,155 703 239,A01,3.0,7.0,0,2,1,1,1.0,
202400044605,155 703 237,A01,1.0,15.0,5,2,6,13,0.0,
202400044606,155 703 233,A01,3.0,10.0,8,0,2,14,1.0,
202400044607,155 703 231,B01,1.0,34.0,0,2,1,1,1.0,
202400044608,155 703 232,A01,3.0,7.0,0,2,4,2,1.0,
202400044609,155 703 230,A01,3.0,7.0,2,0,3,13,1.0,
202400044610,155 703 228,A01,3.0,7.0,0,1,1,2,2.0,
202400044611,155 703 226,A01,1.0,7.0,14,2,8,6,1.0,
202400044612,155 703 225,A01,2.0,2.0,9,0,7,1,1.0,
202400044613,155 703 223,B01,1.0,7.0,0,2,8,1,1.0,
202400044614,155 703 221,A01,1.0,7.0,2,0,7,1,1.0,
202400044615,155 703 218,A01,1.0,7.0,0,1,1,0,1.0,
202400044616,155 703 219,B01,2.0,7.0,13,2,3,1,1.0,
202400044617,155 703 217,A01,1.0,7.0,0,1,2,19,1.0,
202400044618,155 703 215,A01,1.0,7.0,1,0,1,26,1.0,
202400044619,155 703 214,A01,1.0,10.0,0,2,3,13,1.0,
202400044620,155 703 212,A01,2.0,7.0,0,0,4,2,1.0,
202400044621,155 703 210,A01,1.0,3.0,0,2,1,2,1.0,
202400044622,155 703 209,A01,2.0,1.0,0,0,1,1,5.0,
202400044623,155 703 208,A01,1.0,7.0,14,0,3,11,1.0,
202400044624,155 703 207,A01,3.0,7.0,0,1,1,26,1.0,
202400044625,155 703 203,B01,2.0,1.0,0,0,4,1,5.0,
202400044626,155 703 204,A01,1.0,7.0,0,2,0,1,1.0,
202400044627,155 703 201,B01,1.0,50.0,0,2,0,0,3.0,
202400044628,155 703 199,A01,2.0,7.0,7,0,1,1,1.0,
202400044629,155 703 197,A01,1.0,50.0,8,0,1,1,3.0,
202400044630,155 703 195,A01,2.0,31.0,0,2,1,1,1.0,
202400044631,155 703 194,A01,3.0,7.0,0,0,2,0,1.0,
202400044632,155 703 192,A01,2.0,7.0,0,1,2,1,1.0,
202400044633,155 703 191,A01,3.0,7.0,0,2,2,1,1.0,
202400044634,155 703 189,A01,2.0,7.0,0,2,2,13,1.0,
202400044635,155 703 185,A01,2.0,7.0,3,0,1,0,3.0,
202400044636,155 703 183,C01,1.0,7.0,0,2,1,0,1.0,
202400044637,155 703 181,A01,0.0,7.0,2,0,0,1,1.0,
202400044638,155 703 182,A01,1.0,7.0,0,0,4,23,2.0,
202400044639,155 703 179,A01,0.0,1.0,0,0,0,25,5.0,
202400044640,155 703 178,B01,3.0,33.0,0,2,7,1,1.0,
202400044641,155 703 177,A01,1.0,7.0,2,0,3,14,1.0,
202400044642,155 703 175,A01,1.0,21.0,0,2,2,16,1.0,
202400044643,155 703 174,A01,1.0,7.0,0,0,1,1,1.0,
202400044644,155 703 173,A01,1.0,13.0,0,1,1,15,1.0,
202400044645,155 703 172,A01,1.0,7.0,14,0,1,1,1.0,
202400044646,155 703 170,B01,1.0,33.0,7,0,3,1,1.0,
202400044647,155 703 171,A01,1.0,7.0,0,1,3,15,1.0,
202400044648,155 703 167,B01,2.0,1.0,0,2,4,2,5.0,
202400044649,155 703 165,A01,3.0,7.0,0,2,1,17,0.0,
202400044650,155 703 164,A01,2.0,7.0,0,1,1,1,1.0,
202400044651,155 703 163,A01,3.0,7.0,0,1,1,15,1.0,
202400044652,155 703 161,A01,2.0,7.0,0,2,6,10,1.0,
202400044653,155 703 157,A01,3.0,2.0,0,2,1,17,1.0,
202400044654,155 703 158,A01,1.0,7.0,0,2,7,15,1.0,
202400044655,155 703 155,A01,3.0,7.0,0,2,3,1,1.0,
202400044656,155 703 154,Z01,1.0,0.0,0,1,1,1,0.0,
202400044657,155 703 152,A01,3.0,7.0,0,2,1,1,1.0,
202400044658,155 703 151,A01,2.0,7.0,2,0,1,1,1.0,
202400044659,155 703 148,A01,1.0,21.0,0,2,6,15,1.0,
202400044660,155 703 147,B01,1.0,50.0,0,2,7,26,3.0,
202400044661,155 703 146,A01,2.0,7.0,2,0,1,13,1.0,
202400044662,155 703 144,A01,0.0,7.0,0,2,6,9,1.0,
202400044663,155 703 142,A01,2.0,7.0,0,0,8,19,1.0,
202400044664,155 703 140,B01,2.0,7.0,0,2,8,1,1.0,
202400044665,155 703 139,A01,1.0,7.0,0,1,1,1,1.0,
202400044666,155 703 138,A01,2.0,7.0,0,1,3,15,1.0,
202400044667,155 703 137,A01,1.0,7.0,9,0,1,6,1.0,
202400044668,155 703 135,A01,1.0,7.0,2,0,1,1,1.0,
202400044669,155 703 132,A01,1.0,7.0,0,2,1,1,1.0,
202400044670,155 703 129,A01,1.0,7.0,0,9,1,1,1.0,
202400044671,155 703 127,B01,1.0,7.0,0,1,1,1,1.0,
202400044672,155 703 125,B01,2.0,7.0,0,2,2,15,1.0,
202400044673,155 703 124,A01,1.0,10.0,0,1,1,21,1.0,
202400044674,155 703 123,A01,2.0,7.0,11,0,1,1,2.0,
202400044675,155 703 122,A01,3.0,7.0,0,1,1,1,1.0,
202400044676,155 703 119,A01,3.0,37.0,0,1,5,15,1.0,1
202400044677,155 703 116,A01,2.0,7.0,0,1,3,1,1.0,
202400044678,155 703 115,B01,2.0,1.0,0,2,4,1,5.0,
202400044679,155 703 114,A01,2.0,7.0,2,0,3,1,1.0,
202400044680,155 703 113,A01,1.0,7.0,0,1,2,1,1.0,
202400044681,155 703 110,A01,2.0,10.0,0,0,5,15,1.0,
202400044682,155 703 107,B01,2.0,33.0,0,2,1,1,1.0,
202400044683,155 703 104,A01,3.0,7.0,0,2,3,9,1.0,
202400044684,155 703 106,A01,1.0,7.0,0,2,3,2,1.0,
202400044685,155 703 103,A01,2.0,7.0,9,0,2,1,2.0,
202400044686,155 703 100,A01,0.0,7.0,0,2,1,5,1.0,
202400044687,155 703 099,A01,2.0,7.0,0,2,3,1,1.0,
202400044688,155 703 096,A01,0.0,7.0,0,1,4,4,1.0,
202400044689,155 703 097,A01,3.0,10.0,0,2,2,14,3.0,
202400044690,155 703 094,B01,3.0,1.0,0,0,4,1,5.0,
202400044691,155 703 093,A01,1.0,7.0,0,1,8,1,1.0,
202400044692,155 703 091,A01,3.0,10.0,0,2,2,1,1.0,
202400044693,155 703 087,A01,2.0,33.0,0,2,9,7,1.0,
202400044694,155 703 085,A01,1.0,7.0,0,2,4,11,0.0,
202400044695,155 703 083,B01,2.0,17.0,0,2,4,1,1.0,
202400044696,155 703 082,A01,3.0,7.0,0,1,1,0,0.0,
202400044697,155 703 081,A01,1.0,10.0,0,0,1,1,0.0,
202400044698,155 703 079,A01,2.0,7.0,0,2,1,2,1.0,
202400044699,155 703 075,A01,0.0,14.0,0,2,3,15,1.0,
202400044700,155 703 074,A01,2.0,10.0,0,1,1,15,1.0,
202400044701,155 703 072,A01,3.0,7.0,0,2,3,1,1.0,
202400044702,155 703 071,A01,0.0,2.0,0,0,0,1,1.0,
202400044703,155 703 069,A01,3.0,7.0,0,2,2,15,1.0,
202400044704,155 703 066,A01,1.0,7.0,0,2,1,2,1.0,
202400044705,155 703 064,A01,1.0,10.0,0,2,1,1,1.0,
202400044706,155 703 063,A01,1.0,10.0,0,1,1,1,1.0,
202400044707,155 703 061,A01,2.0,7.0,0,2,3,9,1.0,
202400044708,155 703 059,B01,2.0,1.0,0,2,7,19,5.0,
202400044709,155 703 058,B01,3.0,1.0,0,0,0,21,5.0,
202400044710,155 703 057,A01,3.0,7.0,0,1,1,1,1.0,
202400044711,155 703 056,A01,2.0,10.0,0,1,2,1,1.0,
202400044712,155 703 054,A01,1.0,7.0,0,2,4,23,1.0,
202400044713,155 703 053,A01,2.0,7.0,0,1,2,17,1.0,
202400044714,155 703 052,A01,2.0,7.0,0,1,2,1,1.0,
202400044715,155 703 051,A01,3.0,7.0,8,0,1,13,0.0,
202400044716,155 703 049,B01,3.0,7.0,0,2,4,2,1.0,
202400044717,155 703 048,A01,3.0,7.0,0,2,1,1,1.0,
202400044718,155 703 046,A01,1.0,10.0,0,2,7,1,1.0,
202400044719,155 703 044,A01,1.0,7.0,0,2,3,15,1.0,
202400044720,155 703 042,A01,2.0,7.0,0,2,6,1,1.0,
202400044721,155 703 041,A01,3.0,7.0,0,1,1,1,1.0,
202400044722,155 703 039,A01,1.0,7.0,0,2,3,26,2.0,
202400044723,155 703 037,B01,3.0,7.0,0,2,1,1,1.0,
202400044724,155 703 035,B01,3.0,7.0,0,2,2,15,1.0,
202400044725,155 703 034,A01,1.0,7.0,0,1,3,16,1.0,
202400044726,155 703 032,A01,3.0,7.0,0,2,1,0,1.0,
202400044727,155 703 029,A01,1.0,7.0,0,2,1,0,2.0,
202400044728,155 703 027,B01,2.0,10.0,0,2,3,15,6.0,
202400044729,155 703 025,B01,2.0,80.0,0,2,4,2,3.0,
202400044730,155 703 023,A01,0.0,7.0,0,2,3,15,1.0,
202400044731,155 703 021,A01,1.0,34.0,0,2,1,17,1.0,
202400044732,155 703 018,A01,2.0,7.0,6,2,1,13,1.0,
202400044733,155 703 016,B01,1.0,7.0,0,2,3,13,1.0,
202400044734,155 703 011,C01,1.0,7.0,0,2,4,23,1.0,
202400044735,155 703 010,A01,1.0,7.0,0,2,1,1,1.0,
202400044736,155 703 009,A01,1.0,7.0,8,0,3,2,1.0,
202400044737,155 703 008,A01,2.0,7.0,13,0,1,0,1.0,
202400044738,155 703 006,A01,3.0,7.0,0,1,1,1,1.0,
202400044739,155 703 003,A01,3.0,7.0,1,0,3,16,1.0,
202400044740,155 703 001,A01,2.0,30.0,0,1,1,1,1.0,
202400044741,155 703 000,A01,1.0,10.0,15,2,1,1,1.0,
202400044742,155 702 994,A01,1.0,7.0,0,9,1,1,1.0,
202400044743,155 702 993,D01,1.0,7.0,0,9,1,1,1.0,
202400044744,155 702 990,B01,2.0,10.0,0,9,1,9,1.0,
202400044745,155 702 989,B01,1.0,7.0,0,2,4,23,1.0,
202400044746,155 702 987,A01,1.0,7.0,0,1,2,1,1.0,
202400044747,155 702 986,A01,2.0,7.0,0,0,6,23,1.0,
202400044748,155 702 984,A01,2.0,7.0,0,1,3,16,1.0,
202400044749,155 702 983,A01,2.0,33.0,0,9,1,1,1.0,
202400044750,155 702 982,A01,2.0,7.0,8,0,1,13,1.0,
202400044751,155 702 981,A01,1.0,2.0,0,0,7,14,1.0,
202400044752,155 702 978,C01,2.0,33.0,0,2,4,1,1.0,
202400044753,155 702 977,A01,2.0,7.0,2,0,3,1,3.0,
202400044754,155 702 973,A01,1.0,10.0,0,2,1,2,1.0,
202400044755,155 702 972,A01,1.0,33.0,0,2,1,12,1.0,
202400044756,155 702 971,A01,2.0,1.0,0,0,0,1,5.0,
202400044757,155 702 970,A01,2.0,7.0,8,0,2,1,1.0,
202400044758,155 702 969,A01,1.0,34.0,0,1,1,18,3.0,
202400044759,155 702 967,A01,2.0,7.0,0,2,2,13,1.0,
202400044760,155 702 966,A01,1.0,33.0,0,0,2,1,1.0,
202400044761,155 702 963,B01,1.0,1.0,0,2,3,1,5.0,
202400044762,155 702 962,A01,2.0,7.0,0,2,1,1,1.0,
202400044763,155 702 960,Z01,1.0,7.0,0,2,0,2,1.0,
202400044764,155 702 959,A01,1.0,1.0,0,1,1,1,5.0,
202400044765,155 702 957,A01,2.0,1.0,0,1,1,1,5.0,
202400044766,155 702 956,A01,3.0,7.0,0,2,1,13,1.0,
202400044767,155 702 955,A01,1.0,7.0,0,1,2,1,1.0,
202400044768,155 702 953,A01,1.0,7.0,0,2,3,1,1.0,
202400044769,155 702 952,A01,1.0,30.0,0,0,0,1,1.0,
202400044770,155 702 951,A01,0.0,7.0,15,0,1,1,1.0,
202400044771,155 702 949,A01,1.0,7.0,0,2,3,15,1.0,
202400044772,155 702 948,A01,2.0,33.0,13,0,1,1,1.0,
202400044773,155 702 945,B01,1.0,7.0,8,2,3,1,1.0,
202400044774,155 702 944,A01,2.0,7.0,0,2,3,17,1.0,
202400044775,155 702 943,A01,1.0,1.0,0,0,-1,1,5.0,
202400044776,155 702 941,A01,3.0,7.0,0,2,8,0,1.0,
202400044777,155 702 939,B01,2.0,1.0,8,2,0,0,5.0,
202400044778,155 702 938,A01,3.0,7.0,0,1,2,17,1.0,
202400044779,155 702 935,A01,2.0,1.0,0,0,8,1,5.0,
202400044780,155 702 934,A01,2.0,7.0,0,2,3,5,1.0,
202400044781,155 702 932,A01,2.0,15.0,3,0,2,1,1.0,
202400044782,155 702 931,B01,1.0,7.0,0,2,4,0,1.0,
202400044783,155 702 930,A01,1.0,7.0,0,1,7,15,3.0,
202400044784,155 702 929,A01,2.0,7.0,0,0,0,19,1.0,
202400044785,155 702 927,A01,1.0,33.0,0,6,1,17,1.0,
202400044786,155 702 924,A01,1.0,10.0,0,2,4,23,1.0,
202400044787,155 702 923,A01,1.0,7.0,0,2,2,1,1.0,
202400044788,155 702 921,A01,1.0,33.0,0,6,1,1,1.0,
202400044789,155 702 920,B01,2.0,50.0,0,2,1,1,3.0,
202400044790,155 702 917,B01,1.0,1.0,0,0,4,1,5.0,
202400044791,155 702 916,B01,3.0,7.0,0,2,1,2,1.0,
202400044792,155 702 914,B01,1.0,7.0,2,2,0,1,1.0,
202400044793,155 702 913,A01,2.0,7.0,0,0,2,0,1.0,
202400044794,155 702 909,B01,3.0,7.0,0,2,3,1,1.0,
202400044795,155 702 910,A01,1.0,7.0,3,0,1,14,1.0,
202400044796,155 702 908,A01,1.0,7.0,0,1,1,1,1.0,
202400044797,155 702 905,A01,1.0,7.0,0,1,1,1,1.0,
202400044798,155 702 903,B01,0.0,37.0,0,1,0,15,1.0,1
202400044799,155 702 904,B01,1.0,2.0,0,2,8,1,1.0,
202400044800,155 702 900,B01,1.0,1.0,0,2,1,13,5.0,
202400044801,155 702 898,A01,1.0,30.0,0,2,8,1,1.0,
202400044802,155 702 897,A01,1.0,7.0,0,2,1,15,0.0,
202400044803,155 702 895,A01,3.0,7.0,0,2,3,21,1.0,
202400044804,155 702 893,A01,3.0,7.0,6,1,2,14,1.0,
202400044805,155 702 894,A01,3.0,7.0,0,1,2,16,1.0,
202400044806,155 702 891,A01,1.0,10.0,0,2,3,13,1.0,
202400044807,155 702 889,A01,3.0,32.0,0,0,7,1,1.0,
202400044808,155 702 887,A01,2.0,31.0,0,9,1,1,1.0,
202400044809,155 702 886,B01,2.0,10.0,0,2,1,1,1.0,
202400044810,155 702 880,D01,2.0,10.0,0,0,4,2,1.0,
202400044811,155 702 881,B01,1.0,10.0,0,1,1,24,1.0,
202400044812,155 702 878,A01,0.0,7.0,0,2,3,9,1.0,
202400044813,155 702 877,A01,2.0,7.0,13,9,1,13,1.0,
202400044814,155 702 876,A01,0.0,50.0,0,0,0,0,3.0,
202400044815,155 702 873,A01,2.0,10.0,12,0,1,0,1.0,
202400044816,155 702 872,A01,1.0,7.0,0,2,1,19,1.0,
202400044817,155 702 871,A01,1.0,10.0,0,2,3,13,1.0,
202400044818,155 702 870,A01,1.0,1.0,0,0,0,21,5.0,
202400044819,155 702 867,A01,2.0,33.0,16,0,7,1,1.0,
202400044820,155 702 868,A01,0.0,33.0,12,0,0,16,1.0,
202400044821,155 702 865,B01,1.0,7.0,0,2,8,15,1.0,
202400044822,155 702 864,A01,3.0,30.0,0,0,7,1,3.0,
202400044823,155 702 863,A01,1.0,7.0,8,0,1,1,2.0,
202400044824,155 702 861,A01,3.0,7.0,0,1,1,0,1.0,
202400044825,155 702 860,A01,2.0,7.0,0,2,1,5,0.0,
202400044826,155 702 859,A01,1.0,7.0,2,0,1,1,1.0,
202400044827,155 702 858,A01,3.0,7.0,0,0,0,9,1.0,
202400044828,155 702 857,A01,2.0,15.0,4,0,0,0,1.0,
202400044829,155 702 856,A01,2.0,7.0,13,0,2,1,1.0,
202400044830,155 702 854,A01,3.0,37.0,0,2,1,21,1.0,1
202400044831,155 702 853,A01,1.0,7.0,4,0,1,1,2.0,
202400044832,155 702 852,A01,2.0,33.0,0,1,1,1,1.0,
202400044833,155 702 847,B01,2.0,7.0,0,2,1,1,1.0,
202400044834,155 702 848,A01,1.0,7.0,3,2,1,1,1.0,
202400044835,155 702 846,A01,1.0,33.0,0,0,0,17,1.0,
202400044836,155 702 844,A01,2.0,10.0,0,1,2,1,1.0,
202400044837,155 702 842,A01,2.0,7.0,4,0,4,26,1.0,
202400044838,155 702 841,A01,1.0,7.0,0,2,1,15,1.0,
202400044839,155 702 839,B01,2.0,33.0,0,2,1,1,1.0,
202400044840,155 702 838,A01,3.0,7.0,0,1,1,1,1.0,
202400044841,155 702 835,A01,3.0,50.0,0,0,0,1,3.0,
202400044842,155 702 833,A01,1.0,7.0,13,0,9,1,1.0,
202400044843,155 702 831,A01,2.0,10.0,0,1,3,1,1.0,
202400044844,155 702 832,B01,1.0,10.0,0,2,9,2,1.0,
202400044845,155 702 829,A01,2.0,7.0,0,2,2,13,1.0,
202400044846,155 702 826,B01,1.0,7.0,0,2,1,1,1.0,
202400044847,155 702 824,A01,3.0,7.0,6,0,1,0,1.0,
202400044848,155 702 823,A01,2.0,7.0,0,2,1,2,1.0,
202400044849,155 702 820,A01,2.0,10.0,3,2,1,2,1.0,
202400044850,155 702 819,A01,1.0,7.0,0,0,0,16,1.0,
202400044851,155 702 818,B01,2.0,2.0,0,2,1,1,1.0,
202400044852,155 702 810,D01,1.0,7.0,13,0,7,21,1.0,
202400044853,155 702 811,A01,1.0,7.0,0,0,8,19,1.0,
202400044854,155 702 809,A01,2.0,7.0,0,2,1,3,1.0,
202400044855,155 702 808,A01,1.0,33.0,13,0,1,1,1.0,
202400044856,155 702 806,A01,2.0,10.0,0,2,1,2,1.0,
202400044857,155 702 802,D01,1.0,7.0,0,0,4,1,0.0,
202400044858,155 702 803,A01,2.0,33.0,2,0,1,0,1.0,
202400044859,155 702 798,C01,2.0,7.0,0,2,7,1,1.0,
202400044860,155 702 797,A01,1.0,7.0,0,2,3,13,1.0,
202400044861,155 702 795,A01,2.0,7.0,10,0,6,24,1.0,
202400044862,155 702 794,A01,1.0,30.0,16,0,0,1,1.0,
202400044863,155 702 789,A01,1.0,7.0,0,2,1,2,1.0,
202400044864,155 702 790,A01,1.0,33.0,0,2,3,1,1.0,
202400044865,155 702 788,A01,1.0,7.0,0,1,1,1,1.0,
202400044866,155 702 785,A01,2.0,43.0,0,2,3,3,1.0,
202400044867,155 702 784,A01,1.0,7.0,0,1,1,1,1.0,
202400044868,155 702 783,B01,3.0,7.0,0,0,8,15,1.0,
202400044869,155 702 782,A01,1.0,7.0,4,0,3,2,1.0,
202400044870,155 702 781,A01,2.0,7.0,6,0,1,1,1.0,
202400044871,155 702 780,A01,1.0,33.0,1,0,7,14,1.0,