Num_Acc,id_vehicule,num_veh,senc,catv,obs,obsm,choc,manv,motor,occutc
202400044872,155 702 777,B01,1.0,7.0,0,2,4,1,1.0,
202400044873,155 702 776,A01,3.0,1.0,0,2,7,15,5.0,
202400044874,155 702 773,B01,3.0,7.0,0,2,3,0,0.0,
202400044875,155 702 771,A01,1.0,7.0,4,0,4,23,1.0,
202400044876,155 702 768,A01,1.0,7.0,3,0,0,0,1.0,
202400044877,155 702 767,B01,1.0,15.0,0,2,3,1,1.0,
202400044878,155 702 765,A01,1.0,33.0,0,2,3,2,1.0,
202400044879,155 702 762,B01,1.0,14.0,0,2,2,1,1.0,
202400044880,155 702 760,A01,1.0,7.0,0,2,8,15,0.0,
202400044881,155 702 761,A01,1.0,7.0,4,0,1,26,1.0,
202400044882,155 702 759,A01,2.0,10.0,6,0,1,1,1.0,
202400044883,155 702 756,A01,2.0,7.0,4,0,1,1,1.0,
202400044884,155 702 755,A01,1.0,7.0,0,2,1,9,0.0,
202400044885,155 702 752,A01,0.0,7.0,0,0,3,2,1.0,
202400044886,155 702 749,A01,2.0,2.0,0,2,0,13,1.0,
202400044887,155 702 748,A01,2.0,15.0,0,2,2,21,1.0,
202400044888,155 702 745,A01,2.0,10.0,8,0,1,0,1.0,
202400044889,155 702 746,A01,3.0,7.0,0,2,1,1,1.0,
202400044890,155 702 743,A01,1.0,7.0,0,1,1,2,1.0,
202400044891,155 702 739,A01,1.0,7.0,0,2,1,1,1.0,
202400044892,155 702 741,A01,2.0,7.0,0,2,0,1,1.0,
202400044893,155 702 735,A01,3.0,7.0,0,2,8,19,1.0,
202400044894,155 702 734,B01,1.0,7.0,0,2,3,1,1.0,
202400044895,155 702 733,A01,3.0,7.0,13,0,3,0,1.0,
202400044896,155 702 729,A01,1.0,7.0,0,2,3,19,1.0,
202400044897,155 702 728,A01,3.0,15.0,0,2,1,1,6.0,
202400044898,155 702 731,A01,1.0,37.0,0,9,1,19,1.0,5
202400044899,155 702 727,A01,2.0,7.0,2,0,9,0,2.0,
202400044900,155 702 725,A01,1.0,7.0,0,1,2,15,1.0,
202400044901,155 702 726,A01,1.0,7.0,0,1,2,1,1.0,
202400044902,155 702 723,B01,1.0,1.0,0,2,4,0,5.0,
202400044903,155 702 721,A01,1.0,33.0,0,2,2,17,1.0,
202400044904,155 702 720,A01,1.0,7.0,0,1,2,1,1.0,
202400044905,155 702 717,B01,1.0,7.0,0,2,1,1,1.0,
202400044906,155 702 716,B01,1.0,33.0,0,2,0,0,1.0,
202400044907,155 702 714,A01,1.0,7.0,0,2,3,1,2.0,
202400044908,155 702 712,B01,1.0,1.0,0,0,0,21,5.0,
202400044909,155 702 711,A01,1.0,7.0,0,1,0,1,1.0,
202400044910,155 702 708,A01,1.0,7.0,2,0,3,15,1.0,
202400044911,155 702 709,B01,2.0,7.0,0,2,1,1,1.0,
202400044912,155 702 703,B01,2.0,33.0,0,2,1,1,1.0,
202400044913,155 702 702,B01,1.0,7.0,0,2,1,1,1.0,
202400044914,155 702 701,B01,2.0,7.0,0,2,1,1,1.0,
202400044915,155 702 700,A01,3.0,1.0,0,1,1,25,5.0,
202400044916,155 702 698,A01,1.0,10.0,0,1,2,26,1.0,
202400044917,155 702 697,A01,3.0,33.0,0,1,8,1,1.0,
202400044918,155 702 696,B01,1.0,7.0,0,2,3,0,2.0,
202400044919,155 702 691,A01,1.0,7.0,0,2,3,1,1.0,
202400044920,155 702 693,A01,1.0,7.0,0,2,2,1,1.0,
202400044921,155 702 690,B01,1.0,7.0,0,2,1,0,1.0,
202400044922,155 702 685,A01,1.0,33.0,0,2,1,2,1.0,
202400044923,155 702 681,B01,1.0,7.0,0,2,1,0,1.0,
202400044924,155 702 680,B01,2.0,7.0,0,2,3,1,1.0,
202400044925,155 702 677,A01,1.0,7.0,0,2,4,1,1.0,
202400044926,155 702 676,A01,2.0,7.0,1,0,4,23,1.0,
202400044927,155 702 675,A01,1.0,7.0,0,0,9,13,1.0,
202400044928,155 702 672,B01,2.0,33.0,0,2,7,1,1.0,
202400044929,155 702 670,C01,2.0,7.0,16,2,4,2,1.0,
202400044930,155 702 667,A01,1.0,7.0,0,2,5,16,1.0,
202400044931,155 702 663,A01,2.0,7.0,0,2,1,5,1.0,
202400044932,155 702 664,C01,2.0,7.0,0,2,4,2,1.0,
202400044933,155 702 661,A01,2.0,7.0,0,2,3,1,1.0,
202400044934,155 702 658,A01,1.0,7.0,0,2,4,2,1.0,
202400044935,155 702 656,A01,2.0,7.0,8,0,1,14,1.0,
202400044936,155 702 657,A01,1.0,7.0,13,0,9,11,1.0,
202400044937,155 702 654,B01,1.0,7.0,0,2,1,2,2.0,
202400044938,155 702 651,A01,0.0,7.0,0,2,3,26,1.0,
202400044939,155 702 650,A01,1.0,33.0,3,0,7,0,1.0,
202400044940,155 702 649,A01,1.0,7.0,0,2,2,1,1.0,
202400044941,155 702 644,A01,2.0,33.0,0,2,2,2,1.0,
202400044942,155 702 643,B01,1.0,10.0,0,2,1,2,1.0,
202400044943,155 702 640,A01,1.0,7.0,0,2,4,12,1.0,
202400044944,155 702 637,A01,2.0,7.0,4,2,2,26,1.0,
202400044945,155 702 636,B01,2.0,33.0,0,2,1,1,1.0,
202400044946,155 702 634,A01,1.0,7.0,0,2,1,14,1.0,
202400044947,155 702 631,A01,2.0,7.0,4,2,3,2,1.0,
202400044948,155 702 630,A01,1.0,7.0,0,2,1,1,1.0,
202400044949,155 702 628,A01,2.0,7.0,0,2,4,11,1.0,
202400044950,155 702 627,A01,2.0,7.0,0,2,4,1,1.0,
202400044951,155 702 623,B01,3.0,30.0,0,0,9,1,1.0,
202400044952,155 702 624,B01,1.0,7.0,4,2,8,1,1.0,
202400044953,155 702 622,A01,1.0,33.0,0,0,8,9,0.0,
202400044954,155 702 621,A01,2.0,10.0,13,0,9,16,1.0,
202400044955,155 702 620,A01,3.0,99.0,0,0,0,23,5.0,
202400044956,155 702 616,B01,1.0,7.0,0,2,6,0,2.0,
202400044957,155 702 617,A01,2.0,33.0,0,2,0,0,1.0,
202400044958,155 702 613,C01,2.0,7.0,0,2,6,3,1.0,
202400044959,155 702 609,A01,2.0,33.0,13,2,8,14,1.0,
202400044960,155 702 612,A01,1.0,10.0,4,0,3,0,1.0,
202400044961,155 702 607,B01,0.0,1.0,0,2,5,0,5.0,
202400044962,155 702 606,A01,2.0,7.0,0,2,1,15,1.0,
202400044963,155 702 604,A01,1.0,32.0,2,2,0,17,1.0,
202400044964,155 702 603,A01,2.0,7.0,0,1,2,1,1.0,
202400044965,155 702 602,A01,2.0,7.0,0,2,3,1,1.0,
202400044966,155 702 601,A01,1.0,7.0,0,0,1,1,1.0,
202400044967,155 702 598,B01,1.0,33.0,0,2,7,1,1.0,
202400044968,155 702 596,A01,1.0,7.0,0,2,2,14,1.0,
202400044969,155 702 595,A01,1.0,7.0,0,2,2,13,1.0,
202400044970,155 702 594,A01,2.0,7.0,0,2,1,26,1.0,
202400044971,155 702 592,A01,1.0,7.0,4,0,1,1,1.0,
202400044972,155 702 590,A01,1.0,7.0,0,2,1,19,1.0,
202400044973,155 702 588,A01,1.0,7.0,3,0,6,1,1.0,
202400044974,155 702 587,A01,2.0,7.0,2,2,1,1,2.0,
202400044975,155 702 586,A01,2.0,7.0,0,2,1,7,1.0,
202400044976,155 702 585,A01,2.0,33.0,2,0,0,1,1.0,
202400044977,155 702 583,A01,1.0,7.0,15,0,1,13,1.0,
202400044978,155 702 582,A01,3.0,7.0,0,2,7,1,2.0,
202400044979,155 702 580,A01,1.0,33.0,0,2,7,17,1.0,
202400044980,155 702 575,A01,3.0,30.0,0,2,1,1,1.0,
202400044981,155 702 573,A01,1.0,7.0,1,0,2,1,1.0,
202400044982,155 702 574,B01,1.0,1.0,0,9,1,21,5.0,
202400044983,155 702 571,A01,1.0,7.0,0,2,8,2,1.0,
202400044984,155 702 569,A01,1.0,7.0,4,0,1,12,1.0,
202400044985,155 702 565,A01,1.0,7.0,0,2,8,9,1.0,
202400044986,155 702 567,B01,2.0,2.0,0,2,1,1,1.0,
202400044987,155 702 563,A01,1.0,30.0,0,2,1,2,3.0,
202400044988,155 702 562,A01,2.0,14.0,0,2,2,11,1.0,
202400044989,155 702 560,A01,1.0,33.0,0,2,7,17,1.0,
202400044990,155 702 558,B01,1.0,21.0,0,2,3,15,1.0,
202400044991,155 702 555,A01,1.0,33.0,0,2,1,13,1.0,
202400044992,155 702 557,A01,3.0,30.0,14,0,1,1,1.0,
202400044993,155 702 551,B01,2.0,10.0,0,2,3,1,1.0,
202400044994,155 702 550,A01,2.0,7.0,0,2,2,1,1.0,
202400044995,155 702 549,A01,1.0,7.0,2,0,1,1,1.0,
202400044996,155 702 552,A01,1.0,7.0,15,0,2,1,1.0,
202400044997,155 702 544,A01,1.0,7.0,0,2,1,1,1.0,
202400044998,155 702 541,A01,1.0,7.0,14,2,1,1,1.0,
202400044999,155 702 540,A01,2.0,37.0,0,2,6,1,2.0,1
202400045000,155 702 542,A01,1.0,10.0,0,2,1,19,1.0,
202400045001,155 702 539,A01,3.0,37.0,0,1,2,26,4.0,1
202400045002,155 702 537,A01,1.0,7.0,0,2,1,0,1.0,
202400045003,155 702 536,A01,3.0,7.0,15,1,5,1,1.0,
202400045004,155 702 534,A01,1.0,7.0,2,0,1,1,1.0,
202400045005,155 702 533,C01,3.0,7.0,0,2,4,1,1.0,
202400045006,155 702 532,A01,0.0,7.0,0,1,0,0,0.0,
202400045007,155 702 530,A01,3.0,1.0,0,0,0,1,5.0,
202400045008,155 702 531,A01,2.0,7.0,1,0,1,1,1.0,
202400045009,155 702 524,A01,1.0,3.0,13,0,1,21,1.0,
202400045010,155 702 526,C01,3.0,7.0,0,2,1,26,1.0,
202400045011,155 702 523,B01,3.0,7.0,0,2,7,1,1.0,
202400045012,155 702 522,B01,2.0,7.0,0,2,1,1,1.0,
202400045013,155 702 520,A01,1.0,7.0,0,0,0,1,1.0,
202400045014,155 702 517,B01,0.0,1.0,0,2,3,1,5.0,
202400045015,155 702 515,A01,3.0,30.0,0,2,1,1,1.0,
202400045016,155 702 516,A01,1.0,7.0,0,2,3,19,1.0,
202400045017,155 702 511,B01,3.0,7.0,0,2,3,15,1.0,
202400045018,155 702 509,A01,1.0,7.0,2,0,2,1,1.0,
202400045019,155 702 506,A01,2.0,7.0,0,1,3,1,1.0,
202400045020,155 702 504,B01,3.0,7.0,0,2,2,0,0.0,
202400045021,155 702 507,A01,3.0,33.0,0,0,1,14,1.0,
202400045022,155 702 500,A01,1.0,7.0,0,2,1,2,1.0,
202400045023,155 702 499,A01,1.0,7.0,0,9,1,16,1.0,
202400045024,155 702 501,A01,0.0,33.0,1,0,2,1,1.0,
202400045025,155 702 497,A01,1.0,7.0,0,1,4,4,2.0,
202400045026,155 702 496,A01,0.0,10.0,8,0,3,0,1.0,
202400045027,155 702 494,B01,3.0,33.0,1,0,3,13,1.0,
202400045028,155 702 492,A01,1.0,7.0,0,2,5,16,1.0,
202400045029,155 702 490,A01,2.0,7.0,4,0,5,26,1.0,
202400045030,155 702 489,A01,1.0,33.0,0,2,1,13,1.0,
202400045031,155 702 485,A01,3.0,7.0,0,2,2,0,1.0,
202400045032,155 702 486,A01,2.0,7.0,0,2,1,15,1.0,
202400045033,155 702 482,A01,1.0,7.0,0,2,2,15,1.0,
202400045034,155 702 479,A01,2.0,7.0,0,2,2,20,1.0,
202400045035,155 702 478,A01,2.0,7.0,3,2,1,1,1.0,
202400045036,155 702 477,A01,1.0,7.0,0,2,1,1,1.0,
202400045037,155 702 474,A01,0.0,7.0,0,2,4,2,1.0,
202400045038,155 702 473,A01,3.0,30.0,0,1,1,1,1.0,
202400045039,155 702 471,A01,2.0,7.0,0,2,1,1,1.0,
202400045040,155 702 465,B01,1.0,50.0,0,2,1,1,3.0,
202400045041,155 702 464,A01,1.0,34.0,0,2,1,17,1.0,
202400045042,155 702 462,A01,1.0,7.0,5,2,0,17,1.0,
202400045043,155 702 461,A01,2.0,7.0,0,2,3,1,1.0,
202400045044,155 702 459,A01,3.0,33.0,13,9,1,17,1.0,
202400045045,155 702 458,A01,2.0,7.0,0,2,3,16,2.0,
202400045046,155 702 457,A01,2.0,7.0,0,2,1,19,2.0,
202400045047,155 702 455,A01,0.0,2.0,0,0,0,1,3.0,
202400045048,155 702 453,B01,1.0,30.0,0,2,1,5,1.0,
202400045049,155 702 454,A01,2.0,7.0,3,0,8,2,1.0,
202400045050,155 702 451,A01,1.0,1.0,0,1,2,9,5.0,
202400045051,155 702 449,B01,2.0,10.0,0,2,1,1,1.0,
202400045052,155 702 447,A01,3.0,7.0,0,1,1,16,1.0,
202400045053,155 702 446,A01,1.0,7.0,2,2,1,17,1.0,
202400045054,155 702 445,A01,1.0,15.0,0,2,7,16,1.0,
202400045055,155 702 442,A01,1.0,38.0,0,0,7,14,1.0,1
202400045056,155 702 439,A01,1.0,7.0,3,2,1,17,1.0,
202400045057,155 702 437,A01,2.0,33.0,0,2,2,17,1.0,
202400045058,155 702 441,A01,2.0,7.0,12,0,3,26,2.0,
202400045059,155 702 432,A01,1.0,7.0,13,0,3,1,1.0,
202400045060,155 702 431,A01,3.0,7.0,0,2,1,1,1.0,
202400045061,155 702 430,A01,2.0,7.0,1,2,1,1,1.0,
202400045062,155 702 428,B01,2.0,1.0,0,2,1,1,5.0,
202400045063,155 702 426,A01,1.0,31.0,0,0,8,13,1.0,
202400045064,155 702 425,A01,3.0,7.0,0,2,5,1,1.0,
202400045065,155 702 424,A01,1.0,7.0,4,0,3,0,1.0,
202400045066,155 702 423,B01,3.0,7.0,0,2,7,1,1.0,
202400045067,155 702 418,A01,2.0,30.0,0,2,1,2,1.0,
202400045068,155 702 417,A01,1.0,7.0,0,2,2,2,1.0,
202400045069,155 702 416,A01,1.0,7.0,0,2,4,26,2.0,
202400045070,155 702 415,A01,2.0,7.0,0,2,3,13,1.0,
202400045071,155 702 410,B01,2.0,7.0,0,2,3,15,1.0,
202400045072,155 702 409,A01,1.0,7.0,0,2,9,17,1.0,
202400045073,155 702 408,A01,2.0,7.0,0,2,6,1,1.0,
202400045074,155 702 407,B01,1.0,33.0,0,2,1,1,1.0,
202400045075,155 702 405,A01,2.0,7.0,0,0,9,1,1.0,
202400045076,155 702 401,A01,1.0,33.0,0,0,8,26,1.0,
202400045077,155 702 398,A01,1.0,7.0,8,2,1,0,1.0,
202400045078,155 702 394,B01,3.0,7.0,0,2,3,19,1.0,
202400045079,155 702 392,A01,2.0,33.0,0,2,1,2,1.0,
202400045080,155 702 391,A01,3.0,7.0,0,0,2,1,1.0,
202400045081,155 702 387,A01,1.0,7.0,0,0,4,1,1.0,
202400045082,155 702 385,A01,2.0,7.0,0,2,8,13,1.0,
202400045083,155 702 384,B01,2.0,33.0,0,2,1,1,1.0,
202400045084,155 702 383,A01,3.0,7.0,0,2,5,10,1.0,
202400045085,155 702 380,A01,1.0,21.0,0,2,3,5,0.0,
202400045086,155 702 376,A01,1.0,7.0,0,2,4,17,1.0,
202400045087,155 702 374,A01,1.0,7.0,4,0,3,1,1.0,
202400045088,155 702 372,A01,2.0,7.0,13,0,3,13,1.0,
202400045089,155 702 373,A01,1.0,50.0,0,2,1,13,3.0,
202400045090,155 702 371,A01,2.0,1.0,0,0,0,0,5.0,
202400045091,155 702 377,A01,0.0,7.0,0,2,3,9,1.0,
202400045092,155 702 367,A01,1.0,7.0,8,0,2,1,1.0,
202400045093,155 702 365,A01,2.0,7.0,0,2,2,2,1.0,
202400045094,155 702 363,A01,2.0,10.0,8,2,1,9,1.0,
202400045095,155 702 364,B01,0.0,7.0,0,2,4,23,1.0,
202400045096,155 702 361,A01,2.0,36.0,0,0,8,26,1.0,
202400045097,155 702 360,A01,0.0,7.0,0,1,1,1,1.0,
202400045098,155 702 356,B01,3.0,7.0,0,2,8,1,1.0,
202400045099,155 702 353,B01,2.0,7.0,0,2,1,2,1.0,
202400045100,155 702 354,A01,2.0,50.0,8,2,1,15,3.0,
202400045101,155 702 352,A01,1.0,7.0,0,2,4,2,3.0,
202400045102,155 702 350,A01,1.0,7.0,0,9,8,1,1.0,
202400045103,155 702 349,A01,2.0,7.0,2,0,0,13,1.0,
202400045104,155 702 348,A01,0.0,10.0,0,1,5,4,1.0,
202400045105,155 702 343,A01,0.0,10.0,0,2,1,1,1.0,
202400045106,155 702 341,A01,1.0,43.0,0,2,1,2,1.0,
202400045107,155 702 345,Z01,0.0,7.0,0,1,0,15,0.0,
202400045108,155 702 342,B01,1.0,7.0,0,2,7,1,1.0,
202400045109,155 702 337,A01,3.0,7.0,0,2,5,0,1.0,
202400045110,155 702 338,A01,1.0,7.0,0,2,1,9,1.0,
202400045111,155 702 336,A01,1.0,10.0,0,1,3,1,1.0,
202400045112,155 702 332,A01,1.0,7.0,0,1,0,1,0.0,
202400045113,155 702 331,A01,3.0,7.0,0,2,7,11,1.0,
202400045114,155 702 329,A01,2.0,10.0,0,2,1,15,1.0,
202400045115,155 702 327,B01,2.0,2.0,0,2,1,1,1.0,
202400045116,155 702 328,B01,2.0,1.0,0,2,3,2,5.0,
202400045117,155 702 324,A01,1.0,1.0,0,2,1,1,5.0,
202400045118,155 702 325,A01,1.0,7.0,0,1,1,1,1.0,
202400045119,155 702 322,A01,3.0,31.0,0,2,2,1,1.0,
202400045120,155 702 318,A01,2.0,7.0,0,2,2,1,1.0,
202400045121,155 702 317,A01,2.0,7.0,0,2,1,5,2.0,
202400045122,155 702 315,B01,2.0,33.0,0,2,1,1,1.0,
202400045123,155 702 313,A01,2.0,7.0,4,0,2,1,1.0,
202400045124,155 702 311,A01,2.0,7.0,8,0,1,1,1.0,
202400045125,155 702 312,A01,2.0,30.0,0,1,1,1,1.0,
202400045126,155 702 308,A01,1.0,7.0,0,2,1,1,1.0,
202400045127,155 702 309,A01,2.0,7.0,0,2,4,2,1.0,
202400045128,155 702 302,A01,1.0,1.0,0,2,2,1,5.0,
202400045129,155 702 301,A01,1.0,7.0,8,0,1,1,1.0,
202400045130,155 702 304,A01,1.0,10.0,0,2,1,13,1.0,
202400045131,155 702 303,A01,3.0,7.0,8,0,1,1,1.0,
202400045132,155 702 300,A01,2.0,10.0,0,1,2,17,1.0,
202400045133,155 702 298,A01,1.0,14.0,15,0,3,0,0.0,
202400045134,155 702 297,A01,1.0,7.0,0,2,4,9,1.0,
202400045135,155 702 296,A01,2.0,1.0,0,0,0,23,5.0,
202400045136,155 702 293,B01,2.0,7.0,0,2,1,1,0.0,
202400045137,155 702 290,A01,0.0,2.0,0,2,3,11,1.0,
202400045138,155 702 289,B01,1.0,37.0,0,2,4,23,1.0,1
202400045139,155 702 287,A01,2.0,2.0,3,0,7,1,1.0,
202400045140,155 702 288,A01,2.0,34.0,0,2,1,1,1.0,
202400045141,155 702 285,A01,1.0,7.0,0,2,4,4,1.0,
202400045142,155 702 281,A01,1.0,7.0,0,9,6,23,1.0,
202400045143,155 702 279,A01,1.0,7.0,13,0,1,0,1.0,
202400045144,155 702 278,A01,1.0,7.0,0,9,3,1,0.0,
202400045145,155 702 280,A01,1.0,33.0,0,2,3,17,1.0,
202400045146,155 702 274,A01,3.0,7.0,0,2,6,10,2.0,
202400045147,155 702 273,A01,2.0,1.0,0,2,0,0,5.0,
202400045148,155 702 271,B01,1.0,33.0,0,2,1,1,1.0,
202400045149,155 702 272,A01,1.0,31.0,0,0,9,21,1.0,
202400045150,155 702 270,A01,1.0,7.0,0,1,8,1,1.0,
202400045151,155 702 269,A01,1.0,7.0,0,1,1,1,1.0,
202400045152,155 702 265,B01,1.0,14.0,0,0,4,2,1.0,
202400045153,155 702 264,A01,0.0,7.0,0,2,7,9,1.0,
202400045154,155 702 263,A01,2.0,7.0,0,2,8,1,1.0,
202400045155,155 702 262,A01,1.0,0.0,0,1,8,2,0.0,
202400045156,155 702 259,A01,2.0,7.0,0,1,3,1,1.0,
202400045157,155 702 258,A01,0.0,7.0,14,0,1,1,1.0,
202400045158,155 702 256,A01,1.0,7.0,0,2,7,15,1.0,
202400045159,155 702 255,B01,2.0,50.0,0,2,0,0,3.0,
202400045160,155 702 254,A01,1.0,7.0,0,2,6,15,1.0,
202400045161,155 702 253,A01,1.0,1.0,12,0,0,14,5.0,
202400045162,155 702 251,B01,1.0,80.0,0,2,1,1,3.0,
202400045163,155 702 249,B01,2.0,10.0,0,2,1,1,1.0,
202400045164,155 702 241,B01,2.0,32.0,0,2,3,1,1.0,
202400045165,155 702 242,B01,1.0,2.0,0,2,2,1,1.0,
202400045166,155 702 239,A01,1.0,7.0,0,0,4,23,1.0,
202400045167,155 702 238,D01,0.0,10.0,0,2,4,1,1.0,
202400045168,155 702 237,A01,2.0,7.0,0,2,1,2,1.0,
202400045169,155 702 236,A01,1.0,50.0,0,0,0,0,3.0,
202400045170,155 702 233,A01,1.0,7.0,0,9,1,15,1.0,
202400045171,155 702 229,A01,1.0,43.0,0,2,3,17,1.0,
202400045172,155 702 228,A01,2.0,33.0,13,0,7,1,1.0,
202400045173,155 702 226,A01,0.0,80.0,0,0,0,0,3.0,
202400045174,155 702 225,B01,1.0,15.0,0,2,7,12,0.0,
202400045175,155 702 224,A01,3.0,40.0,0,1,5,1,3.0,
202400045176,155 702 221,B01,2.0,80.0,0,2,2,5,3.0,
202400045177,155 702 217,B01,3.0,7.0,0,2,1,1,1.0,
202400045178,155 702 218,A01,1.0,14.0,0,2,1,15,1.0,
202400045179,155 702 213,A01,0.0,7.0,0,2,1,1,1.0,
202400045180,155 702 210,A01,3.0,7.0,0,1,1,1,1.0,
202400045181,155 702 211,A01,1.0,7.0,13,0,3,13,1.0,
202400045182,155 702 208,A01,1.0,7.0,0,2,1,17,2.0,
202400045183,155 702 204,A01,1.0,33.0,13,0,2,1,1.0,
202400045184,155 702 205,A01,3.0,10.0,0,1,3,15,1.0,
202400045185,155 702 202,A01,0.0,10.0,0,2,1,9,1.0,
202400045186,155 702 200,B01,1.0,50.0,0,2,1,19,3.0,
202400045187,155 702 199,A01,2.0,7.0,16,0,0,1,1.0,
202400045188,155 702 201,A01,3.0,36.0,0,2,3,13,1.0,
202400045189,155 702 198,A01,3.0,30.0,0,0,7,1,3.0,
202400045190,155 702 193,A01,1.0,33.0,0,0,2,21,1.0,
202400045191,155 702 191,A01,2.0,20.0,0,0,1,0,1.0,
202400045192,155 702 192,A01,1.0,7.0,0,2,7,12,1.0,
202400045193,155 702 195,A01,1.0,7.0,0,1,1,1,1.0,
202400045194,155 702 188,A01,2.0,34.0,0,2,2,1,1.0,
202400045195,155 702 186,A01,1.0,2.0,0,1,1,2,1.0,
202400045196,155 702 182,A01,1.0,7.0,0,2,4,1,1.0,
202400045197,155 702 179,A01,1.0,1.0,0,0,0,1,5.0,
202400045198,155 702 176,A01,3.0,7.0,0,2,2,15,1.0,
202400045199,155 702 180,A01,1.0,7.0,4,0,1,1,1.0,
202400045200,155 702 175,B01,1.0,50.0,0,2,1,1,3.0,
202400045201,155 702 174,A01,2.0,7.0,0,2,1,2,1.0,
202400045202,155 702 169,A01,1.0,31.0,16,0,7,13,1.0,
202400045203,155 702 166,A01,1.0,7.0,0,2,4,1,1.0,
202400045204,155 702 164,B01,3.0,7.0,0,2,3,1,1.0,
202400045205,155 702 163,A01,2.0,7.0,0,1,1,1,1.0,
202400045206,155 702 165,A01,2.0,30.0,0,2,1,1,1.0,
202400045207,155 702 162,A01,3.0,7.0,1,0,8,0,1.0,
202400045208,155 702 161,A01,2.0,17.0,0,0,8,1,1.0,
202400045209,155 702 160,A01,2.0,7.0,2,0,4,1,1.0,
202400045210,155 702 158,A01,2.0,7.0,2,0,1,1,1.0,
202400045211,155 702 157,A01,3.0,33.0,0,2,8,1,1.0,
202400045212,155 702 152,A01,1.0,7.0,2,0,1,1,1.0,
202400045213,155 702 154,B01,2.0,33.0,0,2,8,3,1.0,
202400045214,155 702 151,A01,1.0,33.0,12,0,8,16,1.0,
202400045215,155 702 153,A01,1.0,7.0,0,1,2,1,1.0,
202400045216,155 702 150,A01,2.0,7.0,0,2,1,1,1.0,
202400045217,155 702 148,A01,2.0,10.0,0,2,4,1,0.0,
202400045218,155 702 146,A01,1.0,34.0,0,0,0,1,1.0,
202400045219,155 702 143,A01,1.0,7.0,0,2,1,13,1.0,
202400045220,155 702 142,A01,1.0,33.0,0,2,7,1,1.0,
202400045221,155 702 141,A01,1.0,7.0,0,1,2,15,1.0,
202400045222,155 702 140,B01,1.0,32.0,0,2,1,1,1.0,
202400045223,155 702 136,A01,2.0,30.0,0,2,7,12,1.0,
202400045224,155 702 132,A01,3.0,7.0,0,0,2,1,1.0,
202400045225,155 702 130,B01,1.0,7.0,0,1,3,24,1.0,
202400045226,155 702 131,A01,3.0,21.0,0,0,9,0,1.0,
202400045227,155 702 129,A01,2.0,7.0,0,2,1,1,1.0,
202400045228,155 702 128,A01,1.0,7.0,0,0,1,15,1.0,
202400045229,155 702 124,B01,1.0,7.0,0,2,8,1,1.0,
202400045230,155 702 125,A01,2.0,10.0,0,2,7,2,3.0,
202400045231,155 702 123,A01,1.0,33.0,0,0,1,21,1.0,
202400045232,155 702 122,A01,1.0,7.0,13,0,3,1,1.0,
202400045233,155 702 119,B01,1.0,33.0,0,2,1,3,1.0,
202400045234,155 702 117,A01,1.0,7.0,0,2,7,1,1.0,
202400045235,155 702 116,A01,2.0,7.0,17,0,1,0,1.0,
202400045236,155 702 115,A01,2.0,7.0,6,0,1,14,1.0,
202400045237,155 702 110,A01,2.0,7.0,0,2,6,15,1.0,
202400045238,155 702 112,A01,1.0,7.0,0,2,3,11,2.0,
202400045239,155 702 109,A01,2.0,17.0,8,0,7,2,1.0,
202400045240,155 702 108,A01,2.0,43.0,0,2,1,3,1.0,
202400045241,155 702 106,A01,2.0,7.0,0,1,3,1,1.0,
202400045242,155 702 105,B01,1.0,7.0,0,2,1,0,1.0,
202400045243,155 702 101,A01,2.0,7.0,0,9,2,1,1.0,
202400045244,155 702 100,A01,2.0,7.0,4,0,1,14,1.0,
202400045245,155 702 099,A01,1.0,7.0,0,2,1,2,1.0,
202400045246,155 702 096,A01,2.0,1.0,0,1,2,1,5.0,
202400045247,155 702 093,B01,1.0,7.0,0,2,4,23,1.0,
202400045248,155 702 098,A01,0.0,14.0,0,2,5,16,1.0,
202400045249,155 702 094,A01,1.0,7.0,6,0,3,1,1.0,
202400045250,155 702 097,A01,0.0,7.0,0,1,3,15,1.0,
202400045251,155 702 091,B01,2.0,17.0,0,2,4,2,1.0,
202400045252,155 702 089,A01,1.0,7.0,13,0,1,1,1.0,
202400045253,155 702 087,A01,1.0,7.0,0,2,1,15,1.0,
202400045254,155 702 082,A01,1.0,33.0,3,0,5,1,1.0,
202400045255,155 702 080,A01,0.0,7.0,0,2,1,13,1.0,
202400045256,155 702 083,A01,2.0,10.0,13,0,1,13,1.0,
202400045257,155 702 078,A01,2.0,7.0,0,2,2,1,1.0,
202400045258,155 702 075,A01,2.0,42.0,0,2,8,3,1.0,
202400045259,155 702 073,A01,2.0,7.0,0,2,5,22,2.0,
202400045260,155 702 071,A01,1.0,7.0,2,0,1,1,1.0,
202400045261,155 702 070,A01,2.0,7.0,0,2,3,17,1.0,
202400045262,155 702 068,A01,1.0,7.0,6,0,1,1,1.0,
202400045263,155 702 069,B01,2.0,99.0,7,2,3,1,0.0,
202400045264,155 702 065,B01,2.0,7.0,0,2,4,1,1.0,
202400045265,155 702 064,A01,2.0,7.0,0,2,1,1,1.0,
202400045266,155 702 063,A01,2.0,7.0,4,0,1,13,1.0,
202400045267,155 702 062,A01,1.0,1.0,12,0,1,2,5.0,
202400045268,155 702 059,A01,2.0,7.0,14,0,3,1,1.0,