Num_Acc,id_vehicule,num_veh,senc,catv,obs,obsm,choc,manv,motor,occutc
202400045269,155 702 058,A01,1.0,7.0,0,2,1,1,1.0,
202400045270,155 702 055,A01,2.0,7.0,0,2,3,9,1.0,
202400045271,155 702 057,A01,3.0,7.0,0,1,2,15,1.0,
202400045272,155 702 054,A01,2.0,7.0,3,0,1,26,1.0,
202400045273,155 702 053,A01,1.0,7.0,4,0,1,21,1.0,
202400045274,155 702 051,A01,1.0,7.0,5,2,1,1,1.0,
202400045275,155 702 052,A01,2.0,10.0,0,1,4,4,1.0,
202400045276,155 702 048,B01,1.0,7.0,0,2,3,1,1.0,
202400045277,155 702 045,A01,1.0,7.0,1,0,0,0,1.0,
202400045278,155 702 044,A01,1.0,7.0,0,2,8,10,3.0,
202400045279,155 702 042,Z01,2.0,7.0,0,2,7,16,1.0,
202400045280,155 702 039,A01,1.0,7.0,0,2,3,11,1.0,
202400045281,155 702 043,A01,2.0,7.0,0,2,7,15,1.0,
202400045282,155 702 037,A01,1.0,30.0,0,0,0,0,1.0,
202400045283,155 702 036,B01,1.0,7.0,0,2,1,1,2.0,
202400045284,155 702 033,A01,3.0,2.0,0,2,1,13,1.0,
202400045285,155 702 034,A01,1.0,10.0,0,2,3,13,1.0,
202400045286,155 702 032,A01,1.0,7.0,3,0,2,1,1.0,
202400045287,155 702 030,A01,1.0,7.0,0,1,3,1,1.0,
202400045288,155 702 026,B01,3.0,10.0,0,2,6,24,1.0,
202400045289,155 702 028,A01,1.0,32.0,0,2,3,3,1.0,
202400045290,155 702 023,A01,2.0,33.0,13,0,1,13,1.0,
202400045291,155 702 022,A01,1.0,7.0,7,0,1,1,1.0,
202400045292,155 702 024,A01,1.0,7.0,0,1,1,1,1.0,
202400045293,155 702 020,A01,1.0,33.0,0,0,0,0,1.0,
202400045294,155 702 019,A01,1.0,7.0,0,9,8,23,1.0,
202400045295,155 702 015,A01,1.0,31.0,0,2,8,3,3.0,
202400045296,155 702 013,A01,1.0,30.0,0,2,3,11,3.0,
202400045297,155 702 011,A01,1.0,1.0,1,0,2,1,5.0,
202400045298,155 702 014,A01,2.0,7.0,0,1,1,1,1.0,
202400045299,155 702 012,B01,2.0,1.0,0,2,2,16,5.0,
202400045300,155 702 008,A01,2.0,7.0,0,0,0,14,1.0,
202400045301,155 702 009,A01,3.0,7.0,2,0,1,1,1.0,
202400045302,155 702 005,B01,3.0,30.0,0,2,1,1,1.0,
202400045303,155 702 003,A01,2.0,33.0,12,0,1,1,1.0,
202400045304,155 702 000,A01,,7.0,0,2,1,1,2.0,
202400045305,155 701 999,A01,2.0,7.0,0,0,4,26,1.0,
202400045306,155 702 001,A01,1.0,7.0,0,2,2,19,1.0,
202400045307,155 701 996,A01,1.0,7.0,6,9,2,2,1.0,
202400045308,155 701 995,A01,3.0,33.0,0,0,0,0,1.0,
202400045309,155 701 993,B01,1.0,32.0,0,2,1,2,1.0,
202400045310,155 701 990,A01,2.0,15.0,0,2,1,2,1.0,
202400045311,155 701 989,A01,3.0,10.0,0,2,1,17,1.0,
202400045312,155 701 988,A01,1.0,7.0,0,2,1,15,1.0,
202400045313,155 701 987,A01,2.0,7.0,0,1,3,11,2.0,
202400045314,155 701 985,A01,2.0,7.0,0,0,0,1,1.0,
202400045315,155 701 981,A01,2.0,43.0,0,2,1,3,1.0,
202400045316,155 701 980,A01,1.0,10.0,0,2,4,26,1.0,
202400045317,155 701 979,A01,1.0,7.0,0,1,1,1,1.0,
202400045318,155 701 977,A01,1.0,7.0,0,2,3,13,1.0,
202400045319,155 701 974,B01,1.0,7.0,0,2,8,1,1.0,
202400045320,155 701 973,A01,1.0,7.0,8,2,1,13,1.0,
202400045321,155 701 975,A01,1.0,21.0,0,2,3,15,1.0,
202400045322,155 701 972,A01,1.0,33.0,8,0,1,0,1.0,
202400045323,155 701 967,A01,1.0,7.0,6,0,3,1,1.0,
202400045324,155 701 965,A01,1.0,7.0,6,0,1,0,1.0,
202400045325,155 701 963,C01,1.0,7.0,0,2,4,23,1.0,
202400045326,155 701 964,B01,3.0,33.0,0,2,8,16,1.0,
202400045327,155 701 966,A01,3.0,7.0,0,1,4,26,1.0,
202400045328,155 701 962,B01,2.0,7.0,0,2,1,1,1.0,
202400045329,155 701 957,A01,1.0,7.0,4,0,1,26,1.0,
202400045330,155 701 959,B01,1.0,7.0,0,2,8,15,1.0,
202400045331,155 701 956,A01,1.0,33.0,0,2,2,3,1.0,
202400045332,155 701 953,A01,1.0,10.0,0,2,2,2,1.0,
202400045333,155 701 954,A01,1.0,7.0,0,1,1,1,1.0,
202400045334,155 701 952,A01,1.0,7.0,0,1,1,1,1.0,
202400045335,155 701 948,A01,2.0,7.0,0,1,1,16,1.0,
202400045336,155 701 945,A01,2.0,33.0,0,2,1,1,1.0,
202400045337,155 701 944,A01,2.0,7.0,0,0,4,1,1.0,
202400045338,155 701 946,A01,2.0,7.0,0,1,3,1,1.0,
202400045339,155 701 947,A01,2.0,33.0,0,2,1,11,1.0,
202400045340,155 701 942,A01,2.0,10.0,4,0,1,1,1.0,
202400045341,155 701 940,B01,1.0,7.0,0,2,1,2,1.0,
202400045342,155 701 938,A01,2.0,7.0,13,0,2,1,1.0,
202400045343,155 701 937,A01,3.0,7.0,0,1,1,1,1.0,
202400045344,155 701 934,B01,2.0,7.0,0,2,4,2,1.0,
202400045345,155 701 936,A01,2.0,7.0,0,0,9,1,1.0,
202400045346,155 701 931,A01,1.0,33.0,0,2,8,1,1.0,
202400045347,155 701 933,A01,1.0,7.0,0,2,6,16,1.0,
202400045348,155 701 932,A01,1.0,1.0,0,5,1,1,5.0,
202400045349,155 701 928,A01,2.0,33.0,3,0,9,1,1.0,
202400045350,155 701 929,A01,1.0,7.0,3,0,1,0,1.0,
202400045351,155 701 927,A01,1.0,33.0,4,0,8,17,1.0,
202400045352,155 701 925,B01,3.0,50.0,0,2,1,1,3.0,
202400045353,155 701 924,A01,3.0,7.0,0,9,1,1,1.0,
202400045354,155 701 921,A01,2.0,33.0,4,0,8,16,1.0,
202400045355,155 701 917,A01,2.0,7.0,0,2,4,1,1.0,
202400045356,155 701 916,A01,1.0,33.0,0,2,1,2,1.0,
202400045357,155 701 919,A01,1.0,7.0,0,2,1,5,1.0,
202400045358,155 701 915,A01,0.0,30.0,0,2,1,17,1.0,
202400045359,155 701 911,A01,1.0,7.0,0,2,4,1,1.0,
202400045360,155 701 908,A01,1.0,13.0,0,2,2,12,1.0,
202400045361,155 701 909,A01,1.0,7.0,13,0,8,1,1.0,
202400045362,155 701 906,A01,0.0,7.0,0,2,1,26,1.0,
202400045363,155 701 904,A01,1.0,7.0,0,2,1,2,1.0,
202400045364,155 701 899,A01,2.0,7.0,0,2,2,16,1.0,
202400045365,155 701 898,B01,3.0,7.0,0,2,4,23,1.0,
202400045366,155 701 894,A01,1.0,30.0,0,0,0,0,1.0,
202400045367,155 701 895,B01,1.0,1.0,0,0,9,1,5.0,
202400045368,155 701 888,A01,3.0,31.0,0,2,1,1,1.0,
202400045369,155 701 885,C01,1.0,7.0,0,2,4,2,1.0,
202400045370,155 701 886,A01,3.0,7.0,13,0,1,13,1.0,
202400045371,155 701 882,B01,0.0,1.0,0,2,1,1,5.0,
202400045372,155 701 884,A01,1.0,7.0,4,2,6,18,1.0,
202400045373,155 701 881,B01,1.0,60.0,0,2,8,19,5.0,
202400045374,155 701 878,A01,2.0,7.0,13,0,1,13,1.0,
202400045375,155 701 877,A01,1.0,7.0,0,1,2,1,1.0,
202400045376,155 701 876,A01,0.0,7.0,0,2,1,1,1.0,
202400045377,155 701 872,A01,3.0,7.0,0,1,3,1,1.0,
202400045378,155 701 871,A01,1.0,7.0,0,2,1,1,1.0,
202400045379,155 701 874,A01,1.0,10.0,0,1,2,0,1.0,
202400045380,155 701 873,A01,2.0,10.0,0,2,0,0,1.0,
202400045381,155 701 868,A01,1.0,32.0,0,2,5,17,1.0,
202400045382,155 701 867,B01,1.0,33.0,0,2,1,1,1.0,
202400045383,155 701 864,A01,2.0,33.0,0,0,0,3,1.0,
202400045384,155 701 863,A01,1.0,7.0,8,2,1,13,1.0,
202400045385,155 701 861,A01,1.0,7.0,7,2,2,5,1.0,
202400045386,155 701 859,A01,2.0,7.0,0,1,7,2,1.0,
202400045387,155 701 858,B01,3.0,7.0,0,9,3,0,1.0,
202400045388,155 701 857,A01,2.0,7.0,5,0,4,1,1.0,
202400045389,155 701 856,B01,0.0,7.0,1,0,3,13,1.0,
202400045390,155 701 855,A01,2.0,7.0,0,1,0,0,2.0,
202400045391,155 701 853,A01,0.0,36.0,8,0,2,0,1.0,
202400045392,155 701 852,A01,1.0,7.0,0,0,2,0,1.0,
202400045393,155 701 850,A01,3.0,7.0,0,1,6,26,2.0,
202400045394,155 701 849,A01,1.0,33.0,1,2,7,14,1.0,
202400045395,155 701 844,B01,2.0,50.0,0,2,7,1,3.0,
202400045396,155 701 845,B01,1.0,33.0,0,2,2,2,1.0,
202400045397,155 701 842,A01,1.0,7.0,0,2,3,19,1.0,
202400045398,155 701 846,A01,1.0,7.0,0,0,3,0,1.0,
202400045399,155 701 835,A01,1.0,33.0,0,0,8,1,1.0,
202400045400,155 701 836,A01,1.0,7.0,0,9,1,1,1.0,
202400045401,155 701 837,B01,2.0,10.0,0,2,1,1,1.0,
202400045402,155 701 831,D01,1.0,7.0,1,2,4,0,1.0,
202400045403,155 701 830,A01,2.0,7.0,0,2,2,12,1.0,
202400045404,155 701 826,A01,2.0,33.0,0,2,8,13,1.0,
202400045405,155 701 825,A01,1.0,37.0,0,1,5,1,1.0,1
202400045406,155 701 827,A01,3.0,7.0,0,2,8,15,1.0,
202400045407,155 701 823,A01,2.0,10.0,0,1,4,26,1.0,
202400045408,155 701 818,A01,2.0,7.0,4,2,1,12,1.0,
202400045409,155 701 820,A01,2.0,31.0,0,2,1,17,1.0,
202400045410,155 701 817,A01,0.0,7.0,0,2,8,9,1.0,
202400045411,155 701 813,A01,2.0,7.0,0,2,3,13,2.0,
202400045412,155 701 814,A01,1.0,7.0,0,2,7,2,1.0,
202400045413,155 701 812,B01,3.0,1.0,0,0,0,0,5.0,
202400045414,155 701 811,A01,1.0,15.0,3,0,7,1,1.0,
202400045415,155 701 810,A01,2.0,2.0,3,0,7,0,1.0,
202400045416,155 701 809,A01,1.0,7.0,0,1,3,1,1.0,
202400045417,155 701 804,A01,2.0,7.0,0,2,8,13,1.0,
202400045418,155 701 805,A01,2.0,7.0,0,2,3,2,1.0,
202400045419,155 701 803,A01,2.0,15.0,3,0,8,0,1.0,
202400045420,155 701 800,A01,2.0,7.0,0,2,1,2,1.0,
202400045421,155 701 801,B01,0.0,31.0,0,2,1,2,1.0,
202400045422,155 701 798,A01,2.0,15.0,6,0,1,1,1.0,
202400045423,155 701 796,A01,1.0,1.0,0,2,1,2,5.0,
202400045424,155 701 793,B01,1.0,7.0,0,2,6,1,1.0,
202400045425,155 701 791,A01,2.0,7.0,0,2,5,15,1.0,
202400045426,155 701 789,A01,1.0,7.0,0,2,1,13,1.0,
202400045427,155 701 787,B01,3.0,30.0,0,2,1,0,3.0,
202400045428,155 701 788,B01,2.0,7.0,0,2,4,1,1.0,
202400045429,155 701 784,B01,3.0,7.0,0,2,1,1,1.0,
202400045430,155 701 783,A01,1.0,10.0,0,2,3,9,1.0,
202400045431,155 701 778,A01,2.0,7.0,0,0,4,1,1.0,
202400045432,155 701 775,A01,2.0,2.0,0,0,0,1,1.0,
202400045433,155 701 776,A01,1.0,33.0,0,2,3,13,1.0,
202400045434,155 701 779,A01,1.0,7.0,0,1,1,15,6.0,
202400045435,155 701 773,B01,2.0,33.0,0,2,3,1,1.0,
202400045436,155 701 772,A01,1.0,7.0,0,2,1,17,1.0,
202400045437,155 701 771,A01,3.0,2.0,0,0,2,14,1.0,
202400045438,155 701 767,A01,1.0,14.0,0,2,3,13,1.0,
202400045439,155 701 766,A01,3.0,10.0,13,2,3,15,1.0,
202400045440,155 701 765,A01,1.0,7.0,0,1,2,1,1.0,
202400045441,155 701 764,A01,3.0,10.0,0,1,3,15,1.0,
202400045442,155 701 762,A01,2.0,7.0,0,2,1,1,1.0,
202400045443,155 701 761,A01,0.0,7.0,0,1,1,9,1.0,
202400045444,155 701 760,A01,1.0,33.0,10,0,3,16,1.0,
202400045445,155 701 755,B01,1.0,7.0,0,9,1,1,1.0,
202400045446,155 701 757,A01,1.0,7.0,0,1,1,1,,
202400045447,155 701 756,A01,1.0,7.0,0,2,1,15,1.0,
202400045448,155 701 750,A01,1.0,7.0,0,2,1,1,1.0,
202400045449,155 701 748,A01,1.0,30.0,0,0,0,1,1.0,
202400045450,155 701 749,A01,1.0,7.0,0,2,1,13,1.0,
202400045451,155 701 746,A01,1.0,7.0,0,0,9,1,1.0,
202400045452,155 701 745,A01,1.0,7.0,0,1,1,1,0.0,
202400045453,155 701 741,C01,2.0,33.0,0,2,3,1,1.0,
202400045454,155 701 740,A01,1.0,7.0,8,0,1,1,1.0,
202400045455,155 701 743,A01,3.0,7.0,0,1,3,16,1.0,
202400045456,155 701 739,B01,3.0,7.0,0,2,3,20,1.0,
202400045457,155 701 738,A01,1.0,7.0,0,1,2,1,1.0,
202400045458,155 701 734,A01,1.0,2.0,0,2,2,5,1.0,
202400045459,155 701 731,B01,1.0,37.0,0,1,4,1,1.0,1
202400045460,155 701 730,B01,1.0,10.0,0,2,1,1,2.0,
202400045461,155 701 728,A01,1.0,10.0,0,9,2,1,1.0,
202400045462,155 701 725,A01,2.0,7.0,0,2,1,9,1.0,
202400045463,155 701 727,A01,1.0,7.0,0,9,3,1,1.0,
202400045464,155 701 720,A01,3.0,30.0,0,2,1,2,1.0,
202400045465,155 701 719,A01,1.0,7.0,0,9,2,26,1.0,
202400045466,155 701 718,A01,3.0,33.0,0,0,7,1,1.0,
202400045467,155 701 716,A01,1.0,7.0,0,1,1,1,1.0,
202400045468,155 701 717,A01,1.0,10.0,0,2,1,1,1.0,
202400045469,155 701 715,A01,1.0,7.0,0,2,3,15,1.0,
202400045470,155 701 714,A01,1.0,7.0,0,1,3,1,1.0,
202400045471,155 701 711,A01,3.0,10.0,0,1,4,4,1.0,
202400045472,155 701 710,A01,1.0,7.0,0,0,3,10,1.0,
202400045473,155 701 712,A01,0.0,7.0,0,1,8,1,3.0,
202400045474,155 701 708,A01,1.0,35.0,8,0,1,0,0.0,
202400045475,155 701 707,A01,3.0,7.0,0,1,1,1,2.0,
202400045476,155 701 705,A01,0.0,7.0,13,0,3,1,1.0,
202400045477,155 701 702,B01,1.0,30.0,0,2,2,2,1.0,
202400045478,155 701 699,A01,1.0,7.0,0,1,2,0,1.0,
202400045479,155 701 701,B01,1.0,33.0,0,2,1,1,1.0,
202400045480,155 701 698,A01,2.0,7.0,0,2,3,9,1.0,
202400045481,155 701 697,A01,1.0,7.0,13,0,1,13,1.0,
202400045482,155 701 700,A01,1.0,2.0,0,2,1,18,1.0,
202400045483,155 701 696,A01,1.0,10.0,4,0,1,1,1.0,
202400045484,155 701 693,A01,1.0,7.0,13,0,9,0,1.0,
202400045485,155 701 691,A01,1.0,7.0,0,2,1,1,1.0,
202400045486,155 701 688,A01,1.0,7.0,0,2,7,15,1.0,
202400045487,155 701 689,A01,1.0,32.0,0,2,0,0,1.0,
202400045488,155 701 687,A01,2.0,7.0,0,2,1,16,1.0,
202400045489,155 701 683,A01,1.0,31.0,0,2,2,12,1.0,
202400045490,155 701 682,A01,1.0,7.0,0,2,3,1,1.0,
202400045491,155 701 680,B01,3.0,10.0,0,2,8,15,1.0,
202400045492,155 701 679,B01,2.0,3.0,0,2,4,1,1.0,
202400045493,155 701 675,B01,3.0,1.0,0,2,4,1,5.0,
202400045494,155 701 673,A01,1.0,7.0,0,2,4,23,2.0,
202400045495,155 701 671,A01,2.0,31.0,0,2,1,1,1.0,
202400045496,155 701 670,A01,1.0,33.0,0,2,1,3,1.0,
202400045497,155 701 666,B01,2.0,33.0,4,0,6,1,1.0,
202400045498,155 701 663,C01,2.0,7.0,0,2,3,18,1.0,
202400045499,155 701 660,B01,1.0,50.0,0,2,1,1,3.0,
202400045500,155 701 659,A01,3.0,7.0,0,2,1,17,1.0,
202400045501,155 701 657,A01,2.0,7.0,0,2,4,1,1.0,
202400045502,155 701 654,B01,1.0,33.0,0,2,1,2,1.0,
202400045503,155 701 653,A01,1.0,30.0,0,0,7,16,1.0,
202400045504,155 701 650,C01,1.0,7.0,0,2,1,2,2.0,
202400045505,155 701 649,A01,0.0,7.0,0,0,1,1,1.0,
202400045506,155 701 648,A01,1.0,1.0,0,2,1,19,5.0,
202400045507,155 701 646,A01,1.0,33.0,4,0,3,13,1.0,
202400045508,155 701 647,A01,2.0,10.0,0,0,3,1,1.0,
202400045509,155 701 644,A01,1.0,7.0,0,1,3,15,1.0,
202400045510,155 701 641,B01,3.0,7.0,0,2,0,17,6.0,
202400045511,155 701 639,A01,1.0,33.0,0,2,1,3,1.0,
202400045512,155 701 638,A01,1.0,7.0,0,1,2,1,0.0,
202400045513,155 701 635,A01,3.0,7.0,0,1,1,9,1.0,
202400045514,155 701 631,B01,1.0,7.0,0,2,4,1,1.0,
202400045515,155 701 626,C01,1.0,10.0,0,2,4,2,1.0,
202400045516,155 701 628,A01,1.0,7.0,11,0,1,13,1.0,
202400045517,155 701 625,A01,3.0,0.0,0,2,1,1,0.0,
202400045518,155 701 623,A01,1.0,33.0,0,2,7,17,1.0,
202400045519,155 701 622,B01,2.0,1.0,0,2,7,1,5.0,
202400045520,155 701 620,A01,2.0,7.0,3,0,1,1,1.0,
202400045521,155 701 617,A01,3.0,7.0,0,1,2,1,1.0,
202400045522,155 701 616,B01,1.0,7.0,0,2,6,1,2.0,
202400045523,155 701 618,A01,1.0,7.0,1,0,1,13,1.0,
202400045524,155 701 614,A01,2.0,7.0,0,2,3,2,1.0,
202400045525,155 701 615,A01,0.0,7.0,0,1,1,1,0.0,
202400045526,155 701 610,B01,3.0,7.0,0,0,6,23,1.0,
202400045527,155 701 609,A01,1.0,7.0,0,2,8,15,1.0,
202400045528,155 701 607,A01,2.0,7.0,0,1,3,15,1.0,
202400045529,155 701 605,B01,1.0,50.0,0,2,1,21,3.0,
202400045530,155 701 603,A01,1.0,7.0,13,0,0,14,1.0,
202400045531,155 701 602,A01,1.0,14.0,0,2,0,0,1.0,
202400045532,155 701 600,A01,1.0,33.0,0,1,1,0,1.0,
202400045533,155 701 601,A01,1.0,7.0,0,1,3,1,1.0,
202400045534,155 701 598,A01,1.0,30.0,0,0,0,1,1.0,
202400045535,155 701 592,A01,1.0,13.0,0,2,4,1,1.0,
202400045536,155 701 593,B01,2.0,33.0,0,2,3,3,1.0,
202400045537,155 701 595,A01,1.0,7.0,0,2,2,2,1.0,
202400045538,155 701 590,A01,2.0,7.0,0,2,0,0,1.0,
202400045539,155 701 588,A01,3.0,7.0,0,2,8,15,1.0,
202400045540,155 701 586,A01,3.0,31.0,0,0,0,1,1.0,
202400045541,155 701 582,A01,1.0,33.0,0,2,1,13,1.0,
202400045542,155 701 581,A01,2.0,7.0,0,2,7,15,1.0,
202400045543,155 701 580,B01,1.0,33.0,0,2,7,1,1.0,
202400045544,155 701 579,A01,1.0,7.0,0,2,2,22,1.0,
202400045545,155 701 574,A01,3.0,1.0,0,2,4,2,5.0,
202400045546,155 701 572,B01,2.0,2.0,0,2,7,0,1.0,
202400045547,155 701 573,A01,1.0,30.0,0,2,2,26,1.0,
202400045548,155 701 571,A01,2.0,10.0,6,0,1,2,1.0,
202400045549,155 701 567,A01,1.0,7.0,0,1,2,1,1.0,
202400045550,155 701 569,A01,1.0,7.0,15,2,2,3,1.0,
202400045551,155 701 563,B01,2.0,7.0,0,2,3,1,1.0,
202400045552,155 701 566,A01,2.0,7.0,0,0,1,0,1.0,
202400045553,155 701 564,A01,1.0,7.0,0,1,4,4,1.0,
202400045554,155 701 561,A01,1.0,33.0,4,0,2,21,1.0,
202400045555,155 701 562,A01,1.0,31.0,0,2,1,1,0.0,
202400045556,155 701 557,A01,1.0,7.0,0,2,1,2,1.0,
202400045557,155 701 554,CA01,2.0,7.0,0,2,3,26,0.0,
202400045558,155 701 553,A01,1.0,7.0,0,0,1,1,1.0,
202400045559,155 701 550,B01,0.0,1.0,0,2,1,1,5.0,
202400045560,155 701 547,B01,3.0,31.0,0,9,1,1,0.0,
202400045561,155 701 544,A01,2.0,34.0,0,2,1,1,1.0,
202400045562,155 701 541,A01,3.0,33.0,12,0,1,18,1.0,
202400045563,155 701 542,B01,2.0,7.0,0,2,4,23,1.0,
202400045564,155 701 539,A01,1.0,7.0,0,9,8,10,1.0,
202400045565,155 701 538,A01,1.0,37.0,0,2,2,16,2.0,1
202400045566,155 701 535,A01,1.0,10.0,0,1,7,1,1.0,
202400045567,155 701 551,A01,3.0,32.0,0,1,1,1,1.0,
202400045568,155 701 536,A01,1.0,1.0,0,2,1,1,5.0,
202400045569,155 701 534,A01,1.0,7.0,6,0,0,0,1.0,
202400045570,155 701 531,A01,2.0,30.0,0,2,8,7,1.0,
202400045571,155 701 527,A01,2.0,50.0,0,2,1,21,3.0,
202400045572,155 701 526,A01,3.0,50.0,0,2,8,26,3.0,
202400045573,155 701 524,A01,2.0,7.0,0,2,3,13,2.0,
202400045574,155 701 525,A01,2.0,7.0,0,9,0,15,1.0,
202400045575,155 701 519,B01,3.0,34.0,0,2,7,1,1.0,
202400045576,155 701 522,A01,1.0,10.0,16,0,1,13,1.0,
202400045577,155 701 520,B01,2.0,7.0,0,2,1,1,1.0,
202400045578,155 701 515,A01,1.0,7.0,1,2,1,0,1.0,
202400045579,155 701 514,A01,2.0,7.0,0,2,1,1,1.0,
202400045580,155 701 513,A01,2.0,7.0,0,2,7,15,1.0,
202400045581,155 701 511,A01,3.0,37.0,9,1,2,7,1.0,1
202400045582,155 701 505,A01,1.0,7.0,0,2,4,24,1.0,
202400045583,155 701 502,A01,1.0,7.0,0,2,1,1,0.0,
202400045584,155 701 501,B01,1.0,7.0,0,2,8,1,1.0,
202400045585,155 701 500,A01,0.0,32.0,0,2,1,1,1.0,
202400045586,155 701 496,A01,1.0,1.0,0,2,1,1,5.0,
202400045587,155 701 495,A01,2.0,7.0,0,2,1,15,1.0,
202400045588,155 701 497,Z01,3.0,7.0,0,0,0,0,1.0,
202400045589,155 701 493,A01,1.0,7.0,0,2,1,1,0.0,
202400045590,155 701 491,A01,1.0,30.0,8,0,2,26,3.0,
202400045591,155 701 487,A01,1.0,7.0,0,2,2,20,1.0,
202400045592,155 701 490,B01,3.0,50.0,0,2,1,1,3.0,
202400045593,155 701 483,A01,0.0,10.0,0,1,8,15,1.0,
202400045594,155 701 482,A01,1.0,43.0,0,2,1,2,1.0,
202400045595,155 701 486,A01,1.0,10.0,0,1,1,15,1.0,
202400045596,155 701 480,A01,1.0,7.0,0,2,2,2,1.0,
202400045597,155 701 484,A01,1.0,30.0,0,2,1,1,1.0,
202400045598,155 701 476,A01,3.0,7.0,0,1,1,15,1.0,
202400045599,155 701 472,A01,1.0,7.0,0,2,1,9,1.0,
202400045600,155 701 471,A01,2.0,33.0,9,2,3,17,1.0,
202400045601,155 701 470,C01,2.0,7.0,0,2,1,1,1.0,
202400045602,155 701 469,B01,0.0,7.0,0,2,2,1,1.0,
202400045603,155 701 467,C01,0.0,7.0,0,2,0,0,0.0,
202400045604,155 701 465,A01,1.0,34.0,0,2,8,17,1.0,
202400045605,155 701 463,A01,1.0,7.0,4,0,8,13,1.0,
202400045606,155 701 462,A01,1.0,50.0,0,1,1,5,3.0,
202400045607,155 701 459,A01,2.0,7.0,0,2,1,19,1.0,
202400045608,155 701 456,B01,2.0,7.0,0,2,3,10,1.0,
202400045609,155 701 458,A01,2.0,7.0,0,2,2,1,1.0,
202400045610,155 701 453,Z01,1.0,7.0,0,2,0,1,1.0,
202400045611,155 701 452,A01,3.0,33.0,16,0,7,1,1.0,
202400045612,155 701 451,B01,0.0,7.0,0,2,8,11,0.0,
202400045613,155 701 450,A01,3.0,7.0,0,1,1,1,1.0,
202400045614,155 701 448,A01,3.0,7.0,0,1,6,1,2.0,
202400045615,155 701 447,A01,1.0,2.0,12,0,0,0,1.0,
202400045616,155 701 444,A01,1.0,30.0,0,2,0,13,1.0,
202400045617,155 701 446,A01,2.0,7.0,0,2,1,1,1.0,
202400045618,155 701 439,B01,0.0,50.0,0,2,8,2,3.0,
202400045619,155 701 440,A01,3.0,7.0,0,2,0,26,0.0,
202400045620,155 701 437,B01,2.0,33.0,0,2,1,1,1.0,
202400045621,155 701 433,A01,3.0,7.0,0,2,1,1,3.0,
202400045622,155 701 435,A01,2.0,33.0,13,0,0,1,1.0,
202400045623,155 701 434,A01,2.0,7.0,0,2,3,9,1.0,
202400045624,155 701 431,B01,0.0,7.0,0,2,3,1,1.0,
202400045625,155 701 427,A01,3.0,7.0,0,2,6,1,1.0,
202400045626,155 701 429,A01,2.0,7.0,6,0,1,0,1.0,
202400045627,155 701 426,A01,3.0,30.0,0,2,2,12,1.0,
202400045628,155 701 425,A01,3.0,7.0,0,0,0,0,1.0,
202400045629,155 701 422,A01,1.0,7.0,2,0,1,1,1.0,
202400045630,155 701 417,A01,1.0,7.0,2,0,1,13,1.0,
202400045631,155 701 415,A01,1.0,30.0,0,2,8,13,1.0,
202400045632,155 701 416,A01,3.0,7.0,0,2,2,20,1.0,
202400045633,155 701 414,A01,3.0,7.0,6,0,1,1,1.0,
202400045634,155 701 412,Z01,2.0,7.0,0,1,0,0,0.0,
202400045635,155 701 408,B01,3.0,1.0,0,2,1,5,5.0,
202400045636,155 701 406,B01,2.0,7.0,0,2,3,1,1.0,
202400045637,155 701 405,A01,1.0,7.0,0,2,4,1,1.0,
202400045638,155 701 403,B01,3.0,1.0,0,2,1,1,5.0,
202400045639,155 701 402,A01,1.0,7.0,17,0,3,13,1.0,
202400045640,155 701 399,B01,2.0,7.0,0,2,1,5,1.0,
202400045641,155 701 401,A01,3.0,7.0,0,1,1,16,1.0,
202400045642,155 701 396,A01,1.0,2.0,0,2,1,25,1.0,
202400045643,155 701 395,B01,2.0,2.0,0,2,8,26,1.0,
202400045644,155 701 393,B01,2.0,7.0,0,2,3,21,1.0,
202400045645,155 701 390,A01,1.0,2.0,0,2,3,13,1.0,
202400045646,155 701 386,A01,1.0,30.0,0,1,1,1,1.0,
202400045647,155 701 389,A01,1.0,33.0,0,2,1,2,1.0,
202400045648,155 701 387,A01,1.0,30.0,0,2,1,5,1.0,
202400045649,155 701 384,A01,2.0,33.0,13,2,1,17,1.0,
202400045650,155 701 381,A01,2.0,10.0,0,2,3,9,1.0,
202400045651,155 701 382,A01,1.0,33.0,12,0,1,1,1.0,
202400045652,155 701 378,A01,1.0,7.0,0,5,1,1,1.0,
202400045653,155 701 379,A01,2.0,7.0,0,0,0,26,0.0,
202400045654,155 701 376,A01,2.0,7.0,0,1,3,1,1.0,
202400045655,155 701 373,A01,3.0,7.0,0,2,2,26,1.0,
202400045656,155 701 370,A01,1.0,7.0,9,0,1,1,1.0,
202400045657,155 701 369,B01,1.0,10.0,0,2,1,23,1.0,
202400045658,155 701 367,A01,2.0,7.0,0,2,1,1,1.0,
202400045659,155 701 365,A01,2.0,36.0,0,0,0,0,1.0,
202400045660,155 701 366,B01,1.0,1.0,0,2,1,1,5.0,
202400045661,155 701 363,A01,2.0,7.0,0,1,3,17,1.0,
202400045662,155 701 364,A01,3.0,1.0,0,0,0,1,5.0,
202400045663,155 701 361,A01,1.0,37.0,0,1,2,1,2.0,1
202400045664,155 701 360,A01,1.0,7.0,2,0,2,1,1.0,
202400045665,155 701 359,B01,3.0,7.0,0,2,3,5,1.0,