Num_Acc,id_vehicule,num_veh,senc,catv,obs,obsm,choc,manv,motor,occutc
202400045666,155 701 355,A01,1.0,7.0,0,2,1,13,1.0,
202400045667,155 701 354,A01,2.0,7.0,0,2,3,2,2.0,
202400045668,155 701 356,A01,2.0,7.0,14,0,4,26,1.0,
202400045669,155 701 350,A01,3.0,7.0,0,2,2,1,1.0,
202400045670,155 701 349,A01,1.0,33.0,0,2,1,13,1.0,
202400045671,155 701 348,B01,2.0,7.0,0,2,3,1,1.0,
202400045672,155 701 347,A01,1.0,7.0,0,1,1,1,2.0,
202400045673,155 701 346,A01,2.0,7.0,17,0,2,1,1.0,
202400045674,155 701 345,A01,2.0,33.0,0,0,8,1,1.0,
202400045675,155 701 343,A01,2.0,7.0,13,0,2,26,1.0,
202400045676,155 701 341,A01,1.0,7.0,0,2,1,0,1.0,
202400045677,155 701 339,Z01,2.0,7.0,1,1,1,14,1.0,
202400045678,155 701 338,A01,1.0,1.0,0,0,0,13,5.0,
202400045679,155 701 337,A01,2.0,7.0,0,2,1,2,1.0,
202400045680,155 701 336,B01,3.0,1.0,0,1,8,26,5.0,
202400045681,155 701 334,A01,3.0,36.0,0,0,0,16,1.0,
202400045682,155 701 331,B01,1.0,7.0,0,2,7,16,1.0,
202400045683,155 701 332,A01,1.0,1.0,0,2,8,1,5.0,
202400045684,155 701 328,A01,1.0,33.0,0,2,1,17,1.0,
202400045685,155 701 327,B01,3.0,7.0,0,9,1,1,0.0,
202400045686,155 701 324,A01,1.0,7.0,0,1,2,21,1.0,
202400045687,155 701 325,B01,1.0,1.0,0,2,2,16,5.0,
202400045688,155 701 319,A01,1.0,7.0,0,2,8,24,1.0,
202400045689,155 701 315,A01,2.0,7.0,0,2,3,26,1.0,
202400045690,155 701 316,A01,3.0,7.0,0,2,1,2,1.0,
202400045691,155 701 317,A01,2.0,34.0,0,2,1,18,3.0,
202400045692,155 701 314,A01,3.0,2.0,0,0,0,1,1.0,
202400045693,155 701 312,A01,1.0,1.0,0,0,0,1,5.0,
202400045694,155 701 311,A01,1.0,3.0,0,0,7,1,3.0,
202400045695,155 701 309,A01,2.0,7.0,0,2,1,17,1.0,
202400045696,155 701 306,Z01,3.0,10.0,0,1,8,1,3.0,
202400045697,155 701 305,B01,1.0,33.0,0,0,0,0,1.0,
202400045698,155 701 304,A01,3.0,7.0,0,2,8,15,1.0,
202400045699,155 701 301,A01,2.0,1.0,0,2,1,2,5.0,
202400045700,155 701 299,A01,1.0,7.0,0,9,2,2,1.0,
202400045701,155 701 298,B01,3.0,30.0,0,2,7,0,1.0,
202400045702,155 701 296,Z01,3.0,7.0,0,2,7,11,1.0,
202400045703,155 701 295,A01,3.0,30.0,0,1,1,1,1.0,
202400045704,155 701 288,A01,2.0,10.0,0,2,1,2,0.0,
202400045705,155 701 286,A01,1.0,7.0,0,2,1,26,1.0,
202400045706,155 701 289,A01,1.0,3.0,0,2,3,13,3.0,
202400045707,155 701 287,A01,2.0,7.0,0,2,1,13,1.0,
202400045708,155 701 285,A01,3.0,33.0,14,0,1,26,1.0,
202400045709,155 701 282,B01,2.0,7.0,0,2,3,13,1.0,
202400045710,155 701 281,A01,0.0,2.0,8,0,2,1,1.0,
202400045711,155 701 280,Z01,1.0,10.0,0,1,0,17,1.0,
202400045712,155 701 276,B01,2.0,7.0,0,2,1,1,1.0,
202400045713,155 701 277,A01,0.0,33.0,14,0,0,0,1.0,
202400045714,155 701 271,A01,3.0,7.0,0,2,2,5,1.0,
202400045715,155 701 269,B01,1.0,10.0,13,2,1,13,1.0,
202400045716,155 701 275,A01,3.0,7.0,14,0,6,7,1.0,
202400045717,155 701 268,A01,1.0,10.0,0,2,1,1,1.0,
202400045718,155 701 267,A01,1.0,10.0,0,2,1,13,1.0,
202400045719,155 701 265,A01,3.0,7.0,2,0,8,1,1.0,
202400045720,155 701 264,A01,2.0,31.0,12,0,2,16,1.0,
202400045721,155 701 262,A01,1.0,7.0,0,2,1,1,1.0,
202400045722,155 701 261,B01,2.0,7.0,0,2,5,1,1.0,
202400045723,155 701 258,A01,1.0,7.0,0,2,1,13,1.0,
202400045724,155 701 254,B01,2.0,7.0,0,2,3,1,1.0,
202400045725,155 701 256,A01,1.0,1.0,0,1,3,1,5.0,
202400045726,155 701 253,A01,1.0,1.0,1,0,3,1,5.0,
202400045727,155 701 252,A01,2.0,10.0,13,0,2,15,1.0,
202400045728,155 701 249,A01,2.0,33.0,0,1,1,1,0.0,
202400045729,155 701 247,B01,3.0,1.0,0,2,1,1,5.0,
202400045730,155 701 246,A01,3.0,7.0,0,1,7,17,2.0,
202400045731,155 701 243,A01,1.0,50.0,0,0,1,1,3.0,
202400045732,155 701 242,A01,1.0,7.0,0,2,3,24,1.0,
202400045733,155 701 240,A01,2.0,10.0,0,2,1,5,1.0,
202400045734,155 701 241,A01,1.0,33.0,0,1,1,1,1.0,
202400045735,155 701 235,A01,1.0,32.0,0,2,1,1,1.0,
202400045736,155 701 234,A01,2.0,7.0,0,2,1,1,1.0,
202400045737,155 701 233,A01,2.0,7.0,0,0,0,22,2.0,
202400045738,155 701 231,A01,1.0,7.0,0,2,1,9,1.0,
202400045739,155 701 230,A01,2.0,7.0,0,2,1,2,1.0,
202400045740,155 701 229,A01,3.0,7.0,2,0,1,23,1.0,
202400045741,155 701 226,A01,2.0,7.0,0,2,2,12,1.0,
202400045742,155 701 227,A01,2.0,80.0,0,0,1,2,3.0,
202400045743,155 701 223,A01,3.0,21.0,8,0,2,26,1.0,
202400045744,155 701 222,A01,2.0,30.0,0,2,4,2,1.0,
202400045745,155 701 220,B01,1.0,1.0,0,2,3,1,5.0,
202400045746,155 701 219,A01,1.0,10.0,0,2,4,1,1.0,
202400045747,155 701 217,A01,2.0,80.0,0,9,3,26,3.0,
202400045748,155 701 214,A01,2.0,7.0,0,2,1,2,2.0,
202400045749,155 701 213,A01,2.0,31.0,0,0,5,16,1.0,
202400045750,155 701 211,A01,2.0,1.0,0,2,1,1,5.0,
202400045751,155 701 215,A01,2.0,1.0,0,0,0,1,5.0,
202400045752,155 701 207,B01,1.0,7.0,0,2,2,15,2.0,
202400045753,155 701 210,A01,1.0,1.0,0,1,8,1,5.0,
202400045754,155 701 203,A01,1.0,10.0,0,2,1,1,1.0,
202400045755,155 701 201,A01,2.0,7.0,1,2,1,1,1.0,
202400045756,155 701 202,A01,2.0,7.0,0,2,2,13,1.0,
202400045757,155 701 200,A01,2.0,50.0,1,0,1,2,3.0,
202400045758,155 701 197,A01,1.0,7.0,0,2,2,16,0.0,
202400045759,155 701 194,B01,2.0,7.0,0,2,1,1,1.0,
202400045760,155 701 193,A01,1.0,34.0,0,2,1,3,1.0,
202400045761,155 701 192,A01,2.0,7.0,0,1,3,1,2.0,
202400045762,155 701 191,B01,1.0,7.0,0,2,2,17,1.0,
202400045763,155 701 185,B01,2.0,7.0,0,2,6,1,1.0,
202400045764,155 701 186,A01,3.0,7.0,0,2,2,1,1.0,
202400045765,155 701 183,B01,1.0,7.0,0,2,7,1,2.0,
202400045766,155 701 181,B01,1.0,38.0,0,0,6,24,1.0,1
202400045767,155 701 180,A01,1.0,7.0,0,2,3,1,1.0,
202400045768,155 701 176,A01,1.0,7.0,0,2,8,15,1.0,
202400045769,155 701 175,A01,1.0,7.0,0,2,6,11,1.0,
202400045770,155 701 173,A01,2.0,32.0,0,2,1,3,1.0,
202400045771,155 701 171,B01,2.0,7.0,0,0,3,13,1.0,
202400045772,155 701 167,B01,2.0,38.0,0,2,3,1,0.0,1
202400045773,155 701 166,B01,0.0,33.0,0,2,1,0,1.0,
202400045774,155 701 163,A01,2.0,32.0,0,2,2,3,1.0,
202400045775,155 701 162,B01,1.0,7.0,0,2,7,1,1.0,
202400045776,155 701 161,A01,3.0,41.0,6,0,3,13,1.0,
202400045777,155 701 156,A01,2.0,33.0,0,2,1,3,1.0,
202400045778,155 701 157,A01,1.0,7.0,0,2,3,1,1.0,
202400045779,155 701 158,A01,1.0,50.0,0,1,3,1,3.0,
202400045780,155 701 152,A01,3.0,43.0,0,2,1,26,1.0,
202400045781,155 701 151,C01,1.0,7.0,0,2,4,2,1.0,
202400045782,155 701 150,A01,3.0,33.0,4,0,0,14,1.0,
202400045783,155 701 148,A01,0.0,30.0,0,0,0,13,0.0,
202400045784,155 701 143,A01,3.0,38.0,0,1,2,26,0.0,1
202400045785,155 701 142,A01,2.0,7.0,0,2,6,12,1.0,
202400045786,155 701 141,Z01,2.0,32.0,0,2,1,1,0.0,
202400045787,155 701 140,A01,2.0,7.0,0,2,2,15,2.0,
202400045788,155 701 146,A01,1.0,7.0,0,2,2,15,1.0,
202400045789,155 701 136,A01,3.0,7.0,0,1,1,1,1.0,
202400045790,155 701 134,A01,1.0,7.0,0,2,2,15,1.0,
202400045791,155 701 132,A01,0.0,80.0,0,2,7,1,3.0,
202400045792,155 701 133,A01,2.0,1.0,1,2,1,5,5.0,
202400045793,155 701 131,A01,2.0,7.0,0,0,4,1,1.0,
202400045794,155 701 130,A01,2.0,10.0,0,1,1,15,1.0,
202400045795,155 701 125,B01,3.0,7.0,0,2,6,20,1.0,
202400045796,155 701 124,B01,1.0,10.0,0,2,2,1,1.0,
202400045797,155 701 126,A01,1.0,7.0,5,0,7,1,1.0,
202400045798,155 701 123,A01,0.0,7.0,0,2,1,26,1.0,
202400045799,155 701 122,A01,2.0,7.0,12,0,2,13,1.0,
202400045800,155 701 121,A01,1.0,13.0,0,1,8,1,1.0,
202400045801,155 701 118,A01,3.0,7.0,0,2,8,11,3.0,
202400045802,155 701 119,A01,3.0,7.0,6,0,2,1,1.0,
202400045803,155 701 115,B01,1.0,1.0,0,2,3,1,5.0,
202400045804,155 701 114,B01,3.0,10.0,0,2,1,19,1.0,
202400045805,155 701 110,A01,2.0,7.0,0,2,6,16,3.0,
202400045806,155 701 111,B01,2.0,7.0,0,1,1,0,1.0,
202400045807,155 701 108,A01,1.0,1.0,12,0,1,14,5.0,
202400045808,155 701 109,A01,2.0,7.0,0,2,3,24,1.0,
202400045809,155 701 105,Z01,0.0,31.0,0,0,0,0,0.0,
202400045810,155 701 099,C01,1.0,13.0,0,0,0,0,1.0,
202400045811,155 701 102,A01,1.0,1.0,0,1,8,1,5.0,
202400045812,155 701 101,A01,2.0,2.0,2,0,1,1,1.0,
202400045813,155 701 100,A01,1.0,7.0,0,0,8,19,1.0,
202400045814,155 701 098,A01,1.0,7.0,0,1,3,9,3.0,
202400045815,155 701 096,A01,3.0,10.0,0,2,1,1,1.0,
202400045816,155 701 091,B01,2.0,7.0,0,2,1,1,1.0,
202400045817,155 701 088,Z01,1.0,7.0,0,2,1,16,0.0,
202400045818,155 701 090,A01,1.0,7.0,0,2,3,17,1.0,
202400045819,155 701 086,C01,2.0,7.0,0,2,7,1,1.0,
202400045820,155 701 085,A01,2.0,7.0,0,2,3,13,1.0,
202400045821,155 701 083,A01,3.0,7.0,0,1,1,1,2.0,
202400045822,155 701 081,A01,2.0,10.0,1,0,0,26,1.0,
202400045823,155 701 079,B01,1.0,32.0,0,2,1,17,1.0,
202400045824,155 701 078,A01,2.0,2.0,0,2,3,26,1.0,
202400045825,155 701 075,A01,1.0,7.0,0,1,5,20,1.0,
202400045826,155 701 074,A01,1.0,7.0,1,0,2,1,1.0,
202400045827,155 701 073,A01,2.0,7.0,0,2,1,13,1.0,
202400045828,155 701 071,B01,1.0,2.0,0,2,1,1,3.0,
202400045829,155 701 070,B01,2.0,7.0,0,2,5,20,1.0,
202400045830,155 701 068,A01,2.0,50.0,1,0,0,1,3.0,
202400045831,155 701 066,A01,1.0,33.0,0,0,6,2,1.0,
202400045832,155 701 063,A01,3.0,30.0,0,2,1,0,1.0,
202400045833,155 701 062,B01,1.0,7.0,0,2,3,1,2.0,
202400045834,155 701 061,A01,1.0,7.0,0,2,6,10,1.0,
202400045835,155 701 058,B01,0.0,50.0,0,2,0,0,3.0,
202400045836,155 701 055,A01,1.0,7.0,1,2,3,20,1.0,
202400045837,155 701 057,B01,3.0,2.0,0,9,1,1,1.0,
202400045838,155 701 054,A01,2.0,7.0,0,1,1,1,1.0,
202400045839,155 701 053,A01,0.0,7.0,1,0,2,0,1.0,
202400045840,155 701 051,A01,2.0,7.0,13,0,2,14,1.0,
202400045841,155 701 052,A01,1.0,7.0,0,1,7,15,1.0,
202400045842,155 701 050,A01,2.0,15.0,3,0,2,14,1.0,
202400045843,155 701 048,A01,2.0,10.0,0,2,1,16,1.0,
202400045844,155 701 046,B01,2.0,7.0,0,0,3,1,3.0,
202400045845,155 701 044,Z01,0.0,33.0,14,1,1,26,0.0,
202400045846,155 701 043,A01,2.0,2.0,0,0,0,13,1.0,
202400045847,155 701 042,A01,1.0,7.0,12,1,2,16,1.0,
202400045848,155 701 040,A01,2.0,15.0,0,9,1,1,1.0,
202400045849,155 701 039,A01,1.0,7.0,0,2,1,13,1.0,
202400045850,155 701 038,A01,0.0,7.0,0,1,3,26,0.0,
202400045851,155 701 036,A01,1.0,33.0,0,1,3,17,1.0,
202400045852,155 701 033,B01,2.0,50.0,0,2,1,13,3.0,
202400045853,155 701 034,A01,1.0,7.0,0,2,8,15,1.0,
202400045854,155 701 031,A01,0.0,7.0,0,1,5,0,1.0,
202400045855,155 701 027,B01,1.0,7.0,0,2,6,1,1.0,
202400045856,155 701 026,A01,2.0,7.0,0,2,2,0,1.0,
202400045857,155 701 025,A01,2.0,2.0,3,0,8,13,1.0,
202400045858,155 701 021,A01,1.0,15.0,13,0,2,1,1.0,
202400045859,155 701 020,B01,3.0,7.0,0,2,3,1,1.0,
202400045860,155 701 017,A01,1.0,7.0,0,2,3,1,1.0,
202400045861,155 701 019,A01,3.0,33.0,15,0,3,1,1.0,
202400045862,155 701 015,A01,3.0,7.0,1,0,1,1,1.0,
202400045863,155 701 014,A01,3.0,7.0,4,0,1,1,1.0,
202400045864,155 701 011,A01,2.0,7.0,0,2,2,26,2.0,
202400045865,155 701 010,A01,1.0,2.0,11,0,2,1,1.0,
202400045866,155 701 009,A01,2.0,7.0,0,0,1,2,1.0,
202400045867,155 701 008,A01,1.0,7.0,0,1,1,1,1.0,
202400045868,155 701 005,A01,3.0,7.0,6,0,3,1,1.0,
202400045869,155 701 007,B01,1.0,33.0,0,2,1,1,1.0,
202400045870,155 701 002,A01,2.0,7.0,0,2,4,13,1.0,
202400045871,155 701 001,A01,1.0,7.0,0,2,8,1,1.0,
202400045872,155 701 000,A01,1.0,7.0,0,2,1,2,1.0,
202400045873,155 700 995,A01,1.0,7.0,0,2,3,9,1.0,
202400045874,155 700 996,A01,1.0,80.0,0,1,1,17,3.0,
202400045875,155 700 991,A01,2.0,7.0,2,0,3,14,1.0,
202400045876,155 700 993,A01,2.0,1.0,0,2,1,15,5.0,
202400045877,155 700 992,A01,1.0,32.0,0,2,2,1,1.0,
202400045878,155 700 990,A01,3.0,7.0,0,2,3,21,1.0,
202400045879,155 700 987,A01,2.0,7.0,8,0,9,21,1.0,
202400045880,155 700 984,B01,1.0,33.0,0,2,1,1,1.0,
202400045881,155 700 985,B01,2.0,7.0,0,2,1,1,1.0,
202400045882,155 700 978,A01,1.0,7.0,0,0,6,15,3.0,
202400045883,155 700 980,A01,1.0,1.0,0,9,0,2,5.0,
202400045884,155 700 976,A01,3.0,50.0,0,0,0,0,3.0,
202400045885,155 700 974,C01,2.0,7.0,14,0,1,1,1.0,
202400045886,155 700 973,A01,2.0,10.0,0,1,3,1,1.0,
202400045887,155 700 970,A01,1.0,2.0,0,0,1,1,1.0,
202400045888,155 700 969,A01,3.0,10.0,0,0,0,2,0.0,
202400045889,155 700 971,A01,3.0,7.0,8,0,1,1,1.0,
202400045890,155 700 967,A01,0.0,7.0,0,0,3,1,1.0,
202400045891,155 700 962,A01,3.0,33.0,1,1,1,1,1.0,
202400045892,155 700 960,A01,1.0,7.0,2,2,3,13,1.0,
202400045893,155 700 963,A01,2.0,7.0,0,2,2,15,1.0,
202400045894,155 700 958,A01,1.0,7.0,0,2,1,2,1.0,
202400045895,155 700 957,B01,1.0,10.0,0,2,1,2,1.0,
202400045896,155 700 955,A01,2.0,80.0,0,0,0,26,3.0,
202400045897,155 700 952,A01,1.0,21.0,0,0,0,17,1.0,
202400045898,155 700 950,B01,2.0,34.0,0,1,1,1,1.0,
202400045899,155 700 949,A01,2.0,2.0,0,2,8,1,1.0,
202400045900,155 700 947,A01,3.0,33.0,0,2,1,5,1.0,
202400045901,155 700 946,A01,2.0,7.0,0,2,1,2,1.0,
202400045902,155 700 945,A01,1.0,33.0,0,1,1,1,1.0,
202400045903,155 700 942,A01,1.0,7.0,13,2,3,19,1.0,
202400045904,155 700 939,A01,1.0,36.0,0,0,2,14,1.0,
202400045905,155 700 941,A01,1.0,7.0,0,2,6,19,2.0,
202400045906,155 700 937,A01,0.0,7.0,1,0,1,13,1.0,
202400045907,155 700 935,C01,1.0,7.0,0,2,4,2,1.0,
202400045908,155 700 934,A01,1.0,7.0,0,2,7,15,1.0,
202400045909,155 700 931,B01,1.0,7.0,0,2,3,15,1.0,
202400045910,155 700 930,A01,1.0,2.0,0,2,1,13,1.0,
202400045911,155 700 927,A01,2.0,7.0,0,2,1,1,1.0,
202400045912,155 700 923,A01,1.0,33.0,4,0,0,0,1.0,
202400045913,155 700 921,C01,2.0,7.0,0,2,6,1,1.0,
202400045914,155 700 922,A01,1.0,33.0,0,2,1,1,1.0,
202400045915,155 700 920,B01,1.0,7.0,0,2,1,1,1.0,
202400045916,155 700 914,A01,2.0,7.0,0,2,5,12,1.0,
202400045917,155 700 912,A01,2.0,7.0,8,2,6,23,1.0,
202400045918,155 700 915,A01,2.0,7.0,0,2,4,11,1.0,
202400045919,155 700 910,B01,1.0,7.0,0,0,4,23,1.0,
202400045920,155 700 909,A01,2.0,7.0,0,0,4,23,1.0,
202400045921,155 700 907,A01,1.0,7.0,0,2,3,11,1.0,
202400045922,155 700 906,A01,0.0,7.0,0,1,5,20,1.0,
202400045923,155 700 903,A01,1.0,7.0,0,0,5,15,1.0,
202400045924,155 700 899,A01,3.0,80.0,0,2,1,1,3.0,
202400045925,155 700 900,A01,1.0,2.0,13,0,1,14,1.0,
202400045926,155 700 898,A01,1.0,33.0,0,2,6,21,1.0,
202400045927,155 700 891,B01,1.0,7.0,0,2,1,1,1.0,
202400045928,155 700 892,A01,2.0,7.0,4,0,9,21,1.0,
202400045929,155 700 893,C01,1.0,7.0,0,2,4,2,1.0,
202400045930,155 700 886,A01,1.0,7.0,0,2,8,11,1.0,
202400045931,155 700 884,B01,2.0,1.0,0,2,1,1,5.0,
202400045932,155 700 883,A01,1.0,10.0,0,2,2,15,1.0,
202400045933,155 700 889,B01,2.0,7.0,0,2,3,1,1.0,
202400045934,155 700 882,A01,1.0,7.0,0,2,1,2,1.0,
202400045935,155 700 878,A01,2.0,7.0,0,2,1,0,1.0,
202400045936,155 700 877,A01,1.0,33.0,12,0,1,1,1.0,
202400045937,155 700 871,A01,1.0,1.0,14,0,1,1,5.0,
202400045938,155 700 873,A01,1.0,10.0,4,0,1,26,1.0,
202400045939,155 700 872,A01,2.0,7.0,0,2,1,2,1.0,
202400045940,155 700 870,A01,2.0,10.0,2,0,1,1,1.0,
202400045941,155 700 869,A01,1.0,43.0,0,2,8,18,1.0,
202400045942,155 700 866,A01,1.0,20.0,0,1,6,4,1.0,
202400045943,155 700 864,A01,2.0,32.0,0,0,0,2,1.0,
202400045944,155 700 862,B01,2.0,7.0,0,2,3,0,1.0,
202400045945,155 700 860,A01,1.0,7.0,13,0,1,1,1.0,
202400045946,155 700 861,A01,1.0,7.0,0,2,1,2,1.0,
202400045947,155 700 859,A01,2.0,7.0,0,2,1,1,1.0,
202400045948,155 700 857,A01,3.0,80.0,0,0,0,1,2.0,
202400045949,155 700 854,A01,1.0,7.0,0,1,3,1,1.0,
202400045950,155 700 853,A01,2.0,7.0,0,2,1,2,1.0,
202400045951,155 700 850,A01,0.0,21.0,0,0,0,26,1.0,
202400045952,155 700 847,B01,1.0,7.0,13,0,0,21,1.0,
202400045953,155 700 846,C01,1.0,10.0,0,2,7,2,1.0,
202400045954,155 700 845,B01,1.0,1.0,0,2,1,1,5.0,
202400045955,155 700 843,A01,2.0,32.0,9,0,7,1,1.0,
202400045956,155 700 842,A01,1.0,7.0,3,0,8,2,1.0,
202400045957,155 700 841,A01,1.0,7.0,0,2,1,17,1.0,
202400045958,155 700 839,A01,2.0,7.0,0,0,9,1,1.0,
202400045959,155 700 838,A01,1.0,1.0,0,0,0,1,5.0,
202400045960,155 700 836,A01,1.0,33.0,0,2,1,3,1.0,
202400045961,155 700 834,A01,2.0,17.0,3,0,3,13,1.0,
202400045962,155 700 831,A01,2.0,2.0,0,1,0,17,1.0,
202400045963,155 700 833,A01,2.0,33.0,0,2,1,3,1.0,
202400045964,155 700 832,A01,1.0,7.0,1,0,1,14,1.0,
202400045965,155 700 828,A01,3.0,7.0,0,1,5,4,1.0,
202400045966,155 700 827,A01,1.0,33.0,0,0,7,1,1.0,
202400045967,155 700 825,B01,1.0,10.0,0,2,4,2,1.0,
202400045968,155 700 826,A01,1.0,7.0,4,0,1,2,1.0,
202400045969,155 700 822,A01,2.0,7.0,0,1,3,1,1.0,
202400045970,155 700 819,A01,2.0,7.0,0,2,3,13,1.0,
202400045971,155 700 821,A01,1.0,7.0,2,0,8,14,1.0,
202400045972,155 700 818,A01,1.0,33.0,0,0,3,12,1.0,
202400045973,155 700 817,A01,2.0,7.0,0,2,2,9,1.0,
202400045974,155 700 815,A01,1.0,7.0,17,0,1,0,1.0,
202400045975,155 700 810,B01,1.0,7.0,0,2,4,2,1.0,
202400045976,155 700 809,A01,2.0,7.0,0,2,1,17,1.0,
202400045977,155 700 816,A01,1.0,31.0,13,0,0,0,1.0,
202400045978,155 700 808,B01,2.0,15.0,0,2,1,1,1.0,
202400045979,155 700 807,A01,1.0,7.0,0,2,3,13,1.0,
202400045980,155 700 806,A01,3.0,2.0,0,0,0,14,1.0,
202400045981,155 700 802,A01,1.0,50.0,0,2,1,25,3.0,
202400045982,155 700 799,A01,0.0,7.0,0,2,1,2,1.0,
202400045983,155 700 800,A01,3.0,10.0,0,1,4,20,1.0,
202400045984,155 700 796,B01,2.0,2.0,0,2,1,26,1.0,
202400045985,155 700 797,B01,2.0,7.0,0,2,5,1,1.0,
202400045986,155 700 795,A01,2.0,7.0,8,0,1,26,3.0,
202400045987,155 700 792,A01,1.0,7.0,4,0,3,13,1.0,
202400045988,155 700 791,A01,2.0,7.0,5,0,1,14,6.0,
202400045989,155 700 790,A01,2.0,33.0,1,2,1,17,1.0,
202400045990,155 700 789,B01,1.0,7.0,0,2,2,1,2.0,
202400045991,155 700 787,A01,1.0,30.0,0,0,0,1,1.0,
202400045992,155 700 786,A01,2.0,7.0,0,2,3,15,2.0,
202400045993,155 700 784,B01,1.0,7.0,0,0,2,1,1.0,
202400045994,155 700 783,A01,2.0,7.0,0,1,2,1,1.0,
202400045995,155 700 779,A01,1.0,30.0,0,2,7,1,3.0,
202400045996,155 700 780,A01,3.0,7.0,0,2,1,1,1.0,
202400045997,155 700 778,A01,1.0,7.0,0,2,1,1,1.0,
202400045998,155 700 774,B01,1.0,7.0,0,0,1,1,1.0,
202400045999,155 700 773,A01,2.0,33.0,0,2,1,2,1.0,
202400046000,155 700 772,A01,1.0,7.0,0,1,1,1,1.0,
202400046001,155 700 770,A01,2.0,7.0,8,0,1,1,1.0,
202400046002,155 700 769,A01,2.0,7.0,0,2,1,1,1.0,
202400046003,155 700 768,A01,2.0,7.0,0,2,3,15,1.0,
202400046004,155 700 766,A01,1.0,32.0,11,0,1,13,1.0,
202400046005,155 700 765,A01,3.0,60.0,0,0,8,2,5.0,
202400046006,155 700 764,A01,3.0,7.0,0,2,3,1,1.0,
202400046007,155 700 763,A01,1.0,14.0,0,1,7,2,1.0,
202400046008,155 700 757,B01,2.0,1.0,0,0,1,19,5.0,
202400046009,155 700 754,A01,3.0,10.0,0,1,0,1,1.0,
202400046010,155 700 755,A01,1.0,33.0,0,2,2,2,1.0,
202400046011,155 700 752,A01,1.0,7.0,0,2,7,17,1.0,
202400046012,155 700 753,A01,3.0,7.0,0,2,2,15,1.0,
202400046013,155 700 758,A01,1.0,15.0,14,0,1,1,1.0,
202400046014,155 700 748,B01,1.0,7.0,0,2,8,15,1.0,
202400046015,155 700 744,A01,1.0,7.0,0,2,3,1,1.0,
202400046016,155 700 740,B01,3.0,2.0,0,2,1,1,1.0,
202400046017,155 700 739,A01,1.0,7.0,0,2,2,1,1.0,
202400046018,155 700 735,A01,1.0,7.0,0,2,1,2,1.0,
202400046019,155 700 736,A01,1.0,10.0,0,2,9,2,1.0,
202400046020,155 700 734,A01,2.0,7.0,0,1,1,1,1.0,
202400046021,155 700 729,A01,2.0,7.0,0,2,3,19,1.0,
202400046022,155 700 726,A01,1.0,7.0,0,2,1,2,1.0,
202400046023,155 700 727,B01,2.0,7.0,0,2,8,15,1.0,
202400046024,155 700 725,B01,1.0,33.0,0,2,8,1,1.0,
202400046025,155 700 723,A01,2.0,7.0,4,2,9,1,1.0,
202400046026,155 700 721,A01,1.0,7.0,0,1,5,26,1.0,
202400046027,155 700 718,B01,2.0,7.0,0,2,4,2,1.0,
202400046028,155 700 717,A01,3.0,32.0,12,0,1,13,1.0,
202400046029,155 700 719,A01,3.0,36.0,0,0,3,1,1.0,
202400046030,155 700 715,A01,1.0,7.0,0,2,8,11,1.0,
202400046031,155 700 713,A01,2.0,16.0,0,2,4,4,1.0,
202400046032,155 700 710,A01,3.0,7.0,0,2,8,15,2.0,
202400046033,155 700 707,A01,2.0,38.0,2,0,3,13,1.0,1
202400046034,155 700 708,A01,2.0,7.0,0,2,3,1,1.0,
202400046035,155 700 706,A01,1.0,15.0,0,0,1,1,1.0,
202400046036,155 700 705,A01,0.0,7.0,0,0,2,0,1.0,
202400046037,155 700 704,A01,3.0,7.0,0,1,1,15,3.0,
202400046038,155 700 703,A01,1.0,10.0,0,1,0,1,1.0,
202400046039,155 700 698,A01,1.0,7.0,0,2,1,5,1.0,
202400046040,155 700 699,A01,2.0,7.0,2,0,1,0,1.0,
202400046041,155 700 700,A01,1.0,33.0,4,0,8,16,1.0,
202400046042,155 700 697,A01,3.0,7.0,0,2,8,15,1.0,
202400046043,155 700 696,A01,3.0,33.0,0,0,0,1,1.0,
202400046044,155 700 695,A01,1.0,7.0,0,1,0,1,1.0,
202400046045,155 700 690,A01,1.0,50.0,0,2,1,1,3.0,
202400046046,155 700 689,A01,3.0,2.0,0,0,0,2,1.0,
202400046047,155 700 688,A01,1.0,7.0,3,2,4,9,1.0,
202400046048,155 700 686,B01,1.0,7.0,0,2,6,2,1.0,
202400046049,155 700 684,C01,3.0,7.0,0,2,1,1,1.0,
202400046050,155 700 683,A01,3.0,37.0,0,2,7,16,1.0,1
202400046051,155 700 680,A01,0.0,7.0,0,2,1,15,1.0,
202400046052,155 700 679,A01,2.0,7.0,0,0,9,26,1.0,
202400046053,155 700 678,B01,2.0,7.0,0,2,3,1,1.0,
202400046054,155 700 674,B01,3.0,50.0,0,2,8,19,3.0,
202400046055,155 700 673,A01,1.0,7.0,0,2,1,17,1.0,
202400046056,155 700 671,B01,2.0,7.0,0,0,6,2,1.0,
202400046057,155 700 670,A01,1.0,32.0,0,6,1,1,1.0,
202400046058,155 700 668,A01,1.0,7.0,0,1,1,1,1.0,
202400046059,155 700 665,A01,0.0,32.0,2,0,1,1,1.0,
202400046060,155 700 667,B01,0.0,33.0,0,2,7,1,1.0,
202400046061,155 700 664,B01,2.0,7.0,0,2,3,1,1.0,
202400046062,155 700 663,B01,1.0,1.0,0,2,8,15,5.0,