Num_Acc,id_vehicule,num_veh,senc,catv,obs,obsm,choc,manv,motor,occutc
202400046063,155 700 661,A01,2.0,10.0,9,0,1,1,1.0,
202400046064,155 700 656,A01,1.0,33.0,5,0,1,1,1.0,
202400046065,155 700 657,A01,2.0,30.0,0,0,0,0,6.0,
202400046066,155 700 660,A01,2.0,10.0,0,2,5,11,1.0,
202400046067,155 700 655,B01,3.0,10.0,13,0,8,1,1.0,
202400046068,155 700 652,A01,2.0,33.0,3,0,7,16,1.0,
202400046069,155 700 649,A01,2.0,33.0,8,0,8,1,1.0,
202400046070,155 700 648,A01,2.0,2.0,0,0,8,1,1.0,
202400046071,155 700 650,A01,2.0,33.0,0,2,1,2,1.0,
202400046072,155 700 647,B01,2.0,7.0,0,2,3,1,1.0,
202400046073,155 700 645,A01,1.0,7.0,0,0,3,1,1.0,
202400046074,155 700 644,A01,1.0,33.0,0,2,7,2,1.0,
202400046075,155 700 639,A01,3.0,7.0,1,0,3,1,1.0,
202400046076,155 700 636,A01,1.0,7.0,0,2,8,1,1.0,
202400046077,155 700 637,A01,1.0,33.0,0,2,4,11,1.0,
202400046078,155 700 638,A01,1.0,10.0,0,1,1,26,1.0,
202400046079,155 700 633,D01,2.0,7.0,2,2,1,1,2.0,
202400046080,155 700 629,A01,3.0,7.0,0,2,3,19,1.0,
202400046081,155 700 628,A01,2.0,17.0,0,2,3,1,1.0,
202400046082,155 700 630,A01,1.0,50.0,14,0,8,1,3.0,
202400046083,155 700 627,A01,0.0,30.0,13,0,2,1,1.0,
202400046084,155 700 626,A01,2.0,10.0,0,2,2,16,1.0,
202400046085,155 700 624,A01,3.0,7.0,8,0,5,1,1.0,
202400046086,155 700 622,A01,1.0,2.0,0,0,6,2,1.0,
202400046087,155 700 621,A01,1.0,10.0,0,2,1,1,1.0,
202400046088,155 700 619,A01,1.0,7.0,0,2,3,1,3.0,
202400046089,155 700 616,B01,1.0,1.0,0,2,7,1,5.0,
202400046090,155 700 615,A01,0.0,7.0,1,1,1,0,1.0,
202400046091,155 700 612,A01,3.0,3.0,0,0,0,14,1.0,
202400046092,155 700 611,A01,3.0,10.0,0,2,3,2,1.0,
202400046093,155 700 609,B01,2.0,1.0,0,2,8,1,5.0,
202400046094,155 700 610,A01,1.0,10.0,8,0,1,1,3.0,
202400046095,155 700 617,B01,1.0,1.0,0,2,3,1,5.0,
202400046096,155 700 606,A01,2.0,10.0,0,2,1,2,1.0,
202400046097,155 700 604,B01,2.0,15.0,0,2,5,1,0.0,
202400046098,155 700 599,A01,3.0,7.0,0,2,1,9,1.0,
202400046099,155 700 596,A01,1.0,2.0,0,2,7,1,3.0,
202400046100,155 700 595,B01,2.0,7.0,0,2,1,2,1.0,
202400046101,155 700 594,A01,2.0,33.0,8,2,6,1,1.0,
202400046102,155 700 592,C01,2.0,7.0,0,2,0,1,1.0,
202400046103,155 700 591,A01,2.0,3.0,0,2,3,19,1.0,
202400046104,155 700 590,A01,3.0,7.0,3,0,0,1,1.0,
202400046105,155 700 586,A01,1.0,2.0,0,2,1,18,3.0,
202400046106,155 700 587,A01,1.0,7.0,0,1,1,1,1.0,
202400046107,155 700 581,A01,1.0,7.0,0,2,3,15,1.0,
202400046108,155 700 579,A01,3.0,7.0,0,2,2,2,1.0,
202400046109,155 700 580,A01,2.0,17.0,0,0,4,15,1.0,
202400046110,155 700 573,A01,1.0,32.0,0,2,2,16,1.0,
202400046111,155 700 572,A01,1.0,7.0,0,2,1,16,1.0,
202400046112,155 700 570,A01,2.0,7.0,0,1,3,1,1.0,
202400046113,155 700 569,A01,1.0,10.0,0,0,0,0,1.0,
202400046114,155 700 576,A01,2.0,10.0,0,2,1,2,1.0,
202400046115,155 700 567,B01,1.0,50.0,0,2,0,0,3.0,
202400046116,155 700 565,A01,2.0,10.0,0,2,1,2,1.0,
202400046117,155 700 562,A01,2.0,7.0,0,2,3,11,1.0,
202400046118,155 700 563,Z01,2.0,7.0,0,2,1,1,0.0,
202400046119,155 700 559,A01,2.0,50.0,0,2,8,19,3.0,
202400046120,155 700 557,A01,3.0,7.0,0,2,1,19,1.0,
202400046121,155 700 553,B01,1.0,7.0,0,2,4,2,1.0,
202400046122,155 700 551,B01,2.0,7.0,0,2,4,1,1.0,
202400046123,155 700 552,B01,2.0,7.0,0,2,8,1,1.0,
202400046124,155 700 547,A01,3.0,7.0,0,2,2,10,1.0,
202400046125,155 700 548,A01,1.0,10.0,0,2,2,26,1.0,
202400046126,155 700 545,A01,1.0,10.0,4,0,0,0,1.0,
202400046127,155 700 544,A01,2.0,7.0,0,2,2,2,1.0,
202400046128,155 700 541,Z01,1.0,7.0,0,1,1,0,0.0,
202400046129,155 700 543,A01,3.0,1.0,0,0,0,1,5.0,
202400046130,155 700 539,B01,2.0,10.0,0,2,3,1,1.0,
202400046131,155 700 538,A01,1.0,7.0,0,9,3,1,1.0,
202400046132,155 700 536,A01,1.0,7.0,5,2,1,14,1.0,
202400046133,155 700 534,A01,2.0,50.0,0,1,1,14,3.0,
202400046134,155 700 533,B01,2.0,1.0,0,2,0,1,5.0,
202400046135,155 700 530,A01,1.0,7.0,0,1,1,1,1.0,
202400046136,155 700 529,A01,2.0,31.0,0,2,1,3,1.0,
202400046137,155 700 528,A01,2.0,7.0,0,2,1,1,1.0,
202400046138,155 700 527,A01,2.0,1.0,0,0,3,11,5.0,
202400046139,155 700 524,B01,1.0,32.0,0,2,7,1,1.0,
202400046140,155 700 521,A01,1.0,7.0,0,2,2,1,1.0,
202400046141,155 700 519,A01,2.0,7.0,0,2,4,2,1.0,
202400046142,155 700 517,A01,3.0,50.0,0,0,9,1,3.0,
202400046143,155 700 515,B01,2.0,7.0,0,2,0,0,1.0,
202400046144,155 700 512,A01,3.0,7.0,0,2,1,2,1.0,
202400046145,155 700 510,C01,1.0,7.0,0,2,4,2,0.0,
202400046146,155 700 509,A01,2.0,7.0,6,0,1,15,1.0,
202400046147,155 700 505,A01,2.0,7.0,0,1,1,1,1.0,
202400046148,155 700 503,A01,1.0,7.0,0,2,3,1,1.0,
202400046149,155 700 502,A01,2.0,33.0,0,2,1,3,1.0,
202400046150,155 700 499,A01,2.0,7.0,6,0,1,14,1.0,
202400046151,155 700 498,A01,3.0,7.0,5,0,2,14,2.0,
202400046152,155 700 497,B01,2.0,50.0,8,2,7,19,3.0,
202400046153,155 700 494,A01,3.0,7.0,1,0,6,26,1.0,
202400046154,155 700 490,B01,1.0,1.0,0,2,7,1,5.0,
202400046155,155 700 492,A01,1.0,7.0,0,2,1,2,1.0,
202400046156,155 700 489,A01,3.0,7.0,0,2,3,1,1.0,
202400046157,155 700 488,A01,2.0,1.0,0,2,1,1,5.0,
202400046158,155 700 482,A01,2.0,7.0,0,2,1,1,3.0,
202400046159,155 700 483,A01,3.0,7.0,0,2,4,23,1.0,
202400046160,155 700 481,A01,1.0,10.0,1,2,3,26,1.0,
202400046161,155 700 480,B01,1.0,15.0,0,2,4,1,1.0,
202400046162,155 700 477,B01,0.0,1.0,0,2,1,15,5.0,
202400046163,155 700 472,A01,3.0,10.0,0,2,2,16,1.0,
202400046164,155 700 470,A01,2.0,7.0,0,2,6,1,1.0,
202400046165,155 700 471,A01,2.0,10.0,0,2,8,22,1.0,
202400046166,155 700 469,A01,1.0,33.0,0,2,1,2,1.0,
202400046167,155 700 467,A01,2.0,7.0,9,0,1,13,1.0,
202400046168,155 700 466,A01,1.0,2.0,14,0,1,14,1.0,
202400046169,155 700 464,A01,2.0,7.0,0,1,1,1,1.0,
202400046170,155 700 463,B01,2.0,7.0,0,2,1,26,1.0,
202400046171,155 700 462,A01,2.0,7.0,0,2,8,11,1.0,
202400046172,155 700 459,A01,2.0,7.0,0,1,7,17,1.0,
202400046173,155 700 458,B01,3.0,1.0,0,2,0,0,5.0,
202400046174,155 700 456,A01,1.0,10.0,0,2,3,1,1.0,
202400046175,155 700 455,A01,3.0,3.0,12,0,2,21,1.0,
202400046176,155 700 451,B01,2.0,7.0,0,2,2,1,1.0,
202400046177,155 700 454,A01,1.0,38.0,0,2,1,2,1.0,1
202400046178,155 700 450,A01,1.0,7.0,0,0,9,1,1.0,
202400046179,155 700 452,A01,1.0,40.0,0,1,7,1,3.0,
202400046180,155 700 447,B01,2.0,3.0,0,2,6,11,1.0,
202400046181,155 700 444,B01,1.0,7.0,0,2,7,0,1.0,
202400046182,155 700 442,C01,1.0,50.0,0,2,8,0,3.0,
202400046183,155 700 441,B01,3.0,10.0,0,2,1,1,1.0,
202400046184,155 700 440,A01,2.0,10.0,0,1,2,1,1.0,
202400046185,155 700 437,B01,1.0,7.0,0,2,5,26,1.0,
202400046186,155 700 434,A01,2.0,7.0,0,1,1,26,1.0,
202400046187,155 700 436,A01,0.0,7.0,0,0,0,0,0.0,
202400046188,155 700 433,B01,3.0,33.0,0,2,1,1,0.0,
202400046189,155 700 430,A01,1.0,7.0,0,1,3,15,1.0,
202400046190,155 700 428,A01,0.0,10.0,0,1,1,1,1.0,
202400046191,155 700 426,A01,0.0,7.0,0,2,1,15,1.0,
202400046192,155 700 425,B01,2.0,7.0,0,2,3,2,1.0,
202400046193,155 700 423,A01,1.0,7.0,0,0,7,13,1.0,
202400046194,155 700 421,A01,1.0,10.0,0,1,3,1,1.0,
202400046195,155 700 420,A01,3.0,7.0,0,1,0,0,1.0,
202400046196,155 700 422,A01,3.0,7.0,0,1,2,1,1.0,
202400046197,155 700 416,A01,2.0,34.0,0,2,1,2,1.0,
202400046198,155 700 413,A01,2.0,7.0,0,2,3,15,1.0,
202400046199,155 700 414,A01,1.0,2.0,0,2,1,1,1.0,
202400046200,155 700 412,B01,1.0,1.0,0,2,0,19,5.0,
202400046201,155 700 407,A01,1.0,7.0,0,2,3,9,1.0,
202400046202,155 700 406,B01,3.0,50.0,0,2,1,1,3.0,
202400046203,155 700 405,B01,3.0,33.0,0,2,1,1,1.0,
202400046204,155 700 402,A01,1.0,37.0,0,1,5,26,1.0,1
202400046205,155 700 400,A01,3.0,7.0,0,2,1,15,2.0,
202400046206,155 700 399,B01,3.0,1.0,0,2,8,1,5.0,
202400046207,155 700 395,A01,3.0,7.0,0,2,1,2,1.0,
202400046208,155 700 394,Z01,1.0,7.0,0,1,2,1,1.0,
202400046209,155 700 393,A01,3.0,7.0,0,2,1,21,1.0,
202400046210,155 700 392,A01,1.0,2.0,0,0,1,14,1.0,
202400046211,155 700 389,A01,3.0,7.0,0,2,2,16,1.0,
202400046212,155 700 390,A01,1.0,7.0,0,1,1,16,1.0,
202400046213,155 700 385,A01,1.0,10.0,0,2,2,13,1.0,
202400046214,155 700 386,A01,1.0,7.0,0,2,0,0,1.0,
202400046215,155 700 382,B01,1.0,50.0,0,2,1,0,3.0,
202400046216,155 700 381,B01,3.0,7.0,0,2,2,15,1.0,
202400046217,155 700 379,Z01,3.0,1.0,0,1,1,25,5.0,
202400046218,155 700 375,A01,1.0,7.0,0,2,7,0,1.0,
202400046219,155 700 376,A01,0.0,7.0,0,1,1,1,1.0,
202400046220,155 700 374,A01,3.0,7.0,0,2,2,1,1.0,
202400046221,155 700 373,A01,2.0,7.0,0,1,1,1,1.0,
202400046222,155 700 372,A01,3.0,7.0,0,1,2,11,1.0,
202400046223,155 700 369,A01,1.0,7.0,0,2,1,1,1.0,
202400046224,155 700 368,A01,2.0,7.0,0,2,3,10,1.0,
202400046225,155 700 366,A01,2.0,7.0,0,2,4,1,1.0,
202400046226,155 700 363,A01,3.0,7.0,0,2,1,15,3.0,
202400046227,155 700 362,A01,1.0,7.0,0,2,3,11,0.0,
202400046228,155 700 360,A01,1.0,10.0,0,1,1,1,1.0,
202400046229,155 700 359,A01,1.0,2.0,0,2,1,1,1.0,
202400046230,155 700 354,A01,3.0,13.0,1,0,1,2,0.0,
202400046231,155 700 353,A01,3.0,50.0,0,1,1,1,3.0,
202400046232,155 700 352,A01,3.0,7.0,1,2,3,17,1.0,
202400046233,155 700 350,A01,2.0,7.0,0,2,1,0,1.0,
202400046234,155 700 347,A01,2.0,7.0,0,2,1,13,1.0,
202400046235,155 700 348,A01,1.0,7.0,0,1,2,1,1.0,
202400046236,155 700 345,A01,2.0,7.0,6,0,3,0,1.0,
202400046237,155 700 343,A01,3.0,7.0,8,0,2,1,1.0,
202400046238,155 700 344,A01,2.0,50.0,0,2,8,1,3.0,
202400046239,155 700 339,B01,1.0,43.0,1,2,2,11,1.0,
202400046240,155 700 338,A01,2.0,7.0,0,1,3,15,1.0,
202400046241,155 700 336,A01,1.0,7.0,0,2,7,1,1.0,
202400046242,155 700 337,B01,3.0,80.0,0,2,7,1,3.0,
202400046243,155 700 334,A01,2.0,7.0,0,2,2,0,1.0,
202400046244,155 700 333,A01,1.0,7.0,0,1,3,15,1.0,
202400046245,155 700 331,A01,3.0,7.0,0,1,1,1,2.0,
202400046246,155 700 330,A01,3.0,14.0,0,0,0,26,1.0,
202400046247,155 700 329,B01,2.0,1.0,0,2,1,1,5.0,
202400046248,155 700 328,A01,2.0,33.0,0,0,7,21,1.0,
202400046249,155 700 326,A01,3.0,10.0,0,1,2,1,1.0,
202400046250,155 700 321,A01,1.0,7.0,0,2,3,5,0.0,
202400046251,155 700 320,B01,1.0,32.0,0,2,8,1,1.0,
202400046252,155 700 319,A01,1.0,7.0,0,2,8,11,1.0,
202400046253,155 700 316,B01,1.0,7.0,0,2,4,1,1.0,
202400046254,155 700 315,B01,0.0,7.0,0,0,4,0,1.0,
202400046255,155 700 314,A01,1.0,7.0,15,0,2,1,1.0,
202400046256,155 700 312,B01,1.0,32.0,0,2,2,10,1.0,
202400046257,155 700 308,A01,1.0,7.0,6,0,2,2,1.0,
202400046258,155 700 306,A01,1.0,33.0,0,2,7,26,1.0,
202400046259,155 700 304,B01,2.0,7.0,0,2,4,0,1.0,
202400046260,155 700 303,A01,2.0,10.0,0,9,2,16,1.0,
202400046261,155 700 302,A01,1.0,7.0,0,2,1,15,1.0,
202400046262,155 700 300,A01,1.0,7.0,0,1,2,0,1.0,
202400046263,155 700 298,A01,2.0,50.0,0,9,8,19,3.0,
202400046264,155 700 295,A01,1.0,30.0,14,0,1,1,1.0,
202400046265,155 700 289,A01,1.0,50.0,0,2,3,25,3.0,
202400046266,155 700 292,A01,2.0,50.0,0,0,0,1,3.0,
202400046267,155 700 285,A01,0.0,7.0,0,0,2,5,1.0,
202400046268,155 700 282,A01,2.0,33.0,0,2,1,13,1.0,
202400046269,155 700 278,B01,2.0,1.0,0,2,1,2,5.0,
202400046270,155 700 276,H01,2.0,7.0,0,2,3,1,1.0,
202400046271,155 700 274,B01,2.0,1.0,0,2,7,1,5.0,
202400046272,155 700 272,A01,1.0,7.0,0,2,3,15,1.0,
202400046273,155 700 271,A01,1.0,37.0,1,0,1,13,1.0,2
202400046274,155 700 270,A01,1.0,7.0,0,2,3,0,1.0,
202400046275,155 700 266,A01,1.0,10.0,0,2,7,16,1.0,
202400046276,155 700 265,B01,2.0,33.0,0,2,1,1,1.0,
202400046277,155 700 264,A01,2.0,32.0,8,2,3,2,1.0,
202400046278,155 700 263,A01,2.0,7.0,7,0,2,1,1.0,
202400046279,155 700 262,A01,1.0,7.0,12,0,2,0,1.0,
202400046280,155 700 259,A01,2.0,7.0,0,1,2,1,1.0,
202400046281,155 700 258,B01,2.0,33.0,0,2,4,1,1.0,
202400046282,155 700 257,A01,3.0,7.0,0,2,8,1,1.0,
202400046283,155 700 254,A01,2.0,7.0,0,2,3,15,1.0,
202400046284,155 700 256,A01,1.0,50.0,14,0,0,1,3.0,
202400046285,155 700 250,B01,1.0,7.0,0,2,7,1,1.0,
202400046286,155 700 252,A01,0.0,7.0,0,1,8,15,1.0,
202400046287,155 700 248,B01,1.0,7.0,8,2,3,1,1.0,
202400046288,155 700 249,A01,1.0,50.0,0,0,0,1,3.0,
202400046289,155 700 246,A01,1.0,80.0,0,1,2,2,3.0,
202400046290,155 700 242,A01,2.0,7.0,0,2,1,0,1.0,
202400046291,155 700 241,A01,1.0,7.0,0,2,3,15,1.0,
202400046292,155 700 240,B01,1.0,7.0,0,4,1,2,1.0,
202400046293,155 700 239,A01,2.0,7.0,0,0,0,1,1.0,
202400046294,155 700 237,Z01,2.0,30.0,0,1,0,1,0.0,
202400046295,155 700 236,A01,1.0,7.0,0,2,1,11,1.0,
202400046296,155 700 233,A01,1.0,7.0,0,2,1,18,1.0,
202400046297,155 700 230,A01,2.0,7.0,0,2,3,15,1.0,
202400046298,155 700 229,B01,1.0,10.0,0,0,0,26,1.0,
202400046299,155 700 228,A01,3.0,7.0,0,9,1,1,1.0,
202400046300,155 700 225,B01,2.0,10.0,0,2,1,1,0.0,
202400046301,155 700 222,A01,2.0,7.0,0,2,1,1,1.0,
202400046302,155 700 221,A01,1.0,7.0,3,2,1,1,1.0,
202400046303,155 700 219,B01,1.0,2.0,0,2,6,1,1.0,
202400046304,155 700 218,A01,1.0,7.0,0,1,3,9,1.0,
202400046305,155 700 217,A01,3.0,31.0,0,2,3,5,3.0,
202400046306,155 700 214,A01,2.0,30.0,1,2,1,1,1.0,
202400046307,155 700 213,A01,1.0,32.0,0,2,2,16,1.0,
202400046308,155 700 210,B01,2.0,32.0,0,2,1,1,1.0,
202400046309,155 700 208,B01,0.0,10.0,0,2,0,9,1.0,
202400046310,155 700 207,A01,1.0,2.0,0,2,1,1,1.0,
202400046311,155 700 205,A01,2.0,7.0,6,0,2,1,1.0,
202400046312,155 700 206,A01,2.0,30.0,0,1,1,9,6.0,
202400046313,155 700 203,A01,0.0,30.0,0,2,1,2,0.0,
202400046314,155 700 201,A01,3.0,10.0,0,2,3,1,1.0,
202400046315,155 700 198,A01,1.0,7.0,4,2,3,17,1.0,
202400046316,155 700 199,A01,1.0,7.0,0,1,7,1,1.0,
202400046317,155 700 190,A01,2.0,7.0,0,0,4,23,1.0,
202400046318,155 700 192,C01,2.0,7.0,0,2,0,0,3.0,
202400046319,155 700 191,A01,1.0,7.0,0,1,5,4,1.0,
202400046320,155 700 188,B01,0.0,7.0,0,2,2,1,1.0,
202400046321,155 700 186,A01,3.0,7.0,13,0,0,1,0.0,
202400046322,155 700 185,A01,2.0,7.0,0,1,1,26,1.0,
202400046323,155 700 179,B01,1.0,7.0,0,2,1,23,1.0,
202400046324,155 700 175,A01,2.0,7.0,0,2,1,2,1.0,
202400046325,155 700 176,B01,3.0,30.0,0,2,6,17,1.0,
202400046326,155 700 174,A01,3.0,80.0,0,2,1,1,3.0,
202400046327,155 700 173,A01,1.0,7.0,8,0,8,1,1.0,
202400046328,155 700 169,A01,1.0,10.0,0,2,1,2,1.0,
202400046329,155 700 167,A01,2.0,7.0,0,2,6,9,1.0,
202400046330,155 700 166,B01,3.0,7.0,0,2,7,1,1.0,
202400046331,155 700 165,A01,1.0,7.0,0,1,1,1,1.0,
202400046332,155 700 163,A01,1.0,31.0,0,2,8,17,1.0,
202400046333,155 700 161,A01,0.0,0.0,0,1,0,0,0.0,
202400046334,155 700 162,A01,2.0,80.0,0,1,1,5,3.0,
202400046335,155 700 158,B01,1.0,7.0,0,2,1,1,1.0,
202400046336,155 700 157,A01,2.0,7.0,0,2,2,1,1.0,
202400046337,155 700 156,A01,3.0,10.0,0,1,2,1,1.0,
202400046338,155 700 153,B01,1.0,2.0,0,2,7,15,1.0,
202400046339,155 700 152,A01,2.0,32.0,11,0,2,26,1.0,
202400046340,155 700 150,A01,1.0,3.0,1,0,1,19,1.0,
202400046341,155 700 148,A01,2.0,1.0,0,0,0,26,5.0,
202400046342,155 700 146,A01,2.0,7.0,0,2,2,2,1.0,
202400046343,155 700 145,A01,2.0,2.0,0,2,1,13,1.0,
202400046344,155 700 142,B01,1.0,1.0,0,2,1,0,5.0,
202400046345,155 700 139,C01,2.0,7.0,0,2,1,1,1.0,
202400046346,155 700 138,A01,0.0,7.0,0,2,3,17,1.0,
202400046347,155 700 136,A01,1.0,7.0,0,1,2,2,1.0,
202400046348,155 700 135,A01,3.0,7.0,16,0,0,16,2.0,
202400046349,155 700 134,A01,3.0,7.0,0,2,5,10,1.0,
202400046350,155 700 132,B01,1.0,10.0,0,2,1,1,1.0,
202400046351,155 700 129,A01,1.0,32.0,0,2,1,11,1.0,
202400046352,155 700 127,A01,2.0,32.0,0,0,9,26,1.0,
202400046353,155 700 128,A01,3.0,13.0,0,2,2,15,1.0,
202400046354,155 700 125,A01,2.0,7.0,0,1,1,15,3.0,
202400046355,155 700 123,B01,2.0,7.0,0,2,4,1,1.0,
202400046356,155 700 124,A01,1.0,7.0,0,1,1,17,1.0,
202400046357,155 700 121,A01,2.0,7.0,0,2,1,1,1.0,
202400046358,155 700 119,A01,1.0,7.0,0,2,5,13,1.0,
202400046359,155 700 118,A01,1.0,1.0,0,1,1,13,5.0,
202400046360,155 700 116,B01,1.0,31.0,0,2,8,1,,
202400046361,155 700 114,A01,3.0,7.0,0,1,2,2,1.0,
202400046362,155 700 113,A01,1.0,7.0,0,0,7,0,1.0,
202400046363,155 700 111,A01,1.0,14.0,0,2,1,1,1.0,
202400046364,155 700 108,B01,2.0,7.0,0,2,1,5,1.0,
202400046365,155 700 107,B01,0.0,7.0,14,2,3,21,1.0,
202400046366,155 700 105,A01,2.0,17.0,0,2,7,12,1.0,
202400046367,155 700 104,A01,2.0,7.0,2,0,0,14,1.0,
202400046368,155 700 103,A01,2.0,7.0,0,1,1,0,2.0,
202400046369,155 700 099,C01,1.0,7.0,0,2,4,2,1.0,
202400046370,155 700 098,A01,2.0,2.0,3,0,1,1,1.0,
202400046371,155 700 097,A01,2.0,31.0,0,1,1,2,1.0,
202400046372,155 700 095,A01,1.0,7.0,0,1,4,4,3.0,
202400046373,155 700 092,C01,1.0,7.0,0,2,1,1,1.0,
202400046374,155 700 091,B01,3.0,37.0,0,2,3,1,1.0,1
202400046375,155 700 088,A01,1.0,7.0,4,0,1,13,1.0,
202400046376,155 700 089,B01,2.0,1.0,0,2,8,1,5.0,
202400046377,155 700 085,A01,1.0,10.0,8,2,3,15,3.0,
202400046378,155 700 082,B01,1.0,7.0,0,2,6,1,3.0,
202400046379,155 700 083,A01,2.0,7.0,2,0,1,1,1.0,
202400046380,155 700 078,A01,3.0,50.0,0,2,7,1,3.0,
202400046381,155 700 076,B01,2.0,7.0,0,2,4,1,1.0,
202400046382,155 700 075,A01,1.0,7.0,0,2,1,15,1.0,
202400046383,155 700 072,A01,2.0,30.0,0,2,1,1,1.0,
202400046384,155 700 071,B01,2.0,7.0,0,2,4,2,4.0,
202400046385,155 700 070,A01,3.0,80.0,0,1,1,2,3.0,
202400046386,155 700 068,A01,3.0,10.0,13,0,1,15,1.0,
202400046387,155 700 067,A01,2.0,7.0,0,2,5,12,1.0,
202400046388,155 700 065,A01,1.0,31.0,0,2,2,0,1.0,
202400046389,155 700 061,B01,2.0,7.0,0,2,4,1,1.0,
202400046390,155 700 062,A01,2.0,7.0,0,2,8,9,1.0,
202400046391,155 700 060,A01,3.0,7.0,2,0,1,1,1.0,
202400046392,155 700 059,A01,1.0,33.0,0,0,1,1,1.0,
202400046393,155 700 056,B01,2.0,7.0,0,2,1,2,1.0,
202400046394,155 700 052,A01,2.0,7.0,0,2,8,15,1.0,
202400046395,155 700 051,B01,0.0,7.0,0,2,1,1,1.0,
202400046396,155 700 049,A01,2.0,7.0,0,2,4,1,1.0,
202400046397,155 700 047,A01,1.0,34.0,0,2,1,5,0.0,
202400046398,155 700 046,A01,2.0,7.0,0,2,3,13,1.0,
202400046399,155 700 041,A01,2.0,7.0,0,2,2,2,1.0,
202400046400,155 700 042,B01,1.0,1.0,1,0,0,1,5.0,
202400046401,155 700 040,A01,2.0,7.0,2,0,0,1,1.0,
202400046402,155 700 036,A01,3.0,30.0,0,1,1,1,1.0,
202400046403,155 700 034,B01,1.0,10.0,0,2,1,1,1.0,
202400046404,155 700 035,B01,1.0,1.0,0,0,4,1,5.0,
202400046405,155 700 031,B01,1.0,7.0,0,2,8,1,1.0,
202400046406,155 700 030,A01,1.0,7.0,15,0,1,14,1.0,
202400046407,155 700 028,A01,2.0,33.0,4,0,1,0,1.0,
202400046408,155 700 029,B01,1.0,33.0,0,2,1,17,1.0,
202400046409,155 700 027,A01,3.0,36.0,13,0,4,16,1.0,
202400046410,155 700 023,C01,2.0,7.0,0,2,4,2,1.0,
202400046411,155 700 022,A01,1.0,7.0,3,0,2,1,1.0,
202400046412,155 700 021,A01,0.0,2.0,0,2,1,1,0.0,
202400046413,155 700 017,C01,1.0,7.0,0,2,4,1,1.0,
202400046414,155 700 015,B01,2.0,17.0,0,2,8,1,1.0,
202400046415,155 700 013,A01,2.0,7.0,0,0,0,1,1.0,
202400046416,155 700 014,A01,1.0,7.0,0,2,3,15,1.0,
202400046417,155 700 012,A01,1.0,10.0,13,0,1,14,1.0,
202400046418,155 700 007,A01,1.0,7.0,0,2,3,2,1.0,
202400046419,155 700 006,A01,1.0,7.0,0,2,1,1,1.0,
202400046420,155 700 005,B01,1.0,7.0,0,2,0,14,0.0,
202400046421,155 700 004,A01,0.0,3.0,6,9,8,13,1.0,
202400046422,155 699 999,B01,3.0,33.0,0,2,1,1,1.0,
202400046423,155 699 998,B01,2.0,7.0,0,2,1,13,,
202400046424,155 699 997,A01,1.0,7.0,0,2,2,26,1.0,
202400046425,155 699 995,A01,1.0,37.0,0,2,1,1,1.0,1
202400046426,155 699 990,A01,1.0,7.0,0,1,1,16,1.0,
202400046427,155 699 991,B01,2.0,7.0,0,2,6,19,1.0,
202400046428,155 699 989,A01,1.0,7.0,0,2,1,1,1.0,
202400046429,155 699 985,A01,2.0,7.0,0,2,6,1,1.0,
202400046430,155 699 984,A01,,7.0,-1,-1,-1,-1,,
202400046431,155 699 983,A01,3.0,7.0,1,0,1,16,1.0,
202400046432,155 699 980,A01,3.0,34.0,1,0,1,14,1.0,
202400046433,155 699 979,B01,2.0,7.0,0,2,0,0,1.0,
202400046434,155 699 978,A01,1.0,7.0,0,0,6,15,1.0,
202400046435,155 699 975,A01,1.0,7.0,0,2,4,0,0.0,
202400046436,155 699 974,A01,1.0,33.0,15,0,0,1,1.0,
202400046437,155 699 973,B01,1.0,7.0,0,2,2,0,1.0,
202400046438,155 699 969,A01,3.0,32.0,0,2,1,7,1.0,
202400046439,155 699 966,A01,2.0,7.0,0,2,1,5,1.0,
202400046440,155 699 965,A01,2.0,7.0,0,2,3,9,1.0,
202400046441,155 699 962,B01,3.0,7.0,0,2,1,0,1.0,
202400046442,155 699 961,A01,2.0,7.0,16,0,9,1,1.0,
202400046443,155 699 958,A01,1.0,7.0,0,2,3,9,1.0,
202400046444,155 699 959,A01,3.0,7.0,0,1,1,1,1.0,
202400046445,155 699 957,A01,1.0,7.0,2,0,1,1,6.0,
202400046446,155 699 955,A01,1.0,7.0,0,0,1,1,1.0,
202400046447,155 699 954,A01,2.0,7.0,0,2,1,9,1.0,
202400046448,155 699 952,A01,2.0,37.0,0,2,2,15,1.0,1
202400046449,155 699 948,A01,2.0,7.0,0,2,6,11,1.0,
202400046450,155 699 949,B01,1.0,33.0,0,0,1,1,1.0,
202400046451,155 699 947,A01,3.0,7.0,0,1,7,19,1.0,
202400046452,155 699 946,A01,1.0,7.0,6,0,7,1,1.0,
202400046453,155 699 945,A01,2.0,7.0,13,0,1,1,1.0,
202400046454,155 699 944,A01,3.0,7.0,2,0,1,0,1.0,
202400046455,155 699 943,A01,3.0,7.0,2,0,1,1,1.0,
202400046456,155 699 942,A01,2.0,36.0,0,0,1,21,1.0,
202400046457,155 699 940,A01,2.0,33.0,0,6,1,1,1.0,
202400046458,155 699 938,A01,2.0,33.0,0,2,7,17,1.0,
202400046459,155 699 937,A01,1.0,33.0,0,2,3,1,1.0,