Num_Acc,id_vehicule,num_veh,senc,catv,obs,obsm,choc,manv,motor,occutc
202400046460,155 699 934,A01,3.0,80.0,0,1,1,1,3.0,
202400046461,155 699 936,A01,2.0,33.0,0,0,0,1,1.0,
202400046462,155 699 933,B01,1.0,7.0,0,2,2,1,1.0,
202400046463,155 699 932,A01,2.0,7.0,13,0,9,14,1.0,
202400046464,155 699 928,A01,2.0,7.0,6,0,1,14,1.0,
202400046465,155 699 927,B01,3.0,1.0,0,2,1,1,5.0,
202400046466,155 699 923,A01,1.0,7.0,0,1,3,21,1.0,
202400046467,155 699 921,B01,3.0,7.0,1,0,3,1,1.0,
202400046468,155 699 918,B01,2.0,13.0,0,2,8,1,1.0,
202400046469,155 699 915,A01,1.0,1.0,0,2,1,19,5.0,
202400046470,155 699 910,A01,1.0,7.0,13,0,1,1,1.0,
202400046471,155 699 907,A01,2.0,7.0,0,2,1,14,1.0,
202400046472,155 699 904,B01,1.0,7.0,0,2,3,2,1.0,
202400046473,155 699 903,Z01,2.0,15.0,0,2,0,0,0.0,
202400046474,155 699 902,A01,2.0,33.0,4,0,7,1,1.0,
202400046475,155 699 900,A01,1.0,32.0,0,1,0,1,1.0,
202400046476,155 699 898,A01,1.0,7.0,14,0,1,26,1.0,
202400046477,155 699 897,A01,2.0,33.0,0,2,7,11,1.0,
202400046478,155 699 896,A01,1.0,7.0,0,0,9,26,1.0,
202400046479,155 699 895,A01,1.0,7.0,0,0,3,0,1.0,
202400046480,155 699 894,A01,2.0,7.0,4,0,1,1,1.0,
202400046481,155 699 893,A01,0.0,50.0,0,0,1,1,3.0,
202400046482,155 699 892,A01,1.0,7.0,0,1,3,1,1.0,
202400046483,155 699 890,A01,2.0,33.0,0,2,1,12,1.0,
202400046484,155 699 889,A01,1.0,7.0,3,0,7,14,1.0,
202400046485,155 699 888,A01,0.0,7.0,0,1,1,1,1.0,
202400046486,155 699 886,A01,2.0,10.0,0,2,1,2,0.0,
202400046487,155 699 885,A01,3.0,7.0,0,1,1,15,1.0,
202400046488,155 699 881,B01,2.0,7.0,0,2,7,12,1.0,
202400046489,155 699 880,A01,1.0,7.0,0,2,1,1,1.0,
202400046490,155 699 879,A01,2.0,7.0,13,2,2,14,2.0,
202400046491,155 699 876,A01,2.0,7.0,0,2,1,1,1.0,
202400046492,155 699 874,A01,1.0,7.0,0,2,1,1,1.0,
202400046493,155 699 871,B01,1.0,7.0,0,2,3,1,1.0,
202400046494,155 699 866,A01,1.0,13.0,0,0,2,24,1.0,
202400046495,155 699 865,A01,2.0,32.0,6,0,2,0,3.0,
202400046496,155 699 864,B01,1.0,7.0,0,2,4,2,1.0,
202400046497,155 699 862,A01,2.0,7.0,0,9,2,1,1.0,
202400046498,155 699 860,A01,1.0,7.0,3,0,1,1,2.0,
202400046499,155 699 859,A01,1.0,7.0,0,2,1,1,1.0,
202400046500,155 699 856,B01,2.0,7.0,0,2,3,15,1.0,
202400046501,155 699 855,B01,2.0,10.0,0,2,3,1,1.0,
202400046502,155 699 853,A01,2.0,7.0,0,2,1,2,1.0,
202400046503,155 699 850,B01,1.0,99.0,0,2,8,9,1.0,
202400046504,155 699 851,A01,1.0,50.0,0,1,1,25,3.0,
202400046505,155 699 847,B01,1.0,7.0,0,2,4,1,1.0,
202400046506,155 699 846,A01,1.0,7.0,0,1,1,1,1.0,
202400046507,155 699 844,A01,1.0,7.0,0,2,1,16,1.0,
202400046508,155 699 845,A01,1.0,7.0,0,1,1,1,1.0,
202400046509,155 699 843,A01,2.0,7.0,0,0,9,1,1.0,
202400046510,155 699 840,A01,1.0,33.0,0,2,2,1,1.0,
202400046511,155 699 838,A01,2.0,7.0,0,2,8,15,1.0,
202400046512,155 699 835,A01,2.0,10.0,1,0,2,1,1.0,
202400046513,155 699 834,B01,1.0,7.0,0,2,8,1,1.0,
202400046514,155 699 833,B01,3.0,2.0,0,2,8,21,1.0,
202400046515,155 699 831,A01,2.0,7.0,0,1,1,1,1.0,
202400046516,155 699 830,A01,2.0,3.0,8,0,7,1,3.0,
202400046517,155 699 829,A01,2.0,10.0,0,2,4,1,1.0,
202400046518,155 699 828,A01,2.0,7.0,6,0,3,17,1.0,
202400046519,155 699 826,A01,1.0,7.0,0,1,3,12,1.0,
202400046520,155 699 823,A01,2.0,10.0,0,1,1,16,1.0,
202400046521,155 699 822,A01,2.0,7.0,0,0,0,0,1.0,
202400046522,155 699 820,A01,3.0,10.0,0,1,1,7,1.0,
202400046523,155 699 819,A01,1.0,7.0,1,0,3,0,1.0,
202400046524,155 699 818,A01,1.0,7.0,0,2,1,2,1.0,
202400046525,155 699 816,A01,2.0,2.0,0,0,0,0,1.0,
202400046526,155 699 815,B01,2.0,37.0,0,1,2,1,0.0,1
202400046527,155 699 813,B01,3.0,1.0,0,2,1,19,5.0,
202400046528,155 699 811,A01,3.0,7.0,13,0,1,6,2.0,
202400046529,155 699 812,A01,2.0,7.0,0,1,1,16,1.0,
202400046530,155 699 808,Z01,3.0,7.0,0,1,0,1,0.0,
202400046531,155 699 807,C01,0.0,10.0,0,0,3,23,1.0,
202400046532,155 699 806,A01,3.0,7.0,0,1,1,16,1.0,
202400046533,155 699 805,A01,1.0,10.0,0,1,4,26,1.0,
202400046534,155 699 803,B01,2.0,7.0,0,2,1,1,1.0,
202400046535,155 699 802,A01,2.0,7.0,0,1,2,1,1.0,
202400046536,155 699 801,A01,3.0,7.0,12,0,7,14,1.0,
202400046537,155 699 799,A01,1.0,7.0,0,1,1,1,1.0,
202400046538,155 699 798,A01,1.0,7.0,0,2,5,19,1.0,
202400046539,155 699 797,A01,2.0,33.0,0,0,2,15,1.0,
202400046540,155 699 793,A01,1.0,10.0,0,2,1,2,1.0,
202400046541,155 699 792,A01,1.0,7.0,0,2,2,1,1.0,
202400046542,155 699 790,A01,2.0,7.0,0,2,1,1,1.0,
202400046543,155 699 789,A01,1.0,7.0,2,0,1,1,1.0,
202400046544,155 699 787,A01,1.0,7.0,0,2,3,1,1.0,
202400046545,155 699 788,A01,3.0,3.0,12,0,1,26,3.0,
202400046546,155 699 786,A01,1.0,10.0,8,0,2,1,1.0,
202400046547,155 699 782,A01,3.0,1.0,0,2,8,19,5.0,
202400046548,155 699 783,A01,1.0,34.0,0,2,1,17,1.0,
202400046549,155 699 781,A01,2.0,7.0,2,0,7,13,1.0,
202400046550,155 699 779,A01,2.0,7.0,0,1,2,1,1.0,
202400046551,155 699 777,A01,1.0,1.0,0,0,0,0,5.0,
202400046552,155 699 778,A01,1.0,7.0,0,2,1,16,1.0,
202400046553,155 699 774,A01,1.0,1.0,13,0,1,1,5.0,
202400046554,155 699 773,A01,2.0,7.0,0,2,2,15,1.0,
202400046555,155 699 771,B01,2.0,10.0,0,0,0,0,1.0,
202400046556,155 699 769,A01,1.0,31.0,0,0,7,1,1.0,
202400046557,155 699 768,A01,1.0,7.0,0,1,1,20,1.0,
202400046558,155 699 767,B01,1.0,7.0,0,2,0,0,3.0,
202400046559,155 699 764,A01,3.0,1.0,0,0,0,1,5.0,
202400046560,155 699 762,A01,1.0,7.0,0,2,3,9,1.0,
202400046561,155 699 761,B01,2.0,7.0,0,2,4,2,1.0,
202400046562,155 699 756,B01,3.0,60.0,0,2,3,1,5.0,
202400046563,155 699 757,A01,1.0,7.0,0,2,3,13,1.0,
202400046564,155 699 755,A01,3.0,3.0,0,2,1,2,1.0,
202400046565,155 699 753,A01,1.0,7.0,0,1,2,1,1.0,
202400046566,155 699 751,B01,3.0,7.0,0,2,2,1,1.0,
202400046567,155 699 749,A01,1.0,7.0,13,0,2,1,1.0,
202400046568,155 699 747,B01,1.0,7.0,0,2,1,1,1.0,
202400046569,155 699 746,A01,1.0,50.0,0,2,1,1,3.0,
202400046570,155 699 743,B01,1.0,10.0,0,2,5,1,1.0,
202400046571,155 699 742,A01,2.0,7.0,0,2,3,1,1.0,
202400046572,155 699 740,B01,1.0,1.0,9,4,1,1,5.0,
202400046573,155 699 738,A01,1.0,10.0,0,0,0,0,1.0,
202400046574,155 699 736,A01,1.0,7.0,0,2,7,1,1.0,
202400046575,155 699 735,A01,2.0,7.0,0,2,2,15,1.0,
202400046576,155 699 733,A01,1.0,50.0,0,2,8,1,3.0,
202400046577,155 699 729,A01,1.0,7.0,0,2,1,2,1.0,
202400046578,155 699 728,A01,3.0,7.0,0,2,1,9,1.0,
202400046579,155 699 727,B01,3.0,1.0,0,2,1,1,5.0,
202400046580,155 699 723,B01,2.0,7.0,0,2,7,1,1.0,
202400046581,155 699 721,A01,2.0,1.0,0,2,1,1,5.0,
202400046582,155 699 716,B01,2.0,7.0,0,2,8,1,1.0,
202400046583,155 699 717,B01,2.0,33.0,0,2,3,1,1.0,
202400046584,155 699 713,A01,1.0,2.0,0,2,1,17,1.0,
202400046585,155 699 712,B01,2.0,2.0,0,2,4,1,1.0,
202400046586,155 699 710,A01,1.0,7.0,1,0,2,1,1.0,
202400046587,155 699 708,A01,0.0,7.0,0,2,3,15,2.0,
202400046588,155 699 707,Z01,1.0,32.0,0,1,1,17,0.0,
202400046589,155 699 704,A01,0.0,7.0,0,2,1,0,1.0,
202400046590,155 699 703,A01,1.0,50.0,0,2,7,19,3.0,
202400046591,155 699 702,A01,2.0,7.0,13,0,1,17,1.0,
202400046592,155 699 698,A01,1.0,7.0,0,2,4,23,1.0,
202400046593,155 699 699,A01,1.0,30.0,0,2,1,17,1.0,
202400046594,155 699 695,B01,1.0,7.0,0,2,3,0,0.0,
202400046595,155 699 692,A01,1.0,7.0,0,2,8,15,1.0,
202400046596,155 699 690,A01,1.0,7.0,0,1,1,1,1.0,
202400046597,155 699 689,A01,1.0,7.0,0,2,6,10,1.0,
202400046598,155 699 688,A01,3.0,7.0,0,1,3,16,1.0,
202400046599,155 699 686,B01,1.0,31.0,0,2,1,1,1.0,
202400046600,155 699 684,B01,2.0,50.0,0,2,8,1,3.0,
202400046601,155 699 682,B01,1.0,13.0,0,2,1,0,1.0,
202400046602,155 699 678,A01,1.0,7.0,0,2,1,1,1.0,
202400046603,155 699 676,B01,2.0,7.0,0,2,4,1,0.0,
202400046604,155 699 675,A01,3.0,7.0,12,0,1,13,1.0,
202400046605,155 699 671,B01,3.0,7.0,0,2,1,0,0.0,
202400046606,155 699 670,A01,3.0,7.0,0,1,1,0,1.0,
202400046607,155 699 668,A01,2.0,7.0,0,2,7,15,3.0,
202400046608,155 699 667,A01,0.0,7.0,0,1,1,0,1.0,
202400046609,155 699 666,A01,0.0,7.0,2,0,0,14,1.0,
202400046610,155 699 662,A01,1.0,10.0,0,2,4,1,1.0,
202400046611,155 699 661,A01,1.0,7.0,0,1,3,19,1.0,
202400046612,155 699 659,A01,2.0,7.0,0,2,8,22,1.0,
202400046613,155 699 658,A01,2.0,7.0,0,1,2,1,1.0,
202400046614,155 699 656,A01,1.0,37.0,0,2,5,1,1.0,1
202400046615,155 699 653,B01,1.0,7.0,0,2,1,1,1.0,
202400046616,155 699 652,A01,1.0,1.0,0,2,1,1,5.0,
202400046617,155 699 650,A01,1.0,7.0,13,0,3,1,1.0,
202400046618,155 699 649,A01,1.0,7.0,0,2,1,15,1.0,
202400046619,155 699 646,B01,2.0,30.0,0,2,1,3,1.0,
202400046620,155 699 645,B01,1.0,7.0,0,2,8,15,1.0,
202400046621,155 699 643,A01,3.0,7.0,0,1,1,1,1.0,
202400046622,155 699 642,B01,1.0,1.0,0,2,1,1,5.0,
202400046623,155 699 639,B01,2.0,1.0,0,2,4,2,5.0,
202400046624,155 699 638,B01,2.0,7.0,0,2,8,15,1.0,
202400046625,155 699 637,A01,1.0,33.0,0,1,1,1,1.0,
202400046626,155 699 636,A01,2.0,7.0,0,1,3,1,1.0,
202400046627,155 699 634,B01,3.0,7.0,0,2,1,1,1.0,
202400046628,155 699 632,B01,1.0,7.0,0,2,3,15,2.0,
202400046629,155 699 631,A01,2.0,7.0,0,1,1,1,2.0,
202400046630,155 699 629,A01,3.0,1.0,0,2,5,26,5.0,
202400046631,155 699 627,B01,0.0,7.0,0,2,1,2,1.0,
202400046632,155 699 625,A01,1.0,10.0,0,2,3,20,1.0,
202400046633,155 699 624,A01,1.0,10.0,4,0,2,1,0.0,
202400046634,155 699 622,B01,2.0,7.0,0,0,0,0,1.0,
202400046635,155 699 620,A01,0.0,7.0,0,2,7,12,1.0,
202400046636,155 699 619,A01,3.0,7.0,0,1,1,13,1.0,
202400046637,155 699 618,A01,2.0,14.0,0,1,3,15,1.0,
202400046638,155 699 616,A01,1.0,33.0,0,2,1,2,1.0,
202400046639,155 699 615,A01,1.0,7.0,1,1,1,1,1.0,
202400046640,155 699 613,A01,3.0,7.0,0,9,1,9,1.0,
202400046641,155 699 612,A01,1.0,7.0,0,1,2,16,1.0,
202400046642,155 699 611,A01,3.0,7.0,0,1,1,1,1.0,
202400046643,155 699 610,A01,2.0,7.0,1,1,3,2,1.0,
202400046644,155 699 608,B01,1.0,7.0,0,2,1,1,1.0,
202400046645,155 699 607,A01,2.0,7.0,17,0,3,26,1.0,
202400046646,155 699 605,A01,0.0,7.0,0,1,2,1,1.0,
202400046647,155 699 604,A01,2.0,43.0,0,2,7,1,1.0,
202400046648,155 699 602,A01,1.0,7.0,0,1,3,1,1.0,
202400046649,155 699 601,A01,1.0,7.0,0,2,1,1,1.0,
202400046650,155 699 599,B01,1.0,7.0,0,2,5,1,1.0,
202400046651,155 699 596,A01,3.0,99.0,0,1,0,15,0.0,
202400046652,155 699 595,A01,2.0,7.0,4,2,2,14,1.0,
202400046653,155 699 593,A01,1.0,0.0,0,0,0,0,0.0,
202400046654,155 699 592,A01,3.0,7.0,0,1,6,15,0.0,
202400046655,155 699 591,B01,1.0,7.0,0,2,0,18,2.0,
202400046656,155 699 587,B01,2.0,7.0,0,2,1,1,1.0,
202400046657,155 699 585,A01,1.0,7.0,0,2,1,2,1.0,
202400046658,155 699 584,B01,1.0,7.0,0,2,2,1,1.0,
202400046659,155 699 580,B01,1.0,33.0,1,2,1,1,1.0,
202400046660,155 699 579,A01,2.0,7.0,0,2,1,13,1.0,
202400046661,155 699 577,A01,2.0,7.0,0,1,1,1,1.0,
202400046662,155 699 578,B01,1.0,60.0,0,2,7,19,5.0,
202400046663,155 699 576,A01,1.0,7.0,4,0,1,14,6.0,
202400046664,155 699 575,A01,3.0,7.0,1,0,1,13,1.0,
202400046665,155 699 572,A01,0.0,7.0,0,9,0,10,1.0,
202400046666,155 699 570,A01,1.0,7.0,0,2,2,14,0.0,
202400046667,155 699 568,B01,1.0,7.0,0,2,3,1,1.0,
202400046668,155 699 571,A01,1.0,7.0,0,1,1,15,0.0,
202400046669,155 699 567,A01,1.0,7.0,0,1,1,1,1.0,
202400046670,155 699 566,A01,3.0,7.0,6,0,1,1,1.0,
202400046671,155 699 563,A01,1.0,7.0,0,2,3,10,1.0,
202400046672,155 699 565,A01,2.0,7.0,14,0,1,1,3.0,
202400046673,155 699 562,A01,3.0,21.0,0,0,0,16,0.0,
202400046674,155 699 560,B01,2.0,40.0,0,2,3,26,3.0,
202400046675,155 699 558,A01,1.0,7.0,0,1,1,9,2.0,
202400046676,155 699 556,A01,1.0,7.0,0,2,3,13,1.0,
202400046677,155 699 553,B01,1.0,7.0,0,2,9,2,1.0,
202400046678,155 699 550,A01,2.0,7.0,2,0,1,1,1.0,
202400046679,155 699 548,A01,2.0,7.0,0,2,1,1,1.0,
202400046680,155 699 551,A01,1.0,1.0,0,0,2,18,5.0,
202400046681,155 699 545,A01,2.0,2.0,0,2,1,13,1.0,
202400046682,155 699 542,A01,1.0,7.0,0,2,2,1,1.0,
202400046683,155 699 543,A01,1.0,7.0,0,2,1,2,1.0,
202400046684,155 699 540,A01,3.0,7.0,0,1,1,15,1.0,
202400046685,155 699 539,A01,1.0,7.0,13,0,6,19,1.0,
202400046686,155 699 536,A01,3.0,7.0,0,0,9,1,1.0,
202400046687,155 699 535,B01,3.0,7.0,0,2,8,9,3.0,
202400046688,155 699 538,A01,2.0,7.0,1,0,2,1,1.0,
202400046689,155 699 533,A01,1.0,30.0,0,0,7,9,1.0,
202400046690,155 699 532,A01,2.0,7.0,0,2,2,1,1.0,
202400046691,155 699 531,A01,1.0,7.0,0,1,2,1,1.0,
202400046692,155 699 530,A01,1.0,7.0,0,1,3,2,2.0,
202400046693,155 699 527,A01,1.0,33.0,1,0,5,1,1.0,
202400046694,155 699 528,B01,1.0,7.0,0,2,1,1,1.0,
202400046695,155 699 523,A01,2.0,7.0,0,2,2,19,1.0,
202400046696,155 699 521,A01,3.0,50.0,0,9,2,0,3.0,
202400046697,155 699 522,A01,2.0,7.0,0,2,1,1,1.0,
202400046698,155 699 519,A01,2.0,15.0,0,0,4,1,1.0,
202400046699,155 699 518,A01,3.0,7.0,1,1,1,1,1.0,
202400046700,155 699 514,A01,3.0,7.0,0,9,3,15,1.0,
202400046701,155 699 512,A01,2.0,15.0,0,2,2,12,1.0,
202400046702,155 699 510,A01,3.0,10.0,9,0,2,1,1.0,
202400046703,155 699 511,A01,3.0,33.0,0,2,1,17,1.0,
202400046704,155 699 507,A01,1.0,7.0,1,0,3,1,1.0,
202400046705,155 699 506,A01,3.0,32.0,0,2,7,3,1.0,
202400046706,155 699 505,A01,2.0,10.0,0,1,4,4,1.0,
202400046707,155 699 502,A01,1.0,7.0,3,2,1,2,1.0,
202400046708,155 699 500,A01,2.0,7.0,0,2,1,1,1.0,
202400046709,155 699 499,A01,1.0,7.0,0,2,1,2,1.0,
202400046710,155 699 497,A01,1.0,33.0,0,2,7,1,1.0,
202400046711,155 699 496,A01,0.0,2.0,0,0,4,26,3.0,
202400046712,155 699 494,A01,1.0,7.0,0,0,3,0,1.0,
202400046713,155 699 493,A01,1.0,7.0,0,1,1,1,1.0,
202400046714,155 699 489,A01,2.0,7.0,0,2,2,17,1.0,
202400046715,155 699 490,A01,3.0,7.0,0,2,1,26,1.0,
202400046716,155 699 488,A01,3.0,50.0,0,0,0,1,3.0,
202400046717,155 699 486,A01,1.0,7.0,2,0,2,14,1.0,
202400046718,155 699 485,A01,1.0,7.0,0,2,7,19,1.0,
202400046719,155 699 484,A01,0.0,7.0,0,1,1,15,1.0,
202400046720,155 699 483,A01,1.0,33.0,1,0,8,1,1.0,
202400046721,155 699 482,A01,1.0,7.0,13,0,1,13,1.0,
202400046722,155 699 480,A01,1.0,7.0,0,2,8,24,1.0,
202400046723,155 699 478,A01,1.0,7.0,0,2,1,2,1.0,
202400046724,155 699 476,B01,1.0,7.0,0,1,2,1,2.0,
202400046725,155 699 474,A01,2.0,7.0,0,2,3,1,1.0,
202400046726,155 699 475,A01,1.0,7.0,0,1,2,1,1.0,
202400046727,155 699 473,A01,2.0,33.0,0,0,1,15,1.0,
202400046728,155 699 472,A01,2.0,7.0,0,0,9,14,1.0,
202400046729,155 699 470,A01,2.0,80.0,10,0,1,1,3.0,
202400046730,155 699 469,A01,0.0,7.0,0,4,8,15,1.0,
202400046731,155 699 466,A01,1.0,7.0,0,2,1,2,1.0,
202400046732,155 699 465,B01,1.0,1.0,0,2,1,1,5.0,
202400046733,155 699 464,A01,0.0,7.0,11,0,2,15,1.0,
202400046734,155 699 461,B01,1.0,1.0,0,2,0,2,5.0,
202400046735,155 699 454,B01,3.0,7.0,0,2,2,1,1.0,
202400046736,155 699 453,C01,2.0,7.0,0,2,4,2,1.0,
202400046737,155 699 455,A01,2.0,0.0,0,1,1,1,0.0,
202400046738,155 699 448,C01,1.0,7.0,0,2,4,1,1.0,
202400046739,155 699 447,A01,1.0,7.0,0,2,1,2,1.0,
202400046740,155 699 444,A01,2.0,30.0,0,0,1,1,1.0,
202400046741,155 699 443,B01,1.0,7.0,0,2,4,23,1.0,
202400046742,155 699 441,A01,2.0,10.0,0,2,3,1,1.0,
202400046743,155 699 438,A01,2.0,10.0,0,2,1,1,1.0,
202400046744,155 699 437,B01,0.0,80.0,0,2,1,26,3.0,
202400046745,155 699 436,A01,0.0,7.0,0,1,3,15,1.0,
202400046746,155 699 434,B01,1.0,7.0,0,2,4,1,1.0,
202400046747,155 699 429,A01,1.0,7.0,4,2,4,1,1.0,
202400046748,155 699 428,A01,1.0,7.0,1,0,2,1,1.0,
202400046749,155 699 426,A01,1.0,99.0,0,2,4,1,1.0,
202400046750,155 699 423,A01,2.0,7.0,14,0,1,6,1.0,
202400046751,155 699 421,A01,2.0,13.0,6,0,1,1,1.0,
202400046752,155 699 417,B01,1.0,7.0,0,2,1,1,1.0,
202400046753,155 699 419,A01,3.0,7.0,9,0,1,1,1.0,
202400046754,155 699 418,A01,2.0,32.0,0,2,1,1,1.0,
202400046755,155 699 416,A01,1.0,7.0,0,0,9,0,1.0,
202400046756,155 699 414,B01,1.0,7.0,0,2,6,2,2.0,
202400046757,155 699 413,A01,0.0,33.0,0,0,0,1,1.0,
202400046758,155 699 412,A01,3.0,7.0,6,0,1,1,1.0,
202400046759,155 699 411,A01,1.0,33.0,0,0,0,0,1.0,
202400046760,155 699 409,A01,1.0,7.0,2,0,1,14,1.0,
202400046761,155 699 407,A01,3.0,7.0,0,2,1,19,1.0,
202400046762,155 699 406,A01,1.0,7.0,0,9,1,13,1.0,
202400046763,155 699 405,A01,3.0,7.0,0,0,0,0,1.0,
202400046764,155 699 402,B01,1.0,7.0,0,2,0,0,0.0,
202400046765,155 699 401,A01,2.0,32.0,0,2,1,17,1.0,
202400046766,155 699 396,A01,1.0,30.0,0,2,5,1,1.0,
202400046767,155 699 395,A01,1.0,7.0,0,2,1,1,1.0,
202400046768,155 699 391,A01,1.0,7.0,0,2,2,9,3.0,
202400046769,155 699 392,A01,1.0,7.0,0,2,1,1,1.0,
202400046770,155 699 390,A01,1.0,7.0,0,1,1,1,1.0,
202400046771,155 699 388,A01,2.0,7.0,0,2,3,15,1.0,
202400046772,155 699 386,A01,1.0,7.0,0,1,0,26,1.0,
202400046773,155 699 385,A01,1.0,7.0,0,2,2,2,0.0,
202400046774,155 699 384,A01,2.0,33.0,15,0,1,1,1.0,
202400046775,155 699 382,A01,1.0,10.0,0,2,8,15,1.0,
202400046776,155 699 381,A01,0.0,7.0,0,0,2,0,1.0,
202400046777,155 699 378,A01,1.0,7.0,4,2,4,1,1.0,
202400046778,155 699 377,A01,1.0,31.0,8,0,3,1,1.0,
202400046779,155 699 376,A01,1.0,10.0,0,2,4,19,1.0,
202400046780,155 699 375,A01,1.0,7.0,1,0,2,1,1.0,
202400046781,155 699 371,A01,1.0,7.0,0,2,8,26,1.0,
202400046782,155 699 372,B01,1.0,7.0,4,0,2,13,1.0,
202400046783,155 699 370,A01,1.0,31.0,0,0,0,16,1.0,
202400046784,155 699 368,B01,1.0,7.0,0,2,8,1,1.0,
202400046785,155 699 361,B01,1.0,33.0,0,2,3,3,1.0,
202400046786,155 699 358,D01,1.0,7.0,0,1,1,1,1.0,
202400046787,155 699 355,B01,2.0,33.0,0,2,1,3,1.0,
202400046788,155 699 353,A01,2.0,37.0,0,9,3,26,2.0,1
202400046789,155 699 356,A01,1.0,7.0,0,0,4,1,1.0,
202400046790,155 699 350,A01,2.0,43.0,0,2,2,3,1.0,
202400046791,155 699 347,B01,1.0,80.0,1,0,2,1,3.0,
202400046792,155 699 345,A01,1.0,7.0,0,2,3,2,1.0,
202400046793,155 699 340,A01,3.0,7.0,1,1,1,1,1.0,
202400046794,155 699 339,D01,2.0,10.0,0,2,8,23,1.0,
202400046795,155 699 338,A01,1.0,7.0,0,0,1,2,1.0,
202400046796,155 699 336,A01,1.0,60.0,1,0,8,21,5.0,
202400046797,155 699 335,A01,2.0,7.0,1,2,1,1,1.0,
202400046798,155 699 331,A01,1.0,80.0,0,2,1,2,3.0,
202400046799,155 699 330,B01,2.0,7.0,0,2,0,15,1.0,
202400046800,155 699 329,A01,1.0,7.0,0,2,1,2,1.0,
202400046801,155 699 327,A01,1.0,10.0,0,9,1,1,3.0,
202400046802,155 699 324,A01,3.0,7.0,0,2,1,1,1.0,
202400046803,155 699 323,A01,2.0,7.0,0,2,3,13,1.0,
202400046804,155 699 321,A01,1.0,7.0,16,0,1,1,1.0,
202400046805,155 699 320,A01,2.0,10.0,0,2,5,16,1.0,
202400046806,155 699 316,A01,2.0,10.0,0,1,2,2,1.0,
202400046807,155 699 314,A01,1.0,7.0,0,2,3,1,3.0,
202400046808,155 699 315,C01,2.0,7.0,0,0,0,5,1.0,
202400046809,155 699 313,A01,2.0,7.0,17,0,2,1,2.0,
202400046810,155 699 311,A01,1.0,7.0,0,1,3,1,1.0,
202400046811,155 699 312,A01,1.0,1.0,0,1,1,16,5.0,
202400046812,155 699 306,A01,1.0,1.0,9,1,1,1,5.0,
202400046813,155 699 308,A01,1.0,7.0,0,2,1,15,1.0,
202400046814,155 699 305,A01,1.0,7.0,0,2,3,2,1.0,
202400046815,155 699 301,A01,1.0,30.0,0,2,1,0,1.0,
202400046816,155 699 300,A01,1.0,2.0,0,0,0,1,1.0,
202400046817,155 699 302,A01,2.0,13.0,0,2,3,24,3.0,
202400046818,155 699 298,A01,0.0,7.0,0,9,8,9,1.0,
202400046819,155 699 295,A01,2.0,7.0,0,2,7,2,1.0,
202400046820,155 699 292,B01,3.0,37.0,0,2,1,1,1.0,1
202400046821,155 699 290,A01,2.0,34.0,0,2,3,18,1.0,
202400046822,155 699 289,A01,2.0,7.0,0,1,1,1,1.0,
202400046823,155 699 285,A01,1.0,10.0,0,2,3,24,1.0,
202400046824,155 699 284,A01,2.0,7.0,1,0,2,14,1.0,
202400046825,155 699 288,C01,1.0,7.0,0,2,1,1,1.0,
202400046826,155 699 281,B01,2.0,7.0,0,2,1,1,1.0,
202400046827,155 699 280,B01,1.0,1.0,1,2,1,1,5.0,
202400046828,155 699 278,A01,1.0,7.0,0,1,8,1,0.0,
202400046829,155 699 277,A01,1.0,7.0,0,2,4,1,1.0,
202400046830,155 699 275,A01,2.0,7.0,1,0,2,14,3.0,
202400046831,155 699 276,A01,1.0,7.0,1,0,3,21,1.0,
202400046832,155 699 270,B01,3.0,7.0,0,2,2,1,1.0,
202400046833,155 699 268,B01,1.0,7.0,0,2,4,2,1.0,
202400046834,155 699 269,A01,2.0,33.0,0,1,3,1,1.0,
202400046835,155 699 267,A01,3.0,7.0,0,1,7,9,1.0,
202400046836,155 699 265,A01,2.0,7.0,1,1,2,1,1.0,
202400046837,155 699 264,Z01,2.0,7.0,0,2,1,2,1.0,
202400046838,155 699 262,A01,3.0,7.0,0,2,3,15,1.0,
202400046839,155 699 260,A01,3.0,33.0,0,2,1,1,1.0,
202400046840,155 699 258,A01,3.0,7.0,14,0,1,2,1.0,
202400046841,155 699 253,A01,1.0,30.0,0,2,3,15,1.0,
202400046842,155 699 252,A01,2.0,7.0,0,2,1,1,1.0,
202400046843,155 699 251,A01,2.0,7.0,0,2,2,5,1.0,
202400046844,155 699 248,A01,1.0,10.0,0,1,2,1,1.0,
202400046845,155 699 250,A01,3.0,0.0,0,1,1,1,0.0,
202400046846,155 699 247,A01,1.0,7.0,0,2,6,11,1.0,
202400046847,155 699 246,A01,1.0,10.0,7,0,1,13,3.0,
202400046848,155 699 245,A01,3.0,7.0,0,1,2,26,0.0,
202400046849,155 699 244,A01,2.0,7.0,3,0,1,1,1.0,
202400046850,155 699 242,A01,1.0,7.0,1,0,2,1,1.0,
202400046851,155 699 241,B01,1.0,33.0,0,2,7,1,1.0,
202400046852,155 699 239,A01,2.0,33.0,4,2,0,2,1.0,
202400046853,155 699 237,A01,1.0,7.0,0,2,1,9,1.0,
202400046854,155 699 235,A01,2.0,7.0,3,0,1,1,1.0,
202400046855,155 699 236,A01,0.0,7.0,0,1,1,1,,
202400046856,155 699 234,A01,3.0,7.0,0,1,1,1,2.0,
202400046857,155 699 229,A01,1.0,7.0,0,2,1,2,1.0,