Num_Acc,id_vehicule,num_veh,senc,catv,obs,obsm,choc,manv,motor,occutc
202400046858,155 699 230,A01,1.0,7.0,14,0,3,2,1.0,
202400046859,155 699 228,B01,1.0,7.0,16,0,4,1,2.0,
202400046860,155 699 224,C01,2.0,7.0,0,2,1,1,1.0,
202400046861,155 699 225,A01,1.0,31.0,0,1,1,26,1.0,
202400046862,155 699 222,A01,2.0,33.0,0,0,2,16,1.0,
202400046863,155 699 221,B01,0.0,7.0,0,0,0,0,1.0,
202400046864,155 699 220,Z01,1.0,50.0,0,1,1,1,3.0,
202400046865,155 699 216,A01,3.0,7.0,0,1,1,14,3.0,
202400046866,155 699 217,B01,1.0,7.0,0,2,1,1,1.0,
202400046867,155 699 215,A01,3.0,7.0,0,2,7,12,1.0,
202400046868,155 699 210,B01,2.0,1.0,0,2,3,1,5.0,
202400046869,155 699 212,A01,1.0,7.0,0,2,2,13,1.0,
202400046870,155 699 207,A01,1.0,32.0,1,0,8,17,1.0,
202400046871,155 699 205,A01,2.0,7.0,0,2,2,5,1.0,
202400046872,155 699 204,C01,3.0,7.0,0,2,0,24,1.0,
202400046873,155 699 203,A01,3.0,50.0,0,1,1,1,3.0,
202400046874,155 699 202,A01,1.0,7.0,0,0,8,26,1.0,
202400046875,155 699 200,A01,1.0,7.0,0,2,4,23,1.0,
202400046876,155 699 199,A01,1.0,32.0,1,0,0,17,0.0,
202400046877,155 699 196,A01,1.0,2.0,0,2,1,1,1.0,
202400046878,155 699 194,A01,1.0,7.0,0,2,0,13,0.0,
202400046879,155 699 193,B01,1.0,7.0,0,2,3,1,1.0,
202400046880,155 699 189,A01,0.0,7.0,0,0,0,0,1.0,
202400046881,155 699 190,A01,0.0,7.0,0,0,0,0,1.0,
202400046882,155 699 188,A01,3.0,7.0,0,1,1,13,1.0,
202400046883,155 699 185,B01,2.0,7.0,0,2,4,2,1.0,
202400046884,155 699 184,B01,1.0,7.0,0,2,3,16,1.0,
202400046885,155 699 183,A01,2.0,7.0,0,1,0,2,0.0,
202400046886,155 699 181,A01,3.0,7.0,0,2,1,1,1.0,
202400046887,155 699 180,A01,0.0,7.0,0,1,3,1,1.0,
202400046888,155 699 177,A01,1.0,43.0,0,2,1,2,1.0,
202400046889,155 699 176,A01,2.0,7.0,13,0,2,0,1.0,
202400046890,155 699 175,A01,3.0,7.0,0,2,7,17,1.0,
202400046891,155 699 172,A01,2.0,7.0,0,1,3,1,1.0,
202400046892,155 699 173,A01,3.0,80.0,0,1,2,25,3.0,
202400046893,155 699 170,A01,1.0,17.0,0,0,0,2,1.0,
202400046894,155 699 169,A01,3.0,7.0,0,1,1,2,1.0,
202400046895,155 699 168,A01,2.0,7.0,2,0,6,14,1.0,
202400046896,155 699 166,A01,2.0,7.0,0,1,3,1,1.0,
202400046897,155 699 167,A01,1.0,31.0,1,0,1,14,1.0,
202400046898,155 699 164,B01,2.0,33.0,0,2,1,1,1.0,
202400046899,155 699 162,A01,2.0,14.0,0,2,8,1,1.0,
202400046900,155 699 160,A01,1.0,7.0,6,0,3,13,1.0,
202400046901,155 699 157,B01,2.0,7.0,0,0,1,1,1.0,
202400046902,155 699 153,A01,1.0,7.0,0,0,4,1,1.0,
202400046903,155 699 148,C01,2.0,7.0,0,2,4,2,1.0,
202400046904,155 699 149,A01,1.0,10.0,0,2,7,13,1.0,
202400046905,155 699 150,A01,1.0,7.0,0,2,3,1,1.0,
202400046906,155 699 146,B01,3.0,1.0,0,2,1,15,5.0,
202400046907,155 699 145,A01,2.0,7.0,0,1,2,1,1.0,
202400046908,155 699 144,A01,1.0,7.0,4,0,3,13,1.0,
202400046909,155 699 142,A01,2.0,80.0,1,0,7,21,3.0,
202400046910,155 699 137,A01,2.0,7.0,0,2,1,2,1.0,
202400046911,155 699 134,B01,1.0,7.0,0,2,1,1,1.0,
202400046912,155 699 136,A01,1.0,30.0,8,0,1,1,1.0,
202400046913,155 699 135,A01,3.0,7.0,0,2,1,15,1.0,
202400046914,155 699 133,A01,1.0,7.0,3,0,3,1,1.0,
202400046915,155 699 130,A01,2.0,7.0,0,2,2,1,1.0,
202400046916,155 699 131,A01,2.0,7.0,13,0,2,21,1.0,
202400046917,155 699 127,A01,1.0,7.0,0,2,6,15,1.0,
202400046918,155 699 124,A01,1.0,7.0,13,0,1,1,1.0,
202400046919,155 699 126,B01,1.0,33.0,0,2,2,17,1.0,
202400046920,155 699 121,B01,1.0,7.0,0,2,3,16,1.0,
202400046921,155 699 120,A01,2.0,2.0,0,0,9,13,1.0,
202400046922,155 699 122,A01,1.0,50.0,0,1,1,1,3.0,
202400046923,155 699 119,A01,1.0,7.0,0,0,0,1,1.0,
202400046924,155 699 117,A01,1.0,33.0,0,5,7,1,1.0,
202400046925,155 699 116,A01,2.0,7.0,2,0,3,1,1.0,
202400046926,155 699 115,A01,1.0,3.0,0,2,7,15,1.0,
202400046927,155 699 113,A01,1.0,33.0,0,0,6,10,1.0,
202400046928,155 699 109,A01,2.0,33.0,0,2,2,2,1.0,
202400046929,155 699 110,A01,2.0,7.0,0,2,3,13,1.0,
202400046930,155 699 108,A01,2.0,10.0,0,1,1,1,1.0,
202400046931,155 699 107,A01,3.0,2.0,0,0,0,1,0.0,
202400046932,155 699 104,A01,1.0,7.0,0,2,3,2,1.0,
202400046933,155 699 103,A01,2.0,7.0,13,0,2,1,1.0,
202400046934,155 699 102,A01,1.0,7.0,0,2,2,15,1.0,
202400046935,155 699 101,A01,2.0,7.0,0,0,1,2,1.0,
202400046936,155 699 100,A01,1.0,7.0,1,1,5,1,1.0,
202400046937,155 699 098,A01,1.0,7.0,6,9,1,17,1.0,
202400046938,155 699 097,A01,1.0,2.0,12,0,1,14,1.0,
202400046939,155 699 096,A01,3.0,7.0,0,2,3,20,1.0,
202400046940,155 699 092,A01,1.0,31.0,6,0,0,1,1.0,
202400046941,155 699 090,A01,2.0,7.0,0,2,1,3,1.0,
202400046942,155 699 088,A01,0.0,7.0,0,0,1,1,1.0,
202400046943,155 699 087,A01,3.0,7.0,0,2,4,2,1.0,
202400046944,155 699 086,A01,2.0,33.0,0,0,2,0,1.0,
202400046945,155 699 083,A01,2.0,33.0,0,0,0,1,1.0,
202400046946,155 699 082,A01,2.0,33.0,0,2,2,12,1.0,
202400046947,155 699 081,B01,1.0,7.0,0,2,7,15,1.0,
202400046948,155 699 080,A01,0.0,80.0,0,0,0,0,3.0,
202400046949,155 699 078,A01,3.0,7.0,2,0,1,0,1.0,
202400046950,155 699 076,A01,1.0,7.0,0,2,2,1,1.0,
202400046951,155 699 075,A01,0.0,7.0,0,2,1,1,1.0,
202400046952,155 699 074,A01,1.0,31.0,0,0,0,2,3.0,
202400046953,155 699 072,A01,3.0,7.0,0,0,7,15,1.0,
202400046954,155 699 071,B01,0.0,7.0,0,2,1,1,1.0,
202400046955,155 699 068,A01,3.0,43.0,0,2,2,17,1.0,
202400046956,155 699 066,A01,1.0,33.0,2,0,0,17,1.0,
202400046957,155 699 065,A01,1.0,33.0,0,0,7,1,1.0,
202400046958,155 699 064,A01,2.0,10.0,0,2,1,2,1.0,
202400046959,155 699 061,C01,1.0,7.0,0,2,1,21,1.0,
202400046960,155 699 060,A01,1.0,33.0,13,0,1,13,1.0,
202400046961,155 699 059,A01,1.0,7.0,8,0,0,1,1.0,
202400046962,155 699 057,A01,0.0,7.0,0,0,1,0,1.0,
202400046963,155 699 054,B01,2.0,7.0,0,2,2,15,1.0,
202400046964,155 699 055,A01,1.0,7.0,0,2,3,1,1.0,
202400046965,155 699 052,A01,2.0,2.0,13,0,1,1,1.0,
202400046966,155 699 053,A01,2.0,7.0,2,0,1,1,1.0,
202400046967,155 699 049,B01,1.0,7.0,0,2,6,23,1.0,
202400046968,155 699 048,A01,2.0,7.0,0,2,3,19,1.0,
202400046969,155 699 045,A01,1.0,7.0,8,0,1,1,1.0,
202400046970,155 699 046,A01,2.0,33.0,0,0,0,21,1.0,
202400046971,155 699 043,A01,1.0,7.0,1,0,2,21,1.0,
202400046972,155 699 040,B01,3.0,2.0,0,2,1,1,1.0,
202400046973,155 699 039,A01,1.0,2.0,8,0,1,1,1.0,
202400046974,155 699 037,A01,1.0,7.0,0,1,2,17,1.0,
202400046975,155 699 034,A01,2.0,7.0,0,2,1,2,1.0,
202400046976,155 699 033,A01,3.0,7.0,0,2,2,10,1.0,
202400046977,155 699 032,A01,1.0,7.0,0,1,3,1,1.0,
202400046978,155 699 031,A01,3.0,7.0,0,1,2,4,1.0,
202400046979,155 699 028,A01,1.0,7.0,3,0,4,23,1.0,
202400046980,155 699 027,A01,2.0,7.0,0,2,3,11,1.0,
202400046981,155 699 022,A01,1.0,32.0,0,2,1,17,1.0,
202400046982,155 699 017,A01,0.0,7.0,0,2,3,13,0.0,
202400046983,155 699 015,A01,2.0,10.0,0,2,4,4,1.0,
202400046984,155 699 019,B01,1.0,7.0,0,2,1,1,1.0,
202400046985,155 699 014,A01,2.0,7.0,0,2,3,13,1.0,
202400046986,155 699 011,A01,1.0,1.0,0,0,4,2,5.0,
202400046987,155 699 009,A01,1.0,1.0,13,0,3,1,5.0,
202400046988,155 699 008,B01,2.0,99.0,0,0,6,21,1.0,
202400046989,155 699 007,B01,1.0,30.0,0,2,3,15,1.0,
202400046990,155 699 003,A01,1.0,7.0,0,2,1,17,2.0,
202400046991,155 699 002,A01,3.0,7.0,6,0,1,16,1.0,
202400046992,155 699 001,A01,2.0,7.0,13,0,1,1,1.0,
202400046993,155 699 000,A01,1.0,7.0,4,0,0,26,1.0,
202400046994,155 698 999,A01,2.0,7.0,3,0,1,9,0.0,
202400046995,155 698 998,A01,1.0,7.0,0,1,2,1,1.0,
202400046996,155 698 995,A01,1.0,7.0,4,0,9,13,1.0,
202400046997,155 698 996,A01,2.0,7.0,0,2,1,2,1.0,
202400046998,155 698 993,A01,2.0,7.0,13,0,9,1,1.0,
202400046999,155 698 992,B01,2.0,7.0,0,2,3,1,1.0,
202400047000,155 698 989,A01,3.0,7.0,0,1,3,1,1.0,
202400047001,155 698 990,A01,2.0,7.0,13,0,9,1,1.0,
202400047002,155 698 988,A01,2.0,7.0,0,2,1,1,0.0,
202400047003,155 698 987,A01,0.0,7.0,0,1,1,15,1.0,
202400047004,155 698 985,B01,2.0,7.0,0,2,1,1,1.0,
202400047005,155 698 978,A01,2.0,7.0,0,1,1,1,1.0,
202400047006,155 698 979,B01,2.0,7.0,0,0,0,0,1.0,
202400047007,155 698 980,B01,1.0,1.0,0,0,4,15,5.0,
202400047008,155 698 977,A01,0.0,31.0,15,0,8,1,1.0,
202400047009,155 698 976,A01,1.0,7.0,2,0,1,1,1.0,
202400047010,155 698 971,A01,1.0,30.0,0,2,7,21,1.0,
202400047011,155 698 969,C01,1.0,7.0,0,2,4,2,1.0,
202400047012,155 698 967,A01,1.0,7.0,0,0,4,1,1.0,
202400047013,155 698 968,A01,2.0,33.0,0,2,3,10,1.0,
202400047014,155 698 966,A01,3.0,7.0,0,1,1,15,1.0,
202400047015,155 698 965,A01,2.0,7.0,4,2,1,1,1.0,
202400047016,155 698 962,A01,2.0,10.0,0,0,0,1,1.0,
202400047017,155 698 963,A01,2.0,7.0,4,0,1,1,1.0,
202400047018,155 698 961,Z01,1.0,7.0,0,1,2,13,0.0,
202400047019,155 698 955,A01,2.0,7.0,0,2,7,19,1.0,
202400047020,155 698 957,A01,1.0,0.0,0,2,6,11,0.0,
202400047021,155 698 952,D01,1.0,7.0,0,2,4,23,1.0,
202400047022,155 698 951,A01,2.0,17.0,0,2,2,12,1.0,
202400047023,155 698 948,B01,1.0,7.0,0,2,1,1,1.0,
202400047024,155 698 947,A01,2.0,33.0,0,0,7,1,1.0,
202400047025,155 698 950,A01,2.0,2.0,8,0,1,1,6.0,
202400047026,155 698 943,A01,1.0,7.0,0,2,1,9,1.0,
202400047027,155 698 942,A01,1.0,7.0,0,0,3,1,1.0,
202400047028,155 698 939,A01,1.0,7.0,0,2,1,13,1.0,
202400047029,155 698 937,A01,2.0,7.0,3,0,1,1,1.0,
202400047030,155 698 938,A01,1.0,2.0,0,0,1,2,1.0,
202400047031,155 698 934,A01,3.0,2.0,0,2,3,23,1.0,
202400047032,155 698 932,A01,2.0,7.0,0,2,2,15,1.0,
202400047033,155 698 931,A01,2.0,7.0,4,2,1,1,1.0,
202400047034,155 698 929,A01,1.0,30.0,0,0,0,1,3.0,
202400047035,155 698 930,A01,2.0,7.0,6,0,1,13,1.0,
202400047036,155 698 925,A01,2.0,7.0,0,2,2,1,2.0,
202400047037,155 698 924,A01,1.0,30.0,0,0,7,23,1.0,
202400047038,155 698 923,A01,1.0,7.0,4,2,9,12,1.0,
202400047039,155 698 922,A01,3.0,33.0,0,2,3,21,1.0,
202400047040,155 698 917,A01,0.0,33.0,0,2,7,17,1.0,
202400047041,155 698 916,A01,2.0,7.0,0,2,5,1,1.0,
202400047042,155 698 912,A01,1.0,10.0,0,2,1,1,1.0,
202400047043,155 698 913,B01,1.0,31.0,0,2,2,3,1.0,
202400047044,155 698 911,A01,2.0,33.0,8,0,8,1,1.0,
202400047045,155 698 909,A01,3.0,7.0,0,2,3,5,2.0,
202400047046,155 698 908,A01,2.0,33.0,0,0,2,26,1.0,
202400047047,155 698 907,A01,1.0,7.0,0,2,3,11,1.0,
202400047048,155 698 904,A01,1.0,7.0,3,0,3,26,1.0,
202400047049,155 698 901,A01,2.0,33.0,0,2,1,1,1.0,
202400047050,155 698 899,A01,2.0,7.0,0,2,1,13,1.0,
202400047051,155 698 896,C01,2.0,7.0,0,2,4,2,1.0,
202400047052,155 698 895,A01,2.0,7.0,0,2,4,23,1.0,
202400047053,155 698 893,B01,2.0,7.0,11,0,1,26,1.0,
202400047054,155 698 894,A01,1.0,7.0,12,2,2,12,1.0,
202400047055,155 698 889,A01,1.0,7.0,0,2,1,2,1.0,
202400047056,155 698 885,B01,2.0,7.0,0,2,3,9,1.0,
202400047057,155 698 884,A01,1.0,7.0,0,1,1,1,1.0,
202400047058,155 698 881,A01,1.0,33.0,0,2,3,3,1.0,
202400047059,155 698 879,A01,2.0,30.0,0,0,7,16,1.0,
202400047060,155 698 878,A01,2.0,16.0,0,2,2,12,1.0,
202400047061,155 698 874,A01,1.0,7.0,16,0,9,2,1.0,
202400047062,155 698 872,A01,2.0,7.0,0,1,3,15,1.0,
202400047063,155 698 870,B01,1.0,33.0,0,2,1,1,1.0,
202400047064,155 698 868,B01,1.0,7.0,0,2,1,2,1.0,
202400047065,155 698 867,A01,2.0,7.0,2,0,8,2,1.0,
202400047066,155 698 866,A01,1.0,33.0,0,1,1,1,1.0,
202400047067,155 698 865,A01,3.0,7.0,0,1,1,1,1.0,
202400047068,155 698 864,B01,0.0,7.0,0,2,1,1,1.0,
202400047069,155 698 862,A01,1.0,33.0,0,1,1,3,1.0,
202400047070,155 698 861,A01,2.0,7.0,13,0,1,14,1.0,
202400047071,155 698 857,A01,2.0,10.0,0,2,5,15,1.0,
202400047072,155 698 859,B01,0.0,10.0,0,2,1,1,1.0,
202400047073,155 698 853,A01,1.0,10.0,0,2,6,13,0.0,
202400047074,155 698 852,B01,1.0,15.0,0,0,0,2,1.0,
202400047075,155 698 851,A01,3.0,10.0,0,2,3,2,1.0,
202400047076,155 698 849,A01,3.0,1.0,0,0,0,2,5.0,
202400047077,155 698 850,B01,3.0,7.0,0,2,1,26,1.0,
202400047078,155 698 844,A01,2.0,7.0,0,0,9,19,1.0,
202400047079,155 698 848,A01,3.0,7.0,14,1,1,2,2.0,
202400047080,155 698 845,A01,2.0,7.0,0,1,2,1,2.0,
202400047081,155 698 842,B01,1.0,10.0,0,2,0,0,1.0,
202400047082,155 698 843,B01,0.0,7.0,0,2,1,9,1.0,
202400047083,155 698 840,A01,2.0,7.0,0,1,1,26,1.0,
202400047084,155 698 836,A01,1.0,2.0,0,2,2,1,1.0,
202400047085,155 698 838,A01,2.0,7.0,0,0,4,0,1.0,
202400047086,155 698 837,A01,1.0,7.0,0,1,8,2,1.0,
202400047087,155 698 831,B01,1.0,7.0,0,2,1,2,1.0,
202400047088,155 698 826,A01,2.0,7.0,0,1,2,1,1.0,
202400047089,155 698 827,A01,1.0,7.0,9,2,3,1,1.0,
202400047090,155 698 830,B01,1.0,1.0,0,2,1,1,5.0,
202400047091,155 698 825,A01,1.0,7.0,0,1,3,15,3.0,
202400047092,155 698 824,Z01,1.0,7.0,0,2,3,13,2.0,
202400047093,155 698 819,A01,3.0,7.0,0,1,1,16,1.0,
202400047094,155 698 818,A01,1.0,33.0,0,2,8,13,1.0,
202400047095,155 698 817,A01,2.0,7.0,0,1,1,1,,
202400047096,155 698 815,B01,1.0,32.0,0,2,7,1,1.0,
202400047097,155 698 813,A01,3.0,7.0,0,1,4,4,1.0,
202400047098,155 698 814,B01,2.0,7.0,0,2,2,15,1.0,
202400047099,155 698 812,A01,2.0,7.0,0,9,7,22,1.0,
202400047100,155 698 804,A01,3.0,7.0,0,2,7,9,1.0,
202400047101,155 698 803,B01,2.0,33.0,0,2,1,1,1.0,
202400047102,155 698 806,B01,2.0,7.0,0,2,5,1,0.0,
202400047103,155 698 801,A01,1.0,33.0,0,2,3,13,1.0,
202400047104,155 698 802,A01,2.0,32.0,0,2,3,17,1.0,
202400047105,155 698 800,A01,2.0,30.0,0,2,1,3,1.0,
202400047106,155 698 799,A01,1.0,7.0,0,1,3,15,2.0,
202400047107,155 698 796,A01,1.0,7.0,13,0,1,15,1.0,
202400047108,155 698 791,A01,0.0,7.0,0,2,2,19,1.0,
202400047109,155 698 795,A01,2.0,33.0,13,0,0,1,1.0,
202400047110,155 698 792,A01,2.0,7.0,0,2,1,1,1.0,
202400047111,155 698 789,A01,1.0,7.0,0,2,1,2,1.0,
202400047112,155 698 788,B01,2.0,1.0,0,2,4,0,5.0,
202400047113,155 698 787,B01,2.0,2.0,0,2,1,1,1.0,
202400047114,155 698 786,A01,2.0,50.0,1,0,2,1,3.0,
202400047115,155 698 783,A01,1.0,33.0,0,0,1,1,1.0,
202400047116,155 698 782,A01,0.0,7.0,0,2,3,13,1.0,
202400047117,155 698 779,A01,3.0,33.0,11,0,1,1,1.0,
202400047118,155 698 776,B01,1.0,31.0,0,0,0,21,0.0,
202400047119,155 698 773,A01,1.0,10.0,0,2,1,2,1.0,
202400047120,155 698 771,A01,1.0,7.0,0,2,8,15,1.0,
202400047121,155 698 768,B01,2.0,33.0,0,2,8,1,1.0,
202400047122,155 698 769,A01,2.0,7.0,2,0,2,14,1.0,
202400047123,155 698 767,A01,0.0,10.0,0,2,3,7,1.0,
202400047124,155 698 770,A01,2.0,7.0,0,0,7,1,1.0,
202400047125,155 698 766,A01,0.0,10.0,0,1,2,26,1.0,
202400047126,155 698 763,A01,1.0,50.0,0,1,1,1,3.0,
202400047127,155 698 761,A01,2.0,7.0,0,1,6,4,1.0,
202400047128,155 698 756,B01,1.0,7.0,0,2,2,15,0.0,
202400047129,155 698 757,B01,3.0,7.0,0,2,1,1,1.0,
202400047130,155 698 758,A01,1.0,30.0,0,2,1,14,1.0,
202400047131,155 698 753,A01,1.0,33.0,0,0,8,26,1.0,
202400047132,155 698 751,A01,2.0,32.0,1,0,2,13,1.0,
202400047133,155 698 752,A01,1.0,7.0,0,1,3,15,1.0,
202400047134,155 698 749,A01,1.0,13.0,14,0,3,0,1.0,
202400047135,155 698 745,B01,1.0,7.0,0,2,2,1,1.0,
202400047136,155 698 743,A01,1.0,7.0,0,0,4,1,2.0,
202400047137,155 698 741,A01,1.0,10.0,0,1,2,16,1.0,
202400047138,155 698 740,A01,1.0,7.0,0,1,2,18,3.0,
202400047139,155 698 739,A01,3.0,7.0,0,2,1,1,1.0,
202400047140,155 698 735,A01,2.0,7.0,0,1,2,1,1.0,
202400047141,155 698 729,B01,2.0,1.0,0,2,1,1,5.0,
202400047142,155 698 731,A01,2.0,7.0,0,2,3,15,1.0,
202400047143,155 698 728,A01,1.0,1.0,0,2,7,1,5.0,
202400047144,155 698 730,A01,3.0,7.0,0,2,1,13,1.0,
202400047145,155 698 727,A01,2.0,7.0,0,2,1,2,0.0,
202400047146,155 698 725,A01,3.0,7.0,0,1,3,1,1.0,
202400047147,155 698 721,A01,2.0,7.0,0,2,1,1,1.0,
202400047148,155 698 723,A01,3.0,3.0,0,1,3,26,6.0,
202400047149,155 698 722,A01,1.0,7.0,13,0,3,1,1.0,
202400047150,155 698 720,A01,2.0,1.0,0,2,1,1,5.0,
202400047151,155 698 718,A01,1.0,7.0,0,1,2,1,1.0,
202400047152,155 698 719,A01,2.0,10.0,0,1,1,1,3.0,
202400047153,155 698 716,A01,1.0,7.0,0,2,1,1,1.0,
202400047154,155 698 712,A01,0.0,50.0,0,0,0,1,3.0,
202400047155,155 698 711,A01,1.0,7.0,4,2,3,18,1.0,
202400047156,155 698 708,A01,1.0,33.0,3,2,8,17,1.0,
202400047157,155 698 705,A01,1.0,7.0,0,2,1,1,1.0,
202400047158,155 698 707,A01,1.0,7.0,9,0,1,26,2.0,
202400047159,155 698 701,A01,1.0,7.0,0,2,5,15,1.0,
202400047160,155 698 702,D01,1.0,10.0,0,2,4,1,1.0,
202400047161,155 698 700,A01,3.0,2.0,0,0,0,0,1.0,
202400047162,155 698 695,A01,1.0,7.0,0,2,2,1,1.0,
202400047163,155 698 698,A01,3.0,10.0,1,2,4,20,1.0,
202400047164,155 698 693,A01,1.0,7.0,0,1,2,2,2.0,
202400047165,155 698 694,A01,3.0,7.0,0,1,8,15,1.0,
202400047166,155 698 696,A01,3.0,2.0,0,2,7,1,1.0,
202400047167,155 698 691,A01,1.0,7.0,0,1,7,15,1.0,
202400047168,155 698 690,A01,1.0,33.0,0,2,8,3,1.0,
202400047169,155 698 688,A01,3.0,1.0,15,0,1,21,5.0,
202400047170,155 698 684,A01,0.0,7.0,0,0,0,15,1.0,
202400047171,155 698 683,B01,3.0,7.0,0,2,2,1,1.0,
202400047172,155 698 680,A01,3.0,1.0,0,2,8,1,5.0,
202400047173,155 698 679,A01,3.0,7.0,7,2,7,19,1.0,
202400047174,155 698 678,A01,1.0,7.0,0,2,3,20,1.0,
202400047175,155 698 671,A01,2.0,33.0,0,2,1,16,1.0,
202400047176,155 698 672,A01,1.0,10.0,0,2,1,2,1.0,
202400047177,155 698 669,A01,1.0,7.0,7,0,0,0,1.0,
202400047178,155 698 666,A01,1.0,7.0,0,2,3,1,1.0,
202400047179,155 698 668,B01,1.0,1.0,0,2,1,1,5.0,
202400047180,155 698 665,A01,3.0,7.0,0,1,2,9,1.0,
202400047181,155 698 667,A01,3.0,37.0,0,2,3,7,2.0,1
202400047182,155 698 662,A01,1.0,7.0,0,0,8,26,1.0,
202400047183,155 698 663,A01,2.0,7.0,4,0,9,2,1.0,
202400047184,155 698 657,B01,2.0,15.0,0,2,6,1,1.0,
202400047185,155 698 656,C01,2.0,50.0,0,2,8,13,3.0,
202400047186,155 698 653,A01,3.0,7.0,0,2,3,1,1.0,
202400047187,155 698 648,A01,2.0,10.0,3,0,2,14,6.0,
202400047188,155 698 652,A01,1.0,2.0,7,0,0,1,1.0,
202400047189,155 698 649,A01,1.0,7.0,0,2,3,15,1.0,
202400047190,155 698 647,B01,3.0,7.0,0,2,1,1,1.0,
202400047191,155 698 651,A01,2.0,33.0,0,2,1,2,1.0,
202400047192,155 698 646,B01,1.0,10.0,0,2,9,1,0.0,
202400047193,155 698 645,A01,1.0,80.0,0,2,0,1,3.0,
202400047194,155 698 643,Z01,0.0,7.0,0,1,6,20,0.0,
202400047195,155 698 642,A01,1.0,7.0,0,1,2,0,0.0,
202400047196,155 698 640,A01,1.0,7.0,4,0,1,14,1.0,
202400047197,155 698 638,Z01,3.0,7.0,0,1,3,9,1.0,
202400047198,155 698 637,A01,2.0,7.0,0,2,3,15,1.0,
202400047199,155 698 633,B01,3.0,7.0,0,2,1,0,1.0,
202400047200,155 698 635,A01,3.0,60.0,12,0,8,26,5.0,
202400047201,155 698 630,B01,1.0,7.0,0,2,4,2,1.0,
202400047202,155 698 627,A01,1.0,7.0,0,2,3,2,1.0,
202400047203,155 698 626,B01,1.0,33.0,0,2,4,1,1.0,
202400047204,155 698 624,A01,0.0,7.0,6,0,3,0,1.0,
202400047205,155 698 622,A01,2.0,7.0,12,0,1,1,1.0,
202400047206,155 698 621,A01,3.0,7.0,0,1,3,1,1.0,
202400047207,155 698 623,A01,1.0,1.0,0,2,8,13,5.0,
202400047208,155 698 619,A01,2.0,43.0,4,2,3,21,1.0,
202400047209,155 698 616,A01,2.0,10.0,0,2,1,2,1.0,
202400047210,155 698 614,B01,3.0,13.0,0,2,6,23,1.0,
202400047211,155 698 613,A01,1.0,7.0,0,2,1,14,1.0,
202400047212,155 698 612,A01,3.0,10.0,8,0,2,1,1.0,
202400047213,155 698 611,A01,2.0,7.0,0,2,1,2,1.0,
202400047214,155 698 610,Z01,2.0,7.0,0,1,4,26,0.0,
202400047215,155 698 607,A01,2.0,2.0,14,0,1,21,1.0,
202400047216,155 698 605,A01,3.0,7.0,0,1,2,19,1.0,
202400047217,155 698 602,A01,1.0,7.0,0,2,4,2,1.0,
202400047218,155 698 600,A01,1.0,7.0,0,9,1,14,1.0,
202400047219,155 698 599,A01,1.0,31.0,0,2,1,2,1.0,
202400047220,155 698 598,A01,1.0,30.0,0,2,1,2,1.0,
202400047221,155 698 601,A01,2.0,7.0,8,1,1,26,1.0,
202400047222,155 698 593,A01,2.0,33.0,0,2,4,16,1.0,
202400047223,155 698 590,A01,2.0,10.0,0,0,6,23,1.0,
202400047224,155 698 591,A01,2.0,7.0,0,2,1,17,1.0,
202400047225,155 698 589,A01,3.0,7.0,4,0,0,12,1.0,
202400047226,155 698 588,A01,2.0,33.0,0,2,1,1,1.0,
202400047227,155 698 585,A01,1.0,7.0,0,2,1,15,1.0,
202400047228,155 698 577,A01,1.0,33.0,0,2,3,3,1.0,
202400047229,155 698 578,B01,2.0,10.0,0,2,1,1,1.0,
202400047230,155 698 579,A01,1.0,7.0,0,2,9,1,1.0,
202400047231,155 698 572,B01,2.0,32.0,0,2,1,2,3.0,
202400047232,155 698 571,A01,1.0,10.0,0,2,1,2,1.0,
202400047233,155 698 570,A01,2.0,7.0,0,2,7,9,1.0,
202400047234,155 698 567,Z01,2.0,50.0,0,1,0,26,3.0,
202400047235,155 698 564,A01,2.0,7.0,0,2,1,13,1.0,
202400047236,155 698 565,A01,1.0,7.0,0,2,1,1,1.0,
202400047237,155 698 563,A01,2.0,33.0,0,2,1,12,1.0,
202400047238,155 698 559,B01,1.0,10.0,0,2,3,10,1.0,
202400047239,155 698 558,A01,2.0,40.0,0,1,7,1,3.0,
202400047240,155 698 557,A01,1.0,33.0,0,0,8,0,1.0,
202400047241,155 698 554,A01,3.0,7.0,0,2,1,13,1.0,
202400047242,155 698 555,B01,0.0,60.0,0,2,8,19,5.0,
202400047243,155 698 552,A01,2.0,30.0,0,2,1,2,3.0,
202400047244,155 698 551,A01,1.0,7.0,0,2,1,2,1.0,
202400047245,155 698 550,A01,1.0,31.0,0,1,8,1,0.0,
202400047246,155 698 545,A01,0.0,7.0,1,2,7,25,2.0,
202400047247,155 698 546,A01,1.0,7.0,0,1,3,1,2.0,
202400047248,155 698 543,A01,0.0,50.0,0,2,0,0,3.0,
202400047249,155 698 541,B01,3.0,1.0,0,2,1,1,5.0,
202400047250,155 698 542,A01,2.0,2.0,15,0,0,0,1.0,
202400047251,155 698 540,B01,2.0,7.0,0,2,3,15,1.0,
202400047252,155 698 538,B01,3.0,7.0,0,2,4,23,1.0,
202400047253,155 698 533,A01,3.0,31.0,0,1,1,0,1.0,
202400047254,155 698 530,A01,3.0,7.0,0,1,2,14,1.0,