Num_Acc,id_vehicule,num_veh,senc,catv,obs,obsm,choc,manv,motor,occutc
202400047255,155 698 535,B01,3.0,33.0,0,2,8,1,1.0,
202400047256,155 698 529,A01,1.0,7.0,0,2,2,1,1.0,
202400047257,155 698 528,A01,1.0,7.0,0,2,2,1,1.0,
202400047258,155 698 527,B01,1.0,30.0,1,0,7,1,3.0,
202400047259,155 698 526,B01,3.0,10.0,0,0,7,1,0.0,
202400047260,155 698 523,A01,1.0,7.0,13,0,2,1,1.0,
202400047261,155 698 522,A01,2.0,7.0,0,2,4,2,1.0,
202400047262,155 698 520,A01,1.0,36.0,16,0,0,1,1.0,
202400047263,155 698 517,A01,2.0,7.0,0,2,1,13,1.0,
202400047264,155 698 519,A01,2.0,30.0,4,0,7,14,1.0,
202400047265,155 698 516,A01,3.0,7.0,0,1,3,20,1.0,
202400047266,155 698 518,B01,2.0,7.0,1,2,1,2,1.0,
202400047267,155 698 514,A01,1.0,33.0,0,0,0,1,1.0,
202400047268,155 698 511,A01,2.0,33.0,0,2,1,1,1.0,
202400047269,155 698 512,B01,2.0,7.0,0,2,1,1,1.0,
202400047270,155 698 506,A01,1.0,7.0,0,2,7,19,1.0,
202400047271,155 698 504,B01,1.0,1.0,0,0,3,2,5.0,
202400047272,155 698 502,A01,2.0,30.0,0,2,2,15,1.0,
202400047273,155 698 505,A01,1.0,7.0,0,0,3,9,0.0,
202400047274,155 698 503,A01,3.0,33.0,6,0,8,1,1.0,
202400047275,155 698 501,A01,2.0,38.0,2,0,1,1,1.0,7
202400047276,155 698 496,A01,1.0,7.0,0,2,1,26,0.0,
202400047277,155 698 497,A01,3.0,7.0,0,2,4,26,1.0,
202400047278,155 698 494,Z01,1.0,7.0,0,2,0,0,0.0,
202400047279,155 698 491,A01,1.0,33.0,0,2,2,17,1.0,
202400047280,155 698 489,A01,2.0,7.0,0,2,2,13,1.0,
202400047281,155 698 487,A01,1.0,13.0,1,0,4,4,0.0,
202400047282,155 698 485,A01,1.0,7.0,0,1,2,17,1.0,
202400047283,155 698 486,A01,1.0,7.0,0,2,3,15,1.0,
202400047284,155 698 484,B01,0.0,7.0,0,2,3,2,1.0,
202400047285,155 698 482,A01,1.0,33.0,0,0,8,1,1.0,
202400047286,155 698 478,A01,2.0,10.0,0,0,9,1,1.0,
202400047287,155 698 481,B01,2.0,7.0,3,0,3,1,1.0,
202400047288,155 698 480,A01,3.0,7.0,0,0,0,16,1.0,
202400047289,155 698 479,A01,3.0,7.0,0,1,2,1,1.0,
202400047290,155 698 477,A01,1.0,7.0,0,1,1,1,1.0,
202400047291,155 698 476,A01,1.0,10.0,0,1,3,17,1.0,
202400047292,155 698 470,A01,2.0,33.0,4,0,7,1,1.0,
202400047293,155 698 472,B01,1.0,7.0,0,9,6,9,1.0,
202400047294,155 698 466,A01,2.0,7.0,0,2,1,19,1.0,
202400047295,155 698 468,B01,3.0,7.0,0,2,2,1,1.0,
202400047296,155 698 464,A01,2.0,50.0,0,2,1,19,3.0,
202400047297,155 698 461,B01,2.0,43.0,0,2,1,1,1.0,
202400047298,155 698 463,A01,2.0,7.0,0,2,8,11,1.0,
202400047299,155 698 457,B01,2.0,7.0,0,2,3,15,1.0,
202400047300,155 698 459,A01,2.0,7.0,0,1,1,15,1.0,
202400047301,155 698 455,A01,1.0,7.0,0,0,6,10,4.0,
202400047302,155 698 452,A01,2.0,7.0,15,0,3,2,1.0,
202400047303,155 698 450,B01,2.0,38.0,0,2,2,21,1.0,1
202400047304,155 698 449,A01,1.0,7.0,0,2,1,10,1.0,
202400047305,155 698 448,A01,1.0,7.0,0,2,8,9,3.0,
202400047306,155 698 447,A01,1.0,32.0,0,2,1,17,1.0,
202400047307,155 698 446,A01,1.0,33.0,13,0,3,1,1.0,
202400047308,155 698 445,A01,2.0,7.0,0,1,4,4,1.0,
202400047309,155 698 442,A01,2.0,7.0,0,1,3,1,1.0,
202400047310,155 698 444,B01,3.0,7.0,0,2,3,16,1.0,
202400047311,155 698 438,A01,2.0,7.0,0,9,3,9,1.0,
202400047312,155 698 436,A01,1.0,7.0,6,2,7,9,1.0,
202400047313,155 698 437,A01,1.0,1.0,0,2,1,1,5.0,
202400047314,155 698 433,B01,2.0,50.0,0,2,1,1,3.0,
202400047315,155 698 430,A01,2.0,33.0,15,0,9,17,1.0,
202400047316,155 698 429,A01,2.0,2.0,0,2,1,2,1.0,
202400047317,155 698 428,A01,1.0,2.0,16,0,1,1,1.0,
202400047318,155 698 424,A01,1.0,7.0,12,2,1,15,1.0,
202400047319,155 698 423,A01,3.0,7.0,2,0,1,13,1.0,
202400047320,155 698 421,A01,3.0,7.0,0,2,3,11,1.0,
202400047321,155 698 420,A01,3.0,7.0,0,2,3,19,1.0,
202400047322,155 698 419,A01,1.0,43.0,0,0,1,2,1.0,
202400047323,155 698 418,B01,2.0,1.0,0,9,1,25,5.0,
202400047324,155 698 417,A01,1.0,1.0,0,2,8,1,5.0,
202400047325,155 698 413,A01,1.0,7.0,0,1,1,1,1.0,
202400047326,155 698 412,A01,2.0,7.0,0,2,1,13,1.0,
202400047327,155 698 411,A01,1.0,15.0,0,2,1,2,1.0,
202400047328,155 698 408,A01,2.0,33.0,0,2,2,17,1.0,
202400047329,155 698 406,A01,2.0,7.0,0,0,2,0,1.0,
202400047330,155 698 405,A01,3.0,10.0,0,2,1,16,0.0,
202400047331,155 698 404,A01,3.0,7.0,8,0,2,14,1.0,
202400047332,155 698 402,A01,2.0,7.0,3,2,7,17,1.0,
202400047333,155 698 400,A01,3.0,7.0,0,2,4,13,1.0,
202400047334,155 698 399,A01,1.0,7.0,15,0,1,1,1.0,
202400047335,155 698 394,A01,1.0,7.0,0,2,2,1,2.0,
202400047336,155 698 391,A01,2.0,7.0,0,0,5,0,1.0,
202400047337,155 698 393,B01,1.0,33.0,0,2,1,3,1.0,
202400047338,155 698 390,A01,2.0,99.0,0,2,2,15,3.0,
202400047339,155 698 387,A01,1.0,7.0,0,2,4,23,1.0,
202400047340,155 698 386,A01,1.0,32.0,0,1,1,1,1.0,
202400047341,155 698 385,C01,1.0,7.0,0,2,2,2,1.0,
202400047342,155 698 383,A01,2.0,10.0,0,1,1,1,1.0,
202400047343,155 698 381,A01,1.0,7.0,0,2,1,17,1.0,
202400047344,155 698 382,A01,1.0,7.0,2,0,1,1,1.0,
202400047345,155 698 380,A01,1.0,7.0,8,0,1,1,1.0,
202400047346,155 698 376,A01,3.0,7.0,0,1,1,1,1.0,
202400047347,155 698 375,A01,1.0,7.0,0,1,7,1,1.0,
202400047348,155 698 373,A01,3.0,31.0,0,0,8,1,1.0,
202400047349,155 698 378,A01,2.0,10.0,3,0,1,14,1.0,
202400047350,155 698 374,B01,2.0,99.0,0,0,1,2,0.0,
202400047351,155 698 372,A01,2.0,7.0,13,0,2,1,1.0,
202400047352,155 698 368,A01,1.0,7.0,0,2,1,1,1.0,
202400047353,155 698 367,A01,2.0,7.0,10,0,1,1,1.0,
202400047354,155 698 366,A01,1.0,7.0,0,1,2,1,1.0,
202400047355,155 698 364,A01,1.0,33.0,0,2,1,1,1.0,
202400047356,155 698 365,A01,3.0,32.0,0,2,2,1,1.0,
202400047357,155 698 362,A01,1.0,7.0,0,2,1,2,1.0,
202400047358,155 698 363,A01,3.0,7.0,0,1,1,1,1.0,
202400047359,155 698 359,A01,1.0,30.0,0,0,8,1,1.0,
202400047360,155 698 361,A01,2.0,31.0,2,0,1,0,1.0,
202400047361,155 698 360,A01,1.0,80.0,12,0,1,1,3.0,
202400047362,155 698 352,A01,1.0,7.0,12,2,1,2,1.0,
202400047363,155 698 351,A01,1.0,7.0,0,2,3,0,0.0,
202400047364,155 698 354,A01,2.0,10.0,0,2,2,2,1.0,
202400047365,155 698 349,A01,0.0,7.0,0,2,2,9,1.0,
202400047366,155 698 353,A01,1.0,37.0,0,1,1,1,1.0,1
202400047367,155 698 347,B01,2.0,34.0,0,2,8,1,1.0,
202400047368,155 698 346,A01,2.0,3.0,0,1,1,15,1.0,
202400047369,155 698 344,A01,1.0,7.0,2,0,1,1,1.0,
202400047370,155 698 343,A01,1.0,13.0,0,2,1,13,1.0,
202400047371,155 698 340,A01,3.0,7.0,13,0,1,13,1.0,
202400047372,155 698 339,A01,1.0,7.0,0,2,2,9,1.0,
202400047373,155 698 338,B01,1.0,7.0,0,9,1,2,1.0,
202400047374,155 698 337,A01,1.0,1.0,0,0,0,1,5.0,
202400047375,155 698 336,A01,2.0,7.0,0,2,2,9,1.0,
202400047376,155 698 331,B01,1.0,7.0,0,1,3,17,1.0,
202400047377,155 698 328,A01,1.0,32.0,0,2,1,1,1.0,
202400047378,155 698 326,A01,1.0,7.0,0,2,3,11,1.0,
202400047379,155 698 327,A01,0.0,7.0,0,2,3,15,0.0,
202400047380,155 698 324,A01,2.0,2.0,0,0,7,21,1.0,
202400047381,155 698 322,A01,1.0,33.0,13,0,1,1,1.0,
202400047382,155 698 323,A01,2.0,7.0,0,2,3,9,1.0,
202400047383,155 698 321,Z01,3.0,10.0,0,1,2,16,0.0,
202400047384,155 698 314,B01,1.0,14.0,0,9,4,23,0.0,
202400047385,155 698 316,B01,1.0,50.0,0,2,7,15,3.0,
202400047386,155 698 313,A01,3.0,7.0,0,2,1,1,1.0,
202400047387,155 698 312,A01,3.0,1.0,0,0,3,19,5.0,
202400047388,155 698 317,B01,2.0,7.0,0,2,8,9,1.0,
202400047389,155 698 310,A01,3.0,50.0,6,0,1,1,3.0,
202400047390,155 698 307,A01,1.0,2.0,6,0,3,1,1.0,
202400047391,155 698 308,A01,3.0,7.0,0,1,8,15,1.0,
202400047392,155 698 306,A01,1.0,7.0,0,2,1,1,1.0,
202400047393,155 698 305,A01,3.0,7.0,15,1,3,25,1.0,
202400047394,155 698 303,A01,1.0,7.0,0,2,2,1,1.0,
202400047395,155 698 297,B01,1.0,1.0,0,2,2,2,5.0,
202400047396,155 698 299,B01,2.0,7.0,0,2,1,17,1.0,
202400047397,155 698 298,B01,1.0,7.0,0,2,2,16,1.0,
202400047398,155 698 293,A01,1.0,10.0,0,2,1,1,1.0,
202400047399,155 698 292,A01,2.0,7.0,1,0,2,14,1.0,
202400047400,155 698 295,A01,3.0,2.0,0,0,0,1,1.0,
202400047401,155 698 290,A01,1.0,10.0,0,0,1,2,1.0,
202400047402,155 698 294,A01,1.0,33.0,12,0,1,17,1.0,
202400047403,155 698 289,A01,1.0,33.0,11,0,0,1,0.0,
202400047404,155 698 288,A01,3.0,7.0,0,1,1,1,2.0,
202400047405,155 698 283,A01,2.0,7.0,13,0,3,11,1.0,
202400047406,155 698 282,B01,1.0,7.0,0,2,8,1,1.0,
202400047407,155 698 279,A01,1.0,7.0,0,2,8,15,1.0,
202400047408,155 698 281,A01,3.0,7.0,0,2,8,16,1.0,
202400047409,155 698 277,Z01,2.0,30.0,0,1,1,1,1.0,
202400047410,155 698 275,A01,2.0,32.0,0,0,1,1,1.0,
202400047411,155 698 274,C01,1.0,7.0,0,0,1,0,1.0,
202400047412,155 698 273,A01,1.0,7.0,14,0,3,13,1.0,
202400047413,155 698 276,B01,3.0,32.0,0,2,6,17,1.0,
202400047414,155 698 269,A01,1.0,37.0,5,1,2,1,2.0,1
202400047415,155 698 270,A01,1.0,1.0,0,0,0,0,5.0,
202400047416,155 698 268,A01,2.0,3.0,0,0,3,15,1.0,
202400047417,155 698 266,A01,2.0,7.0,0,2,6,1,1.0,
202400047418,155 698 265,A01,1.0,30.0,1,0,6,14,1.0,
202400047419,155 698 264,A01,1.0,33.0,0,9,1,1,1.0,
202400047420,155 698 263,B01,1.0,1.0,0,2,1,1,5.0,
202400047421,155 698 262,A01,1.0,7.0,6,0,1,5,1.0,
202400047422,155 698 260,A01,2.0,7.0,0,0,8,21,1.0,
202400047423,155 698 256,A01,3.0,7.0,13,0,9,1,1.0,
202400047424,155 698 259,A01,3.0,37.0,0,1,6,12,2.0,1
202400047425,155 698 255,A01,1.0,7.0,0,1,1,15,1.0,
202400047426,155 698 254,B01,1.0,7.0,0,2,1,1,1.0,
202400047427,155 698 252,B01,1.0,50.0,0,2,1,1,3.0,
202400047428,155 698 247,A01,1.0,7.0,0,2,3,15,1.0,
202400047429,155 698 249,A01,2.0,7.0,0,1,2,1,1.0,
202400047430,155 698 246,A01,1.0,10.0,0,2,3,1,1.0,
202400047431,155 698 248,A01,3.0,7.0,0,2,8,22,1.0,
202400047432,155 698 243,A01,1.0,7.0,0,1,3,15,1.0,
202400047433,155 698 242,B01,3.0,7.0,0,2,3,1,6.0,
202400047434,155 698 239,A01,2.0,7.0,0,1,1,1,2.0,
202400047435,155 698 240,A01,0.0,33.0,0,0,2,1,1.0,
202400047436,155 698 235,A01,3.0,7.0,0,2,1,5,1.0,
202400047437,155 698 234,A01,3.0,7.0,0,2,2,16,1.0,
202400047438,155 698 231,A01,3.0,7.0,0,2,3,9,6.0,
202400047439,155 698 230,A01,2.0,32.0,0,1,1,1,1.0,
202400047440,155 698 228,A01,1.0,10.0,0,2,4,2,1.0,
202400047441,155 698 229,A01,1.0,30.0,0,1,0,1,1.0,
202400047442,155 698 227,A01,1.0,7.0,0,2,4,2,1.0,
202400047443,155 698 226,A01,3.0,7.0,0,1,1,1,1.0,
202400047444,155 698 223,A01,1.0,7.0,0,1,1,1,1.0,
202400047445,155 698 222,A01,1.0,7.0,0,1,7,12,0.0,
202400047446,155 698 220,A01,3.0,32.0,0,0,0,1,0.0,
202400047447,155 698 221,B01,1.0,0.0,0,2,1,1,0.0,
202400047448,155 698 215,A01,1.0,7.0,0,1,1,1,1.0,
202400047449,155 698 216,B01,1.0,7.0,3,2,4,2,1.0,
202400047450,155 698 214,B01,2.0,50.0,0,2,1,26,3.0,
202400047451,155 698 212,B01,2.0,7.0,0,2,3,1,1.0,
202400047452,155 698 211,A01,2.0,50.0,0,0,0,1,3.0,
202400047453,155 698 213,A01,3.0,7.0,4,0,1,1,1.0,
202400047454,155 698 206,A01,3.0,7.0,0,1,0,1,1.0,
202400047455,155 698 204,A01,1.0,33.0,0,0,0,1,1.0,
202400047456,155 698 202,A01,2.0,7.0,0,2,1,13,1.0,
202400047457,155 698 201,B01,2.0,7.0,0,2,1,19,1.0,
202400047458,155 698 199,B01,1.0,7.0,0,2,1,0,1.0,
202400047459,155 698 200,A01,1.0,2.0,0,2,1,2,1.0,
202400047460,155 698 197,A01,2.0,30.0,0,0,0,1,1.0,
202400047461,155 698 195,A01,2.0,7.0,4,0,2,0,1.0,
202400047462,155 698 196,B01,1.0,7.0,0,2,1,1,1.0,
202400047463,155 698 192,A01,1.0,33.0,0,6,1,0,1.0,
202400047464,155 698 190,A01,1.0,7.0,0,2,2,15,1.0,
202400047465,155 698 189,A01,3.0,2.0,16,0,0,1,1.0,
202400047466,155 698 188,A01,2.0,7.0,0,2,6,9,1.0,
202400047467,155 698 185,A01,2.0,10.0,0,2,8,10,1.0,
202400047468,155 698 186,A01,3.0,7.0,8,0,3,1,1.0,
202400047469,155 698 184,A01,1.0,7.0,4,0,2,21,1.0,
202400047470,155 698 182,A01,1.0,7.0,0,1,3,1,1.0,
202400047471,155 698 183,B01,2.0,1.0,0,2,8,13,5.0,
202400047472,155 698 179,A01,1.0,7.0,0,1,1,1,1.0,
202400047473,155 698 178,B01,1.0,7.0,0,2,1,2,1.0,
202400047474,155 698 174,B01,1.0,7.0,0,2,4,1,1.0,
202400047475,155 698 173,B01,3.0,31.0,14,2,0,0,1.0,
202400047476,155 698 170,B01,2.0,7.0,0,2,3,1,1.0,
202400047477,155 698 171,A01,1.0,7.0,0,9,1,0,1.0,
202400047478,155 698 167,A01,2.0,32.0,0,0,8,1,1.0,
202400047479,155 698 165,A01,1.0,50.0,0,2,1,19,3.0,
202400047480,155 698 166,A01,2.0,7.0,0,2,3,13,1.0,
202400047481,155 698 164,A01,1.0,31.0,0,2,0,0,1.0,
202400047482,155 698 160,A01,1.0,7.0,0,2,2,1,1.0,
202400047483,155 698 159,A01,1.0,10.0,3,2,1,2,1.0,
202400047484,155 698 158,A01,1.0,7.0,8,0,1,26,1.0,
202400047485,155 698 156,A01,2.0,33.0,7,0,1,1,1.0,
202400047486,155 698 155,A01,3.0,7.0,0,2,5,1,1.0,
202400047487,155 698 153,A01,3.0,7.0,0,2,4,2,1.0,
202400047488,155 698 151,A01,3.0,7.0,0,2,4,26,1.0,
202400047489,155 698 152,A01,3.0,10.0,6,0,2,26,0.0,
202400047490,155 698 149,A01,1.0,7.0,0,1,1,1,1.0,
202400047491,155 698 147,A01,1.0,7.0,0,2,8,9,1.0,
202400047492,155 698 146,A01,1.0,7.0,15,0,1,1,1.0,
202400047493,155 698 141,A01,0.0,7.0,0,1,3,9,1.0,
202400047494,155 698 139,A01,2.0,34.0,0,2,7,26,3.0,
202400047495,155 698 138,B01,1.0,50.0,0,2,8,19,3.0,
202400047496,155 698 145,B01,2.0,33.0,0,2,3,1,1.0,
202400047497,155 698 135,B01,1.0,1.0,0,2,4,2,5.0,
202400047498,155 698 137,A01,3.0,7.0,0,2,5,15,1.0,
202400047499,155 698 134,A01,3.0,7.0,0,1,7,1,1.0,
202400047500,155 698 130,A01,2.0,7.0,0,0,9,2,1.0,
202400047501,155 698 132,A01,3.0,33.0,8,0,1,13,1.0,
202400047502,155 698 129,A01,2.0,33.0,0,2,1,1,1.0,
202400047503,155 698 128,A01,1.0,7.0,1,2,1,1,1.0,
202400047504,155 698 125,A01,0.0,7.0,0,2,7,15,1.0,
202400047505,155 698 122,A01,1.0,33.0,3,0,3,26,1.0,
202400047506,155 698 120,A01,3.0,7.0,16,0,2,14,1.0,
202400047507,155 698 119,A01,1.0,7.0,0,2,1,2,1.0,
202400047508,155 698 117,Z01,3.0,7.0,0,1,1,1,1.0,
202400047509,155 698 116,A01,2.0,50.0,12,0,1,15,3.0,
202400047510,155 698 115,A01,1.0,7.0,0,2,2,0,1.0,
202400047511,155 698 109,A01,2.0,7.0,0,2,8,15,1.0,
202400047512,155 698 114,A01,3.0,7.0,0,2,2,5,1.0,
202400047513,155 698 108,B01,3.0,50.0,0,2,1,1,3.0,
202400047514,155 698 107,A01,1.0,17.0,0,2,3,13,1.0,
202400047515,155 698 106,B01,3.0,30.0,0,2,1,1,1.0,
202400047516,155 698 102,A01,1.0,7.0,0,2,1,1,1.0,
202400047517,155 698 099,A01,3.0,1.0,0,2,1,1,5.0,
202400047518,155 698 098,A01,3.0,7.0,0,2,1,1,1.0,
202400047519,155 698 100,A01,1.0,7.0,13,0,1,21,1.0,
202400047520,155 698 097,A01,1.0,7.0,0,2,1,15,1.0,
202400047521,155 698 095,A01,3.0,7.0,8,0,1,14,1.0,
202400047522,155 698 092,B01,2.0,7.0,0,2,0,1,0.0,
202400047523,155 698 091,B01,3.0,7.0,0,2,4,1,1.0,
202400047524,155 698 090,A01,1.0,7.0,2,0,1,1,1.0,
202400047525,155 698 096,A01,2.0,33.0,4,0,7,14,1.0,
202400047526,155 698 088,A01,1.0,7.0,6,0,1,16,1.0,
202400047527,155 698 086,A01,1.0,7.0,0,1,3,2,2.0,
202400047528,155 698 082,A01,2.0,7.0,0,2,1,9,1.0,
202400047529,155 698 084,A01,2.0,7.0,2,0,1,1,1.0,
202400047530,155 698 081,A01,1.0,7.0,0,2,1,13,1.0,
202400047531,155 698 076,B01,1.0,7.0,0,2,7,1,3.0,
202400047532,155 698 080,A01,3.0,7.0,0,2,7,15,1.0,
202400047533,155 698 075,B01,1.0,7.0,0,2,4,23,1.0,
202400047534,155 698 068,A01,1.0,7.0,0,2,4,9,1.0,
202400047535,155 698 078,A01,2.0,10.0,0,2,2,16,1.0,
202400047536,155 698 071,A01,2.0,33.0,16,0,7,1,1.0,
202400047537,155 698 065,A01,1.0,37.0,0,1,5,1,1.0,1
202400047538,155 698 064,B01,2.0,7.0,0,2,4,1,1.0,
202400047539,155 698 066,A01,2.0,7.0,7,2,3,13,1.0,
202400047540,155 698 063,A01,1.0,7.0,0,1,8,1,2.0,
202400047541,155 698 061,A01,1.0,7.0,0,0,2,1,1.0,
202400047542,155 698 056,A01,2.0,7.0,0,2,1,1,1.0,
202400047543,155 698 057,A01,2.0,7.0,12,0,0,0,1.0,
202400047544,155 698 058,A01,3.0,7.0,0,2,1,1,1.0,
202400047545,155 698 053,A01,1.0,30.0,0,0,0,21,1.0,
202400047546,155 698 051,A01,1.0,7.0,0,2,1,15,1.0,
202400047547,155 698 052,A01,1.0,33.0,0,2,3,18,1.0,
202400047548,155 698 047,A01,1.0,7.0,0,2,1,15,1.0,
202400047549,155 698 046,A01,1.0,7.0,0,2,1,9,1.0,
202400047550,155 698 045,A01,3.0,1.0,0,0,1,1,5.0,
202400047551,155 698 044,A01,1.0,7.0,0,2,3,13,0.0,
202400047552,155 698 043,A01,2.0,2.0,13,0,1,1,1.0,
202400047553,155 698 040,A01,1.0,7.0,14,0,9,2,1.0,
202400047554,155 698 038,A01,2.0,7.0,0,2,2,16,1.0,
202400047555,155 698 037,A01,1.0,30.0,13,0,8,1,6.0,
202400047556,155 698 035,A01,1.0,1.0,0,1,8,17,5.0,
202400047557,155 698 036,A01,1.0,7.0,0,1,1,1,1.0,
202400047558,155 698 034,C01,2.0,7.0,0,0,2,1,1.0,
202400047559,155 698 033,A01,2.0,7.0,16,0,1,1,1.0,
202400047560,155 698 031,A01,0.0,30.0,12,0,1,1,1.0,
202400047561,155 698 028,A01,0.0,7.0,0,2,8,15,1.0,
202400047562,155 698 025,A01,3.0,50.0,0,0,1,1,3.0,
202400047563,155 698 024,A01,1.0,1.0,0,2,8,17,5.0,
202400047564,155 698 023,A01,1.0,1.0,0,2,1,1,5.0,
202400047565,155 698 021,A01,1.0,33.0,0,2,2,13,1.0,
202400047566,155 698 017,A01,2.0,50.0,12,0,1,14,3.0,
202400047567,155 698 019,A01,1.0,7.0,5,0,1,1,1.0,
202400047568,155 698 018,A01,2.0,7.0,0,2,0,0,,
202400047569,155 698 015,A01,2.0,7.0,2,0,1,1,1.0,
202400047570,155 698 012,A01,3.0,32.0,0,1,0,0,1.0,
202400047571,155 698 013,A01,1.0,10.0,0,1,4,4,3.0,
202400047572,155 698 010,A01,3.0,50.0,0,2,1,1,3.0,
202400047573,155 698 007,B01,2.0,10.0,0,2,1,1,1.0,
202400047574,155 698 008,A01,2.0,7.0,0,1,3,16,1.0,
202400047575,155 698 006,A01,3.0,7.0,6,0,3,9,1.0,
202400047576,155 698 005,A01,1.0,10.0,8,0,0,1,1.0,
202400047577,155 698 000,A01,1.0,7.0,0,2,2,15,1.0,
202400047578,155 698 001,A01,1.0,7.0,2,0,7,0,1.0,
202400047579,155 697 998,B01,1.0,37.0,0,2,1,26,1.0,3
202400047580,155 697 999,B01,1.0,7.0,0,2,1,1,1.0,
202400047581,155 697 997,A01,2.0,7.0,0,0,2,1,1.0,
202400047582,155 697 992,B01,2.0,7.0,0,2,1,2,1.0,
202400047583,155 697 990,A01,0.0,7.0,0,2,8,22,3.0,
202400047584,155 697 988,A01,3.0,33.0,0,2,7,1,1.0,
202400047585,155 697 989,B01,2.0,15.0,0,2,8,1,1.0,
202400047586,155 697 987,Z01,1.0,7.0,0,2,1,1,1.0,
202400047587,155 697 985,A01,3.0,80.0,0,1,1,0,3.0,
202400047588,155 697 982,A01,1.0,7.0,0,1,1,15,1.0,
202400047589,155 697 979,A01,2.0,7.0,0,2,5,15,1.0,
202400047590,155 697 980,A01,3.0,10.0,2,0,1,14,1.0,
202400047591,155 697 978,A01,2.0,32.0,0,2,1,1,1.0,
202400047592,155 697 983,B01,1.0,10.0,0,2,1,1,1.0,
202400047593,155 697 975,B01,2.0,13.0,0,2,2,16,1.0,
202400047594,155 697 974,A01,1.0,7.0,15,0,1,0,1.0,
202400047595,155 697 971,A01,2.0,7.0,0,2,5,17,1.0,
202400047596,155 697 968,A01,2.0,7.0,0,2,3,20,1.0,
202400047597,155 697 970,A01,1.0,33.0,0,2,2,17,1.0,
202400047598,155 697 964,A01,3.0,30.0,12,0,7,1,1.0,
202400047599,155 697 967,A01,0.0,7.0,0,2,0,0,1.0,
202400047600,155 697 963,A01,3.0,7.0,0,2,3,1,1.0,
202400047601,155 697 961,A01,3.0,7.0,3,2,3,1,1.0,
202400047602,155 697 957,B01,1.0,7.0,0,2,1,1,1.0,
202400047603,155 697 956,A01,3.0,30.0,0,2,6,16,1.0,
202400047604,155 697 958,B01,1.0,32.0,0,2,1,1,1.0,
202400047605,155 697 955,A01,1.0,7.0,0,1,1,1,1.0,
202400047606,155 697 954,A01,1.0,7.0,13,0,1,1,1.0,
202400047607,155 697 951,A01,3.0,7.0,0,1,2,1,1.0,
202400047608,155 697 950,A01,1.0,50.0,0,2,8,19,3.0,
202400047609,155 697 948,A01,2.0,32.0,0,2,1,1,1.0,
202400047610,155 697 945,B01,1.0,33.0,0,2,7,17,1.0,
202400047611,155 697 942,B01,1.0,2.0,0,0,2,1,1.0,
202400047612,155 697 944,A01,3.0,7.0,17,0,2,1,1.0,
202400047613,155 697 941,A01,1.0,32.0,0,1,1,1,1.0,
202400047614,155 697 940,B01,3.0,40.0,0,2,1,1,3.0,
202400047615,155 697 935,B01,1.0,32.0,12,0,1,1,1.0,
202400047616,155 697 939,A01,1.0,10.0,0,2,8,15,1.0,
202400047617,155 697 936,A01,1.0,2.0,0,2,0,21,1.0,
202400047618,155 697 934,A01,1.0,7.0,3,0,2,26,1.0,
202400047619,155 697 932,A01,1.0,7.0,0,2,2,14,1.0,
202400047620,155 697 929,A01,3.0,7.0,0,2,2,15,1.0,
202400047621,155 697 927,B01,1.0,31.0,0,2,1,1,1.0,
202400047622,155 697 925,A01,1.0,7.0,0,2,7,19,1.0,
202400047623,155 697 921,A01,3.0,7.0,0,2,1,26,1.0,
202400047624,155 697 924,A01,2.0,31.0,14,0,1,6,1.0,
202400047625,155 697 919,A01,3.0,7.0,0,2,6,1,1.0,
202400047626,155 697 920,A01,2.0,7.0,0,2,1,19,1.0,
202400047627,155 697 915,A01,1.0,32.0,12,0,7,18,1.0,
202400047628,155 697 914,A01,3.0,7.0,0,2,4,1,1.0,
202400047629,155 697 917,A01,2.0,37.0,0,1,1,2,2.0,1
202400047630,155 697 913,A01,3.0,7.0,0,1,1,19,1.0,
202400047631,155 697 911,A01,1.0,7.0,0,2,1,0,1.0,
202400047632,155 697 907,B01,2.0,7.0,0,2,5,1,3.0,
202400047633,155 697 906,Z01,1.0,7.0,0,1,1,1,0.0,
202400047634,155 697 905,B01,3.0,10.0,0,9,7,16,1.0,
202400047635,155 697 903,B01,1.0,10.0,0,2,8,1,1.0,
202400047636,155 697 902,A01,2.0,7.0,0,2,8,11,1.0,
202400047637,155 697 901,A01,1.0,30.0,0,1,1,1,1.0,
202400047638,155 697 900,Z01,1.0,7.0,0,1,1,0,0.0,
202400047639,155 697 896,A01,1.0,7.0,0,2,1,1,0.0,
202400047640,155 697 894,A01,2.0,7.0,0,1,1,0,1.0,
202400047641,155 697 893,B01,1.0,40.0,0,2,1,1,3.0,
202400047642,155 697 891,B01,1.0,7.0,0,2,1,2,1.0,
202400047643,155 697 890,A01,2.0,10.0,0,2,1,2,1.0,
202400047644,155 697 888,A01,2.0,7.0,0,1,1,1,1.0,
202400047645,155 697 885,A01,1.0,7.0,0,2,2,1,1.0,
202400047646,155 697 886,Z01,3.0,7.0,0,1,0,0,0.0,
202400047647,155 697 882,A01,1.0,7.0,3,0,1,2,1.0,
202400047648,155 697 883,A01,3.0,7.0,0,2,1,1,1.0,
202400047649,155 697 881,B01,1.0,1.0,0,2,0,2,5.0,
202400047650,155 697 880,A01,1.0,50.0,0,9,7,1,3.0,