Num_Acc,id_vehicule,num_veh,senc,catv,obs,obsm,choc,manv,motor,occutc
202400047651,155 697 879,A01,3.0,31.0,4,0,3,13,1.0,
202400047652,155 697 877,A01,2.0,7.0,0,1,3,1,1.0,
202400047653,155 697 876,A01,2.0,10.0,2,0,2,14,1.0,
202400047654,155 697 874,A01,1.0,7.0,0,2,4,2,3.0,
202400047655,155 697 873,A01,3.0,21.0,0,9,5,17,0.0,
202400047656,155 697 872,A01,2.0,10.0,4,0,1,1,1.0,
202400047657,155 697 867,A01,1.0,7.0,0,2,3,10,0.0,
202400047658,155 697 863,A01,1.0,7.0,0,2,1,1,1.0,
202400047659,155 697 860,A01,2.0,7.0,0,0,2,14,1.0,
202400047660,155 697 862,A01,1.0,7.0,0,2,1,1,1.0,
202400047661,155 697 861,A01,2.0,7.0,0,2,1,1,3.0,
202400047662,155 697 858,B01,3.0,7.0,0,2,1,15,1.0,
202400047663,155 697 857,A01,2.0,7.0,0,1,1,1,1.0,
202400047664,155 697 855,A01,3.0,36.0,8,0,1,14,1.0,
202400047665,155 697 848,A01,1.0,7.0,0,2,1,2,1.0,
202400047666,155 697 851,A01,2.0,7.0,0,2,1,1,1.0,
202400047667,155 697 850,A01,1.0,7.0,0,1,3,1,1.0,
202400047668,155 697 847,A01,1.0,7.0,0,2,1,17,1.0,
202400047669,155 697 846,A01,1.0,21.0,0,9,8,26,1.0,
202400047670,155 697 844,A01,1.0,43.0,0,1,1,0,1.0,
202400047671,155 697 838,A01,0.0,7.0,0,1,1,0,1.0,
202400047672,155 697 843,A01,1.0,7.0,0,1,2,1,1.0,
202400047673,155 697 839,A01,1.0,7.0,0,2,2,14,1.0,
202400047674,155 697 837,B01,1.0,7.0,0,2,9,1,1.0,
202400047675,155 697 836,A01,1.0,7.0,0,2,1,0,1.0,
202400047676,155 697 833,A01,2.0,30.0,0,2,8,1,1.0,
202400047677,155 697 834,A01,1.0,33.0,0,0,0,21,1.0,
202400047678,155 697 830,A01,3.0,7.0,0,2,1,26,1.0,
202400047679,155 697 829,A01,1.0,7.0,0,1,4,4,1.0,
202400047680,155 697 822,A01,1.0,10.0,0,1,2,1,1.0,
202400047681,155 697 825,A01,2.0,10.0,0,2,1,2,1.0,
202400047682,155 697 823,A01,1.0,7.0,8,0,1,13,1.0,
202400047683,155 697 821,A01,1.0,37.0,0,2,1,10,1.0,1
202400047684,155 697 819,B01,2.0,7.0,0,2,3,1,1.0,
202400047685,155 697 817,B01,2.0,7.0,0,2,4,1,1.0,
202400047686,155 697 814,B01,1.0,10.0,0,2,5,1,1.0,
202400047687,155 697 810,A01,2.0,7.0,0,2,3,13,1.0,
202400047688,155 697 809,A01,0.0,7.0,0,9,0,1,1.0,
202400047689,155 697 811,A01,3.0,31.0,0,0,8,26,1.0,
202400047690,155 697 808,B01,2.0,7.0,0,2,7,1,1.0,
202400047691,155 697 807,A01,1.0,7.0,7,0,1,1,2.0,
202400047692,155 697 804,A01,3.0,7.0,0,1,4,20,1.0,
202400047693,155 697 802,B01,1.0,7.0,0,2,6,14,1.0,
202400047694,155 697 801,A01,1.0,7.0,0,2,1,13,1.0,
202400047695,155 697 797,A01,2.0,7.0,0,0,3,15,2.0,
202400047696,155 697 798,A01,2.0,10.0,0,2,1,14,1.0,
202400047697,155 697 795,B01,3.0,50.0,0,2,8,19,3.0,
202400047698,155 697 793,B01,1.0,7.0,0,2,6,2,1.0,
202400047699,155 697 789,C01,1.0,7.0,0,2,4,1,1.0,
202400047700,155 697 787,A01,2.0,7.0,0,1,4,1,1.0,
202400047701,155 697 786,B01,2.0,7.0,0,2,3,1,1.0,
202400047702,155 697 785,B01,1.0,1.0,0,2,6,9,5.0,
202400047703,155 697 784,A01,2.0,32.0,0,2,1,2,1.0,
202400047704,155 697 780,A01,2.0,30.0,0,2,2,1,1.0,
202400047705,155 697 778,B01,1.0,7.0,0,2,4,1,3.0,
202400047706,155 697 774,A01,3.0,7.0,0,1,1,1,1.0,
202400047707,155 697 773,B01,0.0,1.0,0,2,7,19,5.0,
202400047708,155 697 775,C01,1.0,7.0,0,2,4,2,1.0,
202400047709,155 697 770,A01,1.0,0.0,0,2,3,20,0.0,
202400047710,155 697 771,A01,2.0,43.0,0,2,2,1,1.0,
202400047711,155 697 767,B01,2.0,1.0,15,2,8,1,5.0,
202400047712,155 697 766,A01,1.0,7.0,0,1,1,15,1.0,
202400047713,155 697 764,A01,1.0,31.0,0,2,1,2,1.0,
202400047714,155 697 762,A01,1.0,7.0,0,1,1,1,1.0,
202400047715,155 697 760,B01,2.0,33.0,0,2,8,21,1.0,
202400047716,155 697 759,A01,1.0,10.0,0,2,1,19,1.0,
202400047717,155 697 757,A01,2.0,7.0,0,2,1,2,1.0,
202400047718,155 697 755,A01,2.0,7.0,1,0,9,2,1.0,
202400047719,155 697 753,A01,2.0,7.0,0,2,2,11,1.0,
202400047720,155 697 748,A01,2.0,33.0,0,2,1,13,1.0,
202400047721,155 697 749,B01,1.0,1.0,0,2,4,26,5.0,
202400047722,155 697 745,A01,0.0,7.0,0,2,2,15,1.0,
202400047723,155 697 750,A01,1.0,32.0,0,2,1,3,1.0,
202400047724,155 697 739,A01,1.0,7.0,0,2,2,12,1.0,
202400047725,155 697 743,A01,1.0,14.0,0,2,3,1,1.0,
202400047726,155 697 737,A01,2.0,7.0,0,2,5,1,1.0,
202400047727,155 697 742,A01,1.0,34.0,0,1,1,7,1.0,
202400047728,155 697 735,B01,2.0,7.0,0,2,1,2,2.0,
202400047729,155 697 734,A01,1.0,7.0,0,2,1,2,1.0,
202400047730,155 697 733,A01,2.0,33.0,0,0,0,16,1.0,
202400047731,155 697 729,Z01,1.0,30.0,0,2,0,23,0.0,
202400047732,155 697 726,A01,1.0,7.0,0,2,6,11,1.0,
202400047733,155 697 723,A01,1.0,31.0,1,0,1,3,1.0,
202400047734,155 697 721,B01,3.0,7.0,0,2,3,1,1.0,
202400047735,155 697 725,B01,3.0,2.0,0,2,1,10,1.0,
202400047736,155 697 720,A01,0.0,7.0,0,2,2,26,1.0,
202400047737,155 697 722,A01,1.0,7.0,0,1,1,1,1.0,
202400047738,155 697 719,A01,1.0,10.0,0,1,2,1,1.0,
202400047739,155 697 718,V01,1.0,1.0,0,0,0,1,5.0,
202400047740,155 697 713,A01,1.0,7.0,0,2,1,1,1.0,
202400047741,155 697 712,B01,2.0,7.0,0,9,3,2,1.0,
202400047742,155 697 708,B01,1.0,7.0,0,2,8,9,1.0,
202400047743,155 697 709,A01,1.0,7.0,0,2,1,1,1.0,
202400047744,155 697 706,A01,1.0,7.0,0,1,0,1,1.0,
202400047745,155 697 710,B01,1.0,7.0,0,9,1,14,1.0,
202400047746,155 697 704,A01,2.0,7.0,1,0,1,1,1.0,
202400047747,155 697 703,A01,3.0,7.0,0,2,2,19,1.0,
202400047748,155 697 699,A01,1.0,7.0,0,2,5,15,1.0,
202400047749,155 697 700,A01,1.0,33.0,0,2,7,1,1.0,
202400047750,155 697 692,B01,3.0,37.0,0,2,1,1,1.0,1
202400047751,155 697 691,A01,1.0,33.0,0,2,1,1,1.0,
202400047752,155 697 688,C01,2.0,7.0,0,2,3,1,1.0,
202400047753,155 697 694,B01,3.0,7.0,0,0,6,24,1.0,
202400047754,155 697 689,A01,3.0,32.0,0,2,1,7,1.0,
202400047755,155 697 685,B01,2.0,80.0,0,2,1,2,3.0,
202400047756,155 697 682,A01,1.0,30.0,0,2,1,1,1.0,
202400047757,155 697 681,Z01,1.0,7.0,0,2,0,26,1.0,
202400047758,155 697 680,A01,1.0,33.0,13,0,1,1,1.0,
202400047759,155 697 677,A01,2.0,7.0,0,2,3,17,1.0,
202400047760,155 697 678,A01,2.0,10.0,0,1,2,1,1.0,
202400047761,155 697 676,A01,1.0,7.0,0,2,2,14,1.0,
202400047762,155 697 673,A01,2.0,10.0,0,1,1,1,2.0,
202400047763,155 697 669,B01,1.0,33.0,0,2,1,2,1.0,
202400047764,155 697 671,AB01,2.0,1.0,0,2,8,2,5.0,
202400047765,155 697 670,A01,2.0,3.0,1,0,2,1,1.0,
202400047766,155 697 668,A01,1.0,7.0,0,2,2,1,1.0,
202400047767,155 697 664,A01,1.0,33.0,0,2,1,2,1.0,
202400047768,155 697 667,A01,2.0,1.0,0,1,1,1,5.0,
202400047769,155 697 661,A01,1.0,7.0,13,0,2,14,1.0,
202400047770,155 697 663,B01,3.0,7.0,0,2,4,1,1.0,
202400047771,155 697 660,A01,2.0,10.0,0,1,4,4,1.0,
202400047772,155 697 659,A01,2.0,7.0,0,2,6,15,0.0,
202400047773,155 697 654,A01,1.0,31.0,0,2,1,17,1.0,
202400047774,155 697 651,A01,2.0,7.0,0,2,1,1,1.0,
202400047775,155 697 650,A01,3.0,1.0,9,0,3,13,5.0,
202400047776,155 697 649,B01,2.0,32.0,0,2,3,17,1.0,
202400047777,155 697 648,A01,2.0,7.0,0,2,2,1,1.0,
202400047778,155 697 647,B01,2.0,50.0,0,2,3,1,3.0,
202400047779,155 697 645,B01,3.0,33.0,0,2,1,1,1.0,
202400047780,155 697 643,A01,2.0,33.0,0,1,1,1,1.0,
202400047781,155 697 638,A01,3.0,1.0,0,0,7,2,5.0,
202400047782,155 697 633,B01,3.0,7.0,0,2,8,0,1.0,
202400047783,155 697 632,A01,1.0,33.0,0,2,1,2,1.0,
202400047784,155 697 636,A01,2.0,7.0,0,2,3,1,1.0,
202400047785,155 697 635,A01,1.0,7.0,0,2,1,1,2.0,
202400047786,155 697 631,A01,1.0,14.0,1,1,2,16,1.0,
202400047787,155 697 634,A01,2.0,7.0,0,2,7,15,1.0,
202400047788,155 697 630,A01,1.0,2.0,12,0,2,1,3.0,
202400047789,155 697 626,A01,2.0,80.0,12,0,7,14,3.0,
202400047790,155 697 625,A01,2.0,7.0,0,1,2,1,1.0,
202400047791,155 697 624,A01,1.0,10.0,0,2,1,2,0.0,
202400047792,155 697 627,A01,2.0,50.0,0,1,8,1,3.0,
202400047793,155 697 622,B01,2.0,7.0,0,2,3,15,1.0,
202400047794,155 697 620,A01,2.0,31.0,4,0,1,0,1.0,
202400047795,155 697 617,A01,2.0,33.0,0,1,1,5,1.0,
202400047796,155 697 618,A01,1.0,7.0,0,1,1,1,1.0,
202400047797,155 697 616,Z01,1.0,7.0,0,1,3,1,1.0,
202400047798,155 697 614,A01,1.0,7.0,0,2,3,15,1.0,
202400047799,155 697 615,A01,1.0,1.0,0,2,2,15,5.0,
202400047800,155 697 613,A01,2.0,1.0,1,0,2,2,5.0,
202400047801,155 697 612,A01,1.0,7.0,0,1,1,15,1.0,
202400047802,155 697 611,A01,3.0,30.0,0,1,1,1,1.0,
202400047803,155 697 610,A01,2.0,1.0,0,1,1,1,5.0,
202400047804,155 697 605,A01,2.0,7.0,0,2,2,15,1.0,
202400047805,155 697 607,A01,1.0,32.0,0,0,0,0,1.0,
202400047806,155 697 604,A01,3.0,32.0,0,2,4,1,1.0,
202400047807,155 697 602,A01,1.0,50.0,0,2,3,15,3.0,
202400047808,155 697 601,B01,3.0,0.0,0,1,1,25,0.0,
202400047809,155 697 600,A01,1.0,7.0,0,1,8,1,1.0,
202400047810,155 697 596,A01,3.0,7.0,0,2,3,15,1.0,
202400047811,155 697 597,A01,2.0,10.0,0,2,1,17,1.0,
202400047812,155 697 594,A01,1.0,7.0,15,0,2,1,1.0,
202400047813,155 697 592,Z01,2.0,10.0,0,1,4,4,1.0,
202400047814,155 697 593,B01,3.0,43.0,0,2,1,18,0.0,
202400047815,155 697 590,A01,1.0,7.0,1,0,3,2,2.0,
202400047816,155 697 587,A01,2.0,7.0,0,2,7,14,1.0,
202400047817,155 697 591,A01,1.0,1.0,0,1,2,26,5.0,
202400047818,155 697 586,A01,3.0,50.0,0,1,1,18,3.0,
202400047819,155 697 585,B01,2.0,7.0,0,2,6,15,1.0,
202400047820,155 697 584,A01,2.0,7.0,2,0,2,1,1.0,
202400047821,155 697 581,A01,2.0,7.0,0,1,1,15,1.0,
202400047822,155 697 582,A01,2.0,7.0,0,2,2,15,1.0,
202400047823,155 697 579,A01,3.0,37.0,0,2,3,1,0.0,1
202400047824,155 697 578,B01,2.0,1.0,0,2,8,16,5.0,
202400047825,155 697 567,A01,0.0,7.0,0,2,1,19,1.0,
202400047826,155 697 572,A01,1.0,2.0,0,2,1,17,1.0,
202400047827,155 697 570,B01,1.0,33.0,0,2,1,0,1.0,
202400047828,155 697 566,A01,1.0,10.0,0,2,2,1,1.0,
202400047829,155 697 568,A01,3.0,1.0,0,2,0,1,5.0,
202400047830,155 697 571,A01,1.0,7.0,0,2,1,1,1.0,
202400047831,155 697 561,A01,2.0,7.0,0,1,3,1,1.0,
202400047832,155 697 563,A01,2.0,7.0,0,1,4,4,1.0,
202400047833,155 697 557,B01,2.0,33.0,0,2,7,26,1.0,
202400047834,155 697 556,A01,2.0,7.0,0,0,2,19,0.0,
202400047835,155 697 554,A01,1.0,50.0,0,2,1,19,3.0,
202400047836,155 697 555,B01,2.0,33.0,0,2,1,5,0.0,
202400047837,155 697 558,B01,2.0,30.0,0,2,1,1,1.0,
202400047838,155 697 551,A01,0.0,10.0,0,2,2,1,1.0,
202400047839,155 697 547,B01,3.0,33.0,0,0,0,0,1.0,
202400047840,155 697 546,A01,1.0,60.0,0,2,7,14,5.0,
202400047841,155 697 542,A01,1.0,10.0,0,2,1,2,1.0,
202400047842,155 697 538,A01,2.0,10.0,0,2,1,15,1.0,
202400047843,155 697 537,A01,1.0,7.0,0,2,4,26,1.0,
202400047844,155 697 539,A01,3.0,7.0,0,2,2,1,1.0,
202400047845,155 697 535,A01,2.0,7.0,1,0,2,26,1.0,
202400047846,155 697 541,A01,2.0,7.0,9,2,1,16,1.0,
202400047847,155 697 532,B01,1.0,7.0,0,2,7,1,1.0,
202400047848,155 697 531,A01,1.0,7.0,9,0,2,19,1.0,
202400047849,155 697 530,A01,2.0,30.0,0,2,1,18,3.0,
202400047850,155 697 528,B01,2.0,2.0,0,2,1,0,1.0,
202400047851,155 697 526,A01,1.0,7.0,0,1,2,26,3.0,
202400047852,155 697 525,A01,3.0,31.0,16,0,0,1,1.0,
202400047853,155 697 527,A01,2.0,32.0,1,0,6,1,1.0,
202400047854,155 697 521,A01,3.0,7.0,0,2,1,24,1.0,
202400047855,155 697 519,A01,3.0,7.0,0,2,7,2,1.0,
202400047856,155 697 520,B01,1.0,7.0,0,9,1,2,1.0,
202400047857,155 697 516,A01,3.0,33.0,0,1,1,0,1.0,
202400047858,155 697 515,A01,1.0,7.0,0,9,1,1,1.0,
202400047859,155 697 514,A01,1.0,32.0,0,2,1,0,1.0,
202400047860,155 697 513,A01,1.0,7.0,0,1,1,16,1.0,
202400047861,155 697 508,A01,3.0,1.0,0,0,0,1,5.0,
202400047862,155 697 506,A01,2.0,31.0,0,2,1,1,1.0,
202400047863,155 697 509,A01,3.0,7.0,0,2,1,1,2.0,
202400047864,155 697 504,B01,3.0,7.0,0,2,7,1,1.0,
202400047865,155 697 502,A01,1.0,7.0,0,1,2,15,1.0,
202400047866,155 697 501,A01,2.0,7.0,0,2,6,16,1.0,
202400047867,155 697 503,A01,2.0,7.0,0,9,7,18,1.0,
202400047868,155 697 498,A01,1.0,7.0,0,2,2,15,1.0,
202400047869,155 697 493,A01,1.0,7.0,6,2,1,21,1.0,
202400047870,155 697 492,B01,2.0,7.0,0,0,4,2,1.0,
202400047871,155 697 491,Z01,3.0,7.0,0,9,0,0,0.0,
202400047872,155 697 494,B01,1.0,7.0,0,9,2,21,1.0,
202400047873,155 697 490,A01,1.0,7.0,8,0,1,13,1.0,
202400047874,155 697 489,B01,1.0,2.0,0,2,1,1,1.0,
202400047875,155 697 484,A01,1.0,7.0,8,0,9,0,1.0,
202400047876,155 697 482,B01,2.0,80.0,0,2,1,1,3.0,
202400047877,155 697 485,A01,1.0,7.0,0,1,2,1,1.0,
202400047878,155 697 481,B01,2.0,2.0,0,2,1,2,1.0,
202400047879,155 697 479,A01,3.0,7.0,0,2,8,11,1.0,
202400047880,155 697 478,A01,0.0,7.0,0,0,4,23,1.0,
202400047881,155 697 476,A01,1.0,33.0,0,0,9,17,1.0,
202400047882,155 697 475,A01,3.0,32.0,0,0,0,0,1.0,
202400047883,155 697 473,A01,3.0,10.0,0,2,2,1,1.0,
202400047884,155 697 470,A01,3.0,15.0,0,2,2,0,1.0,
202400047885,155 697 469,A01,2.0,7.0,0,2,1,1,1.0,
202400047886,155 697 465,A01,3.0,7.0,0,1,3,1,1.0,
202400047887,155 697 464,A01,1.0,10.0,0,2,3,13,1.0,
202400047888,155 697 466,A01,1.0,32.0,0,2,3,10,1.0,
202400047889,155 697 463,A01,1.0,50.0,0,2,1,19,3.0,
202400047890,155 697 462,A01,1.0,15.0,13,0,3,21,1.0,
202400047891,155 697 459,B01,1.0,7.0,3,2,1,1,1.0,
202400047892,155 697 455,B01,1.0,3.0,0,2,1,0,1.0,
202400047893,155 697 453,A01,1.0,7.0,0,2,6,15,1.0,
202400047894,155 697 450,B01,1.0,33.0,0,2,1,1,1.0,
202400047895,155 697 451,B01,1.0,30.0,0,2,1,1,1.0,
202400047896,155 697 447,A01,2.0,7.0,0,2,0,1,2.0,
202400047897,155 697 445,A01,1.0,7.0,4,0,1,26,1.0,
202400047898,155 697 441,B01,3.0,7.0,0,2,5,1,1.0,
202400047899,155 697 443,B01,1.0,7.0,0,2,4,0,1.0,
202400047900,155 697 439,A01,2.0,7.0,0,0,1,14,1.0,
202400047901,155 697 438,A01,3.0,32.0,0,2,1,9,1.0,
202400047902,155 697 436,B01,1.0,7.0,0,2,4,2,2.0,
202400047903,155 697 437,A01,2.0,7.0,8,0,1,1,1.0,
202400047904,155 697 430,A01,0.0,7.0,0,2,3,16,1.0,
202400047905,155 697 434,A01,2.0,7.0,0,1,2,1,1.0,
202400047906,155 697 431,A01,1.0,7.0,0,0,3,9,1.0,
202400047907,155 697 428,B01,1.0,7.0,0,2,4,23,1.0,
202400047908,155 697 429,A01,2.0,30.0,0,0,7,16,1.0,
202400047909,155 697 426,A01,3.0,36.0,0,0,9,23,1.0,
202400047910,155 697 425,A01,1.0,33.0,0,2,8,9,1.0,
202400047911,155 697 423,A01,1.0,7.0,0,1,8,15,0.0,
202400047912,155 697 420,A01,1.0,7.0,0,2,3,19,1.0,
202400047913,155 697 419,A01,2.0,7.0,1,2,3,15,1.0,
202400047914,155 697 418,A01,2.0,7.0,13,0,2,1,1.0,
202400047915,155 697 416,A01,1.0,33.0,0,1,1,1,1.0,
202400047916,155 697 417,A01,1.0,7.0,0,1,2,16,2.0,
202400047917,155 697 415,A01,1.0,7.0,0,2,3,19,1.0,
202400047918,155 697 410,A01,2.0,7.0,0,2,3,15,1.0,
202400047919,155 697 409,A01,1.0,7.0,1,0,3,13,1.0,
202400047920,155 697 411,A01,2.0,33.0,0,1,1,1,1.0,
202400047921,155 697 405,A01,1.0,33.0,0,2,8,21,1.0,
202400047922,155 697 407,B01,2.0,60.0,0,2,1,1,5.0,
202400047923,155 697 406,B01,1.0,7.0,0,2,1,15,1.0,
202400047924,155 697 399,A01,1.0,7.0,0,2,1,13,1.0,
202400047925,155 697 398,A01,2.0,34.0,2,0,1,1,1.0,
202400047926,155 697 397,B01,3.0,50.0,0,2,7,1,3.0,
202400047927,155 697 395,A01,2.0,7.0,0,0,9,1,2.0,
202400047928,155 697 394,A01,2.0,7.0,0,2,7,15,1.0,
202400047929,155 697 392,B01,3.0,33.0,0,2,2,26,1.0,
202400047930,155 697 388,A01,1.0,14.0,0,2,2,16,1.0,
202400047931,155 697 400,A01,1.0,34.0,0,1,1,0,1.0,
202400047932,155 697 387,A01,1.0,33.0,12,0,1,1,1.0,
202400047933,155 697 386,A01,1.0,10.0,0,2,1,1,3.0,
202400047934,155 697 384,B01,2.0,7.0,0,2,1,5,1.0,
202400047935,155 697 382,B01,2.0,20.0,0,2,4,2,1.0,
202400047936,155 697 380,A01,2.0,7.0,13,0,9,13,1.0,
202400047937,155 697 377,A01,1.0,1.0,0,1,1,1,5.0,
202400047938,155 697 374,A01,1.0,7.0,0,2,3,9,1.0,
202400047939,155 697 376,A01,1.0,10.0,0,2,7,15,0.0,
202400047940,155 697 372,A01,2.0,15.0,0,2,2,12,1.0,
202400047941,155 697 371,A01,2.0,7.0,0,0,9,1,1.0,
202400047942,155 697 369,A01,3.0,33.0,13,0,1,1,1.0,
202400047943,155 697 363,A01,2.0,50.0,0,2,1,19,3.0,
202400047944,155 697 365,A01,1.0,7.0,0,2,1,2,3.0,
202400047945,155 697 364,B01,2.0,7.0,0,2,6,17,2.0,
202400047946,155 697 362,A01,1.0,13.0,0,1,0,1,1.0,
202400047947,155 697 361,B01,2.0,7.0,0,2,1,0,1.0,
202400047948,155 697 360,A01,0.0,14.0,8,0,3,2,1.0,
202400047949,155 697 358,B01,2.0,7.0,0,2,3,11,1.0,
202400047950,155 697 356,A01,2.0,7.0,0,1,1,1,1.0,
202400047951,155 697 350,C01,1.0,33.0,14,0,9,19,1.0,
202400047952,155 697 351,B01,2.0,10.0,0,0,6,2,1.0,
202400047953,155 697 348,B01,2.0,7.0,3,2,4,1,1.0,
202400047954,155 697 347,A01,1.0,17.0,0,2,7,12,1.0,
202400047955,155 697 346,A01,2.0,7.0,2,0,3,1,1.0,
202400047956,155 697 345,A01,2.0,10.0,0,0,5,2,1.0,
202400047957,155 697 344,A01,1.0,7.0,0,2,3,1,1.0,
202400047958,155 697 339,A01,2.0,7.0,0,2,3,13,1.0,
202400047959,155 697 340,B01,2.0,7.0,0,2,7,1,1.0,
202400047960,155 697 338,B01,2.0,15.0,0,2,6,12,1.0,
202400047961,155 697 334,A01,1.0,7.0,0,2,5,12,2.0,
202400047962,155 697 333,A01,1.0,7.0,0,2,3,15,2.0,
202400047963,155 697 332,A01,1.0,7.0,0,2,3,13,1.0,
202400047964,155 697 329,A01,1.0,33.0,0,2,1,3,2.0,
202400047965,155 697 328,A01,1.0,7.0,2,0,3,0,1.0,
202400047966,155 697 326,A01,1.0,7.0,13,0,1,13,1.0,
202400047967,155 697 323,A01,1.0,7.0,0,0,2,15,1.0,
202400047968,155 697 320,A01,1.0,10.0,1,0,3,2,1.0,
202400047969,155 697 321,A01,2.0,7.0,0,2,6,2,0.0,
202400047970,155 697 319,B01,3.0,17.0,0,2,8,9,1.0,
202400047971,155 697 317,Z01,1.0,32.0,0,1,1,1,0.0,
202400047972,155 697 316,A01,0.0,7.0,0,1,0,0,0.0,
202400047973,155 697 312,B01,2.0,32.0,0,2,8,0,1.0,
202400047974,155 697 314,A01,2.0,10.0,0,2,8,15,1.0,
202400047975,155 697 313,A01,0.0,33.0,0,0,0,0,1.0,
202400047976,155 697 311,A01,2.0,7.0,0,1,2,2,2.0,
202400047977,155 697 309,A01,1.0,7.0,0,1,2,1,1.0,
202400047978,155 697 307,A01,1.0,7.0,0,2,1,1,1.0,
202400047979,155 697 306,A01,2.0,33.0,0,2,3,3,1.0,
202400047980,155 697 305,A01,1.0,2.0,3,0,3,1,1.0,
202400047981,155 697 298,A01,3.0,7.0,0,1,2,20,1.0,
202400047982,155 697 300,A01,1.0,7.0,0,2,4,1,1.0,
202400047983,155 697 296,B01,2.0,7.0,0,9,1,0,1.0,
202400047984,155 697 294,B01,2.0,10.0,0,2,8,1,1.0,
202400047985,155 697 295,A01,1.0,7.0,0,2,2,17,0.0,
202400047986,155 697 297,A01,1.0,2.0,0,2,1,1,1.0,
202400047987,155 697 291,A01,2.0,7.0,3,0,3,21,1.0,
202400047988,155 697 288,A01,1.0,7.0,0,2,1,2,1.0,
202400047989,155 697 290,A01,2.0,80.0,0,0,1,2,3.0,
202400047990,155 697 287,A01,1.0,7.0,0,2,1,1,1.0,
202400047991,155 697 285,A01,2.0,7.0,0,9,3,16,1.0,
202400047992,155 697 283,B01,1.0,1.0,0,2,4,2,5.0,
202400047993,155 697 280,A01,3.0,7.0,0,9,3,9,3.0,
202400047994,155 697 278,A01,1.0,7.0,1,0,1,24,1.0,
202400047995,155 697 279,B01,3.0,10.0,0,2,2,9,1.0,
202400047996,155 697 276,A01,2.0,7.0,0,2,6,1,1.0,
202400047997,155 697 275,A01,2.0,7.0,8,0,8,1,1.0,
202400047998,155 697 273,A01,3.0,7.0,0,5,4,14,1.0,
202400047999,155 697 271,A01,1.0,7.0,8,0,1,26,0.0,
202400048000,155 697 272,A01,1.0,80.0,0,2,1,1,3.0,
202400048001,155 697 269,A01,2.0,2.0,0,0,0,1,1.0,
202400048002,155 697 267,A01,1.0,7.0,1,0,1,2,1.0,
202400048003,155 697 265,A01,1.0,7.0,0,2,1,13,1.0,
202400048004,155 697 260,B01,0.0,7.0,0,2,3,0,1.0,
202400048005,155 697 261,A01,2.0,50.0,0,1,1,1,3.0,
202400048006,155 697 259,A01,1.0,7.0,0,0,4,23,3.0,
202400048007,155 697 262,B01,1.0,7.0,0,2,3,1,1.0,
202400048008,155 697 258,A01,0.0,7.0,0,1,8,1,1.0,
202400048009,155 697 255,A01,1.0,1.0,0,0,0,0,5.0,
202400048010,155 697 253,B01,3.0,7.0,0,2,3,1,3.0,
202400048011,155 697 252,A01,1.0,2.0,0,2,1,13,1.0,
202400048012,155 697 250,A01,1.0,7.0,0,2,2,1,2.0,
202400048013,155 697 247,A01,1.0,7.0,0,0,1,1,1.0,
202400048014,155 697 248,A01,3.0,99.0,0,2,0,19,1.0,
202400048015,155 697 246,A01,1.0,7.0,0,1,1,1,1.0,
202400048016,155 697 245,A01,2.0,10.0,2,0,2,0,1.0,
202400048017,155 697 244,A01,1.0,10.0,0,1,3,15,1.0,
202400048018,155 697 239,A01,2.0,7.0,0,0,4,0,1.0,
202400048019,155 697 240,A01,2.0,7.0,0,2,1,1,,
202400048020,155 697 237,A01,1.0,7.0,0,1,3,1,1.0,
202400048021,155 697 233,B01,2.0,7.0,0,2,6,1,0.0,
202400048022,155 697 234,B01,1.0,2.0,0,2,2,1,3.0,
202400048023,155 697 230,A01,2.0,2.0,12,0,1,9,1.0,
202400048024,155 697 232,A01,3.0,2.0,0,2,1,13,1.0,
202400048025,155 697 228,A01,2.0,7.0,0,2,3,15,1.0,
202400048026,155 697 227,A01,2.0,7.0,6,0,3,19,1.0,
202400048027,155 697 226,A01,1.0,1.0,0,0,0,1,5.0,
202400048028,155 697 221,B01,3.0,1.0,0,9,4,0,5.0,
202400048029,155 697 219,A01,2.0,7.0,3,0,1,14,2.0,
202400048030,155 697 218,A01,1.0,7.0,0,2,1,1,1.0,
202400048031,155 697 216,B01,3.0,33.0,0,2,1,0,1.0,
202400048032,155 697 217,A01,1.0,17.0,0,0,0,23,1.0,
202400048033,155 697 214,A01,2.0,10.0,0,2,7,5,1.0,
202400048034,155 697 213,A01,2.0,33.0,15,0,2,14,1.0,
202400048035,155 697 210,A01,2.0,7.0,8,0,1,1,1.0,
202400048036,155 697 209,A01,1.0,7.0,0,2,3,13,1.0,
202400048037,155 697 208,A01,3.0,50.0,0,0,9,1,3.0,
202400048038,155 697 207,A01,3.0,14.0,0,2,3,15,1.0,
202400048039,155 697 204,A01,2.0,7.0,13,0,2,1,1.0,
202400048040,155 697 201,A01,1.0,10.0,0,2,4,1,1.0,
202400048041,155 697 199,C01,3.0,80.0,0,2,4,1,3.0,
202400048042,155 697 197,A01,0.0,1.0,0,2,3,1,5.0,
202400048043,155 697 194,A01,1.0,33.0,0,2,7,1,1.0,
202400048044,155 697 193,C01,1.0,7.0,0,2,1,1,1.0,
202400048045,155 697 191,B01,1.0,21.0,0,2,1,1,6.0,
202400048046,155 697 189,A01,2.0,30.0,2,2,1,1,1.0,
202400048047,155 697 186,A01,1.0,7.0,12,2,2,20,1.0,