Num_Acc,id_vehicule,num_veh,senc,catv,obs,obsm,choc,manv,motor,occutc
202400048048,155 697 185,A01,2.0,31.0,0,2,3,15,1.0,
202400048049,155 697 182,B01,0.0,7.0,0,0,3,23,1.0,
202400048050,155 697 181,A01,2.0,7.0,0,2,8,1,1.0,
202400048051,155 697 178,A01,1.0,37.0,0,1,5,26,1.0,1
202400048052,155 697 180,A01,3.0,7.0,0,2,1,15,1.0,
202400048053,155 697 174,A01,2.0,7.0,0,9,3,15,1.0,
202400048054,155 697 175,A01,1.0,50.0,0,0,0,1,3.0,
202400048055,155 697 176,A01,3.0,13.0,0,2,3,15,1.0,
202400048056,155 697 171,A01,1.0,33.0,0,0,8,17,1.0,
202400048057,155 697 170,A01,1.0,2.0,0,2,1,1,1.0,
202400048058,155 697 169,A01,2.0,7.0,0,2,2,15,1.0,
202400048059,155 697 168,A01,1.0,7.0,0,0,0,26,1.0,
202400048060,155 697 164,B01,2.0,33.0,0,2,8,1,1.0,
202400048061,155 697 163,A01,2.0,7.0,0,2,4,23,1.0,
202400048062,155 697 165,A01,1.0,7.0,0,2,3,1,3.0,
202400048063,155 697 162,A01,2.0,33.0,5,0,7,26,0.0,
202400048064,155 697 159,A01,,3.0,0,2,1,9,3.0,
202400048065,155 697 160,A01,2.0,7.0,6,9,1,2,1.0,
202400048066,155 697 155,A01,2.0,7.0,0,1,6,26,1.0,
202400048067,155 697 156,A01,3.0,13.0,0,2,1,14,6.0,
202400048068,155 697 153,A01,1.0,50.0,1,0,3,2,3.0,
202400048069,155 697 154,A01,1.0,31.0,12,0,0,16,1.0,
202400048070,155 697 151,A01,1.0,2.0,12,0,1,1,1.0,
202400048071,155 697 150,A01,1.0,33.0,0,2,7,17,1.0,
202400048072,155 697 147,A01,2.0,30.0,0,1,1,3,1.0,
202400048073,155 697 144,A01,3.0,60.0,0,2,8,19,5.0,
202400048074,155 697 146,A01,2.0,7.0,6,0,1,16,1.0,
202400048075,155 697 145,B01,1.0,10.0,0,2,3,1,1.0,
202400048076,155 697 140,B01,3.0,1.0,0,2,7,1,5.0,
202400048077,155 697 138,A01,1.0,80.0,0,0,0,1,3.0,
202400048078,155 697 139,B01,0.0,17.0,0,2,2,1,1.0,
202400048079,155 697 136,B01,2.0,7.0,0,2,3,1,1.0,
202400048080,155 697 132,A01,2.0,10.0,0,2,1,15,0.0,
202400048081,155 697 134,A01,1.0,7.0,2,0,1,14,1.0,
202400048082,155 697 133,A01,2.0,7.0,2,0,1,1,1.0,
202400048083,155 697 131,A01,2.0,7.0,2,0,1,1,1.0,
202400048084,155 697 130,A01,3.0,7.0,0,2,3,1,1.0,
202400048085,155 697 129,A01,3.0,10.0,2,0,3,1,1.0,
202400048086,155 697 126,A01,0.0,1.0,0,0,0,1,5.0,
202400048087,155 697 124,A01,1.0,33.0,0,2,1,9,1.0,
202400048088,155 697 123,A01,0.0,7.0,0,2,3,1,1.0,
202400048089,155 697 121,A01,1.0,7.0,8,0,1,1,1.0,
202400048090,155 697 120,A01,2.0,7.0,1,0,9,1,1.0,
202400048091,155 697 119,A01,1.0,7.0,0,2,4,23,1.0,
202400048092,155 697 117,A01,1.0,7.0,0,1,1,1,1.0,
202400048093,155 697 115,C01,1.0,7.0,0,0,6,1,0.0,
202400048094,155 697 113,A01,1.0,7.0,2,0,1,1,1.0,
202400048095,155 697 112,B01,1.0,7.0,0,2,4,2,1.0,
202400048096,155 697 110,A01,2.0,33.0,0,2,1,2,1.0,
202400048097,155 697 111,A01,1.0,7.0,0,2,4,23,1.0,
202400048098,155 697 108,A01,1.0,7.0,0,2,7,15,1.0,
202400048099,155 697 103,A01,1.0,7.0,0,2,1,13,1.0,
202400048100,155 697 100,A01,3.0,7.0,0,2,1,9,1.0,
202400048101,155 697 099,B01,1.0,99.0,0,2,1,1,0.0,
202400048102,155 697 101,A01,0.0,7.0,0,2,7,1,1.0,
202400048103,155 697 097,A01,2.0,32.0,0,9,3,16,1.0,
202400048104,155 697 096,A01,2.0,16.0,0,1,1,1,1.0,
202400048105,155 697 091,B01,2.0,17.0,0,2,4,1,1.0,
202400048106,155 697 089,B01,1.0,1.0,0,2,8,0,5.0,
202400048107,155 697 088,B01,2.0,10.0,0,2,2,1,1.0,
202400048108,155 697 090,B01,2.0,7.0,0,2,3,21,1.0,
202400048109,155 697 087,A01,1.0,10.0,0,1,2,1,1.0,
202400048110,155 697 080,B01,2.0,7.0,0,2,7,2,1.0,
202400048111,155 697 078,A01,0.0,7.0,0,9,1,1,1.0,
202400048112,155 697 076,A01,2.0,33.0,0,2,7,17,1.0,
202400048113,155 697 077,Z01,1.0,7.0,0,2,1,1,1.0,
202400048114,155 697 074,A01,2.0,7.0,0,2,1,17,1.0,
202400048115,155 697 073,B01,2.0,7.0,0,2,6,2,1.0,
202400048116,155 697 072,A01,1.0,10.0,0,1,3,14,1.0,
202400048117,155 697 071,A01,2.0,60.0,1,0,1,9,5.0,
202400048118,155 697 069,A01,1.0,7.0,8,0,3,0,1.0,
202400048119,155 697 066,B01,2.0,2.0,0,2,2,1,3.0,
202400048120,155 697 063,A01,1.0,7.0,0,2,5,1,1.0,
202400048121,155 697 061,A01,1.0,7.0,0,2,2,2,1.0,
202400048122,155 697 058,A01,0.0,33.0,0,2,8,13,1.0,
202400048123,155 697 057,B01,2.0,7.0,0,2,1,2,1.0,
202400048124,155 697 054,A01,3.0,7.0,13,0,1,14,1.0,
202400048125,155 697 055,B01,1.0,7.0,0,2,1,10,0.0,
202400048126,155 697 053,A01,1.0,1.0,0,2,1,18,5.0,
202400048127,155 697 049,A01,1.0,2.0,0,0,0,0,1.0,
202400048128,155 697 047,A01,2.0,21.0,0,0,6,23,1.0,
202400048129,155 697 046,A01,1.0,33.0,0,2,1,17,1.0,
202400048130,155 697 043,B01,2.0,32.0,0,2,1,3,1.0,
202400048131,155 697 044,A01,1.0,7.0,0,0,5,15,2.0,
202400048132,155 697 040,B01,2.0,2.0,0,2,1,13,1.0,
202400048133,155 697 041,A01,2.0,38.0,6,0,1,14,1.0,12
202400048134,155 697 039,A01,3.0,32.0,0,1,2,1,1.0,
202400048135,155 697 035,A01,0.0,2.0,0,0,0,0,3.0,
202400048136,155 697 031,A01,2.0,7.0,0,2,1,26,1.0,
202400048137,155 697 034,A01,2.0,7.0,0,2,1,13,1.0,
202400048138,155 697 032,A01,1.0,7.0,0,2,8,15,1.0,
202400048139,155 697 030,A01,3.0,10.0,0,1,4,26,1.0,
202400048140,155 697 033,A01,2.0,7.0,0,1,2,16,1.0,
202400048141,155 697 026,B01,2.0,15.0,0,2,4,1,1.0,
202400048142,155 697 024,A01,2.0,7.0,0,2,1,13,1.0,
202400048143,155 697 022,A01,1.0,43.0,0,2,1,1,1.0,
202400048144,155 697 021,A01,1.0,7.0,0,2,3,15,1.0,
202400048145,155 697 020,A01,1.0,21.0,0,2,3,1,1.0,
202400048146,155 697 015,A01,3.0,7.0,0,2,3,15,1.0,
202400048147,155 697 012,A01,2.0,2.0,4,0,0,2,1.0,
202400048148,155 697 013,A01,0.0,7.0,0,0,4,23,1.0,
202400048149,155 697 019,A01,2.0,7.0,0,1,2,1,1.0,
202400048150,155 697 011,B01,3.0,7.0,0,2,1,1,1.0,
202400048151,155 697 016,A01,1.0,33.0,10,0,1,17,1.0,
202400048152,155 697 006,A01,0.0,7.0,0,2,1,19,1.0,
202400048153,155 697 004,A01,2.0,7.0,0,2,2,17,1.0,
202400048154,155 697 002,B01,0.0,7.0,0,9,2,1,1.0,
202400048155,155 697 003,B01,2.0,7.0,0,2,3,13,1.0,
202400048156,155 697 001,A01,2.0,7.0,0,2,3,15,1.0,
202400048157,155 696 998,A01,1.0,7.0,0,2,1,17,1.0,
202400048158,155 696 995,A01,1.0,33.0,2,0,1,1,1.0,
202400048159,155 696 993,A01,1.0,7.0,16,0,0,0,1.0,
202400048160,155 696 994,B01,2.0,33.0,0,2,1,1,1.0,
202400048161,155 696 991,A01,2.0,33.0,0,2,1,1,1.0,
202400048162,155 696 990,A01,3.0,7.0,0,2,0,17,1.0,
202400048163,155 696 987,A01,3.0,7.0,13,0,9,1,1.0,
202400048164,155 696 983,A01,2.0,7.0,0,0,4,23,1.0,
202400048165,155 696 982,A01,1.0,99.0,0,2,4,1,0.0,
202400048166,155 696 980,B01,2.0,7.0,0,2,3,1,1.0,
202400048167,155 696 979,B01,0.0,33.0,0,0,0,1,1.0,
202400048168,155 696 981,A01,3.0,7.0,0,2,3,15,1.0,
202400048169,155 696 978,A01,1.0,7.0,2,0,1,14,1.0,
202400048170,155 696 977,A01,3.0,33.0,0,1,1,1,1.0,
202400048171,155 696 976,A01,2.0,7.0,8,0,1,14,1.0,
202400048172,155 696 974,A01,0.0,10.0,0,1,1,1,1.0,
202400048173,155 696 975,A01,2.0,33.0,2,0,0,26,0.0,
202400048174,155 696 968,A01,1.0,7.0,0,2,2,15,1.0,
202400048175,155 696 970,A01,1.0,7.0,0,2,2,1,1.0,
202400048176,155 696 967,A01,0.0,7.0,0,1,0,1,1.0,
202400048177,155 696 964,A01,2.0,1.0,0,2,8,19,5.0,
202400048178,155 696 962,A01,2.0,33.0,0,0,0,13,1.0,
202400048179,155 696 966,B01,2.0,7.0,0,2,3,1,1.0,
202400048180,155 696 963,A01,3.0,33.0,12,0,1,15,1.0,
202400048181,155 696 961,A01,2.0,33.0,0,2,2,17,1.0,
202400048182,155 696 960,A01,0.0,1.0,0,0,0,26,5.0,
202400048183,155 696 957,A01,2.0,10.0,0,0,7,14,1.0,
202400048184,155 696 956,A01,1.0,10.0,0,1,3,1,1.0,
202400048185,155 696 955,B01,2.0,31.0,0,2,3,15,1.0,
202400048186,155 696 953,A01,1.0,10.0,0,1,3,1,1.0,
202400048187,155 696 954,A01,3.0,7.0,0,2,2,1,1.0,
202400048188,155 696 952,A01,1.0,7.0,13,0,1,10,1.0,
202400048189,155 696 947,B01,2.0,7.0,0,2,6,15,2.0,
202400048190,155 696 948,A01,1.0,1.0,0,0,0,1,5.0,
202400048191,155 696 945,A01,3.0,7.0,0,1,1,1,1.0,
202400048192,155 696 944,A01,1.0,7.0,0,2,3,13,1.0,
202400048193,155 696 946,A01,3.0,7.0,0,2,3,15,1.0,
202400048194,155 696 942,A01,2.0,1.0,0,0,0,1,5.0,
202400048195,155 696 941,A01,1.0,7.0,0,1,1,1,2.0,
202400048196,155 696 938,A01,3.0,7.0,0,2,7,26,2.0,
202400048197,155 696 939,A01,2.0,7.0,6,0,1,1,1.0,
202400048198,155 696 936,A01,1.0,7.0,2,0,3,1,1.0,
202400048199,155 696 935,A01,1.0,7.0,0,2,1,1,1.0,
202400048200,155 696 932,A01,1.0,7.0,6,0,1,1,1.0,
202400048201,155 696 931,B01,1.0,7.0,0,0,3,1,1.0,
202400048202,155 696 927,A01,3.0,33.0,0,2,8,2,1.0,
202400048203,155 696 925,B01,1.0,7.0,0,2,2,1,2.0,
202400048204,155 696 926,A01,0.0,7.0,0,2,8,16,1.0,
202400048205,155 696 922,A01,1.0,10.0,2,0,3,13,1.0,
202400048206,155 696 921,A01,1.0,7.0,2,0,3,1,1.0,
202400048207,155 696 920,A01,0.0,7.0,0,2,1,13,1.0,
202400048208,155 696 919,A01,1.0,7.0,0,2,3,1,1.0,
202400048209,155 696 917,A01,2.0,7.0,6,0,1,0,1.0,
202400048210,155 696 916,A01,2.0,33.0,2,0,9,1,1.0,
202400048211,155 696 914,A01,1.0,7.0,12,0,1,1,1.0,
202400048212,155 696 913,B01,1.0,17.0,0,2,8,2,6.0,
202400048213,155 696 910,A01,2.0,33.0,13,0,9,21,1.0,
202400048214,155 696 909,A01,1.0,3.0,0,2,3,13,1.0,
202400048215,155 696 904,B01,1.0,7.0,0,2,6,18,1.0,
202400048216,155 696 905,B01,0.0,50.0,0,2,1,1,3.0,
202400048217,155 696 903,A01,1.0,7.0,0,2,2,1,2.0,
202400048218,155 696 902,B01,0.0,7.0,0,2,1,1,1.0,
202400048219,155 696 896,B01,2.0,33.0,0,2,1,2,1.0,
202400048220,155 696 897,B01,3.0,50.0,0,2,0,1,3.0,
202400048221,155 696 895,A01,2.0,7.0,0,2,1,1,2.0,
202400048222,155 696 889,A01,1.0,2.0,6,0,1,1,1.0,
202400048223,155 696 887,C01,1.0,7.0,0,2,7,1,1.0,
202400048224,155 696 890,C01,3.0,7.0,0,2,1,23,1.0,
202400048225,155 696 886,A01,1.0,7.0,0,2,7,17,1.0,
202400048226,155 696 885,A01,2.0,2.0,0,0,9,1,1.0,
202400048227,155 696 884,A01,1.0,7.0,0,2,8,9,1.0,
202400048228,155 696 879,A01,1.0,7.0,0,2,3,15,1.0,
202400048229,155 696 882,A01,0.0,7.0,15,0,2,1,1.0,
202400048230,155 696 878,A01,1.0,7.0,6,0,3,13,1.0,
202400048231,155 696 874,A01,1.0,7.0,0,2,3,1,1.0,
202400048232,155 696 870,A01,2.0,7.0,0,2,1,5,1.0,
202400048233,155 696 872,A01,3.0,7.0,7,0,1,1,1.0,
202400048234,155 696 866,A01,2.0,1.0,6,0,0,14,5.0,
202400048235,155 696 865,A01,3.0,33.0,0,2,0,16,0.0,
202400048236,155 696 867,D01,1.0,7.0,0,2,1,2,1.0,
202400048237,155 696 864,A01,3.0,7.0,0,2,4,2,1.0,
202400048238,155 696 862,A01,2.0,1.0,14,0,1,1,5.0,
202400048239,155 696 861,B01,0.0,7.0,0,2,7,19,1.0,
202400048240,155 696 859,A01,1.0,7.0,0,1,2,1,1.0,
202400048241,155 696 858,B01,2.0,0.0,0,9,7,17,0.0,
202400048242,155 696 856,A01,1.0,33.0,6,0,7,26,1.0,
202400048243,155 696 854,A01,1.0,7.0,0,9,1,15,1.0,
202400048244,155 696 853,A01,3.0,7.0,0,2,5,9,1.0,
202400048245,155 696 848,B01,1.0,7.0,0,2,1,15,1.0,
202400048246,155 696 847,A01,3.0,7.0,0,0,1,0,1.0,
202400048247,155 696 849,A01,2.0,7.0,0,9,1,15,1.0,
202400048248,155 696 846,A01,2.0,3.0,1,0,2,2,1.0,
202400048249,155 696 844,B01,1.0,7.0,0,2,1,2,1.0,
202400048250,155 696 842,A01,1.0,50.0,0,1,1,1,3.0,
202400048251,155 696 840,A01,2.0,7.0,2,0,1,1,1.0,
202400048252,155 696 839,B01,1.0,7.0,0,2,8,1,1.0,
202400048253,155 696 836,A01,1.0,7.0,0,2,5,1,1.0,
202400048254,155 696 834,A01,2.0,7.0,2,0,3,1,1.0,
202400048255,155 696 833,A01,1.0,7.0,4,0,3,1,1.0,
202400048256,155 696 832,B01,1.0,15.0,0,2,5,1,1.0,
202400048257,155 696 831,A01,1.0,7.0,13,0,2,1,1.0,
202400048258,155 696 829,A01,1.0,7.0,0,2,6,1,1.0,
202400048259,155 696 824,A01,1.0,7.0,0,2,5,2,1.0,
202400048260,155 696 820,B01,1.0,7.0,0,0,4,2,1.0,
202400048261,155 696 818,A01,1.0,10.0,0,2,3,10,1.0,
202400048262,155 696 817,B01,1.0,7.0,0,0,1,0,1.0,
202400048263,155 696 815,A01,2.0,33.0,0,2,1,3,1.0,
202400048264,155 696 814,B01,1.0,10.0,0,2,4,0,1.0,
202400048265,155 696 813,A01,1.0,7.0,4,0,3,1,1.0,
202400048266,155 696 810,A01,1.0,7.0,5,0,3,1,1.0,
202400048267,155 696 812,A01,2.0,7.0,3,2,1,14,1.0,
202400048268,155 696 808,A01,2.0,7.0,0,1,1,21,1.0,
202400048269,155 696 807,A01,1.0,7.0,0,2,5,1,1.0,
202400048270,155 696 806,A01,1.0,7.0,0,2,4,1,1.0,
202400048271,155 696 805,A01,1.0,10.0,2,0,1,1,1.0,
202400048272,155 696 803,B01,2.0,33.0,0,2,2,3,1.0,
202400048273,155 696 802,A01,2.0,10.0,4,0,3,1,1.0,
202400048274,155 696 801,A01,1.0,33.0,6,0,3,1,1.0,
202400048275,155 696 797,A01,3.0,10.0,0,9,1,13,1.0,
202400048276,155 696 795,A01,1.0,7.0,0,2,1,2,1.0,
202400048277,155 696 793,A01,2.0,7.0,0,2,4,1,1.0,
202400048278,155 696 792,A01,1.0,33.0,0,0,8,1,1.0,
202400048279,155 696 791,B01,1.0,7.0,0,2,4,2,1.0,
202400048280,155 696 790,A01,1.0,2.0,0,0,2,15,1.0,
202400048281,155 696 789,A01,2.0,31.0,0,2,7,3,1.0,
202400048282,155 696 786,A01,2.0,7.0,0,2,3,11,1.0,
202400048283,155 696 784,A01,1.0,7.0,4,1,1,17,2.0,
202400048284,155 696 785,A01,0.0,7.0,6,0,2,0,1.0,
202400048285,155 696 783,A01,1.0,7.0,0,0,2,1,1.0,
202400048286,155 696 781,A01,1.0,7.0,0,0,4,1,0.0,
202400048287,155 696 780,B01,2.0,7.0,0,2,4,2,1.0,
202400048288,155 696 776,B01,1.0,7.0,0,2,4,0,1.0,
202400048289,155 696 777,A01,1.0,7.0,4,0,9,21,1.0,
202400048290,155 696 773,B01,1.0,33.0,0,2,1,1,1.0,
202400048291,155 696 768,B01,1.0,33.0,0,2,7,1,1.0,
202400048292,155 696 766,A01,2.0,33.0,6,2,8,17,1.0,
202400048293,155 696 765,A01,1.0,7.0,0,2,1,2,1.0,
202400048294,155 696 764,B01,1.0,7.0,0,2,4,1,1.0,
202400048295,155 696 763,A01,2.0,7.0,0,2,8,1,1.0,
202400048296,155 696 762,A01,2.0,7.0,5,0,1,1,1.0,
202400048297,155 696 761,A01,1.0,7.0,14,0,1,13,1.0,
202400048298,155 696 760,A01,3.0,36.0,1,0,1,1,1.0,
202400048299,155 696 758,A01,1.0,32.0,0,2,1,2,1.0,
202400048300,155 696 756,A01,2.0,7.0,2,0,1,1,1.0,
202400048301,155 696 755,A01,2.0,33.0,14,0,7,1,1.0,
202400048302,155 696 753,A01,1.0,7.0,3,2,2,2,1.0,
202400048303,155 696 750,A01,2.0,33.0,0,0,1,21,1.0,
202400048304,155 696 751,A01,0.0,1.0,0,0,7,0,5.0,
202400048305,155 696 745,A01,1.0,7.0,0,2,1,2,1.0,
202400048306,155 696 746,C01,2.0,7.0,0,2,3,2,2.0,
202400048307,155 696 744,A01,1.0,7.0,17,2,3,1,1.0,
202400048308,155 696 741,A01,2.0,34.0,0,0,7,23,1.0,
202400048309,155 696 736,D01,1.0,7.0,0,2,4,2,1.0,
202400048310,155 696 737,A01,1.0,10.0,0,2,4,2,1.0,
202400048311,155 696 735,A01,1.0,7.0,0,2,4,2,1.0,
202400048312,155 696 730,A01,2.0,7.0,0,2,3,1,1.0,
202400048313,155 696 723,A01,1.0,10.0,0,2,1,1,1.0,
202400048314,155 696 725,A01,1.0,7.0,0,2,2,12,1.0,
202400048315,155 696 722,A01,1.0,7.0,0,2,2,2,1.0,
202400048316,155 696 721,D01,1.0,7.0,0,2,4,1,1.0,
202400048317,155 696 718,A01,1.0,7.0,4,0,1,1,1.0,
202400048318,155 696 717,B01,1.0,1.0,0,2,4,1,5.0,
202400048319,155 696 716,A01,1.0,7.0,3,0,2,1,1.0,
202400048320,155 696 713,B01,1.0,7.0,0,2,1,1,1.0,
202400048321,155 696 712,A01,3.0,7.0,0,2,1,1,1.0,
202400048322,155 696 708,A01,2.0,7.0,0,2,1,2,1.0,
202400048323,155 696 707,A01,2.0,10.0,0,2,4,12,1.0,
202400048324,155 696 704,A01,3.0,37.0,1,0,1,20,1.0,1
202400048325,155 696 703,A01,1.0,7.0,0,2,1,1,1.0,
202400048326,155 696 705,A01,2.0,7.0,0,2,2,0,0.0,
202400048327,155 696 700,B01,2.0,7.0,0,2,5,1,1.0,
202400048328,155 696 699,A01,3.0,7.0,0,2,2,15,1.0,
202400048329,155 696 694,A01,3.0,7.0,0,2,1,0,1.0,
202400048330,155 696 693,A01,2.0,7.0,4,0,9,1,1.0,
202400048331,155 696 691,A01,2.0,2.0,0,2,7,1,1.0,
202400048332,155 696 690,A01,2.0,7.0,0,2,0,0,1.0,
202400048333,155 696 685,A01,1.0,7.0,0,2,3,15,1.0,
202400048334,155 696 683,A01,1.0,17.0,0,2,8,2,1.0,
202400048335,155 696 682,A01,2.0,7.0,0,2,1,1,1.0,
202400048336,155 696 680,C01,2.0,7.0,0,2,6,1,1.0,
202400048337,155 696 679,B01,1.0,7.0,0,2,0,1,3.0,
202400048338,155 696 676,A01,1.0,7.0,0,2,3,13,2.0,
202400048339,155 696 673,A01,2.0,7.0,2,0,1,1,1.0,
202400048340,155 696 675,B01,2.0,33.0,0,2,7,3,1.0,
202400048341,155 696 672,B01,2.0,7.0,13,2,7,1,1.0,
202400048342,155 696 668,A01,1.0,7.0,0,2,3,13,1.0,
202400048343,155 696 667,A01,2.0,7.0,0,0,4,0,1.0,
202400048344,155 696 665,B01,3.0,50.0,0,2,0,0,3.0,
202400048345,155 696 661,A01,3.0,7.0,0,1,1,16,1.0,
202400048346,155 696 660,A01,2.0,7.0,0,1,1,1,1.0,
202400048347,155 696 659,A01,3.0,7.0,0,2,1,0,1.0,
202400048348,155 696 658,A01,2.0,7.0,0,2,3,1,1.0,
202400048349,155 696 657,B01,1.0,7.0,0,2,3,1,1.0,
202400048350,155 696 653,A01,1.0,7.0,0,1,0,0,1.0,
202400048351,155 696 652,A01,1.0,2.0,0,2,0,7,1.0,
202400048352,155 696 651,A01,1.0,50.0,0,2,7,12,3.0,
202400048353,155 696 648,C01,1.0,15.0,0,2,6,24,1.0,
202400048354,155 696 647,A01,2.0,7.0,0,2,7,16,1.0,
202400048355,155 696 643,A01,1.0,33.0,0,2,1,1,1.0,
202400048356,155 696 641,A01,1.0,7.0,0,2,8,10,1.0,
202400048357,155 696 640,A01,3.0,7.0,6,2,7,15,1.0,
202400048358,155 696 639,A01,0.0,2.0,12,0,1,26,1.0,
202400048359,155 696 635,B01,1.0,1.0,0,2,0,0,5.0,
202400048360,155 696 634,A01,1.0,7.0,0,9,3,13,1.0,
202400048361,155 696 633,C01,1.0,10.0,0,2,2,21,1.0,
202400048362,155 696 631,A01,2.0,33.0,0,2,1,1,1.0,
202400048363,155 696 627,A01,2.0,7.0,9,2,1,1,1.0,
202400048364,155 696 628,A01,1.0,7.0,0,1,3,15,1.0,
202400048365,155 696 626,A01,1.0,7.0,0,2,3,1,1.0,
202400048366,155 696 625,A01,2.0,7.0,2,0,1,21,1.0,
202400048367,155 696 622,B01,1.0,7.0,0,2,2,1,1.0,
202400048368,155 696 618,A01,3.0,7.0,0,2,3,1,1.0,
202400048369,155 696 614,B01,1.0,13.0,0,2,2,2,1.0,
202400048370,155 696 613,A01,1.0,80.0,0,2,1,1,5.0,
202400048371,155 696 609,A01,2.0,7.0,0,2,2,1,1.0,
202400048372,155 696 610,A01,1.0,7.0,0,2,3,14,1.0,
202400048373,155 696 608,A01,2.0,7.0,3,0,9,0,1.0,
202400048374,155 696 606,B01,2.0,7.0,0,2,3,1,1.0,
202400048375,155 696 604,A01,1.0,33.0,4,0,0,1,1.0,
202400048376,155 696 601,A01,1.0,7.0,0,1,1,1,1.0,
202400048377,155 696 600,B01,1.0,7.0,0,2,4,26,1.0,
202400048378,155 696 595,A01,2.0,7.0,8,0,2,14,1.0,
202400048379,155 696 596,B01,2.0,33.0,0,2,3,1,1.0,
202400048380,155 696 594,A01,3.0,10.0,0,2,1,26,1.0,
202400048381,155 696 593,B01,1.0,7.0,0,0,0,1,1.0,
202400048382,155 696 591,A01,2.0,10.0,0,1,2,1,0.0,
202400048383,155 696 585,A01,1.0,7.0,0,2,7,16,1.0,
202400048384,155 696 583,B01,2.0,7.0,0,2,4,2,1.0,
202400048385,155 696 582,B01,2.0,7.0,4,2,4,2,1.0,
202400048386,155 696 581,A01,2.0,7.0,0,1,1,2,2.0,
202400048387,155 696 577,B01,3.0,7.0,0,2,4,2,1.0,
202400048388,155 696 576,A01,2.0,10.0,4,2,3,13,1.0,
202400048389,155 696 575,A01,1.0,7.0,0,2,2,1,1.0,
202400048390,155 696 573,A01,2.0,7.0,0,2,2,1,0.0,
202400048391,155 696 570,B01,2.0,7.0,0,2,5,12,2.0,
202400048392,155 696 569,B01,1.0,7.0,0,2,0,0,1.0,
202400048393,155 696 565,A01,3.0,7.0,0,2,2,16,1.0,
202400048394,155 696 564,A01,2.0,32.0,0,2,1,0,1.0,
202400048395,155 696 563,A01,2.0,7.0,0,2,1,1,1.0,
202400048396,155 696 562,A01,3.0,7.0,0,1,1,1,1.0,
202400048397,155 696 560,A01,1.0,33.0,3,2,1,3,1.0,
202400048398,155 696 559,A01,0.0,7.0,0,1,1,1,1.0,
202400048399,155 696 558,A01,1.0,7.0,4,0,2,14,1.0,
202400048400,155 696 554,B01,2.0,7.0,0,2,5,2,2.0,
202400048401,155 696 553,A01,0.0,7.0,0,1,1,0,1.0,
202400048402,155 696 551,B01,2.0,7.0,0,2,1,1,1.0,
202400048403,155 696 548,B01,3.0,33.0,0,2,1,0,1.0,
202400048404,155 696 546,B01,2.0,2.0,0,2,3,1,1.0,
202400048405,155 696 545,Z01,2.0,7.0,0,2,0,0,0.0,
202400048406,155 696 540,A01,1.0,3.0,0,2,3,1,1.0,
202400048407,155 696 539,B01,2.0,1.0,0,2,8,1,5.0,
202400048408,155 696 538,A01,1.0,33.0,0,0,8,1,1.0,
202400048409,155 696 534,A01,1.0,33.0,0,2,1,0,1.0,
202400048410,155 696 531,B01,2.0,7.0,0,2,1,1,1.0,
202400048411,155 696 530,A01,2.0,33.0,0,2,1,1,0.0,
202400048412,155 696 527,A01,2.0,7.0,0,2,2,17,1.0,
202400048413,155 696 526,A01,1.0,7.0,12,0,2,3,1.0,
202400048414,155 696 522,B01,3.0,7.0,0,2,4,2,1.0,
202400048415,155 696 521,B01,2.0,33.0,0,2,1,1,1.0,
202400048416,155 696 520,A01,2.0,7.0,0,9,2,9,1.0,
202400048417,155 696 519,A01,3.0,50.0,0,1,0,16,3.0,
202400048418,155 696 514,A01,2.0,7.0,0,2,1,15,1.0,
202400048419,155 696 511,A01,3.0,7.0,0,2,1,15,1.0,
202400048420,155 696 509,A01,3.0,7.0,0,2,8,16,1.0,
202400048421,155 696 508,A01,1.0,10.0,13,0,1,1,1.0,
202400048422,155 696 506,A01,3.0,50.0,0,2,1,19,3.0,
202400048423,155 696 505,A01,2.0,7.0,8,0,1,13,1.0,
202400048424,155 696 504,A01,3.0,7.0,0,0,1,2,1.0,
202400048425,155 696 503,A01,1.0,10.0,2,0,3,1,1.0,
202400048426,155 696 500,A01,1.0,7.0,0,1,1,13,1.0,
202400048427,155 696 499,B01,1.0,2.0,0,2,6,16,1.0,
202400048428,155 696 498,A01,1.0,7.0,0,2,3,15,1.0,
202400048429,155 696 497,A01,2.0,10.0,3,0,2,26,1.0,
202400048430,155 696 496,A01,2.0,7.0,0,1,1,1,1.0,
202400048431,155 696 493,B01,2.0,33.0,0,2,1,1,1.0,
202400048432,155 696 492,A01,2.0,7.0,1,0,6,24,1.0,
202400048433,155 696 490,B01,3.0,7.0,0,2,1,1,1.0,
202400048434,155 696 488,A01,2.0,30.0,0,2,1,2,1.0,
202400048435,155 696 484,B01,2.0,7.0,0,2,4,2,1.0,
202400048436,155 696 483,A01,1.0,7.0,0,1,1,26,1.0,
202400048437,155 696 482,A01,1.0,3.0,0,2,1,2,3.0,
202400048438,155 696 480,A01,2.0,7.0,0,2,3,15,1.0,
202400048439,155 696 477,B01,1.0,10.0,0,2,1,26,1.0,
202400048440,155 696 476,A01,3.0,7.0,0,2,1,5,1.0,
202400048441,155 696 473,A01,2.0,7.0,0,2,1,0,1.0,
202400048442,155 696 472,B01,1.0,1.0,0,2,0,0,5.0,
202400048443,155 696 470,Z01,1.0,7.0,0,2,7,15,0.0,
202400048444,155 696 468,A01,1.0,7.0,0,1,1,15,1.0,
202400048445,155 696 467,A01,1.0,50.0,0,2,7,2,3.0,