Num_Acc,id_vehicule,num_veh,senc,catv,obs,obsm,choc,manv,motor,occutc
202400048446,155 696 465,A01,1.0,7.0,0,1,2,14,1.0,
202400048447,155 696 464,A01,3.0,7.0,0,2,3,9,1.0,
202400048448,155 696 460,B01,1.0,7.0,0,2,1,1,1.0,
202400048449,155 696 459,A01,2.0,10.0,0,2,2,2,1.0,
202400048450,155 696 458,A01,1.0,7.0,0,0,6,15,1.0,
202400048451,155 696 453,B01,3.0,7.0,0,2,3,16,1.0,
202400048452,155 696 452,B01,2.0,7.0,0,2,1,1,2.0,
202400048453,155 696 451,B01,2.0,7.0,0,2,8,1,1.0,
202400048454,155 696 448,A01,3.0,7.0,0,1,1,1,1.0,
202400048455,155 696 446,A01,2.0,7.0,0,1,1,9,1.0,
202400048456,155 696 445,B01,1.0,7.0,0,2,4,23,1.0,
202400048457,155 696 442,B01,3.0,2.0,8,2,1,1,1.0,
202400048458,155 696 441,B01,1.0,33.0,0,2,1,1,1.0,
202400048459,155 696 440,A01,3.0,7.0,0,1,1,15,1.0,
202400048460,155 696 439,A01,1.0,7.0,4,0,1,1,1.0,
202400048461,155 696 437,A01,2.0,3.0,0,1,1,1,1.0,
202400048462,155 696 436,A01,1.0,7.0,3,0,1,1,1.0,
202400048463,155 696 435,B01,3.0,50.0,0,2,8,1,3.0,
202400048464,155 696 434,A01,1.0,33.0,13,0,1,1,1.0,
202400048465,155 696 429,A01,2.0,7.0,0,2,7,15,1.0,
202400048466,155 696 430,A01,3.0,33.0,0,2,1,3,1.0,
202400048467,155 696 428,A01,2.0,7.0,0,2,7,1,1.0,
202400048468,155 696 424,A01,3.0,7.0,0,2,1,1,2.0,
202400048469,155 696 422,A01,3.0,7.0,0,9,3,9,1.0,
202400048470,155 696 421,B01,1.0,7.0,0,2,6,1,1.0,
202400048471,155 696 420,A01,2.0,7.0,6,0,1,13,1.0,
202400048472,155 696 418,A01,2.0,7.0,0,1,2,16,3.0,
202400048473,155 696 417,B01,3.0,33.0,0,0,3,21,1.0,
202400048474,155 696 415,A01,1.0,50.0,0,2,3,1,3.0,
202400048475,155 696 414,A01,1.0,13.0,2,0,1,16,1.0,
202400048476,155 696 413,A01,3.0,7.0,0,1,3,1,1.0,
202400048477,155 696 410,A01,3.0,7.0,0,2,3,13,1.0,
202400048478,155 696 408,B01,2.0,7.0,0,2,5,18,1.0,
202400048479,155 696 407,A01,1.0,7.0,0,9,3,1,1.0,
202400048480,155 696 404,B01,2.0,7.0,0,2,4,2,1.0,
202400048481,155 696 402,A01,3.0,7.0,2,0,1,19,1.0,
202400048482,155 696 403,B01,2.0,10.0,0,2,8,16,1.0,
202400048483,155 696 397,C01,2.0,7.0,0,2,6,1,1.0,
202400048484,155 696 395,A01,3.0,7.0,0,2,1,9,1.0,
202400048485,155 696 393,A01,1.0,31.0,0,2,3,18,1.0,
202400048486,155 696 391,A01,2.0,7.0,0,2,1,17,1.0,
202400048487,155 696 390,A01,3.0,7.0,0,1,2,16,1.0,
202400048488,155 696 388,B01,2.0,7.0,0,2,4,2,,
202400048489,155 696 387,A01,1.0,7.0,0,0,1,14,1.0,
202400048490,155 696 385,A01,1.0,80.0,0,2,1,17,3.0,
202400048491,155 696 384,A01,1.0,7.0,0,1,1,16,1.0,
202400048492,155 696 382,A01,1.0,7.0,1,1,3,13,1.0,
202400048493,155 696 381,A01,1.0,7.0,3,0,1,12,1.0,
202400048494,155 696 377,A01,3.0,7.0,0,2,1,1,1.0,
202400048495,155 696 373,B01,2.0,7.0,0,2,3,2,1.0,
202400048496,155 696 372,A01,3.0,7.0,0,2,1,1,1.0,
202400048497,155 696 369,B01,3.0,33.0,0,2,1,1,0.0,
202400048498,155 696 368,A01,1.0,7.0,0,2,1,1,1.0,
202400048499,155 696 366,A01,2.0,7.0,0,1,1,1,1.0,
202400048500,155 696 365,B01,2.0,30.0,0,2,1,1,1.0,
202400048501,155 696 363,A01,2.0,31.0,0,1,1,1,3.0,
202400048502,155 696 362,A01,3.0,7.0,1,0,1,9,1.0,
202400048503,155 696 361,A01,2.0,2.0,0,1,3,1,1.0,
202400048504,155 696 360,A01,0.0,7.0,9,0,1,15,1.0,
202400048505,155 696 358,B01,2.0,1.0,0,2,4,15,5.0,
202400048506,155 696 357,A01,2.0,7.0,0,1,7,1,1.0,
202400048507,155 696 353,A01,2.0,7.0,0,2,1,17,1.0,
202400048508,155 696 352,B01,2.0,7.0,0,2,4,2,2.0,
202400048509,155 696 350,A01,3.0,7.0,0,2,1,2,3.0,
202400048510,155 696 349,A01,1.0,30.0,9,0,1,14,3.0,
202400048511,155 696 347,A01,3.0,30.0,0,0,0,10,3.0,
202400048512,155 696 346,A01,2.0,7.0,0,2,3,9,1.0,
202400048513,155 696 343,B01,2.0,1.0,0,2,4,1,5.0,
202400048514,155 696 342,A01,1.0,7.0,0,2,1,1,1.0,
202400048515,155 696 339,B01,2.0,7.0,0,2,2,15,2.0,
202400048516,155 696 338,A01,1.0,7.0,0,2,7,14,1.0,
202400048517,155 696 337,A01,3.0,7.0,8,0,1,14,1.0,
202400048518,155 696 336,A01,1.0,80.0,14,0,1,1,3.0,
202400048519,155 696 334,A01,2.0,1.0,0,2,1,0,5.0,
202400048520,155 696 332,A01,2.0,80.0,0,2,2,15,3.0,
202400048521,155 696 329,A01,1.0,33.0,0,0,1,1,1.0,
202400048522,155 696 330,B01,0.0,50.0,0,2,0,0,3.0,
202400048523,155 696 327,A01,1.0,50.0,0,1,1,1,3.0,
202400048524,155 696 326,A01,3.0,7.0,0,1,1,1,1.0,
202400048525,155 696 324,B01,0.0,7.0,0,2,8,19,1.0,
202400048526,155 696 320,A01,1.0,7.0,0,2,1,1,1.0,
202400048527,155 696 319,B01,1.0,7.0,0,2,7,17,1.0,
202400048528,155 696 315,B01,0.0,7.0,0,2,0,0,0.0,
202400048529,155 696 312,A01,3.0,10.0,0,2,7,15,1.0,
202400048530,155 696 311,B01,3.0,10.0,0,2,1,16,1.0,
202400048531,155 696 308,A01,0.0,7.0,0,2,5,17,1.0,
202400048532,155 696 307,Z01,1.0,7.0,0,2,3,1,1.0,
202400048533,155 696 305,A01,2.0,1.0,0,2,3,1,5.0,
202400048534,155 696 302,A01,3.0,17.0,0,2,1,2,1.0,
202400048535,155 696 301,A01,1.0,7.0,0,1,1,1,2.0,
202400048536,155 696 299,A01,2.0,7.0,0,2,8,24,1.0,
202400048537,155 696 297,B01,3.0,50.0,0,2,1,1,3.0,
202400048538,155 696 295,B01,2.0,7.0,0,2,4,1,1.0,
202400048539,155 696 291,A01,2.0,7.0,2,1,1,1,2.0,
202400048540,155 696 292,B01,0.0,43.0,0,2,2,23,1.0,
202400048541,155 696 289,A01,1.0,7.0,0,2,1,26,1.0,
202400048542,155 696 287,A01,1.0,7.0,0,2,7,15,1.0,
202400048543,155 696 285,B01,1.0,30.0,0,2,1,1,3.0,
202400048544,155 696 283,A01,0.0,7.0,0,2,3,15,1.0,
202400048545,155 696 282,A01,1.0,32.0,0,1,3,3,1.0,
202400048546,155 696 281,A01,1.0,34.0,0,1,1,1,1.0,
202400048547,155 696 278,A01,1.0,7.0,0,2,3,15,1.0,
202400048548,155 696 277,A01,3.0,33.0,0,2,4,1,1.0,
202400048549,155 696 276,A01,1.0,33.0,0,0,1,1,1.0,
202400048550,155 696 273,A01,3.0,1.0,0,2,8,1,5.0,
202400048551,155 696 272,A01,2.0,7.0,0,2,3,13,1.0,
202400048552,155 696 270,A01,1.0,80.0,0,2,3,11,3.0,
202400048553,155 696 269,A01,3.0,10.0,0,1,3,2,1.0,
202400048554,155 696 267,A01,1.0,7.0,2,0,1,0,1.0,
202400048555,155 696 266,A01,1.0,7.0,0,2,1,13,1.0,
202400048556,155 696 263,B01,3.0,10.0,0,9,5,12,1.0,
202400048557,155 696 262,A01,2.0,7.0,0,2,8,16,1.0,
202400048558,155 696 260,A01,1.0,7.0,0,2,1,2,1.0,
202400048559,155 696 259,A01,3.0,7.0,3,0,2,1,1.0,
202400048560,155 696 257,B01,1.0,7.0,0,2,3,1,1.0,
202400048561,155 696 256,A01,1.0,7.0,0,1,2,15,1.0,
202400048562,155 696 255,A01,0.0,33.0,0,1,0,1,1.0,
202400048563,155 696 253,A01,1.0,10.0,0,0,3,22,1.0,
202400048564,155 696 250,D01,2.0,14.0,0,2,0,0,0.0,
202400048565,155 696 249,A01,3.0,7.0,0,1,2,0,1.0,
202400048566,155 696 247,A01,3.0,7.0,0,2,3,9,1.0,
202400048567,155 696 245,A01,1.0,7.0,0,2,6,11,1.0,
202400048568,155 696 243,A01,1.0,7.0,0,2,1,17,1.0,
202400048569,155 696 241,B01,1.0,7.0,0,2,1,1,1.0,
202400048570,155 696 240,A01,1.0,33.0,3,0,1,1,1.0,
202400048571,155 696 239,A01,2.0,7.0,0,1,1,1,1.0,
202400048572,155 696 237,A01,3.0,1.0,0,2,1,2,5.0,
202400048573,155 696 234,A01,2.0,10.0,0,2,3,17,1.0,
202400048574,155 696 233,A01,1.0,7.0,3,0,3,2,1.0,
202400048575,155 696 232,A01,2.0,7.0,0,0,1,1,1.0,
202400048576,155 696 231,A01,2.0,7.0,0,1,3,1,1.0,
202400048577,155 696 230,A01,1.0,10.0,2,0,1,14,1.0,
202400048578,155 696 229,A01,1.0,33.0,0,0,0,1,1.0,
202400048579,155 696 228,A01,1.0,7.0,10,0,1,14,1.0,
202400048580,155 696 226,A01,2.0,7.0,0,2,5,23,1.0,
202400048581,155 696 225,A01,1.0,7.0,13,0,9,1,1.0,
202400048582,155 696 224,A01,1.0,7.0,8,0,3,1,1.0,
202400048583,155 696 223,A01,1.0,10.0,0,0,2,1,1.0,
202400048584,155 696 222,A01,1.0,7.0,0,0,0,1,0.0,
202400048585,155 696 221,A01,1.0,7.0,8,0,1,0,1.0,
202400048586,155 696 220,A01,1.0,7.0,13,0,2,0,1.0,
202400048587,155 696 218,A01,1.0,7.0,0,2,2,1,1.0,
202400048588,155 696 217,A01,1.0,32.0,0,0,0,2,1.0,
202400048589,155 696 215,A01,1.0,7.0,0,1,2,1,1.0,
202400048590,155 696 212,A01,1.0,3.0,0,2,4,2,1.0,
202400048591,155 696 210,A01,1.0,7.0,0,2,3,15,1.0,
202400048592,155 696 208,A01,1.0,7.0,0,0,2,15,1.0,
202400048593,155 696 206,A01,2.0,7.0,0,2,1,5,1.0,
202400048594,155 696 204,A01,1.0,7.0,0,2,1,1,1.0,
202400048595,155 696 202,A01,2.0,7.0,0,2,3,13,1.0,
202400048596,155 696 200,A01,0.0,33.0,1,0,1,1,1.0,
202400048597,155 696 199,A01,1.0,10.0,0,1,2,21,1.0,
202400048598,155 696 197,A01,2.0,50.0,0,2,4,1,3.0,
202400048599,155 696 195,A01,3.0,7.0,0,2,1,2,1.0,
202400048600,155 696 191,C01,1.0,7.0,0,2,4,1,1.0,
202400048601,155 696 190,A01,1.0,10.0,4,0,3,21,1.0,
202400048602,155 696 188,B01,2.0,10.0,0,2,4,2,1.0,
202400048603,155 696 186,A01,0.0,30.0,7,0,1,26,1.0,
202400048604,155 696 185,A01,2.0,7.0,0,2,1,1,1.0,
202400048605,155 696 184,A01,2.0,7.0,16,0,9,1,1.0,
202400048606,155 696 182,A01,3.0,33.0,12,0,0,17,1.0,
202400048607,155 696 181,A01,1.0,7.0,0,2,3,2,1.0,
202400048608,155 696 179,A01,3.0,37.0,0,1,1,15,3.0,1
202400048609,155 696 177,A01,1.0,7.0,4,2,4,23,1.0,
202400048610,155 696 175,A01,2.0,7.0,0,2,1,9,1.0,
202400048611,155 696 173,A01,2.0,10.0,0,2,3,14,1.0,
202400048612,155 696 171,A01,3.0,7.0,0,2,7,15,1.0,
202400048613,155 696 168,A01,2.0,7.0,4,2,2,1,1.0,
202400048614,155 696 167,A01,1.0,7.0,0,2,1,1,1.0,
202400048615,155 696 163,Z01,2.0,10.0,0,2,1,0,1.0,
202400048616,155 696 162,A01,2.0,7.0,1,0,1,11,1.0,
202400048617,155 696 158,B01,1.0,7.0,0,2,4,2,2.0,
202400048618,155 696 157,B01,1.0,7.0,0,2,4,2,1.0,
202400048619,155 696 156,A01,1.0,33.0,0,1,1,26,1.0,
202400048620,155 696 153,A01,1.0,80.0,0,2,1,1,3.0,
202400048621,155 696 152,A01,2.0,10.0,0,2,1,1,1.0,
202400048622,155 696 150,A01,2.0,31.0,0,1,6,1,3.0,
202400048623,155 696 149,A01,3.0,7.0,0,2,6,15,1.0,
202400048624,155 696 148,A01,2.0,1.0,8,0,0,1,5.0,
202400048625,155 696 145,A01,2.0,7.0,0,2,8,19,1.0,
202400048626,155 696 144,B01,1.0,1.0,0,2,1,1,5.0,
202400048627,155 696 141,A01,2.0,2.0,0,2,7,25,1.0,
202400048628,155 696 140,B01,1.0,7.0,0,2,1,1,1.0,
202400048629,155 696 137,A01,3.0,7.0,3,0,1,9,1.0,
202400048630,155 696 138,B01,2.0,33.0,0,2,2,1,1.0,
202400048631,155 696 136,A01,1.0,1.0,4,0,1,1,5.0,
202400048632,155 696 134,A01,1.0,7.0,0,2,2,15,1.0,
202400048633,155 696 133,A01,1.0,7.0,0,1,1,1,1.0,
202400048634,155 696 131,B01,2.0,10.0,0,2,1,15,1.0,
202400048635,155 696 126,A01,2.0,7.0,0,2,3,1,1.0,
202400048636,155 696 128,A01,2.0,10.0,0,2,1,1,1.0,
202400048637,155 696 125,A01,2.0,7.0,0,2,1,17,0.0,
202400048638,155 696 122,A01,1.0,37.0,0,2,1,26,0.0,1
202400048639,155 696 119,B01,1.0,33.0,0,2,1,1,1.0,
202400048640,155 696 120,B01,0.0,1.0,0,2,1,1,5.0,
202400048641,155 696 118,A01,2.0,32.0,1,0,3,18,1.0,
202400048642,155 696 115,A01,3.0,7.0,0,2,1,13,1.0,
202400048643,155 696 116,A01,1.0,7.0,2,0,0,14,1.0,
202400048644,155 696 113,B01,1.0,33.0,0,2,4,11,1.0,
202400048645,155 696 112,A01,1.0,7.0,0,1,7,1,1.0,
202400048646,155 696 111,A01,1.0,2.0,2,0,1,14,1.0,
202400048647,155 696 109,B01,2.0,7.0,0,2,1,1,1.0,
202400048648,155 696 107,A01,1.0,7.0,0,2,0,0,1.0,
202400048649,155 696 106,A01,2.0,33.0,8,0,1,14,1.0,
202400048650,155 696 103,A01,1.0,30.0,0,0,0,26,1.0,
202400048651,155 696 104,A01,2.0,32.0,0,2,3,21,1.0,
202400048652,155 696 102,A01,1.0,3.0,2,0,1,1,1.0,
202400048653,155 696 099,A01,0.0,33.0,0,2,8,26,1.0,
202400048654,155 696 097,B01,3.0,34.0,0,2,1,9,1.0,
202400048655,155 696 096,A01,1.0,30.0,0,0,0,1,1.0,
202400048656,155 696 094,A01,2.0,7.0,12,0,4,1,1.0,
202400048657,155 696 092,B01,1.0,7.0,0,2,4,2,1.0,
202400048658,155 696 091,B01,1.0,7.0,0,2,3,1,1.0,
202400048659,155 696 089,A01,3.0,7.0,14,0,1,0,1.0,
202400048660,155 696 087,B01,2.0,31.0,0,2,3,1,1.0,
202400048661,155 696 086,B01,2.0,7.0,0,2,7,1,1.0,
202400048662,155 696 084,A01,2.0,7.0,0,2,3,10,1.0,
202400048663,155 696 082,A01,1.0,30.0,0,2,4,23,1.0,
202400048664,155 696 081,A01,2.0,7.0,0,0,0,1,1.0,
202400048665,155 696 080,A01,2.0,50.0,14,0,1,1,3.0,
202400048666,155 696 078,B01,1.0,7.0,0,2,4,2,1.0,
202400048667,155 696 076,Z01,2.0,7.0,0,1,0,0,0.0,
202400048668,155 696 074,A01,1.0,7.0,0,2,3,15,1.0,
202400048669,155 696 075,A01,1.0,10.0,2,0,1,1,1.0,
202400048670,155 696 071,A01,3.0,10.0,0,2,1,16,1.0,
202400048671,155 696 070,A01,0.0,7.0,0,2,7,19,0.0,
202400048672,155 696 067,B01,2.0,7.0,0,2,5,1,1.0,
202400048673,155 696 064,A01,1.0,32.0,0,2,1,26,1.0,
202400048674,155 696 063,A01,2.0,7.0,0,2,1,1,1.0,
202400048675,155 696 062,A01,2.0,7.0,4,0,3,2,1.0,
202400048676,155 696 057,A01,0.0,7.0,1,0,1,1,1.0,
202400048677,155 696 058,A01,3.0,7.0,0,2,2,15,1.0,
202400048678,155 696 053,A01,2.0,7.0,6,1,3,23,1.0,
202400048679,155 696 054,A01,2.0,7.0,0,2,2,26,1.0,
202400048680,155 696 052,B01,2.0,7.0,0,0,0,0,0.0,
202400048681,155 696 046,A01,1.0,7.0,0,2,5,21,1.0,
202400048682,155 696 047,A01,1.0,7.0,0,2,1,2,3.0,
202400048683,155 696 045,A01,1.0,7.0,0,2,2,1,1.0,
202400048684,155 696 044,A01,2.0,2.0,2,0,1,14,1.0,
202400048685,155 696 039,A01,1.0,7.0,0,2,1,1,1.0,
202400048686,155 696 038,A01,2.0,33.0,0,2,7,17,1.0,
202400048687,155 696 041,A01,2.0,33.0,0,2,1,1,1.0,
202400048688,155 696 035,A01,2.0,7.0,6,1,1,13,1.0,
202400048689,155 696 036,A01,1.0,33.0,0,2,1,2,1.0,
202400048690,155 696 033,A01,1.0,7.0,0,9,1,15,1.0,
202400048691,155 696 032,A01,3.0,2.0,0,0,7,14,1.0,
202400048692,155 696 031,A01,1.0,32.0,0,2,8,1,1.0,
202400048693,155 696 028,A01,1.0,7.0,0,2,7,16,1.0,
202400048694,155 696 026,B01,1.0,7.0,0,2,1,1,1.0,
202400048695,155 696 024,A01,2.0,7.0,0,2,2,2,1.0,
202400048696,155 696 023,A01,3.0,80.0,0,0,0,1,3.0,
202400048697,155 696 022,A01,2.0,7.0,0,1,1,1,1.0,
202400048698,155 696 018,A01,2.0,7.0,0,2,8,11,1.0,
202400048699,155 696 017,A01,2.0,7.0,0,2,1,2,1.0,
202400048700,155 696 016,A01,1.0,7.0,0,2,2,1,1.0,
202400048701,155 696 013,A01,2.0,7.0,0,1,1,1,1.0,
202400048702,155 696 012,A01,2.0,7.0,0,2,1,2,1.0,
202400048703,155 696 011,B01,3.0,7.0,0,2,1,1,1.0,
202400048704,155 696 009,A01,2.0,7.0,2,0,1,1,1.0,
202400048705,155 696 005,A01,2.0,7.0,0,2,6,26,1.0,
202400048706,155 696 006,A01,1.0,7.0,2,0,3,2,1.0,
202400048707,155 696 002,B01,2.0,33.0,0,2,1,1,1.0,
202400048708,155 696 000,A01,2.0,7.0,0,2,1,15,1.0,
202400048709,155 695 999,A01,3.0,7.0,0,2,8,13,1.0,
202400048710,155 695 998,A01,2.0,31.0,0,6,1,1,1.0,
202400048711,155 695 995,A01,1.0,7.0,0,2,1,15,1.0,
202400048712,155 695 994,A01,1.0,7.0,0,2,0,26,1.0,
202400048713,155 695 992,A01,1.0,7.0,0,2,3,2,1.0,
202400048714,155 695 988,A01,1.0,7.0,0,1,1,1,1.0,
202400048715,155 695 985,A01,1.0,7.0,15,2,1,14,1.0,
202400048716,155 695 984,A01,1.0,7.0,0,2,1,1,1.0,
202400048717,155 695 982,A01,1.0,31.0,0,2,1,13,1.0,
202400048718,155 695 981,A01,1.0,7.0,0,1,3,1,1.0,
202400048719,155 695 979,A01,1.0,7.0,0,1,2,1,1.0,
202400048720,155 695 978,A01,1.0,14.0,0,2,2,1,1.0,
202400048721,155 695 972,A01,1.0,7.0,1,0,2,2,1.0,
202400048722,155 695 974,A01,1.0,7.0,0,1,3,5,1.0,
202400048723,155 695 973,B01,3.0,7.0,0,2,6,1,1.0,
202400048724,155 695 970,A01,1.0,7.0,13,0,3,1,1.0,
202400048725,155 695 969,A01,2.0,10.0,0,1,1,1,1.0,
202400048726,155 695 968,A01,2.0,7.0,0,2,3,15,1.0,
202400048727,155 695 967,A01,1.0,33.0,16,0,1,1,1.0,
202400048728,155 695 966,A01,2.0,7.0,4,0,1,11,1.0,
202400048729,155 695 962,B01,2.0,7.0,0,2,1,1,1.0,
202400048730,155 695 963,A01,0.0,7.0,0,9,3,0,1.0,
202400048731,155 695 961,A01,2.0,40.0,1,1,1,1,0.0,
202400048732,155 695 956,A01,2.0,7.0,0,2,2,1,1.0,
202400048733,155 695 959,A01,2.0,33.0,0,2,1,1,1.0,
202400048734,155 695 957,A01,2.0,33.0,9,0,1,1,1.0,
202400048735,155 695 949,A01,2.0,7.0,0,2,3,2,1.0,
202400048736,155 695 950,A01,0.0,7.0,0,1,2,1,1.0,
202400048737,155 695 948,A01,3.0,7.0,0,2,3,15,1.0,
202400048738,155 695 946,B01,1.0,15.0,0,2,3,1,1.0,
202400048739,155 695 944,A01,3.0,7.0,0,1,1,20,1.0,
202400048740,155 695 943,A01,2.0,7.0,0,0,6,7,1.0,
202400048741,155 695 939,B01,1.0,15.0,0,2,3,2,1.0,
202400048742,155 695 938,B01,0.0,7.0,0,1,2,0,1.0,
202400048743,155 695 937,A01,1.0,7.0,0,2,2,17,1.0,
202400048744,155 695 935,A01,3.0,10.0,15,0,1,14,1.0,
202400048745,155 695 933,A01,2.0,7.0,0,1,2,1,1.0,
202400048746,155 695 934,A01,3.0,7.0,0,0,3,11,1.0,
202400048747,155 695 931,B01,1.0,10.0,0,2,3,1,1.0,
202400048748,155 695 930,A01,2.0,7.0,2,0,3,13,1.0,
202400048749,155 695 925,A01,2.0,7.0,0,9,1,1,1.0,
202400048750,155 695 924,A01,2.0,34.0,0,2,2,17,1.0,
202400048751,155 695 928,B01,2.0,2.0,0,2,1,1,1.0,
202400048752,155 695 923,A01,2.0,50.0,0,0,0,1,3.0,
202400048753,155 695 920,A01,3.0,7.0,0,2,1,2,1.0,
202400048754,155 695 917,A01,1.0,7.0,0,2,3,0,1.0,
202400048755,155 695 916,A01,1.0,1.0,0,0,0,1,5.0,
202400048756,155 695 915,B01,3.0,7.0,0,2,8,1,1.0,
202400048757,155 695 914,A01,1.0,7.0,0,2,8,0,1.0,
202400048758,155 695 912,A01,1.0,7.0,0,9,7,15,1.0,
202400048759,155 695 909,A01,1.0,17.0,0,2,3,1,1.0,
202400048760,155 695 907,B01,1.0,7.0,0,2,0,0,0.0,
202400048761,155 695 906,A01,2.0,7.0,2,0,9,14,1.0,
202400048762,155 695 905,A01,1.0,7.0,0,2,1,2,1.0,
202400048763,155 695 904,A01,3.0,7.0,0,1,2,1,1.0,
202400048764,155 695 902,A01,0.0,7.0,8,0,3,1,1.0,
202400048765,155 695 900,A01,3.0,7.0,0,1,4,4,3.0,
202400048766,155 695 898,A01,3.0,7.0,0,2,1,13,0.0,
202400048767,155 695 897,A01,1.0,1.0,0,0,0,26,5.0,
202400048768,155 695 896,A01,2.0,2.0,0,0,0,9,1.0,
202400048769,155 695 892,A01,1.0,7.0,3,0,1,2,1.0,
202400048770,155 695 893,B01,1.0,0.0,0,2,3,2,0.0,
202400048771,155 695 891,A01,2.0,7.0,8,0,7,13,1.0,
202400048772,155 695 888,A01,2.0,33.0,0,1,1,1,1.0,
202400048773,155 695 886,A01,1.0,7.0,2,0,8,14,1.0,
202400048774,155 695 884,A01,1.0,10.0,1,0,3,13,3.0,
202400048775,155 695 881,A01,1.0,7.0,13,0,1,14,1.0,
202400048776,155 695 877,C01,2.0,7.0,0,2,1,1,1.0,
202400048777,155 695 875,B01,2.0,1.0,0,2,1,1,5.0,
202400048778,155 695 876,A01,2.0,7.0,0,2,3,15,1.0,
202400048779,155 695 872,A01,3.0,10.0,0,2,2,12,1.0,
202400048780,155 695 871,A01,2.0,10.0,4,0,8,13,1.0,
202400048781,155 695 869,A01,1.0,7.0,0,0,3,1,1.0,
202400048782,155 695 867,A01,3.0,7.0,14,0,3,1,1.0,
202400048783,155 695 868,B01,0.0,2.0,0,2,1,15,1.0,
202400048784,155 695 866,A01,2.0,7.0,4,0,9,9,1.0,
202400048785,155 695 865,A01,1.0,10.0,0,1,4,4,1.0,
202400048786,155 695 864,A01,1.0,7.0,13,0,1,1,1.0,
202400048787,155 695 863,A01,2.0,7.0,4,0,3,1,1.0,
202400048788,155 695 862,A01,1.0,7.0,4,0,1,1,1.0,
202400048789,155 695 860,A01,1.0,1.0,0,1,1,1,5.0,
202400048790,155 695 861,A01,2.0,33.0,0,0,1,26,1.0,
202400048791,155 695 859,A01,3.0,7.0,8,0,1,1,1.0,
202400048792,155 695 857,A01,2.0,10.0,0,0,0,1,1.0,
202400048793,155 695 854,A01,2.0,7.0,16,0,1,1,1.0,
202400048794,155 695 853,A01,3.0,10.0,0,2,2,15,1.0,
202400048795,155 695 852,B01,2.0,33.0,0,2,1,2,1.0,
202400048796,155 695 851,A01,1.0,33.0,4,0,1,13,1.0,
202400048797,155 695 849,A01,2.0,10.0,0,1,1,1,3.0,
202400048798,155 695 848,A01,1.0,7.0,3,0,1,21,1.0,
202400048799,155 695 847,B01,3.0,7.0,0,2,5,2,1.0,
202400048800,155 695 846,A01,2.0,10.0,0,1,4,20,1.0,
202400048801,155 695 844,A01,2.0,1.0,0,1,3,5,5.0,
202400048802,155 695 842,A01,1.0,80.0,0,0,0,0,3.0,
202400048803,155 695 840,A01,2.0,7.0,0,2,1,2,1.0,
202400048804,155 695 841,B01,1.0,1.0,0,2,8,14,5.0,
202400048805,155 695 839,A01,3.0,1.0,10,0,1,26,5.0,
202400048806,155 695 836,A01,3.0,7.0,12,0,9,1,1.0,
202400048807,155 695 838,A01,1.0,7.0,1,0,2,14,1.0,
202400048808,155 695 835,A01,1.0,7.0,0,2,2,1,1.0,
202400048809,155 695 834,A01,1.0,2.0,0,0,8,1,1.0,
202400048810,155 695 828,A01,3.0,7.0,2,0,1,13,1.0,
202400048811,155 695 831,Z01,3.0,7.0,0,1,1,1,1.0,
202400048812,155 695 830,A01,2.0,7.0,0,2,1,15,1.0,
202400048813,155 695 824,A01,1.0,17.0,0,2,2,1,1.0,
202400048814,155 695 823,A01,3.0,7.0,0,9,5,16,1.0,
202400048815,155 695 822,B01,1.0,7.0,0,2,1,26,1.0,
202400048816,155 695 820,B01,1.0,37.0,0,2,1,15,1.0,1
202400048817,155 695 816,A01,2.0,7.0,0,2,0,17,1.0,
202400048818,155 695 814,A01,2.0,7.0,1,1,3,0,1.0,
202400048819,155 695 811,B01,2.0,2.0,0,2,1,1,1.0,
202400048820,155 695 808,B01,1.0,7.0,0,2,8,13,1.0,
202400048821,155 695 807,B01,2.0,7.0,0,0,8,15,1.0,
202400048822,155 695 805,A01,1.0,7.0,0,1,1,1,0.0,
202400048823,155 695 804,A01,1.0,7.0,0,2,2,12,1.0,
202400048824,155 695 802,A01,2.0,10.0,0,1,3,2,1.0,
202400048825,155 695 803,A01,1.0,7.0,0,1,3,26,1.0,
202400048826,155 695 799,B01,3.0,7.0,0,2,6,15,1.0,
202400048827,155 695 798,B01,1.0,7.0,4,2,3,1,1.0,
202400048828,155 695 794,A01,2.0,7.0,0,1,4,4,0.0,
202400048829,155 695 792,A01,3.0,7.0,0,2,3,15,1.0,
202400048830,155 695 793,Z01,1.0,7.0,0,2,1,1,0.0,
202400048831,155 695 791,B01,3.0,7.0,0,2,1,1,1.0,
202400048832,155 695 788,A01,1.0,7.0,0,1,3,15,1.0,
202400048833,155 695 787,A01,1.0,7.0,0,9,0,0,0.0,
202400048834,155 695 785,A01,1.0,7.0,0,0,3,1,1.0,
202400048835,155 695 780,B01,2.0,10.0,0,2,7,16,0.0,
202400048836,155 695 781,B01,1.0,7.0,0,2,1,1,1.0,
202400048837,155 695 778,A01,1.0,7.0,3,0,1,0,1.0,
202400048838,155 695 779,B01,1.0,2.0,0,2,8,1,1.0,
202400048839,155 695 776,Z01,1.0,7.0,0,1,0,0,0.0,
202400048840,155 695 775,B01,2.0,34.0,0,2,1,1,1.0,
202400048841,155 695 771,A01,1.0,7.0,0,1,4,4,1.0,
202400048842,155 695 770,A01,2.0,7.0,0,2,8,10,1.0,