Num_Acc,id_vehicule,num_veh,senc,catv,obs,obsm,choc,manv,motor,occutc
202400048843,155 695 768,A01,1.0,7.0,0,1,2,1,1.0,
202400048844,155 695 769,C01,1.0,17.0,0,2,2,1,1.0,
202400048845,155 695 764,B01,2.0,60.0,0,2,4,0,5.0,
202400048846,155 695 759,A01,1.0,50.0,0,2,1,1,3.0,
202400048847,155 695 760,B01,2.0,7.0,0,0,4,23,1.0,
202400048848,155 695 765,A01,0.0,32.0,0,2,1,0,1.0,
202400048849,155 695 755,A01,2.0,3.0,0,2,2,15,1.0,
202400048850,155 695 754,A01,3.0,10.0,1,2,0,1,0.0,
202400048851,155 695 753,A01,2.0,7.0,0,2,3,0,1.0,
202400048852,155 695 750,A01,1.0,50.0,0,2,3,25,3.0,
202400048853,155 695 745,B01,1.0,17.0,0,2,2,1,1.0,
202400048854,155 695 743,B01,1.0,33.0,0,2,8,1,1.0,
202400048855,155 695 742,B01,2.0,7.0,8,2,4,2,1.0,
202400048856,155 695 739,Z01,2.0,0.0,0,2,0,2,0.0,
202400048857,155 695 737,A01,0.0,1.0,0,0,0,1,5.0,
202400048858,155 695 741,A01,1.0,7.0,0,1,1,17,2.0,
202400048859,155 695 738,B01,1.0,7.0,0,2,2,1,1.0,
202400048860,155 695 735,A01,2.0,7.0,13,0,9,2,1.0,
202400048861,155 695 733,A01,1.0,7.0,2,0,7,14,1.0,
202400048862,155 695 734,B01,1.0,7.0,0,2,4,1,1.0,
202400048863,155 695 732,A01,2.0,7.0,0,1,2,1,1.0,
202400048864,155 695 729,B01,2.0,7.0,0,2,8,15,1.0,
202400048865,155 695 730,A01,1.0,33.0,0,0,7,14,1.0,
202400048866,155 695 722,A01,1.0,30.0,0,2,7,1,1.0,
202400048867,155 695 723,A01,1.0,7.0,0,2,1,2,0.0,
202400048868,155 695 721,A01,1.0,7.0,13,0,2,1,1.0,
202400048869,155 695 720,A01,1.0,7.0,0,2,1,1,1.0,
202400048870,155 695 719,A01,1.0,13.0,13,0,1,0,1.0,
202400048871,155 695 716,A01,2.0,7.0,0,2,6,15,1.0,
202400048872,155 695 713,A01,1.0,7.0,0,2,8,15,1.0,
202400048873,155 695 710,A01,0.0,7.0,0,2,3,15,1.0,
202400048874,155 695 707,A01,2.0,7.0,0,2,2,11,1.0,
202400048875,155 695 705,A01,2.0,7.0,2,0,3,1,1.0,
202400048876,155 695 708,A01,2.0,7.0,0,2,5,15,1.0,
202400048877,155 695 704,B01,2.0,33.0,0,2,1,1,1.0,
202400048878,155 695 703,A01,1.0,7.0,0,1,1,1,1.0,
202400048879,155 695 702,A01,3.0,30.0,0,1,1,1,1.0,
202400048880,155 695 701,A01,1.0,7.0,2,0,1,1,1.0,
202400048881,155 695 698,A01,2.0,31.0,6,0,1,26,1.0,
202400048882,155 695 699,A01,1.0,33.0,0,2,1,5,1.0,
202400048883,155 695 694,A01,1.0,7.0,0,2,5,15,1.0,
202400048884,155 695 693,A01,1.0,33.0,17,0,1,1,1.0,
202400048885,155 695 691,A01,2.0,10.0,13,0,1,14,1.0,
202400048886,155 695 690,Y01,3.0,1.0,0,0,7,14,5.0,
202400048887,155 695 686,B01,2.0,2.0,0,2,3,1,1.0,
202400048888,155 695 683,A01,1.0,7.0,8,0,3,1,1.0,
202400048889,155 695 685,A01,3.0,7.0,0,2,2,15,1.0,
202400048890,155 695 682,C01,2.0,7.0,0,2,4,2,1.0,
202400048891,155 695 678,A01,2.0,7.0,2,0,2,14,1.0,
202400048892,155 695 679,A01,2.0,7.0,0,2,2,13,1.0,
202400048893,155 695 674,A01,1.0,7.0,0,2,3,9,1.0,
202400048894,155 695 672,A01,1.0,7.0,0,2,3,17,1.0,
202400048895,155 695 671,A01,1.0,32.0,0,2,4,0,1.0,
202400048896,155 695 669,A01,2.0,10.0,0,2,1,17,1.0,
202400048897,155 695 667,Z01,3.0,0.0,0,1,1,15,0.0,
202400048898,155 695 666,Z01,3.0,7.0,0,2,0,15,0.0,
202400048899,155 695 665,A01,2.0,7.0,0,2,1,1,1.0,
202400048900,155 695 662,B01,2.0,1.0,0,2,4,23,5.0,
202400048901,155 695 659,A01,2.0,7.0,9,0,4,1,1.0,
202400048902,155 695 657,C01,2.0,7.0,0,2,8,2,1.0,
202400048903,155 695 660,A01,1.0,7.0,0,1,2,1,1.0,
202400048904,155 695 656,A01,2.0,7.0,13,0,9,0,1.0,
202400048905,155 695 655,A01,3.0,30.0,0,2,1,13,1.0,
202400048906,155 695 653,A01,1.0,17.0,3,0,1,12,1.0,
202400048907,155 695 652,B01,2.0,7.0,0,2,1,1,1.0,
202400048908,155 695 650,A01,1.0,7.0,13,0,1,1,1.0,
202400048909,155 695 646,A01,1.0,33.0,0,2,1,1,1.0,
202400048910,155 695 648,A01,1.0,7.0,0,2,2,1,1.0,
202400048911,155 695 644,A01,2.0,7.0,0,2,7,13,1.0,
202400048912,155 695 642,A01,3.0,7.0,0,2,3,1,1.0,
202400048913,155 695 640,A01,0.0,7.0,6,0,1,1,1.0,
202400048914,155 695 638,C01,2.0,7.0,0,2,1,1,1.0,
202400048915,155 695 635,A01,3.0,7.0,0,2,3,16,1.0,
202400048916,155 695 634,A01,1.0,7.0,0,2,5,16,1.0,
202400048917,155 695 633,B01,1.0,2.0,0,2,1,1,1.0,
202400048918,155 695 626,B01,1.0,7.0,0,2,8,1,1.0,
202400048919,155 695 623,A01,1.0,7.0,0,2,1,15,1.0,
202400048920,155 695 622,A01,3.0,7.0,0,2,1,1,1.0,
202400048921,155 695 624,B01,2.0,7.0,0,2,6,1,0.0,
202400048922,155 695 621,B01,1.0,34.0,0,2,1,1,1.0,
202400048923,155 695 620,A01,1.0,7.0,0,1,2,16,1.0,
202400048924,155 695 616,A01,2.0,33.0,12,2,1,18,1.0,
202400048925,155 695 615,A01,1.0,10.0,0,2,3,1,1.0,
202400048926,155 695 613,A01,3.0,7.0,6,0,3,1,1.0,
202400048927,155 695 609,A01,0.0,2.0,7,0,1,5,1.0,
202400048928,155 695 608,A01,1.0,7.0,0,2,7,15,1.0,
202400048929,155 695 604,A01,1.0,7.0,0,2,1,1,1.0,
202400048930,155 695 605,A01,1.0,7.0,0,2,1,1,1.0,
202400048931,155 695 602,A01,3.0,1.0,0,2,8,21,5.0,
202400048932,155 695 600,A01,2.0,7.0,0,2,2,1,1.0,
202400048933,155 695 601,A01,1.0,50.0,0,1,0,1,3.0,
202400048934,155 695 596,A01,2.0,7.0,3,0,1,14,1.0,
202400048935,155 695 595,A01,1.0,33.0,0,2,1,2,1.0,
202400048936,155 695 594,A01,2.0,30.0,0,2,1,17,1.0,
202400048937,155 695 592,A01,2.0,7.0,0,0,6,1,1.0,
202400048938,155 695 590,A01,1.0,7.0,1,0,1,13,1.0,
202400048939,155 695 589,A01,2.0,7.0,0,2,3,15,1.0,
202400048940,155 695 585,B01,3.0,7.0,0,2,4,23,1.0,
202400048941,155 695 584,A01,1.0,2.0,0,2,7,17,1.0,
202400048942,155 695 576,F01,2.0,10.0,0,2,1,2,1.0,
202400048943,155 695 574,B01,1.0,7.0,0,2,0,0,1.0,
202400048944,155 695 573,B01,1.0,7.0,0,2,-1,0,1.0,
202400048945,155 695 571,A01,2.0,7.0,0,2,1,1,1.0,
202400048946,155 695 572,A01,1.0,7.0,0,2,1,2,1.0,
202400048947,155 695 568,A01,1.0,7.0,0,2,2,17,1.0,
202400048948,155 695 566,A01,1.0,7.0,0,1,1,1,2.0,
202400048949,155 695 565,A01,1.0,7.0,0,2,2,2,1.0,
202400048950,155 695 564,A01,2.0,7.0,0,1,2,1,1.0,
202400048951,155 695 563,A01,2.0,7.0,0,2,3,5,1.0,
202400048952,155 695 558,A01,2.0,33.0,0,0,7,1,1.0,
202400048953,155 695 556,B01,1.0,7.0,0,2,7,1,1.0,
202400048954,155 695 559,A01,1.0,7.0,1,0,1,14,1.0,
202400048955,155 695 552,A01,0.0,7.0,2,0,1,1,1.0,
202400048956,155 695 551,A01,1.0,33.0,0,2,1,5,1.0,
202400048957,155 695 550,A01,1.0,7.0,0,2,1,10,1.0,
202400048958,155 695 548,A01,0.0,2.0,0,1,1,1,1.0,
202400048959,155 695 547,A01,1.0,3.0,0,1,1,1,1.0,
202400048960,155 695 549,B01,1.0,31.0,1,2,1,9,1.0,
202400048961,155 695 545,A01,3.0,7.0,0,1,3,15,1.0,
202400048962,155 695 542,A01,3.0,2.0,0,2,3,1,6.0,
202400048963,155 695 546,A01,3.0,7.0,11,0,1,1,1.0,
202400048964,155 695 539,A01,2.0,33.0,0,0,0,17,1.0,
202400048965,155 695 541,B01,3.0,7.0,0,2,7,1,1.0,
202400048966,155 695 536,A01,1.0,7.0,13,0,1,1,1.0,
202400048967,155 695 534,B01,1.0,7.0,0,2,5,2,3.0,
202400048968,155 695 532,A01,2.0,7.0,3,0,1,1,1.0,
202400048969,155 695 537,A01,2.0,7.0,1,1,4,23,1.0,
202400048970,155 695 531,B01,2.0,1.0,0,2,1,1,5.0,
202400048971,155 695 528,B01,1.0,2.0,0,2,8,1,1.0,
202400048972,155 695 527,A01,2.0,7.0,0,2,7,13,1.0,
202400048973,155 695 535,A01,1.0,7.0,13,0,1,6,1.0,
202400048974,155 695 522,A01,1.0,7.0,0,2,3,0,1.0,
202400048975,155 695 521,A01,3.0,50.0,0,2,1,1,3.0,
202400048976,155 695 518,B01,1.0,7.0,0,2,2,1,1.0,
202400048977,155 695 516,A01,3.0,7.0,0,1,2,1,1.0,
202400048978,155 695 515,A01,2.0,7.0,0,2,3,13,1.0,
202400048979,155 695 514,A01,2.0,7.0,0,2,1,2,1.0,
202400048980,155 695 513,A01,1.0,7.0,0,2,1,1,1.0,
202400048981,155 695 508,A01,1.0,7.0,14,0,7,13,1.0,
202400048982,155 695 509,B01,2.0,7.0,0,2,1,2,1.0,
202400048983,155 695 507,A01,2.0,7.0,0,2,4,1,1.0,
202400048984,155 695 502,A01,1.0,7.0,14,0,2,1,1.0,
202400048985,155 695 504,A01,1.0,33.0,0,2,2,3,1.0,
202400048986,155 695 500,B01,2.0,7.0,8,2,2,1,1.0,
202400048987,155 695 496,A01,2.0,7.0,0,0,5,2,1.0,
202400048988,155 695 493,Z01,2.0,7.0,0,2,0,13,0.0,
202400048989,155 695 489,A01,1.0,40.0,0,1,8,26,3.0,
202400048990,155 695 491,B01,2.0,14.0,0,2,1,0,0.0,
202400048991,155 695 485,B01,0.0,2.0,0,0,8,0,1.0,
202400048992,155 695 484,A01,2.0,33.0,14,0,1,1,1.0,
202400048993,155 695 482,A01,1.0,7.0,0,1,1,1,1.0,
202400048994,155 695 480,A01,1.0,30.0,16,2,2,24,1.0,
202400048995,155 695 476,A01,1.0,7.0,0,2,2,15,1.0,
202400048996,155 695 477,A01,1.0,7.0,0,2,3,16,1.0,
202400048997,155 695 472,A01,2.0,7.0,0,1,2,26,1.0,
202400048998,155 695 471,A01,1.0,34.0,0,2,0,1,1.0,
202400048999,155 695 468,A01,2.0,7.0,3,0,1,1,1.0,
202400049000,155 695 470,A01,2.0,7.0,0,2,3,1,1.0,
202400049001,155 695 473,A01,2.0,7.0,1,1,3,21,1.0,
202400049002,155 695 466,A01,1.0,7.0,0,1,5,1,3.0,
202400049003,155 695 464,B01,3.0,33.0,0,2,3,1,1.0,
202400049004,155 695 458,A01,1.0,7.0,0,2,1,1,1.0,
202400049005,155 695 459,A01,3.0,7.0,0,1,1,0,2.0,
202400049006,155 695 457,A01,1.0,2.0,14,2,3,3,1.0,
202400049007,155 695 462,A01,2.0,14.0,6,2,4,1,1.0,
202400049008,155 695 453,C01,1.0,7.0,0,0,6,1,1.0,
202400049009,155 695 454,A01,1.0,2.0,0,0,8,15,3.0,
202400049010,155 695 461,B01,3.0,50.0,0,2,0,0,3.0,
202400049011,155 695 448,B01,1.0,7.0,6,2,8,1,1.0,
202400049012,155 695 447,B01,1.0,2.0,0,0,0,2,1.0,
202400049013,155 695 446,A01,2.0,7.0,0,2,7,16,1.0,
202400049014,155 695 442,A01,2.0,7.0,3,2,7,17,1.0,
202400049015,155 695 440,A01,2.0,50.0,0,1,1,1,3.0,
202400049016,155 695 441,A01,1.0,7.0,0,1,3,19,1.0,
202400049017,155 695 439,A01,1.0,34.0,0,2,2,2,1.0,
202400049018,155 695 434,A01,1.0,1.0,0,0,1,1,5.0,
202400049019,155 695 435,B01,2.0,7.0,0,2,6,23,2.0,
202400049020,155 695 436,A01,1.0,7.0,0,1,2,1,1.0,
202400049021,155 695 429,B01,1.0,7.0,0,9,3,2,2.0,
202400049022,155 695 430,A01,1.0,7.0,6,0,2,1,1.0,
202400049023,155 695 427,A01,1.0,7.0,0,2,1,1,1.0,
202400049024,155 695 426,A01,2.0,7.0,0,2,2,21,1.0,
202400049025,155 695 424,A01,2.0,31.0,0,2,1,18,3.0,
202400049026,155 695 422,A01,0.0,7.0,0,1,3,1,1.0,
202400049027,155 695 419,A01,1.0,7.0,0,2,1,13,1.0,
202400049028,155 695 420,A01,2.0,10.0,0,2,8,11,1.0,
202400049029,155 695 416,B01,1.0,30.0,0,2,1,1,1.0,
202400049030,155 695 414,A01,2.0,10.0,14,1,2,1,1.0,
202400049031,155 695 408,A01,3.0,7.0,0,2,1,2,1.0,
202400049032,155 695 407,C01,2.0,10.0,0,2,4,2,1.0,
202400049033,155 695 406,A01,1.0,7.0,0,2,3,1,1.0,
202400049034,155 695 413,A01,1.0,2.0,12,2,4,26,1.0,
202400049035,155 695 405,A01,3.0,7.0,0,2,3,15,1.0,
202400049036,155 695 401,A01,2.0,34.0,0,2,1,13,1.0,
202400049037,155 695 399,A01,2.0,2.0,0,2,1,18,1.0,
202400049038,155 695 397,A01,1.0,10.0,0,0,0,1,1.0,
202400049039,155 695 398,A01,1.0,7.0,0,1,3,15,1.0,
202400049040,155 695 393,A01,1.0,37.0,0,1,5,16,1.0,1
202400049041,155 695 394,A01,1.0,7.0,0,0,9,16,1.0,
202400049042,155 695 391,A01,3.0,30.0,0,2,2,1,1.0,
202400049043,155 695 390,A01,1.0,7.0,2,0,7,13,1.0,
202400049044,155 695 396,A01,1.0,7.0,6,0,1,1,1.0,
202400049045,155 695 387,A01,1.0,1.0,0,2,3,13,5.0,
202400049046,155 695 386,A01,3.0,7.0,0,0,3,22,1.0,
202400049047,155 695 385,A01,1.0,7.0,0,1,2,1,1.0,
202400049048,155 695 383,A01,2.0,7.0,0,2,1,1,1.0,
202400049049,155 695 382,A01,2.0,2.0,12,0,1,2,1.0,
202400049050,155 695 381,A01,1.0,7.0,1,0,1,1,1.0,
202400049051,155 695 379,A01,1.0,7.0,1,0,2,13,1.0,
202400049052,155 695 378,B01,1.0,50.0,0,2,1,1,3.0,
202400049053,155 695 377,A01,1.0,7.0,3,0,1,1,1.0,
202400049054,155 695 375,Z01,1.0,7.0,0,2,2,5,1.0,
202400049055,155 695 371,A01,1.0,7.0,0,2,1,0,1.0,
202400049056,155 695 370,B01,1.0,50.0,0,2,4,16,3.0,
202400049057,155 695 372,A01,0.0,7.0,0,2,4,2,1.0,
202400049058,155 695 368,A01,2.0,7.0,4,0,1,0,1.0,
202400049059,155 695 365,A01,3.0,7.0,0,9,3,10,1.0,
202400049060,155 695 364,Z01,3.0,30.0,0,2,1,19,0.0,
202400049061,155 695 360,A01,3.0,7.0,0,0,4,26,0.0,
202400049062,155 695 358,A01,3.0,7.0,0,2,6,23,1.0,
202400049063,155 695 354,A01,2.0,7.0,0,2,3,13,1.0,
202400049064,155 695 353,A01,2.0,7.0,0,2,8,13,1.0,
202400049065,155 695 352,A01,1.0,10.0,0,2,2,16,1.0,
202400049066,155 695 349,A01,3.0,7.0,0,2,1,21,1.0,
202400049067,155 695 348,A01,1.0,7.0,1,0,2,1,0.0,
202400049068,155 695 347,A01,1.0,7.0,0,2,1,1,1.0,
202400049069,155 695 346,Z01,1.0,7.0,0,1,2,1,0.0,
202400049070,155 695 341,A01,1.0,33.0,0,0,0,1,1.0,
202400049071,155 695 340,B01,2.0,32.0,0,2,1,0,1.0,
202400049072,155 695 339,A01,2.0,7.0,0,0,7,20,1.0,
202400049073,155 695 336,B01,2.0,10.0,0,2,3,1,1.0,
202400049074,155 695 328,A01,2.0,7.0,0,2,1,26,1.0,
202400049075,155 695 330,B01,2.0,1.0,0,2,1,1,5.0,
202400049076,155 695 331,C01,1.0,7.0,0,2,4,2,1.0,
202400049077,155 695 332,A01,1.0,7.0,0,2,4,23,1.0,
202400049078,155 695 326,A01,2.0,7.0,13,0,1,14,1.0,
202400049079,155 695 329,A01,2.0,34.0,4,0,1,2,1.0,
202400049080,155 695 325,A01,1.0,7.0,0,2,5,15,1.0,
202400049081,155 695 321,A01,1.0,7.0,15,0,3,1,1.0,
202400049082,155 695 320,A01,2.0,7.0,0,2,2,1,1.0,
202400049083,155 695 323,A01,0.0,7.0,0,1,4,4,1.0,
202400049084,155 695 317,A01,2.0,7.0,15,0,1,1,1.0,
202400049085,155 695 316,A01,1.0,7.0,9,0,1,1,2.0,
202400049086,155 695 310,A01,1.0,7.0,0,2,4,0,1.0,
202400049087,155 695 312,A01,0.0,2.0,1,0,1,0,1.0,
202400049088,155 695 311,A01,2.0,31.0,0,2,8,3,1.0,
202400049089,155 695 313,A01,1.0,7.0,0,2,1,9,1.0,
202400049090,155 695 309,A01,2.0,7.0,2,0,3,1,1.0,
202400049091,155 695 306,A01,2.0,33.0,0,0,9,1,1.0,
202400049092,155 695 303,A01,1.0,32.0,0,1,2,0,1.0,
202400049093,155 695 304,B01,2.0,7.0,0,2,1,1,1.0,
202400049094,155 695 301,A01,1.0,7.0,0,2,2,15,1.0,
202400049095,155 695 298,A01,1.0,10.0,0,9,2,17,1.0,
202400049096,155 695 294,A01,1.0,2.0,0,2,1,19,1.0,
202400049097,155 695 291,B01,2.0,7.0,0,2,6,21,1.0,
202400049098,155 695 292,A01,3.0,7.0,1,0,2,1,1.0,
202400049099,155 695 293,A01,1.0,34.0,0,2,1,17,1.0,
202400049100,155 695 290,A01,1.0,7.0,0,2,2,12,1.0,
202400049101,155 695 287,A01,1.0,80.0,0,0,0,21,3.0,
202400049102,155 695 286,A01,1.0,7.0,2,0,2,14,1.0,
202400049103,155 695 296,A01,1.0,7.0,1,0,0,1,1.0,
202400049104,155 695 282,B01,2.0,7.0,0,2,5,15,1.0,
202400049105,155 695 281,A01,2.0,1.0,0,2,9,13,5.0,
202400049106,155 695 278,A01,3.0,10.0,0,1,3,26,1.0,
202400049107,155 695 276,B01,3.0,7.0,9,2,1,1,1.0,
202400049108,155 695 279,A01,3.0,7.0,1,2,1,13,0.0,
202400049109,155 695 277,A01,1.0,15.0,0,2,4,2,1.0,
202400049110,155 695 273,A01,1.0,31.0,0,1,1,1,1.0,
202400049111,155 695 269,A01,2.0,36.0,15,0,1,1,1.0,
202400049112,155 695 272,A01,2.0,7.0,0,2,7,1,1.0,
202400049113,155 695 264,A01,2.0,10.0,13,0,1,0,0.0,
202400049114,155 695 268,B01,1.0,43.0,0,2,1,2,1.0,
202400049115,155 695 263,A01,1.0,10.0,0,2,5,1,1.0,
202400049116,155 695 265,B01,2.0,50.0,0,2,4,1,3.0,
202400049117,155 695 261,A01,2.0,33.0,0,0,1,1,1.0,
202400049118,155 695 262,A01,2.0,7.0,0,1,1,1,1.0,
202400049119,155 695 259,A01,1.0,7.0,0,2,7,10,1.0,
202400049120,155 695 260,A01,0.0,7.0,0,1,2,1,1.0,
202400049121,155 695 255,A01,1.0,7.0,0,2,2,19,1.0,
202400049122,155 695 254,A01,2.0,7.0,0,2,4,1,1.0,
202400049123,155 695 253,A01,1.0,7.0,7,0,3,13,1.0,
202400049124,155 695 248,A01,2.0,2.0,0,2,3,1,3.0,
202400049125,155 695 252,B01,1.0,43.0,0,2,2,15,1.0,
202400049126,155 695 247,B01,1.0,7.0,0,2,2,19,3.0,
202400049127,155 695 245,A01,1.0,7.0,0,2,2,1,1.0,
202400049128,155 695 243,A01,2.0,7.0,0,2,7,17,1.0,
202400049129,155 695 244,A01,1.0,33.0,0,1,0,1,1.0,
202400049130,155 695 241,B01,2.0,7.0,0,2,3,0,1.0,
202400049131,155 695 240,A01,2.0,7.0,0,2,1,21,1.0,
202400049132,155 695 239,A01,3.0,7.0,0,1,1,16,1.0,
202400049133,155 695 234,A01,2.0,13.0,0,1,3,1,1.0,
202400049134,155 695 232,A01,1.0,7.0,0,2,2,17,1.0,
202400049135,155 695 228,A01,3.0,33.0,0,2,1,13,1.0,
202400049136,155 695 231,A01,2.0,2.0,0,2,1,1,3.0,
202400049137,155 695 226,B01,2.0,7.0,1,2,9,23,2.0,
202400049138,155 695 221,A01,3.0,10.0,0,9,3,16,1.0,
202400049139,155 695 225,A01,1.0,7.0,0,1,3,15,1.0,
202400049140,155 695 222,B01,3.0,1.0,0,2,2,1,5.0,
202400049141,155 695 219,A01,1.0,7.0,15,0,1,15,1.0,
202400049142,155 695 218,B01,3.0,7.0,0,2,2,21,1.0,
202400049143,155 695 220,B01,2.0,33.0,0,2,1,1,1.0,
202400049144,155 695 217,A01,1.0,43.0,14,2,7,14,1.0,
202400049145,155 695 215,B01,2.0,7.0,0,2,1,1,1.0,
202400049146,155 695 213,A01,1.0,34.0,0,2,1,13,1.0,
202400049147,155 695 214,A01,1.0,7.0,6,0,1,0,1.0,
202400049148,155 695 211,A01,3.0,1.0,0,0,1,21,5.0,
202400049149,155 695 210,A01,3.0,7.0,0,1,3,15,1.0,
202400049150,155 695 212,A01,1.0,2.0,13,0,1,0,1.0,
202400049151,155 695 209,A01,2.0,7.0,0,1,1,15,1.0,
202400049152,155 695 208,A01,1.0,10.0,15,0,1,0,1.0,
202400049153,155 695 207,A01,1.0,7.0,10,0,1,13,1.0,
202400049154,155 695 205,A01,0.0,7.0,0,1,2,19,2.0,
202400049155,155 695 204,A01,1.0,80.0,0,0,7,15,3.0,
202400049156,155 695 200,A01,2.0,7.0,0,0,7,15,1.0,
202400049157,155 695 197,B01,3.0,7.0,0,2,1,26,1.0,
202400049158,155 695 194,A01,3.0,10.0,0,2,1,0,1.0,
202400049159,155 695 189,A01,1.0,7.0,6,0,3,0,1.0,
202400049160,155 695 193,A01,2.0,7.0,0,2,1,5,1.0,
202400049161,155 695 188,A01,1.0,32.0,0,2,1,1,1.0,
202400049162,155 695 183,Z01,0.0,7.0,0,2,2,17,0.0,
202400049163,155 695 191,B01,1.0,80.0,1,2,1,15,3.0,
202400049164,155 695 181,A01,2.0,7.0,0,2,3,13,1.0,
202400049165,155 695 184,A01,1.0,31.0,0,2,3,1,1.0,
202400049166,155 695 190,A01,3.0,33.0,12,2,0,17,1.0,
202400049167,155 695 176,A01,2.0,33.0,0,0,3,1,1.0,
202400049168,155 695 172,A01,1.0,7.0,0,2,4,12,1.0,
202400049169,155 695 174,A01,1.0,34.0,9,2,1,1,1.0,
202400049170,155 695 170,A01,1.0,7.0,6,0,2,1,1.0,
202400049171,155 695 166,B01,1.0,7.0,0,2,2,16,1.0,
202400049172,155 695 167,A01,2.0,7.0,0,1,1,15,1.0,
202400049173,155 695 160,A01,1.0,7.0,0,2,2,9,1.0,
202400049174,155 695 164,A01,1.0,7.0,0,2,1,21,1.0,
202400049175,155 695 168,A01,2.0,7.0,0,2,3,15,1.0,
202400049176,155 695 159,A01,2.0,7.0,0,2,1,11,1.0,
202400049177,155 695 158,B01,2.0,7.0,0,2,3,1,1.0,
202400049178,155 695 152,A01,2.0,7.0,0,1,3,1,1.0,
202400049179,155 695 149,A01,1.0,33.0,12,0,2,1,1.0,
202400049180,155 695 155,A01,1.0,7.0,0,1,1,2,1.0,
202400049181,155 695 151,A01,2.0,7.0,0,2,2,16,1.0,
202400049182,155 695 157,A01,1.0,10.0,0,2,3,0,1.0,
202400049183,155 695 148,A01,2.0,7.0,0,2,8,10,1.0,
202400049184,155 695 147,Y01,1.0,1.0,0,2,0,0,5.0,
202400049185,155 695 142,A01,1.0,7.0,1,0,2,14,1.0,
202400049186,155 695 140,A01,3.0,7.0,6,0,3,1,1.0,
202400049187,155 695 141,A01,1.0,7.0,0,2,1,13,1.0,
202400049188,155 695 137,A01,3.0,50.0,0,2,1,25,3.0,
202400049189,155 695 138,Z01,1.0,7.0,0,1,7,1,1.0,
202400049190,155 695 135,B01,2.0,37.0,0,2,2,1,1.0,1
202400049191,155 695 133,B01,0.0,50.0,0,0,1,0,3.0,
202400049192,155 695 134,B01,0.0,7.0,14,0,1,1,1.0,
202400049193,155 695 128,A01,1.0,7.0,0,2,1,13,1.0,
202400049194,155 695 125,A01,2.0,10.0,0,2,1,1,1.0,
202400049195,155 695 123,B01,2.0,7.0,0,2,8,1,1.0,
202400049196,155 695 122,A01,0.0,33.0,0,2,1,1,1.0,
202400049197,155 695 118,B01,3.0,7.0,0,0,0,0,1.0,
202400049198,155 695 120,B01,3.0,1.0,0,2,7,19,5.0,
202400049199,155 695 116,A01,1.0,7.0,0,2,0,15,1.0,
202400049200,155 695 109,A01,3.0,7.0,13,0,1,1,1.0,
202400049201,155 695 113,A01,1.0,15.0,0,2,1,1,1.0,
202400049202,155 695 107,B01,1.0,32.0,0,2,2,1,1.0,
202400049203,155 695 111,B01,3.0,1.0,0,2,7,1,5.0,
202400049204,155 695 108,A01,1.0,33.0,0,0,9,1,1.0,
202400049205,155 695 106,A01,2.0,7.0,2,0,1,1,1.0,
202400049206,155 695 105,A01,1.0,7.0,0,2,5,22,2.0,
202400049207,155 695 114,A01,3.0,7.0,0,1,3,1,1.0,
202400049208,155 695 103,A01,1.0,7.0,0,1,3,1,1.0,
202400049209,155 695 104,A01,2.0,17.0,0,0,8,1,1.0,
202400049210,155 695 101,A01,1.0,7.0,0,2,1,13,1.0,
202400049211,155 695 099,A01,3.0,50.0,0,0,0,26,3.0,
202400049212,155 695 096,A01,1.0,7.0,0,2,7,15,1.0,
202400049213,155 695 093,A01,1.0,7.0,0,1,1,1,1.0,
202400049214,155 695 094,B01,1.0,7.0,0,2,4,1,2.0,
202400049215,155 695 091,A01,1.0,33.0,3,0,8,1,1.0,
202400049216,155 695 095,A01,2.0,7.0,3,0,2,0,1.0,
202400049217,155 695 090,B01,3.0,7.0,0,2,3,1,1.0,
202400049218,155 695 088,A01,1.0,7.0,0,1,1,15,1.0,
202400049219,155 695 086,B01,2.0,7.0,0,2,8,1,1.0,
202400049220,155 695 078,A01,3.0,32.0,0,2,2,17,1.0,
202400049221,155 695 081,A01,3.0,33.0,0,2,1,21,1.0,
202400049222,155 695 082,A01,3.0,7.0,2,0,1,13,2.0,
202400049223,155 695 080,B01,1.0,1.0,0,2,3,1,5.0,
202400049224,155 695 079,A01,2.0,33.0,0,1,1,17,1.0,
202400049225,155 695 077,A01,3.0,7.0,0,1,0,1,1.0,
202400049226,155 695 073,B01,3.0,7.0,0,2,3,24,1.0,
202400049227,155 695 072,A01,2.0,7.0,3,0,2,14,1.0,
202400049228,155 695 071,A01,1.0,7.0,0,2,2,1,0.0,
202400049229,155 695 070,A01,2.0,1.0,0,1,1,1,5.0,
202400049230,155 695 068,A01,3.0,40.0,0,1,2,1,3.0,
202400049231,155 695 064,A01,1.0,7.0,0,0,1,1,1.0,
202400049232,155 695 063,A01,1.0,30.0,0,2,2,17,1.0,
202400049233,155 695 057,B01,3.0,7.0,0,2,4,23,1.0,
202400049234,155 695 056,A01,3.0,1.0,0,0,0,1,5.0,
202400049235,155 695 059,A01,2.0,7.0,0,2,4,1,1.0,
202400049236,155 695 054,B01,1.0,10.0,0,2,3,1,1.0,
202400049237,155 695 052,A01,2.0,7.0,16,0,2,1,1.0,
202400049238,155 695 048,A01,1.0,34.0,0,2,1,1,1.0,
202400049239,155 695 049,A01,1.0,10.0,0,2,1,1,2.0,