Num_Acc,id_vehicule,num_veh,senc,catv,obs,obsm,choc,manv,motor,occutc
202400049240,155 695 046,A01,1.0,10.0,4,0,1,17,1.0,
202400049241,155 695 044,A01,1.0,10.0,16,0,0,1,1.0,
202400049242,155 695 047,A01,3.0,10.0,2,0,1,1,1.0,
202400049243,155 695 043,A01,1.0,7.0,0,1,3,17,1.0,
202400049244,155 695 042,A01,2.0,50.0,8,0,1,25,3.0,
202400049245,155 695 041,A01,1.0,1.0,0,2,1,1,5.0,
202400049246,155 695 035,A01,1.0,7.0,0,1,2,2,1.0,
202400049247,155 695 033,B01,1.0,31.0,0,2,1,1,1.0,
202400049248,155 695 034,A01,1.0,7.0,0,2,1,1,1.0,
202400049249,155 695 032,A01,0.0,7.0,2,0,6,1,1.0,
202400049250,155 695 030,A01,0.0,7.0,0,2,3,1,1.0,
202400049251,155 695 031,A01,1.0,7.0,0,9,1,1,1.0,
202400049252,155 695 026,C01,1.0,32.0,0,2,1,1,1.0,
202400049253,155 695 028,A01,3.0,32.0,0,0,7,2,1.0,
202400049254,155 695 022,B01,2.0,14.0,0,2,6,26,1.0,
202400049255,155 695 023,A01,3.0,7.0,0,2,8,9,1.0,
202400049256,155 695 021,A01,2.0,10.0,0,1,2,16,6.0,
202400049257,155 695 020,A01,1.0,7.0,6,2,1,1,1.0,
202400049258,155 695 024,A01,1.0,31.0,6,0,1,1,1.0,
202400049259,155 695 019,A01,2.0,7.0,0,0,1,1,1.0,
202400049260,155 695 013,A01,3.0,7.0,0,1,3,1,1.0,
202400049261,155 695 011,B01,2.0,7.0,12,0,1,1,1.0,
202400049262,155 695 012,B01,2.0,1.0,0,2,1,1,5.0,
202400049263,155 695 004,B01,2.0,7.0,0,2,1,1,1.0,
202400049264,155 695 003,A01,1.0,37.0,0,2,5,14,1.0,1
202400049265,155 695 006,B01,2.0,80.0,0,0,0,0,3.0,
202400049266,155 695 005,A01,1.0,30.0,0,2,1,13,1.0,
202400049267,155 694 999,A01,3.0,33.0,0,0,0,0,1.0,
202400049268,155 694 998,A01,2.0,38.0,0,2,3,1,1.0,1
202400049269,155 695 002,C01,1.0,7.0,0,0,0,23,1.0,
202400049270,155 694 994,A01,2.0,7.0,0,1,1,1,3.0,
202400049271,155 694 996,A01,1.0,7.0,0,2,1,13,1.0,
202400049272,155 694 992,A01,1.0,7.0,9,0,1,1,1.0,
202400049273,155 694 986,B01,3.0,7.0,0,2,8,1,1.0,
202400049274,155 694 991,A01,2.0,7.0,0,2,3,15,1.0,
202400049275,155 694 987,B01,2.0,2.0,0,2,6,13,1.0,
202400049276,155 694 984,A01,2.0,7.0,0,1,3,19,1.0,
202400049277,155 694 980,A01,3.0,7.0,0,2,2,20,1.0,
202400049278,155 694 978,B01,1.0,33.0,0,2,1,1,1.0,
202400049279,155 694 979,A01,3.0,7.0,0,2,6,5,1.0,
202400049280,155 694 976,A01,1.0,7.0,0,0,7,10,1.0,
202400049281,155 694 975,A01,2.0,7.0,13,0,1,1,1.0,
202400049282,155 694 973,A01,2.0,15.0,0,0,4,1,1.0,
202400049283,155 694 972,Y01,1.0,60.0,0,2,7,2,5.0,
202400049284,155 694 969,A01,0.0,7.0,0,1,1,1,6.0,
202400049285,155 694 966,A01,2.0,14.0,0,2,3,1,1.0,
202400049286,155 694 960,B01,1.0,7.0,0,2,3,1,2.0,
202400049287,155 694 959,B01,0.0,2.0,0,2,1,26,1.0,
202400049288,155 694 957,A01,3.0,7.0,13,0,7,0,0.0,
202400049289,155 694 963,B01,3.0,10.0,0,2,1,1,1.0,
202400049290,155 694 958,A01,1.0,7.0,0,2,1,17,1.0,
202400049291,155 694 955,A01,3.0,7.0,16,0,0,0,1.0,
202400049292,155 694 953,A01,1.0,50.0,1,0,1,1,3.0,
202400049293,155 694 956,B01,1.0,7.0,0,9,8,26,1.0,
202400049294,155 694 954,A01,2.0,7.0,0,2,1,15,1.0,
202400049295,155 694 948,A01,1.0,7.0,0,1,3,1,2.0,
202400049296,155 694 950,A01,2.0,32.0,12,0,1,13,1.0,
202400049297,155 694 952,Z01,1.0,0.0,0,1,0,0,1.0,
202400049298,155 694 945,A01,1.0,7.0,13,0,8,11,1.0,
202400049299,155 694 943,A01,3.0,33.0,0,2,7,21,1.0,
202400049300,155 694 937,A01,1.0,7.0,0,2,8,15,1.0,
202400049301,155 694 938,A01,1.0,7.0,0,2,1,9,1.0,
202400049302,155 694 940,B01,2.0,1.0,0,2,7,1,5.0,
202400049303,155 694 935,A01,2.0,7.0,0,2,8,11,1.0,
202400049304,155 694 933,A01,1.0,10.0,0,1,2,1,1.0,
202400049305,155 694 936,B01,0.0,7.0,0,2,4,2,1.0,
202400049306,155 694 931,B01,1.0,7.0,0,2,2,2,1.0,
202400049307,155 694 930,A01,1.0,7.0,0,2,3,10,1.0,
202400049308,155 694 922,A01,1.0,50.0,1,0,1,21,3.0,
202400049309,155 694 923,A01,3.0,7.0,0,2,3,16,1.0,
202400049310,155 694 921,A01,3.0,7.0,0,2,1,26,1.0,
202400049311,155 694 920,A01,3.0,7.0,0,2,1,19,2.0,
202400049312,155 694 919,A01,1.0,7.0,2,0,1,13,1.0,
202400049313,155 694 917,A01,2.0,7.0,0,2,8,0,1.0,
202400049314,155 694 916,B01,2.0,7.0,0,2,1,1,1.0,
202400049315,155 694 918,A01,0.0,7.0,0,9,3,24,1.0,
202400049316,155 694 915,A01,1.0,7.0,6,0,1,2,1.0,
202400049317,155 694 913,A01,2.0,7.0,3,0,1,13,1.0,
202400049318,155 694 912,A01,1.0,7.0,2,0,1,1,,
202400049319,155 694 910,A01,1.0,50.0,0,1,1,2,3.0,
202400049320,155 694 909,B01,0.0,2.0,0,2,1,1,0.0,
202400049321,155 694 906,A01,3.0,7.0,6,0,4,26,1.0,
202400049322,155 694 907,A01,1.0,10.0,4,0,3,1,1.0,
202400049323,155 694 905,B01,2.0,7.0,0,2,2,1,1.0,
202400049324,155 694 904,B01,1.0,17.0,0,2,3,1,1.0,
202400049325,155 694 898,A01,1.0,7.0,0,9,1,1,1.0,
202400049326,155 694 897,A01,1.0,2.0,12,0,0,14,3.0,
202400049327,155 694 894,A01,2.0,7.0,0,2,6,1,1.0,
202400049328,155 694 896,A01,1.0,7.0,0,2,2,15,1.0,
202400049329,155 694 895,A01,3.0,7.0,9,0,2,26,1.0,
202400049330,155 694 893,A01,2.0,7.0,2,0,1,1,1.0,
202400049331,155 694 890,A01,2.0,7.0,2,0,1,1,1.0,
202400049332,155 694 886,B01,1.0,7.0,0,2,1,1,1.0,
202400049333,155 694 885,A01,2.0,7.0,13,0,2,1,1.0,
202400049334,155 694 882,A01,1.0,7.0,0,2,2,9,1.0,
202400049335,155 694 884,A01,2.0,7.0,13,0,2,14,1.0,
202400049336,155 694 883,A01,3.0,99.0,1,2,1,2,0.0,
202400049337,155 694 880,A01,1.0,7.0,0,2,2,19,1.0,
202400049338,155 694 881,B01,3.0,7.0,0,2,4,1,2.0,
202400049339,155 694 878,A01,1.0,7.0,0,1,2,2,0.0,
202400049340,155 694 876,A01,0.0,7.0,0,1,3,15,1.0,
202400049341,155 694 869,A01,1.0,7.0,0,9,2,1,1.0,
202400049342,155 694 867,A01,2.0,10.0,6,0,1,13,1.0,
202400049343,155 694 864,A01,2.0,7.0,0,1,1,1,1.0,
202400049344,155 694 868,A01,1.0,7.0,0,1,1,9,1.0,
202400049345,155 694 871,A01,1.0,33.0,0,2,7,2,1.0,
202400049346,155 694 861,B01,2.0,7.0,4,2,4,1,2.0,
202400049347,155 694 865,A01,1.0,7.0,0,2,1,9,1.0,
202400049348,155 694 862,A01,3.0,7.0,0,2,1,26,1.0,
202400049349,155 694 863,B01,1.0,50.0,0,0,0,9,3.0,
202400049350,155 694 859,A01,2.0,7.0,2,0,1,14,1.0,
202400049351,155 694 854,B01,1.0,10.0,0,0,3,15,1.0,
202400049352,155 694 855,Z01,1.0,14.0,0,1,1,1,1.0,
202400049353,155 694 852,A01,1.0,2.0,0,2,1,12,1.0,
202400049354,155 694 850,B01,3.0,7.0,0,9,2,19,1.0,
202400049355,155 694 849,A01,2.0,7.0,0,2,1,21,1.0,
202400049356,155 694 847,A01,3.0,31.0,1,2,1,2,0.0,
202400049357,155 694 844,A01,1.0,2.0,0,0,8,1,1.0,
202400049358,155 694 845,A01,3.0,7.0,0,2,3,13,1.0,
202400049359,155 694 840,A01,1.0,10.0,0,2,1,1,1.0,
202400049360,155 694 836,A01,1.0,10.0,0,1,1,2,1.0,
202400049361,155 694 837,A01,1.0,7.0,0,2,1,16,2.0,
202400049362,155 694 831,A01,1.0,7.0,4,0,2,0,1.0,
202400049363,155 694 834,A01,2.0,10.0,1,1,1,1,0.0,
202400049364,155 694 829,B01,1.0,7.0,0,2,4,2,2.0,
202400049365,155 694 832,A01,1.0,7.0,0,2,7,2,1.0,
202400049366,155 694 830,A01,1.0,7.0,0,2,1,13,1.0,
202400049367,155 694 828,B01,3.0,7.0,0,2,3,1,1.0,
202400049368,155 694 823,A01,1.0,7.0,2,0,1,13,1.0,
202400049369,155 694 825,A01,1.0,7.0,2,0,1,1,1.0,
202400049370,155 694 820,A01,1.0,2.0,0,2,1,0,1.0,
202400049371,155 694 816,A01,0.0,7.0,0,2,2,9,1.0,
202400049372,155 694 814,B01,2.0,7.0,0,2,4,26,1.0,
202400049373,155 694 812,A01,2.0,7.0,11,0,3,6,1.0,
202400049374,155 694 809,A01,2.0,7.0,0,2,7,23,1.0,
202400049375,155 694 811,C01,1.0,99.0,0,2,1,1,1.0,
202400049376,155 694 807,A01,1.0,7.0,0,2,6,15,1.0,
202400049377,155 694 808,B01,1.0,7.0,13,0,1,2,1.0,
202400049378,155 694 806,A01,2.0,2.0,0,2,1,1,1.0,
202400049379,155 694 803,A01,2.0,7.0,0,0,4,2,1.0,
202400049380,155 694 800,A01,1.0,7.0,4,2,6,1,1.0,
202400049381,155 694 798,A01,1.0,7.0,0,2,2,26,1.0,
202400049382,155 694 796,A01,1.0,1.0,0,0,4,1,5.0,
202400049383,155 694 797,A01,1.0,7.0,3,1,3,5,1.0,
202400049384,155 694 795,B01,3.0,33.0,0,2,1,17,1.0,
202400049385,155 694 788,A01,3.0,2.0,0,0,7,13,1.0,
202400049386,155 694 787,A01,1.0,33.0,0,2,3,1,1.0,
202400049387,155 694 786,B01,1.0,7.0,0,0,3,1,1.0,
202400049388,155 694 783,A01,1.0,43.0,0,0,8,1,1.0,
202400049389,155 694 784,A01,1.0,7.0,11,2,7,12,1.0,
202400049390,155 694 781,A01,1.0,7.0,0,1,1,1,1.0,
202400049391,155 694 779,A01,2.0,7.0,1,0,2,2,1.0,
202400049392,155 694 778,B01,1.0,7.0,0,2,4,1,1.0,
202400049393,155 694 777,A01,2.0,7.0,2,0,1,21,1.0,
202400049394,155 694 780,B01,2.0,7.0,0,2,6,10,2.0,
202400049395,155 694 768,A01,2.0,7.0,3,0,1,21,1.0,
202400049396,155 694 770,B01,1.0,99.0,0,2,3,1,1.0,
202400049397,155 694 765,A01,1.0,7.0,0,2,3,13,1.0,
202400049398,155 694 774,A01,1.0,7.0,0,2,2,16,1.0,
202400049399,155 694 762,A01,1.0,7.0,4,2,3,2,1.0,
202400049400,155 694 764,A01,1.0,7.0,2,0,8,17,1.0,
202400049401,155 694 763,A01,1.0,7.0,0,2,8,15,2.0,
202400049402,155 694 761,B01,2.0,10.0,0,2,2,0,1.0,
202400049403,155 694 758,A01,1.0,7.0,0,0,0,0,1.0,
202400049404,155 694 757,A01,3.0,7.0,12,1,3,14,1.0,
202400049405,155 694 756,A01,3.0,50.0,0,1,7,1,3.0,
202400049406,155 694 753,A01,1.0,7.0,16,2,2,1,1.0,
202400049407,155 694 755,A01,1.0,7.0,0,2,8,11,1.0,
202400049408,155 694 752,A01,1.0,7.0,0,0,9,2,1.0,
202400049409,155 694 751,A01,1.0,7.0,2,0,2,1,1.0,
202400049410,155 694 748,B01,3.0,7.0,0,2,4,1,1.0,
202400049411,155 694 747,A01,3.0,37.0,0,2,5,1,1.0,1
202400049412,155 694 745,A01,3.0,7.0,0,2,1,1,1.0,
202400049413,155 694 744,A01,1.0,7.0,0,2,1,17,2.0,
202400049414,155 694 741,A01,3.0,7.0,0,1,1,1,1.0,
202400049415,155 694 739,AB01,0.0,,0,0,0,0,,
202400049416,155 694 734,A01,2.0,7.0,0,2,3,13,1.0,
202400049417,155 694 732,A01,1.0,33.0,0,2,1,2,1.0,
202400049418,155 694 731,A01,3.0,2.0,0,2,1,5,1.0,
202400049419,155 694 728,A01,1.0,7.0,0,2,1,0,1.0,
202400049420,155 694 724,A01,2.0,10.0,0,0,1,1,1.0,
202400049421,155 694 725,A01,2.0,1.0,1,2,1,1,5.0,
202400049422,155 694 726,A01,3.0,33.0,0,2,1,1,1.0,
202400049423,155 694 723,A01,3.0,7.0,0,1,7,1,6.0,
202400049424,155 694 714,A01,2.0,34.0,0,2,1,2,1.0,
202400049425,155 694 716,A01,1.0,15.0,0,2,3,12,1.0,
202400049426,155 694 713,A01,2.0,7.0,0,2,1,15,1.0,
202400049427,155 694 712,A01,2.0,7.0,0,2,1,15,1.0,
202400049428,155 694 711,B01,2.0,50.0,0,2,1,25,3.0,
202400049429,155 694 709,A01,0.0,7.0,0,0,3,19,2.0,
202400049430,155 694 708,B01,2.0,7.0,0,2,4,1,3.0,
202400049431,155 694 706,A01,1.0,10.0,0,2,1,1,0.0,
202400049432,155 694 702,A01,2.0,1.0,0,0,0,0,5.0,
202400049433,155 694 704,A01,1.0,7.0,0,2,3,15,1.0,
202400049434,155 694 698,B01,1.0,7.0,0,2,1,5,0.0,
202400049435,155 694 699,A01,1.0,7.0,8,0,3,16,1.0,
202400049436,155 694 697,A01,2.0,7.0,2,0,3,14,1.0,
202400049437,155 694 696,A01,1.0,7.0,0,2,0,16,1.0,
202400049438,155 694 694,A01,2.0,1.0,0,1,1,1,5.0,
202400049439,155 694 693,A01,1.0,50.0,0,0,2,14,3.0,
202400049440,155 694 692,B01,2.0,7.0,0,2,4,1,1.0,
202400049441,155 694 688,A01,1.0,7.0,4,0,1,1,1.0,
202400049442,155 694 685,A01,2.0,7.0,0,2,3,13,1.0,
202400049443,155 694 687,A01,0.0,34.0,1,0,1,1,1.0,
202400049444,155 694 684,A01,1.0,7.0,13,0,1,1,1.0,
202400049445,155 694 681,B01,3.0,7.0,0,2,6,1,1.0,
202400049446,155 694 680,A01,1.0,7.0,0,2,4,2,1.0,
202400049447,155 694 689,A01,1.0,33.0,0,2,2,3,1.0,
202400049448,155 694 679,A01,1.0,7.0,0,2,1,1,1.0,
202400049449,155 694 673,A01,2.0,3.0,0,2,8,9,1.0,
202400049450,155 694 668,A01,1.0,10.0,8,1,0,25,1.0,
202400049451,155 694 667,C01,1.0,33.0,0,2,1,1,1.0,
202400049452,155 694 666,A01,3.0,10.0,0,9,1,1,0.0,
202400049453,155 694 665,A01,0.0,33.0,0,0,0,0,1.0,
202400049454,155 694 664,A01,3.0,7.0,0,2,1,17,1.0,
202400049455,155 694 662,A01,1.0,7.0,3,0,1,1,2.0,
202400049456,155 694 661,A01,3.0,21.0,0,2,2,1,1.0,
202400049457,155 694 663,A01,1.0,14.0,0,2,6,24,1.0,
202400049458,155 694 657,A01,3.0,7.0,13,0,2,14,1.0,
202400049459,155 694 655,B01,2.0,31.0,1,2,1,2,1.0,
202400049460,155 694 653,A01,1.0,7.0,0,2,1,13,1.0,
202400049461,155 694 652,A01,3.0,37.0,0,1,2,1,1.0,1
202400049462,155 694 648,A01,2.0,7.0,0,2,2,17,1.0,
202400049463,155 694 647,A01,1.0,1.0,0,0,0,1,5.0,
202400049464,155 694 649,A01,1.0,7.0,13,0,3,13,1.0,
202400049465,155 694 650,B01,3.0,7.0,0,2,4,23,1.0,
202400049466,155 694 643,B01,2.0,7.0,0,2,7,1,1.0,
202400049467,155 694 645,A01,1.0,32.0,0,1,7,1,1.0,
202400049468,155 694 641,A01,1.0,7.0,0,2,3,15,1.0,
202400049469,155 694 638,A01,3.0,50.0,0,0,1,1,3.0,
202400049470,155 694 637,A01,2.0,7.0,0,2,1,13,1.0,
202400049471,155 694 636,A01,3.0,7.0,0,2,2,16,1.0,
202400049472,155 694 633,A01,1.0,33.0,0,2,2,1,1.0,
202400049473,155 694 631,B01,1.0,10.0,0,2,7,14,1.0,
202400049474,155 694 628,A01,2.0,7.0,0,2,3,15,1.0,
202400049475,155 694 627,A01,2.0,7.0,3,0,1,1,1.0,
202400049476,155 694 625,A01,2.0,7.0,0,6,2,1,1.0,
202400049477,155 694 626,A01,1.0,7.0,1,0,1,1,1.0,
202400049478,155 694 624,A01,2.0,32.0,0,2,1,5,1.0,
202400049479,155 694 623,A01,0.0,33.0,8,0,0,0,1.0,
202400049480,155 694 621,A01,3.0,7.0,0,1,3,1,1.0,
202400049481,155 694 620,A01,1.0,7.0,0,2,3,13,1.0,
202400049482,155 694 616,A01,1.0,34.0,0,0,2,1,1.0,
202400049483,155 694 611,A01,1.0,7.0,0,1,7,9,1.0,
202400049484,155 694 608,A01,1.0,7.0,0,2,1,0,1.0,
202400049485,155 694 609,A01,3.0,30.0,0,2,8,11,3.0,
202400049486,155 694 607,A01,2.0,7.0,0,2,3,9,1.0,
202400049487,155 694 606,B01,3.0,7.0,0,2,2,1,1.0,
202400049488,155 694 605,A01,2.0,33.0,0,0,9,16,1.0,
202400049489,155 694 601,A01,1.0,7.0,0,2,4,2,2.0,
202400049490,155 694 602,A01,1.0,33.0,8,0,1,0,1.0,
202400049491,155 694 600,A01,2.0,33.0,0,2,1,2,1.0,
202400049492,155 694 598,B01,1.0,1.0,0,2,8,15,5.0,
202400049493,155 694 594,A01,1.0,7.0,0,1,2,1,1.0,
202400049494,155 694 595,A01,0.0,10.0,13,0,1,1,1.0,
202400049495,155 694 593,A01,1.0,7.0,0,2,1,9,1.0,
202400049496,155 694 597,A01,1.0,7.0,0,1,1,15,1.0,
202400049497,155 694 590,B01,3.0,50.0,0,2,6,23,3.0,
202400049498,155 694 588,B01,2.0,2.0,0,2,1,1,1.0,
202400049499,155 694 582,A01,3.0,7.0,0,2,3,1,1.0,
202400049500,155 694 585,A01,2.0,36.0,0,0,0,13,1.0,
202400049501,155 694 581,A01,1.0,30.0,0,2,1,2,1.0,
202400049502,155 694 578,A01,1.0,7.0,0,2,7,12,1.0,
202400049503,155 694 573,A01,1.0,7.0,0,2,2,1,2.0,
202400049504,155 694 571,A01,2.0,7.0,0,2,8,10,1.0,
202400049505,155 694 569,A01,2.0,32.0,16,0,7,1,1.0,
202400049506,155 694 572,A01,2.0,32.0,0,0,0,1,1.0,
202400049507,155 694 568,A01,0.0,50.0,0,2,1,19,3.0,
202400049508,155 694 570,A01,1.0,7.0,0,2,6,15,2.0,
202400049509,155 694 567,B01,3.0,7.0,0,0,8,1,1.0,
202400049510,155 694 566,A01,0.0,7.0,0,1,3,1,1.0,
202400049511,155 694 565,A01,1.0,33.0,0,0,7,1,1.0,
202400049512,155 694 562,A01,1.0,7.0,4,0,3,1,1.0,
202400049513,155 694 557,A01,1.0,10.0,0,2,8,24,1.0,
202400049514,155 694 559,A01,2.0,33.0,0,2,1,0,1.0,
202400049515,155 694 556,A01,1.0,31.0,13,0,1,1,1.0,
202400049516,155 694 555,A01,1.0,31.0,0,2,7,17,1.0,
202400049517,155 694 554,B01,3.0,2.0,0,2,3,1,1.0,
202400049518,155 694 551,A01,1.0,7.0,0,2,3,15,1.0,
202400049519,155 694 546,A01,2.0,33.0,16,0,7,1,1.0,
202400049520,155 694 547,A01,1.0,7.0,2,0,1,13,1.0,
202400049521,155 694 544,A01,2.0,10.0,0,2,1,11,1.0,
202400049522,155 694 545,C01,1.0,7.0,0,2,8,1,1.0,
202400049523,155 694 540,B01,1.0,2.0,0,2,1,1,3.0,
202400049524,155 694 538,A01,1.0,7.0,0,2,1,9,1.0,
202400049525,155 694 539,A01,2.0,33.0,0,2,1,3,1.0,
202400049526,155 694 533,A01,2.0,7.0,0,2,3,13,1.0,
202400049527,155 694 535,A01,2.0,31.0,0,0,7,1,1.0,
202400049528,155 694 531,A01,1.0,7.0,9,2,7,1,1.0,
202400049529,155 694 532,A01,1.0,7.0,0,2,1,1,1.0,
202400049530,155 694 525,A01,3.0,37.0,1,2,4,24,1.0,1
202400049531,155 694 528,A01,1.0,7.0,0,2,1,1,2.0,
202400049532,155 694 526,A01,2.0,33.0,0,2,1,15,1.0,
202400049533,155 694 520,B01,2.0,10.0,0,0,6,2,1.0,
202400049534,155 694 521,B01,2.0,1.0,0,2,1,1,5.0,
202400049535,155 694 519,A01,2.0,7.0,7,0,2,1,1.0,
202400049536,155 694 518,A01,1.0,7.0,5,0,1,14,1.0,
202400049537,155 694 522,B01,1.0,7.0,0,2,7,1,1.0,
202400049538,155 694 514,A01,3.0,31.0,12,0,2,1,1.0,
202400049539,155 694 512,A01,3.0,7.0,0,2,4,13,1.0,
202400049540,155 694 513,B01,2.0,50.0,0,2,1,3,3.0,
202400049541,155 694 515,A01,1.0,33.0,0,0,0,1,1.0,
202400049542,155 694 509,A01,3.0,7.0,0,1,1,15,1.0,
202400049543,155 694 508,A01,2.0,7.0,0,2,3,17,1.0,
202400049544,155 694 506,B01,2.0,7.0,0,2,3,11,1.0,
202400049545,155 694 503,A01,2.0,10.0,0,9,2,1,1.0,
202400049546,155 694 502,A01,0.0,2.0,0,0,8,2,1.0,
202400049547,155 694 507,A01,1.0,7.0,0,1,1,1,1.0,
202400049548,155 694 500,A01,1.0,33.0,15,0,1,1,1.0,
202400049549,155 694 498,A01,1.0,7.0,1,0,2,13,1.0,
202400049550,155 694 499,A01,1.0,33.0,0,0,7,1,1.0,
202400049551,155 694 497,A01,1.0,43.0,0,2,2,16,1.0,
202400049552,155 694 495,A01,2.0,7.0,0,2,1,0,1.0,
202400049553,155 694 490,A01,1.0,10.0,0,1,5,4,3.0,
202400049554,155 694 492,A01,3.0,1.0,0,1,1,1,5.0,
202400049555,155 694 487,A01,1.0,7.0,0,2,1,13,1.0,
202400049556,155 694 488,A01,3.0,7.0,15,0,1,0,1.0,
202400049557,155 694 486,A01,2.0,7.0,6,0,2,14,1.0,
202400049558,155 694 485,C01,1.0,7.0,0,0,6,1,1.0,
202400049559,155 694 484,B01,1.0,10.0,0,2,6,2,1.0,
202400049560,155 694 481,A01,1.0,7.0,0,1,1,1,1.0,
202400049561,155 694 479,A01,1.0,7.0,0,2,2,1,1.0,
202400049562,155 694 480,A01,1.0,43.0,0,2,3,2,1.0,
202400049563,155 694 475,A01,2.0,1.0,16,0,9,14,5.0,
202400049564,155 694 476,A01,3.0,50.0,1,0,1,0,3.0,
202400049565,155 694 477,A01,1.0,7.0,0,1,3,16,1.0,
202400049566,155 694 474,A01,3.0,2.0,0,0,8,1,1.0,
202400049567,155 694 473,A01,2.0,7.0,0,2,6,1,1.0,
202400049568,155 694 472,A01,2.0,7.0,16,0,0,0,1.0,
202400049569,155 694 468,A01,2.0,7.0,0,0,5,23,1.0,
202400049570,155 694 470,A01,1.0,7.0,0,9,2,1,1.0,
202400049571,155 694 465,A01,3.0,7.0,0,1,1,20,3.0,
202400049572,155 694 464,A01,1.0,10.0,0,2,3,9,1.0,
202400049573,155 694 461,A01,1.0,99.0,0,2,1,19,1.0,
202400049574,155 694 463,B01,1.0,32.0,0,2,1,21,1.0,
202400049575,155 694 457,A01,2.0,33.0,0,2,2,1,1.0,
202400049576,155 694 453,A01,1.0,99.0,0,2,0,1,1.0,
202400049577,155 694 450,A01,0.0,7.0,0,0,3,1,1.0,
202400049578,155 694 448,A01,0.0,7.0,0,2,0,0,0.0,
202400049579,155 694 452,A01,2.0,7.0,0,2,8,19,0.0,
202400049580,155 694 449,A01,1.0,3.0,0,2,1,5,3.0,
202400049581,155 694 446,B01,3.0,1.0,0,2,8,19,5.0,
202400049582,155 694 444,A01,0.0,7.0,0,2,3,19,1.0,
202400049583,155 694 445,A01,2.0,10.0,0,1,0,0,1.0,
202400049584,155 694 441,A01,2.0,34.0,0,2,1,13,1.0,
202400049585,155 694 437,A01,1.0,7.0,0,1,4,4,1.0,
202400049586,155 694 436,A01,1.0,33.0,0,0,8,1,1.0,
202400049587,155 694 435,A01,0.0,10.0,0,1,2,19,1.0,
202400049588,155 694 432,A01,2.0,1.0,0,2,1,5,5.0,
202400049589,155 694 430,A01,2.0,7.0,6,0,1,1,1.0,
202400049590,155 694 429,A01,1.0,7.0,13,0,8,1,1.0,
202400049591,155 694 424,A01,1.0,7.0,0,2,1,2,1.0,
202400049592,155 694 425,A01,2.0,7.0,4,0,1,1,1.0,
202400049593,155 694 428,A01,1.0,33.0,0,1,0,19,0.0,
202400049594,155 694 422,A01,2.0,7.0,0,2,7,1,1.0,
202400049595,155 694 423,A01,2.0,2.0,0,2,1,1,1.0,
202400049596,155 694 420,A01,1.0,7.0,6,0,8,1,1.0,
202400049597,155 694 419,A01,3.0,7.0,0,1,3,1,1.0,
202400049598,155 694 416,A01,2.0,34.0,0,1,1,1,1.0,
202400049599,155 694 414,B01,1.0,2.0,0,2,1,1,1.0,
202400049600,155 694 413,A01,3.0,7.0,2,0,2,14,1.0,
202400049601,155 694 415,A01,1.0,16.0,2,2,2,15,1.0,
202400049602,155 694 411,A01,1.0,7.0,0,2,1,1,1.0,
202400049603,155 694 410,A01,2.0,7.0,0,2,2,17,1.0,
202400049604,155 694 409,A01,3.0,1.0,0,0,0,1,5.0,
202400049605,155 694 404,B01,2.0,7.0,0,2,1,1,1.0,
202400049606,155 694 402,A01,2.0,31.0,0,2,1,13,1.0,
202400049607,155 694 399,A01,1.0,10.0,0,2,7,16,1.0,
202400049608,155 694 400,A01,3.0,7.0,0,2,3,2,2.0,
202400049609,155 694 398,B01,1.0,2.0,0,2,7,1,1.0,
202400049610,155 694 396,A01,2.0,7.0,0,1,2,1,1.0,
202400049611,155 694 394,A01,1.0,15.0,0,1,8,1,1.0,
202400049612,155 694 390,A01,2.0,37.0,0,1,2,7,1.0,1
202400049613,155 694 388,A01,1.0,7.0,17,0,1,1,1.0,
202400049614,155 694 387,D01,2.0,7.0,0,2,4,2,1.0,
202400049615,155 694 392,A01,1.0,7.0,0,2,0,15,1.0,
202400049616,155 694 386,A01,1.0,10.0,13,0,1,13,1.0,
202400049617,155 694 384,A01,1.0,10.0,0,2,1,1,1.0,
202400049618,155 694 381,A01,2.0,7.0,3,0,0,0,1.0,
202400049619,155 694 378,A01,3.0,7.0,13,0,3,13,2.0,
202400049620,155 694 382,A01,2.0,7.0,2,0,1,13,1.0,
202400049621,155 694 385,B01,1.0,7.0,0,2,2,9,1.0,
202400049622,155 694 380,A01,0.0,50.0,0,2,1,9,3.0,
202400049623,155 694 379,A01,3.0,14.0,0,0,8,1,1.0,
202400049624,155 694 376,A01,1.0,7.0,0,2,1,1,1.0,
202400049625,155 694 373,B01,1.0,7.0,0,2,4,2,1.0,
202400049626,155 694 374,A01,2.0,2.0,0,1,1,25,1.0,
202400049627,155 694 371,A01,2.0,17.0,3,0,0,1,1.0,
202400049628,155 694 372,A01,1.0,7.0,4,0,2,14,1.0,
202400049629,155 694 370,A01,1.0,7.0,4,0,3,2,1.0,
202400049630,155 694 363,A01,2.0,1.0,0,2,4,1,5.0,
202400049631,155 694 362,A01,2.0,33.0,0,2,1,3,1.0,
202400049632,155 694 358,A01,3.0,7.0,8,0,1,14,1.0,
202400049633,155 694 356,A01,2.0,7.0,0,2,2,12,1.0,
202400049634,155 694 359,A01,2.0,7.0,0,2,2,1,1.0,
202400049635,155 694 357,B01,1.0,7.0,0,2,3,1,1.0,
202400049636,155 694 354,A01,1.0,7.0,0,2,2,1,1.0,