Num_Acc,id_vehicule,num_veh,senc,catv,obs,obsm,choc,manv,motor,occutc
202400049637,155 694 349,A01,2.0,15.0,0,2,1,1,1.0,
202400049638,155 694 344,A01,1.0,7.0,0,2,7,17,1.0,
202400049639,155 694 347,B01,1.0,15.0,6,2,1,1,1.0,
202400049640,155 694 346,B01,2.0,7.0,0,2,2,1,2.0,
202400049641,155 694 345,A01,1.0,33.0,0,0,0,1,1.0,
202400049642,155 694 342,A01,2.0,15.0,0,2,5,1,1.0,
202400049643,155 694 340,A01,1.0,43.0,0,2,1,13,1.0,
202400049644,155 694 339,A01,1.0,14.0,0,2,3,13,1.0,
202400049645,155 694 336,A01,2.0,33.0,0,1,1,25,1.0,
202400049646,155 694 332,B01,2.0,7.0,0,2,8,11,1.0,
202400049647,155 694 335,A01,0.0,7.0,13,0,0,1,1.0,
202400049648,155 694 330,A01,2.0,7.0,0,2,3,9,0.0,
202400049649,155 694 328,A01,1.0,33.0,0,0,8,1,1.0,
202400049650,155 694 327,B01,1.0,7.0,0,2,2,15,1.0,
202400049651,155 694 325,A01,1.0,7.0,0,2,4,1,1.0,
202400049652,155 694 320,A01,2.0,15.0,0,2,2,12,1.0,
202400049653,155 694 316,A01,2.0,7.0,0,1,1,1,1.0,
202400049654,155 694 322,A01,3.0,33.0,0,2,3,16,1.0,
202400049655,155 694 318,A01,3.0,7.0,1,0,3,16,0.0,
202400049656,155 694 319,A01,2.0,7.0,0,2,1,13,1.0,
202400049657,155 694 317,A01,1.0,2.0,0,0,0,1,1.0,
202400049658,155 694 315,A01,2.0,33.0,0,2,1,0,1.0,
202400049659,155 694 313,A01,1.0,7.0,0,2,1,2,1.0,
202400049660,155 694 304,A01,2.0,7.0,0,2,1,26,1.0,
202400049661,155 694 306,A01,1.0,33.0,0,2,3,1,1.0,
202400049662,155 694 303,A01,2.0,7.0,2,0,3,13,3.0,
202400049663,155 694 302,A01,2.0,7.0,0,2,3,24,1.0,
202400049664,155 694 301,B01,2.0,7.0,0,2,1,1,1.0,
202400049665,155 694 299,B01,2.0,7.0,0,2,8,1,1.0,
202400049666,155 694 300,A01,1.0,17.0,3,0,7,1,1.0,
202400049667,155 694 305,B01,0.0,1.0,0,0,0,1,5.0,
202400049668,155 694 297,A01,2.0,7.0,3,0,3,2,1.0,
202400049669,155 694 296,A01,2.0,7.0,6,0,1,1,1.0,
202400049670,155 694 290,B01,1.0,7.0,0,2,3,11,1.0,
202400049671,155 694 292,A01,0.0,7.0,0,0,1,1,1.0,
202400049672,155 694 291,A01,1.0,7.0,0,2,3,1,1.0,
202400049673,155 694 289,A01,2.0,7.0,9,1,1,21,1.0,
202400049674,155 694 288,A01,1.0,33.0,0,2,3,7,1.0,
202400049675,155 694 282,A01,2.0,7.0,6,2,1,0,2.0,
202400049676,155 694 279,A01,1.0,33.0,0,2,1,1,1.0,
202400049677,155 694 283,A01,1.0,10.0,0,2,8,15,1.0,
202400049678,155 694 281,A01,2.0,7.0,2,0,1,13,1.0,
202400049679,155 694 277,B01,1.0,2.0,8,2,1,17,1.0,
202400049680,155 694 276,A01,1.0,7.0,0,2,7,1,1.0,
202400049681,155 694 275,A01,3.0,7.0,0,1,3,9,1.0,
202400049682,155 694 271,A01,0.0,7.0,0,2,4,24,1.0,
202400049683,155 694 269,A01,2.0,7.0,0,1,2,1,1.0,
202400049684,155 694 262,A01,2.0,1.0,0,2,3,0,5.0,
202400049685,155 694 264,B01,1.0,33.0,0,2,1,1,1.0,
202400049686,155 694 263,A01,1.0,7.0,1,1,2,1,0.0,
202400049687,155 694 260,A01,2.0,10.0,0,2,1,2,1.0,
202400049688,155 694 254,A01,0.0,7.0,0,2,3,16,1.0,
202400049689,155 694 257,A01,1.0,7.0,0,2,1,19,1.0,
202400049690,155 694 255,A01,2.0,7.0,1,0,1,1,1.0,
202400049691,155 694 248,A01,1.0,33.0,0,2,1,3,1.0,
202400049692,155 694 250,A01,2.0,7.0,1,0,1,14,1.0,
202400049693,155 694 253,A01,2.0,7.0,0,2,1,15,1.0,
202400049694,155 694 251,A01,1.0,7.0,4,0,0,1,2.0,
202400049695,155 694 249,A01,3.0,7.0,0,2,2,1,1.0,
202400049696,155 694 246,A01,1.0,7.0,0,2,2,1,0.0,
202400049697,155 694 244,A01,3.0,7.0,2,0,3,13,1.0,
202400049698,155 694 241,A01,2.0,50.0,0,0,0,26,3.0,
202400049699,155 694 237,B01,0.0,33.0,0,2,3,21,1.0,
202400049700,155 694 239,A01,2.0,33.0,0,0,0,0,1.0,
202400049701,155 694 235,B01,1.0,2.0,0,2,0,0,,
202400049702,155 694 234,A01,2.0,7.0,0,0,2,11,1.0,
202400049703,155 694 232,A01,2.0,33.0,13,0,2,1,1.0,
202400049704,155 694 229,B01,2.0,7.0,15,2,3,1,1.0,
202400049705,155 694 225,A01,2.0,7.0,0,9,2,2,1.0,
202400049706,155 694 227,A01,0.0,7.0,0,1,1,20,1.0,
202400049707,155 694 223,D01,1.0,7.0,0,2,4,1,1.0,
202400049708,155 694 222,A01,3.0,33.0,13,0,7,1,1.0,
202400049709,155 694 214,A01,1.0,7.0,9,0,1,1,1.0,
202400049710,155 694 212,B01,1.0,7.0,0,2,7,1,1.0,
202400049711,155 694 213,A01,2.0,7.0,9,2,1,1,1.0,
202400049712,155 694 211,A01,2.0,7.0,14,0,1,1,1.0,
202400049713,155 694 217,B01,2.0,30.0,0,2,1,17,1.0,
202400049714,155 694 210,A01,2.0,33.0,0,2,9,2,1.0,
202400049715,155 694 208,A01,2.0,7.0,0,2,4,2,1.0,
202400049716,155 694 204,B01,2.0,7.0,0,2,5,12,1.0,
202400049717,155 694 206,A01,2.0,7.0,2,0,1,1,1.0,
202400049718,155 694 202,A01,3.0,33.0,14,0,1,1,1.0,
202400049719,155 694 201,A01,0.0,7.0,0,2,1,2,1.0,
202400049720,155 694 199,A01,1.0,7.0,0,2,8,15,2.0,
202400049721,155 694 197,A01,2.0,7.0,7,2,1,2,1.0,
202400049722,155 694 196,A01,2.0,7.0,0,2,8,11,1.0,
202400049723,155 694 192,A01,2.0,33.0,0,2,3,2,1.0,
202400049724,155 694 191,A01,1.0,7.0,0,2,8,15,1.0,
202400049725,155 694 189,A01,2.0,7.0,0,2,8,1,1.0,
202400049726,155 694 186,A01,2.0,7.0,14,0,1,14,1.0,
202400049727,155 694 187,A01,3.0,7.0,0,2,2,14,1.0,
202400049728,155 694 185,A01,3.0,7.0,0,2,3,26,1.0,
202400049729,155 694 184,A01,2.0,50.0,0,2,1,17,3.0,
202400049730,155 694 182,A01,1.0,2.0,0,0,0,1,1.0,
202400049731,155 694 180,A01,2.0,7.0,0,2,1,26,1.0,
202400049732,155 694 178,A01,2.0,7.0,0,2,1,2,1.0,
202400049733,155 694 177,A01,1.0,7.0,1,0,1,0,1.0,
202400049734,155 694 174,A01,1.0,7.0,13,0,0,14,1.0,
202400049735,155 694 170,A01,2.0,7.0,0,2,2,1,0.0,
202400049736,155 694 171,A01,1.0,7.0,0,2,1,5,1.0,
202400049737,155 694 167,C01,1.0,10.0,0,2,7,1,1.0,
202400049738,155 694 161,B01,2.0,7.0,0,2,4,2,1.0,
202400049739,155 694 164,A01,1.0,7.0,13,0,2,14,1.0,
202400049740,155 694 159,A01,1.0,15.0,0,2,3,2,1.0,
202400049741,155 694 158,A01,2.0,33.0,0,2,1,26,1.0,
202400049742,155 694 157,B01,2.0,7.0,0,2,2,1,1.0,
202400049743,155 694 153,A01,1.0,7.0,0,1,2,1,0.0,
202400049744,155 694 151,A01,2.0,7.0,0,2,2,5,2.0,
202400049745,155 694 147,A01,1.0,7.0,0,2,1,1,1.0,
202400049746,155 694 141,A01,1.0,7.0,0,2,1,2,1.0,
202400049747,155 694 145,A01,0.0,7.0,0,2,6,15,1.0,
202400049748,155 694 143,A01,2.0,7.0,0,2,3,5,1.0,
202400049749,155 694 144,A01,2.0,7.0,0,1,2,1,1.0,
202400049750,155 694 139,B01,2.0,10.0,0,2,4,1,1.0,
202400049751,155 694 140,A01,1.0,32.0,0,2,1,17,1.0,
202400049752,155 694 136,A01,1.0,7.0,10,0,4,4,1.0,
202400049753,155 694 133,B01,3.0,50.0,0,2,3,16,3.0,
202400049754,155 694 132,B01,1.0,33.0,0,2,8,1,1.0,
202400049755,155 694 131,A01,1.0,7.0,0,2,8,13,1.0,
202400049756,155 694 130,A01,2.0,7.0,0,2,1,19,1.0,
202400049757,155 694 128,A01,2.0,7.0,3,0,0,0,1.0,
202400049758,155 694 126,A01,2.0,7.0,0,2,1,13,1.0,
202400049759,155 694 124,B01,2.0,33.0,0,2,2,3,1.0,
202400049760,155 694 125,B01,2.0,7.0,0,2,6,11,1.0,
202400049761,155 694 121,A01,3.0,7.0,0,1,1,1,2.0,
202400049762,155 694 119,B01,1.0,7.0,0,2,3,15,1.0,
202400049763,155 694 114,A01,1.0,7.0,0,1,1,1,1.0,
202400049764,155 694 115,A01,2.0,7.0,0,2,3,13,1.0,
202400049765,155 694 116,A01,1.0,7.0,13,0,1,0,1.0,
202400049766,155 694 118,A01,2.0,7.0,0,2,4,23,1.0,
202400049767,155 694 113,A01,2.0,7.0,0,2,2,2,1.0,
202400049768,155 694 110,A01,1.0,33.0,0,0,8,16,1.0,
202400049769,155 694 108,A01,1.0,33.0,0,0,0,17,1.0,
202400049770,155 694 107,A01,1.0,7.0,8,0,2,1,1.0,
202400049771,155 694 106,A01,2.0,30.0,0,0,1,1,1.0,
202400049772,155 694 103,A01,1.0,7.0,0,2,2,1,1.0,
202400049773,155 694 102,A01,1.0,7.0,2,0,3,1,1.0,
202400049774,155 694 097,A01,2.0,7.0,0,2,1,2,1.0,
202400049775,155 694 096,B01,2.0,7.0,0,2,6,17,1.0,
202400049776,155 694 098,B01,2.0,7.0,0,0,1,1,1.0,
202400049777,155 694 095,B01,1.0,50.0,0,2,8,1,3.0,
202400049778,155 694 093,A01,3.0,2.0,13,0,1,0,1.0,
202400049779,155 694 092,A01,2.0,7.0,0,9,7,21,1.0,
202400049780,155 694 091,A01,2.0,7.0,13,0,9,1,1.0,
202400049781,155 694 088,A01,2.0,21.0,15,0,1,1,1.0,
202400049782,155 694 087,A01,1.0,7.0,3,2,3,11,1.0,
202400049783,155 694 084,A01,3.0,50.0,0,1,1,25,3.0,
202400049784,155 694 082,C01,1.0,7.0,0,2,6,1,1.0,
202400049785,155 694 077,A01,3.0,7.0,0,2,1,1,1.0,
202400049786,155 694 078,A01,1.0,33.0,0,2,1,17,1.0,
202400049787,155 694 076,A01,1.0,7.0,8,0,1,26,1.0,
202400049788,155 694 079,A01,2.0,7.0,0,2,1,2,1.0,
202400049789,155 694 075,B01,0.0,7.0,0,2,1,1,1.0,
202400049790,155 694 074,A01,1.0,10.0,4,0,3,11,1.0,
202400049791,155 694 069,B01,2.0,7.0,0,2,8,1,1.0,
202400049792,155 694 070,B01,0.0,1.0,0,0,8,26,5.0,
202400049793,155 694 062,B01,2.0,33.0,0,2,7,1,1.0,
202400049794,155 694 063,B01,2.0,1.0,0,2,3,15,5.0,
202400049795,155 694 061,A01,1.0,7.0,0,2,2,2,1.0,
202400049796,155 694 060,B01,1.0,3.0,0,2,7,0,1.0,
202400049797,155 694 059,A01,1.0,7.0,0,2,1,1,1.0,
202400049798,155 694 055,A01,2.0,43.0,0,0,3,3,1.0,
202400049799,155 694 048,B01,2.0,33.0,0,2,7,17,1.0,
202400049800,155 694 054,B01,0.0,31.0,0,2,1,1,1.0,
202400049801,155 694 045,A01,2.0,7.0,0,0,3,14,1.0,
202400049802,155 694 047,A01,1.0,80.0,0,2,8,19,3.0,
202400049803,155 694 043,A01,1.0,7.0,0,2,2,2,1.0,
202400049804,155 694 044,B01,1.0,7.0,0,2,3,1,1.0,
202400049805,155 694 051,A01,3.0,33.0,8,0,8,1,1.0,
202400049806,155 694 042,A01,2.0,7.0,0,2,4,0,1.0,
202400049807,155 694 036,A01,1.0,33.0,6,0,7,1,1.0,
202400049808,155 694 035,A01,3.0,7.0,8,2,9,17,1.0,
202400049809,155 694 031,A01,3.0,32.0,0,2,8,20,1.0,
202400049810,155 694 032,A01,2.0,33.0,0,2,1,3,1.0,
202400049811,155 694 028,A01,1.0,7.0,0,2,1,2,1.0,
202400049812,155 694 027,B01,1.0,7.0,0,2,3,1,1.0,
202400049813,155 694 026,B01,1.0,33.0,0,2,1,1,1.0,
202400049814,155 694 025,D01,1.0,7.0,0,2,4,0,2.0,
202400049815,155 694 019,A01,1.0,7.0,0,2,4,2,2.0,
202400049816,155 694 015,A01,2.0,7.0,8,0,4,4,2.0,
202400049817,155 694 012,A01,1.0,7.0,0,0,2,13,2.0,
202400049818,155 694 016,A01,1.0,7.0,0,2,1,2,1.0,
202400049819,155 694 010,B01,2.0,7.0,0,2,3,1,1.0,
202400049820,155 694 008,A01,1.0,7.0,0,2,1,2,1.0,
202400049821,155 694 005,A01,1.0,10.0,0,2,1,14,1.0,
202400049822,155 694 004,A01,2.0,7.0,0,2,5,23,1.0,
202400049823,155 694 001,A01,3.0,10.0,0,1,1,1,1.0,
202400049824,155 694 007,A01,1.0,7.0,0,2,1,1,1.0,
202400049825,155 694 000,A01,1.0,7.0,0,2,2,15,1.0,
202400049826,155 693 996,A01,2.0,7.0,0,2,1,9,1.0,
202400049827,155 693 997,A01,2.0,7.0,0,2,3,1,1.0,
202400049828,155 693 992,A01,2.0,7.0,0,0,3,19,1.0,
202400049829,155 693 990,A01,2.0,7.0,0,2,1,2,1.0,
202400049830,155 693 991,A01,3.0,7.0,2,0,9,2,1.0,
202400049831,155 693 989,A01,1.0,7.0,0,2,3,13,1.0,
202400049832,155 693 988,A01,2.0,7.0,0,0,1,0,1.0,
202400049833,155 693 987,B01,2.0,7.0,0,2,1,1,1.0,
202400049834,155 693 985,A01,1.0,7.0,0,0,9,1,1.0,
202400049835,155 693 980,A01,3.0,7.0,13,0,3,1,1.0,
202400049836,155 693 977,A01,1.0,7.0,0,2,1,2,1.0,
202400049837,155 693 978,B01,1.0,7.0,0,2,4,1,1.0,
202400049838,155 693 979,A01,3.0,36.0,16,0,9,1,1.0,
202400049839,155 693 974,B01,2.0,41.0,0,2,1,11,1.0,
202400049840,155 693 976,A01,1.0,7.0,0,2,1,13,1.0,
202400049841,155 693 973,B01,2.0,2.0,0,2,1,18,3.0,
202400049842,155 693 969,A01,1.0,21.0,0,0,0,13,1.0,
202400049843,155 693 968,B01,2.0,7.0,0,9,3,15,1.0,
202400049844,155 693 967,A01,1.0,7.0,1,0,3,1,1.0,
202400049845,155 693 966,A01,2.0,7.0,0,2,4,1,2.0,
202400049846,155 693 965,A01,3.0,7.0,8,0,1,13,1.0,
202400049847,155 693 960,B01,1.0,14.0,0,2,6,1,1.0,
202400049848,155 693 961,B01,2.0,1.0,0,2,5,19,5.0,
202400049849,155 693 958,A01,1.0,2.0,0,0,0,1,1.0,
202400049850,155 693 956,A01,1.0,7.0,0,0,1,26,1.0,
202400049851,155 693 957,A01,3.0,1.0,0,1,1,0,5.0,
202400049852,155 693 953,B01,2.0,7.0,0,2,1,1,1.0,
202400049853,155 693 951,A01,3.0,7.0,0,0,7,1,1.0,
202400049854,155 693 946,A01,2.0,7.0,0,0,9,1,1.0,
202400049855,155 693 948,C01,2.0,7.0,0,2,4,2,1.0,
202400049856,155 693 944,A01,1.0,7.0,0,2,1,2,1.0,
202400049857,155 693 943,A01,1.0,7.0,0,2,1,2,1.0,
202400049858,155 693 940,A01,3.0,7.0,0,2,2,1,2.0,
202400049859,155 693 939,A01,2.0,7.0,4,0,7,1,1.0,
202400049860,155 693 942,A01,3.0,7.0,0,2,3,15,1.0,
202400049861,155 693 938,A01,3.0,37.0,0,2,5,17,0.0,1
202400049862,155 693 937,A01,2.0,36.0,0,0,0,1,1.0,
202400049863,155 693 935,A01,1.0,32.0,0,2,1,3,1.0,
202400049864,155 693 933,A01,1.0,7.0,4,0,3,1,1.0,
202400049865,155 693 932,A01,1.0,7.0,3,0,1,1,1.0,
202400049866,155 693 929,A01,2.0,7.0,0,0,1,1,1.0,
202400049867,155 693 925,A01,1.0,33.0,0,2,1,1,0.0,
202400049868,155 693 923,A01,2.0,7.0,4,0,1,1,1.0,
202400049869,155 693 922,A01,3.0,7.0,0,9,1,1,1.0,
202400049870,155 693 920,A01,1.0,7.0,0,2,1,11,1.0,
202400049871,155 693 921,A01,1.0,7.0,0,2,1,2,1.0,
202400049872,155 693 919,A01,2.0,21.0,0,0,0,1,1.0,
202400049873,155 693 914,A01,1.0,7.0,1,0,2,14,1.0,
202400049874,155 693 916,D01,1.0,7.0,0,2,2,1,1.0,
202400049875,155 693 911,A01,2.0,31.0,0,1,1,1,1.0,
202400049876,155 693 912,A01,2.0,7.0,0,9,3,9,1.0,
202400049877,155 693 913,A01,1.0,33.0,0,6,1,0,1.0,
202400049878,155 693 908,A01,2.0,7.0,0,2,1,2,1.0,
202400049879,155 693 906,B01,1.0,17.0,0,2,5,1,1.0,
202400049880,155 693 901,A01,3.0,10.0,11,0,3,0,1.0,
202400049881,155 693 899,A01,1.0,7.0,0,2,4,2,1.0,
202400049882,155 693 902,A01,1.0,7.0,6,0,1,14,1.0,
202400049883,155 693 898,A01,1.0,7.0,0,2,2,1,1.0,
202400049884,155 693 896,C01,0.0,7.0,0,2,4,1,1.0,
202400049885,155 693 893,A01,2.0,7.0,0,2,5,13,1.0,
202400049886,155 693 885,B01,3.0,32.0,0,2,3,1,1.0,
202400049887,155 693 882,B01,1.0,30.0,0,2,1,26,1.0,
202400049888,155 693 884,A01,1.0,7.0,0,2,2,13,1.0,
202400049889,155 693 883,A01,2.0,7.0,0,2,1,17,1.0,
202400049890,155 693 881,B01,1.0,7.0,0,2,6,23,1.0,
202400049891,155 693 880,A01,2.0,7.0,0,2,3,1,2.0,
202400049892,155 693 878,A01,2.0,0.0,0,-1,4,26,,
202400049893,155 693 875,A01,1.0,7.0,0,2,6,1,1.0,
202400049894,155 693 870,A01,1.0,7.0,0,2,0,0,1.0,
202400049895,155 693 871,B01,3.0,2.0,0,2,1,1,1.0,
202400049896,155 693 868,A01,1.0,33.0,0,0,0,0,1.0,
202400049897,155 693 866,A01,3.0,33.0,0,6,3,1,1.0,
202400049898,155 693 865,A01,2.0,7.0,0,2,3,0,1.0,
202400049899,155 693 863,Z01,3.0,7.0,0,1,2,1,0.0,
202400049900,155 693 862,A01,1.0,33.0,0,2,3,21,1.0,
202400049901,155 693 859,A01,3.0,32.0,0,1,1,7,1.0,
202400049902,155 693 858,A01,0.0,2.0,0,0,0,26,1.0,
202400049903,155 693 857,A01,,7.0,0,2,1,0,0.0,
202400049904,155 693 849,A01,1.0,7.0,0,2,1,2,2.0,
202400049905,155 693 844,B01,1.0,32.0,0,2,0,0,1.0,
202400049906,155 693 847,B01,3.0,7.0,0,2,7,1,1.0,
202400049907,155 693 846,A01,3.0,7.0,0,2,8,15,1.0,
202400049908,155 693 845,A01,1.0,99.0,8,0,1,16,1.0,
202400049909,155 693 842,A01,2.0,7.0,0,2,3,15,1.0,
202400049910,155 693 839,A01,1.0,30.0,8,0,0,26,1.0,
202400049911,155 693 837,B01,1.0,10.0,0,2,4,1,1.0,
202400049912,155 693 838,A01,1.0,7.0,0,2,5,26,1.0,
202400049913,155 693 835,A01,0.0,10.0,0,2,3,0,1.0,
202400049914,155 693 832,A01,0.0,37.0,0,1,1,1,1.0,4
202400049915,155 693 833,A01,2.0,2.0,8,0,1,0,1.0,
202400049916,155 693 829,A01,0.0,7.0,0,1,3,21,1.0,
202400049917,155 693 831,A01,0.0,1.0,0,2,1,1,5.0,
202400049918,155 693 826,A01,1.0,7.0,1,0,2,1,1.0,
202400049919,155 693 827,B01,1.0,2.0,0,2,1,1,1.0,
202400049920,155 693 823,A01,1.0,10.0,0,1,3,16,1.0,
202400049921,155 693 824,B01,2.0,7.0,0,2,3,1,1.0,
202400049922,155 693 822,A01,2.0,7.0,4,0,3,1,1.0,
202400049923,155 693 821,A01,2.0,7.0,0,2,1,2,1.0,
202400049924,155 693 819,A01,1.0,7.0,0,1,3,15,1.0,
202400049925,155 693 818,A01,1.0,31.0,0,2,7,14,1.0,
202400049926,155 693 817,A01,2.0,1.0,0,1,0,1,5.0,
202400049927,155 693 816,A01,3.0,2.0,0,2,2,17,1.0,
202400049928,155 693 815,A01,0.0,7.0,0,1,1,1,1.0,
202400049929,155 693 812,A01,1.0,7.0,0,1,1,16,2.0,
202400049930,155 693 807,A01,0.0,80.0,0,1,1,1,3.0,
202400049931,155 693 808,A01,1.0,1.0,0,0,1,1,5.0,
202400049932,155 693 809,A01,2.0,7.0,4,0,0,0,1.0,
202400049933,155 693 811,A01,1.0,7.0,13,0,1,15,1.0,
202400049934,155 693 806,B01,1.0,7.0,0,2,2,19,1.0,
202400049935,155 693 804,A01,2.0,2.0,0,0,1,26,3.0,
202400049936,155 693 805,B01,3.0,7.0,0,2,4,2,2.0,
202400049937,155 693 803,A01,2.0,2.0,0,2,1,1,1.0,
202400049938,155 693 794,B01,0.0,50.0,0,2,0,2,3.0,
202400049939,155 693 793,A01,1.0,31.0,0,2,4,2,1.0,
202400049940,155 693 792,B01,3.0,10.0,0,2,6,1,1.0,
202400049941,155 693 789,B01,1.0,7.0,0,2,1,1,1.0,
202400049942,155 693 785,A01,1.0,14.0,0,2,1,2,1.0,
202400049943,155 693 784,A01,1.0,7.0,16,0,0,0,1.0,
202400049944,155 693 790,A01,2.0,7.0,0,2,3,15,1.0,
202400049945,155 693 782,A01,2.0,7.0,0,2,1,13,1.0,
202400049946,155 693 783,A01,2.0,7.0,0,2,0,0,1.0,
202400049947,155 693 781,B01,1.0,7.0,0,2,4,2,1.0,
202400049948,155 693 780,A01,1.0,7.0,13,0,3,16,1.0,
202400049949,155 693 778,A01,3.0,2.0,0,0,0,1,1.0,
202400049950,155 693 779,Z01,3.0,0.0,0,0,0,0,0.0,
202400049951,155 693 774,A01,2.0,7.0,0,2,1,2,1.0,
202400049952,155 693 772,B01,2.0,10.0,0,2,1,1,1.0,
202400049953,155 693 771,A01,2.0,36.0,0,2,3,2,1.0,
202400049954,155 693 769,A01,2.0,15.0,14,0,1,1,1.0,
202400049955,155 693 767,Z01,1.0,7.0,0,1,8,1,2.0,
202400049956,155 693 766,A01,1.0,7.0,3,2,8,2,1.0,
202400049957,155 693 765,B01,2.0,80.0,0,2,8,1,3.0,
202400049958,155 693 762,A01,1.0,33.0,13,0,1,0,1.0,
202400049959,155 693 763,A01,1.0,7.0,4,0,1,26,1.0,
202400049960,155 693 761,A01,1.0,7.0,0,1,3,1,1.0,
202400049961,155 693 764,A01,3.0,33.0,0,2,1,2,1.0,
202400049962,155 693 759,A01,2.0,7.0,0,1,3,1,1.0,
202400049963,155 693 756,A01,1.0,7.0,4,0,9,0,1.0,
202400049964,155 693 754,B01,1.0,7.0,0,2,1,1,1.0,
202400049965,155 693 753,A01,1.0,7.0,4,2,1,1,1.0,
202400049966,155 693 750,A01,1.0,7.0,2,0,9,1,1.0,
202400049967,155 693 752,B01,2.0,10.0,0,2,5,1,1.0,
202400049968,155 693 749,C01,0.0,7.0,1,0,4,0,1.0,
202400049969,155 693 746,A01,0.0,7.0,0,1,2,1,1.0,
202400049970,155 693 747,A01,3.0,7.0,15,0,1,0,1.0,
202400049971,155 693 745,A01,1.0,7.0,4,0,2,21,1.0,
202400049972,155 693 744,A01,1.0,7.0,6,0,1,0,1.0,
202400049973,155 693 748,A01,1.0,7.0,0,1,3,15,2.0,
202400049974,155 693 743,A01,2.0,7.0,0,1,4,26,1.0,
202400049975,155 693 742,A01,2.0,7.0,13,0,1,1,1.0,
202400049976,155 693 737,A01,3.0,7.0,0,2,1,1,1.0,
202400049977,155 693 738,A01,3.0,7.0,1,0,1,1,2.0,
202400049978,155 693 735,A01,2.0,99.0,0,2,8,1,1.0,
202400049979,155 693 734,A01,2.0,2.0,3,0,2,1,1.0,
202400049980,155 693 733,A01,3.0,10.0,0,1,2,1,1.0,
202400049981,155 693 731,C01,1.0,7.0,0,0,0,2,1.0,
202400049982,155 693 730,B01,2.0,7.0,0,2,1,2,1.0,
202400049983,155 693 727,A01,3.0,10.0,0,1,4,4,1.0,
202400049984,155 693 724,A01,2.0,36.0,16,0,9,1,1.0,
202400049985,155 693 725,B01,1.0,7.0,0,2,1,1,1.0,
202400049986,155 693 723,A01,2.0,10.0,0,2,1,17,1.0,
202400049987,155 693 722,B01,1.0,1.0,0,2,1,1,5.0,
202400049988,155 693 720,B01,2.0,30.0,0,1,1,1,3.0,
202400049989,155 693 718,A01,1.0,7.0,8,0,1,1,1.0,
202400049990,155 693 715,C01,1.0,7.0,0,2,1,2,1.0,
202400049991,155 693 712,A01,1.0,7.0,0,1,2,1,1.0,
202400049992,155 693 713,A01,2.0,7.0,0,2,3,1,1.0,
202400049993,155 693 710,A01,1.0,7.0,1,0,1,14,1.0,
202400049994,155 693 709,A01,2.0,7.0,0,1,2,1,1.0,
202400049995,155 693 706,B01,1.0,7.0,0,2,1,2,1.0,
202400049996,155 693 705,A01,1.0,33.0,0,2,1,17,1.0,
202400049997,155 693 702,A01,1.0,1.0,0,2,2,19,5.0,
202400049998,155 693 700,A01,1.0,7.0,0,2,1,21,1.0,
202400049999,155 693 701,A01,1.0,1.0,0,0,7,14,5.0,
202400050000,155 693 698,A01,2.0,33.0,0,2,5,17,1.0,
202400050001,155 693 695,B01,2.0,33.0,0,2,1,1,1.0,
202400050002,155 693 694,A01,1.0,7.0,3,0,1,2,1.0,
202400050003,155 693 696,A01,3.0,7.0,6,0,1,1,1.0,
202400050004,155 693 693,A01,1.0,7.0,0,1,1,1,1.0,
202400050005,155 693 688,B01,1.0,7.0,0,2,3,1,1.0,
202400050006,155 693 689,A01,1.0,7.0,0,1,7,17,0.0,
202400050007,155 693 686,A01,1.0,7.0,6,0,3,13,1.0,
202400050008,155 693 683,A01,2.0,10.0,0,9,7,0,0.0,
202400050009,155 693 684,A01,1.0,7.0,8,2,2,13,1.0,
202400050010,155 693 682,A01,1.0,33.0,0,2,8,19,1.0,
202400050011,155 693 680,A01,2.0,7.0,13,0,1,0,1.0,
202400050012,155 693 675,A01,1.0,7.0,12,1,0,16,1.0,
202400050013,155 693 676,A01,3.0,7.0,0,2,2,15,1.0,
202400050014,155 693 671,B01,1.0,0.0,0,2,2,18,,
202400050015,155 693 672,B01,1.0,7.0,0,2,3,1,1.0,
202400050016,155 693 669,A01,1.0,1.0,0,2,3,13,5.0,
202400050017,155 693 668,A01,1.0,7.0,4,0,0,0,1.0,
202400050018,155 693 666,B01,1.0,32.0,0,2,1,1,1.0,
202400050019,155 693 667,B01,1.0,37.0,0,0,0,0,1.0,4
202400050020,155 693 663,A01,1.0,33.0,0,5,1,1,1.0,
202400050021,155 693 661,B01,1.0,7.0,0,2,2,1,1.0,
202400050022,155 693 659,A01,1.0,7.0,0,2,2,13,1.0,
202400050023,155 693 655,B01,0.0,7.0,0,2,5,1,1.0,
202400050024,155 693 654,B01,1.0,43.0,0,2,3,1,1.0,
202400050025,155 693 656,A01,2.0,7.0,0,2,2,9,1.0,
202400050026,155 693 652,A01,1.0,30.0,0,0,0,26,1.0,
202400050027,155 693 650,B01,3.0,7.0,0,0,4,2,1.0,
202400050028,155 693 648,A01,3.0,7.0,0,2,7,15,1.0,
202400050029,155 693 646,B01,1.0,7.0,0,2,4,2,1.0,
202400050030,155 693 645,A01,3.0,7.0,1,0,1,14,1.0,
202400050031,155 693 643,A01,1.0,7.0,13,0,2,15,1.0,
202400050032,155 693 644,B01,3.0,33.0,0,2,1,1,1.0,
202400050033,155 693 640,B01,2.0,31.0,0,2,0,0,0.0,
202400050034,155 693 639,A01,3.0,7.0,12,0,1,1,1.0,