Num_Acc,id_vehicule,num_veh,senc,catv,obs,obsm,choc,manv,motor,occutc
202400050035,155 693 633,A01,2.0,7.0,3,2,6,18,1.0,
202400050036,155 693 637,B01,1.0,7.0,0,2,5,1,2.0,
202400050037,155 693 631,A01,1.0,32.0,0,2,1,21,1.0,
202400050038,155 693 628,A01,1.0,7.0,0,2,1,2,1.0,
202400050039,155 693 629,A01,1.0,7.0,0,2,3,15,2.0,
202400050040,155 693 626,B01,3.0,32.0,0,2,2,23,1.0,
202400050041,155 693 627,B01,1.0,7.0,0,2,2,10,1.0,
202400050042,155 693 625,A01,3.0,10.0,0,1,4,26,1.0,
202400050043,155 693 623,A01,2.0,7.0,13,0,1,1,1.0,
202400050044,155 693 622,A01,2.0,31.0,0,2,1,3,1.0,
202400050045,155 693 620,A01,3.0,7.0,9,0,2,1,1.0,
202400050046,155 693 619,A01,1.0,7.0,4,0,1,15,2.0,
202400050047,155 693 617,A01,1.0,31.0,0,1,1,2,1.0,
202400050048,155 693 615,B01,2.0,33.0,0,2,1,2,1.0,
202400050049,155 693 610,A01,2.0,7.0,4,0,2,1,1.0,
202400050050,155 693 608,B01,2.0,7.0,0,2,1,1,1.0,
202400050051,155 693 605,B01,2.0,1.0,0,2,0,0,5.0,
202400050052,155 693 603,A01,2.0,7.0,0,2,6,1,1.0,
202400050053,155 693 601,B01,1.0,7.0,0,2,8,9,1.0,
202400050054,155 693 599,A01,2.0,7.0,0,1,1,1,1.0,
202400050055,155 693 595,A01,2.0,10.0,0,0,4,1,1.0,
202400050056,155 693 597,A01,1.0,30.0,0,2,2,1,1.0,
202400050057,155 693 594,B01,1.0,7.0,0,2,4,1,1.0,
202400050058,155 693 592,A01,1.0,1.0,0,1,1,1,5.0,
202400050059,155 693 590,A01,2.0,7.0,0,2,7,11,1.0,
202400050060,155 693 589,A01,1.0,7.0,0,9,1,16,1.0,
202400050061,155 693 588,A01,2.0,30.0,0,0,3,0,3.0,
202400050062,155 693 586,A01,1.0,7.0,0,1,2,1,2.0,
202400050063,155 693 587,A01,1.0,3.0,1,0,1,0,1.0,
202400050064,155 693 585,A01,2.0,7.0,1,0,2,14,1.0,
202400050065,155 693 578,A01,2.0,7.0,0,1,1,1,1.0,
202400050066,155 693 580,A01,2.0,7.0,0,2,6,1,1.0,
202400050067,155 693 581,B01,2.0,7.0,0,2,3,1,1.0,
202400050068,155 693 576,B01,2.0,7.0,0,2,1,1,1.0,
202400050069,155 693 573,A01,3.0,7.0,0,2,1,1,1.0,
202400050070,155 693 574,B01,1.0,10.0,0,2,1,2,1.0,
202400050071,155 693 569,B01,3.0,7.0,0,2,3,1,0.0,
202400050072,155 693 560,B01,2.0,7.0,0,2,4,1,1.0,
202400050073,155 693 562,B01,2.0,7.0,0,9,3,0,1.0,
202400050074,155 693 557,A01,1.0,7.0,0,2,3,0,0.0,
202400050075,155 693 556,B01,2.0,7.0,0,2,5,23,1.0,
202400050076,155 693 555,B01,1.0,33.0,0,2,4,1,1.0,
202400050077,155 693 548,A01,1.0,7.0,0,2,7,17,1.0,
202400050078,155 693 547,A01,1.0,7.0,0,1,3,15,3.0,
202400050079,155 693 549,A01,0.0,7.0,0,2,3,10,1.0,
202400050080,155 693 544,B01,1.0,7.0,0,2,1,15,1.0,
202400050081,155 693 542,B01,2.0,7.0,0,2,3,1,1.0,
202400050082,155 693 541,A01,2.0,50.0,12,0,1,16,3.0,
202400050083,155 693 540,B01,2.0,7.0,0,2,1,1,1.0,
202400050084,155 693 539,A01,1.0,7.0,4,0,1,0,1.0,
202400050085,155 693 538,A01,2.0,10.0,0,5,1,0,1.0,
202400050086,155 693 537,A01,1.0,14.0,0,1,5,15,1.0,
202400050087,155 693 534,A01,3.0,7.0,1,0,2,1,1.0,
202400050088,155 693 532,B01,,7.0,-1,-1,-1,-1,,
202400050089,155 693 529,A01,1.0,7.0,0,2,1,2,1.0,
202400050090,155 693 528,A01,2.0,7.0,0,2,6,15,1.0,
202400050091,155 693 521,A01,1.0,7.0,0,2,3,26,1.0,
202400050092,155 693 522,A01,1.0,7.0,14,2,7,1,1.0,
202400050093,155 693 520,A01,1.0,7.0,0,2,4,4,1.0,
202400050094,155 693 523,B01,1.0,34.0,0,2,2,17,1.0,
202400050095,155 693 519,A01,1.0,33.0,0,0,0,17,1.0,
202400050096,155 693 514,A01,1.0,7.0,13,0,0,1,1.0,
202400050097,155 693 513,A01,1.0,34.0,1,0,1,1,0.0,
202400050098,155 693 511,A01,1.0,7.0,8,2,1,1,0.0,
202400050099,155 693 509,A01,0.0,7.0,0,2,3,15,1.0,
202400050100,155 693 510,A01,3.0,21.0,0,2,7,1,1.0,
202400050101,155 693 508,A01,3.0,33.0,0,2,5,19,1.0,
202400050102,155 693 506,B01,3.0,7.0,0,2,3,1,1.0,
202400050103,155 693 503,A01,1.0,7.0,0,1,1,1,1.0,
202400050104,155 693 504,A01,1.0,7.0,0,2,3,0,1.0,
202400050105,155 693 502,A01,3.0,7.0,0,9,1,26,1.0,
202400050106,155 693 500,A01,1.0,7.0,13,0,1,13,1.0,
202400050107,155 693 496,A01,3.0,7.0,0,2,1,1,0.0,
202400050108,155 693 492,B01,1.0,1.0,0,2,0,0,5.0,
202400050109,155 693 489,B01,2.0,37.0,0,2,7,26,1.0,1
202400050110,155 693 490,A01,2.0,7.0,0,2,3,1,1.0,
202400050111,155 693 488,C01,1.0,7.0,0,2,1,2,1.0,
202400050112,155 693 491,B01,3.0,7.0,0,2,7,1,1.0,
202400050113,155 693 486,A01,2.0,7.0,7,0,0,1,1.0,
202400050114,155 693 485,Z01,3.0,7.0,0,1,1,10,0.0,
202400050115,155 693 484,A01,1.0,33.0,2,0,9,1,1.0,
202400050116,155 693 483,A01,3.0,14.0,0,2,1,1,1.0,
202400050117,155 693 479,A01,3.0,7.0,0,9,3,26,2.0,
202400050118,155 693 478,B01,3.0,40.0,0,9,2,1,3.0,
202400050119,155 693 476,A01,1.0,7.0,0,2,1,2,1.0,
202400050120,155 693 475,B01,1.0,7.0,0,2,1,1,1.0,
202400050121,155 693 472,A01,1.0,7.0,0,1,8,15,1.0,
202400050122,155 693 469,A01,1.0,7.0,0,2,1,13,1.0,
202400050123,155 693 467,A01,1.0,7.0,0,2,2,15,1.0,
202400050124,155 693 465,A01,1.0,50.0,0,0,8,21,3.0,
202400050125,155 693 468,B01,3.0,10.0,0,0,0,0,1.0,
202400050126,155 693 464,A01,3.0,7.0,0,2,7,1,1.0,
202400050127,155 693 463,B01,1.0,40.0,0,9,1,1,2.0,
202400050128,155 693 461,A01,0.0,33.0,0,0,0,26,1.0,
202400050129,155 693 459,A01,0.0,31.0,0,9,1,0,6.0,
202400050130,155 693 457,A01,1.0,30.0,0,2,3,17,1.0,
202400050131,155 693 454,Z01,3.0,0.0,0,2,1,1,0.0,
202400050132,155 693 452,B01,1.0,7.0,0,2,1,1,1.0,
202400050133,155 693 451,B01,3.0,7.0,0,2,8,16,1.0,
202400050134,155 693 449,A01,1.0,33.0,0,2,3,1,1.0,
202400050135,155 693 444,A01,2.0,50.0,0,2,1,26,3.0,
202400050136,155 693 443,B01,1.0,7.0,0,2,1,15,1.0,
202400050137,155 693 447,A01,1.0,7.0,16,0,0,0,1.0,
202400050138,155 693 442,A01,3.0,7.0,0,1,1,1,1.0,
202400050139,155 693 445,A01,3.0,7.0,1,0,3,1,1.0,
202400050140,155 693 441,A01,1.0,7.0,0,2,7,17,1.0,
202400050141,155 693 440,A01,3.0,7.0,2,0,1,1,1.0,
202400050142,155 693 437,A01,1.0,7.0,0,2,1,2,1.0,
202400050143,155 693 435,A01,1.0,7.0,0,1,2,1,1.0,
202400050144,155 693 431,A01,1.0,7.0,3,0,8,13,1.0,
202400050145,155 693 430,B01,1.0,10.0,0,9,3,15,1.0,
202400050146,155 693 429,A01,1.0,7.0,0,2,2,17,1.0,
202400050147,155 693 427,A01,2.0,7.0,0,2,7,15,1.0,
202400050148,155 693 425,A01,3.0,7.0,0,2,1,1,1.0,
202400050149,155 693 426,A01,2.0,7.0,0,1,2,1,1.0,
202400050150,155 693 423,A01,2.0,33.0,0,2,1,1,1.0,
202400050151,155 693 421,A01,2.0,31.0,8,0,0,0,1.0,
202400050152,155 693 420,A01,3.0,7.0,0,2,3,9,1.0,
202400050153,155 693 416,A01,3.0,7.0,0,2,1,19,1.0,
202400050154,155 693 417,Z01,1.0,0.0,0,1,0,1,1.0,
202400050155,155 693 414,A01,0.0,7.0,0,2,1,0,1.0,
202400050156,155 693 411,A01,1.0,7.0,1,0,2,2,2.0,
202400050157,155 693 409,A01,2.0,7.0,0,0,4,2,1.0,
202400050158,155 693 407,B01,2.0,7.0,0,2,1,1,1.0,
202400050159,155 693 406,A01,2.0,33.0,0,2,1,3,1.0,
202400050160,155 693 404,A01,1.0,7.0,0,2,2,1,1.0,
202400050161,155 693 402,A01,1.0,7.0,0,2,1,1,1.0,
202400050162,155 693 400,A01,2.0,7.0,0,2,5,12,1.0,
202400050163,155 693 399,A01,1.0,7.0,13,0,0,2,1.0,
202400050164,155 693 398,A01,2.0,50.0,13,0,1,25,3.0,
202400050165,155 693 397,A01,1.0,7.0,0,2,2,15,1.0,
202400050166,155 693 392,B01,0.0,7.0,0,0,6,2,1.0,
202400050167,155 693 389,B01,3.0,1.0,0,2,1,1,5.0,
202400050168,155 693 387,A01,2.0,3.0,0,2,8,9,1.0,
202400050169,155 693 386,A01,3.0,7.0,0,2,2,15,0.0,
202400050170,155 693 385,A01,2.0,7.0,0,2,7,1,1.0,
202400050171,155 693 384,C01,1.0,7.0,0,2,5,1,2.0,
202400050172,155 693 382,A01,2.0,7.0,0,1,8,1,1.0,
202400050173,155 693 380,A01,3.0,33.0,0,2,1,1,1.0,
202400050174,155 693 381,A01,3.0,36.0,7,0,1,13,1.0,
202400050175,155 693 379,A01,2.0,1.0,0,0,0,14,5.0,
202400050176,155 693 375,A01,1.0,7.0,1,2,2,1,1.0,
202400050177,155 693 376,B01,1.0,7.0,0,2,8,1,1.0,
202400050178,155 693 372,A01,2.0,7.0,0,0,0,23,1.0,
202400050179,155 693 369,A01,2.0,7.0,8,0,0,0,1.0,
202400050180,155 693 370,B01,2.0,7.0,0,2,1,1,1.0,
202400050181,155 693 368,A01,1.0,7.0,0,2,1,1,1.0,
202400050182,155 693 366,Z01,2.0,10.0,0,1,1,1,1.0,
202400050183,155 693 364,A01,1.0,7.0,0,2,4,2,1.0,
202400050184,155 693 361,A01,2.0,7.0,0,2,1,1,1.0,
202400050185,155 693 360,A01,3.0,50.0,0,0,0,1,3.0,
202400050186,155 693 359,B01,3.0,7.0,0,9,3,1,1.0,
202400050187,155 693 356,A01,3.0,10.0,0,1,3,1,1.0,
202400050188,155 693 358,A01,2.0,7.0,3,0,1,14,1.0,
202400050189,155 693 354,B01,3.0,33.0,0,2,4,1,1.0,
202400050190,155 693 350,A01,1.0,1.0,0,2,1,13,5.0,
202400050191,155 693 349,B01,1.0,7.0,0,2,6,23,1.0,
202400050192,155 693 346,A01,2.0,7.0,0,2,1,2,1.0,
202400050193,155 693 344,A01,1.0,7.0,0,2,1,1,1.0,
202400050194,155 693 343,C01,2.0,7.0,0,2,0,0,1.0,
202400050195,155 693 341,A01,3.0,7.0,0,1,1,1,1.0,
202400050196,155 693 339,A01,1.0,7.0,16,0,1,26,1.0,
202400050197,155 693 338,A01,1.0,7.0,0,2,2,1,1.0,
202400050198,155 693 337,A01,0.0,10.0,0,1,1,15,1.0,
202400050199,155 693 334,A01,1.0,7.0,0,1,3,1,1.0,
202400050200,155 693 336,A01,1.0,7.0,0,2,3,1,1.0,
202400050201,155 693 329,B01,2.0,7.0,0,0,4,1,3.0,
202400050202,155 693 324,A01,1.0,14.0,0,2,2,12,1.0,
202400050203,155 693 319,A01,2.0,7.0,0,2,4,1,1.0,
202400050204,155 693 317,A01,3.0,38.0,0,1,5,16,1.0,1
202400050205,155 693 316,A01,1.0,7.0,0,2,1,5,1.0,
202400050206,155 693 314,A01,2.0,7.0,0,1,5,1,1.0,
202400050207,155 693 313,A01,2.0,7.0,0,1,3,1,1.0,
202400050208,155 693 309,A01,2.0,7.0,0,1,1,1,1.0,
202400050209,155 693 306,B01,2.0,1.0,0,2,7,1,5.0,
202400050210,155 693 305,A01,3.0,1.0,0,2,7,1,5.0,
202400050211,155 693 307,A01,1.0,7.0,4,0,3,1,1.0,
202400050212,155 693 302,A01,1.0,50.0,0,0,1,5,3.0,
202400050213,155 693 301,A01,1.0,7.0,0,2,1,13,1.0,
202400050214,155 693 294,B01,1.0,7.0,0,2,4,1,1.0,
202400050215,155 693 297,A01,1.0,7.0,0,0,0,16,1.0,
202400050216,155 693 293,B01,1.0,1.0,0,2,3,2,5.0,
202400050217,155 693 291,B01,2.0,7.0,0,2,3,2,1.0,
202400050218,155 693 290,B01,1.0,7.0,0,2,8,1,1.0,
202400050219,155 693 288,A01,3.0,30.0,0,0,8,26,1.0,
202400050220,155 693 285,B01,3.0,7.0,0,2,6,15,1.0,
202400050221,155 693 284,A01,1.0,7.0,15,0,1,1,1.0,
202400050222,155 693 282,A01,2.0,7.0,13,0,2,1,1.0,
202400050223,155 693 281,A01,1.0,7.0,0,2,2,1,1.0,
202400050224,155 693 280,B01,1.0,33.0,0,2,1,1,1.0,
202400050225,155 693 279,A01,2.0,50.0,0,0,0,1,3.0,
202400050226,155 693 278,A01,1.0,7.0,6,2,2,13,1.0,
202400050227,155 693 274,A01,1.0,2.0,0,2,1,1,3.0,
202400050228,155 693 275,A01,1.0,50.0,0,0,0,15,3.0,
202400050229,155 693 272,A01,2.0,7.0,0,2,3,13,1.0,
202400050230,155 693 269,A01,1.0,7.0,0,1,3,15,1.0,
202400050231,155 693 266,B01,1.0,33.0,0,2,1,1,1.0,
202400050232,155 693 267,A01,1.0,7.0,0,1,3,1,1.0,
202400050233,155 693 260,A01,0.0,2.0,0,2,8,15,1.0,
202400050234,155 693 261,A01,2.0,10.0,0,2,3,16,1.0,
202400050235,155 693 262,C01,1.0,7.0,0,2,4,2,1.0,
202400050236,155 693 257,A01,3.0,7.0,0,1,1,15,1.0,
202400050237,155 693 255,B01,3.0,1.0,0,2,6,10,5.0,
202400050238,155 693 253,A01,3.0,30.0,0,0,0,26,1.0,
202400050239,155 693 256,A01,1.0,7.0,0,2,3,15,1.0,
202400050240,155 693 252,A01,2.0,7.0,0,1,2,23,1.0,
202400050241,155 693 251,B01,1.0,32.0,0,2,1,1,1.0,
202400050242,155 693 246,A01,3.0,7.0,0,2,3,11,1.0,
202400050243,155 693 245,A01,3.0,33.0,0,2,1,1,1.0,
202400050244,155 693 244,A01,3.0,17.0,0,0,2,13,1.0,
202400050245,155 693 242,B01,3.0,34.0,0,2,1,1,1.0,
202400050246,155 693 239,A01,2.0,1.0,0,0,8,25,5.0,
202400050247,155 693 237,A01,2.0,7.0,6,0,2,14,1.0,
202400050248,155 693 238,B01,3.0,7.0,0,2,6,1,1.0,
202400050249,155 693 236,A01,1.0,37.0,0,2,3,13,1.0,4
202400050250,155 693 235,B01,3.0,7.0,0,0,8,1,1.0,
202400050251,155 693 234,A01,3.0,7.0,0,1,2,15,1.0,
202400050252,155 693 226,B01,2.0,32.0,0,2,1,2,1.0,
202400050253,155 693 229,A01,3.0,7.0,8,0,2,1,1.0,
202400050254,155 693 225,A01,2.0,10.0,0,1,1,16,1.0,
202400050255,155 693 230,B01,1.0,50.0,0,2,4,23,3.0,
202400050256,155 693 224,A01,1.0,7.0,0,2,1,1,1.0,
202400050257,155 693 227,B01,1.0,7.0,0,2,1,2,1.0,
202400050258,155 693 223,A01,2.0,33.0,13,0,9,1,1.0,
202400050259,155 693 217,A01,1.0,7.0,0,1,2,26,1.0,
202400050260,155 693 218,B01,3.0,3.0,0,2,3,26,1.0,
202400050261,155 693 215,A01,1.0,3.0,0,2,1,5,1.0,
202400050262,155 693 216,B01,1.0,7.0,0,2,1,1,1.0,
202400050263,155 693 214,A01,3.0,33.0,0,2,1,1,1.0,
202400050264,155 693 211,A01,1.0,34.0,0,1,1,17,1.0,
202400050265,155 693 210,A01,2.0,10.0,0,2,1,1,1.0,
202400050266,155 693 207,B01,2.0,15.0,0,2,1,19,1.0,
202400050267,155 693 205,B01,3.0,50.0,0,2,8,1,3.0,
202400050268,155 693 201,A01,1.0,7.0,0,2,2,1,2.0,
202400050269,155 693 202,A01,2.0,7.0,0,1,3,1,1.0,
202400050270,155 693 204,A01,1.0,10.0,0,2,7,1,1.0,
202400050271,155 693 198,B01,3.0,1.0,0,2,1,1,5.0,
202400050272,155 693 196,A01,2.0,7.0,0,2,3,2,1.0,
202400050273,155 693 195,A01,3.0,7.0,0,1,1,1,1.0,
202400050274,155 693 193,A01,0.0,7.0,0,1,0,0,0.0,
202400050275,155 693 194,B01,3.0,80.0,0,2,0,1,5.0,
202400050276,155 693 187,A01,1.0,33.0,0,2,7,3,1.0,
202400050277,155 693 188,A01,3.0,7.0,0,2,0,0,1.0,
202400050278,155 693 182,A01,2.0,10.0,0,2,1,1,1.0,
202400050279,155 693 183,Z01,2.0,7.0,0,2,6,9,0.0,
202400050280,155 693 184,B01,3.0,7.0,0,1,3,26,1.0,
202400050281,155 693 176,A01,2.0,33.0,0,0,0,2,1.0,
202400050282,155 693 177,A01,2.0,7.0,0,0,1,15,1.0,
202400050283,155 693 174,B01,2.0,1.0,1,2,1,5,5.0,
202400050284,155 693 178,A01,2.0,14.0,0,2,7,16,1.0,
202400050285,155 693 175,A01,1.0,13.0,0,1,2,1,0.0,
202400050286,155 693 172,A01,1.0,30.0,1,0,1,1,1.0,
202400050287,155 693 167,A01,2.0,7.0,0,9,3,1,1.0,
202400050288,155 693 169,A01,1.0,33.0,0,1,1,1,1.0,
202400050289,155 693 170,A01,0.0,1.0,0,2,1,1,5.0,
202400050290,155 693 164,A01,2.0,2.0,0,2,1,13,1.0,
202400050291,155 693 163,A01,1.0,7.0,0,0,4,1,1.0,
202400050292,155 693 160,B01,1.0,2.0,0,2,2,1,1.0,
202400050293,155 693 161,A01,1.0,32.0,0,1,1,1,1.0,
202400050294,155 693 157,A01,1.0,7.0,0,2,3,13,1.0,
202400050295,155 693 155,B01,1.0,2.0,0,2,1,1,1.0,
202400050296,155 693 154,A01,0.0,7.0,0,0,1,1,1.0,
202400050297,155 693 152,A01,2.0,7.0,0,2,1,16,2.0,
202400050298,155 693 151,A01,2.0,33.0,0,0,7,16,1.0,
202400050299,155 693 149,A01,0.0,7.0,0,2,1,1,1.0,
202400050300,155 693 148,A01,3.0,33.0,0,2,1,2,1.0,
202400050301,155 693 144,Z01,1.0,7.0,0,2,0,0,0.0,
202400050302,155 693 138,C01,2.0,7.0,0,2,3,1,1.0,
202400050303,155 693 139,B01,3.0,7.0,0,0,4,2,1.0,
202400050304,155 693 137,C01,0.0,7.0,0,2,4,1,1.0,
202400050305,155 693 134,A01,1.0,33.0,3,0,7,1,1.0,
202400050306,155 693 135,A01,2.0,7.0,0,2,3,15,1.0,
202400050307,155 693 130,A01,2.0,32.0,0,2,6,18,1.0,
202400050308,155 693 129,B01,1.0,99.0,0,2,4,1,1.0,
202400050309,155 693 127,A01,1.0,50.0,0,0,1,21,3.0,
202400050310,155 693 123,B01,1.0,31.0,0,2,1,1,1.0,
202400050311,155 693 125,B01,3.0,7.0,0,2,3,1,1.0,
202400050312,155 693 120,A01,1.0,33.0,0,2,1,2,1.0,
202400050313,155 693 117,B01,1.0,17.0,0,2,6,1,1.0,
202400050314,155 693 119,B01,1.0,33.0,0,2,7,1,1.0,
202400050315,155 693 116,A01,1.0,33.0,15,0,3,13,1.0,
202400050316,155 693 115,A01,3.0,33.0,0,2,8,17,1.0,
202400050317,155 693 114,A01,1.0,1.0,0,0,0,1,5.0,
202400050318,155 693 110,B01,3.0,1.0,0,2,1,1,5.0,
202400050319,155 693 111,A01,2.0,7.0,2,0,1,14,1.0,
202400050320,155 693 108,B01,2.0,7.0,15,2,3,1,1.0,
202400050321,155 693 107,A01,0.0,7.0,0,1,1,1,1.0,
202400050322,155 693 104,A01,0.0,43.0,0,6,3,0,1.0,
202400050323,155 693 105,A01,1.0,2.0,0,0,8,1,3.0,
202400050324,155 693 103,C01,1.0,7.0,0,2,3,23,1.0,
202400050325,155 693 099,A01,1.0,7.0,17,0,2,1,1.0,
202400050326,155 693 101,A01,3.0,33.0,0,0,7,1,1.0,
202400050327,155 693 098,A01,3.0,10.0,0,2,5,15,1.0,
202400050328,155 693 097,B01,2.0,33.0,0,2,1,1,1.0,
202400050329,155 693 096,A01,2.0,2.0,0,0,0,1,1.0,
202400050330,155 693 092,A01,1.0,30.0,0,2,3,16,3.0,
202400050331,155 693 091,A01,1.0,7.0,0,2,4,1,1.0,
202400050332,155 693 089,A01,1.0,7.0,0,2,1,13,1.0,
202400050333,155 693 087,A01,3.0,7.0,0,2,8,2,1.0,
202400050334,155 693 086,A01,1.0,7.0,6,0,1,16,1.0,
202400050335,155 693 084,B01,1.0,7.0,3,2,1,1,1.0,
202400050336,155 693 082,A01,1.0,7.0,0,2,1,2,1.0,
202400050337,155 693 081,A01,2.0,7.0,0,2,5,16,1.0,
202400050338,155 693 080,A01,2.0,7.0,0,0,9,26,1.0,
202400050339,155 693 078,A01,2.0,7.0,2,0,8,2,1.0,
202400050340,155 693 079,A01,2.0,30.0,0,1,1,17,1.0,
202400050341,155 693 077,A01,2.0,7.0,6,0,1,20,3.0,
202400050342,155 693 074,A01,1.0,37.0,0,2,1,23,3.0,1
202400050343,155 693 071,A01,2.0,34.0,0,1,1,17,1.0,
202400050344,155 693 069,B01,2.0,7.0,0,2,4,2,1.0,
202400050345,155 693 070,A01,2.0,7.0,0,2,2,13,1.0,
202400050346,155 693 068,B01,1.0,7.0,0,2,3,1,1.0,
202400050347,155 693 066,A01,1.0,7.0,0,1,2,2,1.0,
202400050348,155 693 063,A01,3.0,7.0,2,0,1,21,1.0,
202400050349,155 693 064,B01,3.0,50.0,16,2,7,25,3.0,
202400050350,155 693 061,A01,2.0,7.0,0,1,2,1,1.0,
202400050351,155 693 057,C01,1.0,7.0,0,1,3,21,2.0,
202400050352,155 693 054,A01,1.0,43.0,11,0,1,13,1.0,
202400050353,155 693 052,A01,2.0,31.0,0,2,3,3,1.0,
202400050354,155 693 055,B01,1.0,33.0,0,2,1,1,1.0,
202400050355,155 693 053,B01,3.0,30.0,1,2,1,1,1.0,
202400050356,155 693 046,A01,1.0,1.0,0,2,7,13,5.0,
202400050357,155 693 043,A01,2.0,31.0,0,2,3,19,1.0,
202400050358,155 693 044,A01,1.0,7.0,0,2,6,1,1.0,
202400050359,155 693 045,A01,2.0,7.0,0,2,1,2,1.0,
202400050360,155 693 042,A01,1.0,7.0,0,1,1,0,1.0,
202400050361,155 693 037,A01,2.0,7.0,0,2,1,2,1.0,
202400050362,155 693 039,A01,1.0,7.0,4,0,1,0,1.0,
202400050363,155 693 036,A01,3.0,7.0,0,2,3,23,1.0,
202400050364,155 693 035,A01,3.0,7.0,0,2,1,15,1.0,
202400050365,155 693 034,A01,3.0,50.0,0,0,0,0,3.0,
202400050366,155 693 033,A01,2.0,7.0,4,0,8,11,1.0,
202400050367,155 693 031,A01,1.0,7.0,6,0,2,14,1.0,
202400050368,155 693 032,A01,1.0,7.0,0,1,1,2,1.0,
202400050369,155 693 030,A01,2.0,7.0,0,1,1,1,1.0,
202400050370,155 693 024,A01,1.0,7.0,0,2,3,1,1.0,
202400050371,155 693 025,A01,3.0,7.0,0,2,1,15,1.0,
202400050372,155 693 022,B01,3.0,33.0,0,2,3,1,1.0,
202400050373,155 693 020,A01,2.0,7.0,0,2,7,12,1.0,
202400050374,155 693 019,A01,1.0,50.0,0,0,0,1,3.0,
202400050375,155 693 016,B01,2.0,33.0,0,2,1,21,1.0,
202400050376,155 693 013,A01,1.0,7.0,0,2,1,1,1.0,
202400050377,155 693 012,B01,1.0,7.0,1,0,5,9,2.0,
202400050378,155 693 011,A01,1.0,7.0,0,2,5,1,1.0,
202400050379,155 693 010,A01,2.0,33.0,6,0,2,0,1.0,
202400050380,155 693 006,A01,1.0,7.0,0,2,3,24,2.0,
202400050381,155 693 004,A01,0.0,30.0,0,2,1,2,1.0,
202400050382,155 693 005,B01,0.0,10.0,0,2,1,1,1.0,
202400050383,155 692 999,A01,3.0,7.0,0,2,8,19,1.0,
202400050384,155 692 998,A01,0.0,10.0,0,1,3,15,0.0,
202400050385,155 692 997,C01,1.0,7.0,0,2,5,2,1.0,
202400050386,155 692 996,A01,2.0,7.0,0,1,1,1,1.0,
202400050387,155 692 994,A01,2.0,7.0,2,0,0,14,1.0,
202400050388,155 692 995,A01,2.0,33.0,0,2,1,1,1.0,
202400050389,155 692 992,A01,0.0,7.0,3,0,2,0,1.0,
202400050390,155 692 990,Z01,2.0,2.0,0,0,0,0,0.0,
202400050391,155 692 991,A01,2.0,7.0,4,0,8,0,1.0,
202400050392,155 692 988,B01,3.0,31.0,0,2,0,0,1.0,
202400050393,155 692 983,A01,1.0,7.0,0,2,0,0,1.0,
202400050394,155 692 984,A01,1.0,7.0,0,0,0,1,1.0,
202400050395,155 692 982,B01,1.0,7.0,6,2,1,17,3.0,
202400050396,155 692 981,B01,2.0,33.0,0,2,7,1,1.0,
202400050397,155 692 979,A01,1.0,31.0,6,0,1,0,1.0,
202400050398,155 692 978,A01,1.0,10.0,0,0,0,15,1.0,
202400050399,155 692 976,A01,0.0,7.0,0,1,1,20,0.0,
202400050400,155 692 973,B01,2.0,7.0,0,2,4,2,1.0,
202400050401,155 692 971,A01,2.0,33.0,0,2,1,3,1.0,
202400050402,155 692 969,A01,1.0,7.0,0,0,1,1,1.0,
202400050403,155 692 970,A01,1.0,21.0,0,0,6,15,1.0,
202400050404,155 692 966,B01,1.0,7.0,0,2,1,1,1.0,
202400050405,155 692 965,A01,2.0,7.0,0,2,2,1,1.0,
202400050406,155 692 962,A01,1.0,33.0,0,0,7,26,1.0,
202400050407,155 692 961,A01,2.0,33.0,0,2,7,1,1.0,
202400050408,155 692 959,A01,1.0,50.0,0,0,3,1,3.0,
202400050409,155 692 957,A01,2.0,7.0,0,2,1,1,1.0,
202400050410,155 692 952,A01,1.0,7.0,4,0,3,26,1.0,
202400050411,155 692 955,C01,2.0,7.0,0,2,3,2,1.0,
202400050412,155 692 951,A01,1.0,10.0,0,2,1,15,6.0,
202400050413,155 692 953,B01,0.0,7.0,0,2,1,1,1.0,
202400050414,155 692 949,A01,2.0,7.0,0,2,4,1,0.0,
202400050415,155 692 946,A01,2.0,7.0,0,2,3,11,0.0,
202400050416,155 692 947,A01,3.0,33.0,0,0,1,13,1.0,
202400050417,155 692 944,A01,1.0,10.0,0,2,3,20,1.0,
202400050418,155 692 943,A01,2.0,7.0,0,1,4,20,2.0,
202400050419,155 692 940,A01,1.0,10.0,0,1,2,2,1.0,
202400050420,155 692 939,A01,1.0,7.0,0,2,1,1,1.0,
202400050421,155 692 937,B01,3.0,7.0,0,2,7,1,1.0,
202400050422,155 692 936,A01,1.0,10.0,2,0,1,1,1.0,
202400050423,155 692 935,A01,1.0,7.0,0,2,3,9,1.0,
202400050424,155 692 933,A01,0.0,7.0,0,2,2,4,1.0,
202400050425,155 692 931,A01,1.0,7.0,0,1,1,19,2.0,
202400050426,155 692 929,A01,1.0,7.0,0,1,2,16,1.0,
202400050427,155 692 930,A01,2.0,36.0,0,9,2,1,1.0,
202400050428,155 692 921,A01,1.0,10.0,0,2,1,1,1.0,
202400050429,155 692 917,B01,1.0,13.0,0,2,4,2,1.0,
202400050430,155 692 919,B01,1.0,7.0,0,2,1,1,1.0,
202400050431,155 692 920,A01,1.0,7.0,2,2,1,2,1.0,