Num_Acc,id_vehicule,num_veh,senc,catv,obs,obsm,choc,manv,motor,occutc
202400050432,155 692 916,A01,2.0,39.0,0,2,1,1,3.0,
202400050433,155 692 914,A01,1.0,7.0,13,0,1,1,1.0,
202400050434,155 692 912,A01,2.0,7.0,0,2,1,2,1.0,
202400050435,155 692 913,A01,1.0,7.0,4,0,9,13,1.0,
202400050436,155 692 909,A01,1.0,33.0,0,0,9,1,1.0,
202400050437,155 692 908,B01,1.0,33.0,0,2,1,1,1.0,
202400050438,155 692 905,B01,2.0,14.0,0,0,5,23,1.0,
202400050439,155 692 906,A01,1.0,7.0,0,0,9,14,1.0,
202400050440,155 692 904,A01,1.0,7.0,0,2,3,15,1.0,
202400050441,155 692 902,A01,1.0,7.0,0,1,3,1,1.0,
202400050442,155 692 898,A01,1.0,7.0,0,2,3,15,1.0,
202400050443,155 692 896,B01,2.0,7.0,0,0,8,1,1.0,
202400050444,155 692 897,A01,1.0,10.0,0,1,2,2,1.0,
202400050445,155 692 895,A01,2.0,7.0,0,2,2,15,1.0,
202400050446,155 692 892,A01,3.0,7.0,0,2,1,9,1.0,
202400050447,155 692 891,A01,3.0,7.0,16,0,9,13,1.0,
202400050448,155 692 887,A01,1.0,7.0,0,0,1,15,1.0,
202400050449,155 692 886,B01,2.0,7.0,0,2,9,21,1.0,
202400050450,155 692 885,A01,2.0,10.0,0,1,1,16,1.0,
202400050451,155 692 881,A01,1.0,7.0,0,2,2,2,1.0,
202400050452,155 692 880,A01,1.0,7.0,0,0,0,0,1.0,
202400050453,155 692 884,A01,2.0,7.0,0,0,8,13,1.0,
202400050454,155 692 876,B01,3.0,7.0,0,2,2,15,1.0,
202400050455,155 692 874,A01,1.0,7.0,0,2,3,13,1.0,
202400050456,155 692 873,B01,2.0,99.0,0,0,3,19,1.0,
202400050457,155 692 872,B01,1.0,2.0,0,2,1,1,1.0,
202400050458,155 692 869,A01,1.0,7.0,0,0,2,17,1.0,
202400050459,155 692 868,A01,1.0,17.0,3,2,1,13,1.0,
202400050460,155 692 866,B01,2.0,7.0,0,2,1,1,1.0,
202400050461,155 692 865,A01,2.0,50.0,0,2,7,1,3.0,
202400050462,155 692 862,A01,1.0,7.0,0,2,8,9,1.0,
202400050463,155 692 860,A01,1.0,7.0,3,2,0,1,1.0,
202400050464,155 692 859,B01,1.0,10.0,0,2,3,1,1.0,
202400050465,155 692 857,A01,3.0,33.0,4,2,1,1,1.0,
202400050466,155 692 855,A01,0.0,7.0,0,9,3,9,3.0,
202400050467,155 692 853,A01,1.0,1.0,0,0,0,1,5.0,
202400050468,155 692 852,A01,2.0,15.0,0,2,1,1,1.0,
202400050469,155 692 850,B01,1.0,7.0,0,2,2,1,1.0,
202400050470,155 692 848,A01,2.0,7.0,0,2,1,2,1.0,
202400050471,155 692 846,A01,3.0,7.0,13,0,3,14,1.0,
202400050472,155 692 844,A01,2.0,7.0,3,2,1,2,1.0,
202400050473,155 692 843,A01,2.0,7.0,0,1,2,1,2.0,
202400050474,155 692 842,A01,1.0,7.0,13,0,9,14,1.0,
202400050475,155 692 840,A01,2.0,7.0,8,0,7,1,1.0,
202400050476,155 692 838,B01,3.0,7.0,0,2,8,15,1.0,
202400050477,155 692 837,A01,2.0,7.0,13,0,2,1,1.0,
202400050478,155 692 836,A01,2.0,7.0,0,2,5,9,1.0,
202400050479,155 692 833,A01,2.0,21.0,0,2,2,15,1.0,
202400050480,155 692 832,A01,3.0,7.0,0,1,4,4,1.0,
202400050481,155 692 835,A01,1.0,33.0,13,0,0,16,1.0,
202400050482,155 692 828,A01,1.0,7.0,8,2,1,1,1.0,
202400050483,155 692 829,A01,1.0,10.0,0,2,2,19,1.0,
202400050484,155 692 826,A01,0.0,7.0,0,1,1,1,1.0,
202400050485,155 692 827,A01,2.0,7.0,13,0,1,1,1.0,
202400050486,155 692 825,A01,2.0,7.0,12,0,1,1,1.0,
202400050487,155 692 824,A01,0.0,7.0,8,0,2,15,1.0,
202400050488,155 692 820,A01,1.0,7.0,1,0,1,26,1.0,
202400050489,155 692 818,A01,1.0,7.0,0,2,3,16,1.0,
202400050490,155 692 817,A01,2.0,7.0,4,0,0,9,1.0,
202400050491,155 692 816,A01,1.0,7.0,4,0,1,1,1.0,
202400050492,155 692 814,A01,3.0,7.0,0,2,3,1,1.0,
202400050493,155 692 812,A01,3.0,50.0,0,2,1,26,3.0,
202400050494,155 692 811,A01,2.0,7.0,8,0,1,1,1.0,
202400050495,155 692 810,A01,1.0,2.0,0,0,7,1,1.0,
202400050496,155 692 809,A01,2.0,7.0,0,1,6,4,1.0,
202400050497,155 692 808,A01,3.0,10.0,4,0,2,15,1.0,
202400050498,155 692 807,A01,1.0,7.0,0,1,3,26,1.0,
202400050499,155 692 805,B01,1.0,7.0,0,2,1,1,1.0,
202400050500,155 692 803,A01,2.0,16.0,0,2,7,12,1.0,
202400050501,155 692 802,A01,2.0,7.0,0,1,2,1,1.0,
202400050502,155 692 800,B01,3.0,50.0,0,0,0,0,3.0,
202400050503,155 692 799,A01,1.0,7.0,1,0,2,1,1.0,
202400050504,155 692 797,A01,2.0,17.0,0,2,1,1,1.0,
202400050505,155 692 795,B01,1.0,7.0,5,2,3,5,1.0,
202400050506,155 692 794,A01,3.0,50.0,0,0,3,1,3.0,
202400050507,155 692 793,A01,3.0,7.0,0,1,0,1,1.0,
202400050508,155 692 792,A01,1.0,7.0,0,1,3,1,1.0,
202400050509,155 692 791,A01,0.0,7.0,0,1,4,20,1.0,
202400050510,155 692 789,B01,1.0,7.0,0,2,4,2,2.0,
202400050511,155 692 788,A01,1.0,7.0,0,0,0,13,1.0,
202400050512,155 692 786,B01,2.0,99.0,0,2,3,0,0.0,
202400050513,155 692 785,A01,0.0,2.0,0,0,7,1,1.0,
202400050514,155 692 784,A01,2.0,7.0,13,0,1,1,1.0,
202400050515,155 692 782,A01,2.0,50.0,0,2,1,21,3.0,
202400050516,155 692 781,A01,2.0,10.0,0,1,2,1,1.0,
202400050517,155 692 780,A01,2.0,7.0,0,1,1,1,1.0,
202400050518,155 692 778,Z01,2.0,13.0,0,9,1,1,1.0,
202400050519,155 692 775,C01,2.0,10.0,0,2,1,1,1.0,
202400050520,155 692 773,A01,3.0,30.0,0,2,3,2,1.0,
202400050521,155 692 771,A01,0.0,7.0,0,2,7,16,1.0,
202400050522,155 692 770,A01,2.0,7.0,13,0,1,1,1.0,
202400050523,155 692 769,A01,1.0,7.0,7,0,1,15,1.0,
202400050524,155 692 767,B01,2.0,7.0,0,2,7,0,1.0,
202400050525,155 692 766,A01,3.0,7.0,0,1,2,1,1.0,
202400050526,155 692 764,A01,3.0,50.0,0,2,1,19,3.0,
202400050527,155 692 763,B01,1.0,2.0,0,2,7,1,1.0,
202400050528,155 692 760,A01,1.0,7.0,0,2,3,1,1.0,
202400050529,155 692 759,A01,1.0,15.0,0,2,1,1,1.0,
202400050530,155 692 756,A01,1.0,7.0,0,2,7,21,1.0,
202400050531,155 692 753,A01,1.0,7.0,0,9,2,15,1.0,
202400050532,155 692 755,A01,2.0,7.0,0,9,3,16,1.0,
202400050533,155 692 751,B01,3.0,1.0,0,2,7,26,5.0,
202400050534,155 692 747,A01,1.0,40.0,0,2,0,15,3.0,
202400050535,155 692 748,B01,1.0,7.0,0,2,2,26,1.0,
202400050536,155 692 746,A01,2.0,7.0,6,0,1,2,1.0,
202400050537,155 692 745,A01,0.0,7.0,0,1,0,0,1.0,
202400050538,155 692 744,A01,3.0,30.0,0,5,7,1,1.0,
202400050539,155 692 742,A01,1.0,7.0,0,2,2,10,1.0,
202400050540,155 692 741,A01,1.0,7.0,0,1,8,1,1.0,
202400050541,155 692 738,B01,1.0,7.0,0,2,6,2,1.0,
202400050542,155 692 737,A01,3.0,33.0,0,2,7,16,1.0,
202400050543,155 692 736,A01,1.0,7.0,3,0,3,1,1.0,
202400050544,155 692 735,A01,0.0,10.0,0,1,1,1,0.0,
202400050545,155 692 730,Z01,0.0,13.0,0,1,5,0,0.0,
202400050546,155 692 731,B01,3.0,33.0,0,2,1,1,1.0,
202400050547,155 692 729,A01,2.0,7.0,0,1,1,1,1.0,
202400050548,155 692 728,A01,1.0,1.0,0,1,1,17,5.0,
202400050549,155 692 727,A01,2.0,7.0,0,1,2,0,1.0,
202400050550,155 692 725,A01,2.0,7.0,0,2,3,20,1.0,
202400050551,155 692 721,B01,1.0,7.0,0,2,4,2,1.0,
202400050552,155 692 720,B01,2.0,1.0,0,2,3,19,5.0,
202400050553,155 692 718,B01,2.0,7.0,0,2,4,2,1.0,
202400050554,155 692 716,A01,3.0,7.0,9,2,2,1,1.0,
202400050555,155 692 712,Z01,1.0,0.0,0,1,2,1,0.0,
202400050556,155 692 713,B01,1.0,33.0,0,2,7,3,1.0,
202400050557,155 692 711,A01,2.0,7.0,4,0,2,1,1.0,
202400050558,155 692 709,A01,1.0,10.0,0,2,2,11,1.0,
202400050559,155 692 707,A01,2.0,1.0,0,1,1,1,5.0,
202400050560,155 692 706,A01,1.0,7.0,0,2,1,15,1.0,
202400050561,155 692 705,A01,2.0,31.0,12,0,8,13,1.0,
202400050562,155 692 704,A01,1.0,33.0,0,0,8,3,1.0,
202400050563,155 692 703,A01,2.0,33.0,0,1,8,18,1.0,
202400050564,155 692 702,A01,2.0,7.0,2,0,1,13,1.0,
202400050565,155 692 701,A01,3.0,37.0,0,1,3,1,1.0,1
202400050566,155 692 699,A01,3.0,33.0,0,0,0,1,1.0,
202400050567,155 692 697,A01,2.0,2.0,0,2,2,14,1.0,
202400050568,155 692 696,A01,1.0,7.0,0,2,1,9,1.0,
202400050569,155 692 695,A01,1.0,7.0,0,0,1,1,1.0,
202400050570,155 692 693,B01,3.0,1.0,0,2,7,1,5.0,
202400050571,155 692 690,B01,0.0,7.0,14,0,1,2,1.0,
202400050572,155 692 689,A01,0.0,2.0,0,2,3,1,1.0,
202400050573,155 692 688,A01,3.0,7.0,0,1,2,1,1.0,
202400050574,155 692 687,A01,0.0,7.0,0,1,3,15,1.0,
202400050575,155 692 686,A01,3.0,10.0,8,0,0,9,0.0,
202400050576,155 692 685,A01,3.0,32.0,0,1,0,25,0.0,
202400050577,155 692 684,A01,2.0,31.0,0,0,0,21,1.0,
202400050578,155 692 683,A01,1.0,7.0,0,1,3,15,1.0,
202400050579,155 692 682,A01,3.0,7.0,0,1,5,4,1.0,
202400050580,155 692 681,A01,2.0,2.0,0,0,0,18,1.0,
202400050581,155 692 679,A01,1.0,7.0,0,1,2,16,1.0,
202400050582,155 692 678,B01,1.0,1.0,0,2,7,1,5.0,
202400050583,155 692 677,A01,1.0,7.0,0,1,2,1,1.0,
202400050584,155 692 674,B01,2.0,10.0,0,2,4,4,1.0,
202400050585,155 692 673,B01,1.0,10.0,0,2,8,15,1.0,
202400050586,155 692 671,A01,1.0,33.0,0,2,8,17,1.0,
202400050587,155 692 669,A01,2.0,7.0,0,2,2,16,1.0,
202400050588,155 692 667,A01,1.0,7.0,0,2,3,1,1.0,
202400050589,155 692 665,A01,2.0,7.0,0,1,1,1,1.0,
202400050590,155 692 664,B01,1.0,7.0,0,0,0,1,1.0,
202400050591,155 692 660,A01,2.0,7.0,0,2,1,26,1.0,
202400050592,155 692 661,A01,2.0,7.0,4,0,1,1,1.0,
202400050593,155 692 658,B01,1.0,2.0,0,2,3,1,1.0,
202400050594,155 692 657,A01,1.0,7.0,6,0,2,1,1.0,
202400050595,155 692 655,B01,3.0,7.0,0,2,1,1,1.0,
202400050596,155 692 654,A01,1.0,7.0,0,1,2,1,1.0,
202400050597,155 692 652,A01,0.0,31.0,0,2,7,17,1.0,
202400050598,155 692 649,A01,1.0,7.0,0,2,2,9,1.0,
202400050599,155 692 648,B01,3.0,50.0,0,2,2,0,3.0,
202400050600,155 692 645,B01,3.0,7.0,0,2,2,0,1.0,
202400050601,155 692 644,A01,2.0,10.0,0,1,1,15,1.0,
202400050602,155 692 642,B01,3.0,1.0,0,2,1,2,5.0,
202400050603,155 692 641,A01,1.0,3.0,13,0,3,13,1.0,
202400050604,155 692 639,A01,3.0,7.0,0,2,8,15,1.0,
202400050605,155 692 636,A01,3.0,10.0,0,2,1,16,1.0,
202400050606,155 692 634,B01,1.0,37.0,0,2,4,1,1.0,2
202400050607,155 692 633,B01,1.0,7.0,0,2,4,1,1.0,
202400050608,155 692 630,A01,1.0,7.0,0,2,1,0,0.0,
202400050609,155 692 628,A01,2.0,32.0,0,2,7,17,1.0,
202400050610,155 692 627,A01,3.0,2.0,0,2,1,1,1.0,
202400050611,155 692 625,A01,3.0,10.0,1,0,1,11,3.0,
202400050612,155 692 624,A01,1.0,10.0,0,2,4,4,1.0,
202400050613,155 692 622,B01,2.0,7.0,0,2,6,1,1.0,
202400050614,155 692 621,A01,2.0,50.0,0,2,1,17,3.0,
202400050615,155 692 619,A01,1.0,7.0,0,1,1,1,0.0,
202400050616,155 692 618,A01,2.0,7.0,0,2,2,5,1.0,
202400050617,155 692 617,A01,2.0,37.0,0,1,2,1,3.0,1
202400050618,155 692 615,A01,2.0,10.0,0,1,1,1,1.0,
202400050619,155 692 614,A01,2.0,10.0,8,0,2,1,1.0,
202400050620,155 692 613,A01,1.0,7.0,0,2,2,9,1.0,
202400050621,155 692 609,A01,2.0,7.0,0,2,3,1,1.0,
202400050622,155 692 608,A01,1.0,30.0,0,2,4,2,1.0,
202400050623,155 692 607,B01,3.0,1.0,0,2,1,1,5.0,
202400050624,155 692 602,B01,1.0,2.0,0,2,1,3,1.0,
202400050625,155 692 601,B01,2.0,10.0,0,2,1,1,1.0,
202400050626,155 692 598,A01,0.0,33.0,0,2,1,2,1.0,
202400050627,155 692 597,A01,3.0,50.0,0,1,1,19,3.0,
202400050628,155 692 596,A01,1.0,33.0,0,2,1,26,1.0,
202400050629,155 692 595,A01,2.0,7.0,0,0,6,9,1.0,
202400050630,155 692 594,Z01,2.0,33.0,0,1,0,1,1.0,
202400050631,155 692 588,C01,1.0,7.0,0,2,6,1,3.0,
202400050632,155 692 587,B01,0.0,7.0,0,2,4,1,1.0,
202400050633,155 692 583,A01,2.0,10.0,0,1,4,4,6.0,
202400050634,155 692 585,A01,1.0,33.0,0,2,1,2,1.0,
202400050635,155 692 584,A01,2.0,33.0,0,0,7,0,1.0,
202400050636,155 692 579,A01,3.0,13.0,0,0,0,15,0.0,
202400050637,155 692 578,A01,3.0,2.0,0,2,8,10,1.0,
202400050638,155 692 577,B01,3.0,10.0,0,2,0,0,0.0,
202400050639,155 692 572,A01,2.0,7.0,16,0,1,15,1.0,
202400050640,155 692 567,A01,3.0,7.0,14,0,0,19,3.0,
202400050641,155 692 571,A01,1.0,50.0,0,2,1,1,3.0,
202400050642,155 692 565,C01,1.0,7.0,0,2,3,1,1.0,
202400050643,155 692 566,A01,2.0,7.0,0,0,3,1,1.0,
202400050644,155 692 564,A01,1.0,7.0,0,0,1,0,1.0,
202400050645,155 692 557,B01,1.0,32.0,0,2,1,0,1.0,
202400050646,155 692 559,A01,1.0,7.0,8,0,1,14,1.0,
202400050647,155 692 558,B01,3.0,7.0,0,2,4,1,1.0,
202400050648,155 692 560,A01,2.0,1.0,0,2,1,21,5.0,
202400050649,155 692 554,A01,3.0,7.0,8,0,9,14,1.0,
202400050650,155 692 553,A01,1.0,7.0,1,2,6,0,1.0,
202400050651,155 692 552,B01,2.0,7.0,0,2,2,13,1.0,
202400050652,155 692 550,B01,3.0,50.0,0,2,8,19,3.0,
202400050653,155 692 549,A01,2.0,37.0,0,1,1,0,1.0,1
202400050654,155 692 544,B01,3.0,7.0,0,2,5,1,1.0,
202400050655,155 692 545,A01,3.0,33.0,0,1,1,1,1.0,
202400050656,155 692 546,A01,2.0,7.0,0,1,3,1,1.0,
202400050657,155 692 542,A01,3.0,7.0,0,1,3,1,1.0,
202400050658,155 692 543,B01,2.0,7.0,0,2,2,0,1.0,
202400050659,155 692 541,A01,0.0,2.0,14,0,1,16,1.0,
202400050660,155 692 537,A01,2.0,1.0,0,2,3,5,5.0,
202400050661,155 692 536,A01,0.0,2.0,0,0,7,16,1.0,
202400050662,155 692 534,A01,1.0,30.0,0,2,1,0,0.0,
202400050663,155 692 533,A01,0.0,7.0,0,2,1,1,1.0,
202400050664,155 692 535,B01,2.0,33.0,0,2,1,1,1.0,
202400050665,155 692 532,A01,1.0,7.0,0,1,3,15,0.0,
202400050666,155 692 526,A01,1.0,10.0,0,2,1,15,1.0,
202400050667,155 692 528,A01,2.0,7.0,2,0,2,2,1.0,
202400050668,155 692 530,A01,3.0,34.0,0,1,1,16,1.0,
202400050669,155 692 527,B01,2.0,80.0,0,2,8,1,3.0,
202400050670,155 692 524,A01,2.0,7.0,0,2,3,10,1.0,
202400050671,155 692 519,A01,2.0,7.0,6,1,2,1,1.0,
202400050672,155 692 518,B01,1.0,21.0,0,2,0,9,1.0,
202400050673,155 692 513,A01,1.0,7.0,0,1,1,1,2.0,
202400050674,155 692 515,A01,1.0,7.0,0,1,1,1,1.0,
202400050675,155 692 516,A01,3.0,31.0,0,2,2,9,1.0,
202400050676,155 692 514,A01,3.0,7.0,0,2,3,11,1.0,
202400050677,155 692 517,A01,1.0,10.0,0,2,3,22,1.0,
202400050678,155 692 512,A01,2.0,7.0,3,0,3,14,1.0,
202400050679,155 692 511,A01,1.0,7.0,0,1,1,1,1.0,
202400050680,155 692 507,Z01,3.0,7.0,0,1,3,15,1.0,
202400050681,155 692 509,A01,2.0,1.0,0,1,1,1,5.0,
202400050682,155 692 508,A01,3.0,7.0,0,1,2,1,1.0,
202400050683,155 692 505,A01,1.0,7.0,0,1,1,1,1.0,
202400050684,155 692 506,A01,3.0,7.0,8,0,1,1,1.0,
202400050685,155 692 504,B01,1.0,50.0,1,2,7,1,3.0,
202400050686,155 692 499,A01,2.0,32.0,0,2,7,17,1.0,
202400050687,155 692 498,A01,2.0,7.0,0,2,1,9,1.0,
202400050688,155 692 495,B01,3.0,7.0,0,2,4,23,2.0,
202400050689,155 692 497,A01,1.0,7.0,0,1,3,1,2.0,
202400050690,155 692 496,B01,1.0,7.0,0,2,1,1,2.0,
202400050691,155 692 489,A01,1.0,50.0,0,2,5,19,3.0,
202400050692,155 692 491,A01,1.0,7.0,0,2,3,0,1.0,
202400050693,155 692 487,A01,3.0,7.0,0,2,1,15,1.0,
202400050694,155 692 485,A01,2.0,7.0,0,1,3,15,2.0,
202400050695,155 692 484,A01,2.0,7.0,0,0,7,15,1.0,
202400050696,155 692 486,Z01,2.0,50.0,0,1,1,1,3.0,
202400050697,155 692 483,B01,1.0,7.0,0,2,0,1,1.0,
202400050698,155 692 481,A01,2.0,31.0,1,0,1,26,1.0,
202400050699,155 692 480,A01,2.0,7.0,0,1,3,1,1.0,
202400050700,155 692 478,B01,1.0,1.0,0,0,4,1,5.0,
202400050701,155 692 474,A01,3.0,7.0,13,0,4,23,1.0,
202400050702,155 692 473,A01,1.0,7.0,2,0,5,1,1.0,
202400050703,155 692 477,A01,0.0,10.0,0,2,1,1,3.0,
202400050704,155 692 476,A01,3.0,10.0,0,0,0,0,0.0,
202400050705,155 692 475,B01,1.0,1.0,0,5,1,1,5.0,
202400050706,155 692 469,B01,1.0,7.0,0,2,3,1,1.0,
202400050707,155 692 467,A01,1.0,33.0,16,0,9,1,1.0,
202400050708,155 692 466,A01,1.0,33.0,0,0,4,2,1.0,
202400050709,155 692 468,A01,1.0,10.0,0,2,7,2,1.0,
202400050710,155 692 463,A01,3.0,7.0,9,2,1,9,1.0,
202400050711,155 692 464,A01,1.0,10.0,0,1,1,1,1.0,
202400050712,155 692 462,A01,1.0,50.0,1,1,1,14,3.0,
202400050713,155 692 460,A01,3.0,7.0,0,1,0,0,0.0,
202400050714,155 692 457,A01,3.0,34.0,0,2,2,26,1.0,
202400050715,155 692 453,A01,2.0,30.0,0,2,7,17,1.0,
202400050716,155 692 454,B01,1.0,15.0,0,2,1,21,1.0,
202400050717,155 692 452,A01,2.0,7.0,0,2,1,1,1.0,
202400050718,155 692 450,A01,1.0,7.0,0,2,1,15,1.0,
202400050719,155 692 449,A01,1.0,7.0,0,2,1,5,1.0,
202400050720,155 692 445,B01,0.0,7.0,0,2,1,1,,
202400050721,155 692 443,A01,3.0,7.0,0,2,3,15,1.0,
202400050722,155 692 440,B01,2.0,7.0,0,2,2,9,1.0,
202400050723,155 692 439,A01,2.0,7.0,2,0,1,1,1.0,
202400050724,155 692 438,A01,2.0,7.0,1,2,6,23,1.0,
202400050725,155 692 436,A01,3.0,7.0,0,1,1,1,1.0,
202400050726,155 692 435,B01,1.0,1.0,0,2,1,15,5.0,
202400050727,155 692 433,A01,2.0,7.0,13,0,2,1,1.0,
202400050728,155 692 430,A01,1.0,7.0,0,0,3,1,1.0,
202400050729,155 692 429,A01,1.0,17.0,13,0,2,1,1.0,
202400050730,155 692 426,A01,3.0,7.0,0,1,0,1,1.0,
202400050731,155 692 425,A01,1.0,33.0,0,0,0,0,1.0,
202400050732,155 692 427,A01,2.0,1.0,14,0,1,13,5.0,
202400050733,155 692 428,B01,1.0,7.0,0,2,1,1,1.0,
202400050734,155 692 421,A01,1.0,31.0,0,2,2,17,1.0,
202400050735,155 692 418,B01,1.0,10.0,0,2,5,9,1.0,
202400050736,155 692 419,A01,1.0,2.0,0,2,3,18,1.0,
202400050737,155 692 416,B01,1.0,7.0,0,2,2,1,1.0,
202400050738,155 692 417,A01,2.0,1.0,6,0,2,1,5.0,
202400050739,155 692 414,A01,0.0,7.0,0,1,6,4,1.0,
202400050740,155 692 410,B01,3.0,1.0,0,2,3,1,5.0,
202400050741,155 692 413,A01,1.0,50.0,0,1,1,1,3.0,
202400050742,155 692 407,A01,0.0,32.0,0,2,1,1,0.0,
202400050743,155 692 404,B01,1.0,7.0,0,2,3,1,1.0,
202400050744,155 692 405,A01,1.0,32.0,14,0,8,11,1.0,
202400050745,155 692 403,B01,1.0,7.0,0,2,8,13,1.0,
202400050746,155 692 402,A01,3.0,7.0,0,2,1,5,0.0,
202400050747,155 692 397,B01,3.0,33.0,0,2,3,26,1.0,
202400050748,155 692 396,BZ01,1.0,32.0,0,1,1,0,1.0,
202400050749,155 692 398,B01,0.0,7.0,0,9,3,23,1.0,
202400050750,155 692 393,A01,2.0,7.0,13,0,1,0,1.0,
202400050751,155 692 395,C01,3.0,1.0,0,2,1,0,5.0,
202400050752,155 692 392,A01,1.0,7.0,0,1,2,1,1.0,
202400050753,155 692 391,A01,3.0,7.0,0,0,0,0,1.0,
202400050754,155 692 390,A01,1.0,33.0,0,0,8,13,1.0,
202400050755,155 692 389,A01,0.0,7.0,0,2,7,1,1.0,
202400050756,155 692 388,A01,1.0,7.0,0,1,8,1,1.0,
202400050757,155 692 387,A01,3.0,2.0,0,1,2,1,1.0,
202400050758,155 692 386,A01,1.0,31.0,0,1,7,0,0.0,
202400050759,155 692 384,A01,3.0,10.0,0,1,2,17,1.0,
202400050760,155 692 382,A01,1.0,31.0,0,2,1,1,0.0,
202400050761,155 692 383,A01,1.0,33.0,13,0,0,1,1.0,
202400050762,155 692 376,B01,1.0,32.0,0,2,1,1,1.0,
202400050763,155 692 378,A01,1.0,7.0,0,2,2,22,1.0,
202400050764,155 692 372,A01,2.0,33.0,0,0,7,16,1.0,
202400050765,155 692 374,A01,1.0,7.0,0,2,1,15,1.0,
202400050766,155 692 371,A01,2.0,7.0,0,2,1,5,2.0,
202400050767,155 692 370,A01,3.0,0.0,0,1,0,0,0.0,
202400050768,155 692 373,A01,2.0,1.0,0,0,0,1,5.0,
202400050769,155 692 369,A01,3.0,3.0,1,0,1,1,1.0,
202400050770,155 692 366,A01,3.0,7.0,16,0,9,1,1.0,
202400050771,155 692 367,A01,1.0,7.0,1,2,3,1,1.0,
202400050772,155 692 362,A01,1.0,2.0,8,0,1,0,1.0,
202400050773,155 692 365,A01,3.0,32.0,0,1,0,16,1.0,
202400050774,155 692 361,A01,1.0,7.0,0,1,3,1,1.0,
202400050775,155 692 360,A01,1.0,50.0,1,0,1,9,3.0,
202400050776,155 692 358,A01,3.0,7.0,0,2,1,1,0.0,
202400050777,155 692 359,A01,2.0,10.0,0,2,1,5,1.0,
202400050778,155 692 356,A01,1.0,7.0,2,0,2,0,1.0,
202400050779,155 692 353,A01,0.0,7.0,10,0,7,1,1.0,
202400050780,155 692 354,A01,2.0,7.0,13,0,2,1,1.0,
202400050781,155 692 351,A01,2.0,1.0,0,1,1,2,5.0,
202400050782,155 692 348,B01,2.0,33.0,0,2,1,0,1.0,
202400050783,155 692 355,B01,1.0,33.0,0,2,1,1,1.0,
202400050784,155 692 343,A01,1.0,7.0,13,0,9,1,1.0,
202400050785,155 692 347,A01,2.0,7.0,0,2,1,1,1.0,
202400050786,155 692 341,A01,1.0,10.0,0,2,1,9,1.0,
202400050787,155 692 339,A01,3.0,7.0,0,2,3,1,3.0,
202400050788,155 692 342,B01,2.0,1.0,0,2,0,18,5.0,
202400050789,155 692 338,A01,2.0,7.0,13,0,1,14,1.0,
202400050790,155 692 337,A01,1.0,1.0,0,0,0,0,5.0,
202400050791,155 692 335,A01,1.0,7.0,0,2,2,1,1.0,
202400050792,155 692 332,A01,1.0,7.0,14,0,2,1,1.0,
202400050793,155 692 331,A01,1.0,3.0,0,1,2,2,0.0,
202400050794,155 692 333,B01,1.0,31.0,0,2,1,17,1.0,
202400050795,155 692 330,A01,1.0,7.0,1,0,8,26,1.0,
202400050796,155 692 329,A01,3.0,7.0,0,2,7,17,1.0,
202400050797,155 692 320,A01,1.0,7.0,0,1,1,1,1.0,
202400050798,155 692 323,A01,2.0,10.0,0,2,3,1,1.0,
202400050799,155 692 318,A01,0.0,7.0,12,0,1,1,0.0,
202400050800,155 692 315,A01,2.0,10.0,0,2,1,2,1.0,
202400050801,155 692 313,A01,2.0,7.0,4,0,8,21,1.0,
202400050802,155 692 307,A01,1.0,7.0,0,2,5,12,1.0,
202400050803,155 692 327,A01,3.0,33.0,11,0,7,1,1.0,
202400050804,155 692 306,A01,2.0,1.0,0,2,1,13,5.0,
202400050805,155 692 309,B01,2.0,31.0,0,2,1,1,1.0,
202400050806,155 692 326,A01,1.0,7.0,0,1,2,1,1.0,
202400050807,155 692 304,B01,2.0,7.0,0,2,6,1,1.0,
202400050808,155 692 311,A01,2.0,7.0,0,2,2,1,1.0,
202400050809,155 692 308,A01,1.0,2.0,0,2,1,19,1.0,
202400050810,155 692 302,A01,3.0,33.0,0,0,0,12,1.0,
202400050811,155 692 303,C01,1.0,7.0,0,2,5,1,0.0,
202400050812,155 692 300,B01,2.0,7.0,0,2,3,1,1.0,
202400050813,155 692 294,A01,2.0,7.0,0,2,1,5,1.0,
202400050814,155 692 299,A01,2.0,33.0,14,0,1,1,1.0,
202400050815,155 692 293,A01,2.0,33.0,5,0,1,1,1.0,
202400050816,155 692 298,A01,3.0,7.0,4,2,3,11,1.0,
202400050817,155 692 292,A01,0.0,7.0,13,2,8,17,1.0,
202400050818,155 692 289,A01,1.0,10.0,0,1,2,18,1.0,
202400050819,155 692 286,A01,1.0,7.0,0,2,1,2,1.0,
202400050820,155 692 283,A01,2.0,7.0,6,0,9,1,1.0,
202400050821,155 692 285,B01,1.0,1.0,0,2,3,1,5.0,
202400050822,155 692 281,B01,2.0,7.0,0,2,4,1,1.0,
202400050823,155 692 278,A01,0.0,34.0,0,2,1,2,1.0,
202400050824,155 692 275,A01,0.0,7.0,0,2,2,1,1.0,
202400050825,155 692 277,A01,2.0,37.0,0,2,5,16,1.0,1
202400050826,155 692 273,B01,1.0,7.0,0,2,8,12,1.0,
202400050827,155 692 274,A01,2.0,32.0,0,2,1,17,1.0,
202400050828,155 692 269,Z01,2.0,32.0,0,1,1,1,1.0,