Num_Acc,id_vehicule,num_veh,senc,catv,obs,obsm,choc,manv,motor,occutc
202400050829,155 692 266,A01,1.0,7.0,0,2,1,1,1.0,
202400050830,155 692 268,A01,2.0,7.0,0,1,2,15,1.0,
202400050831,155 692 267,A01,1.0,10.0,0,1,2,16,1.0,
202400050832,155 692 265,A01,1.0,7.0,0,1,2,1,1.0,
202400050833,155 692 263,A01,3.0,7.0,0,0,0,0,0.0,
202400050834,155 692 260,B01,1.0,7.0,3,0,6,23,1.0,
202400050835,155 692 261,A01,1.0,7.0,0,0,0,1,1.0,
202400050836,155 692 254,Y01,1.0,60.0,1,2,1,19,5.0,
202400050837,155 692 259,A01,3.0,7.0,0,2,2,16,2.0,
202400050838,155 692 257,A01,2.0,33.0,0,2,7,1,1.0,
202400050839,155 692 253,A01,1.0,7.0,0,1,2,26,1.0,
202400050840,155 692 252,A01,2.0,7.0,12,0,3,1,1.0,
202400050841,155 692 250,A01,1.0,7.0,0,2,2,2,1.0,
202400050842,155 692 248,A01,3.0,33.0,12,0,3,16,1.0,
202400050843,155 692 251,A01,2.0,7.0,0,0,7,13,1.0,
202400050844,155 692 245,A01,2.0,7.0,0,2,7,12,1.0,
202400050845,155 692 244,A01,3.0,7.0,0,1,1,1,1.0,
202400050846,155 692 239,A01,2.0,7.0,2,2,2,14,1.0,
202400050847,155 692 241,B01,1.0,14.0,0,2,3,1,1.0,
202400050848,155 692 236,A01,2.0,7.0,0,2,2,1,1.0,
202400050849,155 692 240,A01,1.0,2.0,6,0,6,1,1.0,
202400050850,155 692 230,A01,1.0,7.0,0,2,2,2,0.0,
202400050851,155 692 231,A01,1.0,10.0,0,2,3,15,1.0,
202400050852,155 692 228,A01,2.0,7.0,0,2,3,17,1.0,
202400050853,155 692 229,A01,1.0,50.0,0,0,0,1,3.0,
202400050854,155 692 235,A01,1.0,33.0,0,2,1,1,1.0,
202400050855,155 692 226,B01,3.0,32.0,0,2,3,1,1.0,
202400050856,155 692 224,B01,1.0,34.0,15,2,1,1,1.0,
202400050857,155 692 223,B01,1.0,7.0,0,2,2,1,1.0,
202400050858,155 692 222,B01,1.0,7.0,0,2,3,1,1.0,
202400050859,155 692 218,A01,1.0,7.0,13,0,1,17,1.0,
202400050860,155 692 217,A01,2.0,7.0,12,0,0,12,0.0,
202400050861,155 692 214,A01,1.0,7.0,0,9,3,16,2.0,
202400050862,155 692 209,A01,1.0,30.0,0,2,1,5,1.0,
202400050863,155 692 210,A01,2.0,7.0,0,2,3,9,1.0,
202400050864,155 692 205,A01,1.0,50.0,0,1,0,7,3.0,
202400050865,155 692 204,A01,1.0,33.0,15,0,1,2,1.0,
202400050866,155 692 211,A01,2.0,7.0,0,0,2,1,1.0,
202400050867,155 692 202,B01,3.0,10.0,0,2,0,15,1.0,
202400050868,155 692 203,B01,2.0,7.0,0,9,2,1,2.0,
202400050869,155 692 199,A01,1.0,10.0,6,0,2,26,1.0,
202400050870,155 692 198,B01,2.0,2.0,0,2,7,1,1.0,
202400050871,155 692 190,A01,1.0,1.0,0,2,1,19,5.0,
202400050872,155 692 191,B01,0.0,1.0,0,2,7,1,5.0,
202400050873,155 692 186,B01,1.0,2.0,0,2,7,15,1.0,
202400050874,155 692 188,B01,1.0,37.0,0,2,3,1,1.0,10
202400050875,155 692 189,A01,2.0,17.0,0,0,4,23,1.0,
202400050876,155 692 185,A01,1.0,10.0,0,2,1,9,1.0,
202400050877,155 692 183,A01,2.0,1.0,0,2,8,16,5.0,
202400050878,155 692 184,B01,2.0,7.0,0,2,3,1,1.0,
202400050879,155 692 182,A01,2.0,7.0,2,0,8,14,1.0,
202400050880,155 692 179,A01,3.0,10.0,0,1,0,2,0.0,
202400050881,155 692 178,A01,3.0,21.0,6,0,1,0,1.0,
202400050882,155 692 175,A01,1.0,10.0,2,0,2,14,1.0,
202400050883,155 692 174,A01,3.0,37.0,0,1,1,1,1.0,1
202400050884,155 692 172,B01,1.0,7.0,0,2,5,12,2.0,
202400050885,155 692 173,A01,2.0,1.0,0,1,7,1,5.0,
202400050886,155 692 181,A01,2.0,7.0,4,0,1,2,1.0,
202400050887,155 692 169,A01,1.0,7.0,13,0,2,14,1.0,
202400050888,155 692 168,A01,2.0,7.0,0,2,1,2,0.0,
202400050889,155 692 166,A01,1.0,10.0,13,0,1,1,0.0,
202400050890,155 692 167,A01,1.0,7.0,0,2,3,15,1.0,
202400050891,155 692 162,A01,2.0,7.0,0,1,1,1,1.0,
202400050892,155 692 161,B01,2.0,7.0,0,2,2,1,2.0,
202400050893,155 692 159,A01,2.0,7.0,13,0,1,1,2.0,
202400050894,155 692 158,A01,2.0,7.0,6,0,1,13,1.0,
202400050895,155 692 156,B01,1.0,43.0,0,2,1,1,1.0,
202400050896,155 692 152,A01,3.0,7.0,0,2,1,1,1.0,
202400050897,155 692 151,A01,0.0,10.0,0,6,0,1,1.0,
202400050898,155 692 149,A01,2.0,7.0,0,2,3,1,2.0,
202400050899,155 692 163,A01,2.0,7.0,0,1,1,0,1.0,
202400050900,155 692 160,B01,1.0,7.0,0,2,4,2,1.0,
202400050901,155 692 148,A01,3.0,7.0,0,0,2,15,1.0,
202400050902,155 692 146,B01,1.0,31.0,0,2,1,2,1.0,
202400050903,155 692 145,A01,2.0,7.0,0,1,3,1,1.0,
202400050904,155 692 142,B01,2.0,7.0,0,2,4,1,1.0,
202400050905,155 692 144,A01,3.0,31.0,0,2,8,1,3.0,
202400050906,155 692 139,A01,3.0,7.0,0,2,3,15,1.0,
202400050907,155 692 137,A01,3.0,7.0,15,0,2,1,1.0,
202400050908,155 692 138,A01,2.0,7.0,0,0,7,0,1.0,
202400050909,155 692 135,A01,3.0,31.0,0,2,2,17,1.0,
202400050910,155 692 136,A01,3.0,7.0,0,2,1,1,1.0,
202400050911,155 692 132,A01,1.0,2.0,0,0,0,0,3.0,
202400050912,155 692 133,A01,1.0,33.0,0,1,1,21,1.0,
202400050913,155 692 131,A01,1.0,7.0,0,2,2,2,1.0,
202400050914,155 692 130,A01,3.0,80.0,0,1,1,1,3.0,
202400050915,155 692 127,B01,2.0,50.0,0,2,1,1,3.0,
202400050916,155 692 122,A01,2.0,7.0,13,2,8,17,1.0,
202400050917,155 692 126,A01,2.0,10.0,14,1,3,2,1.0,
202400050918,155 692 121,A01,1.0,7.0,0,1,1,1,1.0,
202400050919,155 692 125,A01,1.0,7.0,4,0,2,1,1.0,
202400050920,155 692 124,Z01,2.0,7.0,0,1,2,1,1.0,
202400050921,155 692 117,A01,1.0,7.0,2,0,7,1,1.0,
202400050922,155 692 118,A01,1.0,7.0,0,2,2,21,1.0,
202400050923,155 692 116,Z01,1.0,7.0,0,1,2,16,1.0,
202400050924,155 692 106,A01,1.0,7.0,0,2,4,2,1.0,
202400050925,155 692 110,A01,2.0,7.0,4,0,3,1,1.0,
202400050926,155 692 108,A01,1.0,10.0,1,0,1,1,0.0,
202400050927,155 692 109,A01,2.0,1.0,0,2,8,15,5.0,
202400050928,155 692 107,B01,3.0,32.0,0,2,2,16,1.0,
202400050929,155 692 105,A01,2.0,7.0,0,0,1,1,1.0,
202400050930,155 692 100,B01,3.0,31.0,0,2,1,1,1.0,
202400050931,155 692 101,A01,2.0,1.0,0,0,0,1,5.0,
202400050932,155 692 097,A01,1.0,7.0,0,2,8,2,1.0,
202400050933,155 692 099,A01,1.0,7.0,0,0,2,9,1.0,
202400050934,155 692 096,B01,1.0,7.0,0,2,2,2,1.0,
202400050935,155 692 093,B01,3.0,50.0,0,2,0,25,3.0,
202400050936,155 692 094,A01,1.0,7.0,0,2,7,1,0.0,
202400050937,155 692 091,A01,0.0,7.0,0,1,3,15,2.0,
202400050938,155 692 087,A01,1.0,10.0,6,9,1,13,1.0,
202400050939,155 692 086,A01,2.0,7.0,0,2,1,2,1.0,
202400050940,155 692 090,A01,2.0,7.0,0,1,8,1,2.0,
202400050941,155 692 088,A01,2.0,40.0,0,1,3,1,3.0,
202400050942,155 692 084,A01,1.0,7.0,3,0,1,1,1.0,
202400050943,155 692 083,A01,2.0,7.0,0,2,1,1,1.0,
202400050944,155 692 080,A01,3.0,10.0,0,2,1,15,1.0,
202400050945,155 692 079,A01,2.0,7.0,2,0,1,1,1.0,
202400050946,155 692 073,A01,1.0,10.0,0,1,1,1,1.0,
202400050947,155 692 075,B01,1.0,7.0,0,2,1,1,1.0,
202400050948,155 692 076,A01,3.0,37.0,0,1,1,20,1.0,1
202400050949,155 692 077,A01,2.0,31.0,0,1,1,21,1.0,
202400050950,155 692 070,B01,1.0,30.0,0,2,1,13,1.0,
202400050951,155 692 071,A01,1.0,7.0,0,1,3,16,3.0,
202400050952,155 692 068,B01,1.0,7.0,0,0,4,23,1.0,
202400050953,155 692 069,B01,3.0,7.0,0,2,3,1,1.0,
202400050954,155 692 065,A01,1.0,7.0,0,1,1,1,1.0,
202400050955,155 692 066,B01,2.0,1.0,1,1,1,2,5.0,
202400050956,155 692 062,B01,0.0,7.0,0,2,4,1,1.0,
202400050957,155 692 059,B01,2.0,7.0,0,2,2,23,1.0,
202400050958,155 692 063,A01,1.0,7.0,4,0,2,1,1.0,
202400050959,155 692 057,A01,2.0,2.0,6,0,3,1,1.0,
202400050960,155 692 051,A01,2.0,32.0,0,2,2,17,1.0,
202400050961,155 692 052,B01,1.0,1.0,0,2,3,13,5.0,
202400050962,155 692 050,B01,3.0,50.0,0,2,1,1,3.0,
202400050963,155 692 046,B01,2.0,7.0,0,9,3,1,1.0,
202400050964,155 692 043,A01,1.0,7.0,0,2,3,1,1.0,
202400050965,155 692 042,B01,2.0,7.0,0,2,7,15,3.0,
202400050966,155 692 041,A01,3.0,7.0,0,2,7,1,1.0,
202400050967,155 692 040,A01,0.0,7.0,0,2,8,1,1.0,
202400050968,155 692 038,A01,2.0,7.0,0,2,4,1,1.0,
202400050969,155 692 035,B01,1.0,33.0,0,2,7,17,1.0,
202400050970,155 692 034,B01,1.0,7.0,0,2,2,9,1.0,
202400050971,155 692 033,B01,2.0,50.0,0,2,3,15,3.0,
202400050972,155 692 031,A01,1.0,33.0,0,0,0,1,1.0,
202400050973,155 692 030,A01,1.0,50.0,0,2,3,19,3.0,
202400050974,155 692 026,A01,0.0,7.0,0,0,0,0,1.0,
202400050975,155 692 024,A01,1.0,7.0,0,1,1,1,1.0,
202400050976,155 692 028,B01,1.0,7.0,0,2,1,1,0.0,
202400050977,155 692 023,A01,3.0,7.0,0,1,0,1,1.0,
202400050978,155 692 027,A01,1.0,7.0,0,2,2,15,1.0,
202400050979,155 692 020,A01,1.0,7.0,0,2,3,15,1.0,
202400050980,155 692 017,B01,2.0,1.0,0,2,2,11,5.0,
202400050981,155 692 012,B01,1.0,1.0,0,2,0,0,5.0,
202400050982,155 692 011,A01,0.0,7.0,0,1,2,1,1.0,
202400050983,155 692 008,A01,2.0,1.0,0,0,4,1,5.0,
202400050984,155 692 007,A01,1.0,7.0,0,2,1,9,1.0,
202400050985,155 692 010,A01,2.0,7.0,0,1,1,1,1.0,
202400050986,155 692 015,B01,2.0,7.0,0,2,4,15,,
202400050987,155 692 009,B01,1.0,7.0,0,2,2,2,1.0,
202400050988,155 692 006,A01,3.0,7.0,0,2,0,14,1.0,
202400050989,155 692 005,A01,3.0,33.0,0,1,7,1,1.0,
202400050990,155 692 004,A01,1.0,1.0,12,0,2,1,5.0,
202400050991,155 692 001,A01,1.0,15.0,2,0,2,1,1.0,
202400050992,155 692 000,A01,1.0,7.0,0,9,9,21,1.0,
202400050993,155 691 999,A01,1.0,1.0,0,1,1,5,5.0,
202400050994,155 691 997,A01,2.0,7.0,0,1,2,19,1.0,
202400050995,155 691 996,A01,2.0,14.0,0,2,2,12,1.0,
202400050996,155 691 994,A01,1.0,50.0,0,1,1,25,3.0,
202400050997,155 691 993,A01,2.0,38.0,0,2,5,15,1.0,1
202400050998,155 691 991,A01,3.0,31.0,0,0,7,1,1.0,
202400050999,155 691 992,B01,3.0,7.0,0,2,2,1,1.0,
202400051000,155 691 989,A01,2.0,34.0,0,0,0,0,3.0,
202400051001,155 691 987,A01,3.0,7.0,4,0,9,0,1.0,
202400051002,155 691 983,B01,1.0,7.0,0,2,1,1,1.0,
202400051003,155 691 982,A01,2.0,1.0,14,1,1,1,5.0,
202400051004,155 691 984,B01,2.0,7.0,0,2,3,11,2.0,
202400051005,155 691 985,A01,2.0,2.0,12,0,0,14,3.0,
202400051006,155 691 980,A01,1.0,7.0,5,0,1,13,1.0,
202400051007,155 691 981,B01,2.0,7.0,0,2,5,12,2.0,
202400051008,155 691 979,A01,2.0,7.0,6,0,1,13,1.0,
202400051009,155 691 976,A01,3.0,7.0,1,0,2,1,1.0,
202400051010,155 691 973,A01,2.0,43.0,0,2,7,21,1.0,
202400051011,155 691 975,A01,1.0,7.0,0,2,3,13,1.0,
202400051012,155 691 969,A01,2.0,7.0,7,0,1,1,1.0,
202400051013,155 691 971,A01,3.0,1.0,0,2,1,13,5.0,
202400051014,155 691 967,A01,1.0,7.0,0,0,1,1,1.0,
202400051015,155 691 968,A01,2.0,10.0,0,2,1,2,1.0,
202400051016,155 691 970,A01,1.0,2.0,0,0,8,14,3.0,
202400051017,155 691 965,B01,1.0,7.0,0,2,1,23,2.0,
202400051018,155 691 961,B01,3.0,50.0,0,2,7,19,3.0,
202400051019,155 691 953,C01,1.0,10.0,0,2,6,2,1.0,
202400051020,155 691 954,A01,1.0,7.0,2,0,9,1,0.0,
202400051021,155 691 955,C01,1.0,7.0,0,2,8,1,1.0,
202400051022,155 691 952,A01,1.0,1.0,0,0,1,1,5.0,
202400051023,155 691 956,A01,2.0,1.0,0,2,3,2,5.0,
202400051024,155 691 949,A01,1.0,7.0,0,2,4,2,1.0,
202400051025,155 691 951,A01,1.0,2.0,0,1,1,0,0.0,
202400051026,155 691 950,B01,1.0,7.0,6,0,7,17,1.0,
202400051027,155 691 948,A01,1.0,37.0,0,1,7,1,1.0,1
202400051028,155 691 946,A01,1.0,31.0,0,0,3,0,1.0,
202400051029,155 691 945,A01,2.0,7.0,0,2,1,15,2.0,
202400051030,155 691 942,A01,2.0,30.0,0,0,0,0,1.0,
202400051031,155 691 936,A01,1.0,7.0,0,2,3,16,1.0,
202400051032,155 691 935,A01,1.0,7.0,6,0,4,26,1.0,
202400051033,155 691 933,B01,1.0,31.0,0,0,0,0,1.0,
202400051034,155 691 934,Z01,2.0,7.0,0,2,8,17,0.0,
202400051035,155 691 931,A01,2.0,7.0,0,2,1,1,1.0,
202400051036,155 691 927,A01,1.0,7.0,1,0,1,14,1.0,
202400051037,155 691 926,A01,2.0,7.0,0,1,1,1,1.0,
202400051038,155 691 928,D01,2.0,7.0,0,2,4,2,3.0,
202400051039,155 691 922,B01,1.0,50.0,0,0,0,26,3.0,
202400051040,155 691 923,A01,1.0,15.0,0,2,1,2,1.0,
202400051041,155 691 919,A01,1.0,10.0,0,2,1,16,0.0,
202400051042,155 691 918,A01,0.0,50.0,0,1,0,25,3.0,
202400051043,155 691 916,A01,1.0,7.0,6,0,3,2,1.0,
202400051044,155 691 917,A01,3.0,7.0,0,2,6,16,2.0,
202400051045,155 691 913,B01,3.0,38.0,0,2,3,1,1.0,1
202400051046,155 691 910,A01,1.0,33.0,0,2,1,1,1.0,
202400051047,155 691 906,A01,2.0,7.0,13,0,1,1,1.0,
202400051048,155 691 903,B01,2.0,7.0,0,2,1,0,1.0,
202400051049,155 691 905,A01,1.0,33.0,0,0,4,1,1.0,
202400051050,155 691 901,C01,1.0,1.0,8,1,4,25,5.0,
202400051051,155 691 900,A01,3.0,7.0,1,2,1,13,2.0,
202400051052,155 691 898,A01,3.0,30.0,0,2,2,12,1.0,
202400051053,155 691 908,B01,1.0,1.0,0,2,0,1,5.0,
202400051054,155 691 899,C01,1.0,7.0,0,2,9,23,1.0,
202400051055,155 691 894,A01,3.0,7.0,1,0,1,1,1.0,
202400051056,155 691 892,A01,2.0,10.0,0,2,1,2,1.0,
202400051057,155 691 889,A01,2.0,33.0,0,2,1,20,1.0,
202400051058,155 691 888,A01,2.0,10.0,1,0,1,2,1.0,
202400051059,155 691 887,B01,2.0,7.0,0,2,2,1,1.0,
202400051060,155 691 886,A01,1.0,31.0,0,2,1,3,1.0,
202400051061,155 691 885,A01,3.0,7.0,0,2,1,15,1.0,
202400051062,155 691 883,A01,3.0,7.0,0,1,2,1,1.0,
202400051063,155 691 880,A01,3.0,7.0,0,0,9,2,1.0,
202400051064,155 691 878,B01,2.0,33.0,12,2,5,17,1.0,
202400051065,155 691 875,B01,1.0,7.0,0,2,6,1,1.0,
202400051066,155 691 876,A01,1.0,34.0,13,2,1,3,1.0,
202400051067,155 691 879,A01,1.0,7.0,1,0,2,0,1.0,
202400051068,155 691 870,A01,3.0,7.0,0,2,1,15,0.0,
202400051069,155 691 871,A01,0.0,7.0,0,1,7,1,1.0,
202400051070,155 691 872,A01,1.0,33.0,0,2,7,12,1.0,
202400051071,155 691 869,A01,1.0,7.0,0,1,1,1,1.0,
202400051072,155 691 868,A01,0.0,7.0,0,0,4,16,1.0,
202400051073,155 691 863,B01,1.0,31.0,0,2,3,3,1.0,
202400051074,155 691 859,A01,1.0,7.0,0,1,0,1,1.0,
202400051075,155 691 861,B01,3.0,50.0,0,2,7,19,3.0,
202400051076,155 691 862,B01,1.0,1.0,0,2,1,5,5.0,
202400051077,155 691 854,A01,3.0,7.0,0,1,4,4,1.0,
202400051078,155 691 852,B01,3.0,10.0,0,2,1,1,1.0,
202400051079,155 691 853,A01,1.0,2.0,0,0,6,1,1.0,
202400051080,155 691 848,A01,1.0,7.0,0,2,2,12,1.0,
202400051081,155 691 845,A01,2.0,7.0,0,2,8,11,1.0,
202400051082,155 691 847,A01,3.0,7.0,0,2,3,9,0.0,
202400051083,155 691 846,C01,1.0,15.0,0,2,1,1,1.0,
202400051084,155 691 839,B01,1.0,2.0,0,2,1,1,1.0,
202400051085,155 691 837,B01,3.0,7.0,0,2,3,15,1.0,
202400051086,155 691 836,A01,2.0,7.0,3,0,8,2,0.0,
202400051087,155 691 841,A01,3.0,7.0,0,1,3,1,1.0,
202400051088,155 691 834,A01,3.0,7.0,0,2,1,1,1.0,
202400051089,155 691 829,B01,1.0,7.0,0,2,8,11,1.0,
202400051090,155 691 830,A01,1.0,10.0,0,1,1,1,0.0,
202400051091,155 691 824,A01,1.0,30.0,0,0,8,1,1.0,
202400051092,155 691 827,B01,2.0,7.0,0,2,8,1,1.0,
202400051093,155 691 826,A01,3.0,3.0,0,2,3,1,1.0,
202400051094,155 691 825,A01,1.0,7.0,2,0,8,1,1.0,
202400051095,155 691 828,A01,1.0,30.0,0,0,0,17,1.0,
202400051096,155 691 822,A01,3.0,7.0,0,1,3,10,1.0,
202400051097,155 691 817,B01,1.0,60.0,0,2,1,26,5.0,
202400051098,155 691 815,A01,3.0,33.0,1,0,1,26,1.0,
202400051099,155 691 811,A01,1.0,7.0,0,1,1,1,1.0,
202400051100,155 691 812,B01,2.0,7.0,0,2,4,11,1.0,
202400051101,155 691 816,A01,1.0,7.0,0,1,1,1,1.0,
202400051102,155 691 818,B01,1.0,7.0,0,2,2,1,1.0,
202400051103,155 691 810,A01,1.0,7.0,0,2,2,1,1.0,
202400051104,155 691 809,A01,1.0,14.0,0,2,3,1,1.0,
202400051105,155 691 808,B01,1.0,7.0,0,2,1,1,2.0,
202400051106,155 691 807,A01,1.0,7.0,8,0,1,14,1.0,
202400051107,155 691 804,A01,1.0,7.0,17,0,2,1,1.0,
202400051108,155 691 806,A01,3.0,7.0,0,1,0,23,,
202400051109,155 691 799,A01,3.0,50.0,0,2,7,5,3.0,
202400051110,155 691 798,A01,3.0,32.0,0,0,0,1,1.0,
202400051111,155 691 800,B01,2.0,7.0,0,2,7,2,3.0,
202400051112,155 691 794,Z01,2.0,34.0,0,2,1,13,1.0,
202400051113,155 691 791,A01,1.0,7.0,0,2,6,15,1.0,
202400051114,155 691 790,B01,1.0,7.0,14,2,9,23,1.0,
202400051115,155 691 788,A01,2.0,7.0,0,0,3,9,1.0,
202400051116,155 691 789,A01,2.0,80.0,0,2,3,0,3.0,
202400051117,155 691 787,B01,0.0,0.0,0,2,4,0,,
202400051118,155 691 785,A01,2.0,7.0,6,0,1,1,1.0,
202400051119,155 691 782,A01,3.0,7.0,0,1,2,15,1.0,
202400051120,155 691 784,A01,1.0,1.0,12,0,1,1,5.0,
202400051121,155 691 780,B01,3.0,30.0,0,2,7,1,1.0,
202400051122,155 691 779,A01,1.0,2.0,6,0,8,21,1.0,
202400051123,155 691 778,A01,2.0,7.0,6,0,1,14,1.0,
202400051124,155 691 776,A01,1.0,10.0,0,2,3,9,1.0,
202400051125,155 691 777,A01,1.0,7.0,2,0,7,0,1.0,
202400051126,155 691 774,B01,2.0,10.0,0,2,1,1,1.0,
202400051127,155 691 770,A01,2.0,10.0,0,2,1,13,1.0,
202400051128,155 691 772,B01,3.0,1.0,0,2,0,0,5.0,
202400051129,155 691 769,A01,2.0,31.0,0,1,3,1,3.0,
202400051130,155 691 768,A01,1.0,7.0,0,2,1,1,1.0,
202400051131,155 691 766,A01,1.0,7.0,3,0,8,1,1.0,
202400051132,155 691 765,A01,1.0,10.0,0,1,1,1,1.0,
202400051133,155 691 764,A01,2.0,7.0,0,2,1,2,1.0,
202400051134,155 691 762,A01,1.0,7.0,4,0,3,0,1.0,
202400051135,155 691 761,A01,3.0,7.0,12,0,7,9,0.0,
202400051136,155 691 759,A01,1.0,7.0,0,9,5,11,1.0,
202400051137,155 691 758,A01,1.0,33.0,6,0,7,1,1.0,
202400051138,155 691 755,B01,3.0,60.0,0,2,3,19,5.0,
202400051139,155 691 754,A01,1.0,7.0,0,1,1,1,1.0,
202400051140,155 691 752,A01,3.0,33.0,0,0,8,15,1.0,
202400051141,155 691 750,B01,1.0,1.0,0,2,1,1,5.0,
202400051142,155 691 748,A01,0.0,80.0,0,0,3,1,3.0,
202400051143,155 691 749,B01,2.0,10.0,0,2,4,1,1.0,
202400051144,155 691 744,A01,2.0,10.0,0,1,2,1,0.0,
202400051145,155 691 743,A01,1.0,7.0,13,0,6,5,1.0,
202400051146,155 691 742,A01,3.0,7.0,1,0,1,1,1.0,
202400051147,155 691 741,A01,1.0,7.0,0,2,1,13,1.0,
202400051148,155 691 738,A01,1.0,7.0,2,0,3,1,1.0,
202400051149,155 691 737,A01,1.0,2.0,0,2,0,0,0.0,
202400051150,155 691 740,B01,1.0,30.0,0,0,4,2,0.0,
202400051151,155 691 735,A01,3.0,33.0,0,0,7,9,1.0,
202400051152,155 691 734,B01,1.0,80.0,0,2,0,16,3.0,
202400051153,155 691 733,A01,2.0,33.0,0,2,1,17,1.0,
202400051154,155 691 732,A01,0.0,7.0,0,1,3,1,0.0,
202400051155,155 691 729,A01,2.0,13.0,1,2,2,14,1.0,
202400051156,155 691 728,A01,0.0,7.0,0,1,3,1,1.0,
202400051157,155 691 726,A01,0.0,7.0,1,1,1,15,1.0,
202400051158,155 691 725,A01,0.0,7.0,1,2,3,22,0.0,
202400051159,155 691 723,A01,2.0,2.0,0,2,1,26,3.0,
202400051160,155 691 721,A01,2.0,14.0,0,2,1,5,4.0,
202400051161,155 691 719,A01,2.0,7.0,0,2,3,13,1.0,
202400051162,155 691 717,A01,2.0,31.0,0,1,1,3,1.0,
202400051163,155 691 715,Z01,0.0,7.0,0,1,1,1,0.0,
202400051164,155 691 712,A01,1.0,2.0,1,0,1,1,1.0,
202400051165,155 691 710,A01,1.0,3.0,0,1,1,1,1.0,
202400051166,155 691 709,A01,3.0,33.0,0,2,7,17,1.0,
202400051167,155 691 711,A01,2.0,7.0,0,2,4,1,1.0,
202400051168,155 691 706,B01,1.0,7.0,0,2,7,19,3.0,
202400051169,155 691 707,A01,3.0,33.0,0,9,1,1,1.0,
202400051170,155 691 708,B01,0.0,7.0,0,0,4,23,1.0,
202400051171,155 691 703,A01,2.0,33.0,0,0,1,1,1.0,
202400051172,155 691 702,A01,2.0,7.0,0,2,2,15,1.0,
202400051173,155 691 697,A01,1.0,7.0,4,0,3,16,1.0,
202400051174,155 691 694,A01,1.0,50.0,1,1,1,1,3.0,
202400051175,155 691 696,A01,3.0,7.0,0,2,3,26,1.0,
202400051176,155 691 695,A01,1.0,7.0,0,2,2,1,1.0,
202400051177,155 691 692,A01,2.0,43.0,0,2,1,2,1.0,
202400051178,155 691 693,A01,3.0,7.0,0,0,7,4,1.0,
202400051179,155 691 690,B01,1.0,7.0,0,2,8,1,1.0,
202400051180,155 691 689,A01,2.0,7.0,0,2,1,1,1.0,
202400051181,155 691 687,A01,2.0,7.0,6,0,1,14,1.0,
202400051182,155 691 684,A01,1.0,7.0,4,0,9,2,1.0,
202400051183,155 691 682,A01,2.0,33.0,0,0,0,9,1.0,
202400051184,155 691 679,A01,0.0,7.0,6,0,2,0,1.0,
202400051185,155 691 680,B01,1.0,60.0,0,2,1,2,5.0,
202400051186,155 691 677,A01,1.0,7.0,0,0,0,2,1.0,
202400051187,155 691 675,A01,2.0,10.0,0,2,1,26,1.0,
202400051188,155 691 673,A01,1.0,80.0,1,0,1,14,3.0,
202400051189,155 691 672,A01,2.0,7.0,0,2,3,1,1.0,
202400051190,155 691 674,A01,2.0,7.0,0,2,4,26,1.0,
202400051191,155 691 670,A01,1.0,7.0,6,0,7,1,1.0,
202400051192,155 691 664,A01,2.0,7.0,1,0,1,13,1.0,
202400051193,155 691 666,A01,1.0,7.0,0,2,5,12,1.0,
202400051194,155 691 665,B01,1.0,7.0,0,2,3,15,1.0,
202400051195,155 691 663,A01,0.0,32.0,0,2,2,0,1.0,
202400051196,155 691 660,A01,3.0,1.0,0,0,2,1,5.0,
202400051197,155 691 662,B01,1.0,7.0,1,0,3,0,0.0,
202400051198,155 691 658,A01,0.0,33.0,14,0,8,0,0.0,
202400051199,155 691 659,A01,1.0,34.0,15,9,3,16,1.0,
202400051200,155 691 656,A01,2.0,7.0,0,2,3,10,1.0,
202400051201,155 691 654,A01,1.0,33.0,4,0,8,0,1.0,
202400051202,155 691 650,A01,2.0,33.0,0,2,2,3,1.0,
202400051203,155 691 648,A01,1.0,10.0,0,1,3,1,1.0,
202400051204,155 691 647,A01,1.0,7.0,2,0,8,1,1.0,
202400051205,155 691 651,B01,1.0,7.0,0,2,0,1,1.0,
202400051206,155 691 643,A01,1.0,7.0,0,2,6,22,2.0,
202400051207,155 691 644,A01,1.0,7.0,0,2,1,13,1.0,
202400051208,155 691 641,A01,2.0,7.0,3,0,1,5,1.0,
202400051209,155 691 639,A01,0.0,7.0,0,1,4,20,1.0,
202400051210,155 691 638,A01,1.0,2.0,0,9,1,1,1.0,
202400051211,155 691 640,A01,0.0,10.0,13,0,2,1,1.0,
202400051212,155 691 637,A01,1.0,7.0,0,1,3,1,1.0,
202400051213,155 691 634,A01,1.0,7.0,0,2,1,1,1.0,
202400051214,155 691 626,C01,2.0,14.0,0,2,4,2,1.0,
202400051215,155 691 628,A01,1.0,7.0,0,1,3,1,1.0,
202400051216,155 691 630,B01,2.0,10.0,0,0,0,0,1.0,
202400051217,155 691 624,A01,1.0,7.0,0,0,0,0,1.0,
202400051218,155 691 627,A01,1.0,43.0,0,0,7,24,1.0,
202400051219,155 691 625,A01,2.0,7.0,0,2,1,15,1.0,
202400051220,155 691 622,A01,1.0,7.0,0,1,3,1,1.0,
202400051221,155 691 623,B01,1.0,7.0,0,2,3,1,1.0,
202400051222,155 691 621,A01,1.0,7.0,0,2,1,1,1.0,
202400051223,155 691 614,A01,1.0,33.0,2,0,7,26,1.0,
202400051224,155 691 613,A01,2.0,7.0,0,2,4,23,1.0,
202400051225,155 691 607,A01,1.0,2.0,0,2,1,13,1.0,
202400051226,155 691 608,A01,2.0,7.0,0,2,3,0,1.0,