Num_Acc,id_vehicule,num_veh,senc,catv,obs,obsm,choc,manv,motor,occutc
202400051227,155 691 609,A01,3.0,7.0,0,2,1,15,1.0,
202400051228,155 691 611,A01,3.0,30.0,2,0,1,1,1.0,
202400051229,155 691 606,B01,2.0,7.0,0,0,3,0,1.0,
202400051230,155 691 604,A01,2.0,7.0,0,2,4,4,1.0,
202400051231,155 691 603,A01,2.0,33.0,0,2,1,2,1.0,
202400051232,155 691 602,A01,0.0,7.0,0,1,3,0,1.0,
202400051233,155 691 599,A01,1.0,2.0,11,0,1,1,1.0,
202400051234,155 691 598,A01,2.0,7.0,0,2,1,2,1.0,
202400051235,155 691 597,A01,1.0,7.0,0,2,7,15,1.0,
202400051236,155 691 595,A01,1.0,33.0,0,0,0,1,1.0,
202400051237,155 691 594,A01,2.0,7.0,1,0,1,1,1.0,
202400051238,155 691 590,B01,2.0,7.0,0,2,1,0,1.0,
202400051239,155 691 588,B01,0.0,7.0,0,1,7,1,1.0,
202400051240,155 691 587,A01,2.0,7.0,0,2,2,9,1.0,
202400051241,155 691 585,B01,1.0,1.0,0,2,1,2,5.0,
202400051242,155 691 584,A01,2.0,7.0,1,0,2,14,1.0,
202400051243,155 691 580,A01,2.0,7.0,0,2,8,19,1.0,
202400051244,155 691 577,B01,1.0,33.0,0,2,7,3,1.0,
202400051245,155 691 574,A01,2.0,7.0,0,2,1,1,1.0,
202400051246,155 691 568,A01,2.0,10.0,0,2,8,10,1.0,
202400051247,155 691 569,B01,2.0,7.0,0,2,3,1,1.0,
202400051248,155 691 566,A01,3.0,30.0,6,2,1,1,1.0,
202400051249,155 691 567,A01,1.0,30.0,0,0,4,1,1.0,
202400051250,155 691 565,A01,3.0,7.0,0,1,1,9,1.0,
202400051251,155 691 564,A01,1.0,7.0,0,2,1,9,1.0,
202400051252,155 691 563,B01,2.0,2.0,0,2,1,17,1.0,
202400051253,155 691 559,B01,2.0,10.0,0,2,4,2,1.0,
202400051254,155 691 558,A01,1.0,7.0,6,0,3,0,1.0,
202400051255,155 691 554,B01,3.0,3.0,0,2,1,1,3.0,
202400051256,155 691 553,B01,2.0,1.0,0,2,1,2,5.0,
202400051257,155 691 549,A01,0.0,7.0,1,0,1,25,1.0,
202400051258,155 691 551,A01,3.0,13.0,0,1,1,1,1.0,
202400051259,155 691 547,A01,3.0,7.0,15,0,3,14,1.0,
202400051260,155 691 550,B01,1.0,7.0,0,2,3,1,1.0,
202400051261,155 691 548,A01,1.0,7.0,0,2,4,23,1.0,
202400051262,155 691 552,A01,1.0,7.0,0,1,1,1,1.0,
202400051263,155 691 545,A01,1.0,33.0,0,0,7,1,1.0,
202400051264,155 691 541,B01,1.0,7.0,0,2,3,0,1.0,
202400051265,155 691 539,A01,2.0,7.0,0,1,3,1,0.0,
202400051266,155 691 536,A01,3.0,7.0,0,0,8,15,1.0,
202400051267,155 691 538,B01,1.0,14.0,0,2,6,24,1.0,
202400051268,155 691 531,A01,1.0,32.0,0,2,1,2,1.0,
202400051269,155 691 526,A01,1.0,7.0,2,0,1,0,1.0,
202400051270,155 691 530,A01,1.0,7.0,0,1,1,1,1.0,
202400051271,155 691 529,A01,1.0,10.0,0,2,3,0,1.0,
202400051272,155 691 528,C01,2.0,7.0,0,2,4,2,1.0,
202400051273,155 691 522,A01,3.0,50.0,0,2,2,15,3.0,
202400051274,155 691 525,A01,1.0,7.0,0,2,1,1,1.0,
202400051275,155 691 520,B01,2.0,7.0,0,2,3,1,1.0,
202400051276,155 691 521,A01,3.0,7.0,6,0,1,14,1.0,
202400051277,155 691 518,A01,3.0,7.0,0,1,0,1,0.0,
202400051278,155 691 515,A01,1.0,7.0,0,0,3,1,1.0,
202400051279,155 691 517,A01,3.0,7.0,0,2,1,13,1.0,
202400051280,155 691 513,B01,1.0,2.0,0,2,0,0,1.0,
202400051281,155 691 511,A01,1.0,7.0,0,2,8,1,1.0,
202400051282,155 691 509,A01,3.0,7.0,0,2,1,1,1.0,
202400051283,155 691 507,A01,1.0,7.0,2,0,1,2,1.0,
202400051284,155 691 505,Z01,3.0,7.0,0,0,0,0,0.0,
202400051285,155 691 506,A01,1.0,2.0,13,0,1,1,1.0,
202400051286,155 691 503,A01,3.0,30.0,0,0,0,26,1.0,
202400051287,155 691 510,A01,1.0,7.0,0,2,1,2,1.0,
202400051288,155 691 501,A01,1.0,7.0,0,2,2,9,1.0,
202400051289,155 691 500,A01,1.0,1.0,0,2,1,9,5.0,
202400051290,155 691 497,A01,3.0,7.0,11,0,1,2,1.0,
202400051291,155 691 495,Z01,1.0,7.0,0,1,2,1,0.0,
202400051292,155 691 494,A01,1.0,33.0,0,6,1,21,1.0,
202400051293,155 691 496,A01,3.0,33.0,0,0,8,15,1.0,
202400051294,155 691 493,A01,2.0,10.0,0,2,1,15,1.0,
202400051295,155 691 492,A01,1.0,7.0,0,1,1,1,1.0,
202400051296,155 691 489,A01,3.0,50.0,0,0,9,1,3.0,
202400051297,155 691 491,A01,1.0,7.0,0,2,1,5,1.0,
202400051298,155 691 486,B01,2.0,7.0,0,2,1,1,1.0,
202400051299,155 691 482,A01,2.0,10.0,2,0,1,1,1.0,
202400051300,155 691 485,A01,2.0,7.0,14,2,1,2,1.0,
202400051301,155 691 481,A01,2.0,7.0,15,0,0,1,1.0,
202400051302,155 691 479,A01,1.0,14.0,0,1,3,1,1.0,
202400051303,155 691 483,A01,3.0,7.0,0,2,6,11,1.0,
202400051304,155 691 478,A01,2.0,7.0,6,0,2,15,1.0,
202400051305,155 691 475,A01,2.0,32.0,0,1,1,7,1.0,
202400051306,155 691 477,A01,1.0,31.0,0,2,3,2,1.0,
202400051307,155 691 472,A01,0.0,37.0,0,2,1,1,1.0,1
202400051308,155 691 471,A01,1.0,7.0,0,2,8,1,1.0,
202400051309,155 691 467,A01,1.0,7.0,13,0,1,21,1.0,
202400051310,155 691 469,A01,1.0,1.0,0,0,-1,1,5.0,
202400051311,155 691 468,A01,3.0,7.0,0,2,3,19,3.0,
202400051312,155 691 463,A01,1.0,7.0,6,1,5,0,1.0,
202400051313,155 691 462,A01,2.0,1.0,0,2,1,1,5.0,
202400051314,155 691 459,B01,3.0,1.0,1,2,8,1,5.0,
202400051315,155 691 454,A01,3.0,7.0,4,2,3,2,1.0,
202400051316,155 691 451,A01,1.0,32.0,12,0,8,17,1.0,
202400051317,155 691 456,A01,2.0,7.0,0,2,1,9,1.0,
202400051318,155 691 452,A01,1.0,7.0,0,2,7,15,1.0,
202400051319,155 691 449,A01,1.0,7.0,13,2,1,2,1.0,
202400051320,155 691 448,A01,3.0,2.0,0,0,8,1,1.0,
202400051321,155 691 447,B01,2.0,80.0,0,2,1,1,3.0,
202400051322,155 691 450,E01,2.0,2.0,0,0,0,21,1.0,
202400051323,155 691 445,A01,2.0,7.0,0,1,2,1,1.0,
202400051324,155 691 444,B01,2.0,7.0,0,2,3,15,1.0,
202400051325,155 691 441,A01,1.0,7.0,0,5,1,1,1.0,
202400051326,155 691 438,A01,0.0,7.0,0,1,3,15,1.0,
202400051327,155 691 439,A01,2.0,3.0,9,0,0,1,1.0,
202400051328,155 691 436,A01,2.0,2.0,0,0,7,1,1.0,
202400051329,155 691 431,A01,3.0,7.0,2,0,3,0,2.0,
202400051330,155 691 432,A01,1.0,7.0,0,9,2,14,1.0,
202400051331,155 691 437,A01,3.0,7.0,0,1,1,1,1.0,
202400051332,155 691 435,B01,3.0,33.0,4,0,0,0,1.0,
202400051333,155 691 434,A01,3.0,7.0,0,2,0,1,1.0,
202400051334,155 691 428,A01,3.0,7.0,0,2,1,1,1.0,
202400051335,155 691 426,A01,2.0,33.0,0,0,0,13,1.0,
202400051336,155 691 427,B01,1.0,33.0,0,2,1,1,1.0,
202400051337,155 691 422,A01,3.0,34.0,0,0,0,13,1.0,
202400051338,155 691 423,B01,2.0,7.0,0,2,3,1,2.0,
202400051339,155 691 419,B01,2.0,7.0,0,2,1,1,1.0,
202400051340,155 691 417,A01,2.0,31.0,0,1,1,1,1.0,
202400051341,155 691 418,B01,2.0,33.0,0,2,5,1,1.0,
202400051342,155 691 414,A01,2.0,7.0,0,2,2,1,1.0,
202400051343,155 691 409,A01,3.0,10.0,0,9,8,24,1.0,
202400051344,155 691 413,B01,1.0,50.0,0,2,1,21,3.0,
202400051345,155 691 410,A01,2.0,10.0,0,1,0,0,1.0,
202400051346,155 691 408,A01,1.0,2.0,0,2,0,13,1.0,
202400051347,155 691 407,A01,1.0,7.0,0,2,9,14,1.0,
202400051348,155 691 406,A01,1.0,7.0,0,1,3,1,0.0,
202400051349,155 691 404,A01,1.0,7.0,0,1,4,20,1.0,
202400051350,155 691 399,A01,0.0,7.0,0,0,0,0,1.0,
202400051351,155 691 403,A01,2.0,7.0,0,2,8,22,1.0,
202400051352,155 691 398,A01,1.0,31.0,0,0,7,0,1.0,
202400051353,155 691 397,B01,3.0,1.0,0,2,1,1,5.0,
202400051354,155 691 391,A01,1.0,7.0,0,2,2,1,1.0,
202400051355,155 691 390,A01,3.0,7.0,0,2,3,16,1.0,
202400051356,155 691 384,A01,1.0,32.0,0,2,2,17,1.0,
202400051357,155 691 388,A01,1.0,7.0,0,2,3,1,1.0,
202400051358,155 691 383,A01,2.0,7.0,6,0,7,14,1.0,
202400051359,155 691 386,A01,1.0,7.0,0,2,2,2,1.0,
202400051360,155 691 381,Y01,2.0,50.0,0,2,1,1,3.0,
202400051361,155 691 380,A01,2.0,7.0,6,0,1,1,1.0,
202400051362,155 691 376,B01,2.0,50.0,0,2,1,1,3.0,
202400051363,155 691 374,A01,1.0,2.0,6,0,1,0,1.0,
202400051364,155 691 368,B01,2.0,7.0,0,2,3,1,1.0,
202400051365,155 691 370,A01,2.0,10.0,0,2,5,23,1.0,
202400051366,155 691 369,B01,1.0,33.0,12,0,7,16,1.0,
202400051367,155 691 366,B01,2.0,7.0,0,2,1,1,1.0,
202400051368,155 691 367,A01,1.0,7.0,0,2,1,2,1.0,
202400051369,155 691 365,A01,1.0,10.0,14,0,9,1,1.0,
202400051370,155 691 361,A01,3.0,7.0,2,0,1,0,1.0,
202400051371,155 691 364,A01,3.0,10.0,0,1,4,4,1.0,
202400051372,155 691 362,A01,2.0,33.0,13,0,1,13,1.0,
202400051373,155 691 358,A01,1.0,31.0,6,0,1,2,1.0,
202400051374,155 691 360,B01,2.0,7.0,0,2,3,16,1.0,
202400051375,155 691 357,A01,3.0,32.0,0,0,8,15,1.0,
202400051376,155 691 356,A01,2.0,7.0,14,0,2,1,1.0,
202400051377,155 691 353,A01,2.0,7.0,6,2,2,2,1.0,
202400051378,155 691 351,A01,2.0,7.0,0,2,5,9,1.0,
202400051379,155 691 350,A01,0.0,50.0,0,1,0,26,3.0,
202400051380,155 691 348,A01,3.0,7.0,0,1,2,0,1.0,
202400051381,155 691 346,A01,3.0,33.0,0,2,0,23,1.0,
202400051382,155 691 345,A01,3.0,7.0,0,2,3,10,1.0,
202400051383,155 691 349,A01,2.0,1.0,0,2,1,1,5.0,
202400051384,155 691 342,A01,2.0,1.0,0,2,0,21,5.0,
202400051385,155 691 340,B01,1.0,80.0,0,2,2,1,3.0,
202400051386,155 691 341,A01,1.0,7.0,0,2,1,5,1.0,
202400051387,155 691 332,A01,1.0,7.0,0,2,2,2,1.0,
202400051388,155 691 336,A01,2.0,7.0,0,-1,0,21,3.0,
202400051389,155 691 335,B01,1.0,7.0,0,2,4,2,1.0,
202400051390,155 691 326,A01,2.0,1.0,0,2,1,9,5.0,
202400051391,155 691 327,A01,2.0,30.0,14,2,4,2,1.0,
202400051392,155 691 333,B01,2.0,50.0,0,2,2,1,3.0,
202400051393,155 691 325,B01,1.0,7.0,0,2,1,1,1.0,
202400051394,155 691 321,A01,1.0,2.0,13,0,0,13,1.0,
202400051395,155 691 324,A01,3.0,10.0,0,2,1,26,1.0,
202400051396,155 691 323,B01,3.0,7.0,0,0,0,0,1.0,
202400051397,155 691 316,A01,3.0,7.0,6,0,2,1,1.0,
202400051398,155 691 318,A01,1.0,1.0,6,0,1,0,5.0,
202400051399,155 691 317,B01,1.0,7.0,0,2,6,0,1.0,
202400051400,155 691 313,A01,1.0,7.0,0,0,6,1,1.0,
202400051401,155 691 315,A01,2.0,33.0,13,0,1,0,1.0,
202400051402,155 691 314,A01,2.0,7.0,0,1,3,0,0.0,
202400051403,155 691 311,U01,2.0,1.0,0,9,4,1,5.0,
202400051404,155 691 309,A01,2.0,7.0,0,2,1,2,1.0,
202400051405,155 691 308,A01,2.0,37.0,12,1,2,7,1.0,1
202400051406,155 691 310,A01,1.0,7.0,0,1,3,1,1.0,
202400051407,155 691 305,A01,1.0,7.0,0,1,1,1,1.0,
202400051408,155 691 304,A01,1.0,10.0,0,1,6,4,1.0,
202400051409,155 691 301,A01,1.0,7.0,17,0,9,14,1.0,
202400051410,155 691 302,A01,1.0,7.0,0,2,1,15,1.0,
202400051411,155 691 299,B01,1.0,7.0,0,2,1,1,1.0,
202400051412,155 691 293,A01,1.0,7.0,13,0,2,2,1.0,
202400051413,155 691 295,A01,3.0,7.0,0,2,5,16,1.0,
202400051414,155 691 290,A01,2.0,7.0,4,2,3,1,1.0,
202400051415,155 691 289,B01,3.0,10.0,0,2,2,21,1.0,
202400051416,155 691 291,B01,3.0,1.0,0,2,8,19,5.0,
202400051417,155 691 284,A01,0.0,7.0,0,2,3,13,1.0,
202400051418,155 691 283,A01,3.0,7.0,0,2,1,19,1.0,
202400051419,155 691 285,B01,2.0,30.0,0,2,1,1,1.0,
202400051420,155 691 281,A01,2.0,7.0,13,0,1,14,1.0,
202400051421,155 691 277,A01,3.0,7.0,0,5,2,1,1.0,
202400051422,155 691 282,A01,1.0,32.0,0,2,5,13,1.0,
202400051423,155 691 275,A01,1.0,2.0,13,0,1,14,1.0,
202400051424,155 691 274,A01,1.0,7.0,0,0,9,1,1.0,
202400051425,155 691 272,A01,1.0,7.0,1,2,4,23,1.0,
202400051426,155 691 268,A01,3.0,10.0,0,1,3,15,1.0,
202400051427,155 691 270,B01,3.0,7.0,0,2,6,1,1.0,
202400051428,155 691 269,A01,2.0,10.0,0,1,2,1,1.0,
202400051429,155 691 267,A01,0.0,10.0,0,2,3,1,1.0,
202400051430,155 691 271,A01,3.0,7.0,0,2,1,1,1.0,
202400051431,155 691 263,A01,2.0,7.0,9,0,1,1,1.0,
202400051432,155 691 260,A01,1.0,7.0,2,0,2,0,1.0,
202400051433,155 691 257,A01,1.0,30.0,0,0,0,0,1.0,
202400051434,155 691 259,A01,2.0,7.0,0,1,1,1,1.0,
202400051435,155 691 255,A01,1.0,7.0,0,1,8,1,1.0,
202400051436,155 691 258,A01,1.0,7.0,0,2,3,13,1.0,
202400051437,155 691 262,B01,2.0,7.0,0,2,3,26,1.0,
202400051438,155 691 254,A01,3.0,7.0,1,1,1,1,1.0,
202400051439,155 691 253,A01,1.0,7.0,0,2,8,1,1.0,
202400051440,155 691 252,A01,1.0,1.0,0,0,0,1,5.0,
202400051441,155 691 251,A01,3.0,7.0,0,2,7,1,1.0,
202400051442,155 691 250,A01,2.0,7.0,1,9,9,1,1.0,
202400051443,155 691 248,A01,3.0,33.0,0,0,8,1,1.0,
202400051444,155 691 249,A01,2.0,7.0,2,0,7,14,1.0,
202400051445,155 691 247,A01,1.0,7.0,0,1,2,1,1.0,
202400051446,155 691 242,A01,3.0,7.0,0,1,2,1,1.0,
202400051447,155 691 238,A01,3.0,14.0,0,1,5,4,1.0,
202400051448,155 691 241,B01,3.0,1.0,1,0,1,18,5.0,
202400051449,155 691 237,A01,1.0,7.0,0,2,3,9,1.0,
202400051450,155 691 233,A01,1.0,7.0,2,0,3,13,1.0,
202400051451,155 691 234,A01,3.0,7.0,0,2,1,1,1.0,
202400051452,155 691 232,A01,1.0,2.0,1,0,1,2,1.0,
202400051453,155 691 228,A01,1.0,10.0,0,2,3,15,1.0,
202400051454,155 691 230,A01,1.0,30.0,0,2,3,1,1.0,
202400051455,155 691 221,B01,2.0,7.0,0,2,1,13,2.0,
202400051456,155 691 223,A01,1.0,7.0,0,1,1,1,1.0,
202400051457,155 691 219,A01,1.0,7.0,14,2,2,2,1.0,
202400051458,155 691 216,A01,1.0,7.0,0,1,1,19,1.0,
202400051459,155 691 218,B01,3.0,7.0,0,2,8,0,1.0,
202400051460,155 691 213,A01,2.0,7.0,13,2,3,13,1.0,
202400051461,155 691 215,A01,3.0,7.0,0,2,3,15,1.0,
202400051462,155 691 211,A01,1.0,2.0,11,0,0,14,1.0,
202400051463,155 691 206,C01,1.0,7.0,3,2,4,2,1.0,
202400051464,155 691 205,A01,2.0,33.0,0,2,8,19,1.0,
202400051465,155 691 204,A01,1.0,20.0,0,2,3,1,1.0,
202400051466,155 691 199,B01,3.0,99.0,0,2,0,0,3.0,
202400051467,155 691 201,A01,1.0,7.0,0,2,1,1,2.0,
202400051468,155 691 198,A01,2.0,7.0,13,0,8,1,1.0,
202400051469,155 691 196,B01,1.0,10.0,0,2,1,1,1.0,
202400051470,155 691 195,B01,3.0,7.0,0,0,6,2,1.0,
202400051471,155 691 194,A01,2.0,7.0,13,0,9,1,1.0,
202400051472,155 691 193,A01,2.0,33.0,0,2,8,0,1.0,
202400051473,155 691 188,A01,3.0,7.0,0,2,1,16,1.0,
202400051474,155 691 189,B01,1.0,7.0,0,2,3,2,1.0,
202400051475,155 691 186,A01,2.0,33.0,0,0,0,0,1.0,
202400051476,155 691 185,A01,0.0,7.0,0,1,1,1,1.0,
202400051477,155 691 184,A01,3.0,7.0,0,1,2,1,1.0,
202400051478,155 691 182,B01,2.0,33.0,0,2,1,1,1.0,
202400051479,155 691 179,A01,2.0,7.0,0,0,1,1,2.0,
202400051480,155 691 178,A01,2.0,7.0,6,0,1,1,1.0,
202400051481,155 691 180,A01,3.0,7.0,0,1,1,1,1.0,
202400051482,155 691 175,B01,2.0,7.0,0,2,1,1,1.0,
202400051483,155 691 174,B01,1.0,33.0,0,0,4,17,1.0,
202400051484,155 691 173,A01,3.0,50.0,0,2,0,0,3.0,
202400051485,155 691 171,B01,1.0,7.0,0,9,3,1,1.0,
202400051486,155 691 172,A01,1.0,3.0,2,0,3,21,1.0,
202400051487,155 691 169,A01,1.0,7.0,0,1,1,1,1.0,
202400051488,155 691 166,B01,1.0,7.0,6,9,2,1,1.0,
202400051489,155 691 164,A01,2.0,7.0,13,0,3,1,1.0,
202400051490,155 691 162,A01,2.0,7.0,0,1,4,4,1.0,
202400051491,155 691 159,A01,0.0,7.0,0,9,6,19,1.0,
202400051492,155 691 158,A01,2.0,10.0,0,2,2,15,1.0,
202400051493,155 691 161,B01,1.0,2.0,0,2,4,2,1.0,
202400051494,155 691 155,A01,2.0,7.0,3,2,8,1,1.0,
202400051495,155 691 153,A01,2.0,7.0,0,1,1,1,1.0,
202400051496,155 691 152,B01,2.0,7.0,0,2,6,1,1.0,
202400051497,155 691 151,A01,2.0,7.0,0,0,4,16,1.0,
202400051498,155 691 150,A01,1.0,7.0,0,2,3,1,1.0,
202400051499,155 691 149,B01,2.0,7.0,0,2,2,1,1.0,
202400051500,155 691 148,A01,1.0,20.0,2,0,9,14,1.0,
202400051501,155 691 146,A01,1.0,7.0,2,0,7,1,1.0,
202400051502,155 691 145,A01,3.0,7.0,0,1,3,1,1.0,
202400051503,155 691 143,B01,1.0,7.0,0,2,4,1,1.0,
202400051504,155 691 142,A01,3.0,30.0,0,0,3,0,1.0,
202400051505,155 691 137,B01,2.0,2.0,13,0,4,2,3.0,
202400051506,155 691 134,A01,2.0,10.0,0,0,5,2,1.0,
202400051507,155 691 133,B01,1.0,15.0,0,2,3,1,1.0,
202400051508,155 691 135,B01,1.0,7.0,0,2,2,1,1.0,
202400051509,155 691 139,A01,2.0,7.0,0,1,2,1,1.0,
202400051510,155 691 132,B01,1.0,10.0,0,2,8,1,3.0,
202400051511,155 691 129,A01,2.0,7.0,0,1,1,1,1.0,
202400051512,155 691 125,A01,1.0,7.0,2,0,3,19,1.0,
202400051513,155 691 123,B01,1.0,17.0,0,2,1,2,1.0,
202400051514,155 691 120,A01,2.0,14.0,0,1,1,1,1.0,
202400051515,155 691 119,A01,1.0,7.0,0,2,7,13,1.0,
202400051516,155 691 121,A01,3.0,7.0,6,0,1,26,1.0,
202400051517,155 691 118,A01,1.0,7.0,6,9,1,1,1.0,
202400051518,155 691 116,A01,1.0,7.0,0,2,3,13,1.0,
202400051519,155 691 117,B01,1.0,37.0,0,2,3,1,1.0,5
202400051520,155 691 114,B01,3.0,80.0,0,2,8,19,3.0,
202400051521,155 691 113,A01,2.0,10.0,0,2,2,1,1.0,
202400051522,155 691 108,A01,1.0,7.0,0,2,4,1,1.0,
202400051523,155 691 109,A01,3.0,7.0,0,1,1,26,1.0,
202400051524,155 691 105,A01,2.0,10.0,3,2,3,13,1.0,
202400051525,155 691 103,A01,3.0,10.0,0,1,7,26,1.0,
202400051526,155 691 104,A01,1.0,10.0,0,1,1,18,1.0,
202400051527,155 691 102,A01,1.0,7.0,0,1,7,17,1.0,
202400051528,155 691 100,B01,1.0,7.0,0,2,2,1,1.0,
202400051529,155 691 101,B01,1.0,33.0,0,2,1,1,1.0,
202400051530,155 691 099,A01,1.0,7.0,16,0,1,1,1.0,
202400051531,155 691 097,A01,3.0,7.0,2,0,1,1,1.0,
202400051532,155 691 091,A01,2.0,33.0,13,0,9,1,1.0,
202400051533,155 691 092,B01,2.0,7.0,0,2,3,1,1.0,
202400051534,155 691 087,B01,1.0,2.0,0,2,7,1,1.0,
202400051535,155 691 084,A01,1.0,7.0,13,0,2,1,1.0,
202400051536,155 691 083,A01,1.0,31.0,0,2,1,2,1.0,
202400051537,155 691 086,A01,1.0,7.0,0,2,3,9,1.0,
202400051538,155 691 081,A01,2.0,7.0,0,0,3,15,2.0,
202400051539,155 691 080,A01,3.0,7.0,0,2,3,19,2.0,
202400051540,155 691 082,A01,2.0,7.0,11,2,3,1,1.0,
202400051541,155 691 078,A01,1.0,7.0,6,0,3,14,1.0,
202400051542,155 691 079,B01,2.0,7.0,0,2,3,15,1.0,
202400051543,155 691 075,A01,3.0,7.0,0,1,1,26,2.0,
202400051544,155 691 072,A01,3.0,1.0,0,0,0,0,5.0,
202400051545,155 691 071,A01,2.0,7.0,4,2,3,1,1.0,
202400051546,155 691 067,A01,2.0,7.0,0,2,1,26,1.0,
202400051547,155 691 068,B01,2.0,7.0,0,2,3,13,1.0,
202400051548,155 691 069,A01,3.0,7.0,7,2,1,13,1.0,
202400051549,155 691 063,A01,3.0,2.0,0,2,1,13,1.0,
202400051550,155 691 064,Z01,1.0,10.0,0,2,1,2,1.0,
202400051551,155 691 062,A01,1.0,50.0,0,1,1,1,3.0,
202400051552,155 691 065,B01,1.0,1.0,0,2,0,1,5.0,
202400051553,155 691 059,A01,1.0,10.0,0,1,1,15,1.0,
202400051554,155 691 058,A01,3.0,31.0,13,0,0,14,1.0,
202400051555,155 691 057,B01,1.0,7.0,0,2,3,1,2.0,
202400051556,155 691 055,A01,3.0,7.0,15,0,9,1,1.0,
202400051557,155 691 052,A01,1.0,7.0,0,0,8,9,1.0,
202400051558,155 691 056,A01,1.0,7.0,0,1,3,1,1.0,
202400051559,155 691 053,A01,1.0,7.0,9,0,2,0,1.0,
202400051560,155 691 050,A01,3.0,7.0,0,2,8,24,1.0,
202400051561,155 691 043,B01,0.0,1.0,0,2,0,0,5.0,
202400051562,155 691 045,B01,2.0,30.0,0,2,3,1,1.0,
202400051563,155 691 038,A01,1.0,7.0,0,2,3,13,1.0,
202400051564,155 691 041,A01,2.0,7.0,13,0,1,1,1.0,
202400051565,155 691 044,A01,2.0,7.0,0,2,1,15,1.0,
202400051566,155 691 042,B01,2.0,7.0,0,2,5,1,1.0,
202400051567,155 691 040,A01,2.0,7.0,13,0,1,1,1.0,
202400051568,155 691 035,A01,1.0,1.0,0,2,4,15,5.0,
202400051569,155 691 032,A01,2.0,1.0,1,0,1,26,5.0,
202400051570,155 691 034,Z01,3.0,50.0,0,2,1,1,3.0,
202400051571,155 691 031,A01,1.0,7.0,0,2,3,26,1.0,
202400051572,155 691 029,B01,3.0,7.0,0,2,4,1,1.0,
202400051573,155 691 023,A01,3.0,33.0,0,2,3,5,1.0,
202400051574,155 691 024,A01,3.0,7.0,0,2,1,26,1.0,
202400051575,155 691 018,A01,2.0,7.0,0,2,1,13,1.0,
202400051576,155 691 019,B01,1.0,10.0,0,2,2,17,1.0,
202400051577,155 691 021,A01,1.0,7.0,0,2,4,15,1.0,
202400051578,155 691 020,A01,1.0,7.0,0,1,8,2,1.0,
202400051579,155 691 011,A01,1.0,7.0,0,2,3,0,1.0,
202400051580,155 691 010,A01,1.0,7.0,0,2,1,5,1.0,
202400051581,155 691 014,B01,2.0,50.0,0,2,8,2,3.0,
202400051582,155 691 008,B01,3.0,1.0,0,2,1,1,5.0,
202400051583,155 691 006,A01,3.0,30.0,0,0,1,1,1.0,
202400051584,155 691 001,C01,1.0,7.0,0,2,4,1,1.0,
202400051585,155 690 999,B01,1.0,7.0,0,2,3,1,1.0,
202400051586,155 691 002,A01,1.0,33.0,0,0,0,14,1.0,
202400051587,155 690 994,A01,1.0,32.0,13,0,1,1,1.0,
202400051588,155 690 993,B01,1.0,7.0,0,2,6,2,1.0,
202400051589,155 690 989,A01,2.0,2.0,0,0,9,1,1.0,
202400051590,155 690 991,A01,1.0,15.0,0,2,1,19,1.0,
202400051591,155 690 990,A01,1.0,14.0,0,2,3,2,1.0,
202400051592,155 690 985,A01,1.0,7.0,13,0,1,17,1.0,
202400051593,155 690 986,B01,1.0,7.0,0,2,5,1,2.0,
202400051594,155 690 981,A01,2.0,7.0,6,0,3,1,1.0,
202400051595,155 690 984,A01,1.0,10.0,0,2,2,16,1.0,
202400051596,155 690 978,A01,1.0,7.0,6,0,1,1,1.0,
202400051597,155 690 977,A01,3.0,7.0,0,2,1,2,1.0,
202400051598,155 690 975,A01,1.0,33.0,0,2,1,13,1.0,
202400051599,155 690 972,A01,1.0,2.0,0,9,1,10,1.0,
202400051600,155 690 973,A01,3.0,34.0,0,2,1,1,1.0,
202400051601,155 690 969,A01,2.0,1.0,0,2,1,17,5.0,
202400051602,155 690 970,A01,1.0,7.0,0,2,1,1,1.0,
202400051603,155 690 965,B01,1.0,10.0,0,2,3,1,0.0,
202400051604,155 690 968,A01,3.0,7.0,0,1,0,9,1.0,
202400051605,155 690 962,A01,1.0,7.0,5,0,0,1,0.0,
202400051606,155 690 959,A01,1.0,7.0,0,2,3,15,2.0,
202400051607,155 690 954,A01,2.0,7.0,0,2,6,19,1.0,
202400051608,155 690 952,A01,3.0,7.0,0,2,3,1,1.0,
202400051609,155 690 953,C01,2.0,7.0,0,2,1,1,1.0,
202400051610,155 690 950,A01,1.0,7.0,0,2,1,21,1.0,
202400051611,155 690 949,A01,2.0,33.0,0,1,1,1,1.0,
202400051612,155 690 956,B01,1.0,10.0,0,2,4,16,1.0,
202400051613,155 690 948,A01,0.0,7.0,0,1,1,1,1.0,
202400051614,155 690 945,A01,2.0,10.0,0,2,7,14,1.0,
202400051615,155 690 944,A01,2.0,50.0,0,2,1,1,3.0,
202400051616,155 690 939,A01,0.0,10.0,0,2,3,17,1.0,
202400051617,155 690 940,Z01,3.0,10.0,0,1,1,26,0.0,
202400051618,155 690 938,A01,2.0,7.0,0,2,5,12,1.0,
202400051619,155 690 934,A01,2.0,33.0,13,0,1,13,1.0,
202400051620,155 690 933,A01,0.0,7.0,0,0,0,0,1.0,
202400051621,155 690 931,C01,1.0,7.0,0,2,6,1,1.0,
202400051622,155 690 929,A01,2.0,7.0,0,2,1,2,1.0,
202400051623,155 690 926,A01,1.0,10.0,0,2,1,1,1.0,