Num_Acc,id_vehicule,num_veh,senc,catv,obs,obsm,choc,manv,motor,occutc
202400051624,155 690 923,B01,1.0,33.0,1,2,7,21,1.0,
202400051625,155 690 924,A01,3.0,7.0,0,1,2,26,1.0,
202400051626,155 690 928,A01,1.0,14.0,0,2,5,23,1.0,
202400051627,155 690 922,A01,0.0,7.0,0,0,4,1,1.0,
202400051628,155 690 919,C01,2.0,7.0,0,2,0,0,,
202400051629,155 690 920,A01,2.0,7.0,2,0,2,13,1.0,
202400051630,155 690 921,A01,2.0,31.0,9,0,1,1,1.0,
202400051631,155 690 916,A01,3.0,7.0,0,5,2,21,1.0,
202400051632,155 690 914,A01,2.0,7.0,0,1,3,1,2.0,
202400051633,155 690 917,A01,0.0,7.0,1,0,1,1,1.0,
202400051634,155 690 909,A01,1.0,7.0,0,2,0,2,1.0,
202400051635,155 690 910,A01,1.0,7.0,0,2,3,13,2.0,
202400051636,155 690 911,A01,1.0,7.0,4,0,3,13,1.0,
202400051637,155 690 908,B01,2.0,7.0,0,2,3,16,1.0,
202400051638,155 690 906,A01,1.0,7.0,16,0,3,1,1.0,
202400051639,155 690 907,A01,1.0,50.0,0,0,0,1,3.0,
202400051640,155 690 904,A01,2.0,7.0,0,2,7,12,1.0,
202400051641,155 690 903,A01,2.0,32.0,16,0,7,15,1.0,
202400051642,155 690 902,A01,2.0,33.0,0,2,1,1,1.0,
202400051643,155 690 901,A01,2.0,17.0,0,1,2,1,1.0,
202400051644,155 690 898,A01,1.0,7.0,13,0,2,0,1.0,
202400051645,155 690 894,A01,1.0,7.0,0,2,1,2,1.0,
202400051646,155 690 895,A01,3.0,7.0,6,0,2,1,1.0,
202400051647,155 690 891,A01,2.0,7.0,0,2,8,13,1.0,
202400051648,155 690 892,A01,2.0,32.0,0,0,1,1,1.0,
202400051649,155 690 893,A01,0.0,33.0,0,2,3,13,1.0,
202400051650,155 690 889,A01,3.0,33.0,0,0,7,9,1.0,
202400051651,155 690 890,B01,3.0,30.0,0,2,7,15,3.0,
202400051652,155 690 888,A01,1.0,7.0,14,0,3,1,1.0,
202400051653,155 690 886,A01,1.0,15.0,0,0,4,1,1.0,
202400051654,155 690 885,A01,1.0,30.0,15,0,0,16,1.0,
202400051655,155 690 880,A01,2.0,10.0,0,1,1,1,1.0,
202400051656,155 690 882,A01,2.0,7.0,1,0,6,2,1.0,
202400051657,155 690 878,A01,1.0,31.0,0,2,3,3,1.0,
202400051658,155 690 875,B01,1.0,7.0,0,2,8,1,1.0,
202400051659,155 690 877,B01,1.0,7.0,6,0,6,1,1.0,
202400051660,155 690 874,B01,1.0,15.0,0,2,2,17,1.0,
202400051661,155 690 871,A01,1.0,17.0,0,0,7,1,1.0,
202400051662,155 690 868,A01,2.0,7.0,0,2,2,15,1.0,
202400051663,155 690 864,A01,2.0,7.0,0,2,4,1,1.0,
202400051664,155 690 865,B01,2.0,33.0,0,2,3,17,1.0,
202400051665,155 690 862,A01,1.0,7.0,0,2,5,12,1.0,
202400051666,155 690 859,A01,1.0,17.0,13,0,2,1,1.0,
202400051667,155 690 857,A01,2.0,10.0,0,2,1,2,1.0,
202400051668,155 690 858,B01,2.0,80.0,0,2,1,0,3.0,
202400051669,155 690 855,B01,2.0,33.0,0,0,3,1,1.0,
202400051670,155 690 856,A01,2.0,7.0,13,0,1,1,1.0,
202400051671,155 690 854,B01,1.0,7.0,0,2,1,1,1.0,
202400051672,155 690 852,A01,2.0,7.0,4,0,9,1,1.0,
202400051673,155 690 850,A01,3.0,1.0,0,0,0,0,5.0,
202400051674,155 690 847,A01,2.0,33.0,0,2,3,1,1.0,
202400051675,155 690 844,A01,2.0,10.0,0,2,8,11,1.0,
202400051676,155 690 834,A01,1.0,30.0,0,2,4,1,1.0,
202400051677,155 690 841,A01,1.0,7.0,2,0,1,1,1.0,
202400051678,155 690 832,B01,2.0,7.0,0,2,4,2,1.0,
202400051679,155 690 828,A01,2.0,33.0,0,0,7,1,1.0,
202400051680,155 690 836,B01,3.0,7.0,0,2,3,15,1.0,
202400051681,155 690 826,B01,1.0,14.0,0,2,7,12,1.0,
202400051682,155 690 838,B01,2.0,7.0,0,2,7,15,1.0,
202400051683,155 690 829,A01,1.0,33.0,13,0,0,1,1.0,
202400051684,155 690 830,A01,2.0,10.0,0,2,3,13,1.0,
202400051685,155 690 831,B01,3.0,7.0,0,2,8,9,1.0,
202400051686,155 690 825,A01,3.0,7.0,6,0,1,1,1.0,
202400051687,155 690 821,B01,1.0,33.0,0,2,2,1,1.0,
202400051688,155 690 819,A01,1.0,7.0,0,2,1,5,1.0,
202400051689,155 690 816,A01,1.0,7.0,13,0,2,13,1.0,
202400051690,155 690 812,A01,1.0,7.0,0,2,0,0,1.0,
202400051691,155 690 811,B01,1.0,50.0,0,2,3,1,3.0,
202400051692,155 690 809,A01,3.0,33.0,1,2,1,21,1.0,
202400051693,155 690 808,B01,1.0,1.0,0,2,8,9,5.0,
202400051694,155 690 810,B01,3.0,7.0,0,9,3,1,1.0,
202400051695,155 690 803,B01,3.0,10.0,0,2,7,17,1.0,
202400051696,155 690 802,A01,1.0,33.0,0,2,5,12,1.0,
202400051697,155 690 804,A01,1.0,7.0,0,2,1,1,1.0,
202400051698,155 690 796,A01,2.0,7.0,3,0,1,1,1.0,
202400051699,155 690 799,A01,1.0,37.0,0,1,1,1,1.0,1
202400051700,155 690 795,A01,2.0,3.0,0,0,9,15,3.0,
202400051701,155 690 800,B01,3.0,7.0,0,2,3,1,1.0,
202400051702,155 690 792,A01,2.0,7.0,0,2,1,2,1.0,
202400051703,155 690 790,A01,1.0,13.0,13,0,3,14,1.0,
202400051704,155 690 794,A01,1.0,7.0,0,2,1,2,1.0,
202400051705,155 690 791,A01,2.0,7.0,0,2,1,15,1.0,
202400051706,155 690 787,A01,1.0,10.0,0,2,1,2,1.0,
202400051707,155 690 788,A01,3.0,7.0,0,2,7,9,1.0,
202400051708,155 690 785,A01,2.0,2.0,12,0,1,1,1.0,
202400051709,155 690 783,A01,2.0,60.0,12,0,1,19,5.0,
202400051710,155 690 774,A01,3.0,7.0,0,2,1,1,0.0,
202400051711,155 690 776,B01,1.0,7.0,0,2,2,16,1.0,
202400051712,155 690 775,A01,2.0,7.0,0,2,1,2,1.0,
202400051713,155 690 771,B01,2.0,7.0,0,2,1,1,1.0,
202400051714,155 690 770,A01,1.0,7.0,0,2,5,26,1.0,
202400051715,155 690 772,A01,2.0,34.0,0,2,0,17,1.0,
202400051716,155 690 769,A01,2.0,15.0,0,2,2,13,1.0,
202400051717,155 690 766,A01,3.0,7.0,13,0,1,1,1.0,
202400051718,155 690 764,A01,3.0,7.0,0,1,1,1,1.0,
202400051719,155 690 759,A01,3.0,33.0,0,5,1,1,1.0,
202400051720,155 690 762,B01,2.0,1.0,0,2,8,19,5.0,
202400051721,155 690 763,A01,3.0,1.0,0,1,1,1,5.0,
202400051722,155 690 760,Z01,2.0,7.0,0,1,2,0,1.0,
202400051723,155 690 756,A01,2.0,7.0,0,2,5,21,1.0,
202400051724,155 690 755,A01,3.0,7.0,0,2,1,1,0.0,
202400051725,155 690 754,A01,3.0,7.0,0,9,1,1,1.0,
202400051726,155 690 750,B01,3.0,1.0,0,0,0,0,5.0,
202400051727,155 690 748,A01,0.0,7.0,2,0,1,1,1.0,
202400051728,155 690 749,A01,1.0,7.0,2,0,1,1,1.0,
202400051729,155 690 745,A01,3.0,7.0,0,2,3,15,1.0,
202400051730,155 690 747,A01,2.0,7.0,0,2,1,2,1.0,
202400051731,155 690 746,A01,2.0,7.0,2,0,9,1,1.0,
202400051732,155 690 744,A01,0.0,7.0,6,0,1,1,2.0,
202400051733,155 690 742,A01,1.0,7.0,4,0,1,1,1.0,
202400051734,155 690 740,A01,1.0,7.0,12,2,4,20,1.0,
202400051735,155 690 736,A01,3.0,33.0,0,0,0,0,1.0,
202400051736,155 690 735,A01,3.0,1.0,0,0,0,23,5.0,
202400051737,155 690 737,A01,1.0,7.0,0,1,7,1,1.0,
202400051738,155 690 734,A01,3.0,7.0,8,2,4,23,1.0,
202400051739,155 690 731,A01,0.0,7.0,9,1,1,25,3.0,
202400051740,155 690 732,B01,2.0,7.0,0,0,0,1,1.0,
202400051741,155 690 728,A01,2.0,7.0,0,2,1,2,1.0,
202400051742,155 690 727,A01,2.0,7.0,0,2,3,1,2.0,
202400051743,155 690 725,A01,1.0,30.0,8,0,1,1,1.0,
202400051744,155 690 720,A01,3.0,30.0,0,2,0,18,1.0,
202400051745,155 690 721,A01,1.0,7.0,14,2,1,1,1.0,
202400051746,155 690 724,A01,2.0,7.0,0,1,3,1,1.0,
202400051747,155 690 719,A01,2.0,7.0,13,0,3,1,1.0,
202400051748,155 690 718,A01,2.0,1.0,0,2,1,1,5.0,
202400051749,155 690 714,B01,1.0,2.0,0,2,1,1,1.0,
202400051750,155 690 713,A01,1.0,2.0,0,0,0,14,1.0,
202400051751,155 690 708,B01,2.0,7.0,0,2,1,1,1.0,
202400051752,155 690 705,A01,2.0,7.0,0,2,3,13,1.0,
202400051753,155 690 706,A01,1.0,7.0,0,2,1,14,1.0,
202400051754,155 690 700,A01,2.0,33.0,14,0,1,2,1.0,
202400051755,155 690 704,A01,2.0,1.0,0,0,0,1,5.0,
202400051756,155 690 702,A01,1.0,33.0,0,2,1,17,1.0,
202400051757,155 690 701,B01,2.0,1.0,0,2,8,1,5.0,
202400051758,155 690 697,A01,1.0,13.0,0,0,4,26,1.0,
202400051759,155 690 693,A01,2.0,7.0,0,1,3,15,1.0,
202400051760,155 690 695,A01,2.0,7.0,4,2,1,1,1.0,
202400051761,155 690 691,A01,0.0,7.0,0,1,1,19,1.0,
202400051762,155 690 690,A01,3.0,7.0,0,2,1,15,1.0,
202400051763,155 690 689,A01,2.0,31.0,0,0,1,1,1.0,
202400051764,155 690 686,A01,1.0,7.0,0,2,0,0,1.0,
202400051765,155 690 685,A01,2.0,1.0,0,1,7,21,5.0,
202400051766,155 690 681,D01,1.0,7.0,0,0,0,0,1.0,
202400051767,155 690 678,A01,2.0,7.0,5,2,1,5,1.0,
202400051768,155 690 679,A01,2.0,7.0,0,1,3,1,1.0,
202400051769,155 690 676,A01,1.0,7.0,16,0,9,1,1.0,
202400051770,155 690 675,B01,3.0,50.0,0,2,7,1,3.0,
202400051771,155 690 677,A01,2.0,50.0,0,2,3,9,3.0,
202400051772,155 690 674,A01,1.0,33.0,0,2,1,1,1.0,
202400051773,155 690 673,A01,1.0,7.0,4,0,8,21,1.0,
202400051774,155 690 670,A01,1.0,10.0,4,0,2,14,1.0,
202400051775,155 690 672,A01,1.0,7.0,0,1,2,16,3.0,
202400051776,155 690 667,B01,1.0,7.0,0,2,6,2,2.0,
202400051777,155 690 662,B01,2.0,33.0,0,2,1,3,1.0,
202400051778,155 690 660,B01,2.0,7.0,0,2,4,1,1.0,
202400051779,155 690 659,A01,1.0,7.0,0,1,2,17,1.0,
202400051780,155 690 655,B01,2.0,33.0,0,2,3,1,1.0,
202400051781,155 690 654,A01,1.0,7.0,0,2,4,1,1.0,
202400051782,155 690 653,A01,2.0,33.0,0,2,7,3,1.0,
202400051783,155 690 652,A01,1.0,7.0,4,0,1,16,1.0,
202400051784,155 690 650,A01,1.0,7.0,4,0,8,26,1.0,
202400051785,155 690 648,A01,1.0,33.0,0,0,7,0,1.0,
202400051786,155 690 647,A01,3.0,10.0,0,1,2,9,0.0,
202400051787,155 690 644,A01,1.0,7.0,0,2,1,1,2.0,
202400051788,155 690 643,A01,0.0,30.0,0,2,0,0,1.0,
202400051789,155 690 641,A01,2.0,2.0,0,2,1,17,1.0,
202400051790,155 690 640,A01,2.0,7.0,4,0,1,11,1.0,
202400051791,155 690 639,B01,1.0,33.0,0,2,3,1,1.0,
202400051792,155 690 634,A01,3.0,7.0,0,1,0,16,1.0,
202400051793,155 690 633,A01,2.0,7.0,0,2,4,1,1.0,
202400051794,155 690 628,A01,1.0,7.0,0,2,1,1,1.0,
202400051795,155 690 631,A01,1.0,7.0,4,0,1,15,1.0,
202400051796,155 690 632,A01,2.0,7.0,0,2,3,13,1.0,
202400051797,155 690 627,A01,3.0,37.0,0,1,2,1,1.0,1
202400051798,155 690 630,A01,1.0,30.0,0,2,1,9,1.0,
202400051799,155 690 623,A01,2.0,10.0,0,2,1,1,1.0,
202400051800,155 690 621,B01,2.0,50.0,0,2,0,0,3.0,
202400051801,155 690 618,A01,1.0,33.0,0,2,1,1,1.0,
202400051802,155 690 625,A01,2.0,37.0,0,1,7,1,2.0,1
202400051803,155 690 616,A01,1.0,10.0,0,2,4,2,1.0,
202400051804,155 690 613,A01,1.0,7.0,0,2,1,1,1.0,
202400051805,155 690 612,Z01,2.0,7.0,0,2,7,12,1.0,
202400051806,155 690 611,A01,2.0,7.0,0,2,3,15,2.0,
202400051807,155 690 610,A01,1.0,7.0,0,2,2,16,1.0,
202400051808,155 690 608,A01,1.0,7.0,0,2,1,2,1.0,
202400051809,155 690 605,B01,2.0,7.0,0,0,4,2,1.0,
202400051810,155 690 604,A01,0.0,7.0,0,1,0,1,1.0,
202400051811,155 690 597,A01,1.0,10.0,0,1,1,1,1.0,
202400051812,155 690 603,A01,1.0,7.0,0,2,3,15,1.0,
202400051813,155 690 593,A01,1.0,33.0,0,2,8,3,1.0,
202400051814,155 690 595,A01,2.0,50.0,0,0,0,2,3.0,
202400051815,155 690 590,A01,3.0,7.0,0,2,3,19,1.0,
202400051816,155 690 587,B01,2.0,7.0,0,2,4,1,2.0,
202400051817,155 690 585,B01,1.0,7.0,0,0,3,23,1.0,
202400051818,155 690 580,A01,2.0,7.0,0,2,1,1,1.0,
202400051819,155 690 582,A01,3.0,7.0,0,2,3,15,0.0,
202400051820,155 690 579,A01,0.0,1.0,16,0,0,1,5.0,
202400051821,155 690 578,B01,3.0,99.0,0,0,1,0,3.0,
202400051822,155 690 577,A01,1.0,7.0,0,1,3,1,1.0,
202400051823,155 690 575,A01,2.0,7.0,0,2,1,1,1.0,
202400051824,155 690 573,A01,2.0,34.0,4,0,1,1,1.0,
202400051825,155 690 572,A01,1.0,7.0,4,0,1,1,1.0,
202400051826,155 690 571,A01,1.0,33.0,0,2,1,26,1.0,
202400051827,155 690 570,A01,2.0,7.0,6,0,1,1,1.0,
202400051828,155 690 568,D01,1.0,7.0,0,2,4,1,1.0,
202400051829,155 690 567,A01,1.0,7.0,0,1,2,19,2.0,
202400051830,155 690 566,B01,1.0,2.0,0,2,1,1,1.0,
202400051831,155 690 565,A01,1.0,7.0,9,0,2,16,1.0,
202400051832,155 690 564,A01,1.0,7.0,4,0,5,14,1.0,
202400051833,155 690 561,B01,2.0,7.0,2,0,2,14,1.0,
202400051834,155 690 562,A01,2.0,7.0,3,0,1,16,1.0,
202400051835,155 690 560,A01,1.0,10.0,0,2,4,2,1.0,
202400051836,155 690 557,A01,1.0,33.0,16,0,7,1,1.0,
202400051837,155 690 555,A01,1.0,7.0,2,0,2,1,1.0,
202400051838,155 690 554,A01,3.0,7.0,0,2,1,2,1.0,
202400051839,155 690 549,A01,1.0,7.0,6,0,2,17,1.0,
202400051840,155 690 552,A01,0.0,7.0,0,2,1,15,0.0,
202400051841,155 690 550,A01,2.0,7.0,0,1,1,1,1.0,
202400051842,155 690 548,B01,3.0,50.0,0,2,7,0,3.0,
202400051843,155 690 546,A01,1.0,7.0,0,1,7,1,1.0,
202400051844,155 690 544,B01,3.0,1.0,0,2,7,19,5.0,
202400051845,155 690 543,A01,1.0,7.0,0,9,1,0,1.0,
202400051846,155 690 542,B01,2.0,7.0,0,2,6,1,1.0,
202400051847,155 690 541,A01,1.0,7.0,0,1,2,21,2.0,
202400051848,155 690 540,A01,1.0,10.0,9,0,9,1,1.0,
202400051849,155 690 536,A01,1.0,10.0,0,2,3,12,1.0,
202400051850,155 690 532,B01,2.0,7.0,0,2,2,21,1.0,
202400051851,155 690 533,A01,2.0,7.0,0,2,1,5,1.0,
202400051852,155 690 531,A01,0.0,30.0,3,0,8,1,1.0,
202400051853,155 690 529,A01,2.0,7.0,0,2,1,15,1.0,
202400051854,155 690 528,B01,3.0,50.0,0,2,1,1,3.0,
202400051855,155 690 526,A01,2.0,10.0,13,0,7,1,1.0,
202400051856,155 690 525,A01,1.0,33.0,0,2,0,0,1.0,
202400051857,155 690 521,A01,1.0,7.0,0,2,2,15,1.0,
202400051858,155 690 517,A01,3.0,33.0,0,2,1,13,1.0,
202400051859,155 690 515,B01,1.0,1.0,0,2,8,2,5.0,
202400051860,155 690 514,A01,2.0,7.0,17,0,3,0,1.0,
202400051861,155 690 513,B01,3.0,2.0,0,2,8,1,1.0,
202400051862,155 690 516,A01,3.0,33.0,0,2,1,16,1.0,
202400051863,155 690 509,B01,1.0,10.0,0,2,0,0,1.0,
202400051864,155 690 510,B01,1.0,60.0,0,2,1,15,5.0,
202400051865,155 690 507,A01,1.0,7.0,0,2,6,23,1.0,
202400051866,155 690 504,A01,1.0,7.0,0,1,2,17,1.0,
202400051867,155 690 505,B01,2.0,7.0,0,2,7,17,1.0,
202400051868,155 690 503,A01,2.0,50.0,0,0,1,1,3.0,
202400051869,155 690 502,A01,0.0,7.0,0,1,1,1,1.0,
202400051870,155 690 501,B01,1.0,33.0,0,2,3,1,1.0,
202400051871,155 690 500,A01,3.0,7.0,0,1,2,1,1.0,
202400051872,155 690 499,A01,1.0,31.0,0,0,2,1,3.0,
202400051873,155 690 496,A01,1.0,7.0,0,1,1,0,1.0,
202400051874,155 690 493,A01,2.0,7.0,8,0,1,14,2.0,
202400051875,155 690 494,A01,1.0,7.0,0,2,1,0,1.0,
202400051876,155 690 489,A01,1.0,7.0,0,1,3,1,1.0,
202400051877,155 690 487,A01,3.0,30.0,0,9,1,15,1.0,
202400051878,155 690 488,A01,2.0,7.0,0,2,1,16,0.0,
202400051879,155 690 485,A01,3.0,7.0,0,2,2,19,1.0,
202400051880,155 690 486,A01,1.0,7.0,0,2,0,15,1.0,
202400051881,155 690 484,A01,3.0,7.0,6,2,2,17,1.0,
202400051882,155 690 483,Z01,2.0,30.0,0,1,0,0,0.0,
202400051883,155 690 482,A01,3.0,33.0,0,0,7,1,1.0,
202400051884,155 690 480,A01,1.0,2.0,9,0,1,1,1.0,
202400051885,155 690 475,A01,1.0,7.0,0,2,1,13,1.0,
202400051886,155 690 473,A01,1.0,7.0,0,2,1,2,2.0,
202400051887,155 690 471,A01,1.0,7.0,8,0,1,26,0.0,
202400051888,155 690 470,Z01,3.0,99.0,0,2,2,14,0.0,
202400051889,155 690 464,A01,1.0,7.0,0,2,1,1,1.0,
202400051890,155 690 465,A01,1.0,7.0,0,2,1,1,1.0,
202400051891,155 690 462,A01,3.0,7.0,0,2,1,16,1.0,
202400051892,155 690 463,C01,1.0,7.0,0,2,4,1,1.0,
202400051893,155 690 459,Z01,1.0,7.0,0,1,1,2,0.0,
202400051894,155 690 458,A01,2.0,7.0,1,1,4,20,1.0,
202400051895,155 690 456,A01,1.0,7.0,1,0,2,14,1.0,
202400051896,155 690 452,B01,1.0,31.0,0,2,1,0,1.0,
202400051897,155 690 455,A01,1.0,30.0,0,2,0,0,1.0,
202400051898,155 690 448,A01,2.0,7.0,0,2,1,13,1.0,
202400051899,155 690 447,A01,1.0,7.0,0,2,3,1,1.0,
202400051900,155 690 449,A01,1.0,7.0,6,0,1,15,2.0,
202400051901,155 690 443,A01,1.0,7.0,1,0,2,2,1.0,
202400051902,155 690 445,A01,1.0,33.0,0,2,1,2,1.0,
202400051903,155 690 442,A01,3.0,7.0,6,0,2,1,1.0,
202400051904,155 690 434,B01,2.0,7.0,0,0,4,2,1.0,
202400051905,155 690 435,A01,1.0,33.0,6,0,2,2,1.0,
202400051906,155 690 433,A01,1.0,10.0,0,2,6,13,1.0,
202400051907,155 690 431,B01,3.0,7.0,0,0,4,16,1.0,
202400051908,155 690 429,A01,2.0,7.0,0,9,3,1,3.0,
202400051909,155 690 428,A01,1.0,7.0,3,2,4,1,1.0,
202400051910,155 690 424,A01,1.0,7.0,2,0,1,1,1.0,
202400051911,155 690 426,A01,1.0,7.0,0,2,2,15,1.0,
202400051912,155 690 423,A01,2.0,38.0,6,2,1,13,0.0,9
202400051913,155 690 427,A01,3.0,7.0,6,0,2,1,1.0,
202400051914,155 690 421,A01,2.0,7.0,0,2,5,12,1.0,
202400051915,155 690 418,A01,1.0,43.0,0,2,1,3,1.0,
202400051916,155 690 416,A01,1.0,7.0,4,0,8,2,1.0,
202400051917,155 690 414,A01,1.0,7.0,0,1,3,0,2.0,
202400051918,155 690 412,B01,1.0,7.0,0,2,3,1,1.0,
202400051919,155 690 417,A01,1.0,7.0,0,2,7,16,1.0,
202400051920,155 690 411,A01,1.0,7.0,4,1,3,21,1.0,
202400051921,155 690 409,A01,1.0,7.0,0,2,6,4,1.0,
202400051922,155 690 406,A01,0.0,7.0,1,2,1,15,0.0,
202400051923,155 690 405,A01,2.0,7.0,4,2,6,11,1.0,
202400051924,155 690 404,A01,1.0,1.0,1,0,1,7,5.0,
202400051925,155 690 401,A01,1.0,7.0,0,1,1,1,1.0,
202400051926,155 690 398,A01,1.0,10.0,0,2,6,1,1.0,
202400051927,155 690 399,B01,2.0,33.0,0,2,8,3,1.0,
202400051928,155 690 395,B01,1.0,33.0,0,2,1,21,1.0,
202400051929,155 690 391,Z01,2.0,10.0,0,1,1,0,0.0,
202400051930,155 690 388,B01,1.0,33.0,0,2,7,1,1.0,
202400051931,155 690 389,B01,0.0,7.0,0,2,3,15,0.0,
202400051932,155 690 390,B01,3.0,1.0,0,2,1,19,5.0,
202400051933,155 690 387,A01,2.0,7.0,0,2,1,13,1.0,
202400051934,155 690 384,A01,3.0,1.0,0,2,3,13,5.0,
202400051935,155 690 381,A01,1.0,7.0,3,0,1,2,1.0,
202400051936,155 690 378,A01,1.0,7.0,14,2,1,6,1.0,
202400051937,155 690 377,A01,3.0,7.0,0,2,1,5,1.0,
202400051938,155 690 376,A01,2.0,33.0,3,0,7,17,1.0,
202400051939,155 690 374,B01,2.0,50.0,0,2,1,5,3.0,
202400051940,155 690 373,A01,3.0,7.0,0,1,1,2,1.0,
202400051941,155 690 372,A01,1.0,33.0,0,2,8,13,1.0,
202400051942,155 690 371,A01,3.0,7.0,0,2,6,11,1.0,
202400051943,155 690 369,A01,1.0,7.0,12,0,1,0,1.0,
202400051944,155 690 366,A01,1.0,7.0,13,0,3,0,1.0,
202400051945,155 690 365,A01,1.0,7.0,0,9,3,1,1.0,
202400051946,155 690 367,B01,2.0,7.0,0,9,4,2,1.0,
202400051947,155 690 360,A01,1.0,7.0,0,1,3,1,1.0,
202400051948,155 690 358,A01,1.0,7.0,0,2,8,15,1.0,
202400051949,155 690 361,A01,2.0,32.0,0,2,1,21,1.0,
202400051950,155 690 357,B01,1.0,33.0,0,2,8,1,3.0,
202400051951,155 690 356,B01,3.0,7.0,0,0,4,2,3.0,
202400051952,155 690 355,A01,1.0,0.0,0,1,0,0,0.0,
202400051953,155 690 348,A01,1.0,2.0,0,1,1,1,3.0,
202400051954,155 690 352,A01,2.0,7.0,17,0,1,14,1.0,
202400051955,155 690 345,A01,3.0,7.0,0,2,2,19,1.0,
202400051956,155 690 343,B01,2.0,33.0,0,2,9,2,0.0,
202400051957,155 690 341,A01,2.0,50.0,0,2,1,1,3.0,
202400051958,155 690 339,A01,3.0,7.0,0,2,1,0,1.0,
202400051959,155 690 336,A01,2.0,7.0,0,2,2,1,1.0,
202400051960,155 690 333,B01,0.0,1.0,0,2,7,14,5.0,
202400051961,155 690 337,B01,3.0,7.0,0,2,2,14,1.0,
202400051962,155 690 334,A01,1.0,7.0,0,1,3,1,2.0,
202400051963,155 690 335,A01,1.0,10.0,0,2,0,17,1.0,
202400051964,155 690 332,A01,2.0,7.0,0,0,8,19,1.0,
202400051965,155 690 328,A01,1.0,7.0,0,1,1,1,1.0,
202400051966,155 690 329,A01,3.0,30.0,1,0,3,1,1.0,
202400051967,155 690 327,A01,1.0,1.0,0,2,2,21,5.0,
202400051968,155 690 325,B01,3.0,7.0,0,2,3,1,0.0,
202400051969,155 690 324,A01,1.0,7.0,0,1,2,1,1.0,
202400051970,155 690 319,A01,1.0,10.0,0,0,3,11,1.0,
202400051971,155 690 321,A01,2.0,31.0,0,2,1,1,3.0,
202400051972,155 690 322,A01,2.0,50.0,0,1,1,1,3.0,
202400051973,155 690 318,B01,1.0,33.0,0,2,2,1,1.0,
202400051974,155 690 315,A01,1.0,7.0,13,0,1,14,1.0,
202400051975,155 690 317,A01,1.0,7.0,0,1,1,19,1.0,
202400051976,155 690 314,A01,0.0,7.0,1,0,9,0,1.0,
202400051977,155 690 310,B01,1.0,1.0,0,2,1,0,5.0,
202400051978,155 690 307,B01,3.0,7.0,0,2,1,2,1.0,
202400051979,155 690 309,B01,2.0,2.0,0,2,1,21,1.0,
202400051980,155 690 301,A01,1.0,7.0,0,2,2,1,1.0,
202400051981,155 690 303,A01,1.0,7.0,0,2,3,13,4.0,
202400051982,155 690 304,A01,2.0,33.0,13,0,3,13,1.0,
202400051983,155 690 297,A01,3.0,7.0,12,0,1,16,1.0,
202400051984,155 690 299,A01,3.0,7.0,0,1,1,1,1.0,
202400051985,155 690 298,A01,1.0,7.0,0,2,0,1,1.0,
202400051986,155 690 296,B01,2.0,50.0,0,2,1,1,3.0,
202400051987,155 690 294,A01,1.0,10.0,0,1,1,16,1.0,
202400051988,155 690 295,A01,2.0,7.0,0,2,3,15,1.0,
202400051989,155 690 292,A01,1.0,7.0,1,0,2,1,2.0,
202400051990,155 690 291,A01,1.0,7.0,0,0,2,15,1.0,
202400051991,155 690 290,A01,3.0,33.0,0,1,1,1,1.0,
202400051992,155 690 289,A01,0.0,37.0,0,1,2,20,1.0,1
202400051993,155 690 287,A01,2.0,10.0,0,1,3,15,1.0,
202400051994,155 690 284,A01,2.0,7.0,0,2,3,1,1.0,
202400051995,155 690 281,A01,1.0,7.0,7,0,0,0,1.0,
202400051996,155 690 280,Z01,2.0,14.0,0,2,7,1,1.0,
202400051997,155 690 278,A01,2.0,7.0,0,1,2,20,1.0,
202400051998,155 690 277,B01,2.0,17.0,0,0,6,1,1.0,
202400051999,155 690 276,B01,2.0,2.0,0,2,1,1,1.0,
202400052000,155 690 274,A01,2.0,7.0,0,1,1,15,1.0,
202400052001,155 690 273,A01,1.0,7.0,0,2,4,11,1.0,
202400052002,155 690 270,A01,3.0,7.0,8,0,1,1,1.0,
202400052003,155 690 265,B01,2.0,7.0,0,2,2,1,1.0,
202400052004,155 690 264,B01,1.0,37.0,1,0,6,24,1.0,1
202400052005,155 690 266,A01,1.0,80.0,0,2,3,19,3.0,
202400052006,155 690 267,B01,2.0,7.0,0,0,1,6,2.0,
202400052007,155 690 260,Y01,1.0,7.0,0,1,1,1,1.0,
202400052008,155 690 257,A01,1.0,21.0,0,0,0,9,1.0,
202400052009,155 690 256,A01,2.0,7.0,0,2,4,2,1.0,
202400052010,155 690 259,A01,1.0,7.0,0,2,2,5,1.0,
202400052011,155 690 254,B01,1.0,32.0,0,2,1,0,1.0,
202400052012,155 690 255,A01,2.0,7.0,1,0,1,1,2.0,
202400052013,155 690 252,A01,1.0,7.0,0,1,2,1,1.0,
202400052014,155 690 251,A01,3.0,7.0,1,0,2,14,1.0,
202400052015,155 690 248,A01,0.0,31.0,15,0,0,1,1.0,
202400052016,155 690 249,B01,1.0,50.0,0,2,1,1,3.0,
202400052017,155 690 250,A01,2.0,1.0,0,0,3,1,5.0,
202400052018,155 690 247,A01,1.0,7.0,0,1,1,1,1.0,
202400052019,155 690 244,A01,2.0,30.0,11,0,1,1,1.0,
202400052020,155 690 246,A01,1.0,7.0,5,2,2,16,2.0,