Num_Acc,id_vehicule,num_veh,senc,catv,obs,obsm,choc,manv,motor,occutc
202400052021,155 690 241,A01,1.0,7.0,0,2,1,19,1.0,
202400052022,155 690 235,A01,3.0,7.0,0,5,1,1,1.0,
202400052023,155 690 234,A01,2.0,7.0,8,2,1,26,1.0,
202400052024,155 690 233,B01,2.0,7.0,0,2,3,15,1.0,
202400052025,155 690 232,B01,2.0,7.0,0,2,6,26,1.0,
202400052026,155 690 231,A01,1.0,7.0,0,0,4,2,1.0,
202400052027,155 690 230,A01,2.0,7.0,0,2,1,1,1.0,
202400052028,155 690 229,A01,1.0,80.0,9,0,8,13,3.0,
202400052029,155 690 225,A01,2.0,1.0,0,2,8,0,5.0,
202400052030,155 690 221,A01,1.0,7.0,0,2,1,15,1.0,
202400052031,155 690 220,A01,3.0,30.0,0,0,8,1,1.0,
202400052032,155 690 219,B01,3.0,7.0,0,9,3,9,1.0,
202400052033,155 690 217,A01,2.0,7.0,0,2,1,26,1.0,
202400052034,155 690 214,B01,1.0,1.0,0,2,2,1,5.0,
202400052035,155 690 212,B01,1.0,7.0,0,2,3,1,1.0,
202400052036,155 690 215,B01,1.0,1.0,0,0,5,1,5.0,
202400052037,155 690 213,A01,1.0,10.0,0,2,1,2,0.0,
202400052038,155 690 210,A01,1.0,7.0,0,1,2,1,1.0,
202400052039,155 690 208,A01,2.0,7.0,2,0,1,1,1.0,
202400052040,155 690 209,A01,3.0,7.0,0,2,1,1,1.0,
202400052041,155 690 202,B01,1.0,34.0,0,2,1,0,1.0,
202400052042,155 690 200,B01,1.0,7.0,0,2,8,13,1.0,
202400052043,155 690 199,A01,1.0,7.0,0,2,4,2,1.0,
202400052044,155 690 198,A01,1.0,7.0,2,0,7,0,1.0,
202400052045,155 690 197,C01,1.0,7.0,0,2,4,2,1.0,
202400052046,155 690 195,A01,3.0,7.0,0,1,1,1,0.0,
202400052047,155 690 203,A01,2.0,7.0,0,1,7,1,1.0,
202400052048,155 690 191,A01,1.0,7.0,0,2,1,1,1.0,
202400052049,155 690 192,A01,2.0,7.0,2,0,8,19,1.0,
202400052050,155 690 193,A01,0.0,30.0,0,9,7,16,1.0,
202400052051,155 690 190,A01,1.0,33.0,0,0,9,1,1.0,
202400052052,155 690 189,A01,3.0,99.0,0,2,1,1,0.0,
202400052053,155 690 188,A01,0.0,7.0,15,0,1,19,2.0,
202400052054,155 690 186,A01,1.0,7.0,8,0,7,13,1.0,
202400052055,155 690 184,B01,2.0,30.0,0,2,8,1,3.0,
202400052056,155 690 180,B01,1.0,7.0,0,2,3,13,1.0,
202400052057,155 690 178,B01,1.0,7.0,0,9,8,9,1.0,
202400052058,155 690 176,A01,2.0,43.0,0,1,1,1,1.0,
202400052059,155 690 181,A01,0.0,33.0,14,0,4,1,1.0,
202400052060,155 690 174,B01,1.0,33.0,0,2,1,1,1.0,
202400052061,155 690 175,A01,1.0,7.0,0,1,2,1,3.0,
202400052062,155 690 173,A01,1.0,31.0,0,2,8,1,1.0,
202400052063,155 690 170,B01,0.0,34.0,0,2,2,17,1.0,
202400052064,155 690 168,A01,2.0,2.0,0,2,3,18,1.0,
202400052065,155 690 165,A01,2.0,7.0,9,0,1,1,1.0,
202400052066,155 690 166,A01,2.0,7.0,14,0,1,6,2.0,
202400052067,155 690 164,B01,1.0,7.0,0,2,2,15,1.0,
202400052068,155 690 161,A01,1.0,7.0,0,2,1,1,1.0,
202400052069,155 690 160,B01,1.0,7.0,0,2,3,19,1.0,
202400052070,155 690 154,A01,2.0,7.0,8,0,3,0,1.0,
202400052071,155 690 158,Y01,3.0,50.0,0,2,1,1,3.0,
202400052072,155 690 155,A01,1.0,7.0,0,1,1,1,1.0,
202400052073,155 690 153,A01,1.0,7.0,0,2,6,1,1.0,
202400052074,155 690 152,A01,3.0,16.0,0,2,8,16,1.0,
202400052075,155 690 151,A01,2.0,7.0,4,0,1,1,1.0,
202400052076,155 690 150,A01,1.0,33.0,0,1,2,1,1.0,
202400052077,155 690 149,A01,2.0,33.0,1,0,2,17,1.0,
202400052078,155 690 148,A01,3.0,7.0,0,2,1,16,1.0,
202400052079,155 690 146,A01,1.0,50.0,0,2,0,0,3.0,
202400052080,155 690 144,A01,3.0,33.0,14,0,1,26,1.0,
202400052081,155 690 142,A01,1.0,33.0,0,2,2,1,1.0,
202400052082,155 690 139,A01,1.0,80.0,0,2,1,1,3.0,
202400052083,155 690 134,A01,3.0,7.0,0,2,1,2,1.0,
202400052084,155 690 138,A01,1.0,7.0,0,0,0,13,1.0,
202400052085,155 690 135,A01,1.0,7.0,0,2,2,15,1.0,
202400052086,155 690 128,B01,2.0,17.0,0,0,4,2,1.0,
202400052087,155 690 127,A01,2.0,7.0,0,2,1,14,1.0,
202400052088,155 690 125,B01,1.0,60.0,0,0,1,0,5.0,
202400052089,155 690 124,A01,1.0,7.0,0,1,1,2,1.0,
202400052090,155 690 120,A01,1.0,0.0,0,2,3,9,0.0,
202400052091,155 690 119,A01,1.0,7.0,0,2,2,16,3.0,
202400052092,155 690 121,A01,1.0,7.0,0,1,1,1,1.0,
202400052093,155 690 118,B01,1.0,50.0,0,1,1,0,3.0,
202400052094,155 690 117,A01,1.0,7.0,0,0,8,4,1.0,
202400052095,155 690 115,A01,3.0,30.0,0,0,0,1,1.0,
202400052096,155 690 116,B01,2.0,7.0,0,2,3,1,1.0,
202400052097,155 690 112,A01,2.0,21.0,0,0,7,21,1.0,
202400052098,155 690 113,A01,3.0,33.0,14,0,0,1,1.0,
202400052099,155 690 114,A01,2.0,7.0,4,5,3,13,1.0,
202400052100,155 690 111,A01,1.0,7.0,6,0,1,1,1.0,
202400052101,155 690 107,A01,3.0,10.0,6,0,2,1,1.0,
202400052102,155 690 108,A01,3.0,7.0,0,1,2,1,1.0,
202400052103,155 690 103,A01,1.0,7.0,0,6,1,1,1.0,
202400052104,155 690 105,A01,1.0,7.0,0,2,2,1,1.0,
202400052105,155 690 101,A01,3.0,7.0,0,1,4,20,1.0,
202400052106,155 690 097,B01,2.0,7.0,0,2,3,1,1.0,
202400052107,155 690 096,B01,1.0,80.0,0,2,4,1,3.0,
202400052108,155 690 094,A01,3.0,7.0,0,1,1,1,1.0,
202400052109,155 690 095,A01,1.0,1.0,0,0,7,9,5.0,
202400052110,155 690 092,A01,1.0,3.0,0,2,1,2,0.0,
202400052111,155 690 093,B01,2.0,33.0,0,2,1,1,1.0,
202400052112,155 690 091,Z01,1.0,50.0,0,1,1,2,3.0,
202400052113,155 690 089,A01,1.0,7.0,13,0,3,0,1.0,
202400052114,155 690 087,A01,1.0,7.0,0,2,3,11,1.0,
202400052115,155 690 086,A01,2.0,3.0,0,0,9,13,1.0,
202400052116,155 690 081,B01,2.0,80.0,0,2,1,1,3.0,
202400052117,155 690 082,A01,1.0,7.0,2,0,1,17,1.0,
202400052118,155 690 078,A01,1.0,7.0,0,2,1,1,1.0,
202400052119,155 690 080,A01,1.0,7.0,8,0,1,2,1.0,
202400052120,155 690 075,B01,3.0,7.0,0,2,4,0,1.0,
202400052121,155 690 074,B01,1.0,7.0,0,0,7,1,1.0,
202400052122,155 690 072,A01,2.0,7.0,0,2,5,14,3.0,
202400052123,155 690 070,A01,2.0,7.0,2,0,3,1,1.0,
202400052124,155 690 066,A01,2.0,7.0,0,2,3,1,1.0,
202400052125,155 690 065,C01,0.0,7.0,0,0,3,24,1.0,
202400052126,155 690 062,A01,1.0,7.0,0,2,4,1,1.0,
202400052127,155 690 064,A01,1.0,7.0,0,2,1,26,1.0,
202400052128,155 690 061,A01,2.0,7.0,0,1,3,0,1.0,
202400052129,155 690 059,B01,1.0,7.0,0,0,7,1,1.0,
202400052130,155 690 058,A01,3.0,7.0,0,1,1,15,1.0,
202400052131,155 690 056,A01,2.0,7.0,0,1,3,1,1.0,
202400052132,155 690 054,A01,3.0,7.0,0,2,3,20,1.0,
202400052133,155 690 051,A01,2.0,7.0,0,2,1,1,1.0,
202400052134,155 690 052,A01,3.0,7.0,0,1,2,1,1.0,
202400052135,155 690 050,B01,0.0,7.0,0,2,2,15,3.0,
202400052136,155 690 049,A01,2.0,7.0,0,2,3,1,3.0,
202400052137,155 690 047,A01,2.0,7.0,0,0,9,13,1.0,
202400052138,155 690 041,A01,2.0,7.0,0,2,8,18,1.0,
202400052139,155 690 043,A01,1.0,7.0,6,0,0,1,1.0,
202400052140,155 690 039,A01,1.0,7.0,0,1,1,16,1.0,
202400052141,155 690 040,A01,2.0,7.0,0,2,3,5,1.0,
202400052142,155 690 044,A01,1.0,7.0,0,0,6,4,1.0,
202400052143,155 690 031,A01,2.0,7.0,0,2,2,15,1.0,
202400052144,155 690 032,A01,1.0,7.0,0,2,1,0,1.0,
202400052145,155 690 026,A01,2.0,17.0,0,2,2,2,1.0,
202400052146,155 690 019,C01,1.0,7.0,0,2,3,2,1.0,
202400052147,155 690 021,Z01,1.0,7.0,0,2,1,1,1.0,
202400052148,155 690 020,C01,1.0,7.0,0,2,4,23,1.0,
202400052149,155 690 017,A01,1.0,7.0,9,0,1,13,1.0,
202400052150,155 690 015,B01,2.0,7.0,3,0,4,23,1.0,
202400052151,155 690 018,A01,3.0,7.0,1,1,1,1,1.0,
202400052152,155 690 013,A01,2.0,7.0,0,2,1,1,1.0,
202400052153,155 690 007,B01,1.0,50.0,0,2,2,1,3.0,
202400052154,155 690 004,C01,1.0,7.0,0,2,1,1,1.0,
202400052155,155 690 001,A01,1.0,33.0,3,0,9,1,1.0,
202400052156,155 690 003,A01,1.0,1.0,0,1,1,1,5.0,
202400052157,155 690 005,A01,1.0,7.0,0,2,2,9,1.0,
202400052158,155 689 999,A01,1.0,7.0,8,2,8,9,1.0,
202400052159,155 689 998,B01,1.0,7.0,0,2,4,23,1.0,
202400052160,155 689 996,A01,2.0,2.0,0,0,0,0,1.0,
202400052161,155 689 995,A01,1.0,7.0,0,2,2,10,1.0,
202400052162,155 689 990,A01,1.0,1.0,0,9,1,11,5.0,
202400052163,155 689 986,A01,1.0,7.0,0,2,1,1,1.0,
202400052164,155 689 984,A01,2.0,7.0,0,0,6,9,1.0,
202400052165,155 689 982,A01,1.0,33.0,0,2,1,2,1.0,
202400052166,155 689 985,A01,2.0,7.0,0,2,2,15,1.0,
202400052167,155 689 981,A01,2.0,33.0,0,2,1,26,1.0,
202400052168,155 689 980,A01,1.0,7.0,0,2,1,1,1.0,
202400052169,155 689 979,A01,2.0,50.0,14,0,1,2,3.0,
202400052170,155 689 976,A01,1.0,30.0,0,9,7,26,1.0,
202400052171,155 689 977,A01,0.0,7.0,13,0,1,1,1.0,
202400052172,155 689 972,A01,3.0,7.0,10,0,1,15,1.0,
202400052173,155 689 971,A01,3.0,30.0,0,2,1,13,1.0,
202400052174,155 689 970,A01,1.0,7.0,13,0,3,1,1.0,
202400052175,155 689 969,A01,3.0,7.0,0,2,7,16,1.0,
202400052176,155 689 967,A01,1.0,1.0,0,0,1,1,5.0,
202400052177,155 689 964,Z01,2.0,7.0,0,0,0,0,0.0,
202400052178,155 689 965,A01,2.0,7.0,0,2,1,1,6.0,
202400052179,155 689 963,C01,1.0,1.0,0,2,1,1,5.0,
202400052180,155 689 960,A01,2.0,33.0,15,0,1,1,1.0,
202400052181,155 689 956,A01,3.0,7.0,1,0,0,14,1.0,
202400052182,155 689 953,A01,1.0,7.0,2,0,1,1,1.0,
202400052183,155 689 957,A01,1.0,7.0,0,0,0,0,1.0,
202400052184,155 689 955,A01,2.0,7.0,0,2,3,13,1.0,
202400052185,155 689 951,A01,3.0,7.0,15,0,2,14,1.0,
202400052186,155 689 947,A01,1.0,2.0,0,2,8,3,1.0,
202400052187,155 689 946,C01,3.0,7.0,0,2,4,23,1.0,
202400052188,155 689 952,A01,1.0,1.0,0,2,3,19,5.0,
202400052189,155 689 945,A01,1.0,7.0,2,0,0,0,1.0,
202400052190,155 689 942,A01,1.0,7.0,13,0,2,1,1.0,
202400052191,155 689 943,A01,1.0,30.0,14,0,1,1,1.0,
202400052192,155 689 941,B01,2.0,34.0,0,2,1,1,1.0,
202400052193,155 689 940,A01,1.0,33.0,8,1,1,1,1.0,
202400052194,155 689 935,A01,2.0,7.0,0,2,3,1,3.0,
202400052195,155 689 933,A01,1.0,7.0,6,0,1,15,1.0,
202400052196,155 689 934,A01,2.0,7.0,0,2,2,15,1.0,
202400052197,155 689 930,A01,1.0,1.0,0,1,1,26,5.0,
202400052198,155 689 932,B01,3.0,33.0,0,2,3,1,1.0,
202400052199,155 689 931,A01,2.0,7.0,15,0,3,1,1.0,
202400052200,155 689 929,A01,2.0,7.0,0,1,2,1,1.0,
202400052201,155 689 927,B01,1.0,7.0,0,2,1,1,3.0,
202400052202,155 689 926,A01,1.0,30.0,0,1,1,1,1.0,
202400052203,155 689 923,A01,2.0,7.0,0,2,1,15,1.0,
202400052204,155 689 922,B01,1.0,33.0,0,2,2,17,1.0,
202400052205,155 689 920,A01,2.0,7.0,0,2,1,2,1.0,
202400052206,155 689 919,A01,2.0,10.0,0,1,5,1,1.0,
202400052207,155 689 921,A01,1.0,33.0,0,2,1,17,1.0,
202400052208,155 689 916,A01,2.0,7.0,0,2,3,15,1.0,
202400052209,155 689 915,A01,2.0,32.0,12,0,1,1,1.0,
202400052210,155 689 911,A01,2.0,7.0,0,2,6,14,2.0,
202400052211,155 689 909,A01,1.0,7.0,0,0,8,0,1.0,
202400052212,155 689 910,A01,2.0,30.0,0,2,0,3,1.0,
202400052213,155 689 908,B01,2.0,33.0,0,2,1,19,1.0,
202400052214,155 689 902,A01,3.0,7.0,16,0,9,13,1.0,
202400052215,155 689 905,A01,1.0,33.0,0,0,1,2,1.0,
202400052216,155 689 904,B01,3.0,7.0,0,2,8,1,1.0,
202400052217,155 689 900,B01,3.0,7.0,0,2,3,1,1.0,
202400052218,155 689 901,A01,2.0,7.0,3,0,1,1,1.0,
202400052219,155 689 899,A01,3.0,7.0,0,9,3,1,1.0,
202400052220,155 689 896,A01,1.0,30.0,0,2,3,0,1.0,
202400052221,155 689 892,A01,3.0,7.0,0,1,5,20,1.0,
202400052222,155 689 894,A01,2.0,80.0,0,1,1,21,3.0,
202400052223,155 689 890,A01,1.0,10.0,0,2,7,12,1.0,
202400052224,155 689 889,A01,2.0,7.0,16,2,1,17,1.0,
202400052225,155 689 888,A01,3.0,50.0,14,0,1,1,3.0,
202400052226,155 689 887,A01,2.0,7.0,0,2,8,19,1.0,
202400052227,155 689 883,A01,1.0,7.0,0,2,1,2,1.0,
202400052228,155 689 882,A01,1.0,10.0,12,1,8,23,1.0,
202400052229,155 689 879,A01,2.0,7.0,0,2,1,15,3.0,
202400052230,155 689 878,A01,3.0,31.0,0,0,0,1,1.0,
202400052231,155 689 871,A01,1.0,7.0,0,2,2,16,1.0,
202400052232,155 689 868,B01,1.0,50.0,0,2,7,19,3.0,
202400052233,155 689 869,A01,2.0,80.0,2,0,1,17,3.0,
202400052234,155 689 864,A01,2.0,7.0,0,2,1,2,1.0,
202400052235,155 689 867,A01,1.0,7.0,0,2,7,16,1.0,
202400052236,155 689 865,A01,1.0,7.0,12,1,2,5,2.0,
202400052237,155 689 862,A01,3.0,7.0,0,2,2,1,1.0,
202400052238,155 689 860,A01,2.0,7.0,0,2,3,15,1.0,
202400052239,155 689 856,A01,3.0,7.0,0,2,1,1,1.0,
202400052240,155 689 858,A01,2.0,1.0,0,1,0,1,5.0,
202400052241,155 689 854,A01,2.0,10.0,1,0,2,1,1.0,
202400052242,155 689 853,A01,2.0,7.0,0,2,3,13,0.0,
202400052243,155 689 852,A01,2.0,7.0,0,0,0,1,1.0,
202400052244,155 689 850,A01,1.0,7.0,0,2,8,10,1.0,
202400052245,155 689 848,B01,1.0,7.0,0,2,4,0,1.0,
202400052246,155 689 846,A01,1.0,7.0,3,0,1,1,1.0,
202400052247,155 689 845,A01,1.0,7.0,4,0,1,14,1.0,
202400052248,155 689 844,A01,1.0,10.0,0,2,4,4,1.0,
202400052249,155 689 843,A01,2.0,33.0,0,0,8,13,1.0,
202400052250,155 689 841,A01,1.0,10.0,0,2,1,1,3.0,
202400052251,155 689 840,A01,1.0,7.0,0,2,2,15,1.0,
202400052252,155 689 834,A01,2.0,7.0,0,2,2,12,1.0,
202400052253,155 689 831,A01,2.0,7.0,0,2,2,1,1.0,
202400052254,155 689 833,B01,1.0,32.0,0,2,1,1,1.0,
202400052255,155 689 832,A01,1.0,10.0,0,1,1,1,1.0,
202400052256,155 689 830,A01,1.0,7.0,0,2,3,0,1.0,
202400052257,155 689 829,A01,2.0,7.0,0,2,3,19,1.0,
202400052258,155 689 828,A01,0.0,7.0,0,1,1,0,1.0,
202400052259,155 689 827,A01,2.0,7.0,4,0,1,1,1.0,
202400052260,155 689 825,A01,2.0,33.0,12,0,1,17,1.0,
202400052261,155 689 822,A01,1.0,7.0,0,2,1,15,1.0,
202400052262,155 689 821,A01,1.0,30.0,0,2,3,15,1.0,
202400052263,155 689 817,A01,2.0,17.0,0,2,1,1,1.0,
202400052264,155 689 816,A01,1.0,10.0,8,0,1,1,1.0,
202400052265,155 689 815,A01,1.0,7.0,0,0,4,23,1.0,
202400052266,155 689 813,A01,3.0,10.0,0,2,2,17,0.0,
202400052267,155 689 812,A01,1.0,7.0,1,0,3,1,1.0,
202400052268,155 689 809,B01,3.0,80.0,0,2,0,0,3.0,
202400052269,155 689 808,A01,1.0,7.0,0,2,0,9,1.0,
202400052270,155 689 807,A01,1.0,7.0,0,2,1,17,1.0,
202400052271,155 689 806,A01,2.0,7.0,0,2,8,19,3.0,
202400052272,155 689 805,A01,3.0,2.0,13,0,1,1,1.0,
202400052273,155 689 804,A01,2.0,7.0,0,1,3,1,1.0,
202400052274,155 689 802,A01,1.0,10.0,0,2,1,1,1.0,
202400052275,155 689 798,B01,1.0,33.0,0,9,1,0,1.0,
202400052276,155 689 799,A01,2.0,7.0,0,2,1,26,1.0,
202400052277,155 689 797,B01,0.0,1.0,0,2,3,15,5.0,
202400052278,155 689 794,A01,3.0,7.0,0,0,3,2,1.0,
202400052279,155 689 793,B01,1.0,33.0,0,2,1,21,1.0,
202400052280,155 689 792,A01,2.0,7.0,0,1,1,15,1.0,
202400052281,155 689 791,A01,1.0,7.0,14,9,2,2,1.0,
202400052282,155 689 787,A01,1.0,7.0,0,9,3,21,1.0,
202400052283,155 689 789,A01,2.0,7.0,0,1,6,20,1.0,
202400052284,155 689 785,A01,1.0,7.0,0,2,1,2,2.0,
202400052285,155 689 784,A01,3.0,3.0,0,1,6,4,3.0,
202400052286,155 689 783,A01,3.0,36.0,13,0,3,0,1.0,
202400052287,155 689 781,A01,2.0,7.0,4,0,3,0,1.0,
202400052288,155 689 782,B01,3.0,33.0,8,2,7,17,1.0,
202400052289,155 689 774,B01,1.0,7.0,6,2,9,0,1.0,
202400052290,155 689 773,A01,1.0,33.0,0,2,1,1,1.0,
202400052291,155 689 772,B01,1.0,33.0,0,2,1,1,1.0,
202400052292,155 689 770,A01,1.0,7.0,0,2,3,9,1.0,
202400052293,155 689 768,A01,1.0,7.0,0,2,8,9,0.0,
202400052294,155 689 765,Z01,1.0,30.0,0,1,1,0,1.0,
202400052295,155 689 766,B01,3.0,2.0,0,2,1,3,1.0,
202400052296,155 689 764,A01,1.0,7.0,0,1,1,1,1.0,
202400052297,155 689 763,A01,1.0,2.0,0,2,1,15,1.0,
202400052298,155 689 761,A01,2.0,7.0,2,0,9,1,1.0,
202400052299,155 689 756,B01,2.0,31.0,0,2,7,16,1.0,
202400052300,155 689 757,A01,2.0,50.0,0,2,1,1,3.0,
202400052301,155 689 753,A01,1.0,30.0,0,0,1,26,1.0,
202400052302,155 689 752,A01,1.0,7.0,0,1,3,21,1.0,
202400052303,155 689 751,A01,1.0,7.0,0,2,4,2,1.0,
202400052304,155 689 754,B01,1.0,10.0,0,9,8,13,1.0,
202400052305,155 689 748,A01,1.0,33.0,0,0,1,13,1.0,
202400052306,155 689 745,A01,2.0,7.0,0,2,1,1,1.0,
202400052307,155 689 743,A01,2.0,17.0,0,2,8,11,1.0,
202400052308,155 689 744,A01,3.0,7.0,0,1,2,15,1.0,
202400052309,155 689 740,A01,2.0,7.0,15,0,1,14,0.0,
202400052310,155 689 732,A01,1.0,10.0,0,2,2,2,1.0,
202400052311,155 689 733,A01,1.0,7.0,0,2,7,9,1.0,
202400052312,155 689 735,A01,2.0,7.0,0,1,2,1,1.0,
202400052313,155 689 731,A01,2.0,30.0,0,2,1,1,3.0,
202400052314,155 689 729,B01,2.0,7.0,0,2,1,1,1.0,
202400052315,155 689 728,B01,3.0,2.0,0,2,1,0,1.0,
202400052316,155 689 727,A01,3.0,33.0,12,0,1,26,1.0,
202400052317,155 689 724,A01,0.0,33.0,0,0,2,1,1.0,
202400052318,155 689 721,A01,2.0,7.0,0,1,2,1,1.0,
202400052319,155 689 722,A01,2.0,7.0,13,0,1,1,1.0,
202400052320,155 689 719,A01,2.0,7.0,2,0,1,14,1.0,
202400052321,155 689 720,C01,1.0,7.0,0,2,8,1,1.0,
202400052322,155 689 718,B01,1.0,7.0,0,2,3,1,1.0,
202400052323,155 689 715,A01,1.0,1.0,0,2,1,1,5.0,
202400052324,155 689 710,A01,2.0,33.0,0,0,8,1,1.0,
202400052325,155 689 712,B01,3.0,7.0,0,9,3,15,1.0,
202400052326,155 689 714,A01,2.0,7.0,2,0,2,1,1.0,
202400052327,155 689 711,A01,1.0,7.0,0,1,3,15,1.0,
202400052328,155 689 708,B01,1.0,7.0,15,2,8,15,1.0,
202400052329,155 689 705,B01,2.0,33.0,0,2,1,13,1.0,
202400052330,155 689 706,A01,3.0,31.0,15,0,0,1,1.0,
202400052331,155 689 704,A01,2.0,1.0,0,0,0,2,5.0,
202400052332,155 689 702,A01,2.0,7.0,0,2,1,15,2.0,
202400052333,155 689 700,A01,1.0,7.0,0,2,1,15,1.0,
202400052334,155 689 699,A01,3.0,50.0,0,1,1,25,3.0,
202400052335,155 689 696,A01,2.0,7.0,2,0,1,15,1.0,
202400052336,155 689 694,B01,2.0,7.0,0,2,7,9,1.0,
202400052337,155 689 693,B01,1.0,7.0,0,2,3,2,1.0,
202400052338,155 689 695,B01,3.0,7.0,0,2,3,0,1.0,
202400052339,155 689 690,A01,1.0,7.0,0,2,1,1,1.0,
202400052340,155 689 689,Z01,1.0,7.0,0,2,3,15,1.0,
202400052341,155 689 680,B01,1.0,30.0,0,2,1,9,1.0,
202400052342,155 689 682,A01,3.0,1.0,0,2,2,13,5.0,
202400052343,155 689 679,B01,2.0,7.0,0,2,9,1,1.0,
202400052344,155 689 678,A01,2.0,99.0,0,2,8,1,1.0,
202400052345,155 689 675,A01,1.0,7.0,0,2,3,9,0.0,
202400052346,155 689 671,A01,0.0,7.0,0,2,3,19,1.0,
202400052347,155 689 668,A01,1.0,7.0,0,1,2,15,1.0,
202400052348,155 689 667,A01,1.0,7.0,1,0,1,26,1.0,
202400052349,155 689 665,A01,3.0,32.0,0,2,1,2,1.0,
202400052350,155 689 663,A01,0.0,7.0,7,0,2,14,1.0,
202400052351,155 689 662,A01,3.0,7.0,0,2,3,15,1.0,
202400052352,155 689 661,D01,1.0,7.0,0,2,4,2,1.0,
202400052353,155 689 659,A01,3.0,50.0,0,2,2,25,3.0,
202400052354,155 689 657,A01,3.0,7.0,2,0,7,13,1.0,
202400052355,155 689 656,A01,2.0,7.0,8,0,8,13,1.0,
202400052356,155 689 658,A01,3.0,7.0,6,0,1,14,1.0,
202400052357,155 689 653,A01,1.0,7.0,0,2,1,0,1.0,
202400052358,155 689 646,A01,2.0,33.0,15,2,1,13,1.0,
202400052359,155 689 647,A01,1.0,7.0,0,2,7,15,1.0,
202400052360,155 689 650,B01,1.0,7.0,0,2,1,1,1.0,
202400052361,155 689 643,C01,2.0,7.0,0,2,4,2,1.0,
202400052362,155 689 644,A01,2.0,50.0,9,0,0,0,3.0,
202400052363,155 689 641,A01,0.0,10.0,1,0,2,1,0.0,
202400052364,155 689 640,A01,3.0,30.0,0,2,1,15,1.0,
202400052365,155 689 639,A01,2.0,32.0,0,2,8,1,1.0,
202400052366,155 689 637,A01,1.0,7.0,8,0,1,13,1.0,
202400052367,155 689 636,A01,0.0,7.0,5,2,9,1,3.0,
202400052368,155 689 635,B01,1.0,7.0,1,2,3,1,1.0,
202400052369,155 689 632,A01,0.0,7.0,2,0,3,15,1.0,
202400052370,155 689 629,A01,2.0,14.0,0,2,2,12,1.0,
202400052371,155 689 630,A01,1.0,30.0,14,0,1,6,1.0,
202400052372,155 689 627,A01,2.0,7.0,0,2,1,1,1.0,
202400052373,155 689 628,A01,2.0,7.0,0,2,2,16,2.0,
202400052374,155 689 623,A01,3.0,7.0,0,1,4,4,1.0,
202400052375,155 689 625,A01,0.0,7.0,2,0,1,0,1.0,
202400052376,155 689 622,A01,2.0,7.0,0,2,5,12,1.0,
202400052377,155 689 621,A01,2.0,7.0,0,2,3,9,2.0,
202400052378,155 689 616,B01,0.0,7.0,0,2,1,1,1.0,
202400052379,155 689 613,A01,1.0,33.0,0,2,1,16,1.0,
202400052380,155 689 610,A01,2.0,10.0,0,2,4,2,1.0,
202400052381,155 689 607,B01,2.0,33.0,0,2,8,15,1.0,
202400052382,155 689 605,A01,3.0,7.0,0,2,1,13,1.0,
202400052383,155 689 604,A01,1.0,7.0,4,2,7,11,1.0,
202400052384,155 689 601,A01,3.0,7.0,0,2,2,0,1.0,
202400052385,155 689 600,A01,1.0,7.0,4,0,0,16,1.0,
202400052386,155 689 599,A01,2.0,10.0,0,2,1,15,1.0,
202400052387,155 689 598,A01,1.0,33.0,4,2,0,1,1.0,
202400052388,155 689 597,A01,1.0,7.0,1,0,3,13,1.0,
202400052389,155 689 595,B01,0.0,10.0,0,0,0,0,1.0,
202400052390,155 689 594,A01,1.0,7.0,4,0,1,26,1.0,
202400052391,155 689 619,A01,3.0,3.0,0,2,4,0,1.0,
202400052392,155 689 614,B01,2.0,7.0,0,0,3,1,1.0,
202400052393,155 689 593,A01,1.0,7.0,1,0,8,13,1.0,
202400052394,155 689 592,A01,1.0,32.0,0,2,1,2,1.0,
202400052395,155 689 587,A01,1.0,7.0,0,2,7,1,1.0,
202400052396,155 689 588,A01,2.0,10.0,0,2,2,15,1.0,
202400052397,155 689 585,A01,2.0,7.0,0,2,3,1,1.0,
202400052398,155 689 584,A01,3.0,7.0,0,1,3,1,1.0,
202400052399,155 689 581,A01,1.0,7.0,0,2,1,2,1.0,
202400052400,155 689 579,A01,3.0,10.0,0,2,1,1,1.0,
202400052401,155 689 578,A01,1.0,7.0,2,0,1,14,1.0,
202400052402,155 689 574,B01,1.0,50.0,0,2,8,1,3.0,
202400052403,155 689 571,B01,2.0,50.0,0,2,5,1,3.0,
202400052404,155 689 569,B01,2.0,7.0,0,2,1,19,1.0,
202400052405,155 689 567,B01,3.0,7.0,0,2,1,1,1.0,
202400052406,155 689 564,A01,2.0,7.0,0,2,1,1,1.0,
202400052407,155 689 565,B01,2.0,50.0,0,2,1,2,3.0,
202400052408,155 689 563,A01,2.0,10.0,0,2,1,2,1.0,
202400052409,155 689 559,A01,3.0,7.0,13,0,2,2,1.0,
202400052410,155 689 557,A01,2.0,7.0,0,2,2,1,1.0,
202400052411,155 689 556,B01,2.0,2.0,0,2,3,1,1.0,
202400052412,155 689 555,A01,2.0,7.0,0,0,0,9,1.0,
202400052413,155 689 554,A01,1.0,7.0,0,2,1,1,1.0,
202400052414,155 689 552,A01,3.0,7.0,0,1,5,4,1.0,
202400052415,155 689 548,B01,2.0,31.0,0,2,1,23,1.0,
202400052416,155 689 547,A01,2.0,7.0,0,2,4,1,1.0,
202400052417,155 689 546,B01,1.0,31.0,0,2,2,17,1.0,