Num_Acc,id_vehicule,num_veh,senc,catv,obs,obsm,choc,manv,motor,occutc
202400052418,155 689 543,B01,2.0,7.0,0,2,5,1,1.0,
202400052419,155 689 542,A01,3.0,7.0,0,0,0,1,1.0,
202400052420,155 689 537,A01,1.0,7.0,0,2,1,13,1.0,
202400052421,155 689 536,A01,2.0,33.0,14,0,7,1,1.0,
202400052422,155 689 534,A01,3.0,7.0,0,2,2,9,1.0,
202400052423,155 689 535,B01,1.0,7.0,0,9,7,17,1.0,
202400052424,155 689 533,A01,2.0,10.0,0,1,4,4,1.0,
202400052425,155 689 531,A01,2.0,7.0,0,0,0,0,1.0,
202400052426,155 689 530,A01,3.0,7.0,0,2,2,2,1.0,
202400052427,155 689 527,A01,0.0,7.0,9,2,7,1,1.0,
202400052428,155 689 525,B01,1.0,50.0,0,0,1,0,3.0,
202400052429,155 689 522,B01,1.0,1.0,0,2,0,0,5.0,
202400052430,155 689 521,B01,0.0,7.0,0,2,6,15,1.0,
202400052431,155 689 518,A01,1.0,1.0,0,2,1,1,5.0,
202400052432,155 689 515,A01,3.0,7.0,0,2,1,15,1.0,
202400052433,155 689 517,A01,0.0,80.0,0,0,1,1,3.0,
202400052434,155 689 514,B01,1.0,0.0,0,2,4,1,,
202400052435,155 689 513,A01,0.0,7.0,13,0,9,1,1.0,
202400052436,155 689 512,A01,1.0,10.0,0,1,1,0,1.0,
202400052437,155 689 511,A01,1.0,7.0,8,0,1,13,1.0,
202400052438,155 689 509,B01,1.0,33.0,0,2,8,15,1.0,
202400052439,155 689 507,A01,2.0,7.0,0,1,2,15,1.0,
202400052440,155 689 505,A01,2.0,33.0,0,2,1,2,1.0,
202400052441,155 689 504,A01,2.0,80.0,0,0,1,1,3.0,
202400052442,155 689 501,A01,1.0,10.0,0,2,0,11,1.0,
202400052443,155 689 502,B01,0.0,7.0,0,2,7,15,1.0,
202400052444,155 689 500,A01,2.0,10.0,0,1,1,1,1.0,
202400052445,155 689 499,A01,1.0,1.0,0,1,1,5,5.0,
202400052446,155 689 496,A01,2.0,7.0,0,2,3,26,1.0,
202400052447,155 689 493,A01,3.0,7.0,0,2,1,1,1.0,
202400052448,155 689 491,B01,1.0,7.0,0,2,8,1,2.0,
202400052449,155 689 486,A01,3.0,33.0,0,2,9,3,1.0,
202400052450,155 689 485,A01,2.0,7.0,0,1,2,1,1.0,
202400052451,155 689 482,A01,3.0,32.0,0,2,2,1,1.0,
202400052452,155 689 479,A01,2.0,7.0,0,1,3,15,1.0,
202400052453,155 689 478,A01,1.0,7.0,0,2,1,16,1.0,
202400052454,155 689 481,A01,1.0,7.0,4,0,2,1,1.0,
202400052455,155 689 477,A01,2.0,7.0,0,1,3,16,1.0,
202400052456,155 689 475,A01,1.0,7.0,0,1,2,1,1.0,
202400052457,155 689 476,A01,3.0,10.0,1,1,1,1,0.0,
202400052458,155 689 474,A01,1.0,7.0,3,0,0,16,1.0,
202400052459,155 689 473,A01,3.0,37.0,0,1,0,0,1.0,1
202400052460,155 689 471,A01,1.0,32.0,0,0,1,1,1.0,
202400052461,155 689 470,B01,1.0,7.0,0,2,3,1,1.0,
202400052462,155 689 467,A01,0.0,32.0,0,2,1,15,1.0,
202400052463,155 689 466,B01,1.0,7.0,0,2,8,2,1.0,
202400052464,155 689 459,A01,2.0,10.0,0,2,2,1,1.0,
202400052465,155 689 460,A01,0.0,7.0,0,2,1,0,1.0,
202400052466,155 689 464,A01,2.0,7.0,0,2,3,13,1.0,
202400052467,155 689 458,A01,3.0,1.0,0,9,8,5,5.0,
202400052468,155 689 453,A01,1.0,7.0,0,2,1,1,1.0,
202400052469,155 689 449,A01,1.0,7.0,3,0,2,1,1.0,
202400052470,155 689 448,A01,2.0,7.0,0,2,4,15,1.0,
202400052471,155 689 450,B01,0.0,7.0,0,2,1,1,1.0,
202400052472,155 689 446,A01,1.0,7.0,4,0,1,1,1.0,
202400052473,155 689 445,A01,3.0,7.0,0,2,1,2,1.0,
202400052474,155 689 442,A01,2.0,40.0,0,1,1,1,3.0,
202400052475,155 689 440,B01,1.0,7.0,0,2,8,9,1.0,
202400052476,155 689 439,A01,1.0,10.0,5,0,4,23,1.0,
202400052477,155 689 438,A01,0.0,7.0,0,1,1,19,1.0,
202400052478,155 689 433,A01,1.0,1.0,1,2,1,1,5.0,
202400052479,155 689 432,B01,1.0,7.0,0,2,4,2,1.0,
202400052480,155 689 434,A01,3.0,7.0,0,2,5,15,1.0,
202400052481,155 689 431,A01,2.0,7.0,0,2,1,1,1.0,
202400052482,155 689 430,A01,1.0,7.0,16,0,2,0,1.0,
202400052483,155 689 429,A01,0.0,33.0,4,2,3,6,1.0,
202400052484,155 689 426,A01,2.0,7.0,0,2,3,16,1.0,
202400052485,155 689 425,A01,3.0,7.0,0,2,3,15,1.0,
202400052486,155 689 423,Z01,1.0,7.0,9,1,2,25,1.0,
202400052487,155 689 422,A01,1.0,7.0,6,0,1,6,1.0,
202400052488,155 689 421,B01,2.0,1.0,0,2,3,1,5.0,
202400052489,155 689 420,A01,2.0,7.0,13,0,1,2,1.0,
202400052490,155 689 415,Z01,3.0,7.0,0,2,7,5,1.0,
202400052491,155 689 416,A01,1.0,33.0,13,0,7,1,1.0,
202400052492,155 689 417,B01,2.0,33.0,0,2,1,1,1.0,
202400052493,155 689 409,A01,3.0,1.0,0,0,8,1,5.0,
202400052494,155 689 408,A01,1.0,33.0,0,2,8,1,1.0,
202400052495,155 689 406,A01,2.0,7.0,9,2,1,13,1.0,
202400052496,155 689 407,A01,1.0,7.0,0,2,2,24,1.0,
202400052497,155 689 403,A01,1.0,33.0,0,2,7,1,1.0,
202400052498,155 689 402,A01,1.0,7.0,3,0,5,1,1.0,
202400052499,155 689 397,B01,1.0,7.0,0,2,4,1,1.0,
202400052500,155 689 398,B01,2.0,1.0,0,2,2,1,5.0,
202400052501,155 689 396,A01,1.0,7.0,2,0,3,13,1.0,
202400052502,155 689 395,A01,2.0,7.0,1,1,2,1,1.0,
202400052503,155 689 394,A01,1.0,33.0,0,1,1,1,1.0,
202400052504,155 689 390,A01,1.0,7.0,2,0,2,14,3.0,
202400052505,155 689 389,A01,1.0,7.0,0,2,3,23,1.0,
202400052506,155 689 387,A01,1.0,7.0,0,2,2,1,1.0,
202400052507,155 689 388,B01,3.0,34.0,0,0,7,17,1.0,
202400052508,155 689 386,A01,2.0,7.0,0,1,1,2,1.0,
202400052509,155 689 380,B01,1.0,33.0,0,2,1,1,1.0,
202400052510,155 689 382,B01,3.0,30.0,0,0,1,1,1.0,
202400052511,155 689 379,A01,1.0,7.0,0,2,3,1,1.0,
202400052512,155 689 378,A01,1.0,31.0,0,0,0,26,1.0,
202400052513,155 689 377,A01,1.0,30.0,12,0,1,1,1.0,
202400052514,155 689 376,A01,1.0,10.0,0,2,1,1,1.0,
202400052515,155 689 375,A01,3.0,7.0,0,1,0,10,2.0,
202400052516,155 689 373,A01,2.0,7.0,2,0,1,1,1.0,
202400052517,155 689 371,A01,1.0,7.0,0,2,1,15,1.0,
202400052518,155 689 370,A01,1.0,7.0,0,2,2,15,1.0,
202400052519,155 689 369,A01,3.0,7.0,13,0,2,1,1.0,
202400052520,155 689 368,A01,2.0,50.0,0,0,1,1,3.0,
202400052521,155 689 365,A01,3.0,7.0,0,2,2,9,1.0,
202400052522,155 689 364,B01,2.0,7.0,0,2,1,1,1.0,
202400052523,155 689 361,A01,2.0,37.0,0,1,4,4,1.0,1
202400052524,155 689 363,A01,3.0,80.0,12,0,3,6,3.0,
202400052525,155 689 362,A01,2.0,43.0,12,1,8,16,1.0,
202400052526,155 689 357,A01,2.0,34.0,0,2,1,1,1.0,
202400052527,155 689 356,A01,3.0,7.0,0,1,1,1,0.0,
202400052528,155 689 358,A01,1.0,80.0,0,2,3,1,3.0,
202400052529,155 689 354,A01,1.0,7.0,0,1,3,15,1.0,
202400052530,155 689 350,A01,1.0,2.0,0,2,8,19,1.0,
202400052531,155 689 351,A01,2.0,14.0,0,2,8,13,1.0,
202400052532,155 689 349,A01,1.0,7.0,0,1,1,1,1.0,
202400052533,155 689 345,A01,3.0,50.0,0,2,1,0,3.0,
202400052534,155 689 346,A01,2.0,1.0,0,2,3,19,5.0,
202400052535,155 689 343,A01,3.0,7.0,0,1,2,1,1.0,
202400052536,155 689 344,A01,2.0,33.0,0,6,1,1,1.0,
202400052537,155 689 342,B01,1.0,7.0,0,2,2,15,1.0,
202400052538,155 689 341,A01,1.0,7.0,0,1,1,1,1.0,
202400052539,155 689 338,A01,3.0,7.0,8,0,1,26,1.0,
202400052540,155 689 339,A01,1.0,7.0,2,0,2,14,0.0,
202400052541,155 689 337,A01,0.0,7.0,0,2,2,0,1.0,
202400052542,155 689 336,A01,1.0,7.0,2,0,3,13,1.0,
202400052543,155 689 332,B01,3.0,10.0,0,2,3,1,1.0,
202400052544,155 689 327,A01,1.0,7.0,3,2,1,12,1.0,
202400052545,155 689 326,A01,3.0,7.0,0,2,3,16,1.0,
202400052546,155 689 320,A01,3.0,7.0,0,2,1,19,1.0,
202400052547,155 689 319,D01,1.0,7.0,0,2,4,0,2.0,
202400052548,155 689 317,A01,2.0,30.0,14,0,3,1,1.0,
202400052549,155 689 318,A01,2.0,7.0,0,2,1,9,1.0,
202400052550,155 689 316,D01,2.0,7.0,0,2,4,15,1.0,
202400052551,155 689 315,A01,3.0,50.0,0,2,1,1,3.0,
202400052552,155 689 314,A01,3.0,7.0,0,1,3,15,1.0,
202400052553,155 689 312,A01,1.0,7.0,2,0,0,13,1.0,
202400052554,155 689 307,B01,1.0,7.0,0,2,1,1,1.0,
202400052555,155 689 308,B01,1.0,7.0,0,2,1,20,1.0,
202400052556,155 689 306,B01,1.0,7.0,0,2,7,0,1.0,
202400052557,155 689 304,A01,1.0,7.0,0,2,3,15,1.0,
202400052558,155 689 302,B01,1.0,7.0,0,2,3,1,1.0,
202400052559,155 689 303,A01,2.0,21.0,0,1,1,15,1.0,
202400052560,155 689 296,B01,2.0,1.0,0,2,7,1,5.0,
202400052561,155 689 298,B01,0.0,7.0,0,2,4,1,0.0,
202400052562,155 689 295,A01,1.0,7.0,0,1,4,20,1.0,
202400052563,155 689 297,B01,1.0,2.0,0,2,8,19,1.0,
202400052564,155 689 290,A01,0.0,50.0,0,1,1,1,3.0,
202400052565,155 689 289,A01,1.0,7.0,0,2,3,13,1.0,
202400052566,155 689 288,A01,3.0,7.0,14,0,1,0,1.0,
202400052567,155 689 294,A01,1.0,3.0,0,1,1,16,1.0,
202400052568,155 689 292,A01,1.0,7.0,0,0,2,14,2.0,
202400052569,155 689 286,B01,2.0,7.0,0,2,1,1,1.0,
202400052570,155 689 284,A01,3.0,7.0,0,1,1,0,1.0,
202400052571,155 689 285,A01,2.0,37.0,0,0,0,26,2.0,1
202400052572,155 689 283,A01,0.0,10.0,8,0,1,5,1.0,
202400052573,155 689 277,A01,2.0,7.0,0,1,1,1,1.0,
202400052574,155 689 278,A01,0.0,7.0,0,2,1,2,1.0,
202400052575,155 689 280,B01,1.0,37.0,0,2,6,1,1.0,1
202400052576,155 689 275,A01,1.0,7.0,0,0,8,5,1.0,
202400052577,155 689 274,A01,1.0,7.0,8,0,1,14,1.0,
202400052578,155 689 269,A01,2.0,33.0,8,0,0,1,1.0,
202400052579,155 689 266,A01,1.0,7.0,0,2,2,15,1.0,
202400052580,155 689 272,A01,1.0,7.0,0,2,1,11,1.0,
202400052581,155 689 267,A01,1.0,7.0,0,2,1,1,1.0,
202400052582,155 689 268,B01,2.0,7.0,0,2,3,0,1.0,
202400052583,155 689 264,A01,1.0,33.0,13,6,4,1,1.0,
202400052584,155 689 262,A01,1.0,7.0,0,2,3,13,1.0,
202400052585,155 689 257,B01,1.0,33.0,0,2,1,1,1.0,
202400052586,155 689 259,A01,2.0,7.0,0,2,8,15,1.0,
202400052587,155 689 254,A01,3.0,7.0,0,2,3,1,1.0,
202400052588,155 689 253,A01,3.0,7.0,0,0,1,0,1.0,
202400052589,155 689 256,A01,1.0,32.0,0,2,1,17,1.0,
202400052590,155 689 252,B01,2.0,7.0,0,9,1,0,1.0,
202400052591,155 689 247,A01,1.0,7.0,0,1,2,1,3.0,
202400052592,155 689 248,A01,2.0,7.0,13,0,1,21,1.0,
202400052593,155 689 246,B01,1.0,14.0,0,2,2,16,0.0,
202400052594,155 689 245,A01,2.0,7.0,0,2,8,17,1.0,
202400052595,155 689 243,A01,2.0,7.0,0,1,2,15,1.0,
202400052596,155 689 242,B01,1.0,2.0,0,2,9,1,1.0,
202400052597,155 689 241,A01,2.0,1.0,0,9,1,0,5.0,
202400052598,155 689 239,A01,2.0,32.0,0,1,1,18,1.0,
202400052599,155 689 240,A01,1.0,7.0,6,0,1,15,2.0,
202400052600,155 689 238,A01,2.0,7.0,0,0,1,1,1.0,
202400052601,155 689 236,A01,1.0,7.0,0,1,1,1,1.0,
202400052602,155 689 234,B01,0.0,10.0,0,2,3,15,0.0,
202400052603,155 689 233,A01,1.0,33.0,8,0,2,26,3.0,
202400052604,155 689 229,A01,1.0,10.0,0,1,3,1,1.0,
202400052605,155 689 225,B01,1.0,1.0,0,2,7,1,5.0,
202400052606,155 689 219,A01,2.0,1.0,0,1,2,1,5.0,
202400052607,155 689 218,A01,2.0,7.0,2,0,3,13,1.0,
202400052608,155 689 220,A01,0.0,37.0,0,0,7,1,2.0,5
202400052609,155 689 223,A01,1.0,33.0,0,2,1,1,1.0,
202400052610,155 689 215,A01,3.0,7.0,0,2,2,19,1.0,
202400052611,155 689 217,A01,0.0,7.0,0,2,1,2,1.0,
202400052612,155 689 212,A01,2.0,7.0,0,2,3,1,1.0,
202400052613,155 689 209,A01,2.0,17.0,4,0,8,16,1.0,
202400052614,155 689 208,A01,3.0,1.0,0,2,1,0,5.0,
202400052615,155 689 206,A01,2.0,7.0,8,0,8,1,1.0,
202400052616,155 689 205,B01,3.0,7.0,0,2,3,1,2.0,
202400052617,155 689 202,B01,1.0,1.0,1,0,1,1,5.0,
202400052618,155 689 201,A01,1.0,7.0,2,0,7,1,1.0,
202400052619,155 689 199,A01,1.0,7.0,0,1,2,16,1.0,
202400052620,155 689 198,A01,1.0,7.0,0,2,1,0,1.0,
202400052621,155 689 197,A01,3.0,10.0,0,1,2,1,1.0,
202400052622,155 689 200,B01,2.0,7.0,0,2,3,1,1.0,
202400052623,155 689 196,A01,3.0,33.0,4,0,2,17,1.0,
202400052624,155 689 194,A01,3.0,32.0,0,0,9,1,1.0,
202400052625,155 689 191,A01,2.0,33.0,1,0,1,2,1.0,
202400052626,155 689 190,A01,1.0,10.0,0,1,1,15,1.0,
202400052627,155 689 189,A01,1.0,32.0,0,2,1,2,1.0,
202400052628,155 689 185,A01,2.0,30.0,0,1,8,1,1.0,
202400052629,155 689 184,B01,1.0,33.0,0,2,1,1,1.0,
202400052630,155 689 186,A01,3.0,1.0,0,2,1,1,5.0,
202400052631,155 689 176,A01,1.0,7.0,1,0,1,1,1.0,
202400052632,155 689 180,A01,2.0,7.0,0,2,3,15,1.0,
202400052633,155 689 178,A01,2.0,7.0,0,1,1,2,0.0,
202400052634,155 689 179,B01,1.0,31.0,0,2,1,1,1.0,
202400052635,155 689 175,B01,3.0,7.0,0,2,4,1,1.0,
202400052636,155 689 174,A01,1.0,3.0,3,0,8,13,1.0,
202400052637,155 689 170,B01,1.0,7.0,0,2,1,15,1.0,
202400052638,155 689 169,A01,2.0,1.0,0,0,0,1,5.0,
202400052639,155 689 167,A01,3.0,7.0,0,2,6,15,1.0,
202400052640,155 689 165,A01,1.0,34.0,0,2,1,1,1.0,
202400052641,155 689 168,A01,1.0,10.0,0,2,1,1,1.0,
202400052642,155 689 166,A01,2.0,7.0,0,0,1,12,1.0,
202400052643,155 689 164,A01,1.0,7.0,2,0,1,17,1.0,
202400052644,155 689 158,A01,1.0,7.0,6,0,1,1,1.0,
202400052645,155 689 161,A01,1.0,30.0,1,0,3,7,1.0,
202400052646,155 689 160,A01,2.0,7.0,0,2,2,1,1.0,
202400052647,155 689 155,A01,2.0,7.0,0,2,1,11,1.0,
202400052648,155 689 152,A01,3.0,10.0,9,1,0,15,0.0,
202400052649,155 689 153,A01,3.0,7.0,0,1,3,15,2.0,
202400052650,155 689 151,A01,1.0,21.0,0,0,6,1,1.0,
202400052651,155 689 147,A01,3.0,2.0,0,0,0,1,1.0,
202400052652,155 689 144,C01,2.0,17.0,0,2,1,1,1.0,
202400052653,155 689 149,B01,2.0,7.0,0,2,1,1,1.0,
202400052654,155 689 141,A01,3.0,7.0,0,1,1,9,1.0,
202400052655,155 689 143,B01,3.0,33.0,0,2,2,1,1.0,
202400052656,155 689 140,A01,3.0,7.0,0,1,1,1,3.0,
202400052657,155 689 136,A01,1.0,10.0,2,0,7,1,1.0,
202400052658,155 689 134,B01,2.0,17.0,0,0,4,2,1.0,
202400052659,155 689 130,A01,3.0,7.0,0,1,1,1,1.0,
202400052660,155 689 127,A01,1.0,50.0,0,0,1,1,3.0,
202400052661,155 689 128,A01,1.0,7.0,0,1,7,1,1.0,
202400052662,155 689 126,A01,1.0,7.0,8,0,3,1,1.0,
202400052663,155 689 135,A01,2.0,7.0,0,1,2,1,1.0,
202400052664,155 689 129,A01,1.0,7.0,0,2,3,15,0.0,
202400052665,155 689 119,A01,3.0,7.0,1,0,1,14,2.0,
202400052666,155 689 122,B01,1.0,2.0,0,2,1,26,3.0,
202400052667,155 689 120,A01,1.0,33.0,4,0,7,14,1.0,
202400052668,155 689 118,A01,1.0,33.0,0,2,8,13,1.0,
202400052669,155 689 121,B01,2.0,31.0,0,2,4,1,1.0,
202400052670,155 689 116,A01,1.0,80.0,6,0,9,26,3.0,
202400052671,155 689 113,Z01,0.0,7.0,0,2,1,13,1.0,
202400052672,155 689 124,A01,3.0,37.0,0,2,2,1,1.0,4
202400052673,155 689 117,A01,0.0,7.0,7,0,1,0,1.0,
202400052674,155 689 115,A01,2.0,7.0,10,0,2,1,2.0,
202400052675,155 689 112,A01,1.0,7.0,3,0,2,1,1.0,
202400052676,155 689 109,A01,3.0,7.0,13,0,8,13,1.0,
202400052677,155 689 108,A01,1.0,1.0,12,0,0,21,5.0,
202400052678,155 689 106,Z01,3.0,7.0,0,1,0,2,0.0,
202400052679,155 689 107,A01,2.0,7.0,2,0,1,0,1.0,
202400052680,155 689 103,B01,3.0,1.0,0,2,2,1,5.0,
202400052681,155 689 105,A01,3.0,7.0,9,1,2,14,1.0,
202400052682,155 689 102,A01,2.0,7.0,6,0,3,1,1.0,
202400052683,155 689 098,A01,1.0,33.0,0,0,7,1,1.0,
202400052684,155 689 100,A01,1.0,33.0,0,6,2,1,1.0,
202400052685,155 689 097,B01,1.0,7.0,0,2,2,15,1.0,
202400052686,155 689 096,Z01,3.0,7.0,0,1,4,20,6.0,
202400052687,155 689 094,B01,3.0,1.0,0,2,1,19,5.0,
202400052688,155 689 095,A01,1.0,7.0,0,2,1,2,1.0,
202400052689,155 689 090,A01,2.0,7.0,10,0,1,1,1.0,
202400052690,155 689 089,A01,0.0,7.0,0,2,3,0,0.0,
202400052691,155 689 088,B01,0.0,7.0,0,2,1,2,1.0,
202400052692,155 689 087,Z01,3.0,7.0,0,1,2,0,1.0,
202400052693,155 689 085,A01,2.0,30.0,0,0,1,0,1.0,
202400052694,155 689 080,A01,1.0,7.0,0,2,3,9,1.0,
202400052695,155 689 082,B01,1.0,30.0,0,2,8,2,1.0,
202400052696,155 689 079,B01,2.0,2.0,0,2,1,1,1.0,
202400052697,155 689 076,A01,2.0,7.0,0,9,2,16,1.0,
202400052698,155 689 070,A01,3.0,10.0,0,1,0,0,0.0,
202400052699,155 689 065,A01,1.0,7.0,0,2,2,12,1.0,
202400052700,155 689 071,A01,2.0,7.0,13,0,7,1,1.0,
202400052701,155 689 067,B01,3.0,3.0,0,2,4,2,1.0,
202400052702,155 689 066,A01,2.0,7.0,0,1,2,1,1.0,
202400052703,155 689 064,A01,2.0,7.0,0,0,4,2,1.0,
202400052704,155 689 062,B01,1.0,7.0,0,2,1,15,1.0,
202400052705,155 689 055,B01,2.0,7.0,0,2,3,1,1.0,
202400052706,155 689 054,B01,0.0,10.0,0,2,3,23,1.0,
202400052707,155 689 053,F01,1.0,7.0,0,2,4,2,1.0,
202400052708,155 689 052,B01,2.0,7.0,0,2,3,11,2.0,
202400052709,155 689 057,B01,2.0,43.0,0,2,1,3,1.0,
202400052710,155 689 051,A01,1.0,33.0,2,0,3,26,1.0,
202400052711,155 689 049,A01,2.0,10.0,0,1,0,1,1.0,
202400052712,155 689 048,A01,0.0,30.0,0,2,1,1,1.0,
202400052713,155 689 047,Z01,3.0,10.0,0,2,3,2,0.0,
202400052714,155 689 045,A01,1.0,32.0,8,0,1,1,1.0,
202400052715,155 689 046,A01,3.0,7.0,0,1,3,1,1.0,
202400052716,155 689 040,A01,2.0,7.0,0,1,8,19,0.0,
202400052717,155 689 039,A01,1.0,7.0,13,0,1,13,1.0,
202400052718,155 689 038,A01,1.0,7.0,0,2,2,2,1.0,
202400052719,155 689 037,A01,3.0,30.0,1,0,1,1,1.0,
202400052720,155 689 033,A01,1.0,7.0,0,1,1,17,3.0,
202400052721,155 689 032,A01,1.0,33.0,0,0,0,13,1.0,
202400052722,155 689 036,B01,1.0,31.0,0,2,3,1,1.0,
202400052723,155 689 029,A01,1.0,30.0,10,0,1,15,3.0,
202400052724,155 689 027,A01,1.0,33.0,8,0,2,1,1.0,
202400052725,155 689 026,A01,2.0,7.0,3,0,1,0,1.0,
202400052726,155 689 034,B01,2.0,7.0,0,2,1,1,1.0,
202400052727,155 689 024,B01,1.0,99.0,0,2,7,1,0.0,
202400052728,155 689 022,A01,1.0,7.0,7,0,1,1,1.0,
202400052729,155 689 012,A01,1.0,33.0,0,2,3,13,1.0,
202400052730,155 689 015,A01,1.0,7.0,0,2,2,1,1.0,
202400052731,155 689 016,B01,2.0,2.0,0,2,1,1,1.0,
202400052732,155 689 014,A01,2.0,32.0,0,2,1,2,1.0,
202400052733,155 689 010,B01,1.0,7.0,0,2,6,1,1.0,
202400052734,155 689 009,A01,1.0,7.0,0,2,3,15,1.0,
202400052735,155 689 018,A01,1.0,10.0,0,2,1,19,1.0,
202400052736,155 689 003,A01,1.0,10.0,0,2,3,13,1.0,
202400052737,155 689 006,B01,1.0,31.0,0,2,2,3,1.0,
202400052738,155 689 000,A01,1.0,33.0,0,2,1,17,1.0,
202400052739,155 689 001,A01,1.0,7.0,0,1,1,1,1.0,
202400052740,155 688 996,B01,1.0,7.0,0,2,4,2,1.0,
202400052741,155 688 998,A01,1.0,30.0,0,2,1,26,1.0,
202400052742,155 688 992,A01,1.0,10.0,0,2,3,11,1.0,
202400052743,155 688 991,B01,1.0,7.0,0,2,6,1,1.0,
202400052744,155 688 987,A01,2.0,7.0,0,2,1,1,1.0,
202400052745,155 688 988,A01,2.0,7.0,0,2,1,26,1.0,
202400052746,155 688 985,A01,3.0,33.0,0,0,7,14,1.0,
202400052747,155 688 979,A01,3.0,7.0,0,2,1,0,0.0,
202400052748,155 688 983,Y01,1.0,1.0,9,2,8,13,5.0,
202400052749,155 688 978,B01,0.0,7.0,0,2,2,1,1.0,
202400052750,155 688 976,A01,2.0,7.0,0,2,8,11,1.0,
202400052751,155 688 980,B01,1.0,33.0,0,2,1,17,1.0,
202400052752,155 688 973,B01,2.0,2.0,0,0,1,1,1.0,
202400052753,155 688 974,A01,2.0,7.0,0,2,1,13,1.0,
202400052754,155 688 971,A01,2.0,33.0,0,0,1,20,1.0,
202400052755,155 688 969,A01,0.0,50.0,0,1,1,21,3.0,
202400052756,155 688 967,A01,3.0,7.0,0,2,3,9,1.0,
202400052757,155 688 970,A01,3.0,7.0,0,2,7,16,1.0,
202400052758,155 688 963,A01,1.0,7.0,5,0,1,1,1.0,
202400052759,155 688 964,A01,2.0,33.0,0,0,1,1,1.0,
202400052760,155 688 961,A01,2.0,33.0,0,2,1,3,1.0,
202400052761,155 688 962,B01,1.0,50.0,0,2,8,1,3.0,
202400052762,155 688 958,A01,1.0,7.0,2,0,2,14,1.0,
202400052763,155 688 956,A01,2.0,7.0,8,0,2,1,1.0,
202400052764,155 688 960,A01,2.0,10.0,0,1,1,17,1.0,
202400052765,155 688 959,A01,3.0,50.0,12,0,1,14,3.0,
202400052766,155 688 957,B01,1.0,7.0,0,2,5,1,1.0,
202400052767,155 688 954,A01,1.0,7.0,2,0,0,13,1.0,
202400052768,155 688 955,A01,3.0,40.0,0,1,1,1,3.0,
202400052769,155 688 950,A01,1.0,33.0,13,0,7,1,1.0,
202400052770,155 688 947,A01,1.0,30.0,0,0,8,1,1.0,
202400052771,155 688 945,A01,2.0,7.0,0,2,1,2,1.0,
202400052772,155 688 948,A01,2.0,7.0,1,0,2,14,1.0,
202400052773,155 688 943,A01,3.0,7.0,0,2,3,15,1.0,
202400052774,155 688 942,B01,3.0,2.0,0,2,8,19,1.0,
202400052775,155 688 940,A01,2.0,7.0,0,2,1,2,1.0,
202400052776,155 688 941,A01,1.0,33.0,0,2,8,13,1.0,
202400052777,155 688 931,A01,0.0,32.0,0,2,1,5,1.0,
202400052778,155 688 930,A01,1.0,10.0,0,2,6,17,1.0,
202400052779,155 688 934,A01,1.0,7.0,0,2,2,15,1.0,
202400052780,155 688 933,A01,2.0,37.0,0,0,1,15,2.0,1
202400052781,155 688 926,A01,2.0,7.0,0,9,2,16,1.0,
202400052782,155 688 924,B01,1.0,7.0,0,2,3,1,1.0,
202400052783,155 688 923,A01,1.0,1.0,0,2,3,15,5.0,
202400052784,155 688 922,A01,2.0,7.0,0,2,1,13,2.0,
202400052785,155 688 921,A01,3.0,7.0,0,2,1,19,1.0,
202400052786,155 688 919,A01,2.0,7.0,0,2,7,15,1.0,
202400052787,155 688 918,A01,2.0,36.0,6,0,3,26,1.0,
202400052788,155 688 916,B01,1.0,50.0,0,2,8,0,3.0,
202400052789,155 688 911,A01,3.0,31.0,0,0,9,1,1.0,
202400052790,155 688 913,A01,1.0,30.0,12,0,2,1,1.0,
202400052791,155 688 912,A01,3.0,33.0,0,2,5,17,1.0,
202400052792,155 688 909,A01,2.0,10.0,0,1,3,15,1.0,
202400052793,155 688 908,C01,1.0,7.0,0,2,1,1,1.0,
202400052794,155 688 910,A01,2.0,37.0,0,1,7,1,2.0,1
202400052795,155 688 907,A01,1.0,7.0,0,1,1,1,1.0,
202400052796,155 688 905,A01,1.0,7.0,0,1,1,15,3.0,
202400052797,155 688 902,B01,2.0,7.0,8,0,1,10,1.0,
202400052798,155 688 901,A01,3.0,7.0,0,1,1,2,1.0,
202400052799,155 688 898,A01,0.0,7.0,15,1,0,26,1.0,
202400052800,155 688 895,A01,3.0,7.0,0,2,1,15,1.0,
202400052801,155 688 897,A01,1.0,50.0,0,1,1,25,3.0,
202400052802,155 688 891,A01,1.0,50.0,0,1,1,1,3.0,
202400052803,155 688 893,A01,2.0,31.0,0,0,8,15,1.0,
202400052804,155 688 892,B01,1.0,10.0,0,2,4,2,1.0,
202400052805,155 688 890,A01,1.0,7.0,0,2,3,15,2.0,
202400052806,155 688 884,A01,2.0,80.0,0,2,8,16,3.0,
202400052807,155 688 889,A01,1.0,7.0,0,2,1,16,1.0,
202400052808,155 688 882,A01,1.0,7.0,0,2,4,1,1.0,
202400052809,155 688 879,A01,2.0,50.0,0,2,7,1,3.0,
202400052810,155 688 880,A01,2.0,7.0,0,2,2,15,1.0,
202400052811,155 688 878,A01,3.0,7.0,0,0,5,20,1.0,
202400052812,155 688 875,A01,1.0,7.0,0,1,1,1,1.0,
202400052813,155 688 877,A01,2.0,7.0,14,0,1,0,1.0,