Num_Acc,id_vehicule,num_veh,senc,catv,obs,obsm,choc,manv,motor,occutc
202400052814,155 688 876,A01,1.0,7.0,0,1,2,1,1.0,
202400052815,155 688 871,A01,2.0,32.0,0,1,1,26,1.0,
202400052816,155 688 869,A01,2.0,1.0,0,2,1,1,5.0,
202400052817,155 688 868,A01,3.0,1.0,0,0,0,1,5.0,
202400052818,155 688 874,B01,2.0,50.0,0,2,1,1,3.0,
202400052819,155 688 865,A01,3.0,10.0,0,2,3,15,1.0,
202400052820,155 688 866,A01,2.0,7.0,0,2,4,2,1.0,
202400052821,155 688 864,B01,2.0,7.0,0,2,5,2,1.0,
202400052822,155 688 856,A01,2.0,7.0,8,0,1,14,1.0,
202400052823,155 688 855,A01,1.0,7.0,0,2,7,20,1.0,
202400052824,155 688 859,A01,3.0,80.0,12,0,1,14,3.0,
202400052825,155 688 857,A01,1.0,30.0,0,2,1,5,1.0,
202400052826,155 688 851,A01,1.0,10.0,0,1,1,15,1.0,
202400052827,155 688 849,A01,2.0,33.0,0,2,1,26,1.0,
202400052828,155 688 848,B01,2.0,33.0,0,2,1,1,1.0,
202400052829,155 688 846,A01,1.0,7.0,0,2,5,1,1.0,
202400052830,155 688 843,A01,1.0,7.0,0,0,9,1,1.0,
202400052831,155 688 844,C01,2.0,7.0,0,2,4,1,1.0,
202400052832,155 688 839,A01,2.0,33.0,0,1,1,7,1.0,
202400052833,155 688 840,A01,1.0,7.0,0,2,3,1,1.0,
202400052834,155 688 836,B01,1.0,7.0,0,2,1,1,1.0,
202400052835,155 688 835,A01,1.0,7.0,0,1,1,1,2.0,
202400052836,155 688 838,A01,3.0,7.0,0,1,2,15,1.0,
202400052837,155 688 832,A01,1.0,7.0,0,2,2,1,1.0,
202400052838,155 688 837,A01,1.0,10.0,0,2,6,20,1.0,
202400052839,155 688 829,B01,2.0,10.0,0,2,1,1,1.0,
202400052840,155 688 830,A01,2.0,7.0,9,2,2,26,1.0,
202400052841,155 688 827,A01,2.0,7.0,8,2,1,0,1.0,
202400052842,155 688 828,A01,3.0,21.0,0,2,2,1,1.0,
202400052843,155 688 826,A01,2.0,7.0,2,0,1,1,1.0,
202400052844,155 688 825,A01,2.0,7.0,0,1,2,1,1.0,
202400052845,155 688 819,B01,2.0,7.0,0,2,6,1,1.0,
202400052846,155 688 815,A01,2.0,7.0,0,2,6,1,1.0,
202400052847,155 688 821,A01,2.0,7.0,0,1,1,1,1.0,
202400052848,155 688 814,A01,3.0,7.0,0,1,1,26,1.0,
202400052849,155 688 813,A01,1.0,7.0,8,0,9,1,1.0,
202400052850,155 688 811,A01,1.0,7.0,0,2,1,1,1.0,
202400052851,155 688 808,A01,0.0,7.0,0,2,3,19,1.0,
202400052852,155 688 812,B01,2.0,7.0,0,2,1,15,1.0,
202400052853,155 688 807,A01,3.0,7.0,0,2,3,1,1.0,
202400052854,155 688 804,A01,3.0,7.0,0,1,2,1,1.0,
202400052855,155 688 801,A01,2.0,15.0,0,2,2,12,1.0,
202400052856,155 688 803,A01,1.0,10.0,1,0,1,20,1.0,
202400052857,155 688 800,A01,2.0,10.0,5,0,2,1,1.0,
202400052858,155 688 802,A01,1.0,33.0,0,0,8,2,1.0,
202400052859,155 688 796,B01,2.0,7.0,8,2,1,1,1.0,
202400052860,155 688 793,A01,1.0,10.0,0,2,2,5,1.0,
202400052861,155 688 791,A01,2.0,7.0,0,2,1,1,1.0,
202400052862,155 688 788,A01,2.0,7.0,0,1,3,15,0.0,
202400052863,155 688 790,A01,2.0,7.0,3,0,8,26,1.0,
202400052864,155 688 794,A01,1.0,34.0,0,2,1,17,1.0,
202400052865,155 688 792,B01,3.0,7.0,0,2,6,16,1.0,
202400052866,155 688 787,A01,2.0,7.0,4,0,3,0,1.0,
202400052867,155 688 786,A01,1.0,7.0,16,0,1,1,1.0,
202400052868,155 688 782,A01,1.0,7.0,0,2,0,1,2.0,
202400052869,155 688 778,A01,3.0,7.0,8,0,8,4,1.0,
202400052870,155 688 775,A01,1.0,33.0,0,2,1,2,1.0,
202400052871,155 688 776,B01,2.0,33.0,0,2,2,17,1.0,
202400052872,155 688 774,A01,0.0,7.0,2,0,1,0,1.0,
202400052873,155 688 771,A01,1.0,33.0,0,2,1,2,1.0,
202400052874,155 688 769,A01,1.0,33.0,7,0,2,1,1.0,
202400052875,155 688 770,A01,2.0,13.0,0,2,2,12,1.0,
202400052876,155 688 768,D01,1.0,7.0,0,2,4,2,1.0,
202400052877,155 688 764,A01,3.0,7.0,2,0,9,1,1.0,
202400052878,155 688 765,A01,3.0,30.0,0,1,1,0,3.0,
202400052879,155 688 762,A01,1.0,33.0,0,2,2,3,1.0,
202400052880,155 688 759,A01,2.0,7.0,0,1,2,1,2.0,
202400052881,155 688 761,A01,2.0,7.0,0,1,3,1,1.0,
202400052882,155 688 757,A01,1.0,31.0,0,2,1,1,1.0,
202400052883,155 688 755,A01,1.0,7.0,0,2,7,12,1.0,
202400052884,155 688 753,A01,2.0,7.0,3,0,3,1,1.0,
202400052885,155 688 754,A01,3.0,7.0,0,1,0,0,0.0,
202400052886,155 688 752,A01,1.0,7.0,0,1,0,14,1.0,
202400052887,155 688 751,A01,1.0,7.0,9,0,1,1,1.0,
202400052888,155 688 748,A01,2.0,7.0,0,2,3,9,1.0,
202400052889,155 688 747,A01,1.0,7.0,3,0,1,0,1.0,
202400052890,155 688 744,A01,3.0,37.0,0,2,6,24,0.0,1
202400052891,155 688 743,A01,1.0,7.0,0,1,3,17,1.0,
202400052892,155 688 742,B01,2.0,7.0,0,2,4,4,1.0,
202400052893,155 688 741,A01,1.0,30.0,0,2,2,3,1.0,
202400052894,155 688 740,A01,2.0,7.0,0,2,1,13,1.0,
202400052895,155 688 735,A01,1.0,10.0,3,2,1,0,1.0,
202400052896,155 688 736,A01,3.0,7.0,0,1,1,1,2.0,
202400052897,155 688 734,B01,2.0,2.0,0,2,1,0,1.0,
202400052898,155 688 732,B01,2.0,7.0,0,2,4,2,1.0,
202400052899,155 688 728,A01,1.0,7.0,12,0,9,1,1.0,
202400052900,155 688 731,A01,3.0,14.0,0,1,4,26,1.0,
202400052901,155 688 729,A01,2.0,33.0,16,0,1,14,1.0,
202400052902,155 688 726,B01,1.0,7.0,0,2,7,12,2.0,
202400052903,155 688 725,A01,3.0,7.0,0,2,2,15,1.0,
202400052904,155 688 723,A01,2.0,7.0,0,2,3,19,1.0,
202400052905,155 688 721,A01,2.0,7.0,0,2,3,19,1.0,
202400052906,155 688 718,B01,2.0,7.0,0,2,6,11,1.0,
202400052907,155 688 716,A01,3.0,7.0,9,0,3,15,0.0,
202400052908,155 688 720,A01,3.0,7.0,0,1,3,15,1.0,
202400052909,155 688 715,A01,1.0,7.0,0,2,3,15,3.0,
202400052910,155 688 713,A01,2.0,1.0,0,2,4,2,5.0,
202400052911,155 688 712,A01,2.0,30.0,0,0,7,1,1.0,
202400052912,155 688 709,B01,1.0,7.0,0,2,1,1,1.0,
202400052913,155 688 711,A01,1.0,7.0,0,1,1,1,2.0,
202400052914,155 688 706,B01,2.0,7.0,0,2,3,0,1.0,
202400052915,155 688 702,A01,1.0,32.0,0,0,1,0,1.0,
202400052916,155 688 700,A01,1.0,7.0,0,2,1,2,1.0,
202400052917,155 688 698,B01,1.0,7.0,0,2,8,17,1.0,
202400052918,155 688 696,B01,3.0,1.0,0,2,7,1,5.0,
202400052919,155 688 694,A01,1.0,7.0,0,2,2,15,1.0,
202400052920,155 688 692,B01,2.0,7.0,0,2,1,1,1.0,
202400052921,155 688 688,A01,1.0,7.0,4,0,2,0,1.0,
202400052922,155 688 691,B01,1.0,7.0,0,2,2,1,3.0,
202400052923,155 688 687,A01,2.0,7.0,0,2,7,14,1.0,
202400052924,155 688 685,A01,3.0,1.0,0,0,0,0,5.0,
202400052925,155 688 684,A01,1.0,32.0,0,2,1,3,1.0,
202400052926,155 688 681,A01,3.0,7.0,0,2,4,23,1.0,
202400052927,155 688 682,A01,1.0,7.0,13,0,1,0,1.0,
202400052928,155 688 679,A01,0.0,7.0,3,0,1,6,1.0,
202400052929,155 688 678,A01,3.0,7.0,0,2,2,15,1.0,
202400052930,155 688 675,A01,2.0,33.0,4,0,1,13,1.0,
202400052931,155 688 673,A01,1.0,7.0,3,0,1,1,1.0,
202400052932,155 688 671,A01,2.0,7.0,0,2,3,5,1.0,
202400052933,155 688 672,A01,1.0,7.0,0,2,1,17,1.0,
202400052934,155 688 674,A01,1.0,50.0,1,0,7,1,3.0,
202400052935,155 688 669,A01,2.0,2.0,0,0,9,16,1.0,
202400052936,155 688 668,A01,3.0,2.0,14,0,1,1,1.0,
202400052937,155 688 666,A01,2.0,33.0,0,1,1,1,1.0,
202400052938,155 688 664,A01,3.0,7.0,0,2,1,1,1.0,
202400052939,155 688 665,B01,1.0,1.0,0,0,1,0,5.0,
202400052940,155 688 663,A01,0.0,2.0,0,0,0,0,1.0,
202400052941,155 688 658,A01,2.0,7.0,16,0,1,1,1.0,
202400052942,155 688 656,A01,2.0,7.0,0,2,8,11,1.0,
202400052943,155 688 652,A01,3.0,13.0,0,0,6,15,0.0,
202400052944,155 688 654,A01,2.0,7.0,0,2,1,2,1.0,
202400052945,155 688 653,A01,1.0,7.0,0,1,3,15,1.0,
202400052946,155 688 655,A01,1.0,33.0,0,2,1,15,1.0,
202400052947,155 688 650,A01,1.0,7.0,0,1,2,1,1.0,
202400052948,155 688 649,A01,1.0,33.0,0,1,1,1,1.0,
202400052949,155 688 645,A01,2.0,10.0,10,2,3,17,1.0,
202400052950,155 688 647,A01,3.0,10.0,0,2,3,11,1.0,
202400052951,155 688 644,A01,1.0,7.0,6,0,1,21,1.0,
202400052952,155 688 642,A01,1.0,7.0,0,9,5,2,1.0,
202400052953,155 688 641,A01,1.0,10.0,0,1,2,1,1.0,
202400052954,155 688 639,B01,2.0,32.0,0,2,8,0,1.0,
202400052955,155 688 638,A01,0.0,7.0,0,1,0,0,0.0,
202400052956,155 688 637,A01,1.0,2.0,1,0,1,1,1.0,
202400052957,155 688 636,A01,1.0,7.0,0,1,3,1,1.0,
202400052958,155 688 634,A01,1.0,7.0,0,2,3,20,1.0,
202400052959,155 688 633,A01,1.0,33.0,13,0,1,12,1.0,
202400052960,155 688 630,A01,3.0,7.0,8,0,1,15,1.0,
202400052961,155 688 629,A01,1.0,7.0,0,1,1,1,1.0,
202400052962,155 688 628,B01,2.0,33.0,0,0,8,15,1.0,
202400052963,155 688 627,B01,2.0,7.0,0,2,6,1,1.0,
202400052964,155 688 622,A01,2.0,7.0,0,2,1,1,1.0,
202400052965,155 688 619,B01,2.0,7.0,0,2,2,1,1.0,
202400052966,155 688 620,A01,1.0,7.0,0,2,2,1,1.0,
202400052967,155 688 618,B01,1.0,10.0,0,2,2,1,1.0,
202400052968,155 688 614,A01,1.0,7.0,2,0,7,1,1.0,
202400052969,155 688 613,A01,0.0,7.0,0,2,3,15,1.0,
202400052970,155 688 609,B01,1.0,30.0,0,2,1,1,1.0,
202400052971,155 688 607,A01,1.0,10.0,0,2,7,12,1.0,
202400052972,155 688 606,B01,0.0,7.0,0,9,2,1,1.0,
202400052973,155 688 605,A01,1.0,7.0,0,2,1,15,2.0,
202400052974,155 688 603,A01,3.0,2.0,0,2,1,13,1.0,
202400052975,155 688 600,A01,1.0,7.0,0,1,2,1,1.0,
202400052976,155 688 599,A01,3.0,7.0,0,1,3,2,1.0,
202400052977,155 688 601,A01,3.0,1.0,0,0,0,1,5.0,
202400052978,155 688 597,A01,1.0,7.0,0,2,4,1,1.0,
202400052979,155 688 595,C01,2.0,7.0,0,2,3,23,1.0,
202400052980,155 688 594,A01,2.0,7.0,0,1,1,1,1.0,
202400052981,155 688 593,A01,3.0,10.0,0,1,2,1,1.0,
202400052982,155 688 591,A01,2.0,7.0,6,1,1,26,2.0,
202400052983,155 688 590,A01,2.0,7.0,0,2,2,0,0.0,
202400052984,155 688 587,A01,3.0,7.0,17,0,2,0,1.0,
202400052985,155 688 585,A01,1.0,33.0,0,2,0,2,1.0,
202400052986,155 688 584,A01,2.0,33.0,8,0,0,14,1.0,
202400052987,155 688 583,A01,1.0,30.0,0,2,1,2,3.0,
202400052988,155 688 582,A01,2.0,7.0,0,2,3,0,1.0,
202400052989,155 688 581,A01,2.0,7.0,0,2,2,1,1.0,
202400052990,155 688 580,A01,2.0,7.0,13,0,1,1,1.0,
202400052991,155 688 579,A01,1.0,7.0,0,1,0,15,1.0,
202400052992,155 688 573,A01,1.0,10.0,0,2,1,2,1.0,
202400052993,155 688 568,C01,1.0,40.0,0,2,2,1,3.0,
202400052994,155 688 564,C01,1.0,33.0,0,2,1,3,1.0,
202400052995,155 688 566,A01,1.0,7.0,0,1,3,1,1.0,
202400052996,155 688 570,A01,2.0,1.0,0,1,2,0,5.0,
202400052997,155 688 563,A01,1.0,10.0,0,2,3,2,1.0,
202400052998,155 688 562,B01,1.0,1.0,0,2,2,26,5.0,
202400052999,155 688 560,B01,2.0,80.0,0,2,4,1,3.0,
202400053000,155 688 561,A01,1.0,7.0,1,1,1,1,3.0,
202400053001,155 688 551,A01,1.0,7.0,0,2,1,1,1.0,
202400053002,155 688 554,B01,1.0,1.0,0,2,0,1,5.0,
202400053003,155 688 553,B01,1.0,7.0,0,2,7,2,1.0,
202400053004,155 688 549,A01,3.0,2.0,0,0,0,0,1.0,
202400053005,155 688 550,A01,2.0,7.0,0,1,1,1,1.0,
202400053006,155 688 544,B01,1.0,50.0,0,2,4,2,3.0,
202400053007,155 688 542,B01,3.0,1.0,0,2,3,1,5.0,
202400053008,155 688 537,B01,1.0,13.0,0,2,3,0,1.0,
202400053009,155 688 534,A01,3.0,7.0,0,2,7,1,1.0,
202400053010,155 688 539,D01,2.0,10.0,0,2,4,23,1.0,
202400053011,155 688 533,A01,1.0,33.0,0,2,0,0,1.0,
202400053012,155 688 529,A01,0.0,32.0,9,0,0,0,3.0,
202400053013,155 688 530,A01,1.0,2.0,0,2,7,14,1.0,
202400053014,155 688 520,B01,2.0,7.0,0,2,4,1,1.0,
202400053015,155 688 525,B01,1.0,33.0,0,2,8,1,1.0,
202400053016,155 688 521,A01,3.0,7.0,0,2,3,1,1.0,
202400053017,155 688 518,A01,1.0,7.0,0,2,3,13,1.0,
202400053018,155 688 519,A01,1.0,7.0,2,0,3,1,1.0,
202400053019,155 688 516,A01,1.0,2.0,0,2,0,13,1.0,
202400053020,155 688 517,A01,1.0,7.0,0,2,1,2,1.0,
202400053021,155 688 514,B01,0.0,7.0,0,2,3,9,1.0,
202400053022,155 688 512,A01,2.0,7.0,0,2,1,13,1.0,
202400053023,155 688 511,A01,1.0,31.0,0,0,0,1,1.0,
202400053024,155 688 509,B01,1.0,1.0,0,2,4,26,5.0,
202400053025,155 688 506,A01,1.0,7.0,0,0,3,17,1.0,
202400053026,155 688 507,Z01,3.0,0.0,0,1,3,26,0.0,
202400053027,155 688 504,A01,1.0,1.0,0,1,1,1,5.0,
202400053028,155 688 502,B01,1.0,7.0,0,2,4,1,1.0,
202400053029,155 688 499,A01,2.0,7.0,0,1,1,1,1.0,
202400053030,155 688 498,A01,0.0,7.0,0,1,2,16,2.0,
202400053031,155 688 503,A01,2.0,7.0,1,2,2,1,1.0,
202400053032,155 688 497,A01,2.0,7.0,7,0,1,1,1.0,
202400053033,155 688 496,B01,1.0,7.0,0,2,2,2,1.0,
202400053034,155 688 494,B01,2.0,7.0,0,2,1,9,0.0,
202400053035,155 688 493,A01,2.0,17.0,0,0,5,26,6.0,
202400053036,155 688 492,A01,1.0,80.0,0,1,1,1,3.0,
202400053037,155 688 487,A01,2.0,33.0,0,0,4,1,1.0,
202400053038,155 688 483,B01,2.0,32.0,0,2,5,1,1.0,
202400053039,155 688 482,B01,0.0,7.0,0,2,6,1,1.0,
202400053040,155 688 479,A01,3.0,7.0,0,9,3,15,1.0,
202400053041,155 688 480,A01,3.0,7.0,0,2,8,16,1.0,
202400053042,155 688 478,A01,3.0,7.0,0,2,3,5,2.0,
202400053043,155 688 477,B01,1.0,7.0,0,0,2,15,1.0,
202400053044,155 688 476,A01,2.0,7.0,4,0,1,9,1.0,
202400053045,155 688 472,A01,1.0,1.0,0,0,1,21,5.0,
202400053046,155 688 470,A01,1.0,7.0,0,2,9,16,1.0,
202400053047,155 688 474,A01,3.0,36.0,6,0,1,1,1.0,
202400053048,155 688 468,A01,1.0,33.0,0,6,0,1,1.0,
202400053049,155 688 466,A01,1.0,7.0,0,0,0,1,1.0,
202400053050,155 688 469,A01,2.0,7.0,0,2,1,2,1.0,
202400053051,155 688 467,A01,1.0,7.0,0,2,1,2,1.0,
202400053052,155 688 463,A01,2.0,7.0,0,1,4,4,1.0,
202400053053,155 688 460,A01,2.0,7.0,0,2,9,13,1.0,
202400053054,155 688 456,A01,1.0,7.0,0,0,1,1,1.0,
202400053055,155 688 453,B01,2.0,1.0,0,0,4,2,5.0,
202400053056,155 688 458,B01,2.0,7.0,0,2,3,15,1.0,
202400053057,155 688 451,A01,2.0,7.0,0,2,1,13,1.0,
202400053058,155 688 455,B01,1.0,31.0,0,2,4,1,1.0,
202400053059,155 688 448,A01,1.0,7.0,0,2,3,13,1.0,
202400053060,155 688 446,B01,0.0,7.0,0,2,3,15,1.0,
202400053061,155 688 445,A01,1.0,33.0,0,2,1,1,1.0,
202400053062,155 688 444,A01,3.0,7.0,0,2,3,1,1.0,
202400053063,155 688 443,B01,2.0,7.0,0,2,4,2,2.0,
202400053064,155 688 442,A01,2.0,7.0,8,0,8,13,1.0,
202400053065,155 688 437,A01,2.0,7.0,13,0,7,14,0.0,
202400053066,155 688 440,A01,2.0,7.0,0,1,1,1,1.0,
202400053067,155 688 435,A01,3.0,7.0,1,0,9,1,1.0,
202400053068,155 688 434,A01,2.0,7.0,0,2,3,13,1.0,
202400053069,155 688 433,B01,2.0,7.0,0,0,1,1,1.0,
202400053070,155 688 432,A01,1.0,7.0,4,0,1,1,1.0,
202400053071,155 688 431,A01,3.0,50.0,0,2,8,1,3.0,
202400053072,155 688 429,B01,2.0,2.0,0,2,2,1,1.0,
202400053073,155 688 427,A01,2.0,33.0,0,2,3,3,1.0,
202400053074,155 688 423,A01,2.0,7.0,0,2,3,15,1.0,
202400053075,155 688 416,B01,1.0,31.0,0,2,1,5,6.0,
202400053076,155 688 419,A01,3.0,7.0,0,2,3,15,1.0,
202400053077,155 688 408,A01,1.0,7.0,0,2,1,9,1.0,
202400053078,155 688 409,A01,3.0,7.0,0,2,2,2,3.0,
202400053079,155 688 407,A01,2.0,7.0,0,2,2,9,1.0,
202400053080,155 688 414,B01,1.0,7.0,0,2,0,0,0.0,
202400053081,155 688 404,A01,2.0,7.0,0,2,1,1,1.0,
202400053082,155 688 406,A01,1.0,7.0,0,2,3,15,1.0,
202400053083,155 688 403,D01,1.0,7.0,0,9,3,1,1.0,
202400053084,155 688 401,B01,2.0,7.0,0,2,6,11,1.0,
202400053085,155 688 400,A01,3.0,7.0,6,0,3,13,1.0,
202400053086,155 688 398,A01,1.0,7.0,2,0,1,14,1.0,
202400053087,155 688 396,A01,2.0,10.0,0,2,1,1,1.0,
202400053088,155 688 395,A01,3.0,3.0,0,1,1,1,3.0,
202400053089,155 688 392,A01,0.0,7.0,13,0,1,1,1.0,
202400053090,155 688 390,A01,1.0,7.0,0,2,1,1,1.0,
202400053091,155 688 394,A01,1.0,7.0,1,0,3,22,1.0,
202400053092,155 688 386,A01,1.0,7.0,0,1,1,1,3.0,
202400053093,155 688 385,B01,0.0,33.0,0,2,4,1,1.0,
202400053094,155 688 384,A01,0.0,7.0,6,0,2,1,1.0,
202400053095,155 688 381,A01,1.0,7.0,0,2,1,1,1.0,
202400053096,155 688 382,A01,2.0,7.0,0,2,1,5,1.0,
202400053097,155 688 380,A01,1.0,7.0,0,2,3,15,1.0,
202400053098,155 688 377,C01,1.0,7.0,0,2,4,2,2.0,
202400053099,155 688 374,B01,2.0,7.0,0,2,3,1,1.0,
202400053100,155 688 376,A01,1.0,7.0,0,2,2,2,2.0,
202400053101,155 688 373,A01,1.0,7.0,2,0,1,1,1.0,
202400053102,155 688 372,A01,1.0,33.0,0,2,2,17,1.0,
202400053103,155 688 369,A01,1.0,1.0,0,2,1,2,5.0,
202400053104,155 688 370,A01,1.0,31.0,3,0,0,1,1.0,
202400053105,155 688 367,A01,0.0,7.0,2,0,3,1,1.0,
202400053106,155 688 365,A01,2.0,43.0,13,0,0,13,1.0,
202400053107,155 688 364,A01,1.0,7.0,0,2,2,9,1.0,
202400053108,155 688 362,B01,1.0,33.0,0,2,2,1,1.0,
202400053109,155 688 361,A01,1.0,7.0,6,0,2,15,1.0,
202400053110,155 688 363,B01,1.0,32.0,0,2,5,0,1.0,
202400053111,155 688 360,A01,2.0,1.0,0,1,1,1,5.0,
202400053112,155 688 353,A01,2.0,31.0,0,2,1,2,1.0,
202400053113,155 688 354,A01,1.0,33.0,0,2,8,1,1.0,
202400053114,155 688 351,B01,1.0,7.0,0,2,2,15,1.0,
202400053115,155 688 349,Z01,3.0,0.0,0,1,2,1,0.0,
202400053116,155 688 346,A01,2.0,7.0,0,2,7,13,1.0,
202400053117,155 688 345,A01,1.0,7.0,0,2,7,17,1.0,
202400053118,155 688 344,A01,1.0,33.0,0,2,1,3,1.0,
202400053119,155 688 340,A01,1.0,34.0,0,0,0,0,1.0,
202400053120,155 688 338,A01,1.0,7.0,0,1,3,1,1.0,
202400053121,155 688 341,A01,2.0,7.0,0,2,1,9,1.0,
202400053122,155 688 335,A01,0.0,7.0,0,2,1,1,1.0,
202400053123,155 688 334,A01,2.0,1.0,0,0,1,1,5.0,
202400053124,155 688 337,A01,1.0,31.0,8,2,1,9,1.0,
202400053125,155 688 330,A01,1.0,7.0,0,2,5,1,1.0,
202400053126,155 688 328,D01,2.0,7.0,0,2,3,1,1.0,
202400053127,155 688 327,A01,1.0,2.0,14,9,1,1,1.0,
202400053128,155 688 326,B01,3.0,7.0,0,2,3,2,1.0,
202400053129,155 688 323,A01,1.0,7.0,0,2,3,1,1.0,
202400053130,155 688 322,A01,3.0,36.0,6,0,3,1,1.0,
202400053131,155 688 320,A01,2.0,33.0,0,0,3,1,1.0,
202400053132,155 688 319,A01,1.0,2.0,0,2,1,2,1.0,
202400053133,155 688 315,A01,2.0,7.0,2,0,0,1,1.0,
202400053134,155 688 314,A01,2.0,7.0,0,2,1,9,1.0,
202400053135,155 688 317,A01,1.0,37.0,0,2,1,2,1.0,1
202400053136,155 688 313,A01,1.0,7.0,0,1,2,1,1.0,
202400053137,155 688 312,B01,2.0,10.0,0,2,2,17,0.0,
202400053138,155 688 311,A01,1.0,32.0,0,2,1,1,1.0,
202400053139,155 688 309,A01,3.0,7.0,4,0,0,0,0.0,
202400053140,155 688 307,A01,2.0,33.0,0,2,0,13,1.0,
202400053141,155 688 304,A01,1.0,7.0,0,2,1,1,1.0,
202400053142,155 688 301,A01,3.0,38.0,0,1,3,1,1.0,1
202400053143,155 688 300,A01,2.0,7.0,0,2,4,2,1.0,
202400053144,155 688 299,B01,1.0,7.0,0,2,4,0,0.0,
202400053145,155 688 298,A01,3.0,7.0,0,2,2,13,1.0,
202400053146,155 688 297,A01,1.0,7.0,0,1,1,1,1.0,
202400053147,155 688 296,B01,2.0,7.0,0,2,3,1,1.0,
202400053148,155 688 294,A01,2.0,7.0,0,1,2,1,1.0,
202400053149,155 688 291,A01,1.0,43.0,0,2,1,0,1.0,
202400053150,155 688 287,A01,2.0,7.0,0,2,7,2,1.0,
202400053151,155 688 284,A01,1.0,7.0,6,0,1,1,1.0,
202400053152,155 688 289,A01,1.0,7.0,0,1,2,16,1.0,
202400053153,155 688 280,B01,1.0,33.0,0,2,7,17,1.0,
202400053154,155 688 281,A01,1.0,7.0,14,0,7,1,1.0,
202400053155,155 688 279,B01,2.0,7.0,0,2,4,1,1.0,
202400053156,155 688 276,A01,3.0,7.0,0,2,3,15,1.0,
202400053157,155 688 275,A01,2.0,33.0,0,2,2,3,1.0,
202400053158,155 688 272,A01,1.0,7.0,0,1,7,1,1.0,
202400053159,155 688 273,A01,2.0,7.0,13,0,2,1,1.0,
202400053160,155 688 271,A01,1.0,7.0,0,2,3,26,2.0,
202400053161,155 688 274,B01,2.0,7.0,0,2,4,1,1.0,
202400053162,155 688 265,A01,1.0,1.0,0,0,8,1,5.0,
202400053163,155 688 266,A01,3.0,7.0,0,2,1,0,1.0,
202400053164,155 688 268,A01,1.0,7.0,2,0,1,14,1.0,
202400053165,155 688 264,A01,0.0,7.0,0,1,2,9,1.0,
202400053166,155 688 263,B01,1.0,7.0,0,2,4,1,2.0,
202400053167,155 688 260,A01,2.0,7.0,0,1,3,1,1.0,
202400053168,155 688 258,A01,1.0,7.0,2,0,1,13,1.0,
202400053169,155 688 256,A01,1.0,7.0,0,2,2,1,1.0,
202400053170,155 688 257,A01,2.0,7.0,0,0,5,15,1.0,
202400053171,155 688 254,A01,3.0,7.0,13,0,9,2,1.0,
202400053172,155 688 251,A01,1.0,7.0,0,2,1,19,1.0,
202400053173,155 688 250,A01,3.0,7.0,0,2,6,13,1.0,
202400053174,155 688 248,A01,2.0,33.0,0,2,8,17,1.0,
202400053175,155 688 249,A01,0.0,7.0,0,1,2,26,1.0,
202400053176,155 688 243,A01,3.0,7.0,0,2,1,2,1.0,
202400053177,155 688 242,A01,1.0,7.0,13,0,9,26,1.0,
202400053178,155 688 240,A01,2.0,7.0,0,2,2,1,1.0,
202400053179,155 688 241,A01,2.0,7.0,0,2,1,1,1.0,
202400053180,155 688 237,A01,2.0,7.0,0,2,6,2,1.0,
202400053181,155 688 236,A01,1.0,7.0,0,2,3,15,1.0,
202400053182,155 688 232,A01,3.0,7.0,0,2,2,13,1.0,
202400053183,155 688 233,A01,1.0,7.0,0,2,2,1,1.0,
202400053184,155 688 230,A01,2.0,14.0,0,2,2,17,1.0,
202400053185,155 688 227,A01,1.0,50.0,8,0,0,1,3.0,
202400053186,155 688 226,A01,3.0,7.0,0,2,2,9,1.0,
202400053187,155 688 225,A01,2.0,7.0,0,2,3,2,1.0,
202400053188,155 688 224,A01,1.0,33.0,0,0,0,3,1.0,
202400053189,155 688 223,A01,0.0,7.0,5,9,2,2,1.0,
202400053190,155 688 221,A01,1.0,10.0,0,1,2,2,0.0,
202400053191,155 688 220,A01,1.0,7.0,0,2,6,13,1.0,
202400053192,155 688 215,A01,1.0,7.0,0,1,1,1,1.0,
202400053193,155 688 214,A01,1.0,80.0,0,2,1,21,3.0,
202400053194,155 688 211,A01,1.0,7.0,0,2,1,2,1.0,
202400053195,155 688 209,A01,1.0,7.0,0,0,3,9,1.0,
202400053196,155 688 203,A01,1.0,7.0,0,2,0,1,1.0,
202400053197,155 688 202,B01,1.0,7.0,8,2,7,1,1.0,
202400053198,155 688 201,A01,3.0,30.0,16,0,0,26,1.0,
202400053199,155 688 198,A01,1.0,10.0,0,1,3,9,2.0,
202400053200,155 688 199,D01,2.0,7.0,0,2,6,23,1.0,
202400053201,155 688 197,B01,1.0,10.0,0,2,2,1,1.0,
202400053202,155 688 196,A01,1.0,7.0,0,2,5,4,1.0,
202400053203,155 688 195,A01,3.0,2.0,0,2,8,1,1.0,
202400053204,155 688 189,A01,1.0,7.0,0,2,3,16,1.0,
202400053205,155 688 187,A01,0.0,10.0,15,0,2,2,1.0,
202400053206,155 688 185,A01,3.0,33.0,1,0,1,2,1.0,
202400053207,155 688 183,B01,1.0,7.0,0,2,4,1,3.0,
202400053208,155 688 182,A01,1.0,33.0,0,0,0,1,1.0,
202400053209,155 688 186,A01,1.0,7.0,0,2,1,13,1.0,
202400053210,155 688 184,A01,1.0,30.0,0,2,1,1,1.0,
202400053211,155 688 181,B01,1.0,7.0,0,2,4,2,1.0,