Num_Acc,id_vehicule,num_veh,senc,catv,obs,obsm,choc,manv,motor,occutc
202400053212,155 688 180,A01,2.0,7.0,0,1,2,1,1.0,
202400053213,155 688 179,A01,2.0,38.0,13,0,3,1,1.0,50
202400053214,155 688 178,A01,0.0,31.0,0,0,0,1,1.0,
202400053215,155 688 173,A01,2.0,7.0,0,1,3,1,1.0,
202400053216,155 688 172,A01,1.0,7.0,7,0,2,1,1.0,
202400053217,155 688 169,A01,1.0,33.0,16,0,1,3,1.0,
202400053218,155 688 175,A01,3.0,33.0,12,0,1,13,1.0,
202400053219,155 688 170,A01,1.0,7.0,0,2,3,19,1.0,
202400053220,155 688 168,A01,1.0,33.0,0,2,1,1,1.0,
202400053221,155 688 167,B01,2.0,7.0,0,2,3,1,1.0,
202400053222,155 688 166,A01,3.0,32.0,9,0,7,15,1.0,
202400053223,155 688 160,B01,1.0,7.0,0,2,5,15,1.0,
202400053224,155 688 164,A01,0.0,7.0,0,1,1,16,0.0,
202400053225,155 688 157,A01,2.0,7.0,0,1,2,1,1.0,
202400053226,155 688 158,B01,0.0,7.0,0,2,5,10,0.0,
202400053227,155 688 154,A01,1.0,7.0,0,1,1,1,2.0,
202400053228,155 688 156,B01,2.0,10.0,0,2,4,1,1.0,
202400053229,155 688 152,A01,1.0,7.0,0,2,1,2,2.0,
202400053230,155 688 159,A01,2.0,7.0,0,9,3,26,0.0,
202400053231,155 688 151,A01,1.0,33.0,0,1,0,17,1.0,
202400053232,155 688 150,A01,3.0,7.0,0,2,3,15,1.0,
202400053233,155 688 145,A01,0.0,33.0,14,0,1,1,1.0,
202400053234,155 688 142,B01,1.0,50.0,0,2,1,1,3.0,
202400053235,155 688 139,A01,0.0,7.0,0,2,1,1,1.0,
202400053236,155 688 141,A01,1.0,7.0,4,0,2,1,1.0,
202400053237,155 688 137,A01,1.0,7.0,0,0,2,2,1.0,
202400053238,155 688 131,A01,2.0,7.0,0,2,3,15,1.0,
202400053239,155 688 134,A01,2.0,7.0,0,2,2,12,1.0,
202400053240,155 688 132,A01,2.0,7.0,0,2,1,15,1.0,
202400053241,155 688 129,A01,1.0,7.0,0,2,1,5,1.0,
202400053242,155 688 127,A01,2.0,7.0,0,2,1,2,1.0,
202400053243,155 688 124,A01,2.0,7.0,0,2,1,9,3.0,
202400053244,155 688 117,A01,1.0,10.0,0,1,6,15,1.0,
202400053245,155 688 115,C01,1.0,7.0,0,2,0,0,0.0,
202400053246,155 688 114,A01,2.0,10.0,0,2,7,12,1.0,
202400053247,155 688 120,A01,1.0,7.0,6,0,1,1,1.0,
202400053248,155 688 111,A01,0.0,7.0,0,2,1,1,1.0,
202400053249,155 688 106,A01,1.0,33.0,0,2,1,17,1.0,
202400053250,155 688 107,B01,2.0,32.0,0,2,4,0,0.0,
202400053251,155 688 110,B01,1.0,10.0,0,2,1,1,1.0,
202400053252,155 688 105,A01,1.0,7.0,8,0,1,17,1.0,
202400053253,155 688 102,B01,1.0,80.0,0,2,7,1,5.0,
202400053254,155 688 104,A01,2.0,7.0,3,0,0,0,1.0,
202400053255,155 688 101,A01,2.0,7.0,2,0,3,13,1.0,
202400053256,155 688 099,B01,3.0,1.0,0,2,0,1,6.0,
202400053257,155 688 098,B01,1.0,1.0,0,2,1,1,5.0,
202400053258,155 688 097,A01,3.0,7.0,0,1,4,0,3.0,
202400053259,155 688 091,B01,1.0,7.0,0,2,6,1,2.0,
202400053260,155 688 092,A01,1.0,32.0,0,2,1,1,1.0,
202400053261,155 688 089,A01,2.0,33.0,14,0,0,1,1.0,
202400053262,155 688 088,B01,1.0,7.0,0,2,6,11,1.0,
202400053263,155 688 087,A01,1.0,7.0,0,2,1,13,1.0,
202400053264,155 688 085,A01,3.0,1.0,0,2,1,26,5.0,
202400053265,155 688 082,A01,2.0,7.0,0,0,4,26,2.0,
202400053266,155 688 083,A01,1.0,7.0,3,0,0,26,1.0,
202400053267,155 688 081,Z01,3.0,7.0,0,1,1,1,1.0,
202400053268,155 688 080,A01,3.0,7.0,0,2,3,15,1.0,
202400053269,155 688 078,A01,1.0,10.0,0,1,1,15,1.0,
202400053270,155 688 077,B01,2.0,1.0,0,2,1,1,5.0,
202400053271,155 688 075,A01,1.0,7.0,0,2,3,0,1.0,
202400053272,155 688 072,A01,2.0,7.0,0,2,1,2,1.0,
202400053273,155 688 074,A01,0.0,7.0,10,0,1,13,1.0,
202400053274,155 688 069,A01,1.0,7.0,0,1,1,2,2.0,
202400053275,155 688 070,A01,1.0,1.0,0,2,3,17,5.0,
202400053276,155 688 068,A01,1.0,7.0,1,0,1,1,3.0,
202400053277,155 688 067,A01,2.0,7.0,13,0,1,1,1.0,
202400053278,155 688 060,B01,1.0,7.0,0,2,1,19,1.0,
202400053279,155 688 059,A01,1.0,7.0,6,0,8,1,1.0,
202400053280,155 688 054,A01,3.0,7.0,14,0,1,26,1.0,
202400053281,155 688 055,A01,2.0,10.0,0,2,3,2,1.0,
202400053282,155 688 057,A01,1.0,7.0,0,2,3,19,1.0,
202400053283,155 688 061,A01,2.0,33.0,0,2,1,1,1.0,
202400053284,155 688 053,A01,1.0,7.0,2,0,9,1,2.0,
202400053285,155 688 058,B01,2.0,1.0,0,2,1,1,5.0,
202400053286,155 688 049,A01,3.0,7.0,8,0,1,1,1.0,
202400053287,155 688 051,B01,2.0,2.0,0,2,8,19,1.0,
202400053288,155 688 047,A01,3.0,7.0,0,0,5,16,3.0,
202400053289,155 688 042,A01,2.0,30.0,0,2,4,1,1.0,
202400053290,155 688 040,B01,1.0,7.0,0,2,1,1,1.0,
202400053291,155 688 036,B01,2.0,7.0,0,2,1,1,1.0,
202400053292,155 688 035,B01,2.0,31.0,0,2,2,17,1.0,
202400053293,155 688 032,A01,1.0,15.0,2,0,1,1,1.0,
202400053294,155 688 034,B01,3.0,7.0,0,2,3,1,1.0,
202400053295,155 688 030,A01,3.0,37.0,0,1,1,1,6.0,1
202400053296,155 688 031,B01,1.0,7.0,0,2,4,2,1.0,
202400053297,155 688 027,A01,2.0,7.0,0,9,2,1,1.0,
202400053298,155 688 025,A01,2.0,7.0,0,2,1,2,1.0,
202400053299,155 688 024,A01,2.0,7.0,1,0,1,2,2.0,
202400053300,155 688 023,A01,1.0,7.0,2,0,5,0,1.0,
202400053301,155 688 022,A01,1.0,7.0,0,2,1,13,1.0,
202400053302,155 688 020,A01,1.0,7.0,4,0,2,1,1.0,
202400053303,155 688 017,A01,1.0,37.0,0,1,2,16,2.0,1
202400053304,155 688 019,A01,2.0,30.0,12,0,1,13,1.0,
202400053305,155 688 013,A01,2.0,1.0,0,2,1,25,5.0,
202400053306,155 688 012,A01,2.0,7.0,0,2,1,2,0.0,
202400053307,155 688 011,A01,2.0,7.0,0,0,9,1,1.0,
202400053308,155 688 007,A01,1.0,7.0,0,2,5,15,1.0,
202400053309,155 688 009,A01,1.0,7.0,0,1,8,15,2.0,
202400053310,155 688 005,A01,2.0,17.0,0,2,4,2,1.0,
202400053311,155 688 006,A01,1.0,7.0,0,2,2,20,1.0,
202400053312,155 688 004,B01,2.0,30.0,0,2,1,1,1.0,
202400053313,155 688 001,A01,1.0,7.0,0,0,9,0,1.0,
202400053314,155 688 000,A01,1.0,33.0,13,0,0,17,1.0,
202400053315,155 687 998,A01,2.0,80.0,0,1,1,2,3.0,
202400053316,155 687 999,A01,0.0,30.0,0,0,0,1,1.0,
202400053317,155 687 995,B01,2.0,7.0,0,2,1,1,1.0,
202400053318,155 687 993,A01,3.0,30.0,0,0,7,1,1.0,
202400053319,155 687 994,B01,2.0,33.0,0,2,0,0,1.0,
202400053320,155 687 991,A01,1.0,7.0,0,2,2,15,1.0,
202400053321,155 687 992,A01,1.0,7.0,0,2,1,17,1.0,
202400053322,155 687 990,A01,1.0,33.0,0,0,8,2,1.0,
202400053323,155 687 986,B01,1.0,7.0,8,2,4,15,1.0,
202400053324,155 687 983,B01,3.0,7.0,0,2,0,1,2.0,
202400053325,155 687 980,A01,2.0,7.0,0,2,2,1,1.0,
202400053326,155 687 979,A01,1.0,2.0,0,2,3,18,3.0,
202400053327,155 687 977,A01,3.0,2.0,0,1,1,13,1.0,
202400053328,155 687 974,A01,3.0,33.0,0,0,0,26,1.0,
202400053329,155 687 976,B01,0.0,1.0,0,2,1,1,5.0,
202400053330,155 687 975,A01,2.0,7.0,0,2,1,19,1.0,
202400053331,155 687 972,B01,2.0,50.0,0,2,1,1,3.0,
202400053332,155 687 973,A01,0.0,50.0,0,2,7,19,3.0,
202400053333,155 687 970,A01,0.0,1.0,0,0,0,1,5.0,
202400053334,155 687 969,B01,2.0,32.0,0,2,3,26,1.0,
202400053335,155 687 968,A01,1.0,33.0,0,0,1,26,1.0,
202400053336,155 687 966,A01,1.0,7.0,13,0,0,12,1.0,
202400053337,155 687 965,A01,3.0,2.0,12,0,8,17,1.0,
202400053338,155 687 962,A01,1.0,7.0,16,0,1,16,1.0,
202400053339,155 687 963,A01,1.0,33.0,0,0,8,0,1.0,
202400053340,155 687 961,A01,2.0,7.0,0,1,2,1,1.0,
202400053341,155 687 960,A01,3.0,7.0,6,0,1,14,1.0,
202400053342,155 687 959,A01,2.0,32.0,0,2,1,5,1.0,
202400053343,155 687 958,A01,1.0,7.0,0,2,3,16,1.0,
202400053344,155 687 955,A01,1.0,7.0,2,0,0,0,1.0,
202400053345,155 687 954,A01,3.0,10.0,1,2,3,20,1.0,
202400053346,155 687 950,A01,3.0,50.0,1,0,9,1,3.0,
202400053347,155 687 948,A01,2.0,1.0,0,0,9,0,5.0,
202400053348,155 687 951,B01,1.0,7.0,13,2,2,13,1.0,
202400053349,155 687 946,A01,2.0,7.0,0,2,3,15,1.0,
202400053350,155 687 952,A01,1.0,7.0,12,0,2,26,1.0,
202400053351,155 687 943,A01,3.0,36.0,2,0,9,0,1.0,
202400053352,155 687 941,A01,3.0,1.0,0,2,1,1,5.0,
202400053353,155 687 939,A01,3.0,30.0,0,2,1,13,1.0,
202400053354,155 687 938,A01,1.0,33.0,0,6,1,1,1.0,
202400053355,155 687 940,A01,1.0,7.0,0,2,1,1,1.0,
202400053356,155 687 933,A01,2.0,7.0,0,2,1,5,1.0,
202400053357,155 687 932,A01,3.0,7.0,9,0,0,13,1.0,
202400053358,155 687 929,A01,1.0,7.0,0,1,1,1,1.0,
202400053359,155 687 928,A01,1.0,7.0,13,0,1,1,1.0,
202400053360,155 687 931,A01,2.0,50.0,0,2,7,13,3.0,
202400053361,155 687 926,B01,1.0,30.0,0,2,1,1,1.0,
202400053362,155 687 927,A01,2.0,7.0,0,2,7,1,0.0,
202400053363,155 687 930,Z01,3.0,0.0,0,1,0,0,6.0,
202400053364,155 687 924,A01,1.0,7.0,0,2,8,13,1.0,
202400053365,155 687 923,A01,1.0,7.0,2,0,1,26,1.0,
202400053366,155 687 918,A01,3.0,7.0,2,0,1,0,1.0,
202400053367,155 687 917,A01,1.0,7.0,0,2,1,13,1.0,
202400053368,155 687 916,A01,0.0,0.0,0,1,1,26,0.0,
202400053369,155 687 915,A01,0.0,7.0,0,0,1,21,1.0,
202400053370,155 687 913,B01,1.0,33.0,0,2,3,1,1.0,
202400053371,155 687 912,B01,2.0,7.0,0,2,1,1,1.0,
202400053372,155 687 911,A01,2.0,7.0,14,0,2,1,1.0,
202400053373,155 687 909,A01,3.0,31.0,0,2,7,0,1.0,
202400053374,155 687 910,B01,0.0,7.0,0,2,7,1,2.0,
202400053375,155 687 905,A01,3.0,7.0,0,0,0,1,0.0,
202400053376,155 687 902,A01,2.0,7.0,0,2,1,2,2.0,
202400053377,155 687 903,A01,3.0,7.0,0,1,1,20,1.0,
202400053378,155 687 901,A01,3.0,7.0,0,1,1,15,1.0,
202400053379,155 687 900,A01,0.0,7.0,0,0,4,2,1.0,
202400053380,155 687 899,A01,2.0,7.0,0,1,1,1,1.0,
202400053381,155 687 897,B01,1.0,7.0,15,0,5,23,1.0,
202400053382,155 687 895,A01,3.0,1.0,0,0,1,1,5.0,
202400053383,155 687 893,A01,1.0,7.0,0,2,1,1,1.0,
202400053384,155 687 892,A01,2.0,7.0,8,0,0,0,1.0,
202400053385,155 687 889,A01,2.0,7.0,0,2,7,15,1.0,
202400053386,155 687 886,A01,3.0,7.0,0,1,1,1,1.0,
202400053387,155 687 885,A01,2.0,7.0,1,0,2,1,3.0,
202400053388,155 687 882,A01,3.0,10.0,0,2,7,12,1.0,
202400053389,155 687 881,A01,2.0,7.0,0,2,1,2,1.0,
202400053390,155 687 880,A01,1.0,2.0,8,0,8,13,1.0,
202400053391,155 687 878,B01,1.0,31.0,0,2,4,2,1.0,
202400053392,155 687 879,B01,1.0,7.0,15,0,0,0,0.0,
202400053393,155 687 876,A01,1.0,7.0,2,0,2,15,1.0,
202400053394,155 687 871,A01,3.0,21.0,0,1,3,15,0.0,
202400053395,155 687 872,A01,1.0,7.0,0,2,6,11,1.0,
202400053396,155 687 869,A01,2.0,7.0,0,2,0,9,1.0,
202400053397,155 687 866,A01,2.0,7.0,0,1,2,1,3.0,
202400053398,155 687 870,A01,3.0,50.0,0,0,3,1,3.0,
202400053399,155 687 864,A01,1.0,7.0,6,0,7,1,1.0,
202400053400,155 687 861,B01,3.0,7.0,0,2,1,1,1.0,
202400053401,155 687 863,A01,1.0,3.0,0,2,8,1,1.0,
202400053402,155 687 858,A01,3.0,10.0,0,2,1,2,1.0,
202400053403,155 687 859,A01,1.0,30.0,0,2,1,1,1.0,
202400053404,155 687 853,A01,1.0,36.0,0,0,1,0,1.0,
202400053405,155 687 851,A01,2.0,7.0,0,0,2,1,1.0,
202400053406,155 687 850,B01,2.0,7.0,0,2,4,20,1.0,
202400053407,155 687 849,A01,2.0,7.0,0,2,1,1,1.0,
202400053408,155 687 848,A01,1.0,36.0,0,0,0,13,1.0,
202400053409,155 687 847,B01,3.0,80.0,0,2,5,2,3.0,
202400053410,155 687 845,A01,2.0,7.0,0,2,0,9,1.0,
202400053411,155 687 842,A01,1.0,7.0,0,2,2,1,1.0,
202400053412,155 687 841,B01,1.0,7.0,0,9,4,23,1.0,
202400053413,155 687 840,A01,1.0,33.0,14,0,1,1,1.0,
202400053414,155 687 838,A01,3.0,10.0,0,2,1,2,1.0,
202400053415,155 687 835,A01,1.0,7.0,3,0,1,1,2.0,
202400053416,155 687 832,A01,2.0,33.0,0,2,1,2,1.0,
202400053417,155 687 831,A01,2.0,2.0,0,2,1,1,1.0,
202400053418,155 687 830,B01,3.0,33.0,0,2,7,17,1.0,
202400053419,155 687 828,A01,1.0,33.0,3,0,8,17,1.0,
202400053420,155 687 829,B01,3.0,0.0,-1,-1,-1,1,,
202400053421,155 687 825,A01,1.0,7.0,13,0,1,26,1.0,
202400053422,155 687 824,A01,3.0,7.0,0,2,1,2,1.0,
202400053423,155 687 820,A01,2.0,33.0,0,0,7,1,1.0,
202400053424,155 687 822,B01,2.0,50.0,0,2,1,2,3.0,
202400053425,155 687 816,Z01,1.0,7.0,0,2,0,2,6.0,
202400053426,155 687 818,A01,3.0,10.0,0,1,4,26,0.0,
202400053427,155 687 815,A01,2.0,7.0,1,0,2,14,1.0,
202400053428,155 687 817,A01,1.0,7.0,0,2,7,13,1.0,
202400053429,155 687 812,A01,1.0,33.0,0,0,8,26,1.0,
202400053430,155 687 807,A01,1.0,7.0,0,2,1,2,1.0,
202400053431,155 687 805,A01,1.0,7.0,9,0,0,9,1.0,
202400053432,155 687 809,A01,2.0,7.0,6,0,1,15,1.0,
202400053433,155 687 811,A01,2.0,33.0,0,2,8,1,1.0,
202400053434,155 687 804,A01,1.0,10.0,0,2,2,20,1.0,
202400053435,155 687 808,A01,2.0,7.0,0,0,1,11,1.0,
202400053436,155 687 801,A01,1.0,7.0,0,2,2,26,1.0,
202400053437,155 687 799,B01,1.0,1.0,0,2,8,0,5.0,
202400053438,155 687 800,A01,2.0,10.0,0,2,5,16,1.0,
202400053439,155 687 797,A01,1.0,33.0,12,0,1,1,1.0,
202400053440,155 687 792,A01,1.0,32.0,0,0,7,1,1.0,
202400053441,155 687 795,A01,2.0,7.0,0,2,3,1,1.0,
202400053442,155 687 791,A01,1.0,7.0,2,0,1,1,1.0,
202400053443,155 687 789,B01,2.0,3.0,0,0,4,2,1.0,
202400053444,155 687 788,A01,1.0,7.0,4,0,9,1,1.0,
202400053445,155 687 786,A01,3.0,7.0,0,2,3,15,3.0,
202400053446,155 687 783,A01,2.0,15.0,0,1,7,16,1.0,
202400053447,155 687 787,A01,1.0,7.0,0,0,5,15,1.0,
202400053448,155 687 779,A01,3.0,7.0,0,2,1,2,1.0,
202400053449,155 687 777,A01,1.0,31.0,0,2,8,1,1.0,
202400053450,155 687 778,A01,3.0,7.0,0,2,3,9,1.0,
202400053451,155 687 768,A01,2.0,7.0,0,2,1,13,1.0,
202400053452,155 687 772,A01,0.0,10.0,0,0,8,4,1.0,
202400053453,155 687 770,A01,2.0,10.0,0,2,8,16,1.0,
202400053454,155 687 771,A01,1.0,10.0,0,1,1,1,1.0,
202400053455,155 687 767,A01,3.0,7.0,0,9,1,19,1.0,
202400053456,155 687 766,A01,1.0,7.0,0,2,1,1,1.0,
202400053457,155 687 762,A01,1.0,7.0,0,2,2,15,1.0,
202400053458,155 687 761,A01,1.0,10.0,0,2,5,24,1.0,
202400053459,155 687 757,A01,1.0,7.0,0,2,2,1,1.0,
202400053460,155 687 759,A01,1.0,33.0,13,0,0,1,1.0,
202400053461,155 687 754,B01,1.0,33.0,0,2,1,1,1.0,
202400053462,155 687 755,A01,2.0,33.0,8,0,1,1,1.0,
202400053463,155 687 750,A01,1.0,7.0,0,2,2,17,1.0,
202400053464,155 687 751,Y01,2.0,1.0,0,2,8,1,5.0,
202400053465,155 687 748,A01,2.0,7.0,2,0,3,6,1.0,
202400053466,155 687 746,B01,3.0,1.0,0,2,1,0,5.0,
202400053467,155 687 745,A01,1.0,7.0,0,2,1,1,1.0,
202400053468,155 687 747,B01,2.0,7.0,0,2,5,23,1.0,
202400053469,155 687 742,A01,2.0,7.0,0,0,1,1,1.0,
202400053470,155 687 740,A01,1.0,7.0,13,0,2,1,1.0,
202400053471,155 687 739,A01,1.0,7.0,0,1,1,1,2.0,
202400053472,155 687 736,A01,1.0,7.0,0,2,7,16,2.0,
202400053473,155 687 737,B01,1.0,2.0,0,2,1,1,1.0,
202400053474,155 687 733,B01,3.0,7.0,0,2,6,15,1.0,
202400053475,155 687 734,A01,1.0,2.0,0,0,0,0,1.0,
202400053476,155 687 727,B01,2.0,7.0,0,2,1,1,1.0,
202400053477,155 687 728,A01,1.0,33.0,0,0,1,26,1.0,
202400053478,155 687 723,A01,2.0,10.0,0,2,3,19,1.0,
202400053479,155 687 724,A01,2.0,7.0,15,0,1,13,1.0,
202400053480,155 687 718,A01,3.0,7.0,0,2,3,9,1.0,
202400053481,155 687 720,A01,2.0,7.0,12,0,2,14,1.0,
202400053482,155 687 721,A01,1.0,7.0,13,2,3,1,1.0,
202400053483,155 687 719,B01,2.0,30.0,0,2,7,1,1.0,
202400053484,155 687 715,A01,2.0,7.0,6,0,1,1,1.0,
202400053485,155 687 716,C01,1.0,7.0,0,2,3,0,1.0,
202400053486,155 687 713,B01,0.0,33.0,0,2,1,5,1.0,
202400053487,155 687 710,B01,2.0,3.0,0,2,4,2,1.0,
202400053488,155 687 704,A01,3.0,31.0,0,0,7,0,1.0,
202400053489,155 687 706,A01,2.0,7.0,0,2,1,1,1.0,
202400053490,155 687 701,B01,1.0,1.0,0,2,8,0,5.0,
202400053491,155 687 703,A01,2.0,7.0,0,2,7,16,1.0,
202400053492,155 687 698,A01,3.0,33.0,0,1,1,1,1.0,
202400053493,155 687 700,A01,2.0,7.0,0,2,1,1,1.0,
202400053494,155 687 699,B01,0.0,2.0,0,2,8,15,3.0,
202400053495,155 687 695,A01,2.0,7.0,0,2,1,15,3.0,
202400053496,155 687 697,A01,2.0,7.0,0,2,4,1,1.0,
202400053497,155 687 690,A01,1.0,7.0,5,0,2,14,1.0,
202400053498,155 687 691,A01,1.0,7.0,3,0,0,2,1.0,
202400053499,155 687 685,B01,1.0,80.0,0,2,4,1,3.0,
202400053500,155 687 689,A01,1.0,7.0,0,2,7,15,1.0,
202400053501,155 687 687,A01,1.0,15.0,0,2,7,16,1.0,
202400053502,155 687 684,A01,2.0,7.0,0,2,3,10,1.0,
202400053503,155 687 683,A01,1.0,7.0,0,1,8,16,1.0,
202400053504,155 687 682,A01,1.0,10.0,0,1,1,1,1.0,
202400053505,155 687 681,B01,2.0,7.0,0,9,8,1,1.0,
202400053506,155 687 680,A01,1.0,7.0,0,0,9,0,1.0,
202400053507,155 687 676,A01,1.0,7.0,3,0,1,1,1.0,
202400053508,155 687 678,A01,1.0,7.0,0,1,2,1,1.0,
202400053509,155 687 665,A01,1.0,34.0,0,2,1,1,1.0,
202400053510,155 687 673,A01,2.0,7.0,0,2,1,5,1.0,
202400053511,155 687 670,A01,1.0,17.0,0,1,1,1,1.0,
202400053512,155 687 666,A01,2.0,7.0,0,2,3,1,1.0,
202400053513,155 687 660,B01,1.0,7.0,0,2,3,1,1.0,
202400053514,155 687 659,A01,1.0,7.0,0,2,1,1,1.0,
202400053515,155 687 658,A01,2.0,33.0,0,2,8,17,1.0,
202400053516,155 687 657,A01,2.0,7.0,0,2,2,17,1.0,
202400053517,155 687 654,A01,3.0,7.0,0,2,5,12,1.0,
202400053518,155 687 653,A01,0.0,7.0,0,2,6,15,2.0,
202400053519,155 687 650,A01,1.0,7.0,0,2,2,1,2.0,
202400053520,155 687 651,B01,3.0,50.0,0,1,1,2,3.0,
202400053521,155 687 647,A01,1.0,2.0,0,2,1,1,1.0,
202400053522,155 687 644,B01,1.0,33.0,0,2,8,12,1.0,
202400053523,155 687 645,A01,2.0,7.0,0,2,9,1,1.0,
202400053524,155 687 643,A01,3.0,2.0,0,2,1,0,1.0,
202400053525,155 687 640,A01,1.0,7.0,0,1,3,1,1.0,
202400053526,155 687 642,A01,2.0,7.0,0,2,1,13,1.0,
202400053527,155 687 638,A01,3.0,37.0,0,1,7,9,1.0,1
202400053528,155 687 635,A01,1.0,33.0,0,1,1,17,1.0,
202400053529,155 687 632,A01,1.0,17.0,4,0,3,6,1.0,
202400053530,155 687 634,B01,1.0,7.0,15,2,6,9,1.0,
202400053531,155 687 633,A01,1.0,7.0,0,2,5,15,1.0,
202400053532,155 687 630,B01,2.0,7.0,0,2,8,1,1.0,
202400053533,155 687 629,A01,0.0,1.0,12,0,7,26,5.0,
202400053534,155 687 628,A01,2.0,30.0,0,2,1,1,1.0,
202400053535,155 687 626,C01,2.0,10.0,0,2,7,1,1.0,
202400053536,155 687 625,A01,0.0,10.0,0,1,5,26,1.0,
202400053537,155 687 622,A01,1.0,10.0,13,0,1,13,1.0,
202400053538,155 687 624,A01,1.0,7.0,0,1,3,15,1.0,
202400053539,155 687 616,B01,3.0,7.0,1,2,7,2,1.0,
202400053540,155 687 618,A01,3.0,7.0,0,2,2,16,1.0,
202400053541,155 687 613,B01,1.0,7.0,1,2,1,1,1.0,
202400053542,155 687 611,A01,2.0,2.0,0,2,1,11,1.0,
202400053543,155 687 612,A01,2.0,10.0,0,2,1,1,1.0,
202400053544,155 687 608,A01,1.0,10.0,2,0,3,0,1.0,
202400053545,155 687 607,A01,1.0,32.0,8,2,0,21,1.0,
202400053546,155 687 605,A01,1.0,7.0,2,0,1,19,1.0,
202400053547,155 687 604,A01,1.0,7.0,0,2,1,15,1.0,
202400053548,155 687 606,A01,2.0,32.0,0,0,7,1,1.0,
202400053549,155 687 602,C01,1.0,7.0,0,2,1,1,1.0,
202400053550,155 687 598,A01,2.0,7.0,0,2,1,1,2.0,
202400053551,155 687 601,A01,2.0,7.0,0,2,2,9,1.0,
202400053552,155 687 597,A01,3.0,7.0,0,2,3,15,1.0,
202400053553,155 687 596,A01,1.0,21.0,5,0,1,2,1.0,
202400053554,155 687 593,A01,3.0,7.0,0,0,1,1,1.0,
202400053555,155 687 591,A01,1.0,7.0,0,2,2,12,2.0,
202400053556,155 687 588,A01,2.0,17.0,0,2,5,1,1.0,
202400053557,155 687 584,B01,2.0,7.0,0,0,3,15,1.0,
202400053558,155 687 582,A01,1.0,7.0,1,0,2,14,1.0,
202400053559,155 687 580,A01,1.0,33.0,4,0,7,0,1.0,
202400053560,155 687 576,A01,1.0,7.0,0,2,1,13,1.0,
202400053561,155 687 577,A01,0.0,10.0,0,2,1,0,1.0,
202400053562,155 687 575,A01,2.0,7.0,0,2,1,13,1.0,
202400053563,155 687 574,A01,2.0,32.0,4,2,8,1,1.0,
202400053564,155 687 573,B01,1.0,7.0,14,0,4,23,1.0,
202400053565,155 687 571,A01,1.0,7.0,0,2,7,1,2.0,
202400053566,155 687 570,A01,2.0,7.0,4,0,3,16,1.0,
202400053567,155 687 567,A01,2.0,7.0,12,0,1,1,1.0,
202400053568,155 687 566,A01,1.0,33.0,0,1,1,1,1.0,
202400053569,155 687 565,A01,2.0,7.0,0,1,1,0,1.0,
202400053570,155 687 564,A01,0.0,7.0,13,0,4,2,1.0,
202400053571,155 687 563,A01,0.0,30.0,0,0,7,1,1.0,
202400053572,155 687 562,A01,3.0,7.0,0,9,1,1,1.0,
202400053573,155 687 561,A01,1.0,7.0,0,2,3,13,1.0,
202400053574,155 687 558,A01,2.0,7.0,0,2,3,2,1.0,
202400053575,155 687 557,A01,2.0,1.0,0,2,4,1,5.0,
202400053576,155 687 552,A01,1.0,7.0,9,0,1,13,1.0,
202400053577,155 687 549,B01,2.0,7.0,0,2,4,2,1.0,
202400053578,155 687 551,A01,2.0,7.0,0,2,1,10,1.0,
202400053579,155 687 547,A01,1.0,7.0,6,0,1,0,1.0,
202400053580,155 687 546,A01,3.0,7.0,0,0,0,0,4.0,
202400053581,155 687 548,A01,1.0,7.0,0,2,1,5,1.0,
202400053582,155 687 545,A01,1.0,7.0,0,2,5,15,2.0,
202400053583,155 687 544,B01,3.0,7.0,0,2,7,0,1.0,
202400053584,155 687 542,A01,1.0,7.0,0,9,3,9,1.0,
202400053585,155 687 541,B01,1.0,7.0,0,2,5,1,1.0,
202400053586,155 687 539,A01,3.0,31.0,0,0,1,0,1.0,
202400053587,155 687 535,A01,3.0,7.0,0,2,3,15,1.0,
202400053588,155 687 534,A01,2.0,7.0,16,0,3,1,1.0,
202400053589,155 687 529,A01,2.0,10.0,0,2,1,1,1.0,
202400053590,155 687 527,A01,1.0,7.0,0,2,4,2,1.0,
202400053591,155 687 526,A01,1.0,33.0,0,2,1,17,1.0,
202400053592,155 687 524,B01,3.0,1.0,0,2,8,1,5.0,
202400053593,155 687 522,Z01,3.0,7.0,0,1,3,0,0.0,
202400053594,155 687 523,A01,1.0,7.0,0,1,8,15,1.0,
202400053595,155 687 521,A01,3.0,7.0,15,2,1,1,1.0,
202400053596,155 687 520,A01,1.0,33.0,13,0,1,14,1.0,
202400053597,155 687 519,B01,1.0,43.0,0,2,4,2,1.0,
202400053598,155 687 518,C01,3.0,7.0,0,9,4,1,1.0,
202400053599,155 687 513,A01,1.0,32.0,0,2,7,3,1.0,
202400053600,155 687 511,A01,0.0,7.0,0,0,9,1,1.0,
202400053601,155 687 509,A01,1.0,7.0,0,2,3,14,1.0,
202400053602,155 687 508,A01,2.0,7.0,0,2,1,11,1.0,
202400053603,155 687 507,A01,1.0,30.0,0,2,1,26,1.0,
202400053604,155 687 505,A01,1.0,10.0,0,1,2,16,1.0,
202400053605,155 687 506,A01,1.0,14.0,0,2,1,0,1.0,
202400053606,155 687 504,A01,2.0,10.0,0,2,2,17,1.0,
202400053607,155 687 503,A01,2.0,7.0,0,1,2,15,2.0,
202400053608,155 687 496,A01,2.0,7.0,0,2,1,1,1.0,