Num_Acc,id_vehicule,num_veh,senc,catv,obs,obsm,choc,manv,motor,occutc
202400053609,155 687 499,A01,2.0,31.0,0,2,1,2,1.0,
202400053610,155 687 497,A01,1.0,50.0,12,0,1,1,3.0,
202400053611,155 687 495,B01,1.0,1.0,1,0,1,1,5.0,
202400053612,155 687 491,A01,1.0,7.0,2,0,1,14,2.0,
202400053613,155 687 492,A01,2.0,30.0,0,1,1,1,1.0,
202400053614,155 687 490,A01,2.0,33.0,0,2,2,13,1.0,
202400053615,155 687 488,A01,1.0,50.0,9,0,1,26,3.0,
202400053616,155 687 489,B01,1.0,33.0,0,2,3,1,1.0,
202400053617,155 687 486,A01,3.0,7.0,1,0,1,13,1.0,
202400053618,155 687 482,A01,2.0,31.0,0,2,1,1,1.0,
202400053619,155 687 479,A01,2.0,7.0,0,2,1,0,1.0,
202400053620,155 687 476,A01,3.0,7.0,0,2,6,16,1.0,
202400053621,155 687 477,A01,2.0,7.0,0,2,1,1,1.0,
202400053622,155 687 478,A01,1.0,7.0,4,2,9,1,1.0,
202400053623,155 687 474,B01,1.0,7.0,3,2,4,1,1.0,
202400053624,155 687 468,A01,1.0,7.0,0,2,1,15,1.0,
202400053625,155 687 467,A01,1.0,7.0,13,0,3,1,1.0,
202400053626,155 687 465,Z01,3.0,7.0,0,2,3,15,0.0,
202400053627,155 687 462,B01,1.0,1.0,0,2,0,0,5.0,
202400053628,155 687 463,A01,2.0,34.0,0,2,2,1,1.0,
202400053629,155 687 460,B01,0.0,7.0,0,0,0,0,0.0,
202400053630,155 687 459,B01,3.0,7.0,0,2,0,0,0.0,
202400053631,155 687 457,A01,1.0,7.0,0,2,1,1,1.0,
202400053632,155 687 456,A01,1.0,7.0,2,0,1,1,1.0,
202400053633,155 687 453,A01,3.0,33.0,16,0,8,1,1.0,
202400053634,155 687 452,B01,2.0,80.0,0,2,7,15,3.0,
202400053635,155 687 450,A01,2.0,7.0,1,0,9,1,2.0,
202400053636,155 687 448,A01,2.0,7.0,0,2,3,15,1.0,
202400053637,155 687 443,A01,1.0,7.0,0,2,3,9,2.0,
202400053638,155 687 444,B01,1.0,30.0,0,2,7,16,3.0,
202400053639,155 687 439,A01,1.0,7.0,9,0,1,11,1.0,
202400053640,155 687 440,A01,3.0,7.0,0,1,2,1,3.0,
202400053641,155 687 438,A01,1.0,1.0,1,0,2,1,5.0,
202400053642,155 687 434,B01,3.0,7.0,0,2,3,23,0.0,
202400053643,155 687 436,A01,2.0,10.0,1,0,8,24,3.0,
202400053644,155 687 433,A01,1.0,7.0,0,0,0,1,1.0,
202400053645,155 687 431,A01,2.0,7.0,0,2,1,2,1.0,
202400053646,155 687 432,B01,2.0,7.0,0,0,6,1,1.0,
202400053647,155 687 425,A01,2.0,33.0,0,2,1,18,1.0,
202400053648,155 687 423,A01,2.0,7.0,13,0,2,1,1.0,
202400053649,155 687 422,A01,1.0,7.0,4,0,1,1,1.0,
202400053650,155 687 420,A01,0.0,10.0,0,2,1,26,1.0,
202400053651,155 687 419,C01,1.0,7.0,0,2,4,2,1.0,
202400053652,155 687 415,A01,2.0,33.0,15,2,8,1,1.0,
202400053653,155 687 418,A01,1.0,7.0,0,2,6,15,1.0,
202400053654,155 687 416,B01,2.0,10.0,0,2,2,15,1.0,
202400053655,155 687 414,B01,2.0,33.0,0,2,4,2,1.0,
202400053656,155 687 410,A01,1.0,38.0,0,1,1,1,1.0,1
202400053657,155 687 405,B01,0.0,1.0,0,9,1,1,5.0,
202400053658,155 687 407,A01,1.0,13.0,0,9,3,0,1.0,
202400053659,155 687 406,A01,1.0,33.0,0,2,1,3,1.0,
202400053660,155 687 403,A01,1.0,7.0,2,0,1,13,0.0,
202400053661,155 687 399,A01,3.0,7.0,8,0,1,1,1.0,
202400053662,155 687 400,B01,2.0,15.0,0,2,1,1,1.0,
202400053663,155 687 401,A01,1.0,1.0,0,1,1,26,5.0,
202400053664,155 687 398,A01,2.0,7.0,0,0,1,13,1.0,
202400053665,155 687 397,A01,3.0,7.0,0,2,1,1,1.0,
202400053666,155 687 390,A01,2.0,7.0,0,2,2,15,1.0,
202400053667,155 687 389,A01,2.0,10.0,0,2,4,23,1.0,
202400053668,155 687 391,A01,1.0,7.0,0,2,6,1,1.0,
202400053669,155 687 388,B01,3.0,7.0,0,2,2,2,1.0,
202400053670,155 687 386,B01,1.0,50.0,0,2,0,0,3.0,
202400053671,155 687 383,A01,2.0,7.0,0,2,0,13,1.0,
202400053672,155 687 381,A01,2.0,7.0,0,2,3,13,1.0,
202400053673,155 687 380,A01,1.0,10.0,0,2,1,15,3.0,
202400053674,155 687 379,A01,2.0,37.0,0,2,1,1,0.0,1
202400053675,155 687 376,A01,1.0,7.0,0,1,1,1,1.0,
202400053676,155 687 373,A01,2.0,3.0,8,0,7,0,1.0,
202400053677,155 687 372,B01,1.0,7.0,0,2,7,1,1.0,
202400053678,155 687 374,A01,0.0,7.0,0,2,1,16,1.0,
202400053679,155 687 370,A01,2.0,7.0,5,0,1,1,1.0,
202400053680,155 687 369,A01,1.0,31.0,0,2,2,21,3.0,
202400053681,155 687 367,A01,2.0,15.0,0,2,8,11,1.0,
202400053682,155 687 366,B01,2.0,7.0,0,2,1,2,1.0,
202400053683,155 687 364,A01,1.0,50.0,0,1,1,25,3.0,
202400053684,155 687 365,Z01,3.0,1.0,0,2,3,19,5.0,
202400053685,155 687 361,A01,2.0,7.0,0,1,2,21,1.0,
202400053686,155 687 357,A01,2.0,7.0,0,2,1,1,1.0,
202400053687,155 687 352,A01,1.0,7.0,3,0,4,2,1.0,
202400053688,155 687 355,A01,0.0,7.0,0,1,3,19,1.0,
202400053689,155 687 354,Z01,0.0,50.0,0,1,0,0,3.0,
202400053690,155 687 351,A01,1.0,7.0,0,2,3,13,1.0,
202400053691,155 687 350,A01,2.0,7.0,8,0,1,1,1.0,
202400053692,155 687 348,D01,2.0,7.0,0,2,1,2,1.0,
202400053693,155 687 349,A01,1.0,7.0,0,2,1,13,1.0,
202400053694,155 687 345,A01,1.0,30.0,3,0,1,26,1.0,
202400053695,155 687 343,B01,1.0,50.0,0,2,3,1,3.0,
202400053696,155 687 344,A01,1.0,7.0,0,2,2,20,1.0,
202400053697,155 687 336,A01,2.0,10.0,6,0,1,14,1.0,
202400053698,155 687 340,A01,3.0,7.0,1,0,1,16,1.0,
202400053699,155 687 335,A01,0.0,7.0,0,2,6,17,1.0,
202400053700,155 687 333,A01,1.0,33.0,0,2,1,0,1.0,
202400053701,155 687 334,A01,2.0,7.0,0,0,7,15,0.0,
202400053702,155 687 332,A01,1.0,60.0,0,0,1,1,5.0,
202400053703,155 687 328,A01,1.0,33.0,0,2,2,17,1.0,
202400053704,155 687 324,A01,2.0,2.0,14,0,7,17,3.0,
202400053705,155 687 322,A01,2.0,7.0,4,0,3,1,1.0,
202400053706,155 687 326,B01,1.0,50.0,0,2,8,2,3.0,
202400053707,155 687 325,B01,1.0,7.0,0,2,1,1,1.0,
202400053708,155 687 323,A01,2.0,7.0,4,2,1,1,1.0,
202400053709,155 687 327,A01,1.0,10.0,0,1,1,1,3.0,
202400053710,155 687 321,A01,2.0,7.0,3,0,3,1,1.0,
202400053711,155 687 318,A01,3.0,7.0,0,1,1,1,1.0,
202400053712,155 687 316,B01,1.0,7.0,0,0,4,26,1.0,
202400053713,155 687 315,A01,1.0,7.0,0,2,1,17,1.0,
202400053714,155 687 310,B01,1.0,7.0,0,2,3,0,1.0,
202400053715,155 687 309,A01,3.0,7.0,0,1,1,26,1.0,
202400053716,155 687 307,A01,2.0,7.0,0,1,2,1,1.0,
202400053717,155 687 311,A01,2.0,80.0,0,2,1,1,3.0,
202400053718,155 687 308,A01,2.0,33.0,0,2,3,13,1.0,
202400053719,155 687 306,A01,2.0,14.0,0,2,1,2,1.0,
202400053720,155 687 302,A01,2.0,7.0,0,1,2,1,2.0,
202400053721,155 687 300,B01,2.0,7.0,0,2,6,2,0.0,
202400053722,155 687 303,A01,2.0,7.0,0,9,5,16,1.0,
202400053723,155 687 301,A01,1.0,7.0,0,1,1,1,1.0,
202400053724,155 687 296,A01,3.0,33.0,13,0,3,0,1.0,
202400053725,155 687 294,A01,2.0,7.0,0,2,1,5,1.0,
202400053726,155 687 289,A01,2.0,7.0,0,2,3,15,1.0,
202400053727,155 687 291,A01,1.0,7.0,0,2,1,1,1.0,
202400053728,155 687 287,A01,3.0,80.0,0,2,1,1,2.0,
202400053729,155 687 285,A01,1.0,7.0,13,0,7,19,1.0,
202400053730,155 687 283,B01,1.0,7.0,0,2,1,1,3.0,
202400053731,155 687 281,A01,1.0,7.0,0,0,0,0,1.0,
202400053732,155 687 279,B01,2.0,7.0,0,2,3,20,1.0,
202400053733,155 687 280,A01,3.0,7.0,0,1,1,15,1.0,
202400053734,155 687 282,B01,3.0,1.0,0,2,3,19,5.0,
202400053735,155 687 278,A01,1.0,33.0,0,1,1,1,1.0,
202400053736,155 687 277,A01,1.0,32.0,0,0,0,1,1.0,
202400053737,155 687 268,A01,2.0,33.0,0,0,8,26,1.0,
202400053738,155 687 269,B01,2.0,7.0,3,2,1,14,1.0,
202400053739,155 687 266,A01,0.0,50.0,0,2,1,5,3.0,
202400053740,155 687 264,A01,1.0,7.0,8,0,1,2,1.0,
202400053741,155 687 265,A01,2.0,7.0,0,2,2,2,1.0,
202400053742,155 687 262,A01,2.0,33.0,0,2,1,1,1.0,
202400053743,155 687 260,A01,3.0,7.0,0,2,1,1,1.0,
202400053744,155 687 261,A01,1.0,10.0,0,2,3,26,1.0,
202400053745,155 687 259,A01,3.0,7.0,0,2,1,5,1.0,
202400053746,155 687 258,A01,1.0,7.0,0,2,1,13,1.0,
202400053747,155 687 257,A01,1.0,7.0,5,0,1,2,1.0,
202400053748,155 687 255,A01,3.0,7.0,2,0,2,1,2.0,
202400053749,155 687 256,A01,1.0,33.0,0,0,0,15,1.0,
202400053750,155 687 250,A01,2.0,7.0,0,1,2,1,2.0,
202400053751,155 687 249,A01,1.0,43.0,0,2,8,18,1.0,
202400053752,155 687 252,A01,2.0,33.0,0,2,1,26,1.0,
202400053753,155 687 247,A01,1.0,7.0,0,1,3,12,1.0,
202400053754,155 687 246,A01,2.0,7.0,0,2,1,2,1.0,
202400053755,155 687 243,A01,2.0,7.0,8,0,3,0,1.0,
202400053756,155 687 241,B01,2.0,33.0,0,2,0,0,1.0,
202400053757,155 687 240,A01,1.0,31.0,0,2,1,16,1.0,
202400053758,155 687 248,A01,1.0,7.0,0,1,1,1,1.0,
202400053759,155 687 239,A01,1.0,15.0,0,2,2,2,1.0,
202400053760,155 687 236,A01,3.0,50.0,15,0,1,1,3.0,
202400053761,155 687 232,A01,1.0,1.0,0,9,1,1,5.0,
202400053762,155 687 229,B01,1.0,7.0,0,2,1,0,6.0,
202400053763,155 687 230,A01,1.0,32.0,0,2,2,3,1.0,
202400053764,155 687 220,Z01,1.0,0.0,0,1,2,1,0.0,
202400053765,155 687 224,A01,3.0,7.0,13,0,1,15,1.0,
202400053766,155 687 214,B01,1.0,7.0,0,2,8,16,0.0,
202400053767,155 687 225,B01,1.0,7.0,1,0,8,22,1.0,
202400053768,155 687 219,A01,2.0,7.0,0,2,1,17,1.0,
202400053769,155 687 218,A01,2.0,7.0,0,2,3,26,1.0,
202400053770,155 687 216,A01,1.0,32.0,0,1,7,1,1.0,
202400053771,155 687 212,B01,2.0,7.0,0,2,1,1,1.0,
202400053772,155 687 215,A01,1.0,50.0,0,2,1,0,3.0,
202400053773,155 687 213,A01,1.0,7.0,0,2,1,2,1.0,
202400053774,155 687 211,A01,1.0,33.0,12,0,5,1,1.0,
202400053775,155 687 210,A01,3.0,36.0,2,0,1,0,1.0,
202400053776,155 687 205,A01,2.0,30.0,0,0,0,1,1.0,
202400053777,155 687 203,A01,1.0,7.0,0,2,1,1,1.0,
202400053778,155 687 204,B01,0.0,50.0,0,2,0,2,3.0,
202400053779,155 687 202,A01,2.0,7.0,4,0,1,1,1.0,
202400053780,155 687 199,A01,2.0,50.0,8,0,1,25,3.0,
202400053781,155 687 197,A01,3.0,1.0,0,1,4,12,5.0,
202400053782,155 687 198,A01,1.0,50.0,0,2,1,1,3.0,
202400053783,155 687 200,A01,1.0,14.0,0,2,5,16,0.0,
202400053784,155 687 194,B01,1.0,2.0,0,2,7,1,1.0,
202400053785,155 687 191,A01,0.0,30.0,0,2,3,0,1.0,
202400053786,155 687 185,A01,3.0,10.0,0,2,3,13,0.0,
202400053787,155 687 186,B01,1.0,7.0,0,2,1,1,1.0,
202400053788,155 687 183,A01,2.0,7.0,0,2,2,2,1.0,
202400053789,155 687 182,A01,1.0,10.0,0,2,1,2,1.0,
202400053790,155 687 178,A01,1.0,7.0,0,2,5,16,0.0,
202400053791,155 687 179,B01,2.0,1.0,0,2,2,13,5.0,
202400053792,155 687 174,A01,2.0,7.0,0,1,3,2,1.0,
202400053793,155 687 175,B01,2.0,2.0,0,2,8,1,3.0,
202400053794,155 687 176,A01,1.0,7.0,0,2,1,26,1.0,
202400053795,155 687 173,A01,1.0,7.0,0,2,2,14,1.0,
202400053796,155 687 171,A01,1.0,1.0,0,1,1,0,5.0,
202400053797,155 687 168,A01,2.0,7.0,0,0,9,1,1.0,
202400053798,155 687 166,A01,2.0,7.0,0,2,1,2,1.0,
202400053799,155 687 164,A01,1.0,7.0,0,1,1,1,1.0,
202400053800,155 687 165,A01,2.0,7.0,0,2,4,1,1.0,
202400053801,155 687 161,A01,1.0,7.0,0,2,7,21,1.0,
202400053802,155 687 157,A01,1.0,7.0,14,2,1,19,1.0,
202400053803,155 687 155,B01,3.0,32.0,0,2,1,1,1.0,
202400053804,155 687 158,A01,1.0,7.0,0,2,1,1,1.0,
202400053805,155 687 159,B01,2.0,50.0,0,2,1,0,3.0,
202400053806,155 687 152,A01,2.0,7.0,0,2,6,17,2.0,
202400053807,155 687 148,A01,3.0,15.0,12,2,2,16,0.0,
202400053808,155 687 147,A01,1.0,7.0,0,0,2,26,1.0,
202400053809,155 687 144,A01,2.0,80.0,0,0,0,1,3.0,
202400053810,155 687 141,A01,1.0,10.0,0,2,0,1,1.0,
202400053811,155 687 142,A01,2.0,7.0,11,0,2,1,1.0,
202400053812,155 687 137,A01,0.0,7.0,0,1,3,1,2.0,
202400053813,155 687 138,B01,2.0,7.0,0,2,3,1,1.0,
202400053814,155 687 136,A01,1.0,7.0,0,2,1,2,1.0,
202400053815,155 687 139,A01,2.0,34.0,0,2,1,2,1.0,
202400053816,155 687 135,B01,1.0,1.0,0,2,1,19,5.0,
202400053817,155 687 131,A01,2.0,7.0,4,0,2,1,1.0,
202400053818,155 687 130,A01,3.0,7.0,0,2,1,1,1.0,
202400053819,155 687 126,B01,2.0,7.0,0,2,8,15,1.0,
202400053820,155 687 125,A01,1.0,7.0,2,0,9,0,1.0,
202400053821,155 687 120,A01,2.0,7.0,0,2,1,16,1.0,
202400053822,155 687 123,A01,1.0,13.0,0,2,1,1,1.0,
202400053823,155 687 121,B01,1.0,33.0,0,2,7,1,1.0,
202400053824,155 687 119,A01,1.0,10.0,0,1,3,1,1.0,
202400053825,155 687 118,B01,1.0,33.0,0,2,7,1,1.0,
202400053826,155 687 116,B01,2.0,7.0,0,2,1,11,1.0,
202400053827,155 687 109,A01,1.0,15.0,0,2,3,2,1.0,
202400053828,155 687 115,A01,2.0,14.0,0,1,2,19,1.0,
202400053829,155 687 108,A01,3.0,7.0,0,2,1,0,1.0,
202400053830,155 687 110,A01,0.0,31.0,14,0,1,1,,
202400053831,155 687 107,A01,1.0,7.0,0,1,1,16,1.0,
202400053832,155 687 105,A01,1.0,7.0,0,2,3,2,1.0,
202400053833,155 687 102,A01,2.0,7.0,0,2,1,2,1.0,
202400053834,155 687 103,A01,1.0,2.0,11,0,1,1,1.0,
202400053835,155 687 099,B01,2.0,7.0,0,2,1,1,1.0,
202400053836,155 687 098,A01,1.0,30.0,0,2,1,2,1.0,
202400053837,155 687 092,A01,1.0,7.0,0,2,1,1,1.0,
202400053838,155 687 091,B01,1.0,30.0,0,2,4,0,1.0,
202400053839,155 687 090,A01,2.0,33.0,12,0,7,26,1.0,
202400053840,155 687 089,A01,1.0,7.0,0,2,7,22,1.0,
202400053841,155 687 086,B01,3.0,7.0,0,2,3,1,1.0,
202400053842,155 687 087,A01,1.0,7.0,13,0,1,1,1.0,
202400053843,155 687 081,A01,1.0,30.0,13,0,7,21,1.0,
202400053844,155 687 080,A01,2.0,33.0,0,2,6,1,1.0,
202400053845,155 687 082,A01,2.0,43.0,4,0,3,0,1.0,
202400053846,155 687 079,A01,1.0,7.0,0,2,8,9,1.0,
202400053847,155 687 078,A01,1.0,7.0,0,0,7,1,1.0,
202400053848,155 687 077,A01,1.0,7.0,0,2,3,9,1.0,
202400053849,155 687 074,A01,3.0,7.0,0,1,3,1,1.0,
202400053850,155 687 069,A01,0.0,7.0,2,0,1,0,1.0,
202400053851,155 687 066,A01,0.0,7.0,0,2,2,15,1.0,
202400053852,155 687 061,A01,1.0,1.0,14,0,1,15,5.0,
202400053853,155 687 064,C01,1.0,7.0,0,2,8,16,1.0,
202400053854,155 687 059,A01,2.0,7.0,0,2,2,9,1.0,
202400053855,155 687 057,D01,1.0,7.0,0,2,4,2,1.0,
202400053856,155 687 056,A01,3.0,7.0,0,2,1,9,1.0,
202400053857,155 687 054,A01,2.0,7.0,0,2,2,26,1.0,
202400053858,155 687 055,A01,2.0,32.0,0,2,1,2,1.0,
202400053859,155 687 052,B01,1.0,10.0,8,2,0,0,0.0,
202400053860,155 687 048,A01,1.0,15.0,0,2,1,13,1.0,
202400053861,155 687 046,B01,1.0,7.0,0,2,2,19,2.0,
202400053862,155 687 040,A01,2.0,15.0,0,2,2,12,1.0,
202400053863,155 687 042,A01,2.0,31.0,0,0,0,2,1.0,
202400053864,155 687 041,A01,3.0,7.0,0,2,5,15,1.0,
202400053865,155 687 038,A01,3.0,7.0,0,2,1,1,1.0,
202400053866,155 687 043,A01,1.0,10.0,0,1,1,16,1.0,
202400053867,155 687 036,B01,2.0,7.0,0,2,3,15,1.0,
202400053868,155 687 031,A01,1.0,7.0,0,2,1,13,3.0,
202400053869,155 687 028,D01,2.0,7.0,0,9,3,1,1.0,
202400053870,155 687 027,A01,2.0,7.0,2,0,1,0,1.0,
202400053871,155 687 026,A01,2.0,7.0,0,2,8,11,1.0,
202400053872,155 687 033,A01,3.0,7.0,0,2,3,15,1.0,
202400053873,155 687 023,A01,1.0,33.0,8,0,9,1,1.0,
202400053874,155 687 025,A01,2.0,10.0,0,2,1,2,1.0,
202400053875,155 687 021,A01,2.0,33.0,6,0,7,15,1.0,
202400053876,155 687 019,A01,2.0,7.0,0,2,4,1,1.0,
202400053877,155 687 020,B01,3.0,2.0,0,2,1,1,1.0,
202400053878,155 687 015,A01,3.0,2.0,0,2,8,0,1.0,
202400053879,155 687 014,A01,1.0,30.0,0,2,8,1,1.0,
202400053880,155 687 013,A01,2.0,7.0,0,2,2,2,1.0,
202400053881,155 687 010,A01,2.0,2.0,17,0,1,1,1.0,
202400053882,155 687 008,A01,3.0,50.0,0,0,0,25,3.0,
202400053883,155 687 007,A01,2.0,7.0,0,2,7,14,1.0,
202400053884,155 687 006,A01,1.0,7.0,0,2,1,1,1.0,
202400053885,155 687 002,A01,2.0,33.0,0,0,9,1,1.0,
202400053886,155 687 003,A01,1.0,7.0,14,0,1,6,1.0,
202400053887,155 687 001,A01,2.0,31.0,0,0,8,3,1.0,
202400053888,155 687 000,A01,1.0,32.0,0,2,1,17,1.0,
202400053889,155 686 997,A01,1.0,7.0,0,2,5,15,1.0,
202400053890,155 686 998,A01,3.0,7.0,0,1,0,1,1.0,
202400053891,155 686 995,A01,2.0,7.0,0,2,2,15,1.0,
202400053892,155 686 993,A01,1.0,7.0,15,0,7,1,1.0,
202400053893,155 686 992,A01,2.0,7.0,0,2,8,11,1.0,
202400053894,155 686 991,B01,3.0,7.0,0,2,8,15,1.0,
202400053895,155 686 987,A01,1.0,7.0,6,0,1,14,1.0,
202400053896,155 686 986,A01,2.0,33.0,0,1,1,17,1.0,
202400053897,155 686 985,A01,1.0,14.0,0,2,7,16,6.0,
202400053898,155 686 983,A01,2.0,7.0,0,2,1,1,1.0,
202400053899,155 686 981,A01,2.0,7.0,0,1,7,2,1.0,
202400053900,155 686 980,A01,3.0,7.0,0,9,8,2,2.0,
202400053901,155 686 978,A01,1.0,33.0,4,0,1,1,1.0,
202400053902,155 686 979,A01,2.0,17.0,0,0,8,14,1.0,
202400053903,155 686 976,A01,2.0,1.0,0,2,8,19,5.0,
202400053904,155 686 974,Z01,0.0,7.0,0,1,1,26,0.0,
202400053905,155 686 973,A01,2.0,7.0,3,0,1,1,1.0,
202400053906,155 686 971,A01,1.0,7.0,12,0,3,2,1.0,
202400053907,155 686 970,A01,1.0,10.0,0,9,3,13,1.0,
202400053908,155 686 968,B01,2.0,50.0,0,2,0,15,3.0,
202400053909,155 686 966,A01,2.0,10.0,0,2,4,11,0.0,
202400053910,155 686 956,B01,2.0,33.0,0,2,7,3,1.0,
202400053911,155 686 955,A01,1.0,32.0,0,2,1,2,1.0,
202400053912,155 686 954,A01,2.0,7.0,0,2,3,11,1.0,
202400053913,155 686 951,A01,2.0,7.0,0,2,1,5,0.0,
202400053914,155 686 947,A01,2.0,7.0,0,2,1,13,1.0,
202400053915,155 686 953,B01,0.0,7.0,0,2,6,15,1.0,
202400053916,155 686 950,A01,0.0,7.0,0,2,3,15,1.0,
202400053917,155 686 948,A01,0.0,7.0,0,2,0,14,0.0,
202400053918,155 686 945,A01,0.0,33.0,0,2,0,2,1.0,
202400053919,155 686 943,A01,1.0,2.0,7,0,1,13,1.0,
202400053920,155 686 942,B01,1.0,14.0,0,2,3,1,1.0,
202400053921,155 686 941,A01,1.0,7.0,2,0,2,14,1.0,
202400053922,155 686 938,B01,1.0,10.0,0,2,5,14,1.0,
202400053923,155 686 940,A01,1.0,7.0,1,0,3,26,2.0,
202400053924,155 686 937,A01,1.0,13.0,0,1,1,1,1.0,
202400053925,155 686 936,A01,3.0,7.0,0,0,1,0,1.0,
202400053926,155 686 933,A01,1.0,7.0,2,0,1,0,1.0,
202400053927,155 686 931,A01,2.0,7.0,0,0,7,1,1.0,
202400053928,155 686 932,A01,2.0,7.0,0,2,1,2,1.0,
202400053929,155 686 926,A01,1.0,7.0,0,2,2,12,1.0,
202400053930,155 686 924,A01,3.0,1.0,0,0,0,1,5.0,
202400053931,155 686 925,A01,1.0,7.0,0,2,2,1,1.0,
202400053932,155 686 921,A01,3.0,7.0,16,0,9,1,1.0,
202400053933,155 686 922,A01,1.0,7.0,0,2,1,0,1.0,
202400053934,155 686 918,A01,1.0,7.0,13,0,2,1,1.0,
202400053935,155 686 920,A01,2.0,43.0,0,0,1,21,1.0,
202400053936,155 686 923,A01,2.0,33.0,0,2,2,1,1.0,
202400053937,155 686 917,A01,1.0,33.0,0,0,7,1,1.0,
202400053938,155 686 916,A01,3.0,80.0,0,0,0,1,3.0,
202400053939,155 686 914,A01,1.0,7.0,0,2,2,15,1.0,
202400053940,155 686 913,A01,3.0,7.0,0,2,1,2,1.0,
202400053941,155 686 909,A01,2.0,15.0,13,0,2,20,1.0,
202400053942,155 686 907,A01,1.0,15.0,0,2,4,1,1.0,
202400053943,155 686 906,A01,2.0,7.0,1,0,1,1,1.0,
202400053944,155 686 904,A01,1.0,7.0,2,9,5,1,1.0,
202400053945,155 686 903,A01,0.0,10.0,0,2,8,22,1.0,
202400053946,155 686 902,A01,1.0,7.0,0,2,1,17,1.0,
202400053947,155 686 900,B01,2.0,7.0,0,2,1,1,3.0,
202400053948,155 686 898,A01,3.0,7.0,0,2,3,15,1.0,
202400053949,155 686 895,A01,3.0,7.0,0,1,1,1,1.0,
202400053950,155 686 890,A01,1.0,36.0,2,0,1,16,1.0,
202400053951,155 686 892,A01,2.0,7.0,0,2,2,12,1.0,
202400053952,155 686 893,A01,2.0,10.0,0,2,2,17,1.0,
202400053953,155 686 887,C01,3.0,7.0,0,2,4,2,1.0,
202400053954,155 686 884,A01,1.0,14.0,0,2,2,12,1.0,
202400053955,155 686 886,A01,2.0,7.0,13,0,7,1,1.0,
202400053956,155 686 883,A01,1.0,7.0,0,0,0,26,1.0,
202400053957,155 686 881,B01,2.0,1.0,0,2,8,1,5.0,
202400053958,155 686 882,A01,1.0,7.0,0,2,4,26,1.0,
202400053959,155 686 880,B01,2.0,2.0,0,2,1,0,1.0,
202400053960,155 686 877,A01,1.0,21.0,6,1,0,1,1.0,
202400053961,155 686 875,A01,2.0,1.0,0,2,1,2,5.0,
202400053962,155 686 871,A01,1.0,7.0,0,2,1,11,3.0,
202400053963,155 686 869,B01,0.0,1.0,0,2,4,15,5.0,
202400053964,155 686 870,A01,3.0,1.0,0,0,1,1,5.0,
202400053965,155 686 868,A01,2.0,33.0,0,2,2,0,1.0,
202400053966,155 686 864,A01,1.0,7.0,13,0,3,1,1.0,
202400053967,155 686 861,B01,1.0,7.0,0,2,4,2,2.0,
202400053968,155 686 863,A01,0.0,10.0,0,2,1,1,1.0,
202400053969,155 686 859,A01,2.0,7.0,0,2,3,0,1.0,
202400053970,155 686 857,B01,2.0,7.0,0,2,1,1,1.0,
202400053971,155 686 854,B01,1.0,7.0,0,2,4,0,1.0,
202400053972,155 686 848,A01,1.0,7.0,15,0,1,1,1.0,
202400053973,155 686 850,B01,2.0,7.0,0,2,1,0,1.0,
202400053974,155 686 852,B01,2.0,50.0,0,2,7,1,3.0,
202400053975,155 686 849,A01,1.0,7.0,0,2,1,1,1.0,
202400053976,155 686 846,A01,1.0,33.0,0,2,1,1,1.0,
202400053977,155 686 844,A01,3.0,7.0,0,1,3,26,1.0,
202400053978,155 686 842,A01,3.0,10.0,0,2,2,1,1.0,
202400053979,155 686 840,A01,1.0,7.0,0,2,9,1,1.0,
202400053980,155 686 838,A01,1.0,7.0,8,0,1,1,0.0,
202400053981,155 686 837,B01,1.0,7.0,0,2,4,2,1.0,
202400053982,155 686 839,B01,2.0,10.0,0,2,3,21,1.0,
202400053983,155 686 834,A01,3.0,7.0,0,1,2,1,1.0,
202400053984,155 686 831,A01,2.0,7.0,0,1,3,1,2.0,
202400053985,155 686 829,B01,1.0,2.0,0,2,1,1,1.0,
202400053986,155 686 832,RB01,2.0,33.0,0,2,1,1,1.0,
202400053987,155 686 828,A01,3.0,2.0,8,0,2,0,1.0,
202400053988,155 686 826,A01,2.0,7.0,0,2,1,5,1.0,
202400053989,155 686 825,A01,3.0,2.0,0,2,7,1,1.0,
202400053990,155 686 824,A01,1.0,7.0,4,0,1,11,1.0,
202400053991,155 686 822,A01,2.0,7.0,0,2,1,1,1.0,
202400053992,155 686 817,A01,1.0,3.0,11,0,2,1,1.0,
202400053993,155 686 815,A01,1.0,3.0,15,0,3,13,1.0,
202400053994,155 686 818,A01,2.0,33.0,3,2,1,18,1.0,
202400053995,155 686 811,A01,1.0,7.0,13,0,3,0,1.0,
202400053996,155 686 814,B01,2.0,7.0,0,2,1,15,1.0,
202400053997,155 686 807,A01,1.0,10.0,0,2,8,15,1.0,
202400053998,155 686 808,A01,1.0,7.0,0,2,3,9,1.0,
202400053999,155 686 804,A01,1.0,7.0,0,2,0,2,1.0,
202400054000,155 686 803,A01,2.0,1.0,0,0,0,1,5.0,
202400054001,155 686 801,B01,3.0,1.0,0,2,7,1,5.0,
202400054002,155 686 800,A01,2.0,7.0,8,2,5,1,1.0,
202400054003,155 686 798,A01,2.0,7.0,0,2,1,15,1.0,
202400054004,155 686 796,A01,1.0,33.0,0,2,1,1,1.0,
202400054005,155 686 797,B01,1.0,7.0,0,2,0,13,0.0,