Num_Acc,id_vehicule,num_veh,senc,catv,obs,obsm,choc,manv,motor,occutc
202400054006,155 686 793,A01,2.0,7.0,3,0,2,14,1.0,
202400054007,155 686 790,A01,2.0,7.0,4,2,8,1,1.0,
202400054008,155 686 789,A01,2.0,7.0,0,2,2,1,1.0,
202400054009,155 686 786,B01,1.0,7.0,0,2,7,2,1.0,
202400054010,155 686 787,A01,1.0,7.0,0,2,1,2,1.0,
202400054011,155 686 784,A01,2.0,15.0,0,1,1,1,1.0,
202400054012,155 686 785,A01,1.0,7.0,10,0,1,14,1.0,
202400054013,155 686 781,B01,1.0,40.0,0,2,3,1,3.0,
202400054014,155 686 777,A01,1.0,7.0,4,0,1,14,1.0,
202400054015,155 686 774,C01,2.0,10.0,0,2,5,2,1.0,
202400054016,155 686 770,A01,2.0,7.0,2,0,1,1,1.0,
202400054017,155 686 769,A01,1.0,33.0,0,2,7,21,1.0,
202400054018,155 686 772,A01,2.0,7.0,2,0,7,1,1.0,
202400054019,155 686 773,B01,2.0,1.0,0,2,1,1,5.0,
202400054020,155 686 767,A01,2.0,7.0,0,2,2,16,1.0,
202400054021,155 686 768,B01,3.0,7.0,0,2,2,0,1.0,
202400054022,155 686 766,A01,1.0,17.0,0,0,4,9,1.0,
202400054023,155 686 761,A01,2.0,7.0,0,1,2,1,1.0,
202400054024,155 686 763,B01,1.0,7.0,0,2,1,1,1.0,
202400054025,155 686 759,A01,2.0,10.0,3,0,2,14,1.0,
202400054026,155 686 758,B01,2.0,17.0,0,2,1,1,0.0,
202400054027,155 686 752,A01,2.0,7.0,0,1,2,26,1.0,
202400054028,155 686 754,A01,1.0,7.0,10,0,1,2,1.0,
202400054029,155 686 751,C01,2.0,7.0,0,2,4,1,1.0,
202400054030,155 686 750,B01,2.0,7.0,0,2,4,1,0.0,
202400054031,155 686 749,A01,1.0,33.0,0,0,9,1,1.0,
202400054032,155 686 745,A01,1.0,33.0,0,2,1,1,1.0,
202400054033,155 686 744,B01,1.0,50.0,0,2,1,1,3.0,
202400054034,155 686 741,A01,2.0,33.0,11,0,1,1,1.0,
202400054035,155 686 740,A01,2.0,7.0,0,2,3,9,1.0,
202400054036,155 686 743,A01,0.0,7.0,0,2,3,18,1.0,
202400054037,155 686 739,A01,1.0,7.0,3,0,3,1,1.0,
202400054038,155 686 742,B01,1.0,1.0,0,0,0,1,5.0,
202400054039,155 686 737,A01,1.0,7.0,2,0,7,1,1.0,
202400054040,155 686 734,B01,1.0,50.0,0,2,1,1,3.0,
202400054041,155 686 731,A01,0.0,7.0,0,2,3,23,1.0,
202400054042,155 686 729,A01,1.0,37.0,0,1,7,16,3.0,1
202400054043,155 686 727,A01,0.0,7.0,0,2,2,1,1.0,
202400054044,155 686 728,A01,2.0,10.0,0,2,2,15,1.0,
202400054045,155 686 725,B01,2.0,1.0,0,2,1,1,5.0,
202400054046,155 686 720,A01,2.0,1.0,0,1,1,1,5.0,
202400054047,155 686 723,A01,0.0,7.0,0,9,1,19,1.0,
202400054048,155 686 718,B01,1.0,7.0,0,2,1,1,1.0,
202400054049,155 686 719,A01,1.0,7.0,0,0,4,1,1.0,
202400054050,155 686 712,B01,1.0,80.0,1,0,1,1,3.0,
202400054051,155 686 713,A01,2.0,7.0,0,2,1,2,1.0,
202400054052,155 686 709,A01,2.0,32.0,0,2,3,18,1.0,
202400054053,155 686 706,A01,1.0,7.0,2,0,9,1,1.0,
202400054054,155 686 704,A01,1.0,7.0,0,1,3,16,1.0,
202400054055,155 686 703,A01,2.0,7.0,15,0,1,2,1.0,
202400054056,155 686 701,Z01,1.0,7.0,0,2,4,1,0.0,
202400054057,155 686 702,C01,1.0,33.0,0,2,2,3,1.0,
202400054058,155 686 697,A01,1.0,7.0,0,1,3,15,1.0,
202400054059,155 686 699,A01,1.0,33.0,0,2,8,17,1.0,
202400054060,155 686 695,A01,1.0,2.0,14,0,1,1,1.0,
202400054061,155 686 698,A01,2.0,7.0,0,2,8,10,1.0,
202400054062,155 686 693,A01,1.0,10.0,0,1,1,1,1.0,
202400054063,155 686 694,A01,1.0,7.0,4,0,1,14,2.0,
202400054064,155 686 692,A01,1.0,1.0,5,0,2,1,5.0,
202400054065,155 686 691,A01,1.0,50.0,16,0,0,1,3.0,
202400054066,155 686 682,A01,3.0,7.0,0,2,2,15,1.0,
202400054067,155 686 684,A01,1.0,36.0,13,0,7,1,1.0,
202400054068,155 686 678,A01,1.0,2.0,0,2,1,17,3.0,
202400054069,155 686 681,C01,3.0,7.0,0,2,4,2,1.0,
202400054070,155 686 676,A01,1.0,2.0,16,0,0,1,1.0,
202400054071,155 686 675,A01,2.0,7.0,0,2,1,13,1.0,
202400054072,155 686 674,A01,2.0,7.0,13,0,9,1,1.0,
202400054073,155 686 672,A01,1.0,10.0,1,0,8,0,0.0,
202400054074,155 686 673,A01,2.0,7.0,0,2,7,1,1.0,
202400054075,155 686 669,A01,3.0,10.0,13,0,2,16,1.0,
202400054076,155 686 666,B01,1.0,7.0,0,2,4,2,1.0,
202400054077,155 686 668,A01,2.0,33.0,0,2,8,18,1.0,
202400054078,155 686 663,A01,2.0,7.0,2,0,1,13,1.0,
202400054079,155 686 662,A01,2.0,7.0,2,0,9,26,1.0,
202400054080,155 686 659,A01,1.0,7.0,2,0,1,0,1.0,
202400054081,155 686 658,A01,2.0,7.0,0,2,0,0,0.0,
202400054082,155 686 657,A01,3.0,7.0,0,2,1,13,1.0,
202400054083,155 686 656,B01,3.0,50.0,0,2,4,2,3.0,
202400054084,155 686 660,B01,1.0,7.0,0,0,0,0,0.0,
202400054085,155 686 655,A01,3.0,31.0,0,0,7,21,1.0,
202400054086,155 686 652,A01,2.0,7.0,2,0,7,21,1.0,
202400054087,155 686 650,B01,2.0,7.0,0,2,4,2,1.0,
202400054088,155 686 651,A01,1.0,7.0,2,0,7,11,1.0,
202400054089,155 686 647,B01,1.0,7.0,0,2,5,26,1.0,
202400054090,155 686 646,A01,3.0,99.0,0,1,0,2,0.0,
202400054091,155 686 644,A01,1.0,33.0,0,2,2,2,1.0,
202400054092,155 686 641,B01,3.0,7.0,0,2,3,1,2.0,
202400054093,155 686 639,A01,1.0,7.0,0,2,1,16,1.0,
202400054094,155 686 640,A01,2.0,7.0,0,2,0,1,1.0,
202400054095,155 686 636,A01,1.0,10.0,0,1,3,1,3.0,
202400054096,155 686 634,A01,1.0,7.0,2,0,2,1,1.0,
202400054097,155 686 633,B01,2.0,7.0,0,2,1,1,1.0,
202400054098,155 686 637,A01,2.0,7.0,0,2,3,1,1.0,
202400054099,155 686 631,A01,2.0,10.0,6,0,1,1,1.0,
202400054100,155 686 630,A01,1.0,33.0,6,0,1,0,1.0,
202400054101,155 686 628,A01,3.0,10.0,0,2,8,1,0.0,
202400054102,155 686 624,A01,2.0,7.0,6,0,1,15,1.0,
202400054103,155 686 627,A01,1.0,7.0,17,0,2,14,1.0,
202400054104,155 686 625,A01,1.0,7.0,0,1,0,16,2.0,
202400054105,155 686 629,A01,1.0,7.0,0,2,1,19,1.0,
202400054106,155 686 623,A01,2.0,80.0,0,0,0,2,3.0,
202400054107,155 686 622,A01,2.0,7.0,0,2,3,5,1.0,
202400054108,155 686 620,A01,0.0,36.0,0,0,0,1,1.0,
202400054109,155 686 618,A01,1.0,7.0,6,0,1,13,1.0,
202400054110,155 686 614,A01,1.0,7.0,2,0,1,0,1.0,
202400054111,155 686 617,A01,2.0,2.0,0,2,3,16,1.0,
202400054112,155 686 612,B01,1.0,32.0,0,2,8,1,1.0,
202400054113,155 686 611,A01,2.0,7.0,0,2,2,15,3.0,
202400054114,155 686 608,A01,1.0,33.0,0,5,1,0,1.0,
202400054115,155 686 607,B01,1.0,50.0,0,2,1,1,3.0,
202400054116,155 686 606,A01,2.0,7.0,0,2,3,1,1.0,
202400054117,155 686 603,A01,2.0,7.0,2,0,3,13,1.0,
202400054118,155 686 605,A01,2.0,7.0,0,2,2,1,1.0,
202400054119,155 686 604,B01,2.0,7.0,0,2,1,0,1.0,
202400054120,155 686 600,A01,1.0,7.0,0,1,1,1,1.0,
202400054121,155 686 598,A01,1.0,7.0,4,0,1,13,1.0,
202400054122,155 686 596,A01,1.0,7.0,0,2,2,1,1.0,
202400054123,155 686 594,A01,0.0,7.0,0,2,3,15,1.0,
202400054124,155 686 592,A01,1.0,7.0,0,2,1,13,1.0,
202400054125,155 686 589,A01,1.0,7.0,0,0,9,1,1.0,
202400054126,155 686 591,B01,1.0,1.0,0,2,1,2,5.0,
202400054127,155 686 588,B01,1.0,7.0,0,2,2,15,1.0,
202400054128,155 686 587,A01,1.0,7.0,0,2,5,12,1.0,
202400054129,155 686 583,A01,2.0,7.0,12,0,3,1,1.0,
202400054130,155 686 586,A01,2.0,7.0,0,2,2,15,2.0,
202400054131,155 686 581,B01,3.0,50.0,0,2,4,1,3.0,
202400054132,155 686 578,A01,0.0,7.0,0,2,1,16,1.0,
202400054133,155 686 577,A01,1.0,7.0,13,0,3,14,1.0,
202400054134,155 686 574,A01,2.0,7.0,6,0,1,0,1.0,
202400054135,155 686 573,C01,3.0,7.0,0,2,4,1,1.0,
202400054136,155 686 572,A01,1.0,50.0,0,2,1,0,3.0,
202400054137,155 686 569,A01,2.0,7.0,0,2,1,1,1.0,
202400054138,155 686 567,A01,2.0,7.0,0,2,8,13,1.0,
202400054139,155 686 568,A01,1.0,31.0,7,0,0,1,1.0,
202400054140,155 686 565,A01,2.0,10.0,0,2,3,10,1.0,
202400054141,155 686 564,A01,3.0,7.0,0,1,3,1,1.0,
202400054142,155 686 563,A01,1.0,2.0,0,2,1,2,3.0,
202400054143,155 686 561,A01,1.0,7.0,6,0,1,1,1.0,
202400054144,155 686 556,B01,2.0,7.0,0,2,1,1,1.0,
202400054145,155 686 552,A01,1.0,7.0,0,0,8,10,1.0,
202400054146,155 686 553,A01,2.0,7.0,0,2,3,13,1.0,
202400054147,155 686 546,A01,0.0,36.0,0,2,1,1,1.0,
202400054148,155 686 554,A01,0.0,15.0,0,9,4,1,0.0,
202400054149,155 686 547,B01,3.0,1.0,0,2,1,1,5.0,
202400054150,155 686 548,A01,1.0,7.0,0,1,2,1,1.0,
202400054151,155 686 544,A01,1.0,33.0,2,0,1,0,1.0,
202400054152,155 686 545,A01,2.0,1.0,1,0,1,26,5.0,
202400054153,155 686 535,A01,1.0,7.0,2,0,1,14,1.0,
202400054154,155 686 533,A01,2.0,7.0,0,2,2,2,1.0,
202400054155,155 686 532,A01,1.0,10.0,7,2,1,19,1.0,
202400054156,155 686 531,A01,1.0,7.0,0,2,1,19,1.0,
202400054157,155 686 527,A01,2.0,33.0,0,2,7,1,1.0,
202400054158,155 686 529,A01,1.0,7.0,0,2,2,1,1.0,
202400054159,155 686 528,A01,2.0,7.0,0,2,1,9,1.0,
202400054160,155 686 526,B01,3.0,31.0,0,2,8,18,1.0,
202400054161,155 686 523,A01,1.0,7.0,4,0,1,1,1.0,
202400054162,155 686 524,A01,0.0,33.0,0,0,7,1,1.0,
202400054163,155 686 520,A01,2.0,7.0,0,1,3,0,1.0,
202400054164,155 686 522,A01,2.0,33.0,16,0,7,26,1.0,
202400054165,155 686 518,A01,1.0,7.0,0,2,1,13,1.0,
202400054166,155 686 516,A01,2.0,7.0,0,1,4,26,1.0,
202400054167,155 686 517,A01,3.0,2.0,0,2,2,1,1.0,
202400054168,155 686 515,B01,0.0,7.0,0,2,1,1,1.0,
202400054169,155 686 513,A01,3.0,2.0,11,0,0,0,1.0,
202400054170,155 686 510,A01,1.0,7.0,4,0,2,1,1.0,
202400054171,155 686 511,A01,2.0,7.0,1,0,3,24,1.0,
202400054172,155 686 507,A01,1.0,1.0,0,2,1,2,5.0,
202400054173,155 686 503,A01,0.0,7.0,8,0,3,13,1.0,
202400054174,155 686 504,B01,1.0,7.0,0,2,3,1,1.0,
202400054175,155 686 502,B01,1.0,1.0,0,2,1,1,5.0,
202400054176,155 686 496,B01,3.0,7.0,0,2,1,1,2.0,
202400054177,155 686 499,A01,1.0,7.0,0,0,4,1,1.0,
202400054178,155 686 498,A01,2.0,7.0,1,0,2,9,2.0,
202400054179,155 686 494,A01,1.0,7.0,0,2,3,10,2.0,
202400054180,155 686 495,A01,2.0,7.0,13,0,1,1,1.0,
202400054181,155 686 490,B01,1.0,60.0,0,2,0,1,5.0,
202400054182,155 686 489,A01,2.0,7.0,0,2,4,0,1.0,
202400054183,155 686 487,A01,1.0,7.0,13,0,9,1,1.0,
202400054184,155 686 488,B01,1.0,7.0,0,2,3,2,1.0,
202400054185,155 686 485,A01,1.0,33.0,0,0,0,0,1.0,
202400054186,155 686 484,A01,1.0,2.0,10,0,1,1,1.0,
202400054187,155 686 483,A01,2.0,10.0,1,0,8,22,1.0,
202400054188,155 686 477,A01,3.0,7.0,0,2,7,1,1.0,
202400054189,155 686 479,A01,1.0,30.0,0,0,0,1,1.0,
202400054190,155 686 472,A01,0.0,7.0,0,2,1,2,1.0,
202400054191,155 686 474,B01,1.0,10.0,0,2,3,13,1.0,
202400054192,155 686 480,A01,2.0,7.0,0,2,4,2,1.0,
202400054193,155 686 471,A01,1.0,33.0,0,2,1,17,1.0,
202400054194,155 686 469,A01,2.0,7.0,1,2,3,19,1.0,
202400054195,155 686 468,B01,1.0,33.0,0,2,3,1,1.0,
202400054196,155 686 467,A01,0.0,7.0,1,1,2,1,1.0,
202400054197,155 686 466,A01,0.0,7.0,0,1,0,1,1.0,
202400054198,155 686 464,A01,1.0,7.0,0,1,1,1,1.0,
202400054199,155 686 465,A01,2.0,50.0,0,1,4,1,3.0,
202400054200,155 686 463,A01,1.0,7.0,13,0,3,1,1.0,
202400054201,155 686 462,A01,0.0,7.0,0,1,2,1,1.0,
202400054202,155 686 461,A01,2.0,7.0,6,0,1,1,1.0,
202400054203,155 686 460,A01,1.0,21.0,0,0,1,1,1.0,
202400054204,155 686 456,A01,1.0,99.0,0,0,8,16,1.0,
202400054205,155 686 453,B01,3.0,50.0,0,2,8,19,3.0,
202400054206,155 686 454,A01,2.0,10.0,0,2,2,16,1.0,
202400054207,155 686 449,A01,3.0,10.0,16,0,0,1,1.0,
202400054208,155 686 451,B01,1.0,7.0,3,2,3,1,1.0,
202400054209,155 686 447,B01,2.0,43.0,0,2,1,1,1.0,
202400054210,155 686 443,A01,1.0,13.0,0,2,2,2,3.0,
202400054211,155 686 442,B01,2.0,7.0,0,2,3,12,1.0,
202400054212,155 686 440,A01,2.0,43.0,0,1,1,1,1.0,
202400054213,155 686 439,A01,1.0,7.0,13,0,3,1,1.0,
202400054214,155 686 445,A01,2.0,10.0,0,2,3,15,1.0,
202400054215,155 686 438,B01,2.0,7.0,0,2,1,15,1.0,
202400054216,155 686 437,A01,0.0,50.0,8,0,1,0,3.0,
202400054217,155 686 436,A01,1.0,7.0,0,9,3,2,3.0,
202400054218,155 686 433,A01,3.0,1.0,0,0,0,0,5.0,
202400054219,155 686 431,A01,3.0,7.0,0,1,1,15,1.0,
202400054220,155 686 432,A01,1.0,7.0,14,0,1,2,1.0,
202400054221,155 686 429,A01,2.0,7.0,0,2,1,1,1.0,
202400054222,155 686 428,A01,1.0,10.0,0,2,1,1,1.0,
202400054223,155 686 425,A01,1.0,31.0,0,1,1,1,1.0,
202400054224,155 686 426,A01,2.0,7.0,0,1,3,26,2.0,
202400054225,155 686 422,A01,1.0,99.0,0,2,1,0,6.0,
202400054226,155 686 421,A01,1.0,30.0,9,0,1,1,1.0,
202400054227,155 686 420,A01,1.0,7.0,0,2,1,1,1.0,
202400054228,155 686 418,A01,0.0,32.0,0,0,0,0,1.0,
202400054229,155 686 416,B01,1.0,7.0,0,2,5,2,2.0,
202400054230,155 686 415,A01,2.0,31.0,0,1,4,4,1.0,
202400054231,155 686 413,A01,3.0,7.0,0,2,2,1,1.0,
202400054232,155 686 414,B01,0.0,7.0,0,2,1,1,1.0,
202400054233,155 686 412,A01,2.0,7.0,9,0,2,14,1.0,
202400054234,155 686 411,A01,3.0,33.0,0,0,0,1,1.0,
202400054235,155 686 410,A01,2.0,7.0,0,1,2,2,1.0,
202400054236,155 686 407,A01,3.0,7.0,0,1,1,1,0.0,
202400054237,155 686 409,A01,1.0,33.0,3,0,0,1,1.0,
202400054238,155 686 404,A01,1.0,30.0,0,0,3,15,3.0,
202400054239,155 686 399,A01,1.0,30.0,0,2,3,1,1.0,
202400054240,155 686 402,A01,0.0,7.0,0,0,0,13,1.0,
202400054241,155 686 401,A01,2.0,7.0,0,2,4,0,1.0,
202400054242,155 686 400,A01,2.0,7.0,0,2,1,1,1.0,
202400054243,155 686 396,A01,3.0,7.0,0,1,5,1,1.0,
202400054244,155 686 398,A01,2.0,10.0,2,0,8,1,1.0,
202400054245,155 686 395,A01,2.0,7.0,0,1,0,1,1.0,
202400054246,155 686 394,A01,0.0,32.0,1,0,1,14,1.0,
202400054247,155 686 389,A01,2.0,7.0,0,1,1,1,1.0,
202400054248,155 686 387,A01,1.0,7.0,0,2,1,5,1.0,
202400054249,155 686 386,A01,0.0,7.0,0,2,1,19,1.0,
202400054250,155 686 385,A01,1.0,7.0,0,2,2,1,1.0,
202400054251,155 686 383,B01,2.0,7.0,0,2,4,11,3.0,
202400054252,155 686 380,A01,0.0,2.0,0,2,1,1,1.0,
202400054253,155 686 378,A01,2.0,10.0,0,1,1,15,1.0,
202400054254,155 686 375,B01,3.0,30.0,0,2,7,1,1.0,
202400054255,155 686 377,A01,1.0,7.0,0,1,1,15,2.0,
202400054256,155 686 373,A01,1.0,33.0,13,2,8,17,1.0,
202400054257,155 686 374,A01,1.0,13.0,0,0,1,1,1.0,
202400054258,155 686 371,A01,1.0,34.0,13,0,7,26,1.0,
202400054259,155 686 369,B01,2.0,7.0,4,2,4,2,1.0,
202400054260,155 686 367,A01,3.0,10.0,0,2,2,15,0.0,
202400054261,155 686 365,A01,3.0,43.0,0,2,2,17,1.0,
202400054262,155 686 363,B01,3.0,7.0,0,2,7,16,1.0,
202400054263,155 686 362,A01,2.0,7.0,13,0,2,2,1.0,
202400054264,155 686 361,A01,1.0,7.0,0,2,3,1,1.0,
202400054265,155 686 360,A01,0.0,30.0,16,0,0,0,1.0,
202400054266,155 686 355,A01,3.0,7.0,0,2,1,1,1.0,
202400054267,155 686 353,B01,1.0,7.0,0,2,4,2,1.0,
202400054268,155 686 354,A01,2.0,7.0,8,0,0,1,1.0,
202400054269,155 686 351,A01,1.0,7.0,0,1,4,20,1.0,
202400054270,155 686 349,A01,1.0,7.0,0,2,4,23,1.0,
202400054271,155 686 347,B01,2.0,33.0,0,2,7,1,1.0,
202400054272,155 686 358,A01,1.0,7.0,0,0,3,15,1.0,
202400054273,155 686 348,B01,1.0,80.0,0,9,1,17,3.0,
202400054274,155 686 342,B01,1.0,7.0,0,2,3,10,1.0,
202400054275,155 686 341,A01,1.0,7.0,0,2,5,12,1.0,
202400054276,155 686 338,B01,0.0,2.0,0,2,4,13,1.0,
202400054277,155 686 335,B01,1.0,1.0,0,0,0,1,5.0,
202400054278,155 686 333,B01,0.0,7.0,0,2,1,1,1.0,
202400054279,155 686 334,A01,2.0,7.0,0,2,1,5,1.0,
202400054280,155 686 329,B01,2.0,1.0,0,2,1,1,5.0,
202400054281,155 686 326,B01,1.0,7.0,0,2,1,1,2.0,
202400054282,155 686 328,A01,1.0,7.0,13,0,6,1,1.0,
202400054283,155 686 327,B01,2.0,80.0,0,4,3,19,3.0,
202400054284,155 686 325,A01,3.0,50.0,0,0,0,21,3.0,
202400054285,155 686 323,A01,2.0,2.0,0,0,0,1,1.0,
202400054286,155 686 324,A01,1.0,7.0,0,2,3,1,1.0,
202400054287,155 686 321,B01,3.0,30.0,0,2,1,1,1.0,
202400054288,155 686 319,A01,1.0,33.0,2,0,1,2,1.0,
202400054289,155 686 316,A01,2.0,7.0,12,0,6,1,1.0,
202400054290,155 686 315,A01,2.0,7.0,0,1,3,1,1.0,
202400054291,155 686 313,A01,1.0,43.0,11,0,1,14,1.0,
202400054292,155 686 314,B01,1.0,1.0,0,2,4,5,5.0,
202400054293,155 686 312,A01,2.0,7.0,0,2,7,10,0.0,
202400054294,155 686 311,B01,0.0,30.0,0,2,2,1,1.0,
202400054295,155 686 306,A01,2.0,7.0,1,1,1,20,1.0,
202400054296,155 686 304,A01,1.0,7.0,0,9,2,12,1.0,
202400054297,155 686 302,A01,1.0,31.0,0,0,7,1,1.0,
202400054298,155 686 303,B01,1.0,1.0,0,2,8,2,5.0,
202400054299,155 686 301,A01,1.0,7.0,0,2,1,14,1.0,
202400054300,155 686 300,A01,1.0,1.0,0,2,4,1,5.0,
202400054301,155 686 295,B01,2.0,7.0,0,2,5,2,1.0,
202400054302,155 686 298,B01,1.0,7.0,0,2,5,15,1.0,
202400054303,155 686 293,B01,1.0,1.0,0,2,4,1,5.0,
202400054304,155 686 291,A01,3.0,7.0,0,2,3,15,1.0,
202400054305,155 686 292,A01,0.0,32.0,0,0,0,0,1.0,
202400054306,155 686 285,B01,1.0,33.0,0,2,1,1,1.0,
202400054307,155 686 287,B01,1.0,33.0,0,2,5,21,1.0,
202400054308,155 686 283,A01,2.0,7.0,0,0,9,0,1.0,
202400054309,155 686 280,A01,2.0,7.0,0,2,1,13,1.0,
202400054310,155 686 281,A01,0.0,7.0,15,0,1,1,1.0,
202400054311,155 686 278,B01,2.0,50.0,0,2,3,0,3.0,
202400054312,155 686 277,B01,3.0,7.0,0,2,2,1,2.0,
202400054313,155 686 279,A01,3.0,7.0,0,1,4,4,1.0,
202400054314,155 686 275,A01,3.0,7.0,0,1,1,26,1.0,
202400054315,155 686 272,A01,2.0,7.0,2,0,1,13,1.0,
202400054316,155 686 270,A01,1.0,33.0,0,2,1,13,1.0,
202400054317,155 686 274,A01,2.0,30.0,0,2,8,18,3.0,
202400054318,155 686 267,B01,0.0,7.0,0,2,6,1,1.0,
202400054319,155 686 265,B01,1.0,7.0,0,2,1,0,0.0,
202400054320,155 686 266,A01,3.0,40.0,0,1,3,1,3.0,
202400054321,155 686 264,B01,1.0,32.0,0,2,3,0,1.0,
202400054322,155 686 260,A01,2.0,7.0,0,1,3,15,1.0,
202400054323,155 686 259,A01,1.0,7.0,0,1,1,16,1.0,
202400054324,155 686 261,B01,1.0,2.0,0,2,3,1,0.0,
202400054325,155 686 262,A01,3.0,7.0,0,1,2,16,1.0,
202400054326,155 686 256,A01,1.0,10.0,0,2,3,1,1.0,
202400054327,155 686 255,A01,3.0,7.0,0,2,2,1,1.0,
202400054328,155 686 254,A01,3.0,10.0,0,1,2,1,1.0,
202400054329,155 686 253,A01,1.0,33.0,0,0,1,1,1.0,
202400054330,155 686 251,A01,2.0,33.0,0,0,6,0,1.0,
202400054331,155 686 249,A01,3.0,50.0,0,0,0,1,3.0,
202400054332,155 686 245,A01,2.0,7.0,0,2,3,13,,
202400054333,155 686 243,A01,3.0,7.0,0,2,1,2,2.0,
202400054334,155 686 246,A01,3.0,7.0,0,0,1,26,1.0,
202400054335,155 686 242,A01,2.0,7.0,13,0,2,1,1.0,
202400054336,155 686 244,B01,1.0,7.0,13,2,1,1,1.0,
202400054337,155 686 240,A01,2.0,30.0,0,0,2,1,1.0,
202400054338,155 686 239,A01,2.0,7.0,0,2,3,11,1.0,
202400054339,155 686 237,A01,3.0,7.0,8,0,1,1,1.0,
202400054340,155 686 233,A01,3.0,7.0,13,0,1,13,2.0,
202400054341,155 686 235,B01,1.0,7.0,0,2,5,23,1.0,
202400054342,155 686 232,A01,2.0,7.0,0,2,1,1,1.0,
202400054343,155 686 231,B01,3.0,99.0,0,2,1,1,0.0,
202400054344,155 686 230,A01,2.0,7.0,5,0,1,1,1.0,
202400054345,155 686 228,A01,2.0,33.0,0,2,1,17,1.0,
202400054346,155 686 225,A01,1.0,60.0,0,2,1,1,5.0,
202400054347,155 686 223,B01,3.0,15.0,0,2,1,24,1.0,
202400054348,155 686 221,A01,1.0,31.0,0,0,1,17,1.0,
202400054349,155 686 216,A01,2.0,7.0,0,2,6,18,1.0,
202400054350,155 686 215,A01,1.0,7.0,0,9,2,1,1.0,
202400054351,155 686 212,A01,2.0,50.0,0,2,1,26,3.0,
202400054352,155 686 210,A01,2.0,7.0,0,2,1,2,1.0,
202400054353,155 686 209,B01,2.0,7.0,14,0,2,0,1.0,
202400054354,155 686 205,A01,1.0,7.0,0,1,5,4,1.0,
202400054355,155 686 206,Z01,1.0,7.0,0,1,1,1,2.0,
202400054356,155 686 202,A01,2.0,33.0,0,0,8,6,1.0,
202400054357,155 686 201,A01,1.0,7.0,0,2,3,17,1.0,
202400054358,155 686 197,A01,1.0,10.0,0,2,1,5,1.0,
202400054359,155 686 196,A01,2.0,1.0,1,0,2,1,5.0,
202400054360,155 686 198,B01,2.0,7.0,0,2,4,2,1.0,
202400054361,155 686 192,A01,2.0,33.0,0,2,9,17,1.0,
202400054362,155 686 189,A01,1.0,14.0,0,2,8,22,1.0,
202400054363,155 686 188,A01,1.0,7.0,0,2,3,1,1.0,
202400054364,155 686 191,A01,1.0,1.0,0,1,1,16,5.0,
202400054365,155 686 184,A01,2.0,7.0,0,2,2,13,1.0,
202400054366,155 686 183,A01,2.0,17.0,0,1,2,1,1.0,
202400054367,155 686 186,B01,1.0,1.0,0,1,2,1,5.0,
202400054368,155 686 182,B01,1.0,1.0,0,2,4,23,5.0,
202400054369,155 686 181,A01,2.0,2.0,0,0,8,1,1.0,
202400054370,155 686 178,A01,2.0,7.0,0,2,1,15,3.0,
202400054371,155 686 175,B01,1.0,7.0,0,0,5,15,1.0,
202400054372,155 686 173,A01,2.0,10.0,0,9,8,1,1.0,
202400054373,155 686 170,A01,0.0,7.0,0,1,4,4,1.0,
202400054374,155 686 171,B01,1.0,7.0,0,2,0,0,0.0,
202400054375,155 686 169,B01,2.0,7.0,0,2,2,1,1.0,
202400054376,155 686 167,A01,1.0,7.0,0,2,1,13,1.0,
202400054377,155 686 166,A01,2.0,1.0,4,0,1,15,5.0,
202400054378,155 686 165,A01,1.0,7.0,0,1,1,26,1.0,
202400054379,155 686 164,A01,3.0,7.0,0,1,1,1,1.0,
202400054380,155 686 162,A01,3.0,7.0,1,0,1,1,1.0,
202400054381,155 686 160,A01,2.0,7.0,0,2,1,0,1.0,
202400054382,155 686 158,A01,1.0,10.0,0,2,1,13,1.0,
202400054383,155 686 157,A01,1.0,7.0,1,0,3,13,1.0,
202400054384,155 686 156,B01,1.0,33.0,0,2,8,1,1.0,
202400054385,155 686 153,A01,1.0,1.0,0,2,1,1,5.0,
202400054386,155 686 152,A01,1.0,7.0,0,2,3,19,1.0,
202400054387,155 686 150,A01,2.0,7.0,0,2,0,0,1.0,
202400054388,155 686 148,A01,1.0,32.0,0,2,3,1,1.0,
202400054389,155 686 145,A01,1.0,7.0,0,1,2,1,0.0,
202400054390,155 686 144,B01,2.0,7.0,0,2,1,13,1.0,
202400054391,155 686 142,A01,1.0,32.0,0,2,1,1,1.0,
202400054392,155 686 141,B01,1.0,10.0,0,1,4,20,0.0,
202400054393,155 686 136,B01,2.0,32.0,0,2,2,16,1.0,
202400054394,155 686 133,A01,3.0,7.0,0,2,0,0,0.0,
202400054395,155 686 128,A01,3.0,1.0,0,2,0,0,5.0,
202400054396,155 686 130,A01,2.0,7.0,0,2,3,11,3.0,
202400054397,155 686 127,A01,1.0,10.0,0,0,4,23,1.0,
202400054398,155 686 126,A01,2.0,32.0,8,0,1,14,1.0,
202400054399,155 686 125,A01,3.0,7.0,1,0,3,0,1.0,
202400054400,155 686 122,A01,1.0,10.0,0,0,7,23,1.0,
202400054401,155 686 119,Y01,1.0,60.0,1,2,7,0,5.0,
202400054402,155 686 118,A01,1.0,10.0,0,2,1,2,1.0,